###############################################################
#  Generated by:      Cadence Innovus 23.12-s091_1
#  OS:                Linux x86_64(Host ID nanohub-2907570-14)
#  Generated on:      Tue Aug 11 00:31:50 2026
#  Design:            pipelined_cpu_core
#  Command:           report_timing -late  -view RPT_TYP -max_paths 50 -nworst 1 > reports/40_setup_typ.rpt
###############################################################
Path 1: MET Setup Check with Pin datapath/IFID_instr_reg[4]/CK 
Endpoint:   datapath/IFID_instr_reg[4]/D        (^) checked with  leading edge 
of 'clk'
Beginpoint: datapath/registers_RF_reg[27][19]/Q (v) triggered by trailing edge 
of 'clk'
Path Groups: {reg2reg}
Analysis View: RPT_TYP
Other End Arrival Time          0.295
- Setup                         0.037
+ Phase Shift                   3.900
+ CPPR Adjustment               0.000
- Uncertainty                   0.100
= Required Time                 4.058
- Arrival Time                  2.801
= Slack Time                    1.257
     Clock Fall Edge                 1.950
     + Clock Network Latency (Prop)  0.253
     = Beginpoint Arrival Time       2.203
     +------------------------------------------------------------------------------------------+ 
     |             Instance              |     Arc      |   Cell   | Delay | Arrival | Required | 
     |                                   |              |          |       |  Time   |   Time   | 
     |-----------------------------------+--------------+----------+-------+---------+----------| 
     | datapath/registers_RF_reg[27][19] | CK ^         |          |       |   2.203 |    3.460 | 
     | datapath/registers_RF_reg[27][19] | CK ^ -> Q v  | DFFR_X1  | 0.098 |   2.301 |    3.558 | 
     | datapath/g4040                    | A1 v -> ZN ^ | NAND2_X2 | 0.016 |   2.317 |    3.574 | 
     | datapath/FE_RC_2205_0             | A3 ^ -> ZN v | NAND4_X2 | 0.032 |   2.349 |    3.606 | 
     | datapath/FE_RC_1808_0             | A v -> ZN ^  | INV_X2   | 0.018 |   2.367 |    3.624 | 
     | datapath/FE_RC_1088_0             | A2 ^ -> ZN ^ | AND2_X4  | 0.035 |   2.402 |    3.660 | 
     | datapath/FE_RC_2961_0             | A1 ^ -> ZN v | NAND4_X4 | 0.026 |   2.428 |    3.685 | 
     | datapath/FE_RC_1087_0             | A v -> ZN ^  | INV_X4   | 0.020 |   2.448 |    3.705 | 
     | datapath/g32739                   | B1 ^ -> ZN v | AOI21_X4 | 0.014 |   2.462 |    3.719 | 
     | datapath/FE_RC_1095_0             | A1 v -> ZN ^ | NAND2_X1 | 0.021 |   2.483 |    3.741 | 
     | datapath/FE_RC_1093_0             | A1 ^ -> ZN v | NAND2_X1 | 0.014 |   2.497 |    3.754 | 
     | datapath/FE_OFC1815_FE_RN_498_0   | A v -> ZN ^  | INV_X1   | 0.012 |   2.509 |    3.766 | 
     | datapath/FE_RC_3028_0             | A3 ^ -> ZN v | NAND3_X1 | 0.025 |   2.534 |    3.791 | 
     | datapath/FE_OFC1807_n_3116        | A v -> ZN ^  | INV_X2   | 0.019 |   2.553 |    3.810 | 
     | datapath/FE_RC_2826_0             | A2 ^ -> ZN v | NAND4_X4 | 0.027 |   2.581 |    3.838 | 
     | datapath/FE_OFC1803_FE_RN_1400_0  | A v -> ZN ^  | INV_X4   | 0.018 |   2.598 |    3.856 | 
     | datapath/FE_RC_654_0              | A1 ^ -> ZN v | NAND2_X1 | 0.016 |   2.615 |    3.872 | 
     | datapath/FE_OFC1799_FE_RN_321_0   | A v -> ZN ^  | INV_X2   | 0.017 |   2.632 |    3.889 | 
     | datapath/FE_RC_375_0              | A1 ^ -> ZN v | NAND3_X4 | 0.019 |   2.651 |    3.908 | 
     | datapath/FE_RC_374_0              | A1 v -> ZN ^ | NAND2_X4 | 0.016 |   2.666 |    3.924 | 
     | datapath/FE_RC_221_0              | A1 ^ -> ZN v | NAND2_X4 | 0.018 |   2.684 |    3.941 | 
     | g1064                             | A1 v -> ZN ^ | NAND2_X4 | 0.023 |   2.707 |    3.964 | 
     | datapath/g45784                   | A1 ^ -> ZN v | NAND2_X2 | 0.019 |   2.726 |    3.983 | 
     | datapath/FE_OFC1798_n_167         | A v -> Z v   | BUF_X4   | 0.034 |   2.760 |    4.017 | 
     | datapath/g44188                   | B1 v -> ZN ^ | OAI22_X1 | 0.041 |   2.801 |    4.058 | 
     | datapath/IFID_instr_reg[4]        | D ^          | DFFR_X1  | 0.000 |   2.801 |    4.058 | 
     +------------------------------------------------------------------------------------------+ 
Path 2: MET Setup Check with Pin datapath/IFID_instr_reg[5]/CK 
Endpoint:   datapath/IFID_instr_reg[5]/D        (^) checked with  leading edge 
of 'clk'
Beginpoint: datapath/registers_RF_reg[27][19]/Q (v) triggered by trailing edge 
of 'clk'
Path Groups: {reg2reg}
Analysis View: RPT_TYP
Other End Arrival Time          0.295
- Setup                         0.037
+ Phase Shift                   3.900
+ CPPR Adjustment               0.000
- Uncertainty                   0.100
= Required Time                 4.058
- Arrival Time                  2.801
= Slack Time                    1.257
     Clock Fall Edge                 1.950
     + Clock Network Latency (Prop)  0.253
     = Beginpoint Arrival Time       2.203
     +------------------------------------------------------------------------------------------+ 
     |             Instance              |     Arc      |   Cell   | Delay | Arrival | Required | 
     |                                   |              |          |       |  Time   |   Time   | 
     |-----------------------------------+--------------+----------+-------+---------+----------| 
     | datapath/registers_RF_reg[27][19] | CK ^         |          |       |   2.203 |    3.460 | 
     | datapath/registers_RF_reg[27][19] | CK ^ -> Q v  | DFFR_X1  | 0.098 |   2.301 |    3.558 | 
     | datapath/g4040                    | A1 v -> ZN ^ | NAND2_X2 | 0.016 |   2.317 |    3.574 | 
     | datapath/FE_RC_2205_0             | A3 ^ -> ZN v | NAND4_X2 | 0.032 |   2.349 |    3.606 | 
     | datapath/FE_RC_1808_0             | A v -> ZN ^  | INV_X2   | 0.018 |   2.367 |    3.624 | 
     | datapath/FE_RC_1088_0             | A2 ^ -> ZN ^ | AND2_X4  | 0.035 |   2.402 |    3.660 | 
     | datapath/FE_RC_2961_0             | A1 ^ -> ZN v | NAND4_X4 | 0.026 |   2.428 |    3.685 | 
     | datapath/FE_RC_1087_0             | A v -> ZN ^  | INV_X4   | 0.020 |   2.448 |    3.705 | 
     | datapath/g32739                   | B1 ^ -> ZN v | AOI21_X4 | 0.014 |   2.462 |    3.719 | 
     | datapath/FE_RC_1095_0             | A1 v -> ZN ^ | NAND2_X1 | 0.021 |   2.483 |    3.741 | 
     | datapath/FE_RC_1093_0             | A1 ^ -> ZN v | NAND2_X1 | 0.014 |   2.497 |    3.754 | 
     | datapath/FE_OFC1815_FE_RN_498_0   | A v -> ZN ^  | INV_X1   | 0.012 |   2.509 |    3.766 | 
     | datapath/FE_RC_3028_0             | A3 ^ -> ZN v | NAND3_X1 | 0.025 |   2.534 |    3.791 | 
     | datapath/FE_OFC1807_n_3116        | A v -> ZN ^  | INV_X2   | 0.019 |   2.553 |    3.810 | 
     | datapath/FE_RC_2826_0             | A2 ^ -> ZN v | NAND4_X4 | 0.027 |   2.581 |    3.838 | 
     | datapath/FE_OFC1803_FE_RN_1400_0  | A v -> ZN ^  | INV_X4   | 0.018 |   2.598 |    3.856 | 
     | datapath/FE_RC_654_0              | A1 ^ -> ZN v | NAND2_X1 | 0.016 |   2.615 |    3.872 | 
     | datapath/FE_OFC1799_FE_RN_321_0   | A v -> ZN ^  | INV_X2   | 0.017 |   2.632 |    3.889 | 
     | datapath/FE_RC_375_0              | A1 ^ -> ZN v | NAND3_X4 | 0.019 |   2.651 |    3.908 | 
     | datapath/FE_RC_374_0              | A1 v -> ZN ^ | NAND2_X4 | 0.016 |   2.666 |    3.924 | 
     | datapath/FE_RC_221_0              | A1 ^ -> ZN v | NAND2_X4 | 0.018 |   2.684 |    3.941 | 
     | g1064                             | A1 v -> ZN ^ | NAND2_X4 | 0.023 |   2.707 |    3.964 | 
     | datapath/g45784                   | A1 ^ -> ZN v | NAND2_X2 | 0.019 |   2.726 |    3.983 | 
     | datapath/FE_OFC1798_n_167         | A v -> Z v   | BUF_X4   | 0.034 |   2.760 |    4.017 | 
     | datapath/g44190                   | B1 v -> ZN ^ | OAI22_X1 | 0.041 |   2.801 |    4.058 | 
     | datapath/IFID_instr_reg[5]        | D ^          | DFFR_X1  | 0.000 |   2.801 |    4.058 | 
     +------------------------------------------------------------------------------------------+ 
Path 3: MET Setup Check with Pin datapath/IF_pc_reg[16]/CK 
Endpoint:   datapath/IF_pc_reg[16]/D            (^) checked with  leading edge 
of 'clk'
Beginpoint: datapath/registers_RF_reg[27][19]/Q (v) triggered by trailing edge 
of 'clk'
Path Groups: {reg2reg}
Analysis View: RPT_TYP
Other End Arrival Time          0.295
- Setup                         0.032
+ Phase Shift                   3.900
+ CPPR Adjustment               0.000
- Uncertainty                   0.100
= Required Time                 4.064
- Arrival Time                  2.806
= Slack Time                    1.257
     Clock Fall Edge                 1.950
     + Clock Network Latency (Prop)  0.253
     = Beginpoint Arrival Time       2.203
     +-----------------------------------------------------------------------------------------------------------+ 
     |                      Instance                      |     Arc      |   Cell   | Delay | Arrival | Required | 
     |                                                    |              |          |       |  Time   |   Time   | 
     |----------------------------------------------------+--------------+----------+-------+---------+----------| 
     | datapath/registers_RF_reg[27][19]                  | CK ^         |          |       |   2.203 |    3.460 | 
     | datapath/registers_RF_reg[27][19]                  | CK ^ -> Q v  | DFFR_X1  | 0.098 |   2.301 |    3.558 | 
     | datapath/g4040                                     | A1 v -> ZN ^ | NAND2_X2 | 0.016 |   2.317 |    3.575 | 
     | datapath/FE_RC_2205_0                              | A3 ^ -> ZN v | NAND4_X2 | 0.032 |   2.349 |    3.606 | 
     | datapath/FE_RC_1808_0                              | A v -> ZN ^  | INV_X2   | 0.018 |   2.367 |    3.625 | 
     | datapath/FE_RC_1088_0                              | A2 ^ -> ZN ^ | AND2_X4  | 0.035 |   2.403 |    3.660 | 
     | datapath/FE_RC_2961_0                              | A1 ^ -> ZN v | NAND4_X4 | 0.026 |   2.428 |    3.685 | 
     | datapath/FE_RC_1087_0                              | A v -> ZN ^  | INV_X4   | 0.020 |   2.448 |    3.705 | 
     | datapath/g32739                                    | B1 ^ -> ZN v | AOI21_X4 | 0.014 |   2.462 |    3.719 | 
     | datapath/FE_RC_1095_0                              | A1 v -> ZN ^ | NAND2_X1 | 0.021 |   2.484 |    3.741 | 
     | datapath/FE_RC_1093_0                              | A1 ^ -> ZN v | NAND2_X1 | 0.014 |   2.497 |    3.754 | 
     | datapath/FE_OFC1815_FE_RN_498_0                    | A v -> ZN ^  | INV_X1   | 0.012 |   2.509 |    3.767 | 
     | datapath/FE_RC_3028_0                              | A3 ^ -> ZN v | NAND3_X1 | 0.025 |   2.534 |    3.791 | 
     | datapath/FE_OFC1807_n_3116                         | A v -> ZN ^  | INV_X2   | 0.019 |   2.553 |    3.810 | 
     | datapath/FE_RC_2826_0                              | A2 ^ -> ZN v | NAND4_X4 | 0.027 |   2.581 |    3.838 | 
     | datapath/FE_OFC1803_FE_RN_1400_0                   | A v -> ZN ^  | INV_X4   | 0.018 |   2.599 |    3.856 | 
     | datapath/FE_RC_654_0                               | A1 ^ -> ZN v | NAND2_X1 | 0.016 |   2.615 |    3.872 | 
     | datapath/FE_OFC1799_FE_RN_321_0                    | A v -> ZN ^  | INV_X2   | 0.017 |   2.632 |    3.889 | 
     | datapath/FE_RC_375_0                               | A1 ^ -> ZN v | NAND3_X4 | 0.019 |   2.651 |    3.908 | 
     | datapath/FE_RC_374_0                               | A1 v -> ZN ^ | NAND2_X4 | 0.016 |   2.667 |    3.924 | 
     | datapath/FE_RC_221_0                               | A1 ^ -> ZN v | NAND2_X4 | 0.018 |   2.684 |    3.942 | 
     | datapath/branch_or_inc_4/FE_OCPC1777_IFID_takeBran | A v -> ZN ^  | INV_X4   | 0.022 |   2.706 |    3.963 | 
     | ch                                                 |              |          |       |         |          | 
     | datapath/branch_or_inc_4/FE_OCPC1778_IFID_takeBran | A ^ -> ZN v  | INV_X8   | 0.014 |   2.720 |    3.977 | 
     | ch                                                 |              |          |       |         |          | 
     | datapath/branch_or_inc_4/FE_OFC1793_FE_RN_2        | A v -> ZN ^  | INV_X16  | 0.022 |   2.741 |    3.998 | 
     | datapath/branch_or_inc_4/g859__6783                | A1 ^ -> ZN v | NAND2_X2 | 0.021 |   2.762 |    4.019 | 
     | datapath/branch_or_inc_4/g827__6260                | A1 v -> ZN ^ | NAND2_X1 | 0.014 |   2.776 |    4.033 | 
     | datapath/FE_RC_3122_0                              | A1 ^ -> ZN v | NAND2_X1 | 0.013 |   2.789 |    4.046 | 
     | datapath/FE_RC_3121_0                              | A1 v -> ZN ^ | NAND2_X1 | 0.017 |   2.806 |    4.064 | 
     | datapath/IF_pc_reg[16]                             | D ^          | DFFR_X1  | 0.000 |   2.806 |    4.064 | 
     +-----------------------------------------------------------------------------------------------------------+ 
Path 4: MET Setup Check with Pin datapath/IFID_instr_reg[3]/CK 
Endpoint:   datapath/IFID_instr_reg[3]/D        (^) checked with  leading edge 
of 'clk'
Beginpoint: datapath/registers_RF_reg[27][19]/Q (v) triggered by trailing edge 
of 'clk'
Path Groups: {reg2reg}
Analysis View: RPT_TYP
Other End Arrival Time          0.295
- Setup                         0.037
+ Phase Shift                   3.900
+ CPPR Adjustment               0.000
- Uncertainty                   0.100
= Required Time                 4.059
- Arrival Time                  2.801
= Slack Time                    1.258
     Clock Fall Edge                 1.950
     + Clock Network Latency (Prop)  0.253
     = Beginpoint Arrival Time       2.203
     +------------------------------------------------------------------------------------------+ 
     |             Instance              |     Arc      |   Cell   | Delay | Arrival | Required | 
     |                                   |              |          |       |  Time   |   Time   | 
     |-----------------------------------+--------------+----------+-------+---------+----------| 
     | datapath/registers_RF_reg[27][19] | CK ^         |          |       |   2.203 |    3.461 | 
     | datapath/registers_RF_reg[27][19] | CK ^ -> Q v  | DFFR_X1  | 0.098 |   2.301 |    3.559 | 
     | datapath/g4040                    | A1 v -> ZN ^ | NAND2_X2 | 0.016 |   2.317 |    3.575 | 
     | datapath/FE_RC_2205_0             | A3 ^ -> ZN v | NAND4_X2 | 0.032 |   2.349 |    3.607 | 
     | datapath/FE_RC_1808_0             | A v -> ZN ^  | INV_X2   | 0.018 |   2.367 |    3.625 | 
     | datapath/FE_RC_1088_0             | A2 ^ -> ZN ^ | AND2_X4  | 0.035 |   2.402 |    3.660 | 
     | datapath/FE_RC_2961_0             | A1 ^ -> ZN v | NAND4_X4 | 0.026 |   2.428 |    3.686 | 
     | datapath/FE_RC_1087_0             | A v -> ZN ^  | INV_X4   | 0.020 |   2.448 |    3.705 | 
     | datapath/g32739                   | B1 ^ -> ZN v | AOI21_X4 | 0.014 |   2.462 |    3.720 | 
     | datapath/FE_RC_1095_0             | A1 v -> ZN ^ | NAND2_X1 | 0.021 |   2.484 |    3.741 | 
     | datapath/FE_RC_1093_0             | A1 ^ -> ZN v | NAND2_X1 | 0.014 |   2.497 |    3.755 | 
     | datapath/FE_OFC1815_FE_RN_498_0   | A v -> ZN ^  | INV_X1   | 0.012 |   2.509 |    3.767 | 
     | datapath/FE_RC_3028_0             | A3 ^ -> ZN v | NAND3_X1 | 0.025 |   2.534 |    3.792 | 
     | datapath/FE_OFC1807_n_3116        | A v -> ZN ^  | INV_X2   | 0.019 |   2.553 |    3.811 | 
     | datapath/FE_RC_2826_0             | A2 ^ -> ZN v | NAND4_X4 | 0.027 |   2.581 |    3.838 | 
     | datapath/FE_OFC1803_FE_RN_1400_0  | A v -> ZN ^  | INV_X4   | 0.018 |   2.598 |    3.856 | 
     | datapath/FE_RC_654_0              | A1 ^ -> ZN v | NAND2_X1 | 0.016 |   2.615 |    3.873 | 
     | datapath/FE_OFC1799_FE_RN_321_0   | A v -> ZN ^  | INV_X2   | 0.017 |   2.632 |    3.889 | 
     | datapath/FE_RC_375_0              | A1 ^ -> ZN v | NAND3_X4 | 0.019 |   2.651 |    3.908 | 
     | datapath/FE_RC_374_0              | A1 v -> ZN ^ | NAND2_X4 | 0.016 |   2.666 |    3.924 | 
     | datapath/FE_RC_221_0              | A1 ^ -> ZN v | NAND2_X4 | 0.018 |   2.684 |    3.942 | 
     | g1064                             | A1 v -> ZN ^ | NAND2_X4 | 0.023 |   2.707 |    3.965 | 
     | datapath/g45784                   | A1 ^ -> ZN v | NAND2_X2 | 0.019 |   2.726 |    3.984 | 
     | datapath/FE_OFC1798_n_167         | A v -> Z v   | BUF_X4   | 0.034 |   2.760 |    4.018 | 
     | datapath/g44172                   | B1 v -> ZN ^ | OAI22_X1 | 0.041 |   2.801 |    4.059 | 
     | datapath/IFID_instr_reg[3]        | D ^          | DFFR_X1  | 0.000 |   2.801 |    4.059 | 
     +------------------------------------------------------------------------------------------+ 
Path 5: MET Setup Check with Pin datapath/IFID_instr_reg[23]/CK 
Endpoint:   datapath/IFID_instr_reg[23]/D       (^) checked with  leading edge 
of 'clk'
Beginpoint: datapath/registers_RF_reg[27][19]/Q (v) triggered by trailing edge 
of 'clk'
Path Groups: {reg2reg}
Analysis View: RPT_TYP
Other End Arrival Time          0.296
- Setup                         0.036
+ Phase Shift                   3.900
+ CPPR Adjustment               0.000
- Uncertainty                   0.100
= Required Time                 4.060
- Arrival Time                  2.801
= Slack Time                    1.258
     Clock Fall Edge                 1.950
     + Clock Network Latency (Prop)  0.253
     = Beginpoint Arrival Time       2.203
     +------------------------------------------------------------------------------------------+ 
     |             Instance              |     Arc      |   Cell   | Delay | Arrival | Required | 
     |                                   |              |          |       |  Time   |   Time   | 
     |-----------------------------------+--------------+----------+-------+---------+----------| 
     | datapath/registers_RF_reg[27][19] | CK ^         |          |       |   2.203 |    3.461 | 
     | datapath/registers_RF_reg[27][19] | CK ^ -> Q v  | DFFR_X1  | 0.098 |   2.301 |    3.560 | 
     | datapath/g4040                    | A1 v -> ZN ^ | NAND2_X2 | 0.016 |   2.317 |    3.576 | 
     | datapath/FE_RC_2205_0             | A3 ^ -> ZN v | NAND4_X2 | 0.032 |   2.349 |    3.608 | 
     | datapath/FE_RC_1808_0             | A v -> ZN ^  | INV_X2   | 0.018 |   2.367 |    3.626 | 
     | datapath/FE_RC_1088_0             | A2 ^ -> ZN ^ | AND2_X4  | 0.035 |   2.402 |    3.661 | 
     | datapath/FE_RC_2961_0             | A1 ^ -> ZN v | NAND4_X4 | 0.026 |   2.428 |    3.687 | 
     | datapath/FE_RC_1087_0             | A v -> ZN ^  | INV_X4   | 0.020 |   2.448 |    3.706 | 
     | datapath/g32739                   | B1 ^ -> ZN v | AOI21_X4 | 0.014 |   2.462 |    3.721 | 
     | datapath/FE_RC_1095_0             | A1 v -> ZN ^ | NAND2_X1 | 0.021 |   2.483 |    3.742 | 
     | datapath/FE_RC_1093_0             | A1 ^ -> ZN v | NAND2_X1 | 0.014 |   2.497 |    3.756 | 
     | datapath/FE_OFC1815_FE_RN_498_0   | A v -> ZN ^  | INV_X1   | 0.012 |   2.509 |    3.768 | 
     | datapath/FE_RC_3028_0             | A3 ^ -> ZN v | NAND3_X1 | 0.025 |   2.534 |    3.793 | 
     | datapath/FE_OFC1807_n_3116        | A v -> ZN ^  | INV_X2   | 0.019 |   2.553 |    3.812 | 
     | datapath/FE_RC_2826_0             | A2 ^ -> ZN v | NAND4_X4 | 0.027 |   2.581 |    3.839 | 
     | datapath/FE_OFC1803_FE_RN_1400_0  | A v -> ZN ^  | INV_X4   | 0.018 |   2.598 |    3.857 | 
     | datapath/FE_RC_654_0              | A1 ^ -> ZN v | NAND2_X1 | 0.016 |   2.615 |    3.873 | 
     | datapath/FE_OFC1799_FE_RN_321_0   | A v -> ZN ^  | INV_X2   | 0.017 |   2.632 |    3.890 | 
     | datapath/FE_RC_375_0              | A1 ^ -> ZN v | NAND3_X4 | 0.019 |   2.651 |    3.909 | 
     | datapath/FE_RC_374_0              | A1 v -> ZN ^ | NAND2_X4 | 0.016 |   2.666 |    3.925 | 
     | datapath/FE_RC_221_0              | A1 ^ -> ZN v | NAND2_X4 | 0.018 |   2.684 |    3.943 | 
     | g1064                             | A1 v -> ZN ^ | NAND2_X4 | 0.023 |   2.707 |    3.966 | 
     | datapath/g45784                   | A1 ^ -> ZN v | NAND2_X2 | 0.019 |   2.726 |    3.985 | 
     | datapath/FE_OFC1798_n_167         | A v -> Z v   | BUF_X4   | 0.034 |   2.760 |    4.019 | 
     | datapath/g44183                   | B1 v -> ZN ^ | OAI22_X1 | 0.041 |   2.801 |    4.060 | 
     | datapath/IFID_instr_reg[23]       | D ^          | DFFR_X2  | 0.000 |   2.801 |    4.060 | 
     +------------------------------------------------------------------------------------------+ 
Path 6: MET Setup Check with Pin datapath/IF_pc_reg[15]/CK 
Endpoint:   datapath/IF_pc_reg[15]/D            (^) checked with  leading edge 
of 'clk'
Beginpoint: datapath/registers_RF_reg[27][19]/Q (v) triggered by trailing edge 
of 'clk'
Path Groups: {reg2reg}
Analysis View: RPT_TYP
Other End Arrival Time          0.295
- Setup                         0.031
+ Phase Shift                   3.900
+ CPPR Adjustment               0.000
- Uncertainty                   0.100
= Required Time                 4.064
- Arrival Time                  2.805
= Slack Time                    1.259
     Clock Fall Edge                 1.950
     + Clock Network Latency (Prop)  0.253
     = Beginpoint Arrival Time       2.203
     +-----------------------------------------------------------------------------------------------------------+ 
     |                      Instance                      |     Arc      |   Cell   | Delay | Arrival | Required | 
     |                                                    |              |          |       |  Time   |   Time   | 
     |----------------------------------------------------+--------------+----------+-------+---------+----------| 
     | datapath/registers_RF_reg[27][19]                  | CK ^         |          |       |   2.203 |    3.462 | 
     | datapath/registers_RF_reg[27][19]                  | CK ^ -> Q v  | DFFR_X1  | 0.098 |   2.301 |    3.560 | 
     | datapath/g4040                                     | A1 v -> ZN ^ | NAND2_X2 | 0.016 |   2.317 |    3.576 | 
     | datapath/FE_RC_2205_0                              | A3 ^ -> ZN v | NAND4_X2 | 0.032 |   2.349 |    3.608 | 
     | datapath/FE_RC_1808_0                              | A v -> ZN ^  | INV_X2   | 0.018 |   2.367 |    3.626 | 
     | datapath/FE_RC_1088_0                              | A2 ^ -> ZN ^ | AND2_X4  | 0.035 |   2.402 |    3.661 | 
     | datapath/FE_RC_2961_0                              | A1 ^ -> ZN v | NAND4_X4 | 0.026 |   2.428 |    3.687 | 
     | datapath/FE_RC_1087_0                              | A v -> ZN ^  | INV_X4   | 0.020 |   2.448 |    3.706 | 
     | datapath/g32739                                    | B1 ^ -> ZN v | AOI21_X4 | 0.014 |   2.462 |    3.721 | 
     | datapath/FE_RC_1095_0                              | A1 v -> ZN ^ | NAND2_X1 | 0.021 |   2.483 |    3.742 | 
     | datapath/FE_RC_1093_0                              | A1 ^ -> ZN v | NAND2_X1 | 0.014 |   2.497 |    3.756 | 
     | datapath/FE_OFC1815_FE_RN_498_0                    | A v -> ZN ^  | INV_X1   | 0.012 |   2.509 |    3.768 | 
     | datapath/FE_RC_3028_0                              | A3 ^ -> ZN v | NAND3_X1 | 0.025 |   2.534 |    3.793 | 
     | datapath/FE_OFC1807_n_3116                         | A v -> ZN ^  | INV_X2   | 0.019 |   2.553 |    3.812 | 
     | datapath/FE_RC_2826_0                              | A2 ^ -> ZN v | NAND4_X4 | 0.027 |   2.581 |    3.839 | 
     | datapath/FE_OFC1803_FE_RN_1400_0                   | A v -> ZN ^  | INV_X4   | 0.018 |   2.598 |    3.857 | 
     | datapath/FE_RC_654_0                               | A1 ^ -> ZN v | NAND2_X1 | 0.016 |   2.615 |    3.873 | 
     | datapath/FE_OFC1799_FE_RN_321_0                    | A v -> ZN ^  | INV_X2   | 0.017 |   2.632 |    3.890 | 
     | datapath/FE_RC_375_0                               | A1 ^ -> ZN v | NAND3_X4 | 0.019 |   2.651 |    3.909 | 
     | datapath/FE_RC_374_0                               | A1 v -> ZN ^ | NAND2_X4 | 0.016 |   2.666 |    3.925 | 
     | datapath/FE_RC_221_0                               | A1 ^ -> ZN v | NAND2_X4 | 0.018 |   2.684 |    3.943 | 
     | datapath/branch_or_inc_4/FE_OCPC1777_IFID_takeBran | A v -> ZN ^  | INV_X4   | 0.022 |   2.706 |    3.965 | 
     | ch                                                 |              |          |       |         |          | 
     | datapath/branch_or_inc_4/FE_OCPC1778_IFID_takeBran | A ^ -> ZN v  | INV_X8   | 0.014 |   2.720 |    3.978 | 
     | ch                                                 |              |          |       |         |          | 
     | datapath/branch_or_inc_4/FE_OFC1793_FE_RN_2        | A v -> ZN ^  | INV_X16  | 0.022 |   2.741 |    4.000 | 
     | datapath/branch_or_inc_4/g861__1617                | A1 ^ -> ZN v | NAND2_X2 | 0.022 |   2.763 |    4.021 | 
     | datapath/branch_or_inc_4/g831__6783                | A1 v -> ZN ^ | NAND2_X1 | 0.014 |   2.777 |    4.036 | 
     | datapath/g44408                                    | A1 ^ -> ZN v | NAND2_X1 | 0.013 |   2.790 |    4.048 | 
     | datapath/g44262                                    | A1 v -> ZN ^ | NAND2_X1 | 0.016 |   2.805 |    4.064 | 
     | datapath/IF_pc_reg[15]                             | D ^          | DFFR_X1  | 0.000 |   2.805 |    4.064 | 
     +-----------------------------------------------------------------------------------------------------------+ 
Path 7: MET Setup Check with Pin datapath/IF_pc_reg[17]/CK 
Endpoint:   datapath/IF_pc_reg[17]/D            (^) checked with  leading edge 
of 'clk'
Beginpoint: datapath/registers_RF_reg[27][19]/Q (v) triggered by trailing edge 
of 'clk'
Path Groups: {reg2reg}
Analysis View: RPT_TYP
Other End Arrival Time          0.295
- Setup                         0.031
+ Phase Shift                   3.900
+ CPPR Adjustment               0.000
- Uncertainty                   0.100
= Required Time                 4.064
- Arrival Time                  2.805
= Slack Time                    1.259
     Clock Fall Edge                 1.950
     + Clock Network Latency (Prop)  0.253
     = Beginpoint Arrival Time       2.203
     +-----------------------------------------------------------------------------------------------------------+ 
     |                      Instance                      |     Arc      |   Cell   | Delay | Arrival | Required | 
     |                                                    |              |          |       |  Time   |   Time   | 
     |----------------------------------------------------+--------------+----------+-------+---------+----------| 
     | datapath/registers_RF_reg[27][19]                  | CK ^         |          |       |   2.203 |    3.462 | 
     | datapath/registers_RF_reg[27][19]                  | CK ^ -> Q v  | DFFR_X1  | 0.098 |   2.301 |    3.560 | 
     | datapath/g4040                                     | A1 v -> ZN ^ | NAND2_X2 | 0.016 |   2.317 |    3.576 | 
     | datapath/FE_RC_2205_0                              | A3 ^ -> ZN v | NAND4_X2 | 0.032 |   2.349 |    3.608 | 
     | datapath/FE_RC_1808_0                              | A v -> ZN ^  | INV_X2   | 0.018 |   2.367 |    3.626 | 
     | datapath/FE_RC_1088_0                              | A2 ^ -> ZN ^ | AND2_X4  | 0.035 |   2.402 |    3.661 | 
     | datapath/FE_RC_2961_0                              | A1 ^ -> ZN v | NAND4_X4 | 0.026 |   2.428 |    3.687 | 
     | datapath/FE_RC_1087_0                              | A v -> ZN ^  | INV_X4   | 0.020 |   2.448 |    3.706 | 
     | datapath/g32739                                    | B1 ^ -> ZN v | AOI21_X4 | 0.014 |   2.462 |    3.721 | 
     | datapath/FE_RC_1095_0                              | A1 v -> ZN ^ | NAND2_X1 | 0.021 |   2.483 |    3.742 | 
     | datapath/FE_RC_1093_0                              | A1 ^ -> ZN v | NAND2_X1 | 0.014 |   2.497 |    3.756 | 
     | datapath/FE_OFC1815_FE_RN_498_0                    | A v -> ZN ^  | INV_X1   | 0.012 |   2.509 |    3.768 | 
     | datapath/FE_RC_3028_0                              | A3 ^ -> ZN v | NAND3_X1 | 0.025 |   2.534 |    3.793 | 
     | datapath/FE_OFC1807_n_3116                         | A v -> ZN ^  | INV_X2   | 0.019 |   2.553 |    3.812 | 
     | datapath/FE_RC_2826_0                              | A2 ^ -> ZN v | NAND4_X4 | 0.027 |   2.581 |    3.839 | 
     | datapath/FE_OFC1803_FE_RN_1400_0                   | A v -> ZN ^  | INV_X4   | 0.018 |   2.598 |    3.857 | 
     | datapath/FE_RC_654_0                               | A1 ^ -> ZN v | NAND2_X1 | 0.016 |   2.615 |    3.874 | 
     | datapath/FE_OFC1799_FE_RN_321_0                    | A v -> ZN ^  | INV_X2   | 0.017 |   2.632 |    3.890 | 
     | datapath/FE_RC_375_0                               | A1 ^ -> ZN v | NAND3_X4 | 0.019 |   2.651 |    3.909 | 
     | datapath/FE_RC_374_0                               | A1 v -> ZN ^ | NAND2_X4 | 0.016 |   2.666 |    3.925 | 
     | datapath/FE_RC_221_0                               | A1 ^ -> ZN v | NAND2_X4 | 0.018 |   2.684 |    3.943 | 
     | datapath/branch_or_inc_4/FE_OCPC1777_IFID_takeBran | A v -> ZN ^  | INV_X4   | 0.022 |   2.706 |    3.965 | 
     | ch                                                 |              |          |       |         |          | 
     | datapath/branch_or_inc_4/FE_OCPC1778_IFID_takeBran | A ^ -> ZN v  | INV_X8   | 0.014 |   2.720 |    3.978 | 
     | ch                                                 |              |          |       |         |          | 
     | datapath/branch_or_inc_4/FE_OFC1793_FE_RN_2        | A v -> ZN ^  | INV_X16  | 0.022 |   2.741 |    4.000 | 
     | datapath/branch_or_inc_4/g856__4319                | A1 ^ -> ZN v | NAND2_X2 | 0.020 |   2.761 |    4.020 | 
     | datapath/branch_or_inc_4/g825__2398                | A1 v -> ZN ^ | NAND2_X1 | 0.014 |   2.775 |    4.034 | 
     | datapath/g44376                                    | A1 ^ -> ZN v | NAND2_X1 | 0.013 |   2.789 |    4.047 | 
     | datapath/g44266                                    | A1 v -> ZN ^ | NAND2_X1 | 0.016 |   2.805 |    4.064 | 
     | datapath/IF_pc_reg[17]                             | D ^          | DFFR_X1  | 0.000 |   2.805 |    4.064 | 
     +-----------------------------------------------------------------------------------------------------------+ 
Path 8: MET Setup Check with Pin datapath/IF_pc_reg[2]/CK 
Endpoint:   datapath/IF_pc_reg[2]/D             (^) checked with  leading edge 
of 'clk'
Beginpoint: datapath/registers_RF_reg[27][19]/Q (v) triggered by trailing edge 
of 'clk'
Path Groups: {reg2reg}
Analysis View: RPT_TYP
Other End Arrival Time          0.295
- Setup                         0.032
+ Phase Shift                   3.900
+ CPPR Adjustment               0.000
- Uncertainty                   0.100
= Required Time                 4.063
- Arrival Time                  2.804
= Slack Time                    1.259
     Clock Fall Edge                 1.950
     + Clock Network Latency (Prop)  0.253
     = Beginpoint Arrival Time       2.203
     +-----------------------------------------------------------------------------------------------------------+ 
     |                      Instance                      |     Arc      |   Cell   | Delay | Arrival | Required | 
     |                                                    |              |          |       |  Time   |   Time   | 
     |----------------------------------------------------+--------------+----------+-------+---------+----------| 
     | datapath/registers_RF_reg[27][19]                  | CK ^         |          |       |   2.203 |    3.462 | 
     | datapath/registers_RF_reg[27][19]                  | CK ^ -> Q v  | DFFR_X1  | 0.098 |   2.301 |    3.561 | 
     | datapath/g4040                                     | A1 v -> ZN ^ | NAND2_X2 | 0.016 |   2.317 |    3.577 | 
     | datapath/FE_RC_2205_0                              | A3 ^ -> ZN v | NAND4_X2 | 0.032 |   2.349 |    3.609 | 
     | datapath/FE_RC_1808_0                              | A v -> ZN ^  | INV_X2   | 0.018 |   2.367 |    3.627 | 
     | datapath/FE_RC_1088_0                              | A2 ^ -> ZN ^ | AND2_X4  | 0.035 |   2.402 |    3.662 | 
     | datapath/FE_RC_2961_0                              | A1 ^ -> ZN v | NAND4_X4 | 0.026 |   2.428 |    3.688 | 
     | datapath/FE_RC_1087_0                              | A v -> ZN ^  | INV_X4   | 0.020 |   2.448 |    3.707 | 
     | datapath/g32739                                    | B1 ^ -> ZN v | AOI21_X4 | 0.014 |   2.462 |    3.721 | 
     | datapath/FE_RC_1095_0                              | A1 v -> ZN ^ | NAND2_X1 | 0.021 |   2.484 |    3.743 | 
     | datapath/FE_RC_1093_0                              | A1 ^ -> ZN v | NAND2_X1 | 0.014 |   2.497 |    3.757 | 
     | datapath/FE_OFC1815_FE_RN_498_0                    | A v -> ZN ^  | INV_X1   | 0.012 |   2.509 |    3.769 | 
     | datapath/FE_RC_3028_0                              | A3 ^ -> ZN v | NAND3_X1 | 0.025 |   2.534 |    3.793 | 
     | datapath/FE_OFC1807_n_3116                         | A v -> ZN ^  | INV_X2   | 0.019 |   2.553 |    3.813 | 
     | datapath/FE_RC_2826_0                              | A2 ^ -> ZN v | NAND4_X4 | 0.027 |   2.581 |    3.840 | 
     | datapath/FE_OFC1803_FE_RN_1400_0                   | A v -> ZN ^  | INV_X4   | 0.018 |   2.598 |    3.858 | 
     | datapath/FE_RC_654_0                               | A1 ^ -> ZN v | NAND2_X1 | 0.016 |   2.615 |    3.874 | 
     | datapath/FE_OFC1799_FE_RN_321_0                    | A v -> ZN ^  | INV_X2   | 0.017 |   2.632 |    3.891 | 
     | datapath/FE_RC_375_0                               | A1 ^ -> ZN v | NAND3_X4 | 0.019 |   2.651 |    3.910 | 
     | datapath/FE_RC_374_0                               | A1 v -> ZN ^ | NAND2_X4 | 0.016 |   2.666 |    3.926 | 
     | datapath/FE_RC_221_0                               | A1 ^ -> ZN v | NAND2_X4 | 0.018 |   2.684 |    3.944 | 
     | datapath/branch_or_inc_4/FE_OCPC1777_IFID_takeBran | A v -> ZN ^  | INV_X4   | 0.022 |   2.706 |    3.965 | 
     | ch                                                 |              |          |       |         |          | 
     | datapath/branch_or_inc_4/FE_OCPC1778_IFID_takeBran | A ^ -> ZN v  | INV_X8   | 0.014 |   2.720 |    3.979 | 
     | ch                                                 |              |          |       |         |          | 
     | datapath/branch_or_inc_4/FE_OFC1793_FE_RN_2        | A v -> ZN ^  | INV_X16  | 0.022 |   2.741 |    4.001 | 
     | datapath/branch_or_inc_4/FE_RC_3291_0              | A1 ^ -> ZN v | NAND2_X2 | 0.020 |   2.761 |    4.021 | 
     | datapath/branch_or_inc_4/FE_RC_3290_0              | A1 v -> ZN ^ | NAND2_X1 | 0.014 |   2.775 |    4.034 | 
     | datapath/g44373                                    | A1 ^ -> ZN v | NAND2_X1 | 0.013 |   2.788 |    4.047 | 
     | datapath/g44305                                    | A1 v -> ZN ^ | NAND2_X1 | 0.016 |   2.804 |    4.063 | 
     | datapath/IF_pc_reg[2]                              | D ^          | DFFR_X1  | 0.000 |   2.804 |    4.063 | 
     +-----------------------------------------------------------------------------------------------------------+ 
Path 9: MET Setup Check with Pin datapath/IF_pc_reg[3]/CK 
Endpoint:   datapath/IF_pc_reg[3]/D             (^) checked with  leading edge 
of 'clk'
Beginpoint: datapath/registers_RF_reg[27][19]/Q (v) triggered by trailing edge 
of 'clk'
Path Groups: {reg2reg}
Analysis View: RPT_TYP
Other End Arrival Time          0.295
- Setup                         0.031
+ Phase Shift                   3.900
+ CPPR Adjustment               0.000
- Uncertainty                   0.100
= Required Time                 4.064
- Arrival Time                  2.804
= Slack Time                    1.260
     Clock Fall Edge                 1.950
     + Clock Network Latency (Prop)  0.253
     = Beginpoint Arrival Time       2.203
     +-----------------------------------------------------------------------------------------------------------+ 
     |                      Instance                      |     Arc      |   Cell   | Delay | Arrival | Required | 
     |                                                    |              |          |       |  Time   |   Time   | 
     |----------------------------------------------------+--------------+----------+-------+---------+----------| 
     | datapath/registers_RF_reg[27][19]                  | CK ^         |          |       |   2.203 |    3.463 | 
     | datapath/registers_RF_reg[27][19]                  | CK ^ -> Q v  | DFFR_X1  | 0.098 |   2.301 |    3.561 | 
     | datapath/g4040                                     | A1 v -> ZN ^ | NAND2_X2 | 0.016 |   2.317 |    3.577 | 
     | datapath/FE_RC_2205_0                              | A3 ^ -> ZN v | NAND4_X2 | 0.032 |   2.349 |    3.609 | 
     | datapath/FE_RC_1808_0                              | A v -> ZN ^  | INV_X2   | 0.018 |   2.367 |    3.627 | 
     | datapath/FE_RC_1088_0                              | A2 ^ -> ZN ^ | AND2_X4  | 0.035 |   2.402 |    3.662 | 
     | datapath/FE_RC_2961_0                              | A1 ^ -> ZN v | NAND4_X4 | 0.026 |   2.428 |    3.688 | 
     | datapath/FE_RC_1087_0                              | A v -> ZN ^  | INV_X4   | 0.020 |   2.448 |    3.708 | 
     | datapath/g32739                                    | B1 ^ -> ZN v | AOI21_X4 | 0.014 |   2.462 |    3.722 | 
     | datapath/FE_RC_1095_0                              | A1 v -> ZN ^ | NAND2_X1 | 0.021 |   2.483 |    3.743 | 
     | datapath/FE_RC_1093_0                              | A1 ^ -> ZN v | NAND2_X1 | 0.014 |   2.497 |    3.757 | 
     | datapath/FE_OFC1815_FE_RN_498_0                    | A v -> ZN ^  | INV_X1   | 0.012 |   2.509 |    3.769 | 
     | datapath/FE_RC_3028_0                              | A3 ^ -> ZN v | NAND3_X1 | 0.025 |   2.534 |    3.794 | 
     | datapath/FE_OFC1807_n_3116                         | A v -> ZN ^  | INV_X2   | 0.019 |   2.553 |    3.813 | 
     | datapath/FE_RC_2826_0                              | A2 ^ -> ZN v | NAND4_X4 | 0.027 |   2.581 |    3.841 | 
     | datapath/FE_OFC1803_FE_RN_1400_0                   | A v -> ZN ^  | INV_X4   | 0.018 |   2.598 |    3.858 | 
     | datapath/FE_RC_654_0                               | A1 ^ -> ZN v | NAND2_X1 | 0.016 |   2.615 |    3.875 | 
     | datapath/FE_OFC1799_FE_RN_321_0                    | A v -> ZN ^  | INV_X2   | 0.017 |   2.632 |    3.892 | 
     | datapath/FE_RC_375_0                               | A1 ^ -> ZN v | NAND3_X4 | 0.019 |   2.651 |    3.911 | 
     | datapath/FE_RC_374_0                               | A1 v -> ZN ^ | NAND2_X4 | 0.016 |   2.666 |    3.926 | 
     | datapath/FE_RC_221_0                               | A1 ^ -> ZN v | NAND2_X4 | 0.018 |   2.684 |    3.944 | 
     | datapath/branch_or_inc_4/FE_OCPC1777_IFID_takeBran | A v -> ZN ^  | INV_X4   | 0.022 |   2.706 |    3.966 | 
     | ch                                                 |              |          |       |         |          | 
     | datapath/branch_or_inc_4/FE_OCPC1778_IFID_takeBran | A ^ -> ZN v  | INV_X8   | 0.014 |   2.720 |    3.980 | 
     | ch                                                 |              |          |       |         |          | 
     | datapath/branch_or_inc_4/FE_OFC1793_FE_RN_2        | A v -> ZN ^  | INV_X16  | 0.022 |   2.741 |    4.001 | 
     | datapath/branch_or_inc_4/g855__6260                | A1 ^ -> ZN v | NAND2_X2 | 0.020 |   2.761 |    4.021 | 
     | datapath/branch_or_inc_4/g823__6417                | A1 v -> ZN ^ | NAND2_X1 | 0.014 |   2.776 |    4.036 | 
     | datapath/g44402                                    | A1 ^ -> ZN v | NAND2_X1 | 0.013 |   2.788 |    4.048 | 
     | datapath/g44306                                    | A1 v -> ZN ^ | NAND2_X1 | 0.015 |   2.804 |    4.064 | 
     | datapath/IF_pc_reg[3]                              | D ^          | DFFR_X1  | 0.000 |   2.804 |    4.064 | 
     +-----------------------------------------------------------------------------------------------------------+ 
Path 10: MET Setup Check with Pin datapath/registers_RF_reg[22][12]/CK 
Endpoint:   datapath/registers_RF_reg[22][12]/D (v) checked with trailing edge 
of 'clk'
Beginpoint: datapath/MEMWB_memToReg_reg/Q       (v) triggered by  leading edge 
of 'clk'
Path Groups: {reg2reg}
Analysis View: RPT_TYP
Other End Arrival Time          2.116
- Setup                         0.036
+ Phase Shift                   0.000
+ CPPR Adjustment               0.000
- Uncertainty                   0.100
= Required Time                 1.980
- Arrival Time                  0.720
= Slack Time                    1.260
     Clock Rise Edge                 0.000
     + Clock Network Latency (Prop)  0.281
     = Beginpoint Arrival Time       0.281
     +-------------------------------------------------------------------------------------------+ 
     |              Instance              |     Arc     |   Cell    | Delay | Arrival | Required | 
     |                                    |             |           |       |  Time   |   Time   | 
     |------------------------------------+-------------+-----------+-------+---------+----------| 
     | datapath/MEMWB_memToReg_reg        | CK ^        |           |       |   0.281 |    1.541 | 
     | datapath/MEMWB_memToReg_reg        | CK ^ -> Q v | DFFR_X1   | 0.096 |   0.377 |    1.637 | 
     | datapath/FE_OCPC331_MEMWB_memToReg | A v -> ZN ^ | INV_X4    | 0.032 |   0.409 |    1.669 | 
     | datapath/FE_OFC1981_n_2592         | A ^ -> Z ^  | BUF_X2    | 0.053 |   0.462 |    1.722 | 
     | datapath/FE_OCPC1768_n_2592        | A ^ -> ZN v | INV_X8    | 0.019 |   0.480 |    1.740 | 
     | datapath/g33192                    | S v -> Z ^  | MUX2_X1   | 0.062 |   0.543 |    1.803 | 
     | datapath/FE_OFC292_n_95            | A ^ -> ZN v | INV_X1    | 0.016 |   0.559 |    1.819 | 
     | datapath/FE_OFC293_n_95            | A v -> Z v  | CLKBUF_X3 | 0.082 |   0.641 |    1.901 | 
     | datapath/g43674                    | A v -> Z v  | MUX2_X1   | 0.079 |   0.720 |    1.980 | 
     | datapath/registers_RF_reg[22][12]  | D v         | DFFR_X1   | 0.000 |   0.720 |    1.980 | 
     +-------------------------------------------------------------------------------------------+ 
Path 11: MET Setup Check with Pin datapath/IFID_instr_reg[14]/CK 
Endpoint:   datapath/IFID_instr_reg[14]/D       (^) checked with  leading edge 
of 'clk'
Beginpoint: datapath/registers_RF_reg[27][19]/Q (v) triggered by trailing edge 
of 'clk'
Path Groups: {reg2reg}
Analysis View: RPT_TYP
Other End Arrival Time          0.296
- Setup                         0.036
+ Phase Shift                   3.900
+ CPPR Adjustment               0.000
- Uncertainty                   0.100
= Required Time                 4.060
- Arrival Time                  2.800
= Slack Time                    1.260
     Clock Fall Edge                 1.950
     + Clock Network Latency (Prop)  0.253
     = Beginpoint Arrival Time       2.203
     +------------------------------------------------------------------------------------------+ 
     |             Instance              |     Arc      |   Cell   | Delay | Arrival | Required | 
     |                                   |              |          |       |  Time   |   Time   | 
     |-----------------------------------+--------------+----------+-------+---------+----------| 
     | datapath/registers_RF_reg[27][19] | CK ^         |          |       |   2.203 |    3.463 | 
     | datapath/registers_RF_reg[27][19] | CK ^ -> Q v  | DFFR_X1  | 0.098 |   2.301 |    3.561 | 
     | datapath/g4040                    | A1 v -> ZN ^ | NAND2_X2 | 0.016 |   2.317 |    3.577 | 
     | datapath/FE_RC_2205_0             | A3 ^ -> ZN v | NAND4_X2 | 0.032 |   2.349 |    3.609 | 
     | datapath/FE_RC_1808_0             | A v -> ZN ^  | INV_X2   | 0.018 |   2.367 |    3.627 | 
     | datapath/FE_RC_1088_0             | A2 ^ -> ZN ^ | AND2_X4  | 0.035 |   2.402 |    3.662 | 
     | datapath/FE_RC_2961_0             | A1 ^ -> ZN v | NAND4_X4 | 0.026 |   2.428 |    3.688 | 
     | datapath/FE_RC_1087_0             | A v -> ZN ^  | INV_X4   | 0.020 |   2.448 |    3.708 | 
     | datapath/g32739                   | B1 ^ -> ZN v | AOI21_X4 | 0.014 |   2.462 |    3.722 | 
     | datapath/FE_RC_1095_0             | A1 v -> ZN ^ | NAND2_X1 | 0.021 |   2.483 |    3.743 | 
     | datapath/FE_RC_1093_0             | A1 ^ -> ZN v | NAND2_X1 | 0.014 |   2.497 |    3.757 | 
     | datapath/FE_OFC1815_FE_RN_498_0   | A v -> ZN ^  | INV_X1   | 0.012 |   2.509 |    3.769 | 
     | datapath/FE_RC_3028_0             | A3 ^ -> ZN v | NAND3_X1 | 0.025 |   2.534 |    3.794 | 
     | datapath/FE_OFC1807_n_3116        | A v -> ZN ^  | INV_X2   | 0.019 |   2.553 |    3.813 | 
     | datapath/FE_RC_2826_0             | A2 ^ -> ZN v | NAND4_X4 | 0.027 |   2.581 |    3.841 | 
     | datapath/FE_OFC1803_FE_RN_1400_0  | A v -> ZN ^  | INV_X4   | 0.018 |   2.598 |    3.858 | 
     | datapath/FE_RC_654_0              | A1 ^ -> ZN v | NAND2_X1 | 0.016 |   2.615 |    3.875 | 
     | datapath/FE_OFC1799_FE_RN_321_0   | A v -> ZN ^  | INV_X2   | 0.017 |   2.632 |    3.892 | 
     | datapath/FE_RC_375_0              | A1 ^ -> ZN v | NAND3_X4 | 0.019 |   2.651 |    3.911 | 
     | datapath/FE_RC_374_0              | A1 v -> ZN ^ | NAND2_X4 | 0.016 |   2.666 |    3.926 | 
     | datapath/FE_RC_221_0              | A1 ^ -> ZN v | NAND2_X4 | 0.018 |   2.684 |    3.944 | 
     | g1064                             | A1 v -> ZN ^ | NAND2_X4 | 0.023 |   2.707 |    3.967 | 
     | datapath/g45784                   | A1 ^ -> ZN v | NAND2_X2 | 0.019 |   2.726 |    3.986 | 
     | datapath/FE_OFC1798_n_167         | A v -> Z v   | BUF_X4   | 0.034 |   2.760 |    4.020 | 
     | datapath/g44200                   | B1 v -> ZN ^ | OAI22_X1 | 0.040 |   2.800 |    4.060 | 
     | datapath/IFID_instr_reg[14]       | D ^          | DFFR_X2  | 0.000 |   2.800 |    4.060 | 
     +------------------------------------------------------------------------------------------+ 
Path 12: MET Setup Check with Pin datapath/IF_pc_reg[4]/CK 
Endpoint:   datapath/IF_pc_reg[4]/D             (^) checked with  leading edge 
of 'clk'
Beginpoint: datapath/registers_RF_reg[27][19]/Q (v) triggered by trailing edge 
of 'clk'
Path Groups: {reg2reg}
Analysis View: RPT_TYP
Other End Arrival Time          0.295
- Setup                         0.031
+ Phase Shift                   3.900
+ CPPR Adjustment               0.000
- Uncertainty                   0.100
= Required Time                 4.064
- Arrival Time                  2.804
= Slack Time                    1.260
     Clock Fall Edge                 1.950
     + Clock Network Latency (Prop)  0.253
     = Beginpoint Arrival Time       2.203
     +-----------------------------------------------------------------------------------------------------------+ 
     |                      Instance                      |     Arc      |   Cell   | Delay | Arrival | Required | 
     |                                                    |              |          |       |  Time   |   Time   | 
     |----------------------------------------------------+--------------+----------+-------+---------+----------| 
     | datapath/registers_RF_reg[27][19]                  | CK ^         |          |       |   2.203 |    3.463 | 
     | datapath/registers_RF_reg[27][19]                  | CK ^ -> Q v  | DFFR_X1  | 0.098 |   2.301 |    3.561 | 
     | datapath/g4040                                     | A1 v -> ZN ^ | NAND2_X2 | 0.016 |   2.317 |    3.577 | 
     | datapath/FE_RC_2205_0                              | A3 ^ -> ZN v | NAND4_X2 | 0.032 |   2.349 |    3.609 | 
     | datapath/FE_RC_1808_0                              | A v -> ZN ^  | INV_X2   | 0.018 |   2.367 |    3.627 | 
     | datapath/FE_RC_1088_0                              | A2 ^ -> ZN ^ | AND2_X4  | 0.035 |   2.402 |    3.663 | 
     | datapath/FE_RC_2961_0                              | A1 ^ -> ZN v | NAND4_X4 | 0.026 |   2.428 |    3.688 | 
     | datapath/FE_RC_1087_0                              | A v -> ZN ^  | INV_X4   | 0.020 |   2.448 |    3.708 | 
     | datapath/g32739                                    | B1 ^ -> ZN v | AOI21_X4 | 0.014 |   2.462 |    3.722 | 
     | datapath/FE_RC_1095_0                              | A1 v -> ZN ^ | NAND2_X1 | 0.021 |   2.483 |    3.744 | 
     | datapath/FE_RC_1093_0                              | A1 ^ -> ZN v | NAND2_X1 | 0.014 |   2.497 |    3.757 | 
     | datapath/FE_OFC1815_FE_RN_498_0                    | A v -> ZN ^  | INV_X1   | 0.012 |   2.509 |    3.769 | 
     | datapath/FE_RC_3028_0                              | A3 ^ -> ZN v | NAND3_X1 | 0.025 |   2.534 |    3.794 | 
     | datapath/FE_OFC1807_n_3116                         | A v -> ZN ^  | INV_X2   | 0.019 |   2.553 |    3.813 | 
     | datapath/FE_RC_2826_0                              | A2 ^ -> ZN v | NAND4_X4 | 0.027 |   2.581 |    3.841 | 
     | datapath/FE_OFC1803_FE_RN_1400_0                   | A v -> ZN ^  | INV_X4   | 0.018 |   2.598 |    3.859 | 
     | datapath/FE_RC_654_0                               | A1 ^ -> ZN v | NAND2_X1 | 0.016 |   2.615 |    3.875 | 
     | datapath/FE_OFC1799_FE_RN_321_0                    | A v -> ZN ^  | INV_X2   | 0.017 |   2.632 |    3.892 | 
     | datapath/FE_RC_375_0                               | A1 ^ -> ZN v | NAND3_X4 | 0.019 |   2.651 |    3.911 | 
     | datapath/FE_RC_374_0                               | A1 v -> ZN ^ | NAND2_X4 | 0.016 |   2.666 |    3.927 | 
     | datapath/FE_RC_221_0                               | A1 ^ -> ZN v | NAND2_X4 | 0.018 |   2.684 |    3.944 | 
     | datapath/branch_or_inc_4/FE_OCPC1777_IFID_takeBran | A v -> ZN ^  | INV_X4   | 0.022 |   2.706 |    3.966 | 
     | ch                                                 |              |          |       |         |          | 
     | datapath/branch_or_inc_4/FE_OCPC1778_IFID_takeBran | A ^ -> ZN v  | INV_X8   | 0.014 |   2.720 |    3.980 | 
     | ch                                                 |              |          |       |         |          | 
     | datapath/branch_or_inc_4/FE_OFC1793_FE_RN_2        | A v -> ZN ^  | INV_X16  | 0.022 |   2.741 |    4.001 | 
     | datapath/branch_or_inc_4/g853__2398                | A1 ^ -> ZN v | NAND2_X2 | 0.020 |   2.761 |    4.021 | 
     | datapath/branch_or_inc_4/g822__7410                | A1 v -> ZN ^ | NAND2_X1 | 0.014 |   2.776 |    4.036 | 
     | datapath/g44403                                    | A1 ^ -> ZN v | NAND2_X1 | 0.013 |   2.788 |    4.048 | 
     | datapath/g44304                                    | A1 v -> ZN ^ | NAND2_X1 | 0.015 |   2.804 |    4.064 | 
     | datapath/IF_pc_reg[4]                              | D ^          | DFFR_X1  | 0.000 |   2.804 |    4.064 | 
     +-----------------------------------------------------------------------------------------------------------+ 
Path 13: MET Setup Check with Pin datapath/IF_pc_reg[5]/CK 
Endpoint:   datapath/IF_pc_reg[5]/D             (^) checked with  leading edge 
of 'clk'
Beginpoint: datapath/registers_RF_reg[27][19]/Q (v) triggered by trailing edge 
of 'clk'
Path Groups: {reg2reg}
Analysis View: RPT_TYP
Other End Arrival Time          0.296
- Setup                         0.031
+ Phase Shift                   3.900
+ CPPR Adjustment               0.000
- Uncertainty                   0.100
= Required Time                 4.064
- Arrival Time                  2.803
= Slack Time                    1.261
     Clock Fall Edge                 1.950
     + Clock Network Latency (Prop)  0.253
     = Beginpoint Arrival Time       2.203
     +-----------------------------------------------------------------------------------------------------------+ 
     |                      Instance                      |     Arc      |   Cell   | Delay | Arrival | Required | 
     |                                                    |              |          |       |  Time   |   Time   | 
     |----------------------------------------------------+--------------+----------+-------+---------+----------| 
     | datapath/registers_RF_reg[27][19]                  | CK ^         |          |       |   2.203 |    3.464 | 
     | datapath/registers_RF_reg[27][19]                  | CK ^ -> Q v  | DFFR_X1  | 0.098 |   2.301 |    3.562 | 
     | datapath/g4040                                     | A1 v -> ZN ^ | NAND2_X2 | 0.016 |   2.317 |    3.578 | 
     | datapath/FE_RC_2205_0                              | A3 ^ -> ZN v | NAND4_X2 | 0.032 |   2.349 |    3.610 | 
     | datapath/FE_RC_1808_0                              | A v -> ZN ^  | INV_X2   | 0.018 |   2.367 |    3.628 | 
     | datapath/FE_RC_1088_0                              | A2 ^ -> ZN ^ | AND2_X4  | 0.035 |   2.402 |    3.663 | 
     | datapath/FE_RC_2961_0                              | A1 ^ -> ZN v | NAND4_X4 | 0.026 |   2.428 |    3.689 | 
     | datapath/FE_RC_1087_0                              | A v -> ZN ^  | INV_X4   | 0.020 |   2.448 |    3.709 | 
     | datapath/g32739                                    | B1 ^ -> ZN v | AOI21_X4 | 0.014 |   2.462 |    3.723 | 
     | datapath/FE_RC_1095_0                              | A1 v -> ZN ^ | NAND2_X1 | 0.021 |   2.484 |    3.744 | 
     | datapath/FE_RC_1093_0                              | A1 ^ -> ZN v | NAND2_X1 | 0.014 |   2.497 |    3.758 | 
     | datapath/FE_OFC1815_FE_RN_498_0                    | A v -> ZN ^  | INV_X1   | 0.012 |   2.509 |    3.770 | 
     | datapath/FE_RC_3028_0                              | A3 ^ -> ZN v | NAND3_X1 | 0.025 |   2.534 |    3.795 | 
     | datapath/FE_OFC1807_n_3116                         | A v -> ZN ^  | INV_X2   | 0.019 |   2.553 |    3.814 | 
     | datapath/FE_RC_2826_0                              | A2 ^ -> ZN v | NAND4_X4 | 0.027 |   2.581 |    3.842 | 
     | datapath/FE_OFC1803_FE_RN_1400_0                   | A v -> ZN ^  | INV_X4   | 0.018 |   2.598 |    3.859 | 
     | datapath/FE_RC_654_0                               | A1 ^ -> ZN v | NAND2_X1 | 0.016 |   2.615 |    3.876 | 
     | datapath/FE_OFC1799_FE_RN_321_0                    | A v -> ZN ^  | INV_X2   | 0.017 |   2.632 |    3.893 | 
     | datapath/FE_RC_375_0                               | A1 ^ -> ZN v | NAND3_X4 | 0.019 |   2.651 |    3.912 | 
     | datapath/FE_RC_374_0                               | A1 v -> ZN ^ | NAND2_X4 | 0.016 |   2.666 |    3.927 | 
     | datapath/FE_RC_221_0                               | A1 ^ -> ZN v | NAND2_X4 | 0.018 |   2.684 |    3.945 | 
     | datapath/branch_or_inc_4/FE_OCPC1777_IFID_takeBran | A v -> ZN ^  | INV_X4   | 0.022 |   2.706 |    3.967 | 
     | ch                                                 |              |          |       |         |          | 
     | datapath/branch_or_inc_4/FE_OCPC1778_IFID_takeBran | A ^ -> ZN v  | INV_X8   | 0.014 |   2.720 |    3.981 | 
     | ch                                                 |              |          |       |         |          | 
     | datapath/branch_or_inc_4/FE_OFC1793_FE_RN_2        | A v -> ZN ^  | INV_X16  | 0.022 |   2.741 |    4.002 | 
     | datapath/branch_or_inc_4/g851__6417                | A1 ^ -> ZN v | NAND2_X4 | 0.021 |   2.762 |    4.023 | 
     | datapath/branch_or_inc_4/g821__1666                | A1 v -> ZN ^ | NAND2_X2 | 0.014 |   2.777 |    4.038 | 
     | datapath/g44383                                    | A1 ^ -> ZN v | NAND2_X2 | 0.011 |   2.788 |    4.049 | 
     | datapath/g44254                                    | A1 v -> ZN ^ | NAND2_X1 | 0.015 |   2.803 |    4.064 | 
     | datapath/IF_pc_reg[5]                              | D ^          | DFFR_X1  | 0.000 |   2.803 |    4.064 | 
     +-----------------------------------------------------------------------------------------------------------+ 
Path 14: MET Setup Check with Pin datapath/IF_pc_reg[20]/CK 
Endpoint:   datapath/IF_pc_reg[20]/D            (^) checked with  leading edge 
of 'clk'
Beginpoint: datapath/registers_RF_reg[27][19]/Q (v) triggered by trailing edge 
of 'clk'
Path Groups: {reg2reg}
Analysis View: RPT_TYP
Other End Arrival Time          0.295
- Setup                         0.033
+ Phase Shift                   3.900
+ CPPR Adjustment               0.000
- Uncertainty                   0.100
= Required Time                 4.062
- Arrival Time                  2.800
= Slack Time                    1.262
     Clock Fall Edge                 1.950
     + Clock Network Latency (Prop)  0.253
     = Beginpoint Arrival Time       2.203
     +-----------------------------------------------------------------------------------------------------------+ 
     |                      Instance                      |     Arc      |   Cell   | Delay | Arrival | Required | 
     |                                                    |              |          |       |  Time   |   Time   | 
     |----------------------------------------------------+--------------+----------+-------+---------+----------| 
     | datapath/registers_RF_reg[27][19]                  | CK ^         |          |       |   2.203 |    3.464 | 
     | datapath/registers_RF_reg[27][19]                  | CK ^ -> Q v  | DFFR_X1  | 0.098 |   2.301 |    3.563 | 
     | datapath/g4040                                     | A1 v -> ZN ^ | NAND2_X2 | 0.016 |   2.317 |    3.579 | 
     | datapath/FE_RC_2205_0                              | A3 ^ -> ZN v | NAND4_X2 | 0.032 |   2.349 |    3.611 | 
     | datapath/FE_RC_1808_0                              | A v -> ZN ^  | INV_X2   | 0.018 |   2.367 |    3.629 | 
     | datapath/FE_RC_1088_0                              | A2 ^ -> ZN ^ | AND2_X4  | 0.035 |   2.402 |    3.664 | 
     | datapath/FE_RC_2961_0                              | A1 ^ -> ZN v | NAND4_X4 | 0.026 |   2.428 |    3.690 | 
     | datapath/FE_RC_1087_0                              | A v -> ZN ^  | INV_X4   | 0.020 |   2.448 |    3.709 | 
     | datapath/g32739                                    | B1 ^ -> ZN v | AOI21_X4 | 0.014 |   2.462 |    3.724 | 
     | datapath/FE_RC_1095_0                              | A1 v -> ZN ^ | NAND2_X1 | 0.021 |   2.483 |    3.745 | 
     | datapath/FE_RC_1093_0                              | A1 ^ -> ZN v | NAND2_X1 | 0.014 |   2.497 |    3.759 | 
     | datapath/FE_OFC1815_FE_RN_498_0                    | A v -> ZN ^  | INV_X1   | 0.012 |   2.509 |    3.771 | 
     | datapath/FE_RC_3028_0                              | A3 ^ -> ZN v | NAND3_X1 | 0.025 |   2.534 |    3.796 | 
     | datapath/FE_OFC1807_n_3116                         | A v -> ZN ^  | INV_X2   | 0.019 |   2.553 |    3.815 | 
     | datapath/FE_RC_2826_0                              | A2 ^ -> ZN v | NAND4_X4 | 0.027 |   2.581 |    3.842 | 
     | datapath/FE_OFC1803_FE_RN_1400_0                   | A v -> ZN ^  | INV_X4   | 0.018 |   2.598 |    3.860 | 
     | datapath/FE_RC_654_0                               | A1 ^ -> ZN v | NAND2_X1 | 0.016 |   2.615 |    3.876 | 
     | datapath/FE_OFC1799_FE_RN_321_0                    | A v -> ZN ^  | INV_X2   | 0.017 |   2.632 |    3.893 | 
     | datapath/FE_RC_375_0                               | A1 ^ -> ZN v | NAND3_X4 | 0.019 |   2.651 |    3.912 | 
     | datapath/FE_RC_374_0                               | A1 v -> ZN ^ | NAND2_X4 | 0.016 |   2.666 |    3.928 | 
     | datapath/FE_RC_221_0                               | A1 ^ -> ZN v | NAND2_X4 | 0.018 |   2.684 |    3.946 | 
     | datapath/branch_or_inc_4/FE_OCPC1777_IFID_takeBran | A v -> ZN ^  | INV_X4   | 0.022 |   2.706 |    3.968 | 
     | ch                                                 |              |          |       |         |          | 
     | datapath/branch_or_inc_4/FE_OCPC1778_IFID_takeBran | A ^ -> ZN v  | INV_X8   | 0.014 |   2.720 |    3.981 | 
     | ch                                                 |              |          |       |         |          | 
     | datapath/branch_or_inc_4/FE_OFC1793_FE_RN_2        | A v -> ZN ^  | INV_X16  | 0.022 |   2.741 |    4.003 | 
     | datapath/branch_or_inc_4/g876__2346                | A1 ^ -> ZN v | NAND2_X4 | 0.013 |   2.755 |    4.016 | 
     | datapath/branch_or_inc_4/g842__7482                | A1 v -> ZN ^ | NAND2_X1 | 0.015 |   2.769 |    4.031 | 
     | datapath/FE_OFC1792_IF_branchOrInc4_20             | A ^ -> ZN v  | INV_X1   | 0.010 |   2.779 |    4.041 | 
     | datapath/FE_RC_3249_0                              | B1 v -> ZN ^ | OAI21_X2 | 0.021 |   2.800 |    4.062 | 
     | datapath/IF_pc_reg[20]                             | D ^          | DFFR_X1  | 0.000 |   2.800 |    4.062 | 
     +-----------------------------------------------------------------------------------------------------------+ 
Path 15: MET Setup Check with Pin datapath/registers_RF_reg[25][12]/CK 
Endpoint:   datapath/registers_RF_reg[25][12]/D (v) checked with trailing edge 
of 'clk'
Beginpoint: datapath/MEMWB_memToReg_reg/Q       (v) triggered by  leading edge 
of 'clk'
Path Groups: {reg2reg}
Analysis View: RPT_TYP
Other End Arrival Time          2.120
- Setup                         0.036
+ Phase Shift                   0.000
+ CPPR Adjustment               0.000
- Uncertainty                   0.100
= Required Time                 1.984
- Arrival Time                  0.723
= Slack Time                    1.262
     Clock Rise Edge                 0.000
     + Clock Network Latency (Prop)  0.281
     = Beginpoint Arrival Time       0.281
     +-------------------------------------------------------------------------------------------+ 
     |              Instance              |     Arc     |   Cell    | Delay | Arrival | Required | 
     |                                    |             |           |       |  Time   |   Time   | 
     |------------------------------------+-------------+-----------+-------+---------+----------| 
     | datapath/MEMWB_memToReg_reg        | CK ^        |           |       |   0.281 |    1.543 | 
     | datapath/MEMWB_memToReg_reg        | CK ^ -> Q v | DFFR_X1   | 0.096 |   0.377 |    1.639 | 
     | datapath/FE_OCPC331_MEMWB_memToReg | A v -> ZN ^ | INV_X4    | 0.032 |   0.409 |    1.671 | 
     | datapath/FE_OFC1981_n_2592         | A ^ -> Z ^  | BUF_X2    | 0.053 |   0.462 |    1.723 | 
     | datapath/FE_OCPC1768_n_2592        | A ^ -> ZN v | INV_X8    | 0.019 |   0.480 |    1.742 | 
     | datapath/g33192                    | S v -> Z ^  | MUX2_X1   | 0.062 |   0.543 |    1.805 | 
     | datapath/FE_OFC292_n_95            | A ^ -> ZN v | INV_X1    | 0.016 |   0.559 |    1.820 | 
     | datapath/FE_OFC293_n_95            | A v -> Z v  | CLKBUF_X3 | 0.082 |   0.641 |    1.902 | 
     | datapath/g43775                    | A v -> Z v  | MUX2_X1   | 0.082 |   0.722 |    1.984 | 
     | datapath/registers_RF_reg[25][12]  | D v         | DFFR_X1   | 0.000 |   0.723 |    1.984 | 
     +-------------------------------------------------------------------------------------------+ 
Path 16: MET Setup Check with Pin datapath/registers_RF_reg[28][12]/CK 
Endpoint:   datapath/registers_RF_reg[28][12]/D (v) checked with trailing edge 
of 'clk'
Beginpoint: datapath/MEMWB_memToReg_reg/Q       (v) triggered by  leading edge 
of 'clk'
Path Groups: {reg2reg}
Analysis View: RPT_TYP
Other End Arrival Time          2.120
- Setup                         0.037
+ Phase Shift                   0.000
+ CPPR Adjustment               0.000
- Uncertainty                   0.100
= Required Time                 1.984
- Arrival Time                  0.722
= Slack Time                    1.262
     Clock Rise Edge                 0.000
     + Clock Network Latency (Prop)  0.281
     = Beginpoint Arrival Time       0.281
     +-------------------------------------------------------------------------------------------+ 
     |              Instance              |     Arc     |   Cell    | Delay | Arrival | Required | 
     |                                    |             |           |       |  Time   |   Time   | 
     |------------------------------------+-------------+-----------+-------+---------+----------| 
     | datapath/MEMWB_memToReg_reg        | CK ^        |           |       |   0.281 |    1.543 | 
     | datapath/MEMWB_memToReg_reg        | CK ^ -> Q v | DFFR_X1   | 0.096 |   0.377 |    1.639 | 
     | datapath/FE_OCPC331_MEMWB_memToReg | A v -> ZN ^ | INV_X4    | 0.032 |   0.409 |    1.671 | 
     | datapath/FE_OFC1981_n_2592         | A ^ -> Z ^  | BUF_X2    | 0.053 |   0.462 |    1.723 | 
     | datapath/FE_OCPC1768_n_2592        | A ^ -> ZN v | INV_X8    | 0.019 |   0.481 |    1.742 | 
     | datapath/g33192                    | S v -> Z ^  | MUX2_X1   | 0.062 |   0.543 |    1.805 | 
     | datapath/FE_OFC292_n_95            | A ^ -> ZN v | INV_X1    | 0.016 |   0.559 |    1.820 | 
     | datapath/FE_OFC293_n_95            | A v -> Z v  | CLKBUF_X3 | 0.082 |   0.641 |    1.902 | 
     | datapath/g43834                    | A v -> Z v  | MUX2_X1   | 0.081 |   0.722 |    1.984 | 
     | datapath/registers_RF_reg[28][12]  | D v         | DFFR_X1   | 0.000 |   0.722 |    1.984 | 
     +-------------------------------------------------------------------------------------------+ 
Path 17: MET Setup Check with Pin datapath/registers_RF_reg[24][12]/CK 
Endpoint:   datapath/registers_RF_reg[24][12]/D (v) checked with trailing edge 
of 'clk'
Beginpoint: datapath/MEMWB_memToReg_reg/Q       (v) triggered by  leading edge 
of 'clk'
Path Groups: {reg2reg}
Analysis View: RPT_TYP
Other End Arrival Time          2.120
- Setup                         0.036
+ Phase Shift                   0.000
+ CPPR Adjustment               0.000
- Uncertainty                   0.100
= Required Time                 1.984
- Arrival Time                  0.722
= Slack Time                    1.262
     Clock Rise Edge                 0.000
     + Clock Network Latency (Prop)  0.281
     = Beginpoint Arrival Time       0.281
     +-------------------------------------------------------------------------------------------+ 
     |              Instance              |     Arc     |   Cell    | Delay | Arrival | Required | 
     |                                    |             |           |       |  Time   |   Time   | 
     |------------------------------------+-------------+-----------+-------+---------+----------| 
     | datapath/MEMWB_memToReg_reg        | CK ^        |           |       |   0.281 |    1.543 | 
     | datapath/MEMWB_memToReg_reg        | CK ^ -> Q v | DFFR_X1   | 0.096 |   0.377 |    1.639 | 
     | datapath/FE_OCPC331_MEMWB_memToReg | A v -> ZN ^ | INV_X4    | 0.032 |   0.409 |    1.671 | 
     | datapath/FE_OFC1981_n_2592         | A ^ -> Z ^  | BUF_X2    | 0.053 |   0.462 |    1.724 | 
     | datapath/FE_OCPC1768_n_2592        | A ^ -> ZN v | INV_X8    | 0.019 |   0.480 |    1.743 | 
     | datapath/g33192                    | S v -> Z ^  | MUX2_X1   | 0.062 |   0.543 |    1.805 | 
     | datapath/FE_OFC292_n_95            | A ^ -> ZN v | INV_X1    | 0.016 |   0.559 |    1.821 | 
     | datapath/FE_OFC293_n_95            | A v -> Z v  | CLKBUF_X3 | 0.082 |   0.641 |    1.903 | 
     | datapath/g43104                    | B v -> Z v  | MUX2_X1   | 0.082 |   0.722 |    1.984 | 
     | datapath/registers_RF_reg[24][12]  | D v         | DFFR_X1   | 0.000 |   0.722 |    1.984 | 
     +-------------------------------------------------------------------------------------------+ 
Path 18: MET Setup Check with Pin datapath/IFID_instr_reg[6]/CK 
Endpoint:   datapath/IFID_instr_reg[6]/D        (^) checked with  leading edge 
of 'clk'
Beginpoint: datapath/registers_RF_reg[27][19]/Q (v) triggered by trailing edge 
of 'clk'
Path Groups: {reg2reg}
Analysis View: RPT_TYP
Other End Arrival Time          0.295
- Setup                         0.036
+ Phase Shift                   3.900
+ CPPR Adjustment               0.000
- Uncertainty                   0.100
= Required Time                 4.059
- Arrival Time                  2.796
= Slack Time                    1.262
     Clock Fall Edge                 1.950
     + Clock Network Latency (Prop)  0.253
     = Beginpoint Arrival Time       2.203
     +------------------------------------------------------------------------------------------+ 
     |             Instance              |     Arc      |   Cell   | Delay | Arrival | Required | 
     |                                   |              |          |       |  Time   |   Time   | 
     |-----------------------------------+--------------+----------+-------+---------+----------| 
     | datapath/registers_RF_reg[27][19] | CK ^         |          |       |   2.203 |    3.465 | 
     | datapath/registers_RF_reg[27][19] | CK ^ -> Q v  | DFFR_X1  | 0.098 |   2.301 |    3.563 | 
     | datapath/g4040                    | A1 v -> ZN ^ | NAND2_X2 | 0.016 |   2.317 |    3.580 | 
     | datapath/FE_RC_2205_0             | A3 ^ -> ZN v | NAND4_X2 | 0.032 |   2.349 |    3.612 | 
     | datapath/FE_RC_1808_0             | A v -> ZN ^  | INV_X2   | 0.018 |   2.367 |    3.630 | 
     | datapath/FE_RC_1088_0             | A2 ^ -> ZN ^ | AND2_X4  | 0.035 |   2.402 |    3.665 | 
     | datapath/FE_RC_2961_0             | A1 ^ -> ZN v | NAND4_X4 | 0.026 |   2.428 |    3.690 | 
     | datapath/FE_RC_1087_0             | A v -> ZN ^  | INV_X4   | 0.020 |   2.448 |    3.710 | 
     | datapath/g32739                   | B1 ^ -> ZN v | AOI21_X4 | 0.014 |   2.462 |    3.724 | 
     | datapath/FE_RC_1095_0             | A1 v -> ZN ^ | NAND2_X1 | 0.021 |   2.483 |    3.746 | 
     | datapath/FE_RC_1093_0             | A1 ^ -> ZN v | NAND2_X1 | 0.014 |   2.497 |    3.759 | 
     | datapath/FE_OFC1815_FE_RN_498_0   | A v -> ZN ^  | INV_X1   | 0.012 |   2.509 |    3.772 | 
     | datapath/FE_RC_3028_0             | A3 ^ -> ZN v | NAND3_X1 | 0.025 |   2.534 |    3.796 | 
     | datapath/FE_OFC1807_n_3116        | A v -> ZN ^  | INV_X2   | 0.019 |   2.553 |    3.815 | 
     | datapath/FE_RC_2826_0             | A2 ^ -> ZN v | NAND4_X4 | 0.027 |   2.581 |    3.843 | 
     | datapath/FE_OFC1803_FE_RN_1400_0  | A v -> ZN ^  | INV_X4   | 0.018 |   2.598 |    3.861 | 
     | datapath/FE_RC_654_0              | A1 ^ -> ZN v | NAND2_X1 | 0.016 |   2.615 |    3.877 | 
     | datapath/FE_OFC1799_FE_RN_321_0   | A v -> ZN ^  | INV_X2   | 0.017 |   2.632 |    3.894 | 
     | datapath/FE_RC_375_0              | A1 ^ -> ZN v | NAND3_X4 | 0.019 |   2.651 |    3.913 | 
     | datapath/FE_RC_374_0              | A1 v -> ZN ^ | NAND2_X4 | 0.016 |   2.666 |    3.929 | 
     | datapath/FE_RC_221_0              | A1 ^ -> ZN v | NAND2_X4 | 0.018 |   2.684 |    3.947 | 
     | g1064                             | A1 v -> ZN ^ | NAND2_X4 | 0.023 |   2.707 |    3.970 | 
     | datapath/g44451_0                 | A1 ^ -> ZN v | NAND2_X2 | 0.019 |   2.727 |    3.989 | 
     | datapath/FE_OCPC317_n_166         | A v -> Z v   | BUF_X8   | 0.032 |   2.759 |    4.021 | 
     | datapath/g44175                   | B1 v -> ZN ^ | OAI22_X1 | 0.038 |   2.796 |    4.059 | 
     | datapath/IFID_instr_reg[6]        | D ^          | DFFR_X1  | 0.000 |   2.796 |    4.059 | 
     +------------------------------------------------------------------------------------------+ 
Path 19: MET Setup Check with Pin datapath/registers_RF_reg[26][12]/CK 
Endpoint:   datapath/registers_RF_reg[26][12]/D (v) checked with trailing edge 
of 'clk'
Beginpoint: datapath/MEMWB_memToReg_reg/Q       (v) triggered by  leading edge 
of 'clk'
Path Groups: {reg2reg}
Analysis View: RPT_TYP
Other End Arrival Time          2.120
- Setup                         0.037
+ Phase Shift                   0.000
+ CPPR Adjustment               0.000
- Uncertainty                   0.100
= Required Time                 1.984
- Arrival Time                  0.722
= Slack Time                    1.262
     Clock Rise Edge                 0.000
     + Clock Network Latency (Prop)  0.281
     = Beginpoint Arrival Time       0.281
     +-------------------------------------------------------------------------------------------+ 
     |              Instance              |     Arc     |   Cell    | Delay | Arrival | Required | 
     |                                    |             |           |       |  Time   |   Time   | 
     |------------------------------------+-------------+-----------+-------+---------+----------| 
     | datapath/MEMWB_memToReg_reg        | CK ^        |           |       |   0.281 |    1.543 | 
     | datapath/MEMWB_memToReg_reg        | CK ^ -> Q v | DFFR_X1   | 0.096 |   0.377 |    1.639 | 
     | datapath/FE_OCPC331_MEMWB_memToReg | A v -> ZN ^ | INV_X4    | 0.032 |   0.409 |    1.671 | 
     | datapath/FE_OFC1981_n_2592         | A ^ -> Z ^  | BUF_X2    | 0.053 |   0.462 |    1.724 | 
     | datapath/FE_OCPC1768_n_2592        | A ^ -> ZN v | INV_X8    | 0.019 |   0.480 |    1.743 | 
     | datapath/g33192                    | S v -> Z ^  | MUX2_X1   | 0.062 |   0.543 |    1.805 | 
     | datapath/FE_OFC292_n_95            | A ^ -> ZN v | INV_X1    | 0.016 |   0.559 |    1.821 | 
     | datapath/FE_OFC293_n_95            | A v -> Z v  | CLKBUF_X3 | 0.082 |   0.641 |    1.903 | 
     | datapath/g43258                    | B v -> Z v  | MUX2_X1   | 0.081 |   0.722 |    1.984 | 
     | datapath/registers_RF_reg[26][12]  | D v         | DFFR_X1   | 0.000 |   0.722 |    1.984 | 
     +-------------------------------------------------------------------------------------------+ 
Path 20: MET Setup Check with Pin datapath/registers_RF_reg[30][12]/CK 
Endpoint:   datapath/registers_RF_reg[30][12]/D (v) checked with trailing edge 
of 'clk'
Beginpoint: datapath/MEMWB_memToReg_reg/Q       (v) triggered by  leading edge 
of 'clk'
Path Groups: {reg2reg}
Analysis View: RPT_TYP
Other End Arrival Time          2.120
- Setup                         0.037
+ Phase Shift                   0.000
+ CPPR Adjustment               0.000
- Uncertainty                   0.100
= Required Time                 1.984
- Arrival Time                  0.721
= Slack Time                    1.263
     Clock Rise Edge                 0.000
     + Clock Network Latency (Prop)  0.281
     = Beginpoint Arrival Time       0.281
     +-------------------------------------------------------------------------------------------+ 
     |              Instance              |     Arc     |   Cell    | Delay | Arrival | Required | 
     |                                    |             |           |       |  Time   |   Time   | 
     |------------------------------------+-------------+-----------+-------+---------+----------| 
     | datapath/MEMWB_memToReg_reg        | CK ^        |           |       |   0.281 |    1.544 | 
     | datapath/MEMWB_memToReg_reg        | CK ^ -> Q v | DFFR_X1   | 0.096 |   0.377 |    1.640 | 
     | datapath/FE_OCPC331_MEMWB_memToReg | A v -> ZN ^ | INV_X4    | 0.032 |   0.409 |    1.672 | 
     | datapath/FE_OFC1981_n_2592         | A ^ -> Z ^  | BUF_X2    | 0.053 |   0.462 |    1.724 | 
     | datapath/FE_OCPC1768_n_2592        | A ^ -> ZN v | INV_X8    | 0.019 |   0.481 |    1.743 | 
     | datapath/g33192                    | S v -> Z ^  | MUX2_X1   | 0.062 |   0.543 |    1.806 | 
     | datapath/FE_OFC292_n_95            | A ^ -> ZN v | INV_X1    | 0.016 |   0.559 |    1.821 | 
     | datapath/FE_OFC293_n_95            | A v -> Z v  | CLKBUF_X3 | 0.082 |   0.641 |    1.903 | 
     | datapath/g43483                    | A v -> Z v  | MUX2_X1   | 0.081 |   0.721 |    1.984 | 
     | datapath/registers_RF_reg[30][12]  | D v         | DFFR_X1   | 0.000 |   0.721 |    1.984 | 
     +-------------------------------------------------------------------------------------------+ 
Path 21: MET Setup Check with Pin datapath/IF_pc_reg[18]/CK 
Endpoint:   datapath/IF_pc_reg[18]/D            (^) checked with  leading edge 
of 'clk'
Beginpoint: datapath/registers_RF_reg[27][19]/Q (v) triggered by trailing edge 
of 'clk'
Path Groups: {reg2reg}
Analysis View: RPT_TYP
Other End Arrival Time          0.295
- Setup                         0.032
+ Phase Shift                   3.900
+ CPPR Adjustment               0.000
- Uncertainty                   0.100
= Required Time                 4.064
- Arrival Time                  2.801
= Slack Time                    1.263
     Clock Fall Edge                 1.950
     + Clock Network Latency (Prop)  0.253
     = Beginpoint Arrival Time       2.203
     +-----------------------------------------------------------------------------------------------------------+ 
     |                      Instance                      |     Arc      |   Cell   | Delay | Arrival | Required | 
     |                                                    |              |          |       |  Time   |   Time   | 
     |----------------------------------------------------+--------------+----------+-------+---------+----------| 
     | datapath/registers_RF_reg[27][19]                  | CK ^         |          |       |   2.203 |    3.466 | 
     | datapath/registers_RF_reg[27][19]                  | CK ^ -> Q v  | DFFR_X1  | 0.098 |   2.301 |    3.564 | 
     | datapath/g4040                                     | A1 v -> ZN ^ | NAND2_X2 | 0.016 |   2.317 |    3.580 | 
     | datapath/FE_RC_2205_0                              | A3 ^ -> ZN v | NAND4_X2 | 0.032 |   2.349 |    3.612 | 
     | datapath/FE_RC_1808_0                              | A v -> ZN ^  | INV_X2   | 0.018 |   2.367 |    3.630 | 
     | datapath/FE_RC_1088_0                              | A2 ^ -> ZN ^ | AND2_X4  | 0.035 |   2.402 |    3.665 | 
     | datapath/FE_RC_2961_0                              | A1 ^ -> ZN v | NAND4_X4 | 0.026 |   2.428 |    3.691 | 
     | datapath/FE_RC_1087_0                              | A v -> ZN ^  | INV_X4   | 0.020 |   2.448 |    3.711 | 
     | datapath/g32739                                    | B1 ^ -> ZN v | AOI21_X4 | 0.014 |   2.462 |    3.725 | 
     | datapath/FE_RC_1095_0                              | A1 v -> ZN ^ | NAND2_X1 | 0.021 |   2.484 |    3.746 | 
     | datapath/FE_RC_1093_0                              | A1 ^ -> ZN v | NAND2_X1 | 0.014 |   2.497 |    3.760 | 
     | datapath/FE_OFC1815_FE_RN_498_0                    | A v -> ZN ^  | INV_X1   | 0.012 |   2.509 |    3.772 | 
     | datapath/FE_RC_3028_0                              | A3 ^ -> ZN v | NAND3_X1 | 0.025 |   2.534 |    3.797 | 
     | datapath/FE_OFC1807_n_3116                         | A v -> ZN ^  | INV_X2   | 0.019 |   2.553 |    3.816 | 
     | datapath/FE_RC_2826_0                              | A2 ^ -> ZN v | NAND4_X4 | 0.027 |   2.581 |    3.844 | 
     | datapath/FE_OFC1803_FE_RN_1400_0                   | A v -> ZN ^  | INV_X4   | 0.018 |   2.598 |    3.861 | 
     | datapath/FE_RC_654_0                               | A1 ^ -> ZN v | NAND2_X1 | 0.016 |   2.615 |    3.878 | 
     | datapath/FE_OFC1799_FE_RN_321_0                    | A v -> ZN ^  | INV_X2   | 0.017 |   2.632 |    3.894 | 
     | datapath/FE_RC_375_0                               | A1 ^ -> ZN v | NAND3_X4 | 0.019 |   2.651 |    3.914 | 
     | datapath/FE_RC_374_0                               | A1 v -> ZN ^ | NAND2_X4 | 0.016 |   2.666 |    3.929 | 
     | datapath/FE_RC_221_0                               | A1 ^ -> ZN v | NAND2_X4 | 0.018 |   2.684 |    3.947 | 
     | datapath/branch_or_inc_4/FE_OCPC1777_IFID_takeBran | A v -> ZN ^  | INV_X4   | 0.022 |   2.706 |    3.969 | 
     | ch                                                 |              |          |       |         |          | 
     | datapath/branch_or_inc_4/FE_OCPC1778_IFID_takeBran | A ^ -> ZN v  | INV_X8   | 0.014 |   2.720 |    3.982 | 
     | ch                                                 |              |          |       |         |          | 
     | datapath/branch_or_inc_4/FE_OFC1793_FE_RN_2        | A v -> ZN ^  | INV_X16  | 0.022 |   2.741 |    4.004 | 
     | datapath/branch_or_inc_4/g854__5107                | A1 ^ -> ZN v | NAND2_X2 | 0.018 |   2.760 |    4.023 | 
     | datapath/branch_or_inc_4/g820__2346                | A1 v -> ZN ^ | NAND2_X1 | 0.014 |   2.774 |    4.037 | 
     | datapath/FE_RC_3238_0                              | A1 ^ -> ZN v | NAND2_X1 | 0.013 |   2.786 |    4.049 | 
     | datapath/FE_RC_3237_0                              | A1 v -> ZN ^ | NAND2_X1 | 0.014 |   2.801 |    4.064 | 
     | datapath/IF_pc_reg[18]                             | D ^          | DFFR_X1  | 0.000 |   2.801 |    4.064 | 
     +-----------------------------------------------------------------------------------------------------------+ 
Path 22: MET Setup Check with Pin datapath/registers_RF_reg[29][12]/CK 
Endpoint:   datapath/registers_RF_reg[29][12]/D (v) checked with trailing edge 
of 'clk'
Beginpoint: datapath/MEMWB_memToReg_reg/Q       (v) triggered by  leading edge 
of 'clk'
Path Groups: {reg2reg}
Analysis View: RPT_TYP
Other End Arrival Time          2.120
- Setup                         0.037
+ Phase Shift                   0.000
+ CPPR Adjustment               0.000
- Uncertainty                   0.100
= Required Time                 1.984
- Arrival Time                  0.721
= Slack Time                    1.263
     Clock Rise Edge                 0.000
     + Clock Network Latency (Prop)  0.281
     = Beginpoint Arrival Time       0.281
     +-------------------------------------------------------------------------------------------+ 
     |              Instance              |     Arc     |   Cell    | Delay | Arrival | Required | 
     |                                    |             |           |       |  Time   |   Time   | 
     |------------------------------------+-------------+-----------+-------+---------+----------| 
     | datapath/MEMWB_memToReg_reg        | CK ^        |           |       |   0.281 |    1.544 | 
     | datapath/MEMWB_memToReg_reg        | CK ^ -> Q v | DFFR_X1   | 0.096 |   0.377 |    1.640 | 
     | datapath/FE_OCPC331_MEMWB_memToReg | A v -> ZN ^ | INV_X4    | 0.032 |   0.409 |    1.672 | 
     | datapath/FE_OFC1981_n_2592         | A ^ -> Z ^  | BUF_X2    | 0.053 |   0.462 |    1.724 | 
     | datapath/FE_OCPC1768_n_2592        | A ^ -> ZN v | INV_X8    | 0.019 |   0.480 |    1.743 | 
     | datapath/g33192                    | S v -> Z ^  | MUX2_X1   | 0.062 |   0.543 |    1.806 | 
     | datapath/FE_OFC292_n_95            | A ^ -> ZN v | INV_X1    | 0.016 |   0.559 |    1.821 | 
     | datapath/FE_OFC293_n_95            | A v -> Z v  | CLKBUF_X3 | 0.082 |   0.641 |    1.903 | 
     | datapath/g43879                    | A v -> Z v  | MUX2_X1   | 0.080 |   0.721 |    1.984 | 
     | datapath/registers_RF_reg[29][12]  | D v         | DFFR_X1   | 0.000 |   0.721 |    1.984 | 
     +-------------------------------------------------------------------------------------------+ 
Path 23: MET Setup Check with Pin datapath/IFID_instr_reg[31]/CK 
Endpoint:   datapath/IFID_instr_reg[31]/D       (^) checked with  leading edge 
of 'clk'
Beginpoint: datapath/registers_RF_reg[27][19]/Q (v) triggered by trailing edge 
of 'clk'
Path Groups: {reg2reg}
Analysis View: RPT_TYP
Other End Arrival Time          0.295
- Setup                         0.036
+ Phase Shift                   3.900
+ CPPR Adjustment               0.000
- Uncertainty                   0.100
= Required Time                 4.059
- Arrival Time                  2.796
= Slack Time                    1.263
     Clock Fall Edge                 1.950
     + Clock Network Latency (Prop)  0.253
     = Beginpoint Arrival Time       2.203
     +------------------------------------------------------------------------------------------+ 
     |             Instance              |     Arc      |   Cell   | Delay | Arrival | Required | 
     |                                   |              |          |       |  Time   |   Time   | 
     |-----------------------------------+--------------+----------+-------+---------+----------| 
     | datapath/registers_RF_reg[27][19] | CK ^         |          |       |   2.203 |    3.466 | 
     | datapath/registers_RF_reg[27][19] | CK ^ -> Q v  | DFFR_X1  | 0.098 |   2.301 |    3.564 | 
     | datapath/g4040                    | A1 v -> ZN ^ | NAND2_X2 | 0.016 |   2.317 |    3.580 | 
     | datapath/FE_RC_2205_0             | A3 ^ -> ZN v | NAND4_X2 | 0.032 |   2.349 |    3.612 | 
     | datapath/FE_RC_1808_0             | A v -> ZN ^  | INV_X2   | 0.018 |   2.367 |    3.630 | 
     | datapath/FE_RC_1088_0             | A2 ^ -> ZN ^ | AND2_X4  | 0.035 |   2.402 |    3.665 | 
     | datapath/FE_RC_2961_0             | A1 ^ -> ZN v | NAND4_X4 | 0.026 |   2.428 |    3.691 | 
     | datapath/FE_RC_1087_0             | A v -> ZN ^  | INV_X4   | 0.020 |   2.448 |    3.711 | 
     | datapath/g32739                   | B1 ^ -> ZN v | AOI21_X4 | 0.014 |   2.462 |    3.725 | 
     | datapath/FE_RC_1095_0             | A1 v -> ZN ^ | NAND2_X1 | 0.021 |   2.483 |    3.746 | 
     | datapath/FE_RC_1093_0             | A1 ^ -> ZN v | NAND2_X1 | 0.014 |   2.497 |    3.760 | 
     | datapath/FE_OFC1815_FE_RN_498_0   | A v -> ZN ^  | INV_X1   | 0.012 |   2.509 |    3.772 | 
     | datapath/FE_RC_3028_0             | A3 ^ -> ZN v | NAND3_X1 | 0.025 |   2.534 |    3.797 | 
     | datapath/FE_OFC1807_n_3116        | A v -> ZN ^  | INV_X2   | 0.019 |   2.553 |    3.816 | 
     | datapath/FE_RC_2826_0             | A2 ^ -> ZN v | NAND4_X4 | 0.027 |   2.581 |    3.844 | 
     | datapath/FE_OFC1803_FE_RN_1400_0  | A v -> ZN ^  | INV_X4   | 0.018 |   2.598 |    3.861 | 
     | datapath/FE_RC_654_0              | A1 ^ -> ZN v | NAND2_X1 | 0.016 |   2.615 |    3.878 | 
     | datapath/FE_OFC1799_FE_RN_321_0   | A v -> ZN ^  | INV_X2   | 0.017 |   2.632 |    3.895 | 
     | datapath/FE_RC_375_0              | A1 ^ -> ZN v | NAND3_X4 | 0.019 |   2.651 |    3.914 | 
     | datapath/FE_RC_374_0              | A1 v -> ZN ^ | NAND2_X4 | 0.016 |   2.666 |    3.929 | 
     | datapath/FE_RC_221_0              | A1 ^ -> ZN v | NAND2_X4 | 0.018 |   2.684 |    3.947 | 
     | g1064                             | A1 v -> ZN ^ | NAND2_X4 | 0.023 |   2.707 |    3.970 | 
     | datapath/FE_RC_259_0              | A1 ^ -> ZN v | NAND2_X4 | 0.019 |   2.726 |    3.989 | 
     | datapath/FE_RC_492_0              | A v -> Z v   | BUF_X16  | 0.030 |   2.756 |    4.019 | 
     | datapath/FE_RC_658_0              | B1 v -> ZN ^ | OAI22_X1 | 0.040 |   2.796 |    4.059 | 
     | datapath/IFID_instr_reg[31]       | D ^          | DFFR_X2  | 0.000 |   2.796 |    4.059 | 
     +------------------------------------------------------------------------------------------+ 
Path 24: MET Setup Check with Pin datapath/IFID_instr_reg[1]/CK 
Endpoint:   datapath/IFID_instr_reg[1]/D        (^) checked with  leading edge 
of 'clk'
Beginpoint: datapath/registers_RF_reg[27][19]/Q (v) triggered by trailing edge 
of 'clk'
Path Groups: {reg2reg}
Analysis View: RPT_TYP
Other End Arrival Time          0.300
- Setup                         0.036
+ Phase Shift                   3.900
+ CPPR Adjustment               0.000
- Uncertainty                   0.100
= Required Time                 4.064
- Arrival Time                  2.800
= Slack Time                    1.263
     Clock Fall Edge                 1.950
     + Clock Network Latency (Prop)  0.253
     = Beginpoint Arrival Time       2.203
     +------------------------------------------------------------------------------------------+ 
     |             Instance              |     Arc      |   Cell   | Delay | Arrival | Required | 
     |                                   |              |          |       |  Time   |   Time   | 
     |-----------------------------------+--------------+----------+-------+---------+----------| 
     | datapath/registers_RF_reg[27][19] | CK ^         |          |       |   2.203 |    3.466 | 
     | datapath/registers_RF_reg[27][19] | CK ^ -> Q v  | DFFR_X1  | 0.098 |   2.301 |    3.564 | 
     | datapath/g4040                    | A1 v -> ZN ^ | NAND2_X2 | 0.016 |   2.317 |    3.580 | 
     | datapath/FE_RC_2205_0             | A3 ^ -> ZN v | NAND4_X2 | 0.032 |   2.349 |    3.612 | 
     | datapath/FE_RC_1808_0             | A v -> ZN ^  | INV_X2   | 0.018 |   2.367 |    3.630 | 
     | datapath/FE_RC_1088_0             | A2 ^ -> ZN ^ | AND2_X4  | 0.035 |   2.402 |    3.666 | 
     | datapath/FE_RC_2961_0             | A1 ^ -> ZN v | NAND4_X4 | 0.026 |   2.428 |    3.691 | 
     | datapath/FE_RC_1087_0             | A v -> ZN ^  | INV_X4   | 0.020 |   2.448 |    3.711 | 
     | datapath/g32739                   | B1 ^ -> ZN v | AOI21_X4 | 0.014 |   2.462 |    3.725 | 
     | datapath/FE_RC_1095_0             | A1 v -> ZN ^ | NAND2_X1 | 0.021 |   2.483 |    3.747 | 
     | datapath/FE_RC_1093_0             | A1 ^ -> ZN v | NAND2_X1 | 0.014 |   2.497 |    3.760 | 
     | datapath/FE_OFC1815_FE_RN_498_0   | A v -> ZN ^  | INV_X1   | 0.012 |   2.509 |    3.772 | 
     | datapath/FE_RC_3028_0             | A3 ^ -> ZN v | NAND3_X1 | 0.025 |   2.534 |    3.797 | 
     | datapath/FE_OFC1807_n_3116        | A v -> ZN ^  | INV_X2   | 0.019 |   2.553 |    3.816 | 
     | datapath/FE_RC_2826_0             | A2 ^ -> ZN v | NAND4_X4 | 0.027 |   2.581 |    3.844 | 
     | datapath/FE_OFC1803_FE_RN_1400_0  | A v -> ZN ^  | INV_X4   | 0.018 |   2.598 |    3.862 | 
     | datapath/FE_RC_654_0              | A1 ^ -> ZN v | NAND2_X1 | 0.016 |   2.615 |    3.878 | 
     | datapath/FE_OFC1799_FE_RN_321_0   | A v -> ZN ^  | INV_X2   | 0.017 |   2.632 |    3.895 | 
     | datapath/FE_RC_375_0              | A1 ^ -> ZN v | NAND3_X4 | 0.019 |   2.651 |    3.914 | 
     | datapath/FE_RC_374_0              | A1 v -> ZN ^ | NAND2_X4 | 0.016 |   2.666 |    3.930 | 
     | datapath/FE_RC_221_0              | A1 ^ -> ZN v | NAND2_X4 | 0.018 |   2.684 |    3.947 | 
     | g1064                             | A1 v -> ZN ^ | NAND2_X4 | 0.023 |   2.707 |    3.970 | 
     | datapath/g45784                   | A1 ^ -> ZN v | NAND2_X2 | 0.019 |   2.726 |    3.989 | 
     | datapath/FE_OFC1798_n_167         | A v -> Z v   | BUF_X4   | 0.034 |   2.760 |    4.023 | 
     | datapath/g44196                   | B1 v -> ZN ^ | OAI22_X1 | 0.040 |   2.800 |    4.064 | 
     | datapath/IFID_instr_reg[1]        | D ^          | DFFR_X1  | 0.000 |   2.800 |    4.064 | 
     +------------------------------------------------------------------------------------------+ 
Path 25: MET Setup Check with Pin datapath/IFID_instr_reg[12]/CK 
Endpoint:   datapath/IFID_instr_reg[12]/D       (^) checked with  leading edge 
of 'clk'
Beginpoint: datapath/registers_RF_reg[27][19]/Q (v) triggered by trailing edge 
of 'clk'
Path Groups: {reg2reg}
Analysis View: RPT_TYP
Other End Arrival Time          0.296
- Setup                         0.037
+ Phase Shift                   3.900
+ CPPR Adjustment               0.000
- Uncertainty                   0.100
= Required Time                 4.059
- Arrival Time                  2.796
= Slack Time                    1.263
     Clock Fall Edge                 1.950
     + Clock Network Latency (Prop)  0.253
     = Beginpoint Arrival Time       2.203
     +------------------------------------------------------------------------------------------+ 
     |             Instance              |     Arc      |   Cell   | Delay | Arrival | Required | 
     |                                   |              |          |       |  Time   |   Time   | 
     |-----------------------------------+--------------+----------+-------+---------+----------| 
     | datapath/registers_RF_reg[27][19] | CK ^         |          |       |   2.203 |    3.466 | 
     | datapath/registers_RF_reg[27][19] | CK ^ -> Q v  | DFFR_X1  | 0.098 |   2.301 |    3.564 | 
     | datapath/g4040                    | A1 v -> ZN ^ | NAND2_X2 | 0.016 |   2.317 |    3.581 | 
     | datapath/FE_RC_2205_0             | A3 ^ -> ZN v | NAND4_X2 | 0.032 |   2.349 |    3.612 | 
     | datapath/FE_RC_1808_0             | A v -> ZN ^  | INV_X2   | 0.018 |   2.367 |    3.631 | 
     | datapath/FE_RC_1088_0             | A2 ^ -> ZN ^ | AND2_X4  | 0.035 |   2.402 |    3.666 | 
     | datapath/FE_RC_2961_0             | A1 ^ -> ZN v | NAND4_X4 | 0.026 |   2.428 |    3.691 | 
     | datapath/FE_RC_1087_0             | A v -> ZN ^  | INV_X4   | 0.020 |   2.448 |    3.711 | 
     | datapath/g32739                   | B1 ^ -> ZN v | AOI21_X4 | 0.014 |   2.462 |    3.725 | 
     | datapath/FE_RC_1095_0             | A1 v -> ZN ^ | NAND2_X1 | 0.021 |   2.483 |    3.747 | 
     | datapath/FE_RC_1093_0             | A1 ^ -> ZN v | NAND2_X1 | 0.014 |   2.497 |    3.760 | 
     | datapath/FE_OFC1815_FE_RN_498_0   | A v -> ZN ^  | INV_X1   | 0.012 |   2.509 |    3.773 | 
     | datapath/FE_RC_3028_0             | A3 ^ -> ZN v | NAND3_X1 | 0.025 |   2.534 |    3.797 | 
     | datapath/FE_OFC1807_n_3116        | A v -> ZN ^  | INV_X2   | 0.019 |   2.553 |    3.816 | 
     | datapath/FE_RC_2826_0             | A2 ^ -> ZN v | NAND4_X4 | 0.027 |   2.581 |    3.844 | 
     | datapath/FE_OFC1803_FE_RN_1400_0  | A v -> ZN ^  | INV_X4   | 0.018 |   2.598 |    3.862 | 
     | datapath/FE_RC_654_0              | A1 ^ -> ZN v | NAND2_X1 | 0.016 |   2.615 |    3.878 | 
     | datapath/FE_OFC1799_FE_RN_321_0   | A v -> ZN ^  | INV_X2   | 0.017 |   2.632 |    3.895 | 
     | datapath/FE_RC_375_0              | A1 ^ -> ZN v | NAND3_X4 | 0.019 |   2.651 |    3.914 | 
     | datapath/FE_RC_374_0              | A1 v -> ZN ^ | NAND2_X4 | 0.016 |   2.666 |    3.930 | 
     | datapath/FE_RC_221_0              | A1 ^ -> ZN v | NAND2_X4 | 0.018 |   2.684 |    3.948 | 
     | g1064                             | A1 v -> ZN ^ | NAND2_X4 | 0.023 |   2.707 |    3.971 | 
     | datapath/FE_RC_259_0              | A1 ^ -> ZN v | NAND2_X4 | 0.019 |   2.726 |    3.989 | 
     | datapath/FE_RC_492_0              | A v -> Z v   | BUF_X16  | 0.030 |   2.756 |    4.019 | 
     | datapath/FE_RC_3247_0             | B1 v -> ZN ^ | OAI22_X1 | 0.040 |   2.796 |    4.059 | 
     | datapath/IFID_instr_reg[12]       | D ^          | DFFR_X1  | 0.000 |   2.796 |    4.059 | 
     +------------------------------------------------------------------------------------------+ 
Path 26: MET Setup Check with Pin datapath/IF_pc_reg[19]/CK 
Endpoint:   datapath/IF_pc_reg[19]/D            (^) checked with  leading edge 
of 'clk'
Beginpoint: datapath/registers_RF_reg[27][19]/Q (v) triggered by trailing edge 
of 'clk'
Path Groups: {reg2reg}
Analysis View: RPT_TYP
Other End Arrival Time          0.295
- Setup                         0.031
+ Phase Shift                   3.900
+ CPPR Adjustment               0.000
- Uncertainty                   0.100
= Required Time                 4.064
- Arrival Time                  2.800
= Slack Time                    1.263
     Clock Fall Edge                 1.950
     + Clock Network Latency (Prop)  0.253
     = Beginpoint Arrival Time       2.203
     +-----------------------------------------------------------------------------------------------------------+ 
     |                      Instance                      |     Arc      |   Cell   | Delay | Arrival | Required | 
     |                                                    |              |          |       |  Time   |   Time   | 
     |----------------------------------------------------+--------------+----------+-------+---------+----------| 
     | datapath/registers_RF_reg[27][19]                  | CK ^         |          |       |   2.203 |    3.466 | 
     | datapath/registers_RF_reg[27][19]                  | CK ^ -> Q v  | DFFR_X1  | 0.098 |   2.301 |    3.565 | 
     | datapath/g4040                                     | A1 v -> ZN ^ | NAND2_X2 | 0.016 |   2.317 |    3.581 | 
     | datapath/FE_RC_2205_0                              | A3 ^ -> ZN v | NAND4_X2 | 0.032 |   2.349 |    3.613 | 
     | datapath/FE_RC_1808_0                              | A v -> ZN ^  | INV_X2   | 0.018 |   2.367 |    3.631 | 
     | datapath/FE_RC_1088_0                              | A2 ^ -> ZN ^ | AND2_X4  | 0.035 |   2.402 |    3.666 | 
     | datapath/FE_RC_2961_0                              | A1 ^ -> ZN v | NAND4_X4 | 0.026 |   2.428 |    3.692 | 
     | datapath/FE_RC_1087_0                              | A v -> ZN ^  | INV_X4   | 0.020 |   2.448 |    3.711 | 
     | datapath/g32739                                    | B1 ^ -> ZN v | AOI21_X4 | 0.014 |   2.462 |    3.725 | 
     | datapath/FE_RC_1095_0                              | A1 v -> ZN ^ | NAND2_X1 | 0.021 |   2.484 |    3.747 | 
     | datapath/FE_RC_1093_0                              | A1 ^ -> ZN v | NAND2_X1 | 0.014 |   2.497 |    3.761 | 
     | datapath/FE_OFC1815_FE_RN_498_0                    | A v -> ZN ^  | INV_X1   | 0.012 |   2.509 |    3.773 | 
     | datapath/FE_RC_3028_0                              | A3 ^ -> ZN v | NAND3_X1 | 0.025 |   2.534 |    3.797 | 
     | datapath/FE_OFC1807_n_3116                         | A v -> ZN ^  | INV_X2   | 0.019 |   2.553 |    3.817 | 
     | datapath/FE_RC_2826_0                              | A2 ^ -> ZN v | NAND4_X4 | 0.027 |   2.581 |    3.844 | 
     | datapath/FE_OFC1803_FE_RN_1400_0                   | A v -> ZN ^  | INV_X4   | 0.018 |   2.598 |    3.862 | 
     | datapath/FE_RC_654_0                               | A1 ^ -> ZN v | NAND2_X1 | 0.016 |   2.615 |    3.878 | 
     | datapath/FE_OFC1799_FE_RN_321_0                    | A v -> ZN ^  | INV_X2   | 0.017 |   2.632 |    3.895 | 
     | datapath/FE_RC_375_0                               | A1 ^ -> ZN v | NAND3_X4 | 0.019 |   2.651 |    3.914 | 
     | datapath/FE_RC_374_0                               | A1 v -> ZN ^ | NAND2_X4 | 0.016 |   2.666 |    3.930 | 
     | datapath/FE_RC_221_0                               | A1 ^ -> ZN v | NAND2_X4 | 0.018 |   2.684 |    3.948 | 
     | datapath/branch_or_inc_4/FE_OCPC1777_IFID_takeBran | A v -> ZN ^  | INV_X4   | 0.022 |   2.706 |    3.969 | 
     | ch                                                 |              |          |       |         |          | 
     | datapath/branch_or_inc_4/FE_OCPC1778_IFID_takeBran | A ^ -> ZN v  | INV_X8   | 0.014 |   2.720 |    3.983 | 
     | ch                                                 |              |          |       |         |          | 
     | datapath/branch_or_inc_4/FE_OFC1793_FE_RN_2        | A v -> ZN ^  | INV_X16  | 0.022 |   2.741 |    4.005 | 
     | datapath/branch_or_inc_4/g850__7410                | A1 ^ -> ZN v | NAND2_X2 | 0.019 |   2.760 |    4.023 | 
     | datapath/branch_or_inc_4/g845__9315                | A1 v -> ZN ^ | NAND2_X1 | 0.014 |   2.774 |    4.037 | 
     | datapath/FE_RC_234_0                               | A1 ^ -> ZN v | NAND2_X1 | 0.012 |   2.786 |    4.050 | 
     | datapath/FE_RC_233_0                               | A1 v -> ZN ^ | NAND2_X1 | 0.014 |   2.800 |    4.064 | 
     | datapath/IF_pc_reg[19]                             | D ^          | DFFR_X1  | 0.000 |   2.800 |    4.064 | 
     +-----------------------------------------------------------------------------------------------------------+ 
Path 27: MET Setup Check with Pin datapath/IFID_instr_reg[2]/CK 
Endpoint:   datapath/IFID_instr_reg[2]/D        (^) checked with  leading edge 
of 'clk'
Beginpoint: datapath/registers_RF_reg[27][19]/Q (v) triggered by trailing edge 
of 'clk'
Path Groups: {reg2reg}
Analysis View: RPT_TYP
Other End Arrival Time          0.295
- Setup                         0.036
+ Phase Shift                   3.900
+ CPPR Adjustment               0.000
- Uncertainty                   0.100
= Required Time                 4.059
- Arrival Time                  2.795
= Slack Time                    1.263
     Clock Fall Edge                 1.950
     + Clock Network Latency (Prop)  0.253
     = Beginpoint Arrival Time       2.203
     +------------------------------------------------------------------------------------------+ 
     |             Instance              |     Arc      |   Cell   | Delay | Arrival | Required | 
     |                                   |              |          |       |  Time   |   Time   | 
     |-----------------------------------+--------------+----------+-------+---------+----------| 
     | datapath/registers_RF_reg[27][19] | CK ^         |          |       |   2.203 |    3.466 | 
     | datapath/registers_RF_reg[27][19] | CK ^ -> Q v  | DFFR_X1  | 0.098 |   2.301 |    3.565 | 
     | datapath/g4040                    | A1 v -> ZN ^ | NAND2_X2 | 0.016 |   2.317 |    3.581 | 
     | datapath/FE_RC_2205_0             | A3 ^ -> ZN v | NAND4_X2 | 0.032 |   2.349 |    3.613 | 
     | datapath/FE_RC_1808_0             | A v -> ZN ^  | INV_X2   | 0.018 |   2.367 |    3.631 | 
     | datapath/FE_RC_1088_0             | A2 ^ -> ZN ^ | AND2_X4  | 0.035 |   2.402 |    3.666 | 
     | datapath/FE_RC_2961_0             | A1 ^ -> ZN v | NAND4_X4 | 0.026 |   2.428 |    3.692 | 
     | datapath/FE_RC_1087_0             | A v -> ZN ^  | INV_X4   | 0.020 |   2.448 |    3.711 | 
     | datapath/g32739                   | B1 ^ -> ZN v | AOI21_X4 | 0.014 |   2.462 |    3.725 | 
     | datapath/FE_RC_1095_0             | A1 v -> ZN ^ | NAND2_X1 | 0.021 |   2.483 |    3.747 | 
     | datapath/FE_RC_1093_0             | A1 ^ -> ZN v | NAND2_X1 | 0.014 |   2.497 |    3.761 | 
     | datapath/FE_OFC1815_FE_RN_498_0   | A v -> ZN ^  | INV_X1   | 0.012 |   2.509 |    3.773 | 
     | datapath/FE_RC_3028_0             | A3 ^ -> ZN v | NAND3_X1 | 0.025 |   2.534 |    3.797 | 
     | datapath/FE_OFC1807_n_3116        | A v -> ZN ^  | INV_X2   | 0.019 |   2.553 |    3.817 | 
     | datapath/FE_RC_2826_0             | A2 ^ -> ZN v | NAND4_X4 | 0.027 |   2.581 |    3.844 | 
     | datapath/FE_OFC1803_FE_RN_1400_0  | A v -> ZN ^  | INV_X4   | 0.018 |   2.598 |    3.862 | 
     | datapath/FE_RC_654_0              | A1 ^ -> ZN v | NAND2_X1 | 0.016 |   2.615 |    3.878 | 
     | datapath/FE_OFC1799_FE_RN_321_0   | A v -> ZN ^  | INV_X2   | 0.017 |   2.632 |    3.895 | 
     | datapath/FE_RC_375_0              | A1 ^ -> ZN v | NAND3_X4 | 0.019 |   2.651 |    3.914 | 
     | datapath/FE_RC_374_0              | A1 v -> ZN ^ | NAND2_X4 | 0.016 |   2.666 |    3.930 | 
     | datapath/FE_RC_221_0              | A1 ^ -> ZN v | NAND2_X4 | 0.018 |   2.684 |    3.948 | 
     | g1064                             | A1 v -> ZN ^ | NAND2_X4 | 0.023 |   2.707 |    3.971 | 
     | datapath/FE_RC_259_0              | A1 ^ -> ZN v | NAND2_X4 | 0.019 |   2.726 |    3.990 | 
     | datapath/FE_RC_492_0              | A v -> Z v   | BUF_X16  | 0.030 |   2.756 |    4.019 | 
     | datapath/FE_RC_3252_0             | B1 v -> ZN ^ | OAI22_X1 | 0.039 |   2.795 |    4.059 | 
     | datapath/IFID_instr_reg[2]        | D ^          | DFFR_X1  | 0.000 |   2.795 |    4.059 | 
     +------------------------------------------------------------------------------------------+ 
Path 28: MET Setup Check with Pin datapath/IF_pc_reg[21]/CK 
Endpoint:   datapath/IF_pc_reg[21]/D            (^) checked with  leading edge 
of 'clk'
Beginpoint: datapath/registers_RF_reg[27][19]/Q (v) triggered by trailing edge 
of 'clk'
Path Groups: {reg2reg}
Analysis View: RPT_TYP
Other End Arrival Time          0.297
- Setup                         0.033
+ Phase Shift                   3.900
+ CPPR Adjustment               0.000
- Uncertainty                   0.100
= Required Time                 4.064
- Arrival Time                  2.801
= Slack Time                    1.263
     Clock Fall Edge                 1.950
     + Clock Network Latency (Prop)  0.253
     = Beginpoint Arrival Time       2.203
     +-----------------------------------------------------------------------------------------------------------+ 
     |                      Instance                      |     Arc      |   Cell   | Delay | Arrival | Required | 
     |                                                    |              |          |       |  Time   |   Time   | 
     |----------------------------------------------------+--------------+----------+-------+---------+----------| 
     | datapath/registers_RF_reg[27][19]                  | CK ^         |          |       |   2.203 |    3.466 | 
     | datapath/registers_RF_reg[27][19]                  | CK ^ -> Q v  | DFFR_X1  | 0.098 |   2.301 |    3.565 | 
     | datapath/g4040                                     | A1 v -> ZN ^ | NAND2_X2 | 0.016 |   2.317 |    3.581 | 
     | datapath/FE_RC_2205_0                              | A3 ^ -> ZN v | NAND4_X2 | 0.032 |   2.349 |    3.613 | 
     | datapath/FE_RC_1808_0                              | A v -> ZN ^  | INV_X2   | 0.018 |   2.367 |    3.631 | 
     | datapath/FE_RC_1088_0                              | A2 ^ -> ZN ^ | AND2_X4  | 0.035 |   2.403 |    3.666 | 
     | datapath/FE_RC_2961_0                              | A1 ^ -> ZN v | NAND4_X4 | 0.026 |   2.428 |    3.692 | 
     | datapath/FE_RC_1087_0                              | A v -> ZN ^  | INV_X4   | 0.020 |   2.448 |    3.711 | 
     | datapath/g32739                                    | B1 ^ -> ZN v | AOI21_X4 | 0.014 |   2.462 |    3.726 | 
     | datapath/FE_RC_1095_0                              | A1 v -> ZN ^ | NAND2_X1 | 0.021 |   2.484 |    3.747 | 
     | datapath/FE_RC_1093_0                              | A1 ^ -> ZN v | NAND2_X1 | 0.014 |   2.497 |    3.761 | 
     | datapath/FE_OFC1815_FE_RN_498_0                    | A v -> ZN ^  | INV_X1   | 0.012 |   2.509 |    3.773 | 
     | datapath/FE_RC_3028_0                              | A3 ^ -> ZN v | NAND3_X1 | 0.025 |   2.534 |    3.798 | 
     | datapath/FE_OFC1807_n_3116                         | A v -> ZN ^  | INV_X2   | 0.019 |   2.553 |    3.817 | 
     | datapath/FE_RC_2826_0                              | A2 ^ -> ZN v | NAND4_X4 | 0.027 |   2.581 |    3.844 | 
     | datapath/FE_OFC1803_FE_RN_1400_0                   | A v -> ZN ^  | INV_X4   | 0.018 |   2.599 |    3.862 | 
     | datapath/FE_RC_654_0                               | A1 ^ -> ZN v | NAND2_X1 | 0.016 |   2.615 |    3.878 | 
     | datapath/FE_OFC1799_FE_RN_321_0                    | A v -> ZN ^  | INV_X2   | 0.017 |   2.632 |    3.895 | 
     | datapath/FE_RC_375_0                               | A1 ^ -> ZN v | NAND3_X4 | 0.019 |   2.651 |    3.914 | 
     | datapath/FE_RC_374_0                               | A1 v -> ZN ^ | NAND2_X4 | 0.016 |   2.667 |    3.930 | 
     | datapath/FE_RC_221_0                               | A1 ^ -> ZN v | NAND2_X4 | 0.018 |   2.684 |    3.948 | 
     | datapath/branch_or_inc_4/FE_OCPC1777_IFID_takeBran | A v -> ZN ^  | INV_X4   | 0.022 |   2.706 |    3.969 | 
     | ch                                                 |              |          |       |         |          | 
     | datapath/branch_or_inc_4/FE_OCPC1778_IFID_takeBran | A ^ -> ZN v  | INV_X8   | 0.014 |   2.720 |    3.983 | 
     | ch                                                 |              |          |       |         |          | 
     | datapath/branch_or_inc_4/FE_OFC1793_FE_RN_2        | A v -> ZN ^  | INV_X16  | 0.022 |   2.741 |    4.005 | 
     | datapath/branch_or_inc_4/g871__4733                | A1 ^ -> ZN v | NAND2_X2 | 0.015 |   2.756 |    4.020 | 
     | datapath/branch_or_inc_4/g840__1881                | A1 v -> ZN ^ | NAND2_X1 | 0.014 |   2.771 |    4.034 | 
     | datapath/FE_OFC1791_IF_branchOrInc4_21             | A ^ -> ZN v  | INV_X1   | 0.010 |   2.780 |    4.044 | 
     | datapath/FE_RC_3304_0                              | B1 v -> ZN ^ | OAI21_X2 | 0.020 |   2.801 |    4.064 | 
     | datapath/IF_pc_reg[21]                             | D ^          | DFFR_X1  | 0.000 |   2.801 |    4.064 | 
     +-----------------------------------------------------------------------------------------------------------+ 
Path 29: MET Setup Check with Pin datapath/IFID_instr_reg[28]/CK 
Endpoint:   datapath/IFID_instr_reg[28]/D       (^) checked with  leading edge 
of 'clk'
Beginpoint: datapath/registers_RF_reg[27][19]/Q (v) triggered by trailing edge 
of 'clk'
Path Groups: {reg2reg}
Analysis View: RPT_TYP
Other End Arrival Time          0.296
- Setup                         0.036
+ Phase Shift                   3.900
+ CPPR Adjustment               0.000
- Uncertainty                   0.100
= Required Time                 4.059
- Arrival Time                  2.796
= Slack Time                    1.264
     Clock Fall Edge                 1.950
     + Clock Network Latency (Prop)  0.253
     = Beginpoint Arrival Time       2.203
     +------------------------------------------------------------------------------------------+ 
     |             Instance              |     Arc      |   Cell   | Delay | Arrival | Required | 
     |                                   |              |          |       |  Time   |   Time   | 
     |-----------------------------------+--------------+----------+-------+---------+----------| 
     | datapath/registers_RF_reg[27][19] | CK ^         |          |       |   2.203 |    3.466 | 
     | datapath/registers_RF_reg[27][19] | CK ^ -> Q v  | DFFR_X1  | 0.098 |   2.301 |    3.565 | 
     | datapath/g4040                    | A1 v -> ZN ^ | NAND2_X2 | 0.016 |   2.317 |    3.581 | 
     | datapath/FE_RC_2205_0             | A3 ^ -> ZN v | NAND4_X2 | 0.032 |   2.349 |    3.613 | 
     | datapath/FE_RC_1808_0             | A v -> ZN ^  | INV_X2   | 0.018 |   2.367 |    3.631 | 
     | datapath/FE_RC_1088_0             | A2 ^ -> ZN ^ | AND2_X4  | 0.035 |   2.402 |    3.666 | 
     | datapath/FE_RC_2961_0             | A1 ^ -> ZN v | NAND4_X4 | 0.026 |   2.428 |    3.692 | 
     | datapath/FE_RC_1087_0             | A v -> ZN ^  | INV_X4   | 0.020 |   2.448 |    3.711 | 
     | datapath/g32739                   | B1 ^ -> ZN v | AOI21_X4 | 0.014 |   2.462 |    3.726 | 
     | datapath/FE_RC_1095_0             | A1 v -> ZN ^ | NAND2_X1 | 0.021 |   2.483 |    3.747 | 
     | datapath/FE_RC_1093_0             | A1 ^ -> ZN v | NAND2_X1 | 0.014 |   2.497 |    3.761 | 
     | datapath/FE_OFC1815_FE_RN_498_0   | A v -> ZN ^  | INV_X1   | 0.012 |   2.509 |    3.773 | 
     | datapath/FE_RC_3028_0             | A3 ^ -> ZN v | NAND3_X1 | 0.025 |   2.534 |    3.798 | 
     | datapath/FE_OFC1807_n_3116        | A v -> ZN ^  | INV_X2   | 0.019 |   2.553 |    3.817 | 
     | datapath/FE_RC_2826_0             | A2 ^ -> ZN v | NAND4_X4 | 0.027 |   2.581 |    3.844 | 
     | datapath/FE_OFC1803_FE_RN_1400_0  | A v -> ZN ^  | INV_X4   | 0.018 |   2.598 |    3.862 | 
     | datapath/FE_RC_654_0              | A1 ^ -> ZN v | NAND2_X1 | 0.016 |   2.615 |    3.878 | 
     | datapath/FE_OFC1799_FE_RN_321_0   | A v -> ZN ^  | INV_X2   | 0.017 |   2.632 |    3.895 | 
     | datapath/FE_RC_375_0              | A1 ^ -> ZN v | NAND3_X4 | 0.019 |   2.651 |    3.914 | 
     | datapath/FE_RC_374_0              | A1 v -> ZN ^ | NAND2_X4 | 0.016 |   2.666 |    3.930 | 
     | datapath/FE_RC_221_0              | A1 ^ -> ZN v | NAND2_X4 | 0.018 |   2.684 |    3.948 | 
     | g1064                             | A1 v -> ZN ^ | NAND2_X4 | 0.023 |   2.707 |    3.971 | 
     | datapath/g44451_0                 | A1 ^ -> ZN v | NAND2_X2 | 0.019 |   2.727 |    3.990 | 
     | datapath/FE_OCPC317_n_166         | A v -> Z v   | BUF_X8   | 0.032 |   2.759 |    4.022 | 
     | datapath/g44178                   | B1 v -> ZN ^ | OAI22_X1 | 0.037 |   2.796 |    4.059 | 
     | datapath/IFID_instr_reg[28]       | D ^          | DFFR_X1  | 0.000 |   2.796 |    4.059 | 
     +------------------------------------------------------------------------------------------+ 
Path 30: MET Setup Check with Pin datapath/IF_pc_reg[1]/CK 
Endpoint:   datapath/IF_pc_reg[1]/D             (^) checked with  leading edge 
of 'clk'
Beginpoint: datapath/registers_RF_reg[27][19]/Q (v) triggered by trailing edge 
of 'clk'
Path Groups: {reg2reg}
Analysis View: RPT_TYP
Other End Arrival Time          0.295
- Setup                         0.032
+ Phase Shift                   3.900
+ CPPR Adjustment               0.000
- Uncertainty                   0.100
= Required Time                 4.064
- Arrival Time                  2.800
= Slack Time                    1.264
     Clock Fall Edge                 1.950
     + Clock Network Latency (Prop)  0.253
     = Beginpoint Arrival Time       2.203
     +-----------------------------------------------------------------------------------------------------------+ 
     |                      Instance                      |     Arc      |   Cell   | Delay | Arrival | Required | 
     |                                                    |              |          |       |  Time   |   Time   | 
     |----------------------------------------------------+--------------+----------+-------+---------+----------| 
     | datapath/registers_RF_reg[27][19]                  | CK ^         |          |       |   2.203 |    3.467 | 
     | datapath/registers_RF_reg[27][19]                  | CK ^ -> Q v  | DFFR_X1  | 0.098 |   2.301 |    3.565 | 
     | datapath/g4040                                     | A1 v -> ZN ^ | NAND2_X2 | 0.016 |   2.317 |    3.581 | 
     | datapath/FE_RC_2205_0                              | A3 ^ -> ZN v | NAND4_X2 | 0.032 |   2.349 |    3.613 | 
     | datapath/FE_RC_1808_0                              | A v -> ZN ^  | INV_X2   | 0.018 |   2.367 |    3.631 | 
     | datapath/FE_RC_1088_0                              | A2 ^ -> ZN ^ | AND2_X4  | 0.035 |   2.402 |    3.666 | 
     | datapath/FE_RC_2961_0                              | A1 ^ -> ZN v | NAND4_X4 | 0.026 |   2.428 |    3.692 | 
     | datapath/FE_RC_1087_0                              | A v -> ZN ^  | INV_X4   | 0.020 |   2.448 |    3.711 | 
     | datapath/g32739                                    | B1 ^ -> ZN v | AOI21_X4 | 0.014 |   2.462 |    3.726 | 
     | datapath/FE_RC_1095_0                              | A1 v -> ZN ^ | NAND2_X1 | 0.021 |   2.483 |    3.747 | 
     | datapath/FE_RC_1093_0                              | A1 ^ -> ZN v | NAND2_X1 | 0.014 |   2.497 |    3.761 | 
     | datapath/FE_OFC1815_FE_RN_498_0                    | A v -> ZN ^  | INV_X1   | 0.012 |   2.509 |    3.773 | 
     | datapath/FE_RC_3028_0                              | A3 ^ -> ZN v | NAND3_X1 | 0.025 |   2.534 |    3.798 | 
     | datapath/FE_OFC1807_n_3116                         | A v -> ZN ^  | INV_X2   | 0.019 |   2.553 |    3.817 | 
     | datapath/FE_RC_2826_0                              | A2 ^ -> ZN v | NAND4_X4 | 0.027 |   2.581 |    3.844 | 
     | datapath/FE_OFC1803_FE_RN_1400_0                   | A v -> ZN ^  | INV_X4   | 0.018 |   2.598 |    3.862 | 
     | datapath/FE_RC_654_0                               | A1 ^ -> ZN v | NAND2_X1 | 0.016 |   2.615 |    3.878 | 
     | datapath/FE_OFC1799_FE_RN_321_0                    | A v -> ZN ^  | INV_X2   | 0.017 |   2.632 |    3.895 | 
     | datapath/FE_RC_375_0                               | A1 ^ -> ZN v | NAND3_X4 | 0.019 |   2.651 |    3.914 | 
     | datapath/FE_RC_374_0                               | A1 v -> ZN ^ | NAND2_X4 | 0.016 |   2.666 |    3.930 | 
     | datapath/FE_RC_221_0                               | A1 ^ -> ZN v | NAND2_X4 | 0.018 |   2.684 |    3.948 | 
     | datapath/branch_or_inc_4/FE_OCPC1777_IFID_takeBran | A v -> ZN ^  | INV_X4   | 0.022 |   2.706 |    3.970 | 
     | ch                                                 |              |          |       |         |          | 
     | datapath/branch_or_inc_4/FE_OCPC1778_IFID_takeBran | A ^ -> ZN v  | INV_X8   | 0.014 |   2.720 |    3.983 | 
     | ch                                                 |              |          |       |         |          | 
     | datapath/branch_or_inc_4/FE_OFC1793_FE_RN_2        | A v -> ZN ^  | INV_X16  | 0.022 |   2.741 |    4.005 | 
     | datapath/branch_or_inc_4/g858__5526                | A1 ^ -> ZN v | NAND2_X4 | 0.019 |   2.761 |    4.024 | 
     | datapath/branch_or_inc_4/g828__4319                | A1 v -> ZN ^ | NAND2_X2 | 0.013 |   2.774 |    4.038 | 
     | datapath/g44374                                    | A1 ^ -> ZN v | NAND2_X2 | 0.011 |   2.785 |    4.049 | 
     | datapath/g44253                                    | A1 v -> ZN ^ | NAND2_X1 | 0.015 |   2.800 |    4.064 | 
     | datapath/IF_pc_reg[1]                              | D ^          | DFFR_X1  | 0.000 |   2.800 |    4.064 | 
     +-----------------------------------------------------------------------------------------------------------+ 
Path 31: MET Setup Check with Pin datapath/IFID_instr_reg[13]/CK 
Endpoint:   datapath/IFID_instr_reg[13]/D       (^) checked with  leading edge 
of 'clk'
Beginpoint: datapath/registers_RF_reg[27][19]/Q (v) triggered by trailing edge 
of 'clk'
Path Groups: {reg2reg}
Analysis View: RPT_TYP
Other End Arrival Time          0.295
- Setup                         0.036
+ Phase Shift                   3.900
+ CPPR Adjustment               0.000
- Uncertainty                   0.100
= Required Time                 4.059
- Arrival Time                  2.795
= Slack Time                    1.264
     Clock Fall Edge                 1.950
     + Clock Network Latency (Prop)  0.253
     = Beginpoint Arrival Time       2.203
     +------------------------------------------------------------------------------------------+ 
     |             Instance              |     Arc      |   Cell   | Delay | Arrival | Required | 
     |                                   |              |          |       |  Time   |   Time   | 
     |-----------------------------------+--------------+----------+-------+---------+----------| 
     | datapath/registers_RF_reg[27][19] | CK ^         |          |       |   2.203 |    3.467 | 
     | datapath/registers_RF_reg[27][19] | CK ^ -> Q v  | DFFR_X1  | 0.098 |   2.301 |    3.565 | 
     | datapath/g4040                    | A1 v -> ZN ^ | NAND2_X2 | 0.016 |   2.317 |    3.581 | 
     | datapath/FE_RC_2205_0             | A3 ^ -> ZN v | NAND4_X2 | 0.032 |   2.349 |    3.613 | 
     | datapath/FE_RC_1808_0             | A v -> ZN ^  | INV_X2   | 0.018 |   2.367 |    3.631 | 
     | datapath/FE_RC_1088_0             | A2 ^ -> ZN ^ | AND2_X4  | 0.035 |   2.403 |    3.666 | 
     | datapath/FE_RC_2961_0             | A1 ^ -> ZN v | NAND4_X4 | 0.026 |   2.428 |    3.692 | 
     | datapath/FE_RC_1087_0             | A v -> ZN ^  | INV_X4   | 0.020 |   2.448 |    3.711 | 
     | datapath/g32739                   | B1 ^ -> ZN v | AOI21_X4 | 0.014 |   2.462 |    3.726 | 
     | datapath/FE_RC_1095_0             | A1 v -> ZN ^ | NAND2_X1 | 0.021 |   2.484 |    3.747 | 
     | datapath/FE_RC_1093_0             | A1 ^ -> ZN v | NAND2_X1 | 0.014 |   2.497 |    3.761 | 
     | datapath/FE_OFC1815_FE_RN_498_0   | A v -> ZN ^  | INV_X1   | 0.012 |   2.509 |    3.773 | 
     | datapath/FE_RC_3028_0             | A3 ^ -> ZN v | NAND3_X1 | 0.025 |   2.534 |    3.798 | 
     | datapath/FE_OFC1807_n_3116        | A v -> ZN ^  | INV_X2   | 0.019 |   2.553 |    3.817 | 
     | datapath/FE_RC_2826_0             | A2 ^ -> ZN v | NAND4_X4 | 0.027 |   2.581 |    3.844 | 
     | datapath/FE_OFC1803_FE_RN_1400_0  | A v -> ZN ^  | INV_X4   | 0.018 |   2.599 |    3.862 | 
     | datapath/FE_RC_654_0              | A1 ^ -> ZN v | NAND2_X1 | 0.016 |   2.615 |    3.879 | 
     | datapath/FE_OFC1799_FE_RN_321_0   | A v -> ZN ^  | INV_X2   | 0.017 |   2.632 |    3.895 | 
     | datapath/FE_RC_375_0              | A1 ^ -> ZN v | NAND3_X4 | 0.019 |   2.651 |    3.914 | 
     | datapath/FE_RC_374_0              | A1 v -> ZN ^ | NAND2_X4 | 0.016 |   2.666 |    3.930 | 
     | datapath/FE_RC_221_0              | A1 ^ -> ZN v | NAND2_X4 | 0.018 |   2.684 |    3.948 | 
     | g1064                             | A1 v -> ZN ^ | NAND2_X4 | 0.023 |   2.707 |    3.971 | 
     | datapath/FE_RC_259_0              | A1 ^ -> ZN v | NAND2_X4 | 0.019 |   2.726 |    3.990 | 
     | datapath/FE_RC_492_0              | A v -> Z v   | BUF_X16  | 0.030 |   2.756 |    4.020 | 
     | datapath/FE_RC_2735_0             | B1 v -> ZN ^ | OAI22_X1 | 0.039 |   2.795 |    4.059 | 
     | datapath/IFID_instr_reg[13]       | D ^          | DFFR_X1  | 0.000 |   2.795 |    4.059 | 
     +------------------------------------------------------------------------------------------+ 
Path 32: MET Setup Check with Pin datapath/IFID_instr_reg[30]/CK 
Endpoint:   datapath/IFID_instr_reg[30]/D       (^) checked with  leading edge 
of 'clk'
Beginpoint: datapath/registers_RF_reg[27][19]/Q (v) triggered by trailing edge 
of 'clk'
Path Groups: {reg2reg}
Analysis View: RPT_TYP
Other End Arrival Time          0.296
- Setup                         0.037
+ Phase Shift                   3.900
+ CPPR Adjustment               0.000
- Uncertainty                   0.100
= Required Time                 4.059
- Arrival Time                  2.794
= Slack Time                    1.265
     Clock Fall Edge                 1.950
     + Clock Network Latency (Prop)  0.253
     = Beginpoint Arrival Time       2.203
     +------------------------------------------------------------------------------------------+ 
     |             Instance              |     Arc      |   Cell   | Delay | Arrival | Required | 
     |                                   |              |          |       |  Time   |   Time   | 
     |-----------------------------------+--------------+----------+-------+---------+----------| 
     | datapath/registers_RF_reg[27][19] | CK ^         |          |       |   2.203 |    3.467 | 
     | datapath/registers_RF_reg[27][19] | CK ^ -> Q v  | DFFR_X1  | 0.098 |   2.301 |    3.566 | 
     | datapath/g4040                    | A1 v -> ZN ^ | NAND2_X2 | 0.016 |   2.317 |    3.582 | 
     | datapath/FE_RC_2205_0             | A3 ^ -> ZN v | NAND4_X2 | 0.032 |   2.349 |    3.614 | 
     | datapath/FE_RC_1808_0             | A v -> ZN ^  | INV_X2   | 0.018 |   2.367 |    3.632 | 
     | datapath/FE_RC_1088_0             | A2 ^ -> ZN ^ | AND2_X4  | 0.035 |   2.402 |    3.667 | 
     | datapath/FE_RC_2961_0             | A1 ^ -> ZN v | NAND4_X4 | 0.026 |   2.428 |    3.693 | 
     | datapath/FE_RC_1087_0             | A v -> ZN ^  | INV_X4   | 0.020 |   2.448 |    3.712 | 
     | datapath/g32739                   | B1 ^ -> ZN v | AOI21_X4 | 0.014 |   2.462 |    3.727 | 
     | datapath/FE_RC_1095_0             | A1 v -> ZN ^ | NAND2_X1 | 0.021 |   2.483 |    3.748 | 
     | datapath/FE_RC_1093_0             | A1 ^ -> ZN v | NAND2_X1 | 0.014 |   2.497 |    3.762 | 
     | datapath/FE_OFC1815_FE_RN_498_0   | A v -> ZN ^  | INV_X1   | 0.012 |   2.509 |    3.774 | 
     | datapath/FE_RC_3028_0             | A3 ^ -> ZN v | NAND3_X1 | 0.025 |   2.534 |    3.799 | 
     | datapath/FE_OFC1807_n_3116        | A v -> ZN ^  | INV_X2   | 0.019 |   2.553 |    3.818 | 
     | datapath/FE_RC_2826_0             | A2 ^ -> ZN v | NAND4_X4 | 0.027 |   2.581 |    3.845 | 
     | datapath/FE_OFC1803_FE_RN_1400_0  | A v -> ZN ^  | INV_X4   | 0.018 |   2.598 |    3.863 | 
     | datapath/FE_RC_654_0              | A1 ^ -> ZN v | NAND2_X1 | 0.016 |   2.615 |    3.879 | 
     | datapath/FE_OFC1799_FE_RN_321_0   | A v -> ZN ^  | INV_X2   | 0.017 |   2.632 |    3.896 | 
     | datapath/FE_RC_375_0              | A1 ^ -> ZN v | NAND3_X4 | 0.019 |   2.651 |    3.915 | 
     | datapath/FE_RC_374_0              | A1 v -> ZN ^ | NAND2_X4 | 0.016 |   2.666 |    3.931 | 
     | datapath/FE_RC_221_0              | A1 ^ -> ZN v | NAND2_X4 | 0.018 |   2.684 |    3.949 | 
     | g1064                             | A1 v -> ZN ^ | NAND2_X4 | 0.023 |   2.707 |    3.972 | 
     | datapath/FE_RC_259_0              | A1 ^ -> ZN v | NAND2_X4 | 0.019 |   2.726 |    3.991 | 
     | datapath/FE_RC_492_0              | A v -> Z v   | BUF_X16  | 0.030 |   2.756 |    4.021 | 
     | datapath/FE_RC_3285_0             | B1 v -> ZN ^ | OAI22_X1 | 0.038 |   2.794 |    4.059 | 
     | datapath/IFID_instr_reg[30]       | D ^          | DFFR_X1  | 0.000 |   2.794 |    4.059 | 
     +------------------------------------------------------------------------------------------+ 
Path 33: MET Setup Check with Pin datapath/IFID_instr_reg[27]/CK 
Endpoint:   datapath/IFID_instr_reg[27]/D       (^) checked with  leading edge 
of 'clk'
Beginpoint: datapath/registers_RF_reg[27][19]/Q (v) triggered by trailing edge 
of 'clk'
Path Groups: {reg2reg}
Analysis View: RPT_TYP
Other End Arrival Time          0.296
- Setup                         0.037
+ Phase Shift                   3.900
+ CPPR Adjustment               0.000
- Uncertainty                   0.100
= Required Time                 4.059
- Arrival Time                  2.794
= Slack Time                    1.265
     Clock Fall Edge                 1.950
     + Clock Network Latency (Prop)  0.253
     = Beginpoint Arrival Time       2.203
     +------------------------------------------------------------------------------------------+ 
     |             Instance              |     Arc      |   Cell   | Delay | Arrival | Required | 
     |                                   |              |          |       |  Time   |   Time   | 
     |-----------------------------------+--------------+----------+-------+---------+----------| 
     | datapath/registers_RF_reg[27][19] | CK ^         |          |       |   2.203 |    3.468 | 
     | datapath/registers_RF_reg[27][19] | CK ^ -> Q v  | DFFR_X1  | 0.098 |   2.301 |    3.566 | 
     | datapath/g4040                    | A1 v -> ZN ^ | NAND2_X2 | 0.016 |   2.317 |    3.582 | 
     | datapath/FE_RC_2205_0             | A3 ^ -> ZN v | NAND4_X2 | 0.032 |   2.349 |    3.614 | 
     | datapath/FE_RC_1808_0             | A v -> ZN ^  | INV_X2   | 0.018 |   2.367 |    3.632 | 
     | datapath/FE_RC_1088_0             | A2 ^ -> ZN ^ | AND2_X4  | 0.035 |   2.402 |    3.667 | 
     | datapath/FE_RC_2961_0             | A1 ^ -> ZN v | NAND4_X4 | 0.026 |   2.428 |    3.693 | 
     | datapath/FE_RC_1087_0             | A v -> ZN ^  | INV_X4   | 0.020 |   2.448 |    3.713 | 
     | datapath/g32739                   | B1 ^ -> ZN v | AOI21_X4 | 0.014 |   2.462 |    3.727 | 
     | datapath/FE_RC_1095_0             | A1 v -> ZN ^ | NAND2_X1 | 0.021 |   2.484 |    3.748 | 
     | datapath/FE_RC_1093_0             | A1 ^ -> ZN v | NAND2_X1 | 0.014 |   2.497 |    3.762 | 
     | datapath/FE_OFC1815_FE_RN_498_0   | A v -> ZN ^  | INV_X1   | 0.012 |   2.509 |    3.774 | 
     | datapath/FE_RC_3028_0             | A3 ^ -> ZN v | NAND3_X1 | 0.025 |   2.534 |    3.799 | 
     | datapath/FE_OFC1807_n_3116        | A v -> ZN ^  | INV_X2   | 0.019 |   2.553 |    3.818 | 
     | datapath/FE_RC_2826_0             | A2 ^ -> ZN v | NAND4_X4 | 0.027 |   2.581 |    3.846 | 
     | datapath/FE_OFC1803_FE_RN_1400_0  | A v -> ZN ^  | INV_X4   | 0.018 |   2.598 |    3.863 | 
     | datapath/FE_RC_654_0              | A1 ^ -> ZN v | NAND2_X1 | 0.016 |   2.615 |    3.880 | 
     | datapath/FE_OFC1799_FE_RN_321_0   | A v -> ZN ^  | INV_X2   | 0.017 |   2.632 |    3.896 | 
     | datapath/FE_RC_375_0              | A1 ^ -> ZN v | NAND3_X4 | 0.019 |   2.651 |    3.916 | 
     | datapath/FE_RC_374_0              | A1 v -> ZN ^ | NAND2_X4 | 0.016 |   2.666 |    3.931 | 
     | datapath/FE_RC_221_0              | A1 ^ -> ZN v | NAND2_X4 | 0.018 |   2.684 |    3.949 | 
     | g1064                             | A1 v -> ZN ^ | NAND2_X4 | 0.023 |   2.707 |    3.972 | 
     | datapath/FE_RC_259_0              | A1 ^ -> ZN v | NAND2_X4 | 0.019 |   2.726 |    3.991 | 
     | datapath/FE_RC_492_0              | A v -> Z v   | BUF_X16  | 0.030 |   2.756 |    4.021 | 
     | datapath/FE_RC_3210_0             | B1 v -> ZN ^ | OAI22_X1 | 0.038 |   2.794 |    4.059 | 
     | datapath/IFID_instr_reg[27]       | D ^          | DFFR_X1  | 0.000 |   2.794 |    4.059 | 
     +------------------------------------------------------------------------------------------+ 
Path 34: MET Setup Check with Pin datapath/IFID_instr_reg[8]/CK 
Endpoint:   datapath/IFID_instr_reg[8]/D        (^) checked with  leading edge 
of 'clk'
Beginpoint: datapath/registers_RF_reg[27][19]/Q (v) triggered by trailing edge 
of 'clk'
Path Groups: {reg2reg}
Analysis View: RPT_TYP
Other End Arrival Time          0.300
- Setup                         0.037
+ Phase Shift                   3.900
+ CPPR Adjustment               0.000
- Uncertainty                   0.100
= Required Time                 4.063
- Arrival Time                  2.797
= Slack Time                    1.266
     Clock Fall Edge                 1.950
     + Clock Network Latency (Prop)  0.253
     = Beginpoint Arrival Time       2.203
     +------------------------------------------------------------------------------------------+ 
     |             Instance              |     Arc      |   Cell   | Delay | Arrival | Required | 
     |                                   |              |          |       |  Time   |   Time   | 
     |-----------------------------------+--------------+----------+-------+---------+----------| 
     | datapath/registers_RF_reg[27][19] | CK ^         |          |       |   2.203 |    3.469 | 
     | datapath/registers_RF_reg[27][19] | CK ^ -> Q v  | DFFR_X1  | 0.098 |   2.301 |    3.567 | 
     | datapath/g4040                    | A1 v -> ZN ^ | NAND2_X2 | 0.016 |   2.317 |    3.583 | 
     | datapath/FE_RC_2205_0             | A3 ^ -> ZN v | NAND4_X2 | 0.032 |   2.349 |    3.615 | 
     | datapath/FE_RC_1808_0             | A v -> ZN ^  | INV_X2   | 0.018 |   2.367 |    3.633 | 
     | datapath/FE_RC_1088_0             | A2 ^ -> ZN ^ | AND2_X4  | 0.035 |   2.402 |    3.668 | 
     | datapath/FE_RC_2961_0             | A1 ^ -> ZN v | NAND4_X4 | 0.026 |   2.428 |    3.694 | 
     | datapath/FE_RC_1087_0             | A v -> ZN ^  | INV_X4   | 0.020 |   2.448 |    3.714 | 
     | datapath/g32739                   | B1 ^ -> ZN v | AOI21_X4 | 0.014 |   2.462 |    3.728 | 
     | datapath/FE_RC_1095_0             | A1 v -> ZN ^ | NAND2_X1 | 0.021 |   2.483 |    3.749 | 
     | datapath/FE_RC_1093_0             | A1 ^ -> ZN v | NAND2_X1 | 0.014 |   2.497 |    3.763 | 
     | datapath/FE_OFC1815_FE_RN_498_0   | A v -> ZN ^  | INV_X1   | 0.012 |   2.509 |    3.775 | 
     | datapath/FE_RC_3028_0             | A3 ^ -> ZN v | NAND3_X1 | 0.025 |   2.534 |    3.800 | 
     | datapath/FE_OFC1807_n_3116        | A v -> ZN ^  | INV_X2   | 0.019 |   2.553 |    3.819 | 
     | datapath/FE_RC_2826_0             | A2 ^ -> ZN v | NAND4_X4 | 0.027 |   2.581 |    3.847 | 
     | datapath/FE_OFC1803_FE_RN_1400_0  | A v -> ZN ^  | INV_X4   | 0.018 |   2.598 |    3.864 | 
     | datapath/FE_RC_654_0              | A1 ^ -> ZN v | NAND2_X1 | 0.016 |   2.615 |    3.881 | 
     | datapath/FE_OFC1799_FE_RN_321_0   | A v -> ZN ^  | INV_X2   | 0.017 |   2.632 |    3.897 | 
     | datapath/FE_RC_375_0              | A1 ^ -> ZN v | NAND3_X4 | 0.019 |   2.651 |    3.917 | 
     | datapath/FE_RC_374_0              | A1 v -> ZN ^ | NAND2_X4 | 0.016 |   2.666 |    3.932 | 
     | datapath/FE_RC_221_0              | A1 ^ -> ZN v | NAND2_X4 | 0.018 |   2.684 |    3.950 | 
     | g1064                             | A1 v -> ZN ^ | NAND2_X4 | 0.023 |   2.707 |    3.973 | 
     | datapath/FE_RC_259_0              | A1 ^ -> ZN v | NAND2_X4 | 0.019 |   2.726 |    3.992 | 
     | datapath/FE_RC_492_0              | A v -> Z v   | BUF_X16  | 0.030 |   2.756 |    4.022 | 
     | datapath/FE_RC_2067_0             | B1 v -> ZN ^ | OAI22_X1 | 0.041 |   2.797 |    4.063 | 
     | datapath/IFID_instr_reg[8]        | D ^          | DFFR_X1  | 0.000 |   2.797 |    4.063 | 
     +------------------------------------------------------------------------------------------+ 
Path 35: MET Setup Check with Pin datapath/registers_RF_reg[27][20]/CK 
Endpoint:   datapath/registers_RF_reg[27][20]/D (v) checked with trailing edge 
of 'clk'
Beginpoint: datapath/MEMWB_memToReg_reg/Q       (^) triggered by  leading edge 
of 'clk'
Path Groups: {reg2reg}
Analysis View: RPT_TYP
Other End Arrival Time          2.114
- Setup                         0.036
+ Phase Shift                   0.000
+ CPPR Adjustment               0.000
- Uncertainty                   0.100
= Required Time                 1.978
- Arrival Time                  0.712
= Slack Time                    1.266
     Clock Rise Edge                 0.000
     + Clock Network Latency (Prop)  0.281
     = Beginpoint Arrival Time       0.281
     +-----------------------------------------------------------------------------------------+ 
     |              Instance              |     Arc     |  Cell   | Delay | Arrival | Required | 
     |                                    |             |         |       |  Time   |   Time   | 
     |------------------------------------+-------------+---------+-------+---------+----------| 
     | datapath/MEMWB_memToReg_reg        | CK ^        |         |       |   0.281 |    1.547 | 
     | datapath/MEMWB_memToReg_reg        | CK ^ -> Q ^ | DFFR_X1 | 0.116 |   0.397 |    1.663 | 
     | datapath/FE_OCPC331_MEMWB_memToReg | A ^ -> ZN v | INV_X4  | 0.022 |   0.419 |    1.685 | 
     | datapath/FE_OFC1981_n_2592         | A v -> Z v  | BUF_X2  | 0.044 |   0.464 |    1.729 | 
     | datapath/FE_OCPC1768_n_2592        | A v -> ZN ^ | INV_X8  | 0.026 |   0.489 |    1.755 | 
     | datapath/g33201                    | S ^ -> Z v  | MUX2_X2 | 0.136 |   0.625 |    1.891 | 
     | datapath/g43459                    | A v -> Z v  | MUX2_X1 | 0.087 |   0.712 |    1.978 | 
     | datapath/registers_RF_reg[27][20]  | D v         | DFFR_X1 | 0.000 |   0.712 |    1.978 | 
     +-----------------------------------------------------------------------------------------+ 
Path 36: MET Setup Check with Pin datapath/IFID_instr_reg[29]/CK 
Endpoint:   datapath/IFID_instr_reg[29]/D       (^) checked with  leading edge 
of 'clk'
Beginpoint: datapath/registers_RF_reg[27][19]/Q (v) triggered by trailing edge 
of 'clk'
Path Groups: {reg2reg}
Analysis View: RPT_TYP
Other End Arrival Time          0.296
- Setup                         0.036
+ Phase Shift                   3.900
+ CPPR Adjustment               0.000
- Uncertainty                   0.100
= Required Time                 4.060
- Arrival Time                  2.793
= Slack Time                    1.266
     Clock Fall Edge                 1.950
     + Clock Network Latency (Prop)  0.253
     = Beginpoint Arrival Time       2.203
     +------------------------------------------------------------------------------------------+ 
     |             Instance              |     Arc      |   Cell   | Delay | Arrival | Required | 
     |                                   |              |          |       |  Time   |   Time   | 
     |-----------------------------------+--------------+----------+-------+---------+----------| 
     | datapath/registers_RF_reg[27][19] | CK ^         |          |       |   2.203 |    3.469 | 
     | datapath/registers_RF_reg[27][19] | CK ^ -> Q v  | DFFR_X1  | 0.098 |   2.301 |    3.568 | 
     | datapath/g4040                    | A1 v -> ZN ^ | NAND2_X2 | 0.016 |   2.317 |    3.584 | 
     | datapath/FE_RC_2205_0             | A3 ^ -> ZN v | NAND4_X2 | 0.032 |   2.349 |    3.616 | 
     | datapath/FE_RC_1808_0             | A v -> ZN ^  | INV_X2   | 0.018 |   2.367 |    3.634 | 
     | datapath/FE_RC_1088_0             | A2 ^ -> ZN ^ | AND2_X4  | 0.035 |   2.402 |    3.669 | 
     | datapath/FE_RC_2961_0             | A1 ^ -> ZN v | NAND4_X4 | 0.026 |   2.428 |    3.695 | 
     | datapath/FE_RC_1087_0             | A v -> ZN ^  | INV_X4   | 0.020 |   2.448 |    3.714 | 
     | datapath/g32739                   | B1 ^ -> ZN v | AOI21_X4 | 0.014 |   2.462 |    3.728 | 
     | datapath/FE_RC_1095_0             | A1 v -> ZN ^ | NAND2_X1 | 0.021 |   2.483 |    3.750 | 
     | datapath/FE_RC_1093_0             | A1 ^ -> ZN v | NAND2_X1 | 0.014 |   2.497 |    3.764 | 
     | datapath/FE_OFC1815_FE_RN_498_0   | A v -> ZN ^  | INV_X1   | 0.012 |   2.509 |    3.776 | 
     | datapath/FE_RC_3028_0             | A3 ^ -> ZN v | NAND3_X1 | 0.025 |   2.534 |    3.800 | 
     | datapath/FE_OFC1807_n_3116        | A v -> ZN ^  | INV_X2   | 0.019 |   2.553 |    3.820 | 
     | datapath/FE_RC_2826_0             | A2 ^ -> ZN v | NAND4_X4 | 0.027 |   2.581 |    3.847 | 
     | datapath/FE_OFC1803_FE_RN_1400_0  | A v -> ZN ^  | INV_X4   | 0.018 |   2.598 |    3.865 | 
     | datapath/FE_RC_654_0              | A1 ^ -> ZN v | NAND2_X1 | 0.016 |   2.615 |    3.881 | 
     | datapath/FE_OFC1799_FE_RN_321_0   | A v -> ZN ^  | INV_X2   | 0.017 |   2.632 |    3.898 | 
     | datapath/FE_RC_375_0              | A1 ^ -> ZN v | NAND3_X4 | 0.019 |   2.651 |    3.917 | 
     | datapath/FE_RC_374_0              | A1 v -> ZN ^ | NAND2_X4 | 0.016 |   2.666 |    3.933 | 
     | datapath/FE_RC_221_0              | A1 ^ -> ZN v | NAND2_X4 | 0.018 |   2.684 |    3.951 | 
     | g1064                             | A1 v -> ZN ^ | NAND2_X4 | 0.023 |   2.707 |    3.974 | 
     | datapath/g45784                   | A1 ^ -> ZN v | NAND2_X2 | 0.019 |   2.726 |    3.993 | 
     | datapath/FE_OFC1797_n_167         | A v -> Z v   | BUF_X2   | 0.031 |   2.757 |    4.024 | 
     | datapath/g44174                   | B1 v -> ZN ^ | OAI22_X1 | 0.036 |   2.793 |    4.060 | 
     | datapath/IFID_instr_reg[29]       | D ^          | DFFR_X2  | 0.000 |   2.793 |    4.060 | 
     +------------------------------------------------------------------------------------------+ 
Path 37: MET Setup Check with Pin datapath/IF_pc_reg[28]/CK 
Endpoint:   datapath/IF_pc_reg[28]/D            (^) checked with  leading edge 
of 'clk'
Beginpoint: datapath/registers_RF_reg[27][19]/Q (v) triggered by trailing edge 
of 'clk'
Path Groups: {reg2reg}
Analysis View: RPT_TYP
Other End Arrival Time          0.311
- Setup                         0.034
+ Phase Shift                   3.900
+ CPPR Adjustment               0.000
- Uncertainty                   0.100
= Required Time                 4.077
- Arrival Time                  2.810
= Slack Time                    1.267
     Clock Fall Edge                 1.950
     + Clock Network Latency (Prop)  0.253
     = Beginpoint Arrival Time       2.203
     +-----------------------------------------------------------------------------------------------------------+ 
     |                      Instance                      |     Arc      |   Cell   | Delay | Arrival | Required | 
     |                                                    |              |          |       |  Time   |   Time   | 
     |----------------------------------------------------+--------------+----------+-------+---------+----------| 
     | datapath/registers_RF_reg[27][19]                  | CK ^         |          |       |   2.203 |    3.470 | 
     | datapath/registers_RF_reg[27][19]                  | CK ^ -> Q v  | DFFR_X1  | 0.098 |   2.301 |    3.568 | 
     | datapath/g4040                                     | A1 v -> ZN ^ | NAND2_X2 | 0.016 |   2.317 |    3.585 | 
     | datapath/FE_RC_2205_0                              | A3 ^ -> ZN v | NAND4_X2 | 0.032 |   2.349 |    3.616 | 
     | datapath/FE_RC_1808_0                              | A v -> ZN ^  | INV_X2   | 0.018 |   2.367 |    3.635 | 
     | datapath/FE_RC_1088_0                              | A2 ^ -> ZN ^ | AND2_X4  | 0.035 |   2.402 |    3.670 | 
     | datapath/FE_RC_2961_0                              | A1 ^ -> ZN v | NAND4_X4 | 0.026 |   2.428 |    3.695 | 
     | datapath/FE_RC_1087_0                              | A v -> ZN ^  | INV_X4   | 0.020 |   2.448 |    3.715 | 
     | datapath/g32739                                    | B1 ^ -> ZN v | AOI21_X4 | 0.014 |   2.462 |    3.729 | 
     | datapath/FE_RC_1095_0                              | A1 v -> ZN ^ | NAND2_X1 | 0.021 |   2.483 |    3.751 | 
     | datapath/FE_RC_1093_0                              | A1 ^ -> ZN v | NAND2_X1 | 0.014 |   2.497 |    3.764 | 
     | datapath/FE_OFC1815_FE_RN_498_0                    | A v -> ZN ^  | INV_X1   | 0.012 |   2.509 |    3.777 | 
     | datapath/FE_RC_3028_0                              | A3 ^ -> ZN v | NAND3_X1 | 0.025 |   2.534 |    3.801 | 
     | datapath/FE_OFC1807_n_3116                         | A v -> ZN ^  | INV_X2   | 0.019 |   2.553 |    3.820 | 
     | datapath/FE_RC_2826_0                              | A2 ^ -> ZN v | NAND4_X4 | 0.027 |   2.581 |    3.848 | 
     | datapath/FE_OFC1803_FE_RN_1400_0                   | A v -> ZN ^  | INV_X4   | 0.018 |   2.598 |    3.866 | 
     | datapath/FE_RC_654_0                               | A1 ^ -> ZN v | NAND2_X1 | 0.016 |   2.615 |    3.882 | 
     | datapath/FE_OFC1799_FE_RN_321_0                    | A v -> ZN ^  | INV_X2   | 0.017 |   2.632 |    3.899 | 
     | datapath/FE_RC_375_0                               | A1 ^ -> ZN v | NAND3_X4 | 0.019 |   2.651 |    3.918 | 
     | datapath/FE_RC_374_0                               | A1 v -> ZN ^ | NAND2_X4 | 0.016 |   2.666 |    3.934 | 
     | datapath/FE_RC_221_0                               | A1 ^ -> ZN v | NAND2_X4 | 0.018 |   2.684 |    3.952 | 
     | datapath/branch_or_inc_4/FE_OCPC1777_IFID_takeBran | A v -> ZN ^  | INV_X4   | 0.022 |   2.706 |    3.973 | 
     | ch                                                 |              |          |       |         |          | 
     | datapath/branch_or_inc_4/FE_OCPC1778_IFID_takeBran | A ^ -> ZN v  | INV_X8   | 0.014 |   2.720 |    3.987 | 
     | ch                                                 |              |          |       |         |          | 
     | datapath/branch_or_inc_4/FE_OFC1793_FE_RN_2        | A v -> ZN ^  | INV_X16  | 0.022 |   2.741 |    4.008 | 
     | datapath/branch_or_inc_4/g862__2802                | A1 ^ -> ZN v | NAND2_X1 | 0.017 |   2.759 |    4.026 | 
     | datapath/branch_or_inc_4/g818__9945                | A2 v -> ZN ^ | NAND2_X1 | 0.017 |   2.776 |    4.043 | 
     | datapath/g44483                                    | A ^ -> ZN v  | INV_X1   | 0.008 |   2.783 |    4.051 | 
     | datapath/g44321                                    | B1 v -> ZN ^ | OAI21_X1 | 0.027 |   2.810 |    4.077 | 
     | datapath/IF_pc_reg[28]                             | D ^          | DFFR_X2  | 0.000 |   2.810 |    4.077 | 
     +-----------------------------------------------------------------------------------------------------------+ 
Path 38: MET Setup Check with Pin datapath/IFID_instr_reg[22]/CK 
Endpoint:   datapath/IFID_instr_reg[22]/D       (^) checked with  leading edge 
of 'clk'
Beginpoint: datapath/registers_RF_reg[27][19]/Q (v) triggered by trailing edge 
of 'clk'
Path Groups: {reg2reg}
Analysis View: RPT_TYP
Other End Arrival Time          0.296
- Setup                         0.036
+ Phase Shift                   3.900
+ CPPR Adjustment               0.000
- Uncertainty                   0.100
= Required Time                 4.060
- Arrival Time                  2.793
= Slack Time                    1.267
     Clock Fall Edge                 1.950
     + Clock Network Latency (Prop)  0.253
     = Beginpoint Arrival Time       2.203
     +------------------------------------------------------------------------------------------+ 
     |             Instance              |     Arc      |   Cell   | Delay | Arrival | Required | 
     |                                   |              |          |       |  Time   |   Time   | 
     |-----------------------------------+--------------+----------+-------+---------+----------| 
     | datapath/registers_RF_reg[27][19] | CK ^         |          |       |   2.203 |    3.470 | 
     | datapath/registers_RF_reg[27][19] | CK ^ -> Q v  | DFFR_X1  | 0.098 |   2.301 |    3.569 | 
     | datapath/g4040                    | A1 v -> ZN ^ | NAND2_X2 | 0.016 |   2.317 |    3.585 | 
     | datapath/FE_RC_2205_0             | A3 ^ -> ZN v | NAND4_X2 | 0.032 |   2.349 |    3.617 | 
     | datapath/FE_RC_1808_0             | A v -> ZN ^  | INV_X2   | 0.018 |   2.367 |    3.635 | 
     | datapath/FE_RC_1088_0             | A2 ^ -> ZN ^ | AND2_X4  | 0.035 |   2.402 |    3.670 | 
     | datapath/FE_RC_2961_0             | A1 ^ -> ZN v | NAND4_X4 | 0.026 |   2.428 |    3.696 | 
     | datapath/FE_RC_1087_0             | A v -> ZN ^  | INV_X4   | 0.020 |   2.448 |    3.715 | 
     | datapath/g32739                   | B1 ^ -> ZN v | AOI21_X4 | 0.014 |   2.462 |    3.729 | 
     | datapath/FE_RC_1095_0             | A1 v -> ZN ^ | NAND2_X1 | 0.021 |   2.483 |    3.751 | 
     | datapath/FE_RC_1093_0             | A1 ^ -> ZN v | NAND2_X1 | 0.014 |   2.497 |    3.765 | 
     | datapath/FE_OFC1815_FE_RN_498_0   | A v -> ZN ^  | INV_X1   | 0.012 |   2.509 |    3.777 | 
     | datapath/FE_RC_3028_0             | A3 ^ -> ZN v | NAND3_X1 | 0.025 |   2.534 |    3.801 | 
     | datapath/FE_OFC1807_n_3116        | A v -> ZN ^  | INV_X2   | 0.019 |   2.553 |    3.821 | 
     | datapath/FE_RC_2826_0             | A2 ^ -> ZN v | NAND4_X4 | 0.027 |   2.581 |    3.848 | 
     | datapath/FE_OFC1803_FE_RN_1400_0  | A v -> ZN ^  | INV_X4   | 0.018 |   2.598 |    3.866 | 
     | datapath/FE_RC_654_0              | A1 ^ -> ZN v | NAND2_X1 | 0.016 |   2.615 |    3.882 | 
     | datapath/FE_OFC1799_FE_RN_321_0   | A v -> ZN ^  | INV_X2   | 0.017 |   2.632 |    3.899 | 
     | datapath/FE_RC_375_0              | A1 ^ -> ZN v | NAND3_X4 | 0.019 |   2.651 |    3.918 | 
     | datapath/FE_RC_374_0              | A1 v -> ZN ^ | NAND2_X4 | 0.016 |   2.666 |    3.934 | 
     | datapath/FE_RC_221_0              | A1 ^ -> ZN v | NAND2_X4 | 0.018 |   2.684 |    3.952 | 
     | g1064                             | A1 v -> ZN ^ | NAND2_X4 | 0.023 |   2.707 |    3.975 | 
     | datapath/g44451_0                 | A1 ^ -> ZN v | NAND2_X2 | 0.019 |   2.727 |    3.994 | 
     | datapath/FE_OCPC317_n_166         | A v -> Z v   | BUF_X8   | 0.032 |   2.759 |    4.026 | 
     | datapath/g44184                   | B1 v -> ZN ^ | OAI22_X2 | 0.034 |   2.793 |    4.060 | 
     | datapath/IFID_instr_reg[22]       | D ^          | DFFR_X1  | 0.000 |   2.793 |    4.060 | 
     +------------------------------------------------------------------------------------------+ 
Path 39: MET Setup Check with Pin datapath/IFID_instr_reg[0]/CK 
Endpoint:   datapath/IFID_instr_reg[0]/D        (^) checked with  leading edge 
of 'clk'
Beginpoint: datapath/registers_RF_reg[27][19]/Q (v) triggered by trailing edge 
of 'clk'
Path Groups: {reg2reg}
Analysis View: RPT_TYP
Other End Arrival Time          0.300
- Setup                         0.036
+ Phase Shift                   3.900
+ CPPR Adjustment               0.000
- Uncertainty                   0.100
= Required Time                 4.064
- Arrival Time                  2.796
= Slack Time                    1.267
     Clock Fall Edge                 1.950
     + Clock Network Latency (Prop)  0.253
     = Beginpoint Arrival Time       2.203
     +------------------------------------------------------------------------------------------+ 
     |             Instance              |     Arc      |   Cell   | Delay | Arrival | Required | 
     |                                   |              |          |       |  Time   |   Time   | 
     |-----------------------------------+--------------+----------+-------+---------+----------| 
     | datapath/registers_RF_reg[27][19] | CK ^         |          |       |   2.203 |    3.470 | 
     | datapath/registers_RF_reg[27][19] | CK ^ -> Q v  | DFFR_X1  | 0.098 |   2.301 |    3.569 | 
     | datapath/g4040                    | A1 v -> ZN ^ | NAND2_X2 | 0.016 |   2.317 |    3.585 | 
     | datapath/FE_RC_2205_0             | A3 ^ -> ZN v | NAND4_X2 | 0.032 |   2.349 |    3.617 | 
     | datapath/FE_RC_1808_0             | A v -> ZN ^  | INV_X2   | 0.018 |   2.367 |    3.635 | 
     | datapath/FE_RC_1088_0             | A2 ^ -> ZN ^ | AND2_X4  | 0.035 |   2.402 |    3.670 | 
     | datapath/FE_RC_2961_0             | A1 ^ -> ZN v | NAND4_X4 | 0.026 |   2.428 |    3.696 | 
     | datapath/FE_RC_1087_0             | A v -> ZN ^  | INV_X4   | 0.020 |   2.448 |    3.715 | 
     | datapath/g32739                   | B1 ^ -> ZN v | AOI21_X4 | 0.014 |   2.462 |    3.730 | 
     | datapath/FE_RC_1095_0             | A1 v -> ZN ^ | NAND2_X1 | 0.021 |   2.483 |    3.751 | 
     | datapath/FE_RC_1093_0             | A1 ^ -> ZN v | NAND2_X1 | 0.014 |   2.497 |    3.765 | 
     | datapath/FE_OFC1815_FE_RN_498_0   | A v -> ZN ^  | INV_X1   | 0.012 |   2.509 |    3.777 | 
     | datapath/FE_RC_3028_0             | A3 ^ -> ZN v | NAND3_X1 | 0.025 |   2.534 |    3.802 | 
     | datapath/FE_OFC1807_n_3116        | A v -> ZN ^  | INV_X2   | 0.019 |   2.553 |    3.821 | 
     | datapath/FE_RC_2826_0             | A2 ^ -> ZN v | NAND4_X4 | 0.027 |   2.581 |    3.848 | 
     | datapath/FE_OFC1803_FE_RN_1400_0  | A v -> ZN ^  | INV_X4   | 0.018 |   2.598 |    3.866 | 
     | datapath/FE_RC_654_0              | A1 ^ -> ZN v | NAND2_X1 | 0.016 |   2.615 |    3.882 | 
     | datapath/FE_OFC1799_FE_RN_321_0   | A v -> ZN ^  | INV_X2   | 0.017 |   2.632 |    3.899 | 
     | datapath/FE_RC_375_0              | A1 ^ -> ZN v | NAND3_X4 | 0.019 |   2.651 |    3.918 | 
     | datapath/FE_RC_374_0              | A1 v -> ZN ^ | NAND2_X4 | 0.016 |   2.666 |    3.934 | 
     | datapath/FE_RC_221_0              | A1 ^ -> ZN v | NAND2_X4 | 0.018 |   2.684 |    3.952 | 
     | g1064                             | A1 v -> ZN ^ | NAND2_X4 | 0.023 |   2.707 |    3.975 | 
     | datapath/FE_RC_259_0              | A1 ^ -> ZN v | NAND2_X4 | 0.019 |   2.726 |    3.994 | 
     | datapath/FE_RC_492_0              | A v -> Z v   | BUF_X16  | 0.030 |   2.756 |    4.023 | 
     | datapath/FE_RC_827_0              | B1 v -> ZN ^ | OAI22_X1 | 0.040 |   2.796 |    4.064 | 
     | datapath/IFID_instr_reg[0]        | D ^          | DFFR_X1  | 0.000 |   2.796 |    4.064 | 
     +------------------------------------------------------------------------------------------+ 
Path 40: MET Setup Check with Pin datapath/IFID_instr_reg[7]/CK 
Endpoint:   datapath/IFID_instr_reg[7]/D        (^) checked with  leading edge 
of 'clk'
Beginpoint: datapath/registers_RF_reg[27][19]/Q (v) triggered by trailing edge 
of 'clk'
Path Groups: {reg2reg}
Analysis View: RPT_TYP
Other End Arrival Time          0.300
- Setup                         0.036
+ Phase Shift                   3.900
+ CPPR Adjustment               0.000
- Uncertainty                   0.100
= Required Time                 4.064
- Arrival Time                  2.796
= Slack Time                    1.268
     Clock Fall Edge                 1.950
     + Clock Network Latency (Prop)  0.253
     = Beginpoint Arrival Time       2.203
     +------------------------------------------------------------------------------------------+ 
     |             Instance              |     Arc      |   Cell   | Delay | Arrival | Required | 
     |                                   |              |          |       |  Time   |   Time   | 
     |-----------------------------------+--------------+----------+-------+---------+----------| 
     | datapath/registers_RF_reg[27][19] | CK ^         |          |       |   2.203 |    3.471 | 
     | datapath/registers_RF_reg[27][19] | CK ^ -> Q v  | DFFR_X1  | 0.098 |   2.301 |    3.569 | 
     | datapath/g4040                    | A1 v -> ZN ^ | NAND2_X2 | 0.016 |   2.317 |    3.585 | 
     | datapath/FE_RC_2205_0             | A3 ^ -> ZN v | NAND4_X2 | 0.032 |   2.349 |    3.617 | 
     | datapath/FE_RC_1808_0             | A v -> ZN ^  | INV_X2   | 0.018 |   2.367 |    3.635 | 
     | datapath/FE_RC_1088_0             | A2 ^ -> ZN ^ | AND2_X4  | 0.035 |   2.402 |    3.670 | 
     | datapath/FE_RC_2961_0             | A1 ^ -> ZN v | NAND4_X4 | 0.026 |   2.428 |    3.696 | 
     | datapath/FE_RC_1087_0             | A v -> ZN ^  | INV_X4   | 0.020 |   2.448 |    3.715 | 
     | datapath/g32739                   | B1 ^ -> ZN v | AOI21_X4 | 0.014 |   2.462 |    3.730 | 
     | datapath/FE_RC_1095_0             | A1 v -> ZN ^ | NAND2_X1 | 0.021 |   2.483 |    3.751 | 
     | datapath/FE_RC_1093_0             | A1 ^ -> ZN v | NAND2_X1 | 0.014 |   2.497 |    3.765 | 
     | datapath/FE_OFC1815_FE_RN_498_0   | A v -> ZN ^  | INV_X1   | 0.012 |   2.509 |    3.777 | 
     | datapath/FE_RC_3028_0             | A3 ^ -> ZN v | NAND3_X1 | 0.025 |   2.534 |    3.802 | 
     | datapath/FE_OFC1807_n_3116        | A v -> ZN ^  | INV_X2   | 0.019 |   2.553 |    3.821 | 
     | datapath/FE_RC_2826_0             | A2 ^ -> ZN v | NAND4_X4 | 0.027 |   2.581 |    3.848 | 
     | datapath/FE_OFC1803_FE_RN_1400_0  | A v -> ZN ^  | INV_X4   | 0.018 |   2.598 |    3.866 | 
     | datapath/FE_RC_654_0              | A1 ^ -> ZN v | NAND2_X1 | 0.016 |   2.615 |    3.882 | 
     | datapath/FE_OFC1799_FE_RN_321_0   | A v -> ZN ^  | INV_X2   | 0.017 |   2.632 |    3.899 | 
     | datapath/FE_RC_375_0              | A1 ^ -> ZN v | NAND3_X4 | 0.019 |   2.651 |    3.918 | 
     | datapath/FE_RC_374_0              | A1 v -> ZN ^ | NAND2_X4 | 0.016 |   2.666 |    3.934 | 
     | datapath/FE_RC_221_0              | A1 ^ -> ZN v | NAND2_X4 | 0.018 |   2.684 |    3.952 | 
     | g1064                             | A1 v -> ZN ^ | NAND2_X4 | 0.023 |   2.707 |    3.975 | 
     | datapath/FE_RC_259_0              | A1 ^ -> ZN v | NAND2_X4 | 0.019 |   2.726 |    3.994 | 
     | datapath/FE_RC_492_0              | A v -> Z v   | BUF_X16  | 0.030 |   2.756 |    4.024 | 
     | datapath/FE_RC_2704_0             | B1 v -> ZN ^ | OAI22_X1 | 0.040 |   2.796 |    4.064 | 
     | datapath/IFID_instr_reg[7]        | D ^          | DFFR_X1  | 0.000 |   2.796 |    4.064 | 
     +------------------------------------------------------------------------------------------+ 
Path 41: MET Setup Check with Pin datapath/IFID_instr_reg[25]/CK 
Endpoint:   datapath/IFID_instr_reg[25]/D       (^) checked with  leading edge 
of 'clk'
Beginpoint: datapath/registers_RF_reg[27][19]/Q (v) triggered by trailing edge 
of 'clk'
Path Groups: {reg2reg}
Analysis View: RPT_TYP
Other End Arrival Time          0.296
- Setup                         0.036
+ Phase Shift                   3.900
+ CPPR Adjustment               0.000
- Uncertainty                   0.100
= Required Time                 4.060
- Arrival Time                  2.792
= Slack Time                    1.268
     Clock Fall Edge                 1.950
     + Clock Network Latency (Prop)  0.253
     = Beginpoint Arrival Time       2.203
     +------------------------------------------------------------------------------------------+ 
     |             Instance              |     Arc      |   Cell   | Delay | Arrival | Required | 
     |                                   |              |          |       |  Time   |   Time   | 
     |-----------------------------------+--------------+----------+-------+---------+----------| 
     | datapath/registers_RF_reg[27][19] | CK ^         |          |       |   2.203 |    3.471 | 
     | datapath/registers_RF_reg[27][19] | CK ^ -> Q v  | DFFR_X1  | 0.098 |   2.301 |    3.569 | 
     | datapath/g4040                    | A1 v -> ZN ^ | NAND2_X2 | 0.016 |   2.317 |    3.585 | 
     | datapath/FE_RC_2205_0             | A3 ^ -> ZN v | NAND4_X2 | 0.032 |   2.349 |    3.617 | 
     | datapath/FE_RC_1808_0             | A v -> ZN ^  | INV_X2   | 0.018 |   2.367 |    3.635 | 
     | datapath/FE_RC_1088_0             | A2 ^ -> ZN ^ | AND2_X4  | 0.035 |   2.402 |    3.670 | 
     | datapath/FE_RC_2961_0             | A1 ^ -> ZN v | NAND4_X4 | 0.026 |   2.428 |    3.696 | 
     | datapath/FE_RC_1087_0             | A v -> ZN ^  | INV_X4   | 0.020 |   2.448 |    3.715 | 
     | datapath/g32739                   | B1 ^ -> ZN v | AOI21_X4 | 0.014 |   2.462 |    3.730 | 
     | datapath/FE_RC_1095_0             | A1 v -> ZN ^ | NAND2_X1 | 0.021 |   2.483 |    3.751 | 
     | datapath/FE_RC_1093_0             | A1 ^ -> ZN v | NAND2_X1 | 0.014 |   2.497 |    3.765 | 
     | datapath/FE_OFC1815_FE_RN_498_0   | A v -> ZN ^  | INV_X1   | 0.012 |   2.509 |    3.777 | 
     | datapath/FE_RC_3028_0             | A3 ^ -> ZN v | NAND3_X1 | 0.025 |   2.534 |    3.802 | 
     | datapath/FE_OFC1807_n_3116        | A v -> ZN ^  | INV_X2   | 0.019 |   2.553 |    3.821 | 
     | datapath/FE_RC_2826_0             | A2 ^ -> ZN v | NAND4_X4 | 0.027 |   2.581 |    3.848 | 
     | datapath/FE_OFC1803_FE_RN_1400_0  | A v -> ZN ^  | INV_X4   | 0.018 |   2.598 |    3.866 | 
     | datapath/FE_RC_654_0              | A1 ^ -> ZN v | NAND2_X1 | 0.016 |   2.615 |    3.882 | 
     | datapath/FE_OFC1799_FE_RN_321_0   | A v -> ZN ^  | INV_X2   | 0.017 |   2.632 |    3.899 | 
     | datapath/FE_RC_375_0              | A1 ^ -> ZN v | NAND3_X4 | 0.019 |   2.651 |    3.918 | 
     | datapath/FE_RC_374_0              | A1 v -> ZN ^ | NAND2_X4 | 0.016 |   2.666 |    3.934 | 
     | datapath/FE_RC_221_0              | A1 ^ -> ZN v | NAND2_X4 | 0.018 |   2.684 |    3.952 | 
     | g1064                             | A1 v -> ZN ^ | NAND2_X4 | 0.023 |   2.707 |    3.975 | 
     | datapath/g45784                   | A1 ^ -> ZN v | NAND2_X2 | 0.019 |   2.726 |    3.994 | 
     | datapath/FE_OFC1797_n_167         | A v -> Z v   | BUF_X2   | 0.031 |   2.757 |    4.025 | 
     | datapath/g44182                   | B1 v -> ZN ^ | OAI22_X1 | 0.035 |   2.792 |    4.060 | 
     | datapath/IFID_instr_reg[25]       | D ^          | DFFR_X2  | 0.000 |   2.792 |    4.060 | 
     +------------------------------------------------------------------------------------------+ 
Path 42: MET Setup Check with Pin datapath/registers_RF_reg[16][16]/CK 
Endpoint:   datapath/registers_RF_reg[16][16]/D (v) checked with trailing edge 
of 'clk'
Beginpoint: datapath/MEMWB_memToReg_reg/Q       (^) triggered by  leading edge 
of 'clk'
Path Groups: {reg2reg}
Analysis View: RPT_TYP
Other End Arrival Time          2.115
- Setup                         0.036
+ Phase Shift                   0.000
+ CPPR Adjustment               0.000
- Uncertainty                   0.100
= Required Time                 1.980
- Arrival Time                  0.712
= Slack Time                    1.268
     Clock Rise Edge                 0.000
     + Clock Network Latency (Prop)  0.281
     = Beginpoint Arrival Time       0.281
     +-----------------------------------------------------------------------------------------+ 
     |              Instance              |     Arc     |  Cell   | Delay | Arrival | Required | 
     |                                    |             |         |       |  Time   |   Time   | 
     |------------------------------------+-------------+---------+-------+---------+----------| 
     | datapath/MEMWB_memToReg_reg        | CK ^        |         |       |   0.281 |    1.549 | 
     | datapath/MEMWB_memToReg_reg        | CK ^ -> Q ^ | DFFR_X1 | 0.116 |   0.397 |    1.665 | 
     | datapath/FE_OCPC331_MEMWB_memToReg | A ^ -> ZN v | INV_X4  | 0.022 |   0.419 |    1.687 | 
     | datapath/FE_OFC1981_n_2592         | A v -> Z v  | BUF_X2  | 0.044 |   0.464 |    1.731 | 
     | datapath/FE_OCPC1768_n_2592        | A v -> ZN ^ | INV_X8  | 0.026 |   0.489 |    1.757 | 
     | datapath/g33140                    | S ^ -> Z v  | MUX2_X2 | 0.140 |   0.629 |    1.897 | 
     | datapath/g43418                    | A v -> Z v  | MUX2_X1 | 0.083 |   0.712 |    1.980 | 
     | datapath/registers_RF_reg[16][16]  | D v         | DFFR_X1 | 0.000 |   0.712 |    1.980 | 
     +-----------------------------------------------------------------------------------------+ 
Path 43: MET Setup Check with Pin datapath/registers_RF_reg[19][16]/CK 
Endpoint:   datapath/registers_RF_reg[19][16]/D (v) checked with trailing edge 
of 'clk'
Beginpoint: datapath/MEMWB_memToReg_reg/Q       (^) triggered by  leading edge 
of 'clk'
Path Groups: {reg2reg}
Analysis View: RPT_TYP
Other End Arrival Time          2.115
- Setup                         0.036
+ Phase Shift                   0.000
+ CPPR Adjustment               0.000
- Uncertainty                   0.100
= Required Time                 1.980
- Arrival Time                  0.712
= Slack Time                    1.268
     Clock Rise Edge                 0.000
     + Clock Network Latency (Prop)  0.281
     = Beginpoint Arrival Time       0.281
     +-----------------------------------------------------------------------------------------+ 
     |              Instance              |     Arc     |  Cell   | Delay | Arrival | Required | 
     |                                    |             |         |       |  Time   |   Time   | 
     |------------------------------------+-------------+---------+-------+---------+----------| 
     | datapath/MEMWB_memToReg_reg        | CK ^        |         |       |   0.281 |    1.549 | 
     | datapath/MEMWB_memToReg_reg        | CK ^ -> Q ^ | DFFR_X1 | 0.116 |   0.397 |    1.665 | 
     | datapath/FE_OCPC331_MEMWB_memToReg | A ^ -> ZN v | INV_X4  | 0.022 |   0.419 |    1.687 | 
     | datapath/FE_OFC1981_n_2592         | A v -> Z v  | BUF_X2  | 0.044 |   0.464 |    1.731 | 
     | datapath/FE_OCPC1768_n_2592        | A v -> ZN ^ | INV_X8  | 0.026 |   0.489 |    1.757 | 
     | datapath/g33140                    | S ^ -> Z v  | MUX2_X2 | 0.140 |   0.629 |    1.897 | 
     | datapath/g43582                    | A v -> Z v  | MUX2_X1 | 0.083 |   0.712 |    1.980 | 
     | datapath/registers_RF_reg[19][16]  | D v         | DFFR_X1 | 0.000 |   0.712 |    1.980 | 
     +-----------------------------------------------------------------------------------------+ 
Path 44: MET Setup Check with Pin datapath/IFID_instr_reg[9]/CK 
Endpoint:   datapath/IFID_instr_reg[9]/D        (^) checked with  leading edge 
of 'clk'
Beginpoint: datapath/registers_RF_reg[27][19]/Q (v) triggered by trailing edge 
of 'clk'
Path Groups: {reg2reg}
Analysis View: RPT_TYP
Other End Arrival Time          0.300
- Setup                         0.036
+ Phase Shift                   3.900
+ CPPR Adjustment               0.000
- Uncertainty                   0.100
= Required Time                 4.064
- Arrival Time                  2.794
= Slack Time                    1.270
     Clock Fall Edge                 1.950
     + Clock Network Latency (Prop)  0.253
     = Beginpoint Arrival Time       2.203
     +------------------------------------------------------------------------------------------+ 
     |             Instance              |     Arc      |   Cell   | Delay | Arrival | Required | 
     |                                   |              |          |       |  Time   |   Time   | 
     |-----------------------------------+--------------+----------+-------+---------+----------| 
     | datapath/registers_RF_reg[27][19] | CK ^         |          |       |   2.203 |    3.473 | 
     | datapath/registers_RF_reg[27][19] | CK ^ -> Q v  | DFFR_X1  | 0.098 |   2.301 |    3.571 | 
     | datapath/g4040                    | A1 v -> ZN ^ | NAND2_X2 | 0.016 |   2.317 |    3.587 | 
     | datapath/FE_RC_2205_0             | A3 ^ -> ZN v | NAND4_X2 | 0.032 |   2.349 |    3.619 | 
     | datapath/FE_RC_1808_0             | A v -> ZN ^  | INV_X2   | 0.018 |   2.367 |    3.637 | 
     | datapath/FE_RC_1088_0             | A2 ^ -> ZN ^ | AND2_X4  | 0.035 |   2.402 |    3.672 | 
     | datapath/FE_RC_2961_0             | A1 ^ -> ZN v | NAND4_X4 | 0.026 |   2.428 |    3.698 | 
     | datapath/FE_RC_1087_0             | A v -> ZN ^  | INV_X4   | 0.020 |   2.448 |    3.717 | 
     | datapath/g32739                   | B1 ^ -> ZN v | AOI21_X4 | 0.014 |   2.462 |    3.732 | 
     | datapath/FE_RC_1095_0             | A1 v -> ZN ^ | NAND2_X1 | 0.021 |   2.483 |    3.753 | 
     | datapath/FE_RC_1093_0             | A1 ^ -> ZN v | NAND2_X1 | 0.014 |   2.497 |    3.767 | 
     | datapath/FE_OFC1815_FE_RN_498_0   | A v -> ZN ^  | INV_X1   | 0.012 |   2.509 |    3.779 | 
     | datapath/FE_RC_3028_0             | A3 ^ -> ZN v | NAND3_X1 | 0.025 |   2.534 |    3.804 | 
     | datapath/FE_OFC1807_n_3116        | A v -> ZN ^  | INV_X2   | 0.019 |   2.553 |    3.823 | 
     | datapath/FE_RC_2826_0             | A2 ^ -> ZN v | NAND4_X4 | 0.027 |   2.581 |    3.850 | 
     | datapath/FE_OFC1803_FE_RN_1400_0  | A v -> ZN ^  | INV_X4   | 0.018 |   2.598 |    3.868 | 
     | datapath/FE_RC_654_0              | A1 ^ -> ZN v | NAND2_X1 | 0.016 |   2.615 |    3.884 | 
     | datapath/FE_OFC1799_FE_RN_321_0   | A v -> ZN ^  | INV_X2   | 0.017 |   2.632 |    3.901 | 
     | datapath/FE_RC_375_0              | A1 ^ -> ZN v | NAND3_X4 | 0.019 |   2.651 |    3.920 | 
     | datapath/FE_RC_374_0              | A1 v -> ZN ^ | NAND2_X4 | 0.016 |   2.666 |    3.936 | 
     | datapath/FE_RC_221_0              | A1 ^ -> ZN v | NAND2_X4 | 0.018 |   2.684 |    3.954 | 
     | g1064                             | A1 v -> ZN ^ | NAND2_X4 | 0.023 |   2.707 |    3.977 | 
     | datapath/FE_RC_259_0              | A1 ^ -> ZN v | NAND2_X4 | 0.019 |   2.726 |    3.996 | 
     | datapath/FE_RC_492_0              | A v -> Z v   | BUF_X16  | 0.030 |   2.756 |    4.026 | 
     | datapath/FE_RC_2158_0             | B1 v -> ZN ^ | OAI22_X2 | 0.038 |   2.794 |    4.064 | 
     | datapath/IFID_instr_reg[9]        | D ^          | DFFR_X1  | 0.000 |   2.794 |    4.064 | 
     +------------------------------------------------------------------------------------------+ 
Path 45: MET Setup Check with Pin datapath/IFID_instr_reg[26]/CK 
Endpoint:   datapath/IFID_instr_reg[26]/D       (^) checked with  leading edge 
of 'clk'
Beginpoint: datapath/registers_RF_reg[27][19]/Q (v) triggered by trailing edge 
of 'clk'
Path Groups: {reg2reg}
Analysis View: RPT_TYP
Other End Arrival Time          0.296
- Setup                         0.036
+ Phase Shift                   3.900
+ CPPR Adjustment               0.000
- Uncertainty                   0.100
= Required Time                 4.060
- Arrival Time                  2.790
= Slack Time                    1.270
     Clock Fall Edge                 1.950
     + Clock Network Latency (Prop)  0.253
     = Beginpoint Arrival Time       2.203
     +------------------------------------------------------------------------------------------+ 
     |             Instance              |     Arc      |   Cell   | Delay | Arrival | Required | 
     |                                   |              |          |       |  Time   |   Time   | 
     |-----------------------------------+--------------+----------+-------+---------+----------| 
     | datapath/registers_RF_reg[27][19] | CK ^         |          |       |   2.203 |    3.473 | 
     | datapath/registers_RF_reg[27][19] | CK ^ -> Q v  | DFFR_X1  | 0.098 |   2.301 |    3.571 | 
     | datapath/g4040                    | A1 v -> ZN ^ | NAND2_X2 | 0.016 |   2.317 |    3.587 | 
     | datapath/FE_RC_2205_0             | A3 ^ -> ZN v | NAND4_X2 | 0.032 |   2.349 |    3.619 | 
     | datapath/FE_RC_1808_0             | A v -> ZN ^  | INV_X2   | 0.018 |   2.367 |    3.637 | 
     | datapath/FE_RC_1088_0             | A2 ^ -> ZN ^ | AND2_X4  | 0.035 |   2.402 |    3.672 | 
     | datapath/FE_RC_2961_0             | A1 ^ -> ZN v | NAND4_X4 | 0.026 |   2.428 |    3.698 | 
     | datapath/FE_RC_1087_0             | A v -> ZN ^  | INV_X4   | 0.020 |   2.448 |    3.718 | 
     | datapath/g32739                   | B1 ^ -> ZN v | AOI21_X4 | 0.014 |   2.462 |    3.732 | 
     | datapath/FE_RC_1095_0             | A1 v -> ZN ^ | NAND2_X1 | 0.021 |   2.483 |    3.753 | 
     | datapath/FE_RC_1093_0             | A1 ^ -> ZN v | NAND2_X1 | 0.014 |   2.497 |    3.767 | 
     | datapath/FE_OFC1815_FE_RN_498_0   | A v -> ZN ^  | INV_X1   | 0.012 |   2.509 |    3.779 | 
     | datapath/FE_RC_3028_0             | A3 ^ -> ZN v | NAND3_X1 | 0.025 |   2.534 |    3.804 | 
     | datapath/FE_OFC1807_n_3116        | A v -> ZN ^  | INV_X2   | 0.019 |   2.553 |    3.823 | 
     | datapath/FE_RC_2826_0             | A2 ^ -> ZN v | NAND4_X4 | 0.027 |   2.581 |    3.851 | 
     | datapath/FE_OFC1803_FE_RN_1400_0  | A v -> ZN ^  | INV_X4   | 0.018 |   2.598 |    3.868 | 
     | datapath/FE_RC_654_0              | A1 ^ -> ZN v | NAND2_X1 | 0.016 |   2.615 |    3.885 | 
     | datapath/FE_OFC1799_FE_RN_321_0   | A v -> ZN ^  | INV_X2   | 0.017 |   2.632 |    3.902 | 
     | datapath/FE_RC_375_0              | A1 ^ -> ZN v | NAND3_X4 | 0.019 |   2.651 |    3.921 | 
     | datapath/FE_RC_374_0              | A1 v -> ZN ^ | NAND2_X4 | 0.016 |   2.666 |    3.936 | 
     | datapath/FE_RC_221_0              | A1 ^ -> ZN v | NAND2_X4 | 0.018 |   2.684 |    3.954 | 
     | g1064                             | A1 v -> ZN ^ | NAND2_X4 | 0.023 |   2.707 |    3.977 | 
     | datapath/g45784                   | A1 ^ -> ZN v | NAND2_X2 | 0.019 |   2.726 |    3.996 | 
     | datapath/FE_OFC1797_n_167         | A v -> Z v   | BUF_X2   | 0.031 |   2.757 |    4.027 | 
     | datapath/g44181                   | B1 v -> ZN ^ | OAI22_X2 | 0.033 |   2.790 |    4.060 | 
     | datapath/IFID_instr_reg[26]       | D ^          | DFFR_X1  | 0.000 |   2.790 |    4.060 | 
     +------------------------------------------------------------------------------------------+ 
Path 46: MET Setup Check with Pin datapath/IFID_instr_reg[10]/CK 
Endpoint:   datapath/IFID_instr_reg[10]/D       (^) checked with  leading edge 
of 'clk'
Beginpoint: datapath/registers_RF_reg[27][19]/Q (v) triggered by trailing edge 
of 'clk'
Path Groups: {reg2reg}
Analysis View: RPT_TYP
Other End Arrival Time          0.300
- Setup                         0.036
+ Phase Shift                   3.900
+ CPPR Adjustment               0.000
- Uncertainty                   0.100
= Required Time                 4.064
- Arrival Time                  2.794
= Slack Time                    1.270
     Clock Fall Edge                 1.950
     + Clock Network Latency (Prop)  0.253
     = Beginpoint Arrival Time       2.203
     +------------------------------------------------------------------------------------------+ 
     |             Instance              |     Arc      |   Cell   | Delay | Arrival | Required | 
     |                                   |              |          |       |  Time   |   Time   | 
     |-----------------------------------+--------------+----------+-------+---------+----------| 
     | datapath/registers_RF_reg[27][19] | CK ^         |          |       |   2.203 |    3.473 | 
     | datapath/registers_RF_reg[27][19] | CK ^ -> Q v  | DFFR_X1  | 0.098 |   2.301 |    3.571 | 
     | datapath/g4040                    | A1 v -> ZN ^ | NAND2_X2 | 0.016 |   2.317 |    3.588 | 
     | datapath/FE_RC_2205_0             | A3 ^ -> ZN v | NAND4_X2 | 0.032 |   2.349 |    3.620 | 
     | datapath/FE_RC_1808_0             | A v -> ZN ^  | INV_X2   | 0.018 |   2.367 |    3.638 | 
     | datapath/FE_RC_1088_0             | A2 ^ -> ZN ^ | AND2_X4  | 0.035 |   2.402 |    3.673 | 
     | datapath/FE_RC_2961_0             | A1 ^ -> ZN v | NAND4_X4 | 0.026 |   2.428 |    3.698 | 
     | datapath/FE_RC_1087_0             | A v -> ZN ^  | INV_X4   | 0.020 |   2.448 |    3.718 | 
     | datapath/g32739                   | B1 ^ -> ZN v | AOI21_X4 | 0.014 |   2.462 |    3.732 | 
     | datapath/FE_RC_1095_0             | A1 v -> ZN ^ | NAND2_X1 | 0.021 |   2.483 |    3.754 | 
     | datapath/FE_RC_1093_0             | A1 ^ -> ZN v | NAND2_X1 | 0.014 |   2.497 |    3.767 | 
     | datapath/FE_OFC1815_FE_RN_498_0   | A v -> ZN ^  | INV_X1   | 0.012 |   2.509 |    3.780 | 
     | datapath/FE_RC_3028_0             | A3 ^ -> ZN v | NAND3_X1 | 0.025 |   2.534 |    3.804 | 
     | datapath/FE_OFC1807_n_3116        | A v -> ZN ^  | INV_X2   | 0.019 |   2.553 |    3.823 | 
     | datapath/FE_RC_2826_0             | A2 ^ -> ZN v | NAND4_X4 | 0.027 |   2.581 |    3.851 | 
     | datapath/FE_OFC1803_FE_RN_1400_0  | A v -> ZN ^  | INV_X4   | 0.018 |   2.598 |    3.869 | 
     | datapath/FE_RC_654_0              | A1 ^ -> ZN v | NAND2_X1 | 0.016 |   2.615 |    3.885 | 
     | datapath/FE_OFC1799_FE_RN_321_0   | A v -> ZN ^  | INV_X2   | 0.017 |   2.632 |    3.902 | 
     | datapath/FE_RC_375_0              | A1 ^ -> ZN v | NAND3_X4 | 0.019 |   2.651 |    3.921 | 
     | datapath/FE_RC_374_0              | A1 v -> ZN ^ | NAND2_X4 | 0.016 |   2.666 |    3.937 | 
     | datapath/FE_RC_221_0              | A1 ^ -> ZN v | NAND2_X4 | 0.018 |   2.684 |    3.955 | 
     | g1064                             | A1 v -> ZN ^ | NAND2_X4 | 0.023 |   2.707 |    3.978 | 
     | datapath/FE_RC_259_0              | A1 ^ -> ZN v | NAND2_X4 | 0.019 |   2.726 |    3.997 | 
     | datapath/FE_RC_492_0              | A v -> Z v   | BUF_X16  | 0.030 |   2.756 |    4.026 | 
     | datapath/FE_RC_2248_0             | B1 v -> ZN ^ | OAI22_X2 | 0.038 |   2.794 |    4.064 | 
     | datapath/IFID_instr_reg[10]       | D ^          | DFFR_X1  | 0.000 |   2.794 |    4.064 | 
     +------------------------------------------------------------------------------------------+ 
Path 47: MET Setup Check with Pin datapath/IF_pc_reg[22]/CK 
Endpoint:   datapath/IF_pc_reg[22]/D            (^) checked with  leading edge 
of 'clk'
Beginpoint: datapath/registers_RF_reg[27][19]/Q (v) triggered by trailing edge 
of 'clk'
Path Groups: {reg2reg}
Analysis View: RPT_TYP
Other End Arrival Time          0.297
- Setup                         0.031
+ Phase Shift                   3.900
+ CPPR Adjustment               0.000
- Uncertainty                   0.100
= Required Time                 4.066
- Arrival Time                  2.795
= Slack Time                    1.270
     Clock Fall Edge                 1.950
     + Clock Network Latency (Prop)  0.253
     = Beginpoint Arrival Time       2.203
     +-----------------------------------------------------------------------------------------------------------+ 
     |                      Instance                      |     Arc      |   Cell   | Delay | Arrival | Required | 
     |                                                    |              |          |       |  Time   |   Time   | 
     |----------------------------------------------------+--------------+----------+-------+---------+----------| 
     | datapath/registers_RF_reg[27][19]                  | CK ^         |          |       |   2.203 |    3.473 | 
     | datapath/registers_RF_reg[27][19]                  | CK ^ -> Q v  | DFFR_X1  | 0.098 |   2.301 |    3.572 | 
     | datapath/g4040                                     | A1 v -> ZN ^ | NAND2_X2 | 0.016 |   2.317 |    3.588 | 
     | datapath/FE_RC_2205_0                              | A3 ^ -> ZN v | NAND4_X2 | 0.032 |   2.349 |    3.620 | 
     | datapath/FE_RC_1808_0                              | A v -> ZN ^  | INV_X2   | 0.018 |   2.367 |    3.638 | 
     | datapath/FE_RC_1088_0                              | A2 ^ -> ZN ^ | AND2_X4  | 0.035 |   2.402 |    3.673 | 
     | datapath/FE_RC_2961_0                              | A1 ^ -> ZN v | NAND4_X4 | 0.026 |   2.428 |    3.699 | 
     | datapath/FE_RC_1087_0                              | A v -> ZN ^  | INV_X4   | 0.020 |   2.448 |    3.718 | 
     | datapath/g32739                                    | B1 ^ -> ZN v | AOI21_X4 | 0.014 |   2.462 |    3.733 | 
     | datapath/FE_RC_1095_0                              | A1 v -> ZN ^ | NAND2_X1 | 0.021 |   2.483 |    3.754 | 
     | datapath/FE_RC_1093_0                              | A1 ^ -> ZN v | NAND2_X1 | 0.014 |   2.497 |    3.768 | 
     | datapath/FE_OFC1815_FE_RN_498_0                    | A v -> ZN ^  | INV_X1   | 0.012 |   2.509 |    3.780 | 
     | datapath/FE_RC_3028_0                              | A3 ^ -> ZN v | NAND3_X1 | 0.025 |   2.534 |    3.805 | 
     | datapath/FE_OFC1807_n_3116                         | A v -> ZN ^  | INV_X2   | 0.019 |   2.553 |    3.824 | 
     | datapath/FE_RC_2826_0                              | A2 ^ -> ZN v | NAND4_X4 | 0.027 |   2.581 |    3.851 | 
     | datapath/FE_OFC1803_FE_RN_1400_0                   | A v -> ZN ^  | INV_X4   | 0.018 |   2.598 |    3.869 | 
     | datapath/FE_RC_654_0                               | A1 ^ -> ZN v | NAND2_X1 | 0.016 |   2.615 |    3.885 | 
     | datapath/FE_OFC1799_FE_RN_321_0                    | A v -> ZN ^  | INV_X2   | 0.017 |   2.632 |    3.902 | 
     | datapath/FE_RC_375_0                               | A1 ^ -> ZN v | NAND3_X4 | 0.019 |   2.651 |    3.921 | 
     | datapath/FE_RC_374_0                               | A1 v -> ZN ^ | NAND2_X4 | 0.016 |   2.666 |    3.937 | 
     | datapath/FE_RC_221_0                               | A1 ^ -> ZN v | NAND2_X4 | 0.018 |   2.684 |    3.955 | 
     | datapath/branch_or_inc_4/FE_OCPC1777_IFID_takeBran | A v -> ZN ^  | INV_X4   | 0.022 |   2.706 |    3.976 | 
     | ch                                                 |              |          |       |         |          | 
     | datapath/branch_or_inc_4/FE_OCPC1778_IFID_takeBran | A ^ -> ZN v  | INV_X8   | 0.014 |   2.720 |    3.990 | 
     | ch                                                 |              |          |       |         |          | 
     | datapath/branch_or_inc_4/FE_OFC1793_FE_RN_2        | A v -> ZN ^  | INV_X16  | 0.022 |   2.741 |    4.012 | 
     | datapath/branch_or_inc_4/g869__5115                | A1 ^ -> ZN v | NAND2_X2 | 0.013 |   2.754 |    4.025 | 
     | datapath/branch_or_inc_4/g833__1617                | A1 v -> ZN ^ | NAND2_X1 | 0.014 |   2.769 |    4.039 | 
     | datapath/FE_RC_3297_0                              | A1 ^ -> ZN v | NAND2_X1 | 0.013 |   2.781 |    4.052 | 
     | datapath/FE_RC_3296_0                              | A1 v -> ZN ^ | NAND2_X1 | 0.014 |   2.795 |    4.066 | 
     | datapath/IF_pc_reg[22]                             | D ^          | DFFR_X1  | 0.000 |   2.795 |    4.066 | 
     +-----------------------------------------------------------------------------------------------------------+ 
Path 48: MET Setup Check with Pin datapath/IFID_instr_reg[11]/CK 
Endpoint:   datapath/IFID_instr_reg[11]/D       (^) checked with  leading edge 
of 'clk'
Beginpoint: datapath/registers_RF_reg[27][19]/Q (v) triggered by trailing edge 
of 'clk'
Path Groups: {reg2reg}
Analysis View: RPT_TYP
Other End Arrival Time          0.300
- Setup                         0.036
+ Phase Shift                   3.900
+ CPPR Adjustment               0.000
- Uncertainty                   0.100
= Required Time                 4.064
- Arrival Time                  2.794
= Slack Time                    1.270
     Clock Fall Edge                 1.950
     + Clock Network Latency (Prop)  0.253
     = Beginpoint Arrival Time       2.203
     +------------------------------------------------------------------------------------------+ 
     |             Instance              |     Arc      |   Cell   | Delay | Arrival | Required | 
     |                                   |              |          |       |  Time   |   Time   | 
     |-----------------------------------+--------------+----------+-------+---------+----------| 
     | datapath/registers_RF_reg[27][19] | CK ^         |          |       |   2.203 |    3.473 | 
     | datapath/registers_RF_reg[27][19] | CK ^ -> Q v  | DFFR_X1  | 0.098 |   2.301 |    3.572 | 
     | datapath/g4040                    | A1 v -> ZN ^ | NAND2_X2 | 0.016 |   2.317 |    3.588 | 
     | datapath/FE_RC_2205_0             | A3 ^ -> ZN v | NAND4_X2 | 0.032 |   2.349 |    3.620 | 
     | datapath/FE_RC_1808_0             | A v -> ZN ^  | INV_X2   | 0.018 |   2.367 |    3.638 | 
     | datapath/FE_RC_1088_0             | A2 ^ -> ZN ^ | AND2_X4  | 0.035 |   2.402 |    3.673 | 
     | datapath/FE_RC_2961_0             | A1 ^ -> ZN v | NAND4_X4 | 0.026 |   2.428 |    3.699 | 
     | datapath/FE_RC_1087_0             | A v -> ZN ^  | INV_X4   | 0.020 |   2.448 |    3.718 | 
     | datapath/g32739                   | B1 ^ -> ZN v | AOI21_X4 | 0.014 |   2.462 |    3.733 | 
     | datapath/FE_RC_1095_0             | A1 v -> ZN ^ | NAND2_X1 | 0.021 |   2.483 |    3.754 | 
     | datapath/FE_RC_1093_0             | A1 ^ -> ZN v | NAND2_X1 | 0.014 |   2.497 |    3.768 | 
     | datapath/FE_OFC1815_FE_RN_498_0   | A v -> ZN ^  | INV_X1   | 0.012 |   2.509 |    3.780 | 
     | datapath/FE_RC_3028_0             | A3 ^ -> ZN v | NAND3_X1 | 0.025 |   2.534 |    3.805 | 
     | datapath/FE_OFC1807_n_3116        | A v -> ZN ^  | INV_X2   | 0.019 |   2.553 |    3.824 | 
     | datapath/FE_RC_2826_0             | A2 ^ -> ZN v | NAND4_X4 | 0.027 |   2.581 |    3.851 | 
     | datapath/FE_OFC1803_FE_RN_1400_0  | A v -> ZN ^  | INV_X4   | 0.018 |   2.598 |    3.869 | 
     | datapath/FE_RC_654_0              | A1 ^ -> ZN v | NAND2_X1 | 0.016 |   2.615 |    3.885 | 
     | datapath/FE_OFC1799_FE_RN_321_0   | A v -> ZN ^  | INV_X2   | 0.017 |   2.632 |    3.902 | 
     | datapath/FE_RC_375_0              | A1 ^ -> ZN v | NAND3_X4 | 0.019 |   2.651 |    3.921 | 
     | datapath/FE_RC_374_0              | A1 v -> ZN ^ | NAND2_X4 | 0.016 |   2.666 |    3.937 | 
     | datapath/FE_RC_221_0              | A1 ^ -> ZN v | NAND2_X4 | 0.018 |   2.684 |    3.955 | 
     | g1064                             | A1 v -> ZN ^ | NAND2_X4 | 0.023 |   2.707 |    3.978 | 
     | datapath/FE_RC_259_0              | A1 ^ -> ZN v | NAND2_X4 | 0.019 |   2.726 |    3.997 | 
     | datapath/FE_RC_492_0              | A v -> Z v   | BUF_X16  | 0.030 |   2.756 |    4.026 | 
     | datapath/FE_RC_3227_0             | B1 v -> ZN ^ | OAI22_X2 | 0.038 |   2.794 |    4.064 | 
     | datapath/IFID_instr_reg[11]       | D ^          | DFFR_X1  | 0.000 |   2.794 |    4.064 | 
     +------------------------------------------------------------------------------------------+ 
Path 49: MET Setup Check with Pin datapath/IF_pc_reg[23]/CK 
Endpoint:   datapath/IF_pc_reg[23]/D            (^) checked with  leading edge 
of 'clk'
Beginpoint: datapath/registers_RF_reg[27][19]/Q (v) triggered by trailing edge 
of 'clk'
Path Groups: {reg2reg}
Analysis View: RPT_TYP
Other End Arrival Time          0.297
- Setup                         0.031
+ Phase Shift                   3.900
+ CPPR Adjustment               0.000
- Uncertainty                   0.100
= Required Time                 4.066
- Arrival Time                  2.795
= Slack Time                    1.271
     Clock Fall Edge                 1.950
     + Clock Network Latency (Prop)  0.253
     = Beginpoint Arrival Time       2.203
     +-----------------------------------------------------------------------------------------------------------+ 
     |                      Instance                      |     Arc      |   Cell   | Delay | Arrival | Required | 
     |                                                    |              |          |       |  Time   |   Time   | 
     |----------------------------------------------------+--------------+----------+-------+---------+----------| 
     | datapath/registers_RF_reg[27][19]                  | CK ^         |          |       |   2.203 |    3.474 | 
     | datapath/registers_RF_reg[27][19]                  | CK ^ -> Q v  | DFFR_X1  | 0.098 |   2.301 |    3.572 | 
     | datapath/g4040                                     | A1 v -> ZN ^ | NAND2_X2 | 0.016 |   2.317 |    3.588 | 
     | datapath/FE_RC_2205_0                              | A3 ^ -> ZN v | NAND4_X2 | 0.032 |   2.349 |    3.620 | 
     | datapath/FE_RC_1808_0                              | A v -> ZN ^  | INV_X2   | 0.018 |   2.367 |    3.638 | 
     | datapath/FE_RC_1088_0                              | A2 ^ -> ZN ^ | AND2_X4  | 0.035 |   2.402 |    3.673 | 
     | datapath/FE_RC_2961_0                              | A1 ^ -> ZN v | NAND4_X4 | 0.026 |   2.428 |    3.699 | 
     | datapath/FE_RC_1087_0                              | A v -> ZN ^  | INV_X4   | 0.020 |   2.448 |    3.719 | 
     | datapath/g32739                                    | B1 ^ -> ZN v | AOI21_X4 | 0.014 |   2.462 |    3.733 | 
     | datapath/FE_RC_1095_0                              | A1 v -> ZN ^ | NAND2_X1 | 0.021 |   2.483 |    3.754 | 
     | datapath/FE_RC_1093_0                              | A1 ^ -> ZN v | NAND2_X1 | 0.014 |   2.497 |    3.768 | 
     | datapath/FE_OFC1815_FE_RN_498_0                    | A v -> ZN ^  | INV_X1   | 0.012 |   2.509 |    3.780 | 
     | datapath/FE_RC_3028_0                              | A3 ^ -> ZN v | NAND3_X1 | 0.025 |   2.534 |    3.805 | 
     | datapath/FE_OFC1807_n_3116                         | A v -> ZN ^  | INV_X2   | 0.019 |   2.553 |    3.824 | 
     | datapath/FE_RC_2826_0                              | A2 ^ -> ZN v | NAND4_X4 | 0.027 |   2.581 |    3.852 | 
     | datapath/FE_OFC1803_FE_RN_1400_0                   | A v -> ZN ^  | INV_X4   | 0.018 |   2.598 |    3.869 | 
     | datapath/FE_RC_654_0                               | A1 ^ -> ZN v | NAND2_X1 | 0.016 |   2.615 |    3.886 | 
     | datapath/FE_OFC1799_FE_RN_321_0                    | A v -> ZN ^  | INV_X2   | 0.017 |   2.632 |    3.902 | 
     | datapath/FE_RC_375_0                               | A1 ^ -> ZN v | NAND3_X4 | 0.019 |   2.651 |    3.922 | 
     | datapath/FE_RC_374_0                               | A1 v -> ZN ^ | NAND2_X4 | 0.016 |   2.666 |    3.937 | 
     | datapath/FE_RC_221_0                               | A1 ^ -> ZN v | NAND2_X4 | 0.018 |   2.684 |    3.955 | 
     | datapath/branch_or_inc_4/FE_OCPC1777_IFID_takeBran | A v -> ZN ^  | INV_X4   | 0.022 |   2.706 |    3.977 | 
     | ch                                                 |              |          |       |         |          | 
     | datapath/branch_or_inc_4/FE_OCPC1778_IFID_takeBran | A ^ -> ZN v  | INV_X8   | 0.014 |   2.720 |    3.990 | 
     | ch                                                 |              |          |       |         |          | 
     | datapath/branch_or_inc_4/FE_OFC1793_FE_RN_2        | A v -> ZN ^  | INV_X16  | 0.022 |   2.741 |    4.012 | 
     | datapath/branch_or_inc_4/g863__1705                | A1 ^ -> ZN v | NAND2_X4 | 0.013 |   2.754 |    4.025 | 
     | datapath/branch_or_inc_4/g830__5526                | A1 v -> ZN ^ | NAND2_X2 | 0.014 |   2.769 |    4.040 | 
     | datapath/FE_RC_866_0                               | A1 ^ -> ZN v | NAND2_X2 | 0.011 |   2.780 |    4.051 | 
     | datapath/FE_RC_865_0                               | A1 v -> ZN ^ | NAND2_X1 | 0.015 |   2.795 |    4.066 | 
     | datapath/IF_pc_reg[23]                             | D ^          | DFFR_X1  | 0.000 |   2.795 |    4.066 | 
     +-----------------------------------------------------------------------------------------------------------+ 
Path 50: MET Setup Check with Pin datapath/IF_pc_reg[27]/CK 
Endpoint:   datapath/IF_pc_reg[27]/D            (^) checked with  leading edge 
of 'clk'
Beginpoint: datapath/registers_RF_reg[27][19]/Q (v) triggered by trailing edge 
of 'clk'
Path Groups: {reg2reg}
Analysis View: RPT_TYP
Other End Arrival Time          0.311
- Setup                         0.034
+ Phase Shift                   3.900
+ CPPR Adjustment               0.000
- Uncertainty                   0.100
= Required Time                 4.077
- Arrival Time                  2.806
= Slack Time                    1.271
     Clock Fall Edge                 1.950
     + Clock Network Latency (Prop)  0.253
     = Beginpoint Arrival Time       2.203
     +-----------------------------------------------------------------------------------------------------------+ 
     |                      Instance                      |     Arc      |   Cell   | Delay | Arrival | Required | 
     |                                                    |              |          |       |  Time   |   Time   | 
     |----------------------------------------------------+--------------+----------+-------+---------+----------| 
     | datapath/registers_RF_reg[27][19]                  | CK ^         |          |       |   2.203 |    3.474 | 
     | datapath/registers_RF_reg[27][19]                  | CK ^ -> Q v  | DFFR_X1  | 0.098 |   2.301 |    3.572 | 
     | datapath/g4040                                     | A1 v -> ZN ^ | NAND2_X2 | 0.016 |   2.317 |    3.589 | 
     | datapath/FE_RC_2205_0                              | A3 ^ -> ZN v | NAND4_X2 | 0.032 |   2.349 |    3.620 | 
     | datapath/FE_RC_1808_0                              | A v -> ZN ^  | INV_X2   | 0.018 |   2.367 |    3.639 | 
     | datapath/FE_RC_1088_0                              | A2 ^ -> ZN ^ | AND2_X4  | 0.035 |   2.402 |    3.674 | 
     | datapath/FE_RC_2961_0                              | A1 ^ -> ZN v | NAND4_X4 | 0.026 |   2.428 |    3.699 | 
     | datapath/FE_RC_1087_0                              | A v -> ZN ^  | INV_X4   | 0.020 |   2.448 |    3.719 | 
     | datapath/g32739                                    | B1 ^ -> ZN v | AOI21_X4 | 0.014 |   2.462 |    3.733 | 
     | datapath/FE_RC_1095_0                              | A1 v -> ZN ^ | NAND2_X1 | 0.021 |   2.483 |    3.755 | 
     | datapath/FE_RC_1093_0                              | A1 ^ -> ZN v | NAND2_X1 | 0.014 |   2.497 |    3.768 | 
     | datapath/FE_OFC1815_FE_RN_498_0                    | A v -> ZN ^  | INV_X1   | 0.012 |   2.509 |    3.781 | 
     | datapath/FE_RC_3028_0                              | A3 ^ -> ZN v | NAND3_X1 | 0.025 |   2.534 |    3.805 | 
     | datapath/FE_OFC1807_n_3116                         | A v -> ZN ^  | INV_X2   | 0.019 |   2.553 |    3.824 | 
     | datapath/FE_RC_2826_0                              | A2 ^ -> ZN v | NAND4_X4 | 0.027 |   2.581 |    3.852 | 
     | datapath/FE_OFC1803_FE_RN_1400_0                   | A v -> ZN ^  | INV_X4   | 0.018 |   2.598 |    3.870 | 
     | datapath/FE_RC_654_0                               | A1 ^ -> ZN v | NAND2_X1 | 0.016 |   2.615 |    3.886 | 
     | datapath/FE_OFC1799_FE_RN_321_0                    | A v -> ZN ^  | INV_X2   | 0.017 |   2.632 |    3.903 | 
     | datapath/FE_RC_375_0                               | A1 ^ -> ZN v | NAND3_X4 | 0.019 |   2.651 |    3.922 | 
     | datapath/FE_RC_374_0                               | A1 v -> ZN ^ | NAND2_X4 | 0.016 |   2.666 |    3.938 | 
     | datapath/FE_RC_221_0                               | A1 ^ -> ZN v | NAND2_X4 | 0.018 |   2.684 |    3.956 | 
     | datapath/branch_or_inc_4/FE_OCPC1777_IFID_takeBran | A v -> ZN ^  | INV_X4   | 0.022 |   2.706 |    3.977 | 
     | ch                                                 |              |          |       |         |          | 
     | datapath/branch_or_inc_4/FE_OCPC1778_IFID_takeBran | A ^ -> ZN v  | INV_X8   | 0.014 |   2.720 |    3.991 | 
     | ch                                                 |              |          |       |         |          | 
     | datapath/branch_or_inc_4/FE_OFC1793_FE_RN_2        | A v -> ZN ^  | INV_X16  | 0.022 |   2.741 |    4.012 | 
     | datapath/branch_or_inc_4/g867__6131                | A1 ^ -> ZN v | NAND2_X1 | 0.017 |   2.758 |    4.029 | 
     | datapath/branch_or_inc_4/g829__8428                | A2 v -> ZN ^ | NAND2_X1 | 0.017 |   2.775 |    4.046 | 
     | datapath/g45114                                    | A ^ -> ZN v  | INV_X1   | 0.008 |   2.783 |    4.054 | 
     | datapath/g44320                                    | B1 v -> ZN ^ | OAI21_X1 | 0.023 |   2.806 |    4.077 | 
     | datapath/IF_pc_reg[27]                             | D ^          | DFFR_X1  | 0.000 |   2.806 |    4.077 | 
     +-----------------------------------------------------------------------------------------------------------+ 

