###############################################################
#  Generated by:      Cadence Innovus 23.12-s091_1
#  OS:                Linux x86_64(Host ID nanohub-2907570-14)
#  Generated on:      Mon Aug 10 16:19:59 2026
#  Design:            pipelined_cpu_core
#  Command:           report_timing -late  -max_paths 50 -nworst 1 > reports/40_final_setup.rpt
###############################################################
Path 1: MET Setup Check with Pin datapath/EXMEM_aluResult_reg[0]/CK 
Endpoint:   datapath/EXMEM_aluResult_reg[0]/D (v) checked with  leading edge of 
'clk'
Beginpoint: datapath/MEMWB_rd_reg[3]/Q        (^) triggered by  leading edge of 
'clk'
Path Groups: {reg2reg}
Analysis View: WC_VIEW
Other End Arrival Time         -0.009
- Setup                         0.028
+ Phase Shift                   3.000
+ CPPR Adjustment               0.000
- Uncertainty                   0.100
= Required Time                 2.863
- Arrival Time                  2.854
= Slack Time                    0.009
     Clock Rise Edge                 0.000
     + Clock Network Latency (Prop)  -0.009
     = Beginpoint Arrival Time       -0.009
     +------------------------------------------------------------------------------------------------------------+ 
     |                      Instance                      |     Arc      |   Cell    | Delay | Arrival | Required | 
     |                                                    |              |           |       |  Time   |   Time   | 
     |----------------------------------------------------+--------------+-----------+-------+---------+----------| 
     | datapath/MEMWB_rd_reg[3]                           | CK ^         |           |       |  -0.009 |    0.000 | 
     | datapath/MEMWB_rd_reg[3]                           | CK ^ -> Q ^  | DFFR_X1   | 0.157 |   0.148 |    0.157 | 
     | ALU_forward/g1340__6783                            | A1 ^ -> ZN ^ | OR2_X1    | 0.031 |   0.179 |    0.188 | 
     | ALU_forward/g1318__8246                            | A1 ^ -> ZN ^ | OR4_X1    | 0.022 |   0.201 |    0.210 | 
     | ALU_forward/g1314__1617                            | A1 ^ -> ZN ^ | AND2_X1   | 0.035 |   0.236 |    0.245 | 
     | ALU_forward/g1310__8428                            | A3 ^ -> ZN ^ | AND3_X1   | 0.045 |   0.281 |    0.290 | 
     | ALU_forward/g1308__6260                            | A1 ^ -> ZN v | NAND4_X1  | 0.026 |   0.307 |    0.316 | 
     | ALU_forward/g1306__2398                            | A2 v -> ZN ^ | NOR2_X1   | 0.064 |   0.372 |    0.381 | 
     | datapath/g28854                                    | A1 ^ -> ZN ^ | AND2_X1   | 0.146 |   0.518 |    0.527 | 
     | datapath/g28154                                    | A ^ -> ZN v  | AOI211_X1 | 0.041 |   0.559 |    0.568 | 
     | datapath/ALU_ALU_GEN[0].slice_i_bitAdder/g2        | CI v -> CO v | FA_X1     | 0.085 |   0.644 |    0.653 | 
     | datapath/ALU_ALU_GEN[1].slice_i_bitAdder/g2        | A v -> ZN ^  | OAI21_X1  | 0.025 |   0.669 |    0.678 | 
     | datapath/ALU_ALU_GEN[1].slice_i_bitAdder/g77__2883 | A1 ^ -> ZN v | NAND2_X1  | 0.025 |   0.693 |    0.703 | 
     | datapath/ALU_ALU_GEN[2].slice_i_bitAdder/g2        | A v -> CO v  | FA_X1     | 0.085 |   0.778 |    0.787 | 
     | datapath/ALU_ALU_GEN[3].slice_i_bitAdder/g2        | A v -> ZN ^  | OAI21_X1  | 0.026 |   0.805 |    0.814 | 
     | datapath/ALU_ALU_GEN[3].slice_i_bitAdder/g77__2802 | A1 ^ -> ZN v | NAND2_X1  | 0.023 |   0.828 |    0.837 | 
     | datapath/ALU_ALU_GEN[4].slice_i_bitAdder/g79__6161 | A v -> ZN ^  | OAI21_X1  | 0.023 |   0.851 |    0.860 | 
     | datapath/ALU_ALU_GEN[4].slice_i_bitAdder/g77__7482 | A1 ^ -> ZN v | NAND2_X1  | 0.023 |   0.874 |    0.883 | 
     | datapath/ALU_ALU_GEN[5].slice_i_bitAdder/g2        | A v -> ZN ^  | OAI21_X1  | 0.023 |   0.896 |    0.905 | 
     | datapath/ALU_ALU_GEN[5].slice_i_bitAdder/g77__1666 | A1 ^ -> ZN v | NAND2_X1  | 0.024 |   0.920 |    0.929 | 
     | datapath/ALU_ALU_GEN[6].slice_i_bitAdder/g79__6783 | A v -> ZN ^  | OAI21_X1  | 0.022 |   0.942 |    0.951 | 
     | datapath/ALU_ALU_GEN[6].slice_i_bitAdder/g77__8428 | A1 ^ -> ZN v | NAND2_X1  | 0.023 |   0.965 |    0.974 | 
     | datapath/ALU_ALU_GEN[7].slice_i_bitAdder/g2        | A v -> ZN ^  | OAI21_X1  | 0.022 |   0.987 |    0.996 | 
     | datapath/ALU_ALU_GEN[7].slice_i_bitAdder/g77__5122 | A1 ^ -> ZN v | NAND2_X1  | 0.023 |   1.010 |    1.019 | 
     | datapath/ALU_ALU_GEN[8].slice_i_bitAdder/g2        | A v -> CO v  | FA_X1     | 0.081 |   1.091 |    1.100 | 
     | datapath/ALU_ALU_GEN[9].slice_i_bitAdder/g2        | A v -> ZN ^  | OAI21_X1  | 0.024 |   1.115 |    1.124 | 
     | datapath/ALU_ALU_GEN[9].slice_i_bitAdder/g77__6417 | A1 ^ -> ZN v | NAND2_X1  | 0.024 |   1.139 |    1.148 | 
     | datapath/ALU_ALU_GEN[10].slice_i_bitAdder/g2       | A v -> ZN ^  | OAI21_X1  | 0.022 |   1.162 |    1.171 | 
     | datapath/ALU_ALU_GEN[10].slice_i_bitAdder/g77__678 | A1 ^ -> ZN v | NAND2_X1  | 0.028 |   1.189 |    1.198 | 
     | 3                                                  |              |           |       |         |          | 
     | datapath/ALU_ALU_GEN[11].slice_i_bitAdder/g79__511 | A v -> ZN ^  | OAI21_X1  | 0.024 |   1.213 |    1.222 | 
     | 5                                                  |              |           |       |         |          | 
     | datapath/ALU_ALU_GEN[11].slice_i_bitAdder/g77__613 | A1 ^ -> ZN v | NAND2_X1  | 0.026 |   1.239 |    1.248 | 
     | 1                                                  |              |           |       |         |          | 
     | datapath/ALU_ALU_GEN[12].slice_i_bitAdder/g2       | A v -> ZN ^  | OAI21_X1  | 0.023 |   1.262 |    1.271 | 
     | datapath/ALU_ALU_GEN[12].slice_i_bitAdder/g77__994 | A1 ^ -> ZN v | NAND2_X1  | 0.024 |   1.285 |    1.295 | 
     | 5                                                  |              |           |       |         |          | 
     | datapath/ALU_ALU_GEN[13].slice_i_bitAdder/g79__431 | A v -> ZN ^  | OAI21_X1  | 0.023 |   1.308 |    1.317 | 
     | 9                                                  |              |           |       |         |          | 
     | datapath/ALU_ALU_GEN[13].slice_i_bitAdder/g77__510 | A1 ^ -> ZN v | NAND2_X1  | 0.022 |   1.330 |    1.339 | 
     | 7                                                  |              |           |       |         |          | 
     | datapath/ALU_ALU_GEN[14].slice_i_bitAdder/g2       | A v -> CO v  | FA_X1     | 0.080 |   1.410 |    1.420 | 
     | datapath/ALU_ALU_GEN[15].slice_i_bitAdder/g79__748 | A v -> ZN ^  | OAI21_X1  | 0.024 |   1.434 |    1.444 | 
     | 2                                                  |              |           |       |         |          | 
     | datapath/ALU_ALU_GEN[15].slice_i_bitAdder/g77__188 | A1 ^ -> ZN v | NAND2_X1  | 0.019 |   1.454 |    1.463 | 
     | 1                                                  |              |           |       |         |          | 
     | datapath/ALU_ALU_GEN[16].slice_i_bitAdder/g77__288 | CI v -> CO v | FA_X1     | 0.071 |   1.524 |    1.533 | 
     | 3                                                  |              |           |       |         |          | 
     | datapath/ALU_ALU_GEN[17].slice_i_bitAdder/g77__641 | CI v -> CO v | FA_X1     | 0.073 |   1.597 |    1.606 | 
     | 7                                                  |              |           |       |         |          | 
     | datapath/ALU_ALU_GEN[18].slice_i_bitAdder/g77__626 | CI v -> CO v | FA_X1     | 0.074 |   1.671 |    1.680 | 
     | 0                                                  |              |           |       |         |          | 
     | datapath/ALU_ALU_GEN[19].slice_i_bitAdder/g77__678 | CI v -> CO v | FA_X1     | 0.074 |   1.745 |    1.754 | 
     | 3                                                  |              |           |       |         |          | 
     | datapath/ALU_ALU_GEN[20].slice_i_bitAdder/g77__170 | CI v -> CO v | FA_X1     | 0.074 |   1.819 |    1.828 | 
     | 5                                                  |              |           |       |         |          | 
     | datapath/ALU_ALU_GEN[21].slice_i_bitAdder/g77__613 | CI v -> CO v | FA_X1     | 0.074 |   1.893 |    1.902 | 
     | 1                                                  |              |           |       |         |          | 
     | datapath/ALU_ALU_GEN[22].slice_i_bitAdder/g77__473 | CI v -> CO v | FA_X1     | 0.073 |   1.966 |    1.975 | 
     | 3                                                  |              |           |       |         |          | 
     | datapath/ALU_ALU_GEN[23].slice_i_bitAdder/g77__288 | CI v -> CO v | FA_X1     | 0.077 |   2.043 |    2.052 | 
     | 3                                                  |              |           |       |         |          | 
     | datapath/ALU_ALU_GEN[24].slice_i_bitAdder/g77__641 | CI v -> CO v | FA_X1     | 0.074 |   2.117 |    2.126 | 
     | 7                                                  |              |           |       |         |          | 
     | datapath/ALU_ALU_GEN[25].slice_i_bitAdder/g77__626 | CI v -> CO v | FA_X1     | 0.073 |   2.190 |    2.199 | 
     | 0                                                  |              |           |       |         |          | 
     | datapath/ALU_ALU_GEN[26].slice_i_bitAdder/g77__678 | CI v -> CO v | FA_X1     | 0.072 |   2.262 |    2.272 | 
     | 3                                                  |              |           |       |         |          | 
     | datapath/ALU_ALU_GEN[27].slice_i_bitAdder/g77__170 | CI v -> CO v | FA_X1     | 0.074 |   2.336 |    2.345 | 
     | 5                                                  |              |           |       |         |          | 
     | datapath/ALU_ALU_GEN[28].slice_i_bitAdder/g77__613 | CI v -> CO v | FA_X1     | 0.075 |   2.412 |    2.421 | 
     | 1                                                  |              |           |       |         |          | 
     | datapath/ALU_ALU_GEN[29].slice_i_bitAdder/g77__473 | CI v -> CO v | FA_X1     | 0.073 |   2.485 |    2.494 | 
     | 3                                                  |              |           |       |         |          | 
     | datapath/ALU_ALU_GEN[30].slice_i_bitAdder/g77__288 | CI v -> CO v | FA_X1     | 0.078 |   2.563 |    2.572 | 
     | 3                                                  |              |           |       |         |          | 
     | datapath/ALU_msb_bitAdder/g77__6417                | CI v -> S ^  | FA_X1     | 0.118 |   2.682 |    2.691 | 
     | datapath/g19682                                    | A ^ -> ZN ^  | XNOR2_X1  | 0.041 |   2.723 |    2.732 | 
     | datapath/g19679                                    | A ^ -> ZN v  | XNOR2_X1  | 0.017 |   2.740 |    2.749 | 
     | datapath/ALU_ALU_GEN[0].slice_i_resultMux/g154__93 | B v -> Z v   | MUX2_X1   | 0.059 |   2.799 |    2.808 | 
     | 15                                                 |              |           |       |         |          | 
     | datapath/ALU_ALU_GEN[0].slice_i_resultMux/g153__61 | B v -> Z v   | MUX2_X2   | 0.055 |   2.854 |    2.863 | 
     | 61                                                 |              |           |       |         |          | 
     | datapath/EXMEM_aluResult_reg[0]                    | D v          | DFFR_X1   | 0.000 |   2.854 |    2.863 | 
     +------------------------------------------------------------------------------------------------------------+ 
Path 2: MET Setup Check with Pin datapath/IFID_pc_reg[7]/CK 
Endpoint:   datapath/IFID_pc_reg[7]/D         (v) checked with  leading edge of 
'clk'
Beginpoint: datapath/registers_RF_reg[1][1]/Q (v) triggered by trailing edge of 
'clk'
Path Groups: {reg2reg}
Analysis View: WC_VIEW
Other End Arrival Time         -0.013
- Setup                         0.032
+ Phase Shift                   3.000
+ CPPR Adjustment               0.000
- Uncertainty                   0.100
= Required Time                 2.855
- Arrival Time                  2.804
= Slack Time                    0.051
     Clock Fall Edge                 1.500
     + Clock Network Latency (Prop)  0.008
     = Beginpoint Arrival Time       1.508
     +-----------------------------------------------------------------------------------------+ 
     |            Instance             |     Arc      |   Cell    | Delay | Arrival | Required | 
     |                                 |              |           |       |  Time   |   Time   | 
     |---------------------------------+--------------+-----------+-------+---------+----------| 
     | datapath/registers_RF_reg[1][1] | CK ^         |           |       |   1.508 |    1.559 | 
     | datapath/registers_RF_reg[1][1] | CK ^ -> Q v  | SDFF_X1   | 0.085 |   1.593 |    1.644 | 
     | datapath/g3584__1666            | C2 v -> ZN ^ | AOI222_X1 | 0.106 |   1.699 |    1.750 | 
     | datapath/g3440__9315            | A1 ^ -> ZN v | NAND3_X1  | 0.030 |   1.729 |    1.780 | 
     | datapath/g38629                 | A4 v -> ZN ^ | NOR4_X1   | 0.107 |   1.836 |    1.887 | 
     | datapath/FE_OFC44_n_2507        | A ^ -> Z ^   | CLKBUF_X1 | 0.063 |   1.899 |    1.950 | 
     | datapath/g28218                 | B2 ^ -> ZN v | AOI21_X1  | 0.028 |   1.927 |    1.978 | 
     | datapath/LT_TC_OP_g2521         | A v -> ZN ^  | INV_X1    | 0.030 |   1.957 |    2.008 | 
     | datapath/LT_TC_OP_g2461         | C2 ^ -> ZN v | OAI211_X1 | 0.025 |   1.982 |    2.033 | 
     | datapath/LT_TC_OP_g2428         | A2 v -> ZN ^ | AOI222_X1 | 0.090 |   2.073 |    2.123 | 
     | datapath/LT_TC_OP_g2423         | B2 ^ -> ZN v | OAI221_X1 | 0.041 |   2.114 |    2.164 | 
     | datapath/LT_TC_OP_g2420         | C1 v -> ZN ^ | AOI221_X1 | 0.123 |   2.236 |    2.287 | 
     | datapath/LT_TC_OP_g2419         | A1 ^ -> ZN v | OAI222_X1 | 0.047 |   2.284 |    2.334 | 
     | datapath/LT_TC_OP_g2418         | A1 v -> ZN ^ | NAND4_X1  | 0.030 |   2.314 |    2.365 | 
     | datapath/LT_TC_OP_g2417         | C1 ^ -> ZN v | AOI211_X1 | 0.018 |   2.332 |    2.383 | 
     | datapath/LT_TC_OP_g2416         | A1 v -> ZN ^ | NOR2_X1   | 0.048 |   2.380 |    2.431 | 
     | datapath/g19681                 | B1 ^ -> ZN v | AOI21_X1  | 0.027 |   2.407 |    2.457 | 
     | datapath/g19680                 | A v -> ZN ^  | INV_X2    | 0.098 |   2.505 |    2.555 | 
     | g1513                           | A1 ^ -> ZN ^ | AND2_X2   | 0.151 |   2.656 |    2.706 | 
     | datapath/FE_OFC134_IFID_flush   | A ^ -> Z ^   | BUF_X1    | 0.134 |   2.790 |    2.840 | 
     | datapath/g37614                 | A1 ^ -> ZN v | NOR2_X1   | 0.014 |   2.804 |    2.855 | 
     | datapath/IFID_pc_reg[7]         | D v          | DFFR_X1   | 0.000 |   2.804 |    2.855 | 
     +-----------------------------------------------------------------------------------------+ 
Path 3: MET Setup Check with Pin datapath/IFID_pc_reg[28]/CK 
Endpoint:   datapath/IFID_pc_reg[28]/D        (v) checked with  leading edge of 
'clk'
Beginpoint: datapath/registers_RF_reg[1][1]/Q (v) triggered by trailing edge of 
'clk'
Path Groups: {reg2reg}
Analysis View: WC_VIEW
Other End Arrival Time         -0.013
- Setup                         0.032
+ Phase Shift                   3.000
+ CPPR Adjustment               0.000
- Uncertainty                   0.100
= Required Time                 2.855
- Arrival Time                  2.804
= Slack Time                    0.051
     Clock Fall Edge                 1.500
     + Clock Network Latency (Prop)  0.008
     = Beginpoint Arrival Time       1.508
     +-----------------------------------------------------------------------------------------+ 
     |            Instance             |     Arc      |   Cell    | Delay | Arrival | Required | 
     |                                 |              |           |       |  Time   |   Time   | 
     |---------------------------------+--------------+-----------+-------+---------+----------| 
     | datapath/registers_RF_reg[1][1] | CK ^         |           |       |   1.508 |    1.560 | 
     | datapath/registers_RF_reg[1][1] | CK ^ -> Q v  | SDFF_X1   | 0.085 |   1.593 |    1.645 | 
     | datapath/g3584__1666            | C2 v -> ZN ^ | AOI222_X1 | 0.106 |   1.699 |    1.750 | 
     | datapath/g3440__9315            | A1 ^ -> ZN v | NAND3_X1  | 0.030 |   1.729 |    1.781 | 
     | datapath/g38629                 | A4 v -> ZN ^ | NOR4_X1   | 0.107 |   1.836 |    1.888 | 
     | datapath/FE_OFC44_n_2507        | A ^ -> Z ^   | CLKBUF_X1 | 0.063 |   1.899 |    1.951 | 
     | datapath/g28218                 | B2 ^ -> ZN v | AOI21_X1  | 0.028 |   1.927 |    1.979 | 
     | datapath/LT_TC_OP_g2521         | A v -> ZN ^  | INV_X1    | 0.030 |   1.957 |    2.009 | 
     | datapath/LT_TC_OP_g2461         | C2 ^ -> ZN v | OAI211_X1 | 0.025 |   1.982 |    2.034 | 
     | datapath/LT_TC_OP_g2428         | A2 v -> ZN ^ | AOI222_X1 | 0.090 |   2.073 |    2.124 | 
     | datapath/LT_TC_OP_g2423         | B2 ^ -> ZN v | OAI221_X1 | 0.041 |   2.114 |    2.165 | 
     | datapath/LT_TC_OP_g2420         | C1 v -> ZN ^ | AOI221_X1 | 0.123 |   2.236 |    2.288 | 
     | datapath/LT_TC_OP_g2419         | A1 ^ -> ZN v | OAI222_X1 | 0.047 |   2.284 |    2.335 | 
     | datapath/LT_TC_OP_g2418         | A1 v -> ZN ^ | NAND4_X1  | 0.030 |   2.314 |    2.366 | 
     | datapath/LT_TC_OP_g2417         | C1 ^ -> ZN v | AOI211_X1 | 0.018 |   2.332 |    2.383 | 
     | datapath/LT_TC_OP_g2416         | A1 v -> ZN ^ | NOR2_X1   | 0.048 |   2.380 |    2.431 | 
     | datapath/g19681                 | B1 ^ -> ZN v | AOI21_X1  | 0.027 |   2.407 |    2.458 | 
     | datapath/g19680                 | A v -> ZN ^  | INV_X2    | 0.098 |   2.505 |    2.556 | 
     | g1513                           | A1 ^ -> ZN ^ | AND2_X2   | 0.151 |   2.656 |    2.707 | 
     | datapath/FE_OFC134_IFID_flush   | A ^ -> Z ^   | BUF_X1    | 0.134 |   2.790 |    2.841 | 
     | datapath/g37606                 | A1 ^ -> ZN v | NOR2_X1   | 0.014 |   2.804 |    2.855 | 
     | datapath/IFID_pc_reg[28]        | D v          | DFFR_X1   | 0.000 |   2.804 |    2.855 | 
     +-----------------------------------------------------------------------------------------+ 
Path 4: MET Setup Check with Pin datapath/IFID_pc_reg[9]/CK 
Endpoint:   datapath/IFID_pc_reg[9]/D         (v) checked with  leading edge of 
'clk'
Beginpoint: datapath/registers_RF_reg[1][1]/Q (v) triggered by trailing edge of 
'clk'
Path Groups: {reg2reg}
Analysis View: WC_VIEW
Other End Arrival Time         -0.012
- Setup                         0.032
+ Phase Shift                   3.000
+ CPPR Adjustment               0.000
- Uncertainty                   0.100
= Required Time                 2.856
- Arrival Time                  2.804
= Slack Time                    0.052
     Clock Fall Edge                 1.500
     + Clock Network Latency (Prop)  0.008
     = Beginpoint Arrival Time       1.508
     +-----------------------------------------------------------------------------------------+ 
     |            Instance             |     Arc      |   Cell    | Delay | Arrival | Required | 
     |                                 |              |           |       |  Time   |   Time   | 
     |---------------------------------+--------------+-----------+-------+---------+----------| 
     | datapath/registers_RF_reg[1][1] | CK ^         |           |       |   1.508 |    1.561 | 
     | datapath/registers_RF_reg[1][1] | CK ^ -> Q v  | SDFF_X1   | 0.085 |   1.593 |    1.646 | 
     | datapath/g3584__1666            | C2 v -> ZN ^ | AOI222_X1 | 0.106 |   1.699 |    1.751 | 
     | datapath/g3440__9315            | A1 ^ -> ZN v | NAND3_X1  | 0.030 |   1.729 |    1.782 | 
     | datapath/g38629                 | A4 v -> ZN ^ | NOR4_X1   | 0.107 |   1.836 |    1.889 | 
     | datapath/FE_OFC44_n_2507        | A ^ -> Z ^   | CLKBUF_X1 | 0.063 |   1.899 |    1.952 | 
     | datapath/g28218                 | B2 ^ -> ZN v | AOI21_X1  | 0.028 |   1.927 |    1.980 | 
     | datapath/LT_TC_OP_g2521         | A v -> ZN ^  | INV_X1    | 0.030 |   1.957 |    2.010 | 
     | datapath/LT_TC_OP_g2461         | C2 ^ -> ZN v | OAI211_X1 | 0.025 |   1.982 |    2.035 | 
     | datapath/LT_TC_OP_g2428         | A2 v -> ZN ^ | AOI222_X1 | 0.090 |   2.073 |    2.125 | 
     | datapath/LT_TC_OP_g2423         | B2 ^ -> ZN v | OAI221_X1 | 0.041 |   2.114 |    2.166 | 
     | datapath/LT_TC_OP_g2420         | C1 v -> ZN ^ | AOI221_X1 | 0.123 |   2.236 |    2.289 | 
     | datapath/LT_TC_OP_g2419         | A1 ^ -> ZN v | OAI222_X1 | 0.047 |   2.284 |    2.336 | 
     | datapath/LT_TC_OP_g2418         | A1 v -> ZN ^ | NAND4_X1  | 0.030 |   2.314 |    2.367 | 
     | datapath/LT_TC_OP_g2417         | C1 ^ -> ZN v | AOI211_X1 | 0.018 |   2.332 |    2.384 | 
     | datapath/LT_TC_OP_g2416         | A1 v -> ZN ^ | NOR2_X1   | 0.048 |   2.380 |    2.432 | 
     | datapath/g19681                 | B1 ^ -> ZN v | AOI21_X1  | 0.027 |   2.407 |    2.459 | 
     | datapath/g19680                 | A v -> ZN ^  | INV_X2    | 0.098 |   2.505 |    2.557 | 
     | g1513                           | A1 ^ -> ZN ^ | AND2_X2   | 0.151 |   2.656 |    2.708 | 
     | datapath/FE_OFC134_IFID_flush   | A ^ -> Z ^   | BUF_X1    | 0.134 |   2.790 |    2.842 | 
     | datapath/g37585                 | A1 ^ -> ZN v | NOR2_X1   | 0.014 |   2.804 |    2.856 | 
     | datapath/IFID_pc_reg[9]         | D v          | DFFR_X1   | 0.000 |   2.804 |    2.856 | 
     +-----------------------------------------------------------------------------------------+ 
Path 5: MET Setup Check with Pin datapath/IFID_pc_reg[30]/CK 
Endpoint:   datapath/IFID_pc_reg[30]/D        (v) checked with  leading edge of 
'clk'
Beginpoint: datapath/registers_RF_reg[1][1]/Q (v) triggered by trailing edge of 
'clk'
Path Groups: {reg2reg}
Analysis View: WC_VIEW
Other End Arrival Time         -0.014
- Setup                         0.032
+ Phase Shift                   3.000
+ CPPR Adjustment               0.000
- Uncertainty                   0.100
= Required Time                 2.855
- Arrival Time                  2.802
= Slack Time                    0.053
     Clock Fall Edge                 1.500
     + Clock Network Latency (Prop)  0.008
     = Beginpoint Arrival Time       1.508
     +-----------------------------------------------------------------------------------------+ 
     |            Instance             |     Arc      |   Cell    | Delay | Arrival | Required | 
     |                                 |              |           |       |  Time   |   Time   | 
     |---------------------------------+--------------+-----------+-------+---------+----------| 
     | datapath/registers_RF_reg[1][1] | CK ^         |           |       |   1.508 |    1.561 | 
     | datapath/registers_RF_reg[1][1] | CK ^ -> Q v  | SDFF_X1   | 0.085 |   1.593 |    1.646 | 
     | datapath/g3584__1666            | C2 v -> ZN ^ | AOI222_X1 | 0.106 |   1.699 |    1.752 | 
     | datapath/g3440__9315            | A1 ^ -> ZN v | NAND3_X1  | 0.030 |   1.729 |    1.782 | 
     | datapath/g38629                 | A4 v -> ZN ^ | NOR4_X1   | 0.107 |   1.836 |    1.889 | 
     | datapath/FE_OFC44_n_2507        | A ^ -> Z ^   | CLKBUF_X1 | 0.063 |   1.899 |    1.952 | 
     | datapath/g28218                 | B2 ^ -> ZN v | AOI21_X1  | 0.028 |   1.927 |    1.980 | 
     | datapath/LT_TC_OP_g2521         | A v -> ZN ^  | INV_X1    | 0.030 |   1.957 |    2.010 | 
     | datapath/LT_TC_OP_g2461         | C2 ^ -> ZN v | OAI211_X1 | 0.025 |   1.982 |    2.035 | 
     | datapath/LT_TC_OP_g2428         | A2 v -> ZN ^ | AOI222_X1 | 0.090 |   2.073 |    2.125 | 
     | datapath/LT_TC_OP_g2423         | B2 ^ -> ZN v | OAI221_X1 | 0.041 |   2.114 |    2.166 | 
     | datapath/LT_TC_OP_g2420         | C1 v -> ZN ^ | AOI221_X1 | 0.123 |   2.236 |    2.289 | 
     | datapath/LT_TC_OP_g2419         | A1 ^ -> ZN v | OAI222_X1 | 0.047 |   2.284 |    2.336 | 
     | datapath/LT_TC_OP_g2418         | A1 v -> ZN ^ | NAND4_X1  | 0.030 |   2.314 |    2.367 | 
     | datapath/LT_TC_OP_g2417         | C1 ^ -> ZN v | AOI211_X1 | 0.018 |   2.332 |    2.385 | 
     | datapath/LT_TC_OP_g2416         | A1 v -> ZN ^ | NOR2_X1   | 0.048 |   2.380 |    2.433 | 
     | datapath/g19681                 | B1 ^ -> ZN v | AOI21_X1  | 0.027 |   2.407 |    2.459 | 
     | datapath/g19680                 | A v -> ZN ^  | INV_X2    | 0.098 |   2.505 |    2.557 | 
     | g1513                           | A1 ^ -> ZN ^ | AND2_X2   | 0.151 |   2.656 |    2.708 | 
     | datapath/FE_OFC134_IFID_flush   | A ^ -> Z ^   | BUF_X1    | 0.134 |   2.790 |    2.842 | 
     | datapath/g37608                 | A1 ^ -> ZN v | NOR2_X1   | 0.013 |   2.802 |    2.855 | 
     | datapath/IFID_pc_reg[30]        | D v          | DFFR_X1   | 0.000 |   2.802 |    2.855 | 
     +-----------------------------------------------------------------------------------------+ 
Path 6: MET Setup Check with Pin datapath/IFID_instr_reg[27]/CK 
Endpoint:   datapath/IFID_instr_reg[27]/D     (v) checked with  leading edge of 
'clk'
Beginpoint: datapath/registers_RF_reg[1][1]/Q (v) triggered by trailing edge of 
'clk'
Path Groups: {reg2reg}
Analysis View: WC_VIEW
Other End Arrival Time         -0.014
- Setup                         0.031
+ Phase Shift                   3.000
+ CPPR Adjustment               0.000
- Uncertainty                   0.100
= Required Time                 2.855
- Arrival Time                  2.801
= Slack Time                    0.054
     Clock Fall Edge                 1.500
     + Clock Network Latency (Prop)  0.008
     = Beginpoint Arrival Time       1.508
     +-----------------------------------------------------------------------------------------+ 
     |            Instance             |     Arc      |   Cell    | Delay | Arrival | Required | 
     |                                 |              |           |       |  Time   |   Time   | 
     |---------------------------------+--------------+-----------+-------+---------+----------| 
     | datapath/registers_RF_reg[1][1] | CK ^         |           |       |   1.508 |    1.562 | 
     | datapath/registers_RF_reg[1][1] | CK ^ -> Q v  | SDFF_X1   | 0.085 |   1.593 |    1.647 | 
     | datapath/g3584__1666            | C2 v -> ZN ^ | AOI222_X1 | 0.106 |   1.699 |    1.753 | 
     | datapath/g3440__9315            | A1 ^ -> ZN v | NAND3_X1  | 0.030 |   1.729 |    1.783 | 
     | datapath/g38629                 | A4 v -> ZN ^ | NOR4_X1   | 0.107 |   1.836 |    1.890 | 
     | datapath/FE_OFC44_n_2507        | A ^ -> Z ^   | CLKBUF_X1 | 0.063 |   1.899 |    1.953 | 
     | datapath/g28218                 | B2 ^ -> ZN v | AOI21_X1  | 0.028 |   1.927 |    1.981 | 
     | datapath/LT_TC_OP_g2521         | A v -> ZN ^  | INV_X1    | 0.030 |   1.957 |    2.011 | 
     | datapath/LT_TC_OP_g2461         | C2 ^ -> ZN v | OAI211_X1 | 0.025 |   1.982 |    2.036 | 
     | datapath/LT_TC_OP_g2428         | A2 v -> ZN ^ | AOI222_X1 | 0.090 |   2.073 |    2.126 | 
     | datapath/LT_TC_OP_g2423         | B2 ^ -> ZN v | OAI221_X1 | 0.041 |   2.114 |    2.168 | 
     | datapath/LT_TC_OP_g2420         | C1 v -> ZN ^ | AOI221_X1 | 0.123 |   2.236 |    2.290 | 
     | datapath/LT_TC_OP_g2419         | A1 ^ -> ZN v | OAI222_X1 | 0.047 |   2.284 |    2.338 | 
     | datapath/LT_TC_OP_g2418         | A1 v -> ZN ^ | NAND4_X1  | 0.030 |   2.314 |    2.368 | 
     | datapath/LT_TC_OP_g2417         | C1 ^ -> ZN v | AOI211_X1 | 0.018 |   2.332 |    2.386 | 
     | datapath/LT_TC_OP_g2416         | A1 v -> ZN ^ | NOR2_X1   | 0.048 |   2.380 |    2.434 | 
     | datapath/g19681                 | B1 ^ -> ZN v | AOI21_X1  | 0.027 |   2.407 |    2.461 | 
     | datapath/g19680                 | A v -> ZN ^  | INV_X2    | 0.098 |   2.505 |    2.559 | 
     | g1513                           | A1 ^ -> ZN ^ | AND2_X2   | 0.151 |   2.656 |    2.710 | 
     | datapath/FE_OFC134_IFID_flush   | A ^ -> Z ^   | BUF_X1    | 0.134 |   2.790 |    2.844 | 
     | datapath/g37543                 | A1 ^ -> ZN v | NOR2_X1   | 0.011 |   2.801 |    2.855 | 
     | datapath/IFID_instr_reg[27]     | D v          | DFFR_X1   | 0.000 |   2.801 |    2.855 | 
     +-----------------------------------------------------------------------------------------+ 
Path 7: MET Setup Check with Pin datapath/IFID_pc_reg[26]/CK 
Endpoint:   datapath/IFID_pc_reg[26]/D        (v) checked with  leading edge of 
'clk'
Beginpoint: datapath/registers_RF_reg[1][1]/Q (v) triggered by trailing edge of 
'clk'
Path Groups: {reg2reg}
Analysis View: WC_VIEW
Other End Arrival Time         -0.013
- Setup                         0.032
+ Phase Shift                   3.000
+ CPPR Adjustment               0.000
- Uncertainty                   0.100
= Required Time                 2.855
- Arrival Time                  2.801
= Slack Time                    0.054
     Clock Fall Edge                 1.500
     + Clock Network Latency (Prop)  0.008
     = Beginpoint Arrival Time       1.508
     +-----------------------------------------------------------------------------------------+ 
     |            Instance             |     Arc      |   Cell    | Delay | Arrival | Required | 
     |                                 |              |           |       |  Time   |   Time   | 
     |---------------------------------+--------------+-----------+-------+---------+----------| 
     | datapath/registers_RF_reg[1][1] | CK ^         |           |       |   1.508 |    1.562 | 
     | datapath/registers_RF_reg[1][1] | CK ^ -> Q v  | SDFF_X1   | 0.085 |   1.593 |    1.647 | 
     | datapath/g3584__1666            | C2 v -> ZN ^ | AOI222_X1 | 0.106 |   1.699 |    1.753 | 
     | datapath/g3440__9315            | A1 ^ -> ZN v | NAND3_X1  | 0.030 |   1.729 |    1.783 | 
     | datapath/g38629                 | A4 v -> ZN ^ | NOR4_X1   | 0.107 |   1.836 |    1.890 | 
     | datapath/FE_OFC44_n_2507        | A ^ -> Z ^   | CLKBUF_X1 | 0.063 |   1.899 |    1.953 | 
     | datapath/g28218                 | B2 ^ -> ZN v | AOI21_X1  | 0.028 |   1.927 |    1.981 | 
     | datapath/LT_TC_OP_g2521         | A v -> ZN ^  | INV_X1    | 0.030 |   1.957 |    2.011 | 
     | datapath/LT_TC_OP_g2461         | C2 ^ -> ZN v | OAI211_X1 | 0.025 |   1.982 |    2.036 | 
     | datapath/LT_TC_OP_g2428         | A2 v -> ZN ^ | AOI222_X1 | 0.090 |   2.073 |    2.126 | 
     | datapath/LT_TC_OP_g2423         | B2 ^ -> ZN v | OAI221_X1 | 0.041 |   2.114 |    2.168 | 
     | datapath/LT_TC_OP_g2420         | C1 v -> ZN ^ | AOI221_X1 | 0.123 |   2.236 |    2.290 | 
     | datapath/LT_TC_OP_g2419         | A1 ^ -> ZN v | OAI222_X1 | 0.047 |   2.284 |    2.338 | 
     | datapath/LT_TC_OP_g2418         | A1 v -> ZN ^ | NAND4_X1  | 0.030 |   2.314 |    2.368 | 
     | datapath/LT_TC_OP_g2417         | C1 ^ -> ZN v | AOI211_X1 | 0.018 |   2.332 |    2.386 | 
     | datapath/LT_TC_OP_g2416         | A1 v -> ZN ^ | NOR2_X1   | 0.048 |   2.380 |    2.434 | 
     | datapath/g19681                 | B1 ^ -> ZN v | AOI21_X1  | 0.027 |   2.407 |    2.461 | 
     | datapath/g19680                 | A v -> ZN ^  | INV_X2    | 0.098 |   2.505 |    2.559 | 
     | g1513                           | A1 ^ -> ZN ^ | AND2_X2   | 0.151 |   2.656 |    2.710 | 
     | datapath/FE_OFC134_IFID_flush   | A ^ -> Z ^   | BUF_X1    | 0.134 |   2.790 |    2.844 | 
     | datapath/g37532                 | A1 ^ -> ZN v | NOR2_X1   | 0.012 |   2.801 |    2.855 | 
     | datapath/IFID_pc_reg[26]        | D v          | DFFR_X1   | 0.000 |   2.801 |    2.855 | 
     +-----------------------------------------------------------------------------------------+ 
Path 8: MET Setup Check with Pin datapath/IFID_instr_reg[28]/CK 
Endpoint:   datapath/IFID_instr_reg[28]/D     (v) checked with  leading edge of 
'clk'
Beginpoint: datapath/registers_RF_reg[1][1]/Q (v) triggered by trailing edge of 
'clk'
Path Groups: {reg2reg}
Analysis View: WC_VIEW
Other End Arrival Time         -0.013
- Setup                         0.031
+ Phase Shift                   3.000
+ CPPR Adjustment               0.000
- Uncertainty                   0.100
= Required Time                 2.855
- Arrival Time                  2.801
= Slack Time                    0.054
     Clock Fall Edge                 1.500
     + Clock Network Latency (Prop)  0.008
     = Beginpoint Arrival Time       1.508
     +-----------------------------------------------------------------------------------------+ 
     |            Instance             |     Arc      |   Cell    | Delay | Arrival | Required | 
     |                                 |              |           |       |  Time   |   Time   | 
     |---------------------------------+--------------+-----------+-------+---------+----------| 
     | datapath/registers_RF_reg[1][1] | CK ^         |           |       |   1.508 |    1.562 | 
     | datapath/registers_RF_reg[1][1] | CK ^ -> Q v  | SDFF_X1   | 0.085 |   1.593 |    1.648 | 
     | datapath/g3584__1666            | C2 v -> ZN ^ | AOI222_X1 | 0.106 |   1.699 |    1.753 | 
     | datapath/g3440__9315            | A1 ^ -> ZN v | NAND3_X1  | 0.030 |   1.729 |    1.783 | 
     | datapath/g38629                 | A4 v -> ZN ^ | NOR4_X1   | 0.107 |   1.836 |    1.891 | 
     | datapath/FE_OFC44_n_2507        | A ^ -> Z ^   | CLKBUF_X1 | 0.063 |   1.899 |    1.953 | 
     | datapath/g28218                 | B2 ^ -> ZN v | AOI21_X1  | 0.028 |   1.927 |    1.981 | 
     | datapath/LT_TC_OP_g2521         | A v -> ZN ^  | INV_X1    | 0.030 |   1.957 |    2.012 | 
     | datapath/LT_TC_OP_g2461         | C2 ^ -> ZN v | OAI211_X1 | 0.025 |   1.982 |    2.036 | 
     | datapath/LT_TC_OP_g2428         | A2 v -> ZN ^ | AOI222_X1 | 0.090 |   2.073 |    2.127 | 
     | datapath/LT_TC_OP_g2423         | B2 ^ -> ZN v | OAI221_X1 | 0.041 |   2.114 |    2.168 | 
     | datapath/LT_TC_OP_g2420         | C1 v -> ZN ^ | AOI221_X1 | 0.123 |   2.236 |    2.291 | 
     | datapath/LT_TC_OP_g2419         | A1 ^ -> ZN v | OAI222_X1 | 0.047 |   2.284 |    2.338 | 
     | datapath/LT_TC_OP_g2418         | A1 v -> ZN ^ | NAND4_X1  | 0.030 |   2.314 |    2.369 | 
     | datapath/LT_TC_OP_g2417         | C1 ^ -> ZN v | AOI211_X1 | 0.018 |   2.332 |    2.386 | 
     | datapath/LT_TC_OP_g2416         | A1 v -> ZN ^ | NOR2_X1   | 0.048 |   2.380 |    2.434 | 
     | datapath/g19681                 | B1 ^ -> ZN v | AOI21_X1  | 0.027 |   2.407 |    2.461 | 
     | datapath/g19680                 | A v -> ZN ^  | INV_X2    | 0.098 |   2.505 |    2.559 | 
     | g1513                           | A1 ^ -> ZN ^ | AND2_X2   | 0.151 |   2.656 |    2.710 | 
     | datapath/FE_OFC134_IFID_flush   | A ^ -> Z ^   | BUF_X1    | 0.134 |   2.790 |    2.844 | 
     | datapath/g37544                 | A1 ^ -> ZN v | NOR2_X1   | 0.011 |   2.801 |    2.855 | 
     | datapath/IFID_instr_reg[28]     | D v          | DFFR_X1   | 0.000 |   2.801 |    2.855 | 
     +-----------------------------------------------------------------------------------------+ 
Path 9: MET Setup Check with Pin datapath/IFID_pc_reg[6]/CK 
Endpoint:   datapath/IFID_pc_reg[6]/D         (v) checked with  leading edge of 
'clk'
Beginpoint: datapath/registers_RF_reg[1][1]/Q (v) triggered by trailing edge of 
'clk'
Path Groups: {reg2reg}
Analysis View: WC_VIEW
Other End Arrival Time         -0.013
- Setup                         0.031
+ Phase Shift                   3.000
+ CPPR Adjustment               0.000
- Uncertainty                   0.100
= Required Time                 2.855
- Arrival Time                  2.801
= Slack Time                    0.054
     Clock Fall Edge                 1.500
     + Clock Network Latency (Prop)  0.008
     = Beginpoint Arrival Time       1.508
     +-----------------------------------------------------------------------------------------+ 
     |            Instance             |     Arc      |   Cell    | Delay | Arrival | Required | 
     |                                 |              |           |       |  Time   |   Time   | 
     |---------------------------------+--------------+-----------+-------+---------+----------| 
     | datapath/registers_RF_reg[1][1] | CK ^         |           |       |   1.508 |    1.563 | 
     | datapath/registers_RF_reg[1][1] | CK ^ -> Q v  | SDFF_X1   | 0.085 |   1.593 |    1.648 | 
     | datapath/g3584__1666            | C2 v -> ZN ^ | AOI222_X1 | 0.106 |   1.699 |    1.753 | 
     | datapath/g3440__9315            | A1 ^ -> ZN v | NAND3_X1  | 0.030 |   1.729 |    1.784 | 
     | datapath/g38629                 | A4 v -> ZN ^ | NOR4_X1   | 0.107 |   1.836 |    1.891 | 
     | datapath/FE_OFC44_n_2507        | A ^ -> Z ^   | CLKBUF_X1 | 0.063 |   1.899 |    1.954 | 
     | datapath/g28218                 | B2 ^ -> ZN v | AOI21_X1  | 0.028 |   1.927 |    1.982 | 
     | datapath/LT_TC_OP_g2521         | A v -> ZN ^  | INV_X1    | 0.030 |   1.957 |    2.012 | 
     | datapath/LT_TC_OP_g2461         | C2 ^ -> ZN v | OAI211_X1 | 0.025 |   1.982 |    2.037 | 
     | datapath/LT_TC_OP_g2428         | A2 v -> ZN ^ | AOI222_X1 | 0.090 |   2.073 |    2.127 | 
     | datapath/LT_TC_OP_g2423         | B2 ^ -> ZN v | OAI221_X1 | 0.041 |   2.114 |    2.168 | 
     | datapath/LT_TC_OP_g2420         | C1 v -> ZN ^ | AOI221_X1 | 0.123 |   2.236 |    2.291 | 
     | datapath/LT_TC_OP_g2419         | A1 ^ -> ZN v | OAI222_X1 | 0.047 |   2.284 |    2.338 | 
     | datapath/LT_TC_OP_g2418         | A1 v -> ZN ^ | NAND4_X1  | 0.030 |   2.314 |    2.369 | 
     | datapath/LT_TC_OP_g2417         | C1 ^ -> ZN v | AOI211_X1 | 0.018 |   2.332 |    2.386 | 
     | datapath/LT_TC_OP_g2416         | A1 v -> ZN ^ | NOR2_X1   | 0.048 |   2.380 |    2.434 | 
     | datapath/g19681                 | B1 ^ -> ZN v | AOI21_X1  | 0.027 |   2.407 |    2.461 | 
     | datapath/g19680                 | A v -> ZN ^  | INV_X2    | 0.098 |   2.505 |    2.559 | 
     | g1513                           | A1 ^ -> ZN ^ | AND2_X2   | 0.151 |   2.656 |    2.710 | 
     | datapath/FE_OFC134_IFID_flush   | A ^ -> Z ^   | BUF_X1    | 0.134 |   2.790 |    2.844 | 
     | datapath/g37551                 | A1 ^ -> ZN v | NOR2_X1   | 0.011 |   2.801 |    2.855 | 
     | datapath/IFID_pc_reg[6]         | D v          | DFFR_X1   | 0.000 |   2.801 |    2.855 | 
     +-----------------------------------------------------------------------------------------+ 
Path 10: MET Setup Check with Pin datapath/IFID_pc_reg[31]/CK 
Endpoint:   datapath/IFID_pc_reg[31]/D        (v) checked with  leading edge of 
'clk'
Beginpoint: datapath/registers_RF_reg[1][1]/Q (v) triggered by trailing edge of 
'clk'
Path Groups: {reg2reg}
Analysis View: WC_VIEW
Other End Arrival Time         -0.014
- Setup                         0.031
+ Phase Shift                   3.000
+ CPPR Adjustment               0.000
- Uncertainty                   0.100
= Required Time                 2.855
- Arrival Time                  2.800
= Slack Time                    0.055
     Clock Fall Edge                 1.500
     + Clock Network Latency (Prop)  0.008
     = Beginpoint Arrival Time       1.508
     +-----------------------------------------------------------------------------------------+ 
     |            Instance             |     Arc      |   Cell    | Delay | Arrival | Required | 
     |                                 |              |           |       |  Time   |   Time   | 
     |---------------------------------+--------------+-----------+-------+---------+----------| 
     | datapath/registers_RF_reg[1][1] | CK ^         |           |       |   1.508 |    1.563 | 
     | datapath/registers_RF_reg[1][1] | CK ^ -> Q v  | SDFF_X1   | 0.085 |   1.593 |    1.648 | 
     | datapath/g3584__1666            | C2 v -> ZN ^ | AOI222_X1 | 0.106 |   1.699 |    1.754 | 
     | datapath/g3440__9315            | A1 ^ -> ZN v | NAND3_X1  | 0.030 |   1.729 |    1.784 | 
     | datapath/g38629                 | A4 v -> ZN ^ | NOR4_X1   | 0.107 |   1.836 |    1.891 | 
     | datapath/FE_OFC44_n_2507        | A ^ -> Z ^   | CLKBUF_X1 | 0.063 |   1.899 |    1.954 | 
     | datapath/g28218                 | B2 ^ -> ZN v | AOI21_X1  | 0.028 |   1.927 |    1.982 | 
     | datapath/LT_TC_OP_g2521         | A v -> ZN ^  | INV_X1    | 0.030 |   1.957 |    2.012 | 
     | datapath/LT_TC_OP_g2461         | C2 ^ -> ZN v | OAI211_X1 | 0.025 |   1.982 |    2.037 | 
     | datapath/LT_TC_OP_g2428         | A2 v -> ZN ^ | AOI222_X1 | 0.090 |   2.073 |    2.127 | 
     | datapath/LT_TC_OP_g2423         | B2 ^ -> ZN v | OAI221_X1 | 0.041 |   2.114 |    2.169 | 
     | datapath/LT_TC_OP_g2420         | C1 v -> ZN ^ | AOI221_X1 | 0.123 |   2.236 |    2.291 | 
     | datapath/LT_TC_OP_g2419         | A1 ^ -> ZN v | OAI222_X1 | 0.047 |   2.284 |    2.339 | 
     | datapath/LT_TC_OP_g2418         | A1 v -> ZN ^ | NAND4_X1  | 0.030 |   2.314 |    2.369 | 
     | datapath/LT_TC_OP_g2417         | C1 ^ -> ZN v | AOI211_X1 | 0.018 |   2.332 |    2.387 | 
     | datapath/LT_TC_OP_g2416         | A1 v -> ZN ^ | NOR2_X1   | 0.048 |   2.380 |    2.435 | 
     | datapath/g19681                 | B1 ^ -> ZN v | AOI21_X1  | 0.027 |   2.407 |    2.462 | 
     | datapath/g19680                 | A v -> ZN ^  | INV_X2    | 0.098 |   2.505 |    2.559 | 
     | g1513                           | A1 ^ -> ZN ^ | AND2_X2   | 0.151 |   2.656 |    2.710 | 
     | datapath/FE_OFC134_IFID_flush   | A ^ -> Z ^   | BUF_X1    | 0.134 |   2.790 |    2.844 | 
     | datapath/g37609                 | A1 ^ -> ZN v | NOR2_X1   | 0.011 |   2.800 |    2.855 | 
     | datapath/IFID_pc_reg[31]        | D v          | DFFR_X1   | 0.000 |   2.800 |    2.855 | 
     +-----------------------------------------------------------------------------------------+ 
Path 11: MET Setup Check with Pin datapath/IFID_instr_reg[26]/CK 
Endpoint:   datapath/IFID_instr_reg[26]/D     (v) checked with  leading edge of 
'clk'
Beginpoint: datapath/registers_RF_reg[1][1]/Q (v) triggered by trailing edge of 
'clk'
Path Groups: {reg2reg}
Analysis View: WC_VIEW
Other End Arrival Time         -0.014
- Setup                         0.031
+ Phase Shift                   3.000
+ CPPR Adjustment               0.000
- Uncertainty                   0.100
= Required Time                 2.855
- Arrival Time                  2.800
= Slack Time                    0.055
     Clock Fall Edge                 1.500
     + Clock Network Latency (Prop)  0.008
     = Beginpoint Arrival Time       1.508
     +-----------------------------------------------------------------------------------------+ 
     |            Instance             |     Arc      |   Cell    | Delay | Arrival | Required | 
     |                                 |              |           |       |  Time   |   Time   | 
     |---------------------------------+--------------+-----------+-------+---------+----------| 
     | datapath/registers_RF_reg[1][1] | CK ^         |           |       |   1.508 |    1.563 | 
     | datapath/registers_RF_reg[1][1] | CK ^ -> Q v  | SDFF_X1   | 0.085 |   1.593 |    1.648 | 
     | datapath/g3584__1666            | C2 v -> ZN ^ | AOI222_X1 | 0.106 |   1.699 |    1.754 | 
     | datapath/g3440__9315            | A1 ^ -> ZN v | NAND3_X1  | 0.030 |   1.729 |    1.784 | 
     | datapath/g38629                 | A4 v -> ZN ^ | NOR4_X1   | 0.107 |   1.836 |    1.891 | 
     | datapath/FE_OFC44_n_2507        | A ^ -> Z ^   | CLKBUF_X1 | 0.063 |   1.899 |    1.954 | 
     | datapath/g28218                 | B2 ^ -> ZN v | AOI21_X1  | 0.028 |   1.927 |    1.982 | 
     | datapath/LT_TC_OP_g2521         | A v -> ZN ^  | INV_X1    | 0.030 |   1.957 |    2.012 | 
     | datapath/LT_TC_OP_g2461         | C2 ^ -> ZN v | OAI211_X1 | 0.025 |   1.982 |    2.037 | 
     | datapath/LT_TC_OP_g2428         | A2 v -> ZN ^ | AOI222_X1 | 0.090 |   2.073 |    2.127 | 
     | datapath/LT_TC_OP_g2423         | B2 ^ -> ZN v | OAI221_X1 | 0.041 |   2.114 |    2.169 | 
     | datapath/LT_TC_OP_g2420         | C1 v -> ZN ^ | AOI221_X1 | 0.123 |   2.236 |    2.291 | 
     | datapath/LT_TC_OP_g2419         | A1 ^ -> ZN v | OAI222_X1 | 0.047 |   2.284 |    2.339 | 
     | datapath/LT_TC_OP_g2418         | A1 v -> ZN ^ | NAND4_X1  | 0.030 |   2.314 |    2.369 | 
     | datapath/LT_TC_OP_g2417         | C1 ^ -> ZN v | AOI211_X1 | 0.018 |   2.332 |    2.387 | 
     | datapath/LT_TC_OP_g2416         | A1 v -> ZN ^ | NOR2_X1   | 0.048 |   2.380 |    2.435 | 
     | datapath/g19681                 | B1 ^ -> ZN v | AOI21_X1  | 0.027 |   2.407 |    2.462 | 
     | datapath/g19680                 | A v -> ZN ^  | INV_X2    | 0.098 |   2.505 |    2.560 | 
     | g1513                           | A1 ^ -> ZN ^ | AND2_X2   | 0.151 |   2.656 |    2.711 | 
     | datapath/FE_OFC134_IFID_flush   | A ^ -> Z ^   | BUF_X1    | 0.134 |   2.790 |    2.845 | 
     | datapath/g37542                 | A1 ^ -> ZN v | NOR2_X1   | 0.010 |   2.800 |    2.855 | 
     | datapath/IFID_instr_reg[26]     | D v          | DFFR_X1   | 0.000 |   2.800 |    2.855 | 
     +-----------------------------------------------------------------------------------------+ 
Path 12: MET Setup Check with Pin datapath/IFID_pc_reg[29]/CK 
Endpoint:   datapath/IFID_pc_reg[29]/D        (v) checked with  leading edge of 
'clk'
Beginpoint: datapath/registers_RF_reg[1][1]/Q (v) triggered by trailing edge of 
'clk'
Path Groups: {reg2reg}
Analysis View: WC_VIEW
Other End Arrival Time         -0.013
- Setup                         0.031
+ Phase Shift                   3.000
+ CPPR Adjustment               0.000
- Uncertainty                   0.100
= Required Time                 2.855
- Arrival Time                  2.800
= Slack Time                    0.055
     Clock Fall Edge                 1.500
     + Clock Network Latency (Prop)  0.008
     = Beginpoint Arrival Time       1.508
     +-----------------------------------------------------------------------------------------+ 
     |            Instance             |     Arc      |   Cell    | Delay | Arrival | Required | 
     |                                 |              |           |       |  Time   |   Time   | 
     |---------------------------------+--------------+-----------+-------+---------+----------| 
     | datapath/registers_RF_reg[1][1] | CK ^         |           |       |   1.508 |    1.563 | 
     | datapath/registers_RF_reg[1][1] | CK ^ -> Q v  | SDFF_X1   | 0.085 |   1.593 |    1.648 | 
     | datapath/g3584__1666            | C2 v -> ZN ^ | AOI222_X1 | 0.106 |   1.699 |    1.754 | 
     | datapath/g3440__9315            | A1 ^ -> ZN v | NAND3_X1  | 0.030 |   1.729 |    1.784 | 
     | datapath/g38629                 | A4 v -> ZN ^ | NOR4_X1   | 0.107 |   1.836 |    1.891 | 
     | datapath/FE_OFC44_n_2507        | A ^ -> Z ^   | CLKBUF_X1 | 0.063 |   1.899 |    1.954 | 
     | datapath/g28218                 | B2 ^ -> ZN v | AOI21_X1  | 0.028 |   1.927 |    1.982 | 
     | datapath/LT_TC_OP_g2521         | A v -> ZN ^  | INV_X1    | 0.030 |   1.957 |    2.012 | 
     | datapath/LT_TC_OP_g2461         | C2 ^ -> ZN v | OAI211_X1 | 0.025 |   1.982 |    2.037 | 
     | datapath/LT_TC_OP_g2428         | A2 v -> ZN ^ | AOI222_X1 | 0.090 |   2.073 |    2.128 | 
     | datapath/LT_TC_OP_g2423         | B2 ^ -> ZN v | OAI221_X1 | 0.041 |   2.114 |    2.169 | 
     | datapath/LT_TC_OP_g2420         | C1 v -> ZN ^ | AOI221_X1 | 0.123 |   2.236 |    2.291 | 
     | datapath/LT_TC_OP_g2419         | A1 ^ -> ZN v | OAI222_X1 | 0.047 |   2.284 |    2.339 | 
     | datapath/LT_TC_OP_g2418         | A1 v -> ZN ^ | NAND4_X1  | 0.030 |   2.314 |    2.369 | 
     | datapath/LT_TC_OP_g2417         | C1 ^ -> ZN v | AOI211_X1 | 0.018 |   2.332 |    2.387 | 
     | datapath/LT_TC_OP_g2416         | A1 v -> ZN ^ | NOR2_X1   | 0.048 |   2.380 |    2.435 | 
     | datapath/g19681                 | B1 ^ -> ZN v | AOI21_X1  | 0.027 |   2.407 |    2.462 | 
     | datapath/g19680                 | A v -> ZN ^  | INV_X2    | 0.098 |   2.505 |    2.560 | 
     | g1513                           | A1 ^ -> ZN ^ | AND2_X2   | 0.151 |   2.656 |    2.711 | 
     | datapath/FE_OFC134_IFID_flush   | A ^ -> Z ^   | BUF_X1    | 0.134 |   2.790 |    2.845 | 
     | datapath/g37607                 | A1 ^ -> ZN v | NOR2_X1   | 0.011 |   2.800 |    2.855 | 
     | datapath/IFID_pc_reg[29]        | D v          | DFFR_X1   | 0.000 |   2.800 |    2.855 | 
     +-----------------------------------------------------------------------------------------+ 
Path 13: MET Setup Check with Pin datapath/IFID_pc_reg[27]/CK 
Endpoint:   datapath/IFID_pc_reg[27]/D        (v) checked with  leading edge of 
'clk'
Beginpoint: datapath/registers_RF_reg[1][1]/Q (v) triggered by trailing edge of 
'clk'
Path Groups: {reg2reg}
Analysis View: WC_VIEW
Other End Arrival Time         -0.013
- Setup                         0.031
+ Phase Shift                   3.000
+ CPPR Adjustment               0.000
- Uncertainty                   0.100
= Required Time                 2.856
- Arrival Time                  2.800
= Slack Time                    0.056
     Clock Fall Edge                 1.500
     + Clock Network Latency (Prop)  0.008
     = Beginpoint Arrival Time       1.508
     +-----------------------------------------------------------------------------------------+ 
     |            Instance             |     Arc      |   Cell    | Delay | Arrival | Required | 
     |                                 |              |           |       |  Time   |   Time   | 
     |---------------------------------+--------------+-----------+-------+---------+----------| 
     | datapath/registers_RF_reg[1][1] | CK ^         |           |       |   1.508 |    1.564 | 
     | datapath/registers_RF_reg[1][1] | CK ^ -> Q v  | SDFF_X1   | 0.085 |   1.593 |    1.649 | 
     | datapath/g3584__1666            | C2 v -> ZN ^ | AOI222_X1 | 0.106 |   1.699 |    1.755 | 
     | datapath/g3440__9315            | A1 ^ -> ZN v | NAND3_X1  | 0.030 |   1.729 |    1.785 | 
     | datapath/g38629                 | A4 v -> ZN ^ | NOR4_X1   | 0.107 |   1.836 |    1.892 | 
     | datapath/FE_OFC44_n_2507        | A ^ -> Z ^   | CLKBUF_X1 | 0.063 |   1.899 |    1.955 | 
     | datapath/g28218                 | B2 ^ -> ZN v | AOI21_X1  | 0.028 |   1.927 |    1.983 | 
     | datapath/LT_TC_OP_g2521         | A v -> ZN ^  | INV_X1    | 0.030 |   1.957 |    2.013 | 
     | datapath/LT_TC_OP_g2461         | C2 ^ -> ZN v | OAI211_X1 | 0.025 |   1.982 |    2.038 | 
     | datapath/LT_TC_OP_g2428         | A2 v -> ZN ^ | AOI222_X1 | 0.090 |   2.073 |    2.128 | 
     | datapath/LT_TC_OP_g2423         | B2 ^ -> ZN v | OAI221_X1 | 0.041 |   2.114 |    2.169 | 
     | datapath/LT_TC_OP_g2420         | C1 v -> ZN ^ | AOI221_X1 | 0.123 |   2.236 |    2.292 | 
     | datapath/LT_TC_OP_g2419         | A1 ^ -> ZN v | OAI222_X1 | 0.047 |   2.284 |    2.340 | 
     | datapath/LT_TC_OP_g2418         | A1 v -> ZN ^ | NAND4_X1  | 0.030 |   2.314 |    2.370 | 
     | datapath/LT_TC_OP_g2417         | C1 ^ -> ZN v | AOI211_X1 | 0.018 |   2.332 |    2.388 | 
     | datapath/LT_TC_OP_g2416         | A1 v -> ZN ^ | NOR2_X1   | 0.048 |   2.380 |    2.436 | 
     | datapath/g19681                 | B1 ^ -> ZN v | AOI21_X1  | 0.027 |   2.407 |    2.462 | 
     | datapath/g19680                 | A v -> ZN ^  | INV_X2    | 0.098 |   2.505 |    2.560 | 
     | g1513                           | A1 ^ -> ZN ^ | AND2_X2   | 0.151 |   2.656 |    2.711 | 
     | datapath/FE_OFC134_IFID_flush   | A ^ -> Z ^   | BUF_X1    | 0.134 |   2.790 |    2.845 | 
     | datapath/g37605                 | A1 ^ -> ZN v | NOR2_X1   | 0.010 |   2.800 |    2.856 | 
     | datapath/IFID_pc_reg[27]        | D v          | DFFR_X1   | 0.000 |   2.800 |    2.856 | 
     +-----------------------------------------------------------------------------------------+ 
Path 14: MET Setup Check with Pin datapath/IFID_pc_reg[5]/CK 
Endpoint:   datapath/IFID_pc_reg[5]/D         (v) checked with  leading edge of 
'clk'
Beginpoint: datapath/registers_RF_reg[1][1]/Q (v) triggered by trailing edge of 
'clk'
Path Groups: {reg2reg}
Analysis View: WC_VIEW
Other End Arrival Time         -0.012
- Setup                         0.031
+ Phase Shift                   3.000
+ CPPR Adjustment               0.000
- Uncertainty                   0.100
= Required Time                 2.857
- Arrival Time                  2.801
= Slack Time                    0.056
     Clock Fall Edge                 1.500
     + Clock Network Latency (Prop)  0.008
     = Beginpoint Arrival Time       1.508
     +-----------------------------------------------------------------------------------------+ 
     |            Instance             |     Arc      |   Cell    | Delay | Arrival | Required | 
     |                                 |              |           |       |  Time   |   Time   | 
     |---------------------------------+--------------+-----------+-------+---------+----------| 
     | datapath/registers_RF_reg[1][1] | CK ^         |           |       |   1.508 |    1.564 | 
     | datapath/registers_RF_reg[1][1] | CK ^ -> Q v  | SDFF_X1   | 0.085 |   1.593 |    1.649 | 
     | datapath/g3584__1666            | C2 v -> ZN ^ | AOI222_X1 | 0.106 |   1.699 |    1.755 | 
     | datapath/g3440__9315            | A1 ^ -> ZN v | NAND3_X1  | 0.030 |   1.729 |    1.785 | 
     | datapath/g38629                 | A4 v -> ZN ^ | NOR4_X1   | 0.107 |   1.836 |    1.892 | 
     | datapath/FE_OFC44_n_2507        | A ^ -> Z ^   | CLKBUF_X1 | 0.063 |   1.899 |    1.955 | 
     | datapath/g28218                 | B2 ^ -> ZN v | AOI21_X1  | 0.028 |   1.927 |    1.983 | 
     | datapath/LT_TC_OP_g2521         | A v -> ZN ^  | INV_X1    | 0.030 |   1.957 |    2.013 | 
     | datapath/LT_TC_OP_g2461         | C2 ^ -> ZN v | OAI211_X1 | 0.025 |   1.982 |    2.038 | 
     | datapath/LT_TC_OP_g2428         | A2 v -> ZN ^ | AOI222_X1 | 0.090 |   2.073 |    2.128 | 
     | datapath/LT_TC_OP_g2423         | B2 ^ -> ZN v | OAI221_X1 | 0.041 |   2.114 |    2.169 | 
     | datapath/LT_TC_OP_g2420         | C1 v -> ZN ^ | AOI221_X1 | 0.123 |   2.236 |    2.292 | 
     | datapath/LT_TC_OP_g2419         | A1 ^ -> ZN v | OAI222_X1 | 0.047 |   2.284 |    2.340 | 
     | datapath/LT_TC_OP_g2418         | A1 v -> ZN ^ | NAND4_X1  | 0.030 |   2.314 |    2.370 | 
     | datapath/LT_TC_OP_g2417         | C1 ^ -> ZN v | AOI211_X1 | 0.018 |   2.332 |    2.388 | 
     | datapath/LT_TC_OP_g2416         | A1 v -> ZN ^ | NOR2_X1   | 0.048 |   2.380 |    2.436 | 
     | datapath/g19681                 | B1 ^ -> ZN v | AOI21_X1  | 0.027 |   2.407 |    2.462 | 
     | datapath/g19680                 | A v -> ZN ^  | INV_X2    | 0.098 |   2.505 |    2.560 | 
     | g1513                           | A1 ^ -> ZN ^ | AND2_X2   | 0.151 |   2.656 |    2.711 | 
     | datapath/FE_OFC134_IFID_flush   | A ^ -> Z ^   | BUF_X1    | 0.134 |   2.790 |    2.845 | 
     | datapath/g37550                 | A1 ^ -> ZN v | NOR2_X1   | 0.011 |   2.801 |    2.857 | 
     | datapath/IFID_pc_reg[5]         | D v          | DFFR_X1   | 0.000 |   2.801 |    2.857 | 
     +-----------------------------------------------------------------------------------------+ 
Path 15: MET Setup Check with Pin datapath/IFID_instr_reg[29]/CK 
Endpoint:   datapath/IFID_instr_reg[29]/D     (v) checked with  leading edge of 
'clk'
Beginpoint: datapath/registers_RF_reg[1][1]/Q (v) triggered by trailing edge of 
'clk'
Path Groups: {reg2reg}
Analysis View: WC_VIEW
Other End Arrival Time         -0.013
- Setup                         0.031
+ Phase Shift                   3.000
+ CPPR Adjustment               0.000
- Uncertainty                   0.100
= Required Time                 2.855
- Arrival Time                  2.799
= Slack Time                    0.056
     Clock Fall Edge                 1.500
     + Clock Network Latency (Prop)  0.008
     = Beginpoint Arrival Time       1.508
     +-----------------------------------------------------------------------------------------+ 
     |            Instance             |     Arc      |   Cell    | Delay | Arrival | Required | 
     |                                 |              |           |       |  Time   |   Time   | 
     |---------------------------------+--------------+-----------+-------+---------+----------| 
     | datapath/registers_RF_reg[1][1] | CK ^         |           |       |   1.508 |    1.564 | 
     | datapath/registers_RF_reg[1][1] | CK ^ -> Q v  | SDFF_X1   | 0.085 |   1.593 |    1.649 | 
     | datapath/g3584__1666            | C2 v -> ZN ^ | AOI222_X1 | 0.106 |   1.699 |    1.755 | 
     | datapath/g3440__9315            | A1 ^ -> ZN v | NAND3_X1  | 0.030 |   1.729 |    1.785 | 
     | datapath/g38629                 | A4 v -> ZN ^ | NOR4_X1   | 0.107 |   1.836 |    1.892 | 
     | datapath/FE_OFC44_n_2507        | A ^ -> Z ^   | CLKBUF_X1 | 0.063 |   1.899 |    1.955 | 
     | datapath/g28218                 | B2 ^ -> ZN v | AOI21_X1  | 0.028 |   1.927 |    1.983 | 
     | datapath/LT_TC_OP_g2521         | A v -> ZN ^  | INV_X1    | 0.030 |   1.957 |    2.013 | 
     | datapath/LT_TC_OP_g2461         | C2 ^ -> ZN v | OAI211_X1 | 0.025 |   1.982 |    2.038 | 
     | datapath/LT_TC_OP_g2428         | A2 v -> ZN ^ | AOI222_X1 | 0.090 |   2.073 |    2.128 | 
     | datapath/LT_TC_OP_g2423         | B2 ^ -> ZN v | OAI221_X1 | 0.041 |   2.114 |    2.170 | 
     | datapath/LT_TC_OP_g2420         | C1 v -> ZN ^ | AOI221_X1 | 0.123 |   2.236 |    2.292 | 
     | datapath/LT_TC_OP_g2419         | A1 ^ -> ZN v | OAI222_X1 | 0.047 |   2.284 |    2.340 | 
     | datapath/LT_TC_OP_g2418         | A1 v -> ZN ^ | NAND4_X1  | 0.030 |   2.314 |    2.370 | 
     | datapath/LT_TC_OP_g2417         | C1 ^ -> ZN v | AOI211_X1 | 0.018 |   2.332 |    2.388 | 
     | datapath/LT_TC_OP_g2416         | A1 v -> ZN ^ | NOR2_X1   | 0.048 |   2.380 |    2.436 | 
     | datapath/g19681                 | B1 ^ -> ZN v | AOI21_X1  | 0.027 |   2.407 |    2.463 | 
     | datapath/g19680                 | A v -> ZN ^  | INV_X2    | 0.098 |   2.505 |    2.561 | 
     | g1513                           | A1 ^ -> ZN ^ | AND2_X2   | 0.151 |   2.656 |    2.712 | 
     | datapath/FE_OFC134_IFID_flush   | A ^ -> Z ^   | BUF_X1    | 0.134 |   2.790 |    2.846 | 
     | datapath/g37545                 | A1 ^ -> ZN v | NOR2_X1   | 0.010 |   2.799 |    2.855 | 
     | datapath/IFID_instr_reg[29]     | D v          | DFFR_X1   | 0.000 |   2.799 |    2.855 | 
     +-----------------------------------------------------------------------------------------+ 
Path 16: MET Setup Check with Pin datapath/IFID_pc_reg[25]/CK 
Endpoint:   datapath/IFID_pc_reg[25]/D        (v) checked with  leading edge of 
'clk'
Beginpoint: datapath/registers_RF_reg[1][1]/Q (v) triggered by trailing edge of 
'clk'
Path Groups: {reg2reg}
Analysis View: WC_VIEW
Other End Arrival Time         -0.012
- Setup                         0.031
+ Phase Shift                   3.000
+ CPPR Adjustment               0.000
- Uncertainty                   0.100
= Required Time                 2.856
- Arrival Time                  2.800
= Slack Time                    0.056
     Clock Fall Edge                 1.500
     + Clock Network Latency (Prop)  0.008
     = Beginpoint Arrival Time       1.508
     +-----------------------------------------------------------------------------------------+ 
     |            Instance             |     Arc      |   Cell    | Delay | Arrival | Required | 
     |                                 |              |           |       |  Time   |   Time   | 
     |---------------------------------+--------------+-----------+-------+---------+----------| 
     | datapath/registers_RF_reg[1][1] | CK ^         |           |       |   1.508 |    1.564 | 
     | datapath/registers_RF_reg[1][1] | CK ^ -> Q v  | SDFF_X1   | 0.085 |   1.593 |    1.650 | 
     | datapath/g3584__1666            | C2 v -> ZN ^ | AOI222_X1 | 0.106 |   1.699 |    1.755 | 
     | datapath/g3440__9315            | A1 ^ -> ZN v | NAND3_X1  | 0.030 |   1.729 |    1.785 | 
     | datapath/g38629                 | A4 v -> ZN ^ | NOR4_X1   | 0.107 |   1.836 |    1.893 | 
     | datapath/FE_OFC44_n_2507        | A ^ -> Z ^   | CLKBUF_X1 | 0.063 |   1.899 |    1.955 | 
     | datapath/g28218                 | B2 ^ -> ZN v | AOI21_X1  | 0.028 |   1.927 |    1.983 | 
     | datapath/LT_TC_OP_g2521         | A v -> ZN ^  | INV_X1    | 0.030 |   1.957 |    2.013 | 
     | datapath/LT_TC_OP_g2461         | C2 ^ -> ZN v | OAI211_X1 | 0.025 |   1.982 |    2.038 | 
     | datapath/LT_TC_OP_g2428         | A2 v -> ZN ^ | AOI222_X1 | 0.090 |   2.073 |    2.129 | 
     | datapath/LT_TC_OP_g2423         | B2 ^ -> ZN v | OAI221_X1 | 0.041 |   2.114 |    2.170 | 
     | datapath/LT_TC_OP_g2420         | C1 v -> ZN ^ | AOI221_X1 | 0.123 |   2.236 |    2.293 | 
     | datapath/LT_TC_OP_g2419         | A1 ^ -> ZN v | OAI222_X1 | 0.047 |   2.284 |    2.340 | 
     | datapath/LT_TC_OP_g2418         | A1 v -> ZN ^ | NAND4_X1  | 0.030 |   2.314 |    2.370 | 
     | datapath/LT_TC_OP_g2417         | C1 ^ -> ZN v | AOI211_X1 | 0.018 |   2.332 |    2.388 | 
     | datapath/LT_TC_OP_g2416         | A1 v -> ZN ^ | NOR2_X1   | 0.048 |   2.380 |    2.436 | 
     | datapath/g19681                 | B1 ^ -> ZN v | AOI21_X1  | 0.027 |   2.407 |    2.463 | 
     | datapath/g19680                 | A v -> ZN ^  | INV_X2    | 0.098 |   2.505 |    2.561 | 
     | g1513                           | A1 ^ -> ZN ^ | AND2_X2   | 0.151 |   2.656 |    2.712 | 
     | datapath/FE_OFC134_IFID_flush   | A ^ -> Z ^   | BUF_X1    | 0.134 |   2.790 |    2.846 | 
     | datapath/g37604                 | A1 ^ -> ZN v | NOR2_X1   | 0.011 |   2.800 |    2.856 | 
     | datapath/IFID_pc_reg[25]        | D v          | DFFR_X1   | 0.000 |   2.800 |    2.856 | 
     +-----------------------------------------------------------------------------------------+ 
Path 17: MET Setup Check with Pin datapath/IFID_pc_reg[10]/CK 
Endpoint:   datapath/IFID_pc_reg[10]/D        (v) checked with  leading edge of 
'clk'
Beginpoint: datapath/registers_RF_reg[1][1]/Q (v) triggered by trailing edge of 
'clk'
Path Groups: {reg2reg}
Analysis View: WC_VIEW
Other End Arrival Time         -0.013
- Setup                         0.031
+ Phase Shift                   3.000
+ CPPR Adjustment               0.000
- Uncertainty                   0.100
= Required Time                 2.856
- Arrival Time                  2.799
= Slack Time                    0.057
     Clock Fall Edge                 1.500
     + Clock Network Latency (Prop)  0.008
     = Beginpoint Arrival Time       1.508
     +-----------------------------------------------------------------------------------------+ 
     |            Instance             |     Arc      |   Cell    | Delay | Arrival | Required | 
     |                                 |              |           |       |  Time   |   Time   | 
     |---------------------------------+--------------+-----------+-------+---------+----------| 
     | datapath/registers_RF_reg[1][1] | CK ^         |           |       |   1.508 |    1.565 | 
     | datapath/registers_RF_reg[1][1] | CK ^ -> Q v  | SDFF_X1   | 0.085 |   1.593 |    1.651 | 
     | datapath/g3584__1666            | C2 v -> ZN ^ | AOI222_X1 | 0.106 |   1.699 |    1.756 | 
     | datapath/g3440__9315            | A1 ^ -> ZN v | NAND3_X1  | 0.030 |   1.729 |    1.786 | 
     | datapath/g38629                 | A4 v -> ZN ^ | NOR4_X1   | 0.107 |   1.836 |    1.894 | 
     | datapath/FE_OFC44_n_2507        | A ^ -> Z ^   | CLKBUF_X1 | 0.063 |   1.899 |    1.956 | 
     | datapath/g28218                 | B2 ^ -> ZN v | AOI21_X1  | 0.028 |   1.927 |    1.984 | 
     | datapath/LT_TC_OP_g2521         | A v -> ZN ^  | INV_X1    | 0.030 |   1.957 |    2.015 | 
     | datapath/LT_TC_OP_g2461         | C2 ^ -> ZN v | OAI211_X1 | 0.025 |   1.982 |    2.039 | 
     | datapath/LT_TC_OP_g2428         | A2 v -> ZN ^ | AOI222_X1 | 0.090 |   2.073 |    2.130 | 
     | datapath/LT_TC_OP_g2423         | B2 ^ -> ZN v | OAI221_X1 | 0.041 |   2.114 |    2.171 | 
     | datapath/LT_TC_OP_g2420         | C1 v -> ZN ^ | AOI221_X1 | 0.123 |   2.236 |    2.294 | 
     | datapath/LT_TC_OP_g2419         | A1 ^ -> ZN v | OAI222_X1 | 0.047 |   2.284 |    2.341 | 
     | datapath/LT_TC_OP_g2418         | A1 v -> ZN ^ | NAND4_X1  | 0.030 |   2.314 |    2.372 | 
     | datapath/LT_TC_OP_g2417         | C1 ^ -> ZN v | AOI211_X1 | 0.018 |   2.332 |    2.389 | 
     | datapath/LT_TC_OP_g2416         | A1 v -> ZN ^ | NOR2_X1   | 0.048 |   2.380 |    2.437 | 
     | datapath/g19681                 | B1 ^ -> ZN v | AOI21_X1  | 0.027 |   2.407 |    2.464 | 
     | datapath/g19680                 | A v -> ZN ^  | INV_X2    | 0.098 |   2.505 |    2.562 | 
     | g1513                           | A1 ^ -> ZN ^ | AND2_X2   | 0.151 |   2.656 |    2.713 | 
     | datapath/FE_OFC134_IFID_flush   | A ^ -> Z ^   | BUF_X1    | 0.134 |   2.790 |    2.847 | 
     | datapath/g37588                 | A1 ^ -> ZN v | NOR2_X1   | 0.009 |   2.799 |    2.856 | 
     | datapath/IFID_pc_reg[10]        | D v          | DFFR_X1   | 0.000 |   2.799 |    2.856 | 
     +-----------------------------------------------------------------------------------------+ 
Path 18: MET Setup Check with Pin datapath/IFID_pc_reg[24]/CK 
Endpoint:   datapath/IFID_pc_reg[24]/D        (v) checked with  leading edge of 
'clk'
Beginpoint: datapath/registers_RF_reg[1][1]/Q (v) triggered by trailing edge of 
'clk'
Path Groups: {reg2reg}
Analysis View: WC_VIEW
Other End Arrival Time         -0.013
- Setup                         0.031
+ Phase Shift                   3.000
+ CPPR Adjustment               0.000
- Uncertainty                   0.100
= Required Time                 2.856
- Arrival Time                  2.799
= Slack Time                    0.057
     Clock Fall Edge                 1.500
     + Clock Network Latency (Prop)  0.008
     = Beginpoint Arrival Time       1.508
     +-----------------------------------------------------------------------------------------+ 
     |            Instance             |     Arc      |   Cell    | Delay | Arrival | Required | 
     |                                 |              |           |       |  Time   |   Time   | 
     |---------------------------------+--------------+-----------+-------+---------+----------| 
     | datapath/registers_RF_reg[1][1] | CK ^         |           |       |   1.508 |    1.566 | 
     | datapath/registers_RF_reg[1][1] | CK ^ -> Q v  | SDFF_X1   | 0.085 |   1.593 |    1.651 | 
     | datapath/g3584__1666            | C2 v -> ZN ^ | AOI222_X1 | 0.106 |   1.699 |    1.756 | 
     | datapath/g3440__9315            | A1 ^ -> ZN v | NAND3_X1  | 0.030 |   1.729 |    1.787 | 
     | datapath/g38629                 | A4 v -> ZN ^ | NOR4_X1   | 0.107 |   1.836 |    1.894 | 
     | datapath/FE_OFC44_n_2507        | A ^ -> Z ^   | CLKBUF_X1 | 0.063 |   1.899 |    1.957 | 
     | datapath/g28218                 | B2 ^ -> ZN v | AOI21_X1  | 0.028 |   1.927 |    1.985 | 
     | datapath/LT_TC_OP_g2521         | A v -> ZN ^  | INV_X1    | 0.030 |   1.957 |    2.015 | 
     | datapath/LT_TC_OP_g2461         | C2 ^ -> ZN v | OAI211_X1 | 0.025 |   1.982 |    2.040 | 
     | datapath/LT_TC_OP_g2428         | A2 v -> ZN ^ | AOI222_X1 | 0.090 |   2.073 |    2.130 | 
     | datapath/LT_TC_OP_g2423         | B2 ^ -> ZN v | OAI221_X1 | 0.041 |   2.114 |    2.171 | 
     | datapath/LT_TC_OP_g2420         | C1 v -> ZN ^ | AOI221_X1 | 0.123 |   2.236 |    2.294 | 
     | datapath/LT_TC_OP_g2419         | A1 ^ -> ZN v | OAI222_X1 | 0.047 |   2.284 |    2.341 | 
     | datapath/LT_TC_OP_g2418         | A1 v -> ZN ^ | NAND4_X1  | 0.030 |   2.314 |    2.372 | 
     | datapath/LT_TC_OP_g2417         | C1 ^ -> ZN v | AOI211_X1 | 0.018 |   2.332 |    2.389 | 
     | datapath/LT_TC_OP_g2416         | A1 v -> ZN ^ | NOR2_X1   | 0.048 |   2.380 |    2.437 | 
     | datapath/g19681                 | B1 ^ -> ZN v | AOI21_X1  | 0.027 |   2.407 |    2.464 | 
     | datapath/g19680                 | A v -> ZN ^  | INV_X2    | 0.098 |   2.505 |    2.562 | 
     | g1513                           | A1 ^ -> ZN ^ | AND2_X2   | 0.151 |   2.656 |    2.713 | 
     | datapath/FE_OFC134_IFID_flush   | A ^ -> Z ^   | BUF_X1    | 0.134 |   2.790 |    2.847 | 
     | datapath/g37602                 | A1 ^ -> ZN v | NOR2_X1   | 0.009 |   2.798 |    2.856 | 
     | datapath/IFID_pc_reg[24]        | D v          | DFFR_X1   | 0.000 |   2.799 |    2.856 | 
     +-----------------------------------------------------------------------------------------+ 
Path 19: MET Setup Check with Pin datapath/IFID_pc_reg[3]/CK 
Endpoint:   datapath/IFID_pc_reg[3]/D         (v) checked with  leading edge of 
'clk'
Beginpoint: datapath/registers_RF_reg[1][1]/Q (v) triggered by trailing edge of 
'clk'
Path Groups: {reg2reg}
Analysis View: WC_VIEW
Other End Arrival Time         -0.012
- Setup                         0.031
+ Phase Shift                   3.000
+ CPPR Adjustment               0.000
- Uncertainty                   0.100
= Required Time                 2.856
- Arrival Time                  2.798
= Slack Time                    0.058
     Clock Fall Edge                 1.500
     + Clock Network Latency (Prop)  0.008
     = Beginpoint Arrival Time       1.508
     +-----------------------------------------------------------------------------------------+ 
     |            Instance             |     Arc      |   Cell    | Delay | Arrival | Required | 
     |                                 |              |           |       |  Time   |   Time   | 
     |---------------------------------+--------------+-----------+-------+---------+----------| 
     | datapath/registers_RF_reg[1][1] | CK ^         |           |       |   1.508 |    1.566 | 
     | datapath/registers_RF_reg[1][1] | CK ^ -> Q v  | SDFF_X1   | 0.085 |   1.593 |    1.651 | 
     | datapath/g3584__1666            | C2 v -> ZN ^ | AOI222_X1 | 0.106 |   1.699 |    1.757 | 
     | datapath/g3440__9315            | A1 ^ -> ZN v | NAND3_X1  | 0.030 |   1.729 |    1.787 | 
     | datapath/g38629                 | A4 v -> ZN ^ | NOR4_X1   | 0.107 |   1.836 |    1.894 | 
     | datapath/FE_OFC44_n_2507        | A ^ -> Z ^   | CLKBUF_X1 | 0.063 |   1.899 |    1.957 | 
     | datapath/g28218                 | B2 ^ -> ZN v | AOI21_X1  | 0.028 |   1.927 |    1.985 | 
     | datapath/LT_TC_OP_g2521         | A v -> ZN ^  | INV_X1    | 0.030 |   1.957 |    2.015 | 
     | datapath/LT_TC_OP_g2461         | C2 ^ -> ZN v | OAI211_X1 | 0.025 |   1.982 |    2.040 | 
     | datapath/LT_TC_OP_g2428         | A2 v -> ZN ^ | AOI222_X1 | 0.090 |   2.073 |    2.131 | 
     | datapath/LT_TC_OP_g2423         | B2 ^ -> ZN v | OAI221_X1 | 0.041 |   2.114 |    2.172 | 
     | datapath/LT_TC_OP_g2420         | C1 v -> ZN ^ | AOI221_X1 | 0.123 |   2.236 |    2.294 | 
     | datapath/LT_TC_OP_g2419         | A1 ^ -> ZN v | OAI222_X1 | 0.047 |   2.284 |    2.342 | 
     | datapath/LT_TC_OP_g2418         | A1 v -> ZN ^ | NAND4_X1  | 0.030 |   2.314 |    2.372 | 
     | datapath/LT_TC_OP_g2417         | C1 ^ -> ZN v | AOI211_X1 | 0.018 |   2.332 |    2.390 | 
     | datapath/LT_TC_OP_g2416         | A1 v -> ZN ^ | NOR2_X1   | 0.048 |   2.380 |    2.438 | 
     | datapath/g19681                 | B1 ^ -> ZN v | AOI21_X1  | 0.027 |   2.407 |    2.465 | 
     | datapath/g19680                 | A v -> ZN ^  | INV_X2    | 0.098 |   2.505 |    2.563 | 
     | g1513                           | A1 ^ -> ZN ^ | AND2_X2   | 0.151 |   2.656 |    2.714 | 
     | datapath/FE_OFC134_IFID_flush   | A ^ -> Z ^   | BUF_X1    | 0.134 |   2.790 |    2.848 | 
     | datapath/g37584                 | A1 ^ -> ZN v | NOR2_X1   | 0.009 |   2.798 |    2.856 | 
     | datapath/IFID_pc_reg[3]         | D v          | DFFR_X1   | 0.000 |   2.798 |    2.856 | 
     +-----------------------------------------------------------------------------------------+ 
Path 20: MET Setup Check with Pin datapath/IFID_pc_reg[8]/CK 
Endpoint:   datapath/IFID_pc_reg[8]/D         (v) checked with  leading edge of 
'clk'
Beginpoint: datapath/registers_RF_reg[1][1]/Q (v) triggered by trailing edge of 
'clk'
Path Groups: {reg2reg}
Analysis View: WC_VIEW
Other End Arrival Time         -0.012
- Setup                         0.031
+ Phase Shift                   3.000
+ CPPR Adjustment               0.000
- Uncertainty                   0.100
= Required Time                 2.857
- Arrival Time                  2.799
= Slack Time                    0.058
     Clock Fall Edge                 1.500
     + Clock Network Latency (Prop)  0.008
     = Beginpoint Arrival Time       1.508
     +-----------------------------------------------------------------------------------------+ 
     |            Instance             |     Arc      |   Cell    | Delay | Arrival | Required | 
     |                                 |              |           |       |  Time   |   Time   | 
     |---------------------------------+--------------+-----------+-------+---------+----------| 
     | datapath/registers_RF_reg[1][1] | CK ^         |           |       |   1.508 |    1.566 | 
     | datapath/registers_RF_reg[1][1] | CK ^ -> Q v  | SDFF_X1   | 0.085 |   1.593 |    1.652 | 
     | datapath/g3584__1666            | C2 v -> ZN ^ | AOI222_X1 | 0.106 |   1.699 |    1.757 | 
     | datapath/g3440__9315            | A1 ^ -> ZN v | NAND3_X1  | 0.030 |   1.729 |    1.787 | 
     | datapath/g38629                 | A4 v -> ZN ^ | NOR4_X1   | 0.107 |   1.836 |    1.895 | 
     | datapath/FE_OFC44_n_2507        | A ^ -> Z ^   | CLKBUF_X1 | 0.063 |   1.899 |    1.957 | 
     | datapath/g28218                 | B2 ^ -> ZN v | AOI21_X1  | 0.028 |   1.927 |    1.985 | 
     | datapath/LT_TC_OP_g2521         | A v -> ZN ^  | INV_X1    | 0.030 |   1.957 |    2.016 | 
     | datapath/LT_TC_OP_g2461         | C2 ^ -> ZN v | OAI211_X1 | 0.025 |   1.982 |    2.040 | 
     | datapath/LT_TC_OP_g2428         | A2 v -> ZN ^ | AOI222_X1 | 0.090 |   2.073 |    2.131 | 
     | datapath/LT_TC_OP_g2423         | B2 ^ -> ZN v | OAI221_X1 | 0.041 |   2.114 |    2.172 | 
     | datapath/LT_TC_OP_g2420         | C1 v -> ZN ^ | AOI221_X1 | 0.123 |   2.236 |    2.295 | 
     | datapath/LT_TC_OP_g2419         | A1 ^ -> ZN v | OAI222_X1 | 0.047 |   2.284 |    2.342 | 
     | datapath/LT_TC_OP_g2418         | A1 v -> ZN ^ | NAND4_X1  | 0.030 |   2.314 |    2.373 | 
     | datapath/LT_TC_OP_g2417         | C1 ^ -> ZN v | AOI211_X1 | 0.018 |   2.332 |    2.390 | 
     | datapath/LT_TC_OP_g2416         | A1 v -> ZN ^ | NOR2_X1   | 0.048 |   2.380 |    2.438 | 
     | datapath/g19681                 | B1 ^ -> ZN v | AOI21_X1  | 0.027 |   2.407 |    2.465 | 
     | datapath/g19680                 | A v -> ZN ^  | INV_X2    | 0.098 |   2.505 |    2.563 | 
     | g1513                           | A1 ^ -> ZN ^ | AND2_X2   | 0.151 |   2.656 |    2.714 | 
     | datapath/FE_OFC134_IFID_flush   | A ^ -> Z ^   | BUF_X1    | 0.134 |   2.790 |    2.848 | 
     | datapath/g37599                 | A1 ^ -> ZN v | NOR2_X1   | 0.009 |   2.799 |    2.857 | 
     | datapath/IFID_pc_reg[8]         | D v          | DFFR_X1   | 0.000 |   2.799 |    2.857 | 
     +-----------------------------------------------------------------------------------------+ 
Path 21: MET Setup Check with Pin datapath/IFID_instr_reg[25]/CK 
Endpoint:   datapath/IFID_instr_reg[25]/D     (v) checked with  leading edge of 
'clk'
Beginpoint: datapath/registers_RF_reg[1][1]/Q (v) triggered by trailing edge of 
'clk'
Path Groups: {reg2reg}
Analysis View: WC_VIEW
Other End Arrival Time         -0.012
- Setup                         0.031
+ Phase Shift                   3.000
+ CPPR Adjustment               0.000
- Uncertainty                   0.100
= Required Time                 2.857
- Arrival Time                  2.798
= Slack Time                    0.058
     Clock Fall Edge                 1.500
     + Clock Network Latency (Prop)  0.008
     = Beginpoint Arrival Time       1.508
     +-----------------------------------------------------------------------------------------+ 
     |            Instance             |     Arc      |   Cell    | Delay | Arrival | Required | 
     |                                 |              |           |       |  Time   |   Time   | 
     |---------------------------------+--------------+-----------+-------+---------+----------| 
     | datapath/registers_RF_reg[1][1] | CK ^         |           |       |   1.508 |    1.567 | 
     | datapath/registers_RF_reg[1][1] | CK ^ -> Q v  | SDFF_X1   | 0.085 |   1.593 |    1.652 | 
     | datapath/g3584__1666            | C2 v -> ZN ^ | AOI222_X1 | 0.106 |   1.699 |    1.757 | 
     | datapath/g3440__9315            | A1 ^ -> ZN v | NAND3_X1  | 0.030 |   1.729 |    1.788 | 
     | datapath/g38629                 | A4 v -> ZN ^ | NOR4_X1   | 0.107 |   1.836 |    1.895 | 
     | datapath/FE_OFC44_n_2507        | A ^ -> Z ^   | CLKBUF_X1 | 0.063 |   1.899 |    1.958 | 
     | datapath/g28218                 | B2 ^ -> ZN v | AOI21_X1  | 0.028 |   1.927 |    1.986 | 
     | datapath/LT_TC_OP_g2521         | A v -> ZN ^  | INV_X1    | 0.030 |   1.957 |    2.016 | 
     | datapath/LT_TC_OP_g2461         | C2 ^ -> ZN v | OAI211_X1 | 0.025 |   1.982 |    2.041 | 
     | datapath/LT_TC_OP_g2428         | A2 v -> ZN ^ | AOI222_X1 | 0.090 |   2.073 |    2.131 | 
     | datapath/LT_TC_OP_g2423         | B2 ^ -> ZN v | OAI221_X1 | 0.041 |   2.114 |    2.172 | 
     | datapath/LT_TC_OP_g2420         | C1 v -> ZN ^ | AOI221_X1 | 0.123 |   2.236 |    2.295 | 
     | datapath/LT_TC_OP_g2419         | A1 ^ -> ZN v | OAI222_X1 | 0.047 |   2.284 |    2.342 | 
     | datapath/LT_TC_OP_g2418         | A1 v -> ZN ^ | NAND4_X1  | 0.030 |   2.314 |    2.373 | 
     | datapath/LT_TC_OP_g2417         | C1 ^ -> ZN v | AOI211_X1 | 0.018 |   2.332 |    2.390 | 
     | datapath/LT_TC_OP_g2416         | A1 v -> ZN ^ | NOR2_X1   | 0.048 |   2.380 |    2.438 | 
     | datapath/g19681                 | B1 ^ -> ZN v | AOI21_X1  | 0.027 |   2.407 |    2.465 | 
     | datapath/g19680                 | A v -> ZN ^  | INV_X2    | 0.098 |   2.505 |    2.563 | 
     | g1513                           | A1 ^ -> ZN ^ | AND2_X2   | 0.151 |   2.656 |    2.714 | 
     | datapath/FE_OFC134_IFID_flush   | A ^ -> Z ^   | BUF_X1    | 0.134 |   2.790 |    2.848 | 
     | datapath/g37541                 | A1 ^ -> ZN v | NOR2_X1   | 0.009 |   2.798 |    2.857 | 
     | datapath/IFID_instr_reg[25]     | D v          | DFFR_X1   | 0.000 |   2.798 |    2.857 | 
     +-----------------------------------------------------------------------------------------+ 
Path 22: MET Setup Check with Pin datapath/IFID_pc_reg[4]/CK 
Endpoint:   datapath/IFID_pc_reg[4]/D         (v) checked with  leading edge of 
'clk'
Beginpoint: datapath/registers_RF_reg[1][1]/Q (v) triggered by trailing edge of 
'clk'
Path Groups: {reg2reg}
Analysis View: WC_VIEW
Other End Arrival Time         -0.012
- Setup                         0.031
+ Phase Shift                   3.000
+ CPPR Adjustment               0.000
- Uncertainty                   0.100
= Required Time                 2.857
- Arrival Time                  2.798
= Slack Time                    0.059
     Clock Fall Edge                 1.500
     + Clock Network Latency (Prop)  0.008
     = Beginpoint Arrival Time       1.508
     +-----------------------------------------------------------------------------------------+ 
     |            Instance             |     Arc      |   Cell    | Delay | Arrival | Required | 
     |                                 |              |           |       |  Time   |   Time   | 
     |---------------------------------+--------------+-----------+-------+---------+----------| 
     | datapath/registers_RF_reg[1][1] | CK ^         |           |       |   1.508 |    1.567 | 
     | datapath/registers_RF_reg[1][1] | CK ^ -> Q v  | SDFF_X1   | 0.085 |   1.593 |    1.652 | 
     | datapath/g3584__1666            | C2 v -> ZN ^ | AOI222_X1 | 0.106 |   1.699 |    1.758 | 
     | datapath/g3440__9315            | A1 ^ -> ZN v | NAND3_X1  | 0.030 |   1.729 |    1.788 | 
     | datapath/g38629                 | A4 v -> ZN ^ | NOR4_X1   | 0.107 |   1.836 |    1.895 | 
     | datapath/FE_OFC44_n_2507        | A ^ -> Z ^   | CLKBUF_X1 | 0.063 |   1.899 |    1.958 | 
     | datapath/g28218                 | B2 ^ -> ZN v | AOI21_X1  | 0.028 |   1.927 |    1.986 | 
     | datapath/LT_TC_OP_g2521         | A v -> ZN ^  | INV_X1    | 0.030 |   1.957 |    2.016 | 
     | datapath/LT_TC_OP_g2461         | C2 ^ -> ZN v | OAI211_X1 | 0.025 |   1.982 |    2.041 | 
     | datapath/LT_TC_OP_g2428         | A2 v -> ZN ^ | AOI222_X1 | 0.090 |   2.073 |    2.131 | 
     | datapath/LT_TC_OP_g2423         | B2 ^ -> ZN v | OAI221_X1 | 0.041 |   2.114 |    2.173 | 
     | datapath/LT_TC_OP_g2420         | C1 v -> ZN ^ | AOI221_X1 | 0.123 |   2.236 |    2.295 | 
     | datapath/LT_TC_OP_g2419         | A1 ^ -> ZN v | OAI222_X1 | 0.047 |   2.284 |    2.343 | 
     | datapath/LT_TC_OP_g2418         | A1 v -> ZN ^ | NAND4_X1  | 0.030 |   2.314 |    2.373 | 
     | datapath/LT_TC_OP_g2417         | C1 ^ -> ZN v | AOI211_X1 | 0.018 |   2.332 |    2.391 | 
     | datapath/LT_TC_OP_g2416         | A1 v -> ZN ^ | NOR2_X1   | 0.048 |   2.380 |    2.439 | 
     | datapath/g19681                 | B1 ^ -> ZN v | AOI21_X1  | 0.027 |   2.407 |    2.466 | 
     | datapath/g19680                 | A v -> ZN ^  | INV_X2    | 0.098 |   2.505 |    2.564 | 
     | g1513                           | A1 ^ -> ZN ^ | AND2_X2   | 0.151 |   2.656 |    2.714 | 
     | datapath/FE_OFC134_IFID_flush   | A ^ -> Z ^   | BUF_X1    | 0.134 |   2.790 |    2.848 | 
     | datapath/g37549                 | A1 ^ -> ZN v | NOR2_X1   | 0.008 |   2.798 |    2.857 | 
     | datapath/IFID_pc_reg[4]         | D v          | DFFR_X1   | 0.000 |   2.798 |    2.857 | 
     +-----------------------------------------------------------------------------------------+ 
Path 23: MET Setup Check with Pin datapath/EXMEM_aluResult_reg[31]/CK 
Endpoint:   datapath/EXMEM_aluResult_reg[31]/D (^) checked with  leading edge 
of 'clk'
Beginpoint: datapath/MEMWB_rd_reg[3]/Q         (^) triggered by  leading edge 
of 'clk'
Path Groups: {reg2reg}
Analysis View: WC_VIEW
Other End Arrival Time         -0.008
- Setup                         0.037
+ Phase Shift                   3.000
+ CPPR Adjustment               0.000
- Uncertainty                   0.100
= Required Time                 2.855
- Arrival Time                  2.752
= Slack Time                    0.103
     Clock Rise Edge                 0.000
     + Clock Network Latency (Prop)  -0.009
     = Beginpoint Arrival Time       -0.009
     +------------------------------------------------------------------------------------------------------------+ 
     |                      Instance                      |     Arc      |   Cell    | Delay | Arrival | Required | 
     |                                                    |              |           |       |  Time   |   Time   | 
     |----------------------------------------------------+--------------+-----------+-------+---------+----------| 
     | datapath/MEMWB_rd_reg[3]                           | CK ^         |           |       |  -0.009 |    0.094 | 
     | datapath/MEMWB_rd_reg[3]                           | CK ^ -> Q ^  | DFFR_X1   | 0.157 |   0.148 |    0.251 | 
     | ALU_forward/g1340__6783                            | A1 ^ -> ZN ^ | OR2_X1    | 0.031 |   0.179 |    0.282 | 
     | ALU_forward/g1318__8246                            | A1 ^ -> ZN ^ | OR4_X1    | 0.022 |   0.201 |    0.304 | 
     | ALU_forward/g1314__1617                            | A1 ^ -> ZN ^ | AND2_X1   | 0.035 |   0.236 |    0.339 | 
     | ALU_forward/g1310__8428                            | A3 ^ -> ZN ^ | AND3_X1   | 0.045 |   0.281 |    0.384 | 
     | ALU_forward/g1308__6260                            | A1 ^ -> ZN v | NAND4_X1  | 0.026 |   0.307 |    0.411 | 
     | ALU_forward/g1306__2398                            | A2 v -> ZN ^ | NOR2_X1   | 0.064 |   0.372 |    0.475 | 
     | datapath/g28854                                    | A1 ^ -> ZN ^ | AND2_X1   | 0.146 |   0.518 |    0.621 | 
     | datapath/g28154                                    | A ^ -> ZN v  | AOI211_X1 | 0.041 |   0.559 |    0.662 | 
     | datapath/ALU_ALU_GEN[0].slice_i_bitAdder/g2        | CI v -> CO v | FA_X1     | 0.085 |   0.644 |    0.747 | 
     | datapath/ALU_ALU_GEN[1].slice_i_bitAdder/g2        | A v -> ZN ^  | OAI21_X1  | 0.025 |   0.669 |    0.772 | 
     | datapath/ALU_ALU_GEN[1].slice_i_bitAdder/g77__2883 | A1 ^ -> ZN v | NAND2_X1  | 0.025 |   0.693 |    0.797 | 
     | datapath/ALU_ALU_GEN[2].slice_i_bitAdder/g2        | A v -> CO v  | FA_X1     | 0.085 |   0.778 |    0.882 | 
     | datapath/ALU_ALU_GEN[3].slice_i_bitAdder/g2        | A v -> ZN ^  | OAI21_X1  | 0.026 |   0.805 |    0.908 | 
     | datapath/ALU_ALU_GEN[3].slice_i_bitAdder/g77__2802 | A1 ^ -> ZN v | NAND2_X1  | 0.023 |   0.828 |    0.931 | 
     | datapath/ALU_ALU_GEN[4].slice_i_bitAdder/g79__6161 | A v -> ZN ^  | OAI21_X1  | 0.023 |   0.851 |    0.954 | 
     | datapath/ALU_ALU_GEN[4].slice_i_bitAdder/g77__7482 | A1 ^ -> ZN v | NAND2_X1  | 0.023 |   0.874 |    0.977 | 
     | datapath/ALU_ALU_GEN[5].slice_i_bitAdder/g2        | A v -> ZN ^  | OAI21_X1  | 0.023 |   0.896 |    0.999 | 
     | datapath/ALU_ALU_GEN[5].slice_i_bitAdder/g77__1666 | A1 ^ -> ZN v | NAND2_X1  | 0.024 |   0.920 |    1.023 | 
     | datapath/ALU_ALU_GEN[6].slice_i_bitAdder/g79__6783 | A v -> ZN ^  | OAI21_X1  | 0.022 |   0.942 |    1.045 | 
     | datapath/ALU_ALU_GEN[6].slice_i_bitAdder/g77__8428 | A1 ^ -> ZN v | NAND2_X1  | 0.023 |   0.965 |    1.068 | 
     | datapath/ALU_ALU_GEN[7].slice_i_bitAdder/g2        | A v -> ZN ^  | OAI21_X1  | 0.022 |   0.987 |    1.090 | 
     | datapath/ALU_ALU_GEN[7].slice_i_bitAdder/g77__5122 | A1 ^ -> ZN v | NAND2_X1  | 0.023 |   1.010 |    1.113 | 
     | datapath/ALU_ALU_GEN[8].slice_i_bitAdder/g2        | A v -> CO v  | FA_X1     | 0.081 |   1.091 |    1.194 | 
     | datapath/ALU_ALU_GEN[9].slice_i_bitAdder/g2        | A v -> ZN ^  | OAI21_X1  | 0.024 |   1.115 |    1.219 | 
     | datapath/ALU_ALU_GEN[9].slice_i_bitAdder/g77__6417 | A1 ^ -> ZN v | NAND2_X1  | 0.024 |   1.139 |    1.242 | 
     | datapath/ALU_ALU_GEN[10].slice_i_bitAdder/g2       | A v -> ZN ^  | OAI21_X1  | 0.022 |   1.162 |    1.265 | 
     | datapath/ALU_ALU_GEN[10].slice_i_bitAdder/g77__678 | A1 ^ -> ZN v | NAND2_X1  | 0.028 |   1.189 |    1.292 | 
     | 3                                                  |              |           |       |         |          | 
     | datapath/ALU_ALU_GEN[11].slice_i_bitAdder/g79__511 | A v -> ZN ^  | OAI21_X1  | 0.024 |   1.213 |    1.316 | 
     | 5                                                  |              |           |       |         |          | 
     | datapath/ALU_ALU_GEN[11].slice_i_bitAdder/g77__613 | A1 ^ -> ZN v | NAND2_X1  | 0.026 |   1.239 |    1.342 | 
     | 1                                                  |              |           |       |         |          | 
     | datapath/ALU_ALU_GEN[12].slice_i_bitAdder/g2       | A v -> ZN ^  | OAI21_X1  | 0.023 |   1.262 |    1.365 | 
     | datapath/ALU_ALU_GEN[12].slice_i_bitAdder/g77__994 | A1 ^ -> ZN v | NAND2_X1  | 0.024 |   1.285 |    1.389 | 
     | 5                                                  |              |           |       |         |          | 
     | datapath/ALU_ALU_GEN[13].slice_i_bitAdder/g79__431 | A v -> ZN ^  | OAI21_X1  | 0.023 |   1.308 |    1.411 | 
     | 9                                                  |              |           |       |         |          | 
     | datapath/ALU_ALU_GEN[13].slice_i_bitAdder/g77__510 | A1 ^ -> ZN v | NAND2_X1  | 0.022 |   1.330 |    1.434 | 
     | 7                                                  |              |           |       |         |          | 
     | datapath/ALU_ALU_GEN[14].slice_i_bitAdder/g2       | A v -> CO v  | FA_X1     | 0.080 |   1.410 |    1.514 | 
     | datapath/ALU_ALU_GEN[15].slice_i_bitAdder/g79__748 | A v -> ZN ^  | OAI21_X1  | 0.024 |   1.434 |    1.538 | 
     | 2                                                  |              |           |       |         |          | 
     | datapath/ALU_ALU_GEN[15].slice_i_bitAdder/g77__188 | A1 ^ -> ZN v | NAND2_X1  | 0.019 |   1.454 |    1.557 | 
     | 1                                                  |              |           |       |         |          | 
     | datapath/ALU_ALU_GEN[16].slice_i_bitAdder/g77__288 | CI v -> CO v | FA_X1     | 0.071 |   1.524 |    1.627 | 
     | 3                                                  |              |           |       |         |          | 
     | datapath/ALU_ALU_GEN[17].slice_i_bitAdder/g77__641 | CI v -> CO v | FA_X1     | 0.073 |   1.597 |    1.700 | 
     | 7                                                  |              |           |       |         |          | 
     | datapath/ALU_ALU_GEN[18].slice_i_bitAdder/g77__626 | CI v -> CO v | FA_X1     | 0.074 |   1.671 |    1.774 | 
     | 0                                                  |              |           |       |         |          | 
     | datapath/ALU_ALU_GEN[19].slice_i_bitAdder/g77__678 | CI v -> CO v | FA_X1     | 0.074 |   1.745 |    1.848 | 
     | 3                                                  |              |           |       |         |          | 
     | datapath/ALU_ALU_GEN[20].slice_i_bitAdder/g77__170 | CI v -> CO v | FA_X1     | 0.074 |   1.819 |    1.922 | 
     | 5                                                  |              |           |       |         |          | 
     | datapath/ALU_ALU_GEN[21].slice_i_bitAdder/g77__613 | CI v -> CO v | FA_X1     | 0.074 |   1.893 |    1.996 | 
     | 1                                                  |              |           |       |         |          | 
     | datapath/ALU_ALU_GEN[22].slice_i_bitAdder/g77__473 | CI v -> CO v | FA_X1     | 0.073 |   1.966 |    2.069 | 
     | 3                                                  |              |           |       |         |          | 
     | datapath/ALU_ALU_GEN[23].slice_i_bitAdder/g77__288 | CI v -> CO v | FA_X1     | 0.077 |   2.043 |    2.146 | 
     | 3                                                  |              |           |       |         |          | 
     | datapath/ALU_ALU_GEN[24].slice_i_bitAdder/g77__641 | CI v -> CO v | FA_X1     | 0.074 |   2.117 |    2.220 | 
     | 7                                                  |              |           |       |         |          | 
     | datapath/ALU_ALU_GEN[25].slice_i_bitAdder/g77__626 | CI v -> CO v | FA_X1     | 0.073 |   2.190 |    2.293 | 
     | 0                                                  |              |           |       |         |          | 
     | datapath/ALU_ALU_GEN[26].slice_i_bitAdder/g77__678 | CI v -> CO v | FA_X1     | 0.072 |   2.262 |    2.366 | 
     | 3                                                  |              |           |       |         |          | 
     | datapath/ALU_ALU_GEN[27].slice_i_bitAdder/g77__170 | CI v -> CO v | FA_X1     | 0.074 |   2.336 |    2.440 | 
     | 5                                                  |              |           |       |         |          | 
     | datapath/ALU_ALU_GEN[28].slice_i_bitAdder/g77__613 | CI v -> CO v | FA_X1     | 0.075 |   2.412 |    2.515 | 
     | 1                                                  |              |           |       |         |          | 
     | datapath/ALU_ALU_GEN[29].slice_i_bitAdder/g77__473 | CI v -> CO v | FA_X1     | 0.073 |   2.485 |    2.588 | 
     | 3                                                  |              |           |       |         |          | 
     | datapath/ALU_ALU_GEN[30].slice_i_bitAdder/g77__288 | CI v -> CO v | FA_X1     | 0.078 |   2.563 |    2.667 | 
     | 3                                                  |              |           |       |         |          | 
     | datapath/ALU_msb_bitAdder/g77__6417                | CI v -> S ^  | FA_X1     | 0.118 |   2.682 |    2.785 | 
     | datapath/ALU_msb_resultMux/g137__2398              | B ^ -> Z ^   | MUX2_X1   | 0.038 |   2.720 |    2.823 | 
     | datapath/ALU_msb_resultMux/g136                    | A ^ -> ZN v  | INV_X1    | 0.008 |   2.728 |    2.831 | 
     | datapath/ALU_msb_resultMux/g135__5477              | A1 v -> ZN ^ | OAI22_X1  | 0.024 |   2.752 |    2.855 | 
     | datapath/EXMEM_aluResult_reg[31]                   | D ^          | DFFR_X1   | 0.000 |   2.752 |    2.855 | 
     +------------------------------------------------------------------------------------------------------------+ 
Path 24: MET Setup Check with Pin datapath/IFID_instr_reg[14]/CK 
Endpoint:   datapath/IFID_instr_reg[14]/D     (v) checked with  leading edge of 
'clk'
Beginpoint: datapath/registers_RF_reg[1][1]/Q (v) triggered by trailing edge of 
'clk'
Path Groups: {reg2reg}
Analysis View: WC_VIEW
Other End Arrival Time         -0.010
- Setup                         0.031
+ Phase Shift                   3.000
+ CPPR Adjustment               0.000
- Uncertainty                   0.100
= Required Time                 2.859
- Arrival Time                  2.670
= Slack Time                    0.189
     Clock Fall Edge                 1.500
     + Clock Network Latency (Prop)  0.008
     = Beginpoint Arrival Time       1.508
     +-----------------------------------------------------------------------------------------+ 
     |            Instance             |     Arc      |   Cell    | Delay | Arrival | Required | 
     |                                 |              |           |       |  Time   |   Time   | 
     |---------------------------------+--------------+-----------+-------+---------+----------| 
     | datapath/registers_RF_reg[1][1] | CK ^         |           |       |   1.508 |    1.697 | 
     | datapath/registers_RF_reg[1][1] | CK ^ -> Q v  | SDFF_X1   | 0.085 |   1.593 |    1.782 | 
     | datapath/g3584__1666            | C2 v -> ZN ^ | AOI222_X1 | 0.106 |   1.699 |    1.888 | 
     | datapath/g3440__9315            | A1 ^ -> ZN v | NAND3_X1  | 0.030 |   1.729 |    1.918 | 
     | datapath/g38629                 | A4 v -> ZN ^ | NOR4_X1   | 0.107 |   1.836 |    2.025 | 
     | datapath/FE_OFC44_n_2507        | A ^ -> Z ^   | CLKBUF_X1 | 0.063 |   1.899 |    2.088 | 
     | datapath/g28218                 | B2 ^ -> ZN v | AOI21_X1  | 0.028 |   1.927 |    2.116 | 
     | datapath/LT_TC_OP_g2521         | A v -> ZN ^  | INV_X1    | 0.030 |   1.957 |    2.146 | 
     | datapath/LT_TC_OP_g2461         | C2 ^ -> ZN v | OAI211_X1 | 0.025 |   1.982 |    2.171 | 
     | datapath/LT_TC_OP_g2428         | A2 v -> ZN ^ | AOI222_X1 | 0.090 |   2.073 |    2.261 | 
     | datapath/LT_TC_OP_g2423         | B2 ^ -> ZN v | OAI221_X1 | 0.041 |   2.114 |    2.303 | 
     | datapath/LT_TC_OP_g2420         | C1 v -> ZN ^ | AOI221_X1 | 0.123 |   2.236 |    2.425 | 
     | datapath/LT_TC_OP_g2419         | A1 ^ -> ZN v | OAI222_X1 | 0.047 |   2.284 |    2.473 | 
     | datapath/LT_TC_OP_g2418         | A1 v -> ZN ^ | NAND4_X1  | 0.030 |   2.314 |    2.503 | 
     | datapath/LT_TC_OP_g2417         | C1 ^ -> ZN v | AOI211_X1 | 0.018 |   2.332 |    2.521 | 
     | datapath/LT_TC_OP_g2416         | A1 v -> ZN ^ | NOR2_X1   | 0.048 |   2.380 |    2.569 | 
     | datapath/g19681                 | B1 ^ -> ZN v | AOI21_X1  | 0.027 |   2.407 |    2.596 | 
     | datapath/g19680                 | A v -> ZN ^  | INV_X2    | 0.098 |   2.505 |    2.693 | 
     | g1513                           | A1 ^ -> ZN ^ | AND2_X2   | 0.151 |   2.656 |    2.844 | 
     | datapath/g37611                 | A1 ^ -> ZN v | NOR2_X1   | 0.015 |   2.670 |    2.859 | 
     | datapath/IFID_instr_reg[14]     | D v          | DFFR_X1   | 0.000 |   2.670 |    2.859 | 
     +-----------------------------------------------------------------------------------------+ 
Path 25: MET Setup Check with Pin datapath/IFID_instr_reg[12]/CK 
Endpoint:   datapath/IFID_instr_reg[12]/D     (v) checked with  leading edge of 
'clk'
Beginpoint: datapath/registers_RF_reg[1][1]/Q (v) triggered by trailing edge of 
'clk'
Path Groups: {reg2reg}
Analysis View: WC_VIEW
Other End Arrival Time         -0.010
- Setup                         0.031
+ Phase Shift                   3.000
+ CPPR Adjustment               0.000
- Uncertainty                   0.100
= Required Time                 2.859
- Arrival Time                  2.670
= Slack Time                    0.189
     Clock Fall Edge                 1.500
     + Clock Network Latency (Prop)  0.008
     = Beginpoint Arrival Time       1.508
     +-----------------------------------------------------------------------------------------+ 
     |            Instance             |     Arc      |   Cell    | Delay | Arrival | Required | 
     |                                 |              |           |       |  Time   |   Time   | 
     |---------------------------------+--------------+-----------+-------+---------+----------| 
     | datapath/registers_RF_reg[1][1] | CK ^         |           |       |   1.508 |    1.697 | 
     | datapath/registers_RF_reg[1][1] | CK ^ -> Q v  | SDFF_X1   | 0.085 |   1.593 |    1.783 | 
     | datapath/g3584__1666            | C2 v -> ZN ^ | AOI222_X1 | 0.106 |   1.699 |    1.888 | 
     | datapath/g3440__9315            | A1 ^ -> ZN v | NAND3_X1  | 0.030 |   1.729 |    1.918 | 
     | datapath/g38629                 | A4 v -> ZN ^ | NOR4_X1   | 0.107 |   1.836 |    2.026 | 
     | datapath/FE_OFC44_n_2507        | A ^ -> Z ^   | CLKBUF_X1 | 0.063 |   1.899 |    2.088 | 
     | datapath/g28218                 | B2 ^ -> ZN v | AOI21_X1  | 0.028 |   1.927 |    2.116 | 
     | datapath/LT_TC_OP_g2521         | A v -> ZN ^  | INV_X1    | 0.030 |   1.957 |    2.147 | 
     | datapath/LT_TC_OP_g2461         | C2 ^ -> ZN v | OAI211_X1 | 0.025 |   1.982 |    2.171 | 
     | datapath/LT_TC_OP_g2428         | A2 v -> ZN ^ | AOI222_X1 | 0.090 |   2.073 |    2.262 | 
     | datapath/LT_TC_OP_g2423         | B2 ^ -> ZN v | OAI221_X1 | 0.041 |   2.114 |    2.303 | 
     | datapath/LT_TC_OP_g2420         | C1 v -> ZN ^ | AOI221_X1 | 0.123 |   2.236 |    2.426 | 
     | datapath/LT_TC_OP_g2419         | A1 ^ -> ZN v | OAI222_X1 | 0.047 |   2.284 |    2.473 | 
     | datapath/LT_TC_OP_g2418         | A1 v -> ZN ^ | NAND4_X1  | 0.030 |   2.314 |    2.504 | 
     | datapath/LT_TC_OP_g2417         | C1 ^ -> ZN v | AOI211_X1 | 0.018 |   2.332 |    2.521 | 
     | datapath/LT_TC_OP_g2416         | A1 v -> ZN ^ | NOR2_X1   | 0.048 |   2.380 |    2.569 | 
     | datapath/g19681                 | B1 ^ -> ZN v | AOI21_X1  | 0.027 |   2.407 |    2.596 | 
     | datapath/g19680                 | A v -> ZN ^  | INV_X2    | 0.098 |   2.505 |    2.694 | 
     | g1513                           | A1 ^ -> ZN ^ | AND2_X2   | 0.151 |   2.656 |    2.845 | 
     | datapath/g37528                 | A1 ^ -> ZN v | NOR2_X1   | 0.014 |   2.670 |    2.859 | 
     | datapath/IFID_instr_reg[12]     | D v          | DFFR_X1   | 0.000 |   2.670 |    2.859 | 
     +-----------------------------------------------------------------------------------------+ 
Path 26: MET Setup Check with Pin datapath/IFID_instr_reg[18]/CK 
Endpoint:   datapath/IFID_instr_reg[18]/D     (v) checked with  leading edge of 
'clk'
Beginpoint: datapath/registers_RF_reg[1][1]/Q (v) triggered by trailing edge of 
'clk'
Path Groups: {reg2reg}
Analysis View: WC_VIEW
Other End Arrival Time         -0.009
- Setup                         0.031
+ Phase Shift                   3.000
+ CPPR Adjustment               0.000
- Uncertainty                   0.100
= Required Time                 2.860
- Arrival Time                  2.670
= Slack Time                    0.190
     Clock Fall Edge                 1.500
     + Clock Network Latency (Prop)  0.008
     = Beginpoint Arrival Time       1.508
     +-----------------------------------------------------------------------------------------+ 
     |            Instance             |     Arc      |   Cell    | Delay | Arrival | Required | 
     |                                 |              |           |       |  Time   |   Time   | 
     |---------------------------------+--------------+-----------+-------+---------+----------| 
     | datapath/registers_RF_reg[1][1] | CK ^         |           |       |   1.508 |    1.698 | 
     | datapath/registers_RF_reg[1][1] | CK ^ -> Q v  | SDFF_X1   | 0.085 |   1.593 |    1.783 | 
     | datapath/g3584__1666            | C2 v -> ZN ^ | AOI222_X1 | 0.106 |   1.699 |    1.889 | 
     | datapath/g3440__9315            | A1 ^ -> ZN v | NAND3_X1  | 0.030 |   1.729 |    1.919 | 
     | datapath/g38629                 | A4 v -> ZN ^ | NOR4_X1   | 0.107 |   1.836 |    2.026 | 
     | datapath/FE_OFC44_n_2507        | A ^ -> Z ^   | CLKBUF_X1 | 0.063 |   1.899 |    2.089 | 
     | datapath/g28218                 | B2 ^ -> ZN v | AOI21_X1  | 0.028 |   1.927 |    2.117 | 
     | datapath/LT_TC_OP_g2521         | A v -> ZN ^  | INV_X1    | 0.030 |   1.957 |    2.147 | 
     | datapath/LT_TC_OP_g2461         | C2 ^ -> ZN v | OAI211_X1 | 0.025 |   1.982 |    2.172 | 
     | datapath/LT_TC_OP_g2428         | A2 v -> ZN ^ | AOI222_X1 | 0.090 |   2.073 |    2.262 | 
     | datapath/LT_TC_OP_g2423         | B2 ^ -> ZN v | OAI221_X1 | 0.041 |   2.114 |    2.304 | 
     | datapath/LT_TC_OP_g2420         | C1 v -> ZN ^ | AOI221_X1 | 0.123 |   2.236 |    2.426 | 
     | datapath/LT_TC_OP_g2419         | A1 ^ -> ZN v | OAI222_X1 | 0.047 |   2.284 |    2.474 | 
     | datapath/LT_TC_OP_g2418         | A1 v -> ZN ^ | NAND4_X1  | 0.030 |   2.314 |    2.504 | 
     | datapath/LT_TC_OP_g2417         | C1 ^ -> ZN v | AOI211_X1 | 0.018 |   2.332 |    2.522 | 
     | datapath/LT_TC_OP_g2416         | A1 v -> ZN ^ | NOR2_X1   | 0.048 |   2.380 |    2.570 | 
     | datapath/g19681                 | B1 ^ -> ZN v | AOI21_X1  | 0.027 |   2.407 |    2.597 | 
     | datapath/g19680                 | A v -> ZN ^  | INV_X2    | 0.098 |   2.505 |    2.694 | 
     | g1513                           | A1 ^ -> ZN ^ | AND2_X2   | 0.151 |   2.656 |    2.845 | 
     | datapath/g37534                 | A1 ^ -> ZN v | NOR2_X1   | 0.015 |   2.670 |    2.860 | 
     | datapath/IFID_instr_reg[18]     | D v          | DFFR_X1   | 0.000 |   2.670 |    2.860 | 
     +-----------------------------------------------------------------------------------------+ 
Path 27: MET Setup Check with Pin datapath/IFID_instr_reg[24]/CK 
Endpoint:   datapath/IFID_instr_reg[24]/D     (v) checked with  leading edge of 
'clk'
Beginpoint: datapath/registers_RF_reg[1][1]/Q (v) triggered by trailing edge of 
'clk'
Path Groups: {reg2reg}
Analysis View: WC_VIEW
Other End Arrival Time         -0.009
- Setup                         0.031
+ Phase Shift                   3.000
+ CPPR Adjustment               0.000
- Uncertainty                   0.100
= Required Time                 2.860
- Arrival Time                  2.670
= Slack Time                    0.190
     Clock Fall Edge                 1.500
     + Clock Network Latency (Prop)  0.008
     = Beginpoint Arrival Time       1.508
     +-----------------------------------------------------------------------------------------+ 
     |            Instance             |     Arc      |   Cell    | Delay | Arrival | Required | 
     |                                 |              |           |       |  Time   |   Time   | 
     |---------------------------------+--------------+-----------+-------+---------+----------| 
     | datapath/registers_RF_reg[1][1] | CK ^         |           |       |   1.508 |    1.698 | 
     | datapath/registers_RF_reg[1][1] | CK ^ -> Q v  | SDFF_X1   | 0.085 |   1.593 |    1.784 | 
     | datapath/g3584__1666            | C2 v -> ZN ^ | AOI222_X1 | 0.106 |   1.699 |    1.889 | 
     | datapath/g3440__9315            | A1 ^ -> ZN v | NAND3_X1  | 0.030 |   1.729 |    1.919 | 
     | datapath/g38629                 | A4 v -> ZN ^ | NOR4_X1   | 0.107 |   1.836 |    2.027 | 
     | datapath/FE_OFC44_n_2507        | A ^ -> Z ^   | CLKBUF_X1 | 0.063 |   1.899 |    2.089 | 
     | datapath/g28218                 | B2 ^ -> ZN v | AOI21_X1  | 0.028 |   1.927 |    2.117 | 
     | datapath/LT_TC_OP_g2521         | A v -> ZN ^  | INV_X1    | 0.030 |   1.957 |    2.148 | 
     | datapath/LT_TC_OP_g2461         | C2 ^ -> ZN v | OAI211_X1 | 0.025 |   1.982 |    2.172 | 
     | datapath/LT_TC_OP_g2428         | A2 v -> ZN ^ | AOI222_X1 | 0.090 |   2.073 |    2.263 | 
     | datapath/LT_TC_OP_g2423         | B2 ^ -> ZN v | OAI221_X1 | 0.041 |   2.114 |    2.304 | 
     | datapath/LT_TC_OP_g2420         | C1 v -> ZN ^ | AOI221_X1 | 0.123 |   2.236 |    2.427 | 
     | datapath/LT_TC_OP_g2419         | A1 ^ -> ZN v | OAI222_X1 | 0.047 |   2.284 |    2.474 | 
     | datapath/LT_TC_OP_g2418         | A1 v -> ZN ^ | NAND4_X1  | 0.030 |   2.314 |    2.505 | 
     | datapath/LT_TC_OP_g2417         | C1 ^ -> ZN v | AOI211_X1 | 0.018 |   2.332 |    2.522 | 
     | datapath/LT_TC_OP_g2416         | A1 v -> ZN ^ | NOR2_X1   | 0.048 |   2.380 |    2.570 | 
     | datapath/g19681                 | B1 ^ -> ZN v | AOI21_X1  | 0.027 |   2.407 |    2.597 | 
     | datapath/g19680                 | A v -> ZN ^  | INV_X2    | 0.098 |   2.505 |    2.695 | 
     | g1513                           | A1 ^ -> ZN ^ | AND2_X2   | 0.151 |   2.656 |    2.846 | 
     | datapath/g37540                 | A1 ^ -> ZN v | NOR2_X1   | 0.015 |   2.670 |    2.860 | 
     | datapath/IFID_instr_reg[24]     | D v          | DFFR_X1   | 0.000 |   2.670 |    2.860 | 
     +-----------------------------------------------------------------------------------------+ 
Path 28: MET Setup Check with Pin datapath/IFID_instr_reg[16]/CK 
Endpoint:   datapath/IFID_instr_reg[16]/D     (v) checked with  leading edge of 
'clk'
Beginpoint: datapath/registers_RF_reg[1][1]/Q (v) triggered by trailing edge of 
'clk'
Path Groups: {reg2reg}
Analysis View: WC_VIEW
Other End Arrival Time         -0.009
- Setup                         0.031
+ Phase Shift                   3.000
+ CPPR Adjustment               0.000
- Uncertainty                   0.100
= Required Time                 2.860
- Arrival Time                  2.670
= Slack Time                    0.190
     Clock Fall Edge                 1.500
     + Clock Network Latency (Prop)  0.008
     = Beginpoint Arrival Time       1.508
     +-----------------------------------------------------------------------------------------+ 
     |            Instance             |     Arc      |   Cell    | Delay | Arrival | Required | 
     |                                 |              |           |       |  Time   |   Time   | 
     |---------------------------------+--------------+-----------+-------+---------+----------| 
     | datapath/registers_RF_reg[1][1] | CK ^         |           |       |   1.508 |    1.698 | 
     | datapath/registers_RF_reg[1][1] | CK ^ -> Q v  | SDFF_X1   | 0.085 |   1.593 |    1.784 | 
     | datapath/g3584__1666            | C2 v -> ZN ^ | AOI222_X1 | 0.106 |   1.699 |    1.889 | 
     | datapath/g3440__9315            | A1 ^ -> ZN v | NAND3_X1  | 0.030 |   1.729 |    1.919 | 
     | datapath/g38629                 | A4 v -> ZN ^ | NOR4_X1   | 0.107 |   1.836 |    2.027 | 
     | datapath/FE_OFC44_n_2507        | A ^ -> Z ^   | CLKBUF_X1 | 0.063 |   1.899 |    2.089 | 
     | datapath/g28218                 | B2 ^ -> ZN v | AOI21_X1  | 0.028 |   1.927 |    2.117 | 
     | datapath/LT_TC_OP_g2521         | A v -> ZN ^  | INV_X1    | 0.030 |   1.957 |    2.148 | 
     | datapath/LT_TC_OP_g2461         | C2 ^ -> ZN v | OAI211_X1 | 0.025 |   1.982 |    2.172 | 
     | datapath/LT_TC_OP_g2428         | A2 v -> ZN ^ | AOI222_X1 | 0.090 |   2.073 |    2.263 | 
     | datapath/LT_TC_OP_g2423         | B2 ^ -> ZN v | OAI221_X1 | 0.041 |   2.114 |    2.304 | 
     | datapath/LT_TC_OP_g2420         | C1 v -> ZN ^ | AOI221_X1 | 0.123 |   2.236 |    2.427 | 
     | datapath/LT_TC_OP_g2419         | A1 ^ -> ZN v | OAI222_X1 | 0.047 |   2.284 |    2.474 | 
     | datapath/LT_TC_OP_g2418         | A1 v -> ZN ^ | NAND4_X1  | 0.030 |   2.314 |    2.505 | 
     | datapath/LT_TC_OP_g2417         | C1 ^ -> ZN v | AOI211_X1 | 0.018 |   2.332 |    2.522 | 
     | datapath/LT_TC_OP_g2416         | A1 v -> ZN ^ | NOR2_X1   | 0.048 |   2.380 |    2.570 | 
     | datapath/g19681                 | B1 ^ -> ZN v | AOI21_X1  | 0.027 |   2.407 |    2.597 | 
     | datapath/g19680                 | A v -> ZN ^  | INV_X2    | 0.098 |   2.505 |    2.695 | 
     | g1513                           | A1 ^ -> ZN ^ | AND2_X2   | 0.151 |   2.656 |    2.846 | 
     | datapath/g37524                 | A1 ^ -> ZN v | NOR2_X1   | 0.015 |   2.670 |    2.860 | 
     | datapath/IFID_instr_reg[16]     | D v          | DFFR_X1   | 0.000 |   2.670 |    2.860 | 
     +-----------------------------------------------------------------------------------------+ 
Path 29: MET Setup Check with Pin datapath/IFID_instr_reg[19]/CK 
Endpoint:   datapath/IFID_instr_reg[19]/D     (v) checked with  leading edge of 
'clk'
Beginpoint: datapath/registers_RF_reg[1][1]/Q (v) triggered by trailing edge of 
'clk'
Path Groups: {reg2reg}
Analysis View: WC_VIEW
Other End Arrival Time         -0.009
- Setup                         0.031
+ Phase Shift                   3.000
+ CPPR Adjustment               0.000
- Uncertainty                   0.100
= Required Time                 2.860
- Arrival Time                  2.669
= Slack Time                    0.191
     Clock Fall Edge                 1.500
     + Clock Network Latency (Prop)  0.008
     = Beginpoint Arrival Time       1.508
     +-----------------------------------------------------------------------------------------+ 
     |            Instance             |     Arc      |   Cell    | Delay | Arrival | Required | 
     |                                 |              |           |       |  Time   |   Time   | 
     |---------------------------------+--------------+-----------+-------+---------+----------| 
     | datapath/registers_RF_reg[1][1] | CK ^         |           |       |   1.508 |    1.699 | 
     | datapath/registers_RF_reg[1][1] | CK ^ -> Q v  | SDFF_X1   | 0.085 |   1.593 |    1.784 | 
     | datapath/g3584__1666            | C2 v -> ZN ^ | AOI222_X1 | 0.106 |   1.699 |    1.890 | 
     | datapath/g3440__9315            | A1 ^ -> ZN v | NAND3_X1  | 0.030 |   1.729 |    1.920 | 
     | datapath/g38629                 | A4 v -> ZN ^ | NOR4_X1   | 0.107 |   1.836 |    2.027 | 
     | datapath/FE_OFC44_n_2507        | A ^ -> Z ^   | CLKBUF_X1 | 0.063 |   1.899 |    2.090 | 
     | datapath/g28218                 | B2 ^ -> ZN v | AOI21_X1  | 0.028 |   1.927 |    2.118 | 
     | datapath/LT_TC_OP_g2521         | A v -> ZN ^  | INV_X1    | 0.030 |   1.957 |    2.148 | 
     | datapath/LT_TC_OP_g2461         | C2 ^ -> ZN v | OAI211_X1 | 0.025 |   1.982 |    2.173 | 
     | datapath/LT_TC_OP_g2428         | A2 v -> ZN ^ | AOI222_X1 | 0.090 |   2.073 |    2.263 | 
     | datapath/LT_TC_OP_g2423         | B2 ^ -> ZN v | OAI221_X1 | 0.041 |   2.114 |    2.304 | 
     | datapath/LT_TC_OP_g2420         | C1 v -> ZN ^ | AOI221_X1 | 0.123 |   2.236 |    2.427 | 
     | datapath/LT_TC_OP_g2419         | A1 ^ -> ZN v | OAI222_X1 | 0.047 |   2.284 |    2.474 | 
     | datapath/LT_TC_OP_g2418         | A1 v -> ZN ^ | NAND4_X1  | 0.030 |   2.314 |    2.505 | 
     | datapath/LT_TC_OP_g2417         | C1 ^ -> ZN v | AOI211_X1 | 0.018 |   2.332 |    2.523 | 
     | datapath/LT_TC_OP_g2416         | A1 v -> ZN ^ | NOR2_X1   | 0.048 |   2.380 |    2.571 | 
     | datapath/g19681                 | B1 ^ -> ZN v | AOI21_X1  | 0.027 |   2.407 |    2.597 | 
     | datapath/g19680                 | A v -> ZN ^  | INV_X2    | 0.098 |   2.505 |    2.695 | 
     | g1513                           | A1 ^ -> ZN ^ | AND2_X2   | 0.151 |   2.656 |    2.846 | 
     | datapath/g37535                 | A1 ^ -> ZN v | NOR2_X1   | 0.014 |   2.669 |    2.860 | 
     | datapath/IFID_instr_reg[19]     | D v          | DFFR_X1   | 0.000 |   2.669 |    2.860 | 
     +-----------------------------------------------------------------------------------------+ 
Path 30: MET Setup Check with Pin datapath/IFID_instr_reg[10]/CK 
Endpoint:   datapath/IFID_instr_reg[10]/D     (v) checked with  leading edge of 
'clk'
Beginpoint: datapath/registers_RF_reg[1][1]/Q (v) triggered by trailing edge of 
'clk'
Path Groups: {reg2reg}
Analysis View: WC_VIEW
Other End Arrival Time         -0.009
- Setup                         0.031
+ Phase Shift                   3.000
+ CPPR Adjustment               0.000
- Uncertainty                   0.100
= Required Time                 2.860
- Arrival Time                  2.669
= Slack Time                    0.191
     Clock Fall Edge                 1.500
     + Clock Network Latency (Prop)  0.008
     = Beginpoint Arrival Time       1.508
     +-----------------------------------------------------------------------------------------+ 
     |            Instance             |     Arc      |   Cell    | Delay | Arrival | Required | 
     |                                 |              |           |       |  Time   |   Time   | 
     |---------------------------------+--------------+-----------+-------+---------+----------| 
     | datapath/registers_RF_reg[1][1] | CK ^         |           |       |   1.508 |    1.699 | 
     | datapath/registers_RF_reg[1][1] | CK ^ -> Q v  | SDFF_X1   | 0.085 |   1.593 |    1.784 | 
     | datapath/g3584__1666            | C2 v -> ZN ^ | AOI222_X1 | 0.106 |   1.699 |    1.890 | 
     | datapath/g3440__9315            | A1 ^ -> ZN v | NAND3_X1  | 0.030 |   1.729 |    1.920 | 
     | datapath/g38629                 | A4 v -> ZN ^ | NOR4_X1   | 0.107 |   1.836 |    2.027 | 
     | datapath/FE_OFC44_n_2507        | A ^ -> Z ^   | CLKBUF_X1 | 0.063 |   1.899 |    2.090 | 
     | datapath/g28218                 | B2 ^ -> ZN v | AOI21_X1  | 0.028 |   1.927 |    2.118 | 
     | datapath/LT_TC_OP_g2521         | A v -> ZN ^  | INV_X1    | 0.030 |   1.957 |    2.148 | 
     | datapath/LT_TC_OP_g2461         | C2 ^ -> ZN v | OAI211_X1 | 0.025 |   1.982 |    2.173 | 
     | datapath/LT_TC_OP_g2428         | A2 v -> ZN ^ | AOI222_X1 | 0.090 |   2.073 |    2.263 | 
     | datapath/LT_TC_OP_g2423         | B2 ^ -> ZN v | OAI221_X1 | 0.041 |   2.114 |    2.304 | 
     | datapath/LT_TC_OP_g2420         | C1 v -> ZN ^ | AOI221_X1 | 0.123 |   2.236 |    2.427 | 
     | datapath/LT_TC_OP_g2419         | A1 ^ -> ZN v | OAI222_X1 | 0.047 |   2.284 |    2.474 | 
     | datapath/LT_TC_OP_g2418         | A1 v -> ZN ^ | NAND4_X1  | 0.030 |   2.314 |    2.505 | 
     | datapath/LT_TC_OP_g2417         | C1 ^ -> ZN v | AOI211_X1 | 0.018 |   2.332 |    2.523 | 
     | datapath/LT_TC_OP_g2416         | A1 v -> ZN ^ | NOR2_X1   | 0.048 |   2.380 |    2.571 | 
     | datapath/g19681                 | B1 ^ -> ZN v | AOI21_X1  | 0.027 |   2.407 |    2.597 | 
     | datapath/g19680                 | A v -> ZN ^  | INV_X2    | 0.098 |   2.505 |    2.695 | 
     | g1513                           | A1 ^ -> ZN ^ | AND2_X2   | 0.151 |   2.656 |    2.846 | 
     | datapath/g37597                 | A1 ^ -> ZN v | NOR2_X1   | 0.013 |   2.669 |    2.860 | 
     | datapath/IFID_instr_reg[10]     | D v          | DFFR_X1   | 0.000 |   2.669 |    2.860 | 
     +-----------------------------------------------------------------------------------------+ 
Path 31: MET Setup Check with Pin datapath/IFID_instr_reg[22]/CK 
Endpoint:   datapath/IFID_instr_reg[22]/D     (v) checked with  leading edge of 
'clk'
Beginpoint: datapath/registers_RF_reg[1][1]/Q (v) triggered by trailing edge of 
'clk'
Path Groups: {reg2reg}
Analysis View: WC_VIEW
Other End Arrival Time         -0.010
- Setup                         0.031
+ Phase Shift                   3.000
+ CPPR Adjustment               0.000
- Uncertainty                   0.100
= Required Time                 2.860
- Arrival Time                  2.669
= Slack Time                    0.191
     Clock Fall Edge                 1.500
     + Clock Network Latency (Prop)  0.008
     = Beginpoint Arrival Time       1.508
     +-----------------------------------------------------------------------------------------+ 
     |            Instance             |     Arc      |   Cell    | Delay | Arrival | Required | 
     |                                 |              |           |       |  Time   |   Time   | 
     |---------------------------------+--------------+-----------+-------+---------+----------| 
     | datapath/registers_RF_reg[1][1] | CK ^         |           |       |   1.508 |    1.699 | 
     | datapath/registers_RF_reg[1][1] | CK ^ -> Q v  | SDFF_X1   | 0.085 |   1.593 |    1.784 | 
     | datapath/g3584__1666            | C2 v -> ZN ^ | AOI222_X1 | 0.106 |   1.699 |    1.890 | 
     | datapath/g3440__9315            | A1 ^ -> ZN v | NAND3_X1  | 0.030 |   1.729 |    1.920 | 
     | datapath/g38629                 | A4 v -> ZN ^ | NOR4_X1   | 0.107 |   1.836 |    2.027 | 
     | datapath/FE_OFC44_n_2507        | A ^ -> Z ^   | CLKBUF_X1 | 0.063 |   1.899 |    2.090 | 
     | datapath/g28218                 | B2 ^ -> ZN v | AOI21_X1  | 0.028 |   1.927 |    2.118 | 
     | datapath/LT_TC_OP_g2521         | A v -> ZN ^  | INV_X1    | 0.030 |   1.957 |    2.148 | 
     | datapath/LT_TC_OP_g2461         | C2 ^ -> ZN v | OAI211_X1 | 0.025 |   1.982 |    2.173 | 
     | datapath/LT_TC_OP_g2428         | A2 v -> ZN ^ | AOI222_X1 | 0.090 |   2.073 |    2.263 | 
     | datapath/LT_TC_OP_g2423         | B2 ^ -> ZN v | OAI221_X1 | 0.041 |   2.114 |    2.304 | 
     | datapath/LT_TC_OP_g2420         | C1 v -> ZN ^ | AOI221_X1 | 0.123 |   2.236 |    2.427 | 
     | datapath/LT_TC_OP_g2419         | A1 ^ -> ZN v | OAI222_X1 | 0.047 |   2.284 |    2.475 | 
     | datapath/LT_TC_OP_g2418         | A1 v -> ZN ^ | NAND4_X1  | 0.030 |   2.314 |    2.505 | 
     | datapath/LT_TC_OP_g2417         | C1 ^ -> ZN v | AOI211_X1 | 0.018 |   2.332 |    2.523 | 
     | datapath/LT_TC_OP_g2416         | A1 v -> ZN ^ | NOR2_X1   | 0.048 |   2.380 |    2.571 | 
     | datapath/g19681                 | B1 ^ -> ZN v | AOI21_X1  | 0.027 |   2.407 |    2.597 | 
     | datapath/g19680                 | A v -> ZN ^  | INV_X2    | 0.098 |   2.505 |    2.695 | 
     | g1513                           | A1 ^ -> ZN ^ | AND2_X2   | 0.151 |   2.656 |    2.846 | 
     | datapath/g37539                 | A1 ^ -> ZN v | NOR2_X1   | 0.013 |   2.669 |    2.860 | 
     | datapath/IFID_instr_reg[22]     | D v          | DFFR_X1   | 0.000 |   2.669 |    2.860 | 
     +-----------------------------------------------------------------------------------------+ 
Path 32: MET Setup Check with Pin datapath/IFID_instr_reg[17]/CK 
Endpoint:   datapath/IFID_instr_reg[17]/D     (v) checked with  leading edge of 
'clk'
Beginpoint: datapath/registers_RF_reg[1][1]/Q (v) triggered by trailing edge of 
'clk'
Path Groups: {reg2reg}
Analysis View: WC_VIEW
Other End Arrival Time         -0.009
- Setup                         0.031
+ Phase Shift                   3.000
+ CPPR Adjustment               0.000
- Uncertainty                   0.100
= Required Time                 2.860
- Arrival Time                  2.670
= Slack Time                    0.191
     Clock Fall Edge                 1.500
     + Clock Network Latency (Prop)  0.008
     = Beginpoint Arrival Time       1.508
     +-----------------------------------------------------------------------------------------+ 
     |            Instance             |     Arc      |   Cell    | Delay | Arrival | Required | 
     |                                 |              |           |       |  Time   |   Time   | 
     |---------------------------------+--------------+-----------+-------+---------+----------| 
     | datapath/registers_RF_reg[1][1] | CK ^         |           |       |   1.508 |    1.699 | 
     | datapath/registers_RF_reg[1][1] | CK ^ -> Q v  | SDFF_X1   | 0.085 |   1.593 |    1.784 | 
     | datapath/g3584__1666            | C2 v -> ZN ^ | AOI222_X1 | 0.106 |   1.699 |    1.890 | 
     | datapath/g3440__9315            | A1 ^ -> ZN v | NAND3_X1  | 0.030 |   1.729 |    1.920 | 
     | datapath/g38629                 | A4 v -> ZN ^ | NOR4_X1   | 0.107 |   1.836 |    2.027 | 
     | datapath/FE_OFC44_n_2507        | A ^ -> Z ^   | CLKBUF_X1 | 0.063 |   1.899 |    2.090 | 
     | datapath/g28218                 | B2 ^ -> ZN v | AOI21_X1  | 0.028 |   1.927 |    2.118 | 
     | datapath/LT_TC_OP_g2521         | A v -> ZN ^  | INV_X1    | 0.030 |   1.957 |    2.148 | 
     | datapath/LT_TC_OP_g2461         | C2 ^ -> ZN v | OAI211_X1 | 0.025 |   1.982 |    2.173 | 
     | datapath/LT_TC_OP_g2428         | A2 v -> ZN ^ | AOI222_X1 | 0.090 |   2.073 |    2.263 | 
     | datapath/LT_TC_OP_g2423         | B2 ^ -> ZN v | OAI221_X1 | 0.041 |   2.114 |    2.305 | 
     | datapath/LT_TC_OP_g2420         | C1 v -> ZN ^ | AOI221_X1 | 0.123 |   2.236 |    2.427 | 
     | datapath/LT_TC_OP_g2419         | A1 ^ -> ZN v | OAI222_X1 | 0.047 |   2.284 |    2.475 | 
     | datapath/LT_TC_OP_g2418         | A1 v -> ZN ^ | NAND4_X1  | 0.030 |   2.314 |    2.505 | 
     | datapath/LT_TC_OP_g2417         | C1 ^ -> ZN v | AOI211_X1 | 0.018 |   2.332 |    2.523 | 
     | datapath/LT_TC_OP_g2416         | A1 v -> ZN ^ | NOR2_X1   | 0.048 |   2.380 |    2.571 | 
     | datapath/g19681                 | B1 ^ -> ZN v | AOI21_X1  | 0.027 |   2.407 |    2.598 | 
     | datapath/g19680                 | A v -> ZN ^  | INV_X2    | 0.098 |   2.505 |    2.695 | 
     | g1513                           | A1 ^ -> ZN ^ | AND2_X2   | 0.151 |   2.656 |    2.846 | 
     | datapath/g37531                 | A1 ^ -> ZN v | NOR2_X1   | 0.014 |   2.670 |    2.860 | 
     | datapath/IFID_instr_reg[17]     | D v          | DFFR_X1   | 0.000 |   2.670 |    2.860 | 
     +-----------------------------------------------------------------------------------------+ 
Path 33: MET Setup Check with Pin datapath/IFID_instr_reg[5]/CK 
Endpoint:   datapath/IFID_instr_reg[5]/D      (v) checked with  leading edge of 
'clk'
Beginpoint: datapath/registers_RF_reg[1][1]/Q (v) triggered by trailing edge of 
'clk'
Path Groups: {reg2reg}
Analysis View: WC_VIEW
Other End Arrival Time         -0.009
- Setup                         0.031
+ Phase Shift                   3.000
+ CPPR Adjustment               0.000
- Uncertainty                   0.100
= Required Time                 2.860
- Arrival Time                  2.669
= Slack Time                    0.191
     Clock Fall Edge                 1.500
     + Clock Network Latency (Prop)  0.008
     = Beginpoint Arrival Time       1.508
     +-----------------------------------------------------------------------------------------+ 
     |            Instance             |     Arc      |   Cell    | Delay | Arrival | Required | 
     |                                 |              |           |       |  Time   |   Time   | 
     |---------------------------------+--------------+-----------+-------+---------+----------| 
     | datapath/registers_RF_reg[1][1] | CK ^         |           |       |   1.508 |    1.699 | 
     | datapath/registers_RF_reg[1][1] | CK ^ -> Q v  | SDFF_X1   | 0.085 |   1.593 |    1.784 | 
     | datapath/g3584__1666            | C2 v -> ZN ^ | AOI222_X1 | 0.106 |   1.699 |    1.890 | 
     | datapath/g3440__9315            | A1 ^ -> ZN v | NAND3_X1  | 0.030 |   1.729 |    1.920 | 
     | datapath/g38629                 | A4 v -> ZN ^ | NOR4_X1   | 0.107 |   1.836 |    2.027 | 
     | datapath/FE_OFC44_n_2507        | A ^ -> Z ^   | CLKBUF_X1 | 0.063 |   1.899 |    2.090 | 
     | datapath/g28218                 | B2 ^ -> ZN v | AOI21_X1  | 0.028 |   1.927 |    2.118 | 
     | datapath/LT_TC_OP_g2521         | A v -> ZN ^  | INV_X1    | 0.030 |   1.957 |    2.148 | 
     | datapath/LT_TC_OP_g2461         | C2 ^ -> ZN v | OAI211_X1 | 0.025 |   1.982 |    2.173 | 
     | datapath/LT_TC_OP_g2428         | A2 v -> ZN ^ | AOI222_X1 | 0.090 |   2.073 |    2.263 | 
     | datapath/LT_TC_OP_g2423         | B2 ^ -> ZN v | OAI221_X1 | 0.041 |   2.114 |    2.305 | 
     | datapath/LT_TC_OP_g2420         | C1 v -> ZN ^ | AOI221_X1 | 0.123 |   2.236 |    2.427 | 
     | datapath/LT_TC_OP_g2419         | A1 ^ -> ZN v | OAI222_X1 | 0.047 |   2.284 |    2.475 | 
     | datapath/LT_TC_OP_g2418         | A1 v -> ZN ^ | NAND4_X1  | 0.030 |   2.314 |    2.505 | 
     | datapath/LT_TC_OP_g2417         | C1 ^ -> ZN v | AOI211_X1 | 0.018 |   2.332 |    2.523 | 
     | datapath/LT_TC_OP_g2416         | A1 v -> ZN ^ | NOR2_X1   | 0.048 |   2.380 |    2.571 | 
     | datapath/g19681                 | B1 ^ -> ZN v | AOI21_X1  | 0.027 |   2.407 |    2.598 | 
     | datapath/g19680                 | A v -> ZN ^  | INV_X2    | 0.098 |   2.505 |    2.696 | 
     | g1513                           | A1 ^ -> ZN ^ | AND2_X2   | 0.151 |   2.656 |    2.846 | 
     | datapath/g37530                 | A1 ^ -> ZN v | NOR2_X1   | 0.014 |   2.669 |    2.860 | 
     | datapath/IFID_instr_reg[5]      | D v          | DFFR_X1   | 0.000 |   2.669 |    2.860 | 
     +-----------------------------------------------------------------------------------------+ 
Path 34: MET Setup Check with Pin datapath/IFID_instr_reg[23]/CK 
Endpoint:   datapath/IFID_instr_reg[23]/D     (v) checked with  leading edge of 
'clk'
Beginpoint: datapath/registers_RF_reg[1][1]/Q (v) triggered by trailing edge of 
'clk'
Path Groups: {reg2reg}
Analysis View: WC_VIEW
Other End Arrival Time         -0.009
- Setup                         0.031
+ Phase Shift                   3.000
+ CPPR Adjustment               0.000
- Uncertainty                   0.100
= Required Time                 2.860
- Arrival Time                  2.669
= Slack Time                    0.191
     Clock Fall Edge                 1.500
     + Clock Network Latency (Prop)  0.008
     = Beginpoint Arrival Time       1.508
     +-----------------------------------------------------------------------------------------+ 
     |            Instance             |     Arc      |   Cell    | Delay | Arrival | Required | 
     |                                 |              |           |       |  Time   |   Time   | 
     |---------------------------------+--------------+-----------+-------+---------+----------| 
     | datapath/registers_RF_reg[1][1] | CK ^         |           |       |   1.508 |    1.699 | 
     | datapath/registers_RF_reg[1][1] | CK ^ -> Q v  | SDFF_X1   | 0.085 |   1.593 |    1.784 | 
     | datapath/g3584__1666            | C2 v -> ZN ^ | AOI222_X1 | 0.106 |   1.699 |    1.890 | 
     | datapath/g3440__9315            | A1 ^ -> ZN v | NAND3_X1  | 0.030 |   1.729 |    1.920 | 
     | datapath/g38629                 | A4 v -> ZN ^ | NOR4_X1   | 0.107 |   1.836 |    2.027 | 
     | datapath/FE_OFC44_n_2507        | A ^ -> Z ^   | CLKBUF_X1 | 0.063 |   1.899 |    2.090 | 
     | datapath/g28218                 | B2 ^ -> ZN v | AOI21_X1  | 0.028 |   1.927 |    2.118 | 
     | datapath/LT_TC_OP_g2521         | A v -> ZN ^  | INV_X1    | 0.030 |   1.957 |    2.148 | 
     | datapath/LT_TC_OP_g2461         | C2 ^ -> ZN v | OAI211_X1 | 0.025 |   1.982 |    2.173 | 
     | datapath/LT_TC_OP_g2428         | A2 v -> ZN ^ | AOI222_X1 | 0.090 |   2.073 |    2.263 | 
     | datapath/LT_TC_OP_g2423         | B2 ^ -> ZN v | OAI221_X1 | 0.041 |   2.114 |    2.305 | 
     | datapath/LT_TC_OP_g2420         | C1 v -> ZN ^ | AOI221_X1 | 0.123 |   2.236 |    2.427 | 
     | datapath/LT_TC_OP_g2419         | A1 ^ -> ZN v | OAI222_X1 | 0.047 |   2.284 |    2.475 | 
     | datapath/LT_TC_OP_g2418         | A1 v -> ZN ^ | NAND4_X1  | 0.030 |   2.314 |    2.505 | 
     | datapath/LT_TC_OP_g2417         | C1 ^ -> ZN v | AOI211_X1 | 0.018 |   2.332 |    2.523 | 
     | datapath/LT_TC_OP_g2416         | A1 v -> ZN ^ | NOR2_X1   | 0.048 |   2.380 |    2.571 | 
     | datapath/g19681                 | B1 ^ -> ZN v | AOI21_X1  | 0.027 |   2.407 |    2.598 | 
     | datapath/g19680                 | A v -> ZN ^  | INV_X2    | 0.098 |   2.505 |    2.696 | 
     | g1513                           | A1 ^ -> ZN ^ | AND2_X2   | 0.151 |   2.656 |    2.846 | 
     | datapath/g37537                 | A1 ^ -> ZN v | NOR2_X1   | 0.014 |   2.669 |    2.860 | 
     | datapath/IFID_instr_reg[23]     | D v          | DFFR_X1   | 0.000 |   2.669 |    2.860 | 
     +-----------------------------------------------------------------------------------------+ 
Path 35: MET Setup Check with Pin datapath/IFID_instr_reg[21]/CK 
Endpoint:   datapath/IFID_instr_reg[21]/D     (v) checked with  leading edge of 
'clk'
Beginpoint: datapath/registers_RF_reg[1][1]/Q (v) triggered by trailing edge of 
'clk'
Path Groups: {reg2reg}
Analysis View: WC_VIEW
Other End Arrival Time         -0.009
- Setup                         0.031
+ Phase Shift                   3.000
+ CPPR Adjustment               0.000
- Uncertainty                   0.100
= Required Time                 2.860
- Arrival Time                  2.669
= Slack Time                    0.191
     Clock Fall Edge                 1.500
     + Clock Network Latency (Prop)  0.008
     = Beginpoint Arrival Time       1.508
     +-----------------------------------------------------------------------------------------+ 
     |            Instance             |     Arc      |   Cell    | Delay | Arrival | Required | 
     |                                 |              |           |       |  Time   |   Time   | 
     |---------------------------------+--------------+-----------+-------+---------+----------| 
     | datapath/registers_RF_reg[1][1] | CK ^         |           |       |   1.508 |    1.699 | 
     | datapath/registers_RF_reg[1][1] | CK ^ -> Q v  | SDFF_X1   | 0.085 |   1.593 |    1.784 | 
     | datapath/g3584__1666            | C2 v -> ZN ^ | AOI222_X1 | 0.106 |   1.699 |    1.890 | 
     | datapath/g3440__9315            | A1 ^ -> ZN v | NAND3_X1  | 0.030 |   1.729 |    1.920 | 
     | datapath/g38629                 | A4 v -> ZN ^ | NOR4_X1   | 0.107 |   1.836 |    2.027 | 
     | datapath/FE_OFC44_n_2507        | A ^ -> Z ^   | CLKBUF_X1 | 0.063 |   1.899 |    2.090 | 
     | datapath/g28218                 | B2 ^ -> ZN v | AOI21_X1  | 0.028 |   1.927 |    2.118 | 
     | datapath/LT_TC_OP_g2521         | A v -> ZN ^  | INV_X1    | 0.030 |   1.957 |    2.148 | 
     | datapath/LT_TC_OP_g2461         | C2 ^ -> ZN v | OAI211_X1 | 0.025 |   1.982 |    2.173 | 
     | datapath/LT_TC_OP_g2428         | A2 v -> ZN ^ | AOI222_X1 | 0.090 |   2.073 |    2.263 | 
     | datapath/LT_TC_OP_g2423         | B2 ^ -> ZN v | OAI221_X1 | 0.041 |   2.114 |    2.305 | 
     | datapath/LT_TC_OP_g2420         | C1 v -> ZN ^ | AOI221_X1 | 0.123 |   2.236 |    2.427 | 
     | datapath/LT_TC_OP_g2419         | A1 ^ -> ZN v | OAI222_X1 | 0.047 |   2.284 |    2.475 | 
     | datapath/LT_TC_OP_g2418         | A1 v -> ZN ^ | NAND4_X1  | 0.030 |   2.314 |    2.505 | 
     | datapath/LT_TC_OP_g2417         | C1 ^ -> ZN v | AOI211_X1 | 0.018 |   2.332 |    2.523 | 
     | datapath/LT_TC_OP_g2416         | A1 v -> ZN ^ | NOR2_X1   | 0.048 |   2.380 |    2.571 | 
     | datapath/g19681                 | B1 ^ -> ZN v | AOI21_X1  | 0.027 |   2.407 |    2.598 | 
     | datapath/g19680                 | A v -> ZN ^  | INV_X2    | 0.098 |   2.505 |    2.696 | 
     | g1513                           | A1 ^ -> ZN ^ | AND2_X2   | 0.151 |   2.656 |    2.846 | 
     | datapath/g37538                 | A1 ^ -> ZN v | NOR2_X1   | 0.014 |   2.669 |    2.860 | 
     | datapath/IFID_instr_reg[21]     | D v          | DFFR_X1   | 0.000 |   2.669 |    2.860 | 
     +-----------------------------------------------------------------------------------------+ 
Path 36: MET Setup Check with Pin datapath/IFID_instr_reg[9]/CK 
Endpoint:   datapath/IFID_instr_reg[9]/D      (v) checked with  leading edge of 
'clk'
Beginpoint: datapath/registers_RF_reg[1][1]/Q (v) triggered by trailing edge of 
'clk'
Path Groups: {reg2reg}
Analysis View: WC_VIEW
Other End Arrival Time         -0.009
- Setup                         0.031
+ Phase Shift                   3.000
+ CPPR Adjustment               0.000
- Uncertainty                   0.100
= Required Time                 2.860
- Arrival Time                  2.669
= Slack Time                    0.191
     Clock Fall Edge                 1.500
     + Clock Network Latency (Prop)  0.008
     = Beginpoint Arrival Time       1.508
     +-----------------------------------------------------------------------------------------+ 
     |            Instance             |     Arc      |   Cell    | Delay | Arrival | Required | 
     |                                 |              |           |       |  Time   |   Time   | 
     |---------------------------------+--------------+-----------+-------+---------+----------| 
     | datapath/registers_RF_reg[1][1] | CK ^         |           |       |   1.508 |    1.699 | 
     | datapath/registers_RF_reg[1][1] | CK ^ -> Q v  | SDFF_X1   | 0.085 |   1.593 |    1.784 | 
     | datapath/g3584__1666            | C2 v -> ZN ^ | AOI222_X1 | 0.106 |   1.699 |    1.890 | 
     | datapath/g3440__9315            | A1 ^ -> ZN v | NAND3_X1  | 0.030 |   1.729 |    1.920 | 
     | datapath/g38629                 | A4 v -> ZN ^ | NOR4_X1   | 0.107 |   1.836 |    2.027 | 
     | datapath/FE_OFC44_n_2507        | A ^ -> Z ^   | CLKBUF_X1 | 0.063 |   1.899 |    2.090 | 
     | datapath/g28218                 | B2 ^ -> ZN v | AOI21_X1  | 0.028 |   1.927 |    2.118 | 
     | datapath/LT_TC_OP_g2521         | A v -> ZN ^  | INV_X1    | 0.030 |   1.957 |    2.148 | 
     | datapath/LT_TC_OP_g2461         | C2 ^ -> ZN v | OAI211_X1 | 0.025 |   1.982 |    2.173 | 
     | datapath/LT_TC_OP_g2428         | A2 v -> ZN ^ | AOI222_X1 | 0.090 |   2.073 |    2.263 | 
     | datapath/LT_TC_OP_g2423         | B2 ^ -> ZN v | OAI221_X1 | 0.041 |   2.114 |    2.305 | 
     | datapath/LT_TC_OP_g2420         | C1 v -> ZN ^ | AOI221_X1 | 0.123 |   2.236 |    2.427 | 
     | datapath/LT_TC_OP_g2419         | A1 ^ -> ZN v | OAI222_X1 | 0.047 |   2.284 |    2.475 | 
     | datapath/LT_TC_OP_g2418         | A1 v -> ZN ^ | NAND4_X1  | 0.030 |   2.314 |    2.505 | 
     | datapath/LT_TC_OP_g2417         | C1 ^ -> ZN v | AOI211_X1 | 0.018 |   2.332 |    2.523 | 
     | datapath/LT_TC_OP_g2416         | A1 v -> ZN ^ | NOR2_X1   | 0.048 |   2.380 |    2.571 | 
     | datapath/g19681                 | B1 ^ -> ZN v | AOI21_X1  | 0.027 |   2.407 |    2.598 | 
     | datapath/g19680                 | A v -> ZN ^  | INV_X2    | 0.098 |   2.505 |    2.696 | 
     | g1513                           | A1 ^ -> ZN ^ | AND2_X2   | 0.151 |   2.656 |    2.846 | 
     | datapath/g37521                 | A1 ^ -> ZN v | NOR2_X1   | 0.013 |   2.669 |    2.860 | 
     | datapath/IFID_instr_reg[9]      | D v          | DFFR_X1   | 0.000 |   2.669 |    2.860 | 
     +-----------------------------------------------------------------------------------------+ 
Path 37: MET Setup Check with Pin datapath/IFID_instr_reg[20]/CK 
Endpoint:   datapath/IFID_instr_reg[20]/D     (v) checked with  leading edge of 
'clk'
Beginpoint: datapath/registers_RF_reg[1][1]/Q (v) triggered by trailing edge of 
'clk'
Path Groups: {reg2reg}
Analysis View: WC_VIEW
Other End Arrival Time         -0.009
- Setup                         0.031
+ Phase Shift                   3.000
+ CPPR Adjustment               0.000
- Uncertainty                   0.100
= Required Time                 2.860
- Arrival Time                  2.670
= Slack Time                    0.191
     Clock Fall Edge                 1.500
     + Clock Network Latency (Prop)  0.008
     = Beginpoint Arrival Time       1.508
     +-----------------------------------------------------------------------------------------+ 
     |            Instance             |     Arc      |   Cell    | Delay | Arrival | Required | 
     |                                 |              |           |       |  Time   |   Time   | 
     |---------------------------------+--------------+-----------+-------+---------+----------| 
     | datapath/registers_RF_reg[1][1] | CK ^         |           |       |   1.508 |    1.699 | 
     | datapath/registers_RF_reg[1][1] | CK ^ -> Q v  | SDFF_X1   | 0.085 |   1.593 |    1.784 | 
     | datapath/g3584__1666            | C2 v -> ZN ^ | AOI222_X1 | 0.106 |   1.699 |    1.890 | 
     | datapath/g3440__9315            | A1 ^ -> ZN v | NAND3_X1  | 0.030 |   1.729 |    1.920 | 
     | datapath/g38629                 | A4 v -> ZN ^ | NOR4_X1   | 0.107 |   1.836 |    2.027 | 
     | datapath/FE_OFC44_n_2507        | A ^ -> Z ^   | CLKBUF_X1 | 0.063 |   1.899 |    2.090 | 
     | datapath/g28218                 | B2 ^ -> ZN v | AOI21_X1  | 0.028 |   1.927 |    2.118 | 
     | datapath/LT_TC_OP_g2521         | A v -> ZN ^  | INV_X1    | 0.030 |   1.957 |    2.148 | 
     | datapath/LT_TC_OP_g2461         | C2 ^ -> ZN v | OAI211_X1 | 0.025 |   1.982 |    2.173 | 
     | datapath/LT_TC_OP_g2428         | A2 v -> ZN ^ | AOI222_X1 | 0.090 |   2.073 |    2.263 | 
     | datapath/LT_TC_OP_g2423         | B2 ^ -> ZN v | OAI221_X1 | 0.041 |   2.114 |    2.305 | 
     | datapath/LT_TC_OP_g2420         | C1 v -> ZN ^ | AOI221_X1 | 0.123 |   2.236 |    2.427 | 
     | datapath/LT_TC_OP_g2419         | A1 ^ -> ZN v | OAI222_X1 | 0.047 |   2.284 |    2.475 | 
     | datapath/LT_TC_OP_g2418         | A1 v -> ZN ^ | NAND4_X1  | 0.030 |   2.314 |    2.505 | 
     | datapath/LT_TC_OP_g2417         | C1 ^ -> ZN v | AOI211_X1 | 0.018 |   2.332 |    2.523 | 
     | datapath/LT_TC_OP_g2416         | A1 v -> ZN ^ | NOR2_X1   | 0.048 |   2.380 |    2.571 | 
     | datapath/g19681                 | B1 ^ -> ZN v | AOI21_X1  | 0.027 |   2.407 |    2.598 | 
     | datapath/g19680                 | A v -> ZN ^  | INV_X2    | 0.098 |   2.505 |    2.696 | 
     | g1513                           | A1 ^ -> ZN ^ | AND2_X2   | 0.151 |   2.656 |    2.846 | 
     | datapath/g37536                 | A1 ^ -> ZN v | NOR2_X1   | 0.014 |   2.670 |    2.860 | 
     | datapath/IFID_instr_reg[20]     | D v          | DFFR_X1   | 0.000 |   2.670 |    2.860 | 
     +-----------------------------------------------------------------------------------------+ 
Path 38: MET Setup Check with Pin datapath/IFID_instr_reg[15]/CK 
Endpoint:   datapath/IFID_instr_reg[15]/D     (v) checked with  leading edge of 
'clk'
Beginpoint: datapath/registers_RF_reg[1][1]/Q (v) triggered by trailing edge of 
'clk'
Path Groups: {reg2reg}
Analysis View: WC_VIEW
Other End Arrival Time         -0.009
- Setup                         0.031
+ Phase Shift                   3.000
+ CPPR Adjustment               0.000
- Uncertainty                   0.100
= Required Time                 2.860
- Arrival Time                  2.669
= Slack Time                    0.191
     Clock Fall Edge                 1.500
     + Clock Network Latency (Prop)  0.008
     = Beginpoint Arrival Time       1.508
     +-----------------------------------------------------------------------------------------+ 
     |            Instance             |     Arc      |   Cell    | Delay | Arrival | Required | 
     |                                 |              |           |       |  Time   |   Time   | 
     |---------------------------------+--------------+-----------+-------+---------+----------| 
     | datapath/registers_RF_reg[1][1] | CK ^         |           |       |   1.508 |    1.699 | 
     | datapath/registers_RF_reg[1][1] | CK ^ -> Q v  | SDFF_X1   | 0.085 |   1.593 |    1.785 | 
     | datapath/g3584__1666            | C2 v -> ZN ^ | AOI222_X1 | 0.106 |   1.699 |    1.890 | 
     | datapath/g3440__9315            | A1 ^ -> ZN v | NAND3_X1  | 0.030 |   1.729 |    1.920 | 
     | datapath/g38629                 | A4 v -> ZN ^ | NOR4_X1   | 0.107 |   1.836 |    2.028 | 
     | datapath/FE_OFC44_n_2507        | A ^ -> Z ^   | CLKBUF_X1 | 0.063 |   1.899 |    2.090 | 
     | datapath/g28218                 | B2 ^ -> ZN v | AOI21_X1  | 0.028 |   1.927 |    2.118 | 
     | datapath/LT_TC_OP_g2521         | A v -> ZN ^  | INV_X1    | 0.030 |   1.957 |    2.148 | 
     | datapath/LT_TC_OP_g2461         | C2 ^ -> ZN v | OAI211_X1 | 0.025 |   1.982 |    2.173 | 
     | datapath/LT_TC_OP_g2428         | A2 v -> ZN ^ | AOI222_X1 | 0.090 |   2.073 |    2.264 | 
     | datapath/LT_TC_OP_g2423         | B2 ^ -> ZN v | OAI221_X1 | 0.041 |   2.114 |    2.305 | 
     | datapath/LT_TC_OP_g2420         | C1 v -> ZN ^ | AOI221_X1 | 0.123 |   2.236 |    2.428 | 
     | datapath/LT_TC_OP_g2419         | A1 ^ -> ZN v | OAI222_X1 | 0.047 |   2.284 |    2.475 | 
     | datapath/LT_TC_OP_g2418         | A1 v -> ZN ^ | NAND4_X1  | 0.030 |   2.314 |    2.505 | 
     | datapath/LT_TC_OP_g2417         | C1 ^ -> ZN v | AOI211_X1 | 0.018 |   2.332 |    2.523 | 
     | datapath/LT_TC_OP_g2416         | A1 v -> ZN ^ | NOR2_X1   | 0.048 |   2.380 |    2.571 | 
     | datapath/g19681                 | B1 ^ -> ZN v | AOI21_X1  | 0.027 |   2.407 |    2.598 | 
     | datapath/g19680                 | A v -> ZN ^  | INV_X2    | 0.098 |   2.505 |    2.696 | 
     | g1513                           | A1 ^ -> ZN ^ | AND2_X2   | 0.151 |   2.656 |    2.847 | 
     | datapath/g37523                 | A1 ^ -> ZN v | NOR2_X1   | 0.014 |   2.669 |    2.860 | 
     | datapath/IFID_instr_reg[15]     | D v          | DFFR_X1   | 0.000 |   2.669 |    2.860 | 
     +-----------------------------------------------------------------------------------------+ 
Path 39: MET Setup Check with Pin datapath/IFID_pc_reg[15]/CK 
Endpoint:   datapath/IFID_pc_reg[15]/D        (v) checked with  leading edge of 
'clk'
Beginpoint: datapath/registers_RF_reg[1][1]/Q (v) triggered by trailing edge of 
'clk'
Path Groups: {reg2reg}
Analysis View: WC_VIEW
Other End Arrival Time         -0.009
- Setup                         0.031
+ Phase Shift                   3.000
+ CPPR Adjustment               0.000
- Uncertainty                   0.100
= Required Time                 2.860
- Arrival Time                  2.669
= Slack Time                    0.191
     Clock Fall Edge                 1.500
     + Clock Network Latency (Prop)  0.008
     = Beginpoint Arrival Time       1.508
     +-----------------------------------------------------------------------------------------+ 
     |            Instance             |     Arc      |   Cell    | Delay | Arrival | Required | 
     |                                 |              |           |       |  Time   |   Time   | 
     |---------------------------------+--------------+-----------+-------+---------+----------| 
     | datapath/registers_RF_reg[1][1] | CK ^         |           |       |   1.508 |    1.699 | 
     | datapath/registers_RF_reg[1][1] | CK ^ -> Q v  | SDFF_X1   | 0.085 |   1.593 |    1.785 | 
     | datapath/g3584__1666            | C2 v -> ZN ^ | AOI222_X1 | 0.106 |   1.699 |    1.890 | 
     | datapath/g3440__9315            | A1 ^ -> ZN v | NAND3_X1  | 0.030 |   1.729 |    1.920 | 
     | datapath/g38629                 | A4 v -> ZN ^ | NOR4_X1   | 0.107 |   1.836 |    2.028 | 
     | datapath/FE_OFC44_n_2507        | A ^ -> Z ^   | CLKBUF_X1 | 0.063 |   1.899 |    2.090 | 
     | datapath/g28218                 | B2 ^ -> ZN v | AOI21_X1  | 0.028 |   1.927 |    2.118 | 
     | datapath/LT_TC_OP_g2521         | A v -> ZN ^  | INV_X1    | 0.030 |   1.957 |    2.149 | 
     | datapath/LT_TC_OP_g2461         | C2 ^ -> ZN v | OAI211_X1 | 0.025 |   1.982 |    2.173 | 
     | datapath/LT_TC_OP_g2428         | A2 v -> ZN ^ | AOI222_X1 | 0.090 |   2.073 |    2.264 | 
     | datapath/LT_TC_OP_g2423         | B2 ^ -> ZN v | OAI221_X1 | 0.041 |   2.114 |    2.305 | 
     | datapath/LT_TC_OP_g2420         | C1 v -> ZN ^ | AOI221_X1 | 0.123 |   2.236 |    2.428 | 
     | datapath/LT_TC_OP_g2419         | A1 ^ -> ZN v | OAI222_X1 | 0.047 |   2.284 |    2.475 | 
     | datapath/LT_TC_OP_g2418         | A1 v -> ZN ^ | NAND4_X1  | 0.030 |   2.314 |    2.506 | 
     | datapath/LT_TC_OP_g2417         | C1 ^ -> ZN v | AOI211_X1 | 0.018 |   2.332 |    2.523 | 
     | datapath/LT_TC_OP_g2416         | A1 v -> ZN ^ | NOR2_X1   | 0.048 |   2.380 |    2.571 | 
     | datapath/g19681                 | B1 ^ -> ZN v | AOI21_X1  | 0.027 |   2.407 |    2.598 | 
     | datapath/g19680                 | A v -> ZN ^  | INV_X2    | 0.098 |   2.505 |    2.696 | 
     | g1513                           | A1 ^ -> ZN ^ | AND2_X2   | 0.151 |   2.656 |    2.847 | 
     | datapath/g37592                 | A1 ^ -> ZN v | NOR2_X1   | 0.013 |   2.669 |    2.860 | 
     | datapath/IFID_pc_reg[15]        | D v          | DFFR_X1   | 0.000 |   2.669 |    2.860 | 
     +-----------------------------------------------------------------------------------------+ 
Path 40: MET Setup Check with Pin datapath/IFID_pc_reg[16]/CK 
Endpoint:   datapath/IFID_pc_reg[16]/D        (v) checked with  leading edge of 
'clk'
Beginpoint: datapath/registers_RF_reg[1][1]/Q (v) triggered by trailing edge of 
'clk'
Path Groups: {reg2reg}
Analysis View: WC_VIEW
Other End Arrival Time         -0.008
- Setup                         0.031
+ Phase Shift                   3.000
+ CPPR Adjustment               0.000
- Uncertainty                   0.100
= Required Time                 2.861
- Arrival Time                  2.669
= Slack Time                    0.191
     Clock Fall Edge                 1.500
     + Clock Network Latency (Prop)  0.008
     = Beginpoint Arrival Time       1.508
     +-----------------------------------------------------------------------------------------+ 
     |            Instance             |     Arc      |   Cell    | Delay | Arrival | Required | 
     |                                 |              |           |       |  Time   |   Time   | 
     |---------------------------------+--------------+-----------+-------+---------+----------| 
     | datapath/registers_RF_reg[1][1] | CK ^         |           |       |   1.508 |    1.700 | 
     | datapath/registers_RF_reg[1][1] | CK ^ -> Q v  | SDFF_X1   | 0.085 |   1.593 |    1.785 | 
     | datapath/g3584__1666            | C2 v -> ZN ^ | AOI222_X1 | 0.106 |   1.699 |    1.890 | 
     | datapath/g3440__9315            | A1 ^ -> ZN v | NAND3_X1  | 0.030 |   1.729 |    1.921 | 
     | datapath/g38629                 | A4 v -> ZN ^ | NOR4_X1   | 0.107 |   1.836 |    2.028 | 
     | datapath/FE_OFC44_n_2507        | A ^ -> Z ^   | CLKBUF_X1 | 0.063 |   1.899 |    2.091 | 
     | datapath/g28218                 | B2 ^ -> ZN v | AOI21_X1  | 0.028 |   1.927 |    2.119 | 
     | datapath/LT_TC_OP_g2521         | A v -> ZN ^  | INV_X1    | 0.030 |   1.957 |    2.149 | 
     | datapath/LT_TC_OP_g2461         | C2 ^ -> ZN v | OAI211_X1 | 0.025 |   1.982 |    2.174 | 
     | datapath/LT_TC_OP_g2428         | A2 v -> ZN ^ | AOI222_X1 | 0.090 |   2.073 |    2.264 | 
     | datapath/LT_TC_OP_g2423         | B2 ^ -> ZN v | OAI221_X1 | 0.041 |   2.114 |    2.305 | 
     | datapath/LT_TC_OP_g2420         | C1 v -> ZN ^ | AOI221_X1 | 0.123 |   2.236 |    2.428 | 
     | datapath/LT_TC_OP_g2419         | A1 ^ -> ZN v | OAI222_X1 | 0.047 |   2.284 |    2.475 | 
     | datapath/LT_TC_OP_g2418         | A1 v -> ZN ^ | NAND4_X1  | 0.030 |   2.314 |    2.506 | 
     | datapath/LT_TC_OP_g2417         | C1 ^ -> ZN v | AOI211_X1 | 0.018 |   2.332 |    2.523 | 
     | datapath/LT_TC_OP_g2416         | A1 v -> ZN ^ | NOR2_X1   | 0.048 |   2.380 |    2.571 | 
     | datapath/g19681                 | B1 ^ -> ZN v | AOI21_X1  | 0.027 |   2.407 |    2.598 | 
     | datapath/g19680                 | A v -> ZN ^  | INV_X2    | 0.098 |   2.505 |    2.696 | 
     | g1513                           | A1 ^ -> ZN ^ | AND2_X2   | 0.151 |   2.656 |    2.847 | 
     | datapath/g37595                 | A1 ^ -> ZN v | NOR2_X1   | 0.014 |   2.669 |    2.861 | 
     | datapath/IFID_pc_reg[16]        | D v          | DFFR_X1   | 0.000 |   2.669 |    2.861 | 
     +-----------------------------------------------------------------------------------------+ 
Path 41: MET Setup Check with Pin datapath/IFID_instr_reg[13]/CK 
Endpoint:   datapath/IFID_instr_reg[13]/D     (v) checked with  leading edge of 
'clk'
Beginpoint: datapath/registers_RF_reg[1][1]/Q (v) triggered by trailing edge of 
'clk'
Path Groups: {reg2reg}
Analysis View: WC_VIEW
Other End Arrival Time         -0.009
- Setup                         0.031
+ Phase Shift                   3.000
+ CPPR Adjustment               0.000
- Uncertainty                   0.100
= Required Time                 2.860
- Arrival Time                  2.669
= Slack Time                    0.192
     Clock Fall Edge                 1.500
     + Clock Network Latency (Prop)  0.008
     = Beginpoint Arrival Time       1.508
     +-----------------------------------------------------------------------------------------+ 
     |            Instance             |     Arc      |   Cell    | Delay | Arrival | Required | 
     |                                 |              |           |       |  Time   |   Time   | 
     |---------------------------------+--------------+-----------+-------+---------+----------| 
     | datapath/registers_RF_reg[1][1] | CK ^         |           |       |   1.508 |    1.700 | 
     | datapath/registers_RF_reg[1][1] | CK ^ -> Q v  | SDFF_X1   | 0.085 |   1.593 |    1.785 | 
     | datapath/g3584__1666            | C2 v -> ZN ^ | AOI222_X1 | 0.106 |   1.699 |    1.891 | 
     | datapath/g3440__9315            | A1 ^ -> ZN v | NAND3_X1  | 0.030 |   1.729 |    1.921 | 
     | datapath/g38629                 | A4 v -> ZN ^ | NOR4_X1   | 0.107 |   1.836 |    2.028 | 
     | datapath/FE_OFC44_n_2507        | A ^ -> Z ^   | CLKBUF_X1 | 0.063 |   1.899 |    2.091 | 
     | datapath/g28218                 | B2 ^ -> ZN v | AOI21_X1  | 0.028 |   1.927 |    2.119 | 
     | datapath/LT_TC_OP_g2521         | A v -> ZN ^  | INV_X1    | 0.030 |   1.957 |    2.149 | 
     | datapath/LT_TC_OP_g2461         | C2 ^ -> ZN v | OAI211_X1 | 0.025 |   1.982 |    2.174 | 
     | datapath/LT_TC_OP_g2428         | A2 v -> ZN ^ | AOI222_X1 | 0.090 |   2.073 |    2.264 | 
     | datapath/LT_TC_OP_g2423         | B2 ^ -> ZN v | OAI221_X1 | 0.041 |   2.114 |    2.305 | 
     | datapath/LT_TC_OP_g2420         | C1 v -> ZN ^ | AOI221_X1 | 0.123 |   2.236 |    2.428 | 
     | datapath/LT_TC_OP_g2419         | A1 ^ -> ZN v | OAI222_X1 | 0.047 |   2.284 |    2.476 | 
     | datapath/LT_TC_OP_g2418         | A1 v -> ZN ^ | NAND4_X1  | 0.030 |   2.314 |    2.506 | 
     | datapath/LT_TC_OP_g2417         | C1 ^ -> ZN v | AOI211_X1 | 0.018 |   2.332 |    2.524 | 
     | datapath/LT_TC_OP_g2416         | A1 v -> ZN ^ | NOR2_X1   | 0.048 |   2.380 |    2.572 | 
     | datapath/g19681                 | B1 ^ -> ZN v | AOI21_X1  | 0.027 |   2.407 |    2.598 | 
     | datapath/g19680                 | A v -> ZN ^  | INV_X2    | 0.098 |   2.505 |    2.696 | 
     | g1513                           | A1 ^ -> ZN ^ | AND2_X2   | 0.151 |   2.656 |    2.847 | 
     | datapath/g37522                 | A1 ^ -> ZN v | NOR2_X1   | 0.013 |   2.669 |    2.860 | 
     | datapath/IFID_instr_reg[13]     | D v          | DFFR_X1   | 0.000 |   2.669 |    2.860 | 
     +-----------------------------------------------------------------------------------------+ 
Path 42: MET Setup Check with Pin datapath/EXMEM_aluResult_reg[30]/CK 
Endpoint:   datapath/EXMEM_aluResult_reg[30]/D (^) checked with  leading edge 
of 'clk'
Beginpoint: datapath/MEMWB_rd_reg[3]/Q         (^) triggered by  leading edge 
of 'clk'
Path Groups: {reg2reg}
Analysis View: WC_VIEW
Other End Arrival Time         -0.008
- Setup                         0.037
+ Phase Shift                   3.000
+ CPPR Adjustment               0.000
- Uncertainty                   0.100
= Required Time                 2.855
- Arrival Time                  2.664
= Slack Time                    0.192
     Clock Rise Edge                 0.000
     + Clock Network Latency (Prop)  -0.009
     = Beginpoint Arrival Time       -0.009
     +------------------------------------------------------------------------------------------------------------+ 
     |                      Instance                      |     Arc      |   Cell    | Delay | Arrival | Required | 
     |                                                    |              |           |       |  Time   |   Time   | 
     |----------------------------------------------------+--------------+-----------+-------+---------+----------| 
     | datapath/MEMWB_rd_reg[3]                           | CK ^         |           |       |  -0.009 |    0.183 | 
     | datapath/MEMWB_rd_reg[3]                           | CK ^ -> Q ^  | DFFR_X1   | 0.157 |   0.148 |    0.340 | 
     | ALU_forward/g1340__6783                            | A1 ^ -> ZN ^ | OR2_X1    | 0.031 |   0.179 |    0.370 | 
     | ALU_forward/g1318__8246                            | A1 ^ -> ZN ^ | OR4_X1    | 0.022 |   0.201 |    0.393 | 
     | ALU_forward/g1314__1617                            | A1 ^ -> ZN ^ | AND2_X1   | 0.035 |   0.236 |    0.428 | 
     | ALU_forward/g1310__8428                            | A3 ^ -> ZN ^ | AND3_X1   | 0.045 |   0.281 |    0.473 | 
     | ALU_forward/g1308__6260                            | A1 ^ -> ZN v | NAND4_X1  | 0.026 |   0.307 |    0.499 | 
     | ALU_forward/g1306__2398                            | A2 v -> ZN ^ | NOR2_X1   | 0.064 |   0.372 |    0.564 | 
     | datapath/g28854                                    | A1 ^ -> ZN ^ | AND2_X1   | 0.146 |   0.518 |    0.709 | 
     | datapath/g28154                                    | A ^ -> ZN v  | AOI211_X1 | 0.041 |   0.559 |    0.751 | 
     | datapath/ALU_ALU_GEN[0].slice_i_bitAdder/g2        | CI v -> CO v | FA_X1     | 0.085 |   0.644 |    0.836 | 
     | datapath/ALU_ALU_GEN[1].slice_i_bitAdder/g2        | A v -> ZN ^  | OAI21_X1  | 0.025 |   0.669 |    0.860 | 
     | datapath/ALU_ALU_GEN[1].slice_i_bitAdder/g77__2883 | A1 ^ -> ZN v | NAND2_X1  | 0.025 |   0.693 |    0.885 | 
     | datapath/ALU_ALU_GEN[2].slice_i_bitAdder/g2        | A v -> CO v  | FA_X1     | 0.085 |   0.778 |    0.970 | 
     | datapath/ALU_ALU_GEN[3].slice_i_bitAdder/g2        | A v -> ZN ^  | OAI21_X1  | 0.026 |   0.805 |    0.997 | 
     | datapath/ALU_ALU_GEN[3].slice_i_bitAdder/g77__2802 | A1 ^ -> ZN v | NAND2_X1  | 0.023 |   0.828 |    1.020 | 
     | datapath/ALU_ALU_GEN[4].slice_i_bitAdder/g79__6161 | A v -> ZN ^  | OAI21_X1  | 0.023 |   0.851 |    1.043 | 
     | datapath/ALU_ALU_GEN[4].slice_i_bitAdder/g77__7482 | A1 ^ -> ZN v | NAND2_X1  | 0.023 |   0.874 |    1.065 | 
     | datapath/ALU_ALU_GEN[5].slice_i_bitAdder/g2        | A v -> ZN ^  | OAI21_X1  | 0.023 |   0.896 |    1.088 | 
     | datapath/ALU_ALU_GEN[5].slice_i_bitAdder/g77__1666 | A1 ^ -> ZN v | NAND2_X1  | 0.024 |   0.920 |    1.112 | 
     | datapath/ALU_ALU_GEN[6].slice_i_bitAdder/g79__6783 | A v -> ZN ^  | OAI21_X1  | 0.022 |   0.942 |    1.134 | 
     | datapath/ALU_ALU_GEN[6].slice_i_bitAdder/g77__8428 | A1 ^ -> ZN v | NAND2_X1  | 0.023 |   0.965 |    1.157 | 
     | datapath/ALU_ALU_GEN[7].slice_i_bitAdder/g2        | A v -> ZN ^  | OAI21_X1  | 0.022 |   0.987 |    1.179 | 
     | datapath/ALU_ALU_GEN[7].slice_i_bitAdder/g77__5122 | A1 ^ -> ZN v | NAND2_X1  | 0.023 |   1.010 |    1.202 | 
     | datapath/ALU_ALU_GEN[8].slice_i_bitAdder/g2        | A v -> CO v  | FA_X1     | 0.081 |   1.091 |    1.283 | 
     | datapath/ALU_ALU_GEN[9].slice_i_bitAdder/g2        | A v -> ZN ^  | OAI21_X1  | 0.024 |   1.115 |    1.307 | 
     | datapath/ALU_ALU_GEN[9].slice_i_bitAdder/g77__6417 | A1 ^ -> ZN v | NAND2_X1  | 0.024 |   1.139 |    1.331 | 
     | datapath/ALU_ALU_GEN[10].slice_i_bitAdder/g2       | A v -> ZN ^  | OAI21_X1  | 0.022 |   1.162 |    1.353 | 
     | datapath/ALU_ALU_GEN[10].slice_i_bitAdder/g77__678 | A1 ^ -> ZN v | NAND2_X1  | 0.028 |   1.189 |    1.381 | 
     | 3                                                  |              |           |       |         |          | 
     | datapath/ALU_ALU_GEN[11].slice_i_bitAdder/g79__511 | A v -> ZN ^  | OAI21_X1  | 0.024 |   1.213 |    1.405 | 
     | 5                                                  |              |           |       |         |          | 
     | datapath/ALU_ALU_GEN[11].slice_i_bitAdder/g77__613 | A1 ^ -> ZN v | NAND2_X1  | 0.026 |   1.239 |    1.430 | 
     | 1                                                  |              |           |       |         |          | 
     | datapath/ALU_ALU_GEN[12].slice_i_bitAdder/g2       | A v -> ZN ^  | OAI21_X1  | 0.023 |   1.262 |    1.454 | 
     | datapath/ALU_ALU_GEN[12].slice_i_bitAdder/g77__994 | A1 ^ -> ZN v | NAND2_X1  | 0.024 |   1.285 |    1.477 | 
     | 5                                                  |              |           |       |         |          | 
     | datapath/ALU_ALU_GEN[13].slice_i_bitAdder/g79__431 | A v -> ZN ^  | OAI21_X1  | 0.023 |   1.308 |    1.500 | 
     | 9                                                  |              |           |       |         |          | 
     | datapath/ALU_ALU_GEN[13].slice_i_bitAdder/g77__510 | A1 ^ -> ZN v | NAND2_X1  | 0.022 |   1.330 |    1.522 | 
     | 7                                                  |              |           |       |         |          | 
     | datapath/ALU_ALU_GEN[14].slice_i_bitAdder/g2       | A v -> CO v  | FA_X1     | 0.080 |   1.410 |    1.602 | 
     | datapath/ALU_ALU_GEN[15].slice_i_bitAdder/g79__748 | A v -> ZN ^  | OAI21_X1  | 0.024 |   1.434 |    1.626 | 
     | 2                                                  |              |           |       |         |          | 
     | datapath/ALU_ALU_GEN[15].slice_i_bitAdder/g77__188 | A1 ^ -> ZN v | NAND2_X1  | 0.019 |   1.454 |    1.646 | 
     | 1                                                  |              |           |       |         |          | 
     | datapath/ALU_ALU_GEN[16].slice_i_bitAdder/g77__288 | CI v -> CO v | FA_X1     | 0.071 |   1.524 |    1.716 | 
     | 3                                                  |              |           |       |         |          | 
     | datapath/ALU_ALU_GEN[17].slice_i_bitAdder/g77__641 | CI v -> CO v | FA_X1     | 0.073 |   1.597 |    1.789 | 
     | 7                                                  |              |           |       |         |          | 
     | datapath/ALU_ALU_GEN[18].slice_i_bitAdder/g77__626 | CI v -> CO v | FA_X1     | 0.074 |   1.671 |    1.862 | 
     | 0                                                  |              |           |       |         |          | 
     | datapath/ALU_ALU_GEN[19].slice_i_bitAdder/g77__678 | CI v -> CO v | FA_X1     | 0.074 |   1.745 |    1.936 | 
     | 3                                                  |              |           |       |         |          | 
     | datapath/ALU_ALU_GEN[20].slice_i_bitAdder/g77__170 | CI v -> CO v | FA_X1     | 0.074 |   1.819 |    2.011 | 
     | 5                                                  |              |           |       |         |          | 
     | datapath/ALU_ALU_GEN[21].slice_i_bitAdder/g77__613 | CI v -> CO v | FA_X1     | 0.074 |   1.893 |    2.085 | 
     | 1                                                  |              |           |       |         |          | 
     | datapath/ALU_ALU_GEN[22].slice_i_bitAdder/g77__473 | CI v -> CO v | FA_X1     | 0.073 |   1.966 |    2.157 | 
     | 3                                                  |              |           |       |         |          | 
     | datapath/ALU_ALU_GEN[23].slice_i_bitAdder/g77__288 | CI v -> CO v | FA_X1     | 0.077 |   2.043 |    2.235 | 
     | 3                                                  |              |           |       |         |          | 
     | datapath/ALU_ALU_GEN[24].slice_i_bitAdder/g77__641 | CI v -> CO v | FA_X1     | 0.074 |   2.117 |    2.309 | 
     | 7                                                  |              |           |       |         |          | 
     | datapath/ALU_ALU_GEN[25].slice_i_bitAdder/g77__626 | CI v -> CO v | FA_X1     | 0.073 |   2.190 |    2.382 | 
     | 0                                                  |              |           |       |         |          | 
     | datapath/ALU_ALU_GEN[26].slice_i_bitAdder/g77__678 | CI v -> CO v | FA_X1     | 0.072 |   2.262 |    2.454 | 
     | 3                                                  |              |           |       |         |          | 
     | datapath/ALU_ALU_GEN[27].slice_i_bitAdder/g77__170 | CI v -> CO v | FA_X1     | 0.074 |   2.336 |    2.528 | 
     | 5                                                  |              |           |       |         |          | 
     | datapath/ALU_ALU_GEN[28].slice_i_bitAdder/g77__613 | CI v -> CO v | FA_X1     | 0.075 |   2.412 |    2.603 | 
     | 1                                                  |              |           |       |         |          | 
     | datapath/ALU_ALU_GEN[29].slice_i_bitAdder/g77__473 | CI v -> CO v | FA_X1     | 0.073 |   2.485 |    2.677 | 
     | 3                                                  |              |           |       |         |          | 
     | datapath/ALU_ALU_GEN[30].slice_i_bitAdder/g77__288 | CI v -> S ^  | FA_X1     | 0.110 |   2.595 |    2.787 | 
     | 3                                                  |              |           |       |         |          | 
     | datapath/ALU_ALU_GEN[30].slice_i_resultMux/g137__1 | B ^ -> Z ^   | MUX2_X1   | 0.036 |   2.631 |    2.823 | 
     | 666                                                |              |           |       |         |          | 
     | datapath/ALU_ALU_GEN[30].slice_i_resultMux/g136    | A ^ -> ZN v  | INV_X1    | 0.008 |   2.639 |    2.831 | 
     | datapath/ALU_ALU_GEN[30].slice_i_resultMux/g135__2 | A1 v -> ZN ^ | OAI22_X1  | 0.024 |   2.664 |    2.855 | 
     | 346                                                |              |           |       |         |          | 
     | datapath/EXMEM_aluResult_reg[30]                   | D ^          | DFFR_X1   | 0.000 |   2.664 |    2.855 | 
     +------------------------------------------------------------------------------------------------------------+ 
Path 43: MET Setup Check with Pin datapath/IFID_instr_reg[7]/CK 
Endpoint:   datapath/IFID_instr_reg[7]/D      (v) checked with  leading edge of 
'clk'
Beginpoint: datapath/registers_RF_reg[1][1]/Q (v) triggered by trailing edge of 
'clk'
Path Groups: {reg2reg}
Analysis View: WC_VIEW
Other End Arrival Time         -0.009
- Setup                         0.031
+ Phase Shift                   3.000
+ CPPR Adjustment               0.000
- Uncertainty                   0.100
= Required Time                 2.860
- Arrival Time                  2.669
= Slack Time                    0.192
     Clock Fall Edge                 1.500
     + Clock Network Latency (Prop)  0.008
     = Beginpoint Arrival Time       1.508
     +-----------------------------------------------------------------------------------------+ 
     |            Instance             |     Arc      |   Cell    | Delay | Arrival | Required | 
     |                                 |              |           |       |  Time   |   Time   | 
     |---------------------------------+--------------+-----------+-------+---------+----------| 
     | datapath/registers_RF_reg[1][1] | CK ^         |           |       |   1.508 |    1.700 | 
     | datapath/registers_RF_reg[1][1] | CK ^ -> Q v  | SDFF_X1   | 0.085 |   1.593 |    1.785 | 
     | datapath/g3584__1666            | C2 v -> ZN ^ | AOI222_X1 | 0.106 |   1.699 |    1.891 | 
     | datapath/g3440__9315            | A1 ^ -> ZN v | NAND3_X1  | 0.030 |   1.729 |    1.921 | 
     | datapath/g38629                 | A4 v -> ZN ^ | NOR4_X1   | 0.107 |   1.836 |    2.028 | 
     | datapath/FE_OFC44_n_2507        | A ^ -> Z ^   | CLKBUF_X1 | 0.063 |   1.899 |    2.091 | 
     | datapath/g28218                 | B2 ^ -> ZN v | AOI21_X1  | 0.028 |   1.927 |    2.119 | 
     | datapath/LT_TC_OP_g2521         | A v -> ZN ^  | INV_X1    | 0.030 |   1.957 |    2.149 | 
     | datapath/LT_TC_OP_g2461         | C2 ^ -> ZN v | OAI211_X1 | 0.025 |   1.982 |    2.174 | 
     | datapath/LT_TC_OP_g2428         | A2 v -> ZN ^ | AOI222_X1 | 0.090 |   2.073 |    2.264 | 
     | datapath/LT_TC_OP_g2423         | B2 ^ -> ZN v | OAI221_X1 | 0.041 |   2.114 |    2.306 | 
     | datapath/LT_TC_OP_g2420         | C1 v -> ZN ^ | AOI221_X1 | 0.123 |   2.236 |    2.428 | 
     | datapath/LT_TC_OP_g2419         | A1 ^ -> ZN v | OAI222_X1 | 0.047 |   2.284 |    2.476 | 
     | datapath/LT_TC_OP_g2418         | A1 v -> ZN ^ | NAND4_X1  | 0.030 |   2.314 |    2.506 | 
     | datapath/LT_TC_OP_g2417         | C1 ^ -> ZN v | AOI211_X1 | 0.018 |   2.332 |    2.524 | 
     | datapath/LT_TC_OP_g2416         | A1 v -> ZN ^ | NOR2_X1   | 0.048 |   2.380 |    2.572 | 
     | datapath/g19681                 | B1 ^ -> ZN v | AOI21_X1  | 0.027 |   2.407 |    2.599 | 
     | datapath/g19680                 | A v -> ZN ^  | INV_X2    | 0.098 |   2.505 |    2.697 | 
     | g1513                           | A1 ^ -> ZN ^ | AND2_X2   | 0.151 |   2.656 |    2.847 | 
     | datapath/g37527                 | A1 ^ -> ZN v | NOR2_X1   | 0.013 |   2.669 |    2.860 | 
     | datapath/IFID_instr_reg[7]      | D v          | DFFR_X1   | 0.000 |   2.669 |    2.860 | 
     +-----------------------------------------------------------------------------------------+ 
Path 44: MET Setup Check with Pin datapath/IFID_instr_reg[8]/CK 
Endpoint:   datapath/IFID_instr_reg[8]/D      (v) checked with  leading edge of 
'clk'
Beginpoint: datapath/registers_RF_reg[1][1]/Q (v) triggered by trailing edge of 
'clk'
Path Groups: {reg2reg}
Analysis View: WC_VIEW
Other End Arrival Time         -0.009
- Setup                         0.031
+ Phase Shift                   3.000
+ CPPR Adjustment               0.000
- Uncertainty                   0.100
= Required Time                 2.860
- Arrival Time                  2.668
= Slack Time                    0.192
     Clock Fall Edge                 1.500
     + Clock Network Latency (Prop)  0.008
     = Beginpoint Arrival Time       1.508
     +-----------------------------------------------------------------------------------------+ 
     |            Instance             |     Arc      |   Cell    | Delay | Arrival | Required | 
     |                                 |              |           |       |  Time   |   Time   | 
     |---------------------------------+--------------+-----------+-------+---------+----------| 
     | datapath/registers_RF_reg[1][1] | CK ^         |           |       |   1.508 |    1.700 | 
     | datapath/registers_RF_reg[1][1] | CK ^ -> Q v  | SDFF_X1   | 0.085 |   1.593 |    1.785 | 
     | datapath/g3584__1666            | C2 v -> ZN ^ | AOI222_X1 | 0.106 |   1.699 |    1.891 | 
     | datapath/g3440__9315            | A1 ^ -> ZN v | NAND3_X1  | 0.030 |   1.729 |    1.921 | 
     | datapath/g38629                 | A4 v -> ZN ^ | NOR4_X1   | 0.107 |   1.836 |    2.028 | 
     | datapath/FE_OFC44_n_2507        | A ^ -> Z ^   | CLKBUF_X1 | 0.063 |   1.899 |    2.091 | 
     | datapath/g28218                 | B2 ^ -> ZN v | AOI21_X1  | 0.028 |   1.927 |    2.119 | 
     | datapath/LT_TC_OP_g2521         | A v -> ZN ^  | INV_X1    | 0.030 |   1.957 |    2.149 | 
     | datapath/LT_TC_OP_g2461         | C2 ^ -> ZN v | OAI211_X1 | 0.025 |   1.982 |    2.174 | 
     | datapath/LT_TC_OP_g2428         | A2 v -> ZN ^ | AOI222_X1 | 0.090 |   2.073 |    2.264 | 
     | datapath/LT_TC_OP_g2423         | B2 ^ -> ZN v | OAI221_X1 | 0.041 |   2.114 |    2.306 | 
     | datapath/LT_TC_OP_g2420         | C1 v -> ZN ^ | AOI221_X1 | 0.123 |   2.236 |    2.428 | 
     | datapath/LT_TC_OP_g2419         | A1 ^ -> ZN v | OAI222_X1 | 0.047 |   2.284 |    2.476 | 
     | datapath/LT_TC_OP_g2418         | A1 v -> ZN ^ | NAND4_X1  | 0.030 |   2.314 |    2.506 | 
     | datapath/LT_TC_OP_g2417         | C1 ^ -> ZN v | AOI211_X1 | 0.018 |   2.332 |    2.524 | 
     | datapath/LT_TC_OP_g2416         | A1 v -> ZN ^ | NOR2_X1   | 0.048 |   2.380 |    2.572 | 
     | datapath/g19681                 | B1 ^ -> ZN v | AOI21_X1  | 0.027 |   2.407 |    2.599 | 
     | datapath/g19680                 | A v -> ZN ^  | INV_X2    | 0.098 |   2.505 |    2.697 | 
     | g1513                           | A1 ^ -> ZN ^ | AND2_X2   | 0.151 |   2.656 |    2.848 | 
     | datapath/g37526                 | A1 ^ -> ZN v | NOR2_X1   | 0.013 |   2.668 |    2.860 | 
     | datapath/IFID_instr_reg[8]      | D v          | DFFR_X1   | 0.000 |   2.668 |    2.860 | 
     +-----------------------------------------------------------------------------------------+ 
Path 45: MET Setup Check with Pin datapath/IFID_instr_reg[11]/CK 
Endpoint:   datapath/IFID_instr_reg[11]/D     (v) checked with  leading edge of 
'clk'
Beginpoint: datapath/registers_RF_reg[1][1]/Q (v) triggered by trailing edge of 
'clk'
Path Groups: {reg2reg}
Analysis View: WC_VIEW
Other End Arrival Time         -0.009
- Setup                         0.031
+ Phase Shift                   3.000
+ CPPR Adjustment               0.000
- Uncertainty                   0.100
= Required Time                 2.860
- Arrival Time                  2.668
= Slack Time                    0.192
     Clock Fall Edge                 1.500
     + Clock Network Latency (Prop)  0.008
     = Beginpoint Arrival Time       1.508
     +-----------------------------------------------------------------------------------------+ 
     |            Instance             |     Arc      |   Cell    | Delay | Arrival | Required | 
     |                                 |              |           |       |  Time   |   Time   | 
     |---------------------------------+--------------+-----------+-------+---------+----------| 
     | datapath/registers_RF_reg[1][1] | CK ^         |           |       |   1.508 |    1.700 | 
     | datapath/registers_RF_reg[1][1] | CK ^ -> Q v  | SDFF_X1   | 0.085 |   1.593 |    1.786 | 
     | datapath/g3584__1666            | C2 v -> ZN ^ | AOI222_X1 | 0.106 |   1.699 |    1.891 | 
     | datapath/g3440__9315            | A1 ^ -> ZN v | NAND3_X1  | 0.030 |   1.729 |    1.921 | 
     | datapath/g38629                 | A4 v -> ZN ^ | NOR4_X1   | 0.107 |   1.836 |    2.029 | 
     | datapath/FE_OFC44_n_2507        | A ^ -> Z ^   | CLKBUF_X1 | 0.063 |   1.899 |    2.091 | 
     | datapath/g28218                 | B2 ^ -> ZN v | AOI21_X1  | 0.028 |   1.927 |    2.119 | 
     | datapath/LT_TC_OP_g2521         | A v -> ZN ^  | INV_X1    | 0.030 |   1.957 |    2.150 | 
     | datapath/LT_TC_OP_g2461         | C2 ^ -> ZN v | OAI211_X1 | 0.025 |   1.982 |    2.174 | 
     | datapath/LT_TC_OP_g2428         | A2 v -> ZN ^ | AOI222_X1 | 0.090 |   2.073 |    2.265 | 
     | datapath/LT_TC_OP_g2423         | B2 ^ -> ZN v | OAI221_X1 | 0.041 |   2.114 |    2.306 | 
     | datapath/LT_TC_OP_g2420         | C1 v -> ZN ^ | AOI221_X1 | 0.123 |   2.236 |    2.429 | 
     | datapath/LT_TC_OP_g2419         | A1 ^ -> ZN v | OAI222_X1 | 0.047 |   2.284 |    2.476 | 
     | datapath/LT_TC_OP_g2418         | A1 v -> ZN ^ | NAND4_X1  | 0.030 |   2.314 |    2.507 | 
     | datapath/LT_TC_OP_g2417         | C1 ^ -> ZN v | AOI211_X1 | 0.018 |   2.332 |    2.524 | 
     | datapath/LT_TC_OP_g2416         | A1 v -> ZN ^ | NOR2_X1   | 0.048 |   2.380 |    2.572 | 
     | datapath/g19681                 | B1 ^ -> ZN v | AOI21_X1  | 0.027 |   2.407 |    2.599 | 
     | datapath/g19680                 | A v -> ZN ^  | INV_X2    | 0.098 |   2.505 |    2.697 | 
     | g1513                           | A1 ^ -> ZN ^ | AND2_X2   | 0.151 |   2.656 |    2.848 | 
     | datapath/g37525                 | A1 ^ -> ZN v | NOR2_X1   | 0.012 |   2.668 |    2.860 | 
     | datapath/IFID_instr_reg[11]     | D v          | DFFR_X1   | 0.000 |   2.668 |    2.860 | 
     +-----------------------------------------------------------------------------------------+ 
Path 46: MET Setup Check with Pin datapath/IFID_instr_reg[0]/CK 
Endpoint:   datapath/IFID_instr_reg[0]/D      (v) checked with  leading edge of 
'clk'
Beginpoint: datapath/registers_RF_reg[1][1]/Q (v) triggered by trailing edge of 
'clk'
Path Groups: {reg2reg}
Analysis View: WC_VIEW
Other End Arrival Time         -0.009
- Setup                         0.031
+ Phase Shift                   3.000
+ CPPR Adjustment               0.000
- Uncertainty                   0.100
= Required Time                 2.860
- Arrival Time                  2.668
= Slack Time                    0.193
     Clock Fall Edge                 1.500
     + Clock Network Latency (Prop)  0.008
     = Beginpoint Arrival Time       1.508
     +-----------------------------------------------------------------------------------------+ 
     |            Instance             |     Arc      |   Cell    | Delay | Arrival | Required | 
     |                                 |              |           |       |  Time   |   Time   | 
     |---------------------------------+--------------+-----------+-------+---------+----------| 
     | datapath/registers_RF_reg[1][1] | CK ^         |           |       |   1.508 |    1.701 | 
     | datapath/registers_RF_reg[1][1] | CK ^ -> Q v  | SDFF_X1   | 0.085 |   1.593 |    1.786 | 
     | datapath/g3584__1666            | C2 v -> ZN ^ | AOI222_X1 | 0.106 |   1.699 |    1.892 | 
     | datapath/g3440__9315            | A1 ^ -> ZN v | NAND3_X1  | 0.030 |   1.729 |    1.922 | 
     | datapath/g38629                 | A4 v -> ZN ^ | NOR4_X1   | 0.107 |   1.836 |    2.029 | 
     | datapath/FE_OFC44_n_2507        | A ^ -> Z ^   | CLKBUF_X1 | 0.063 |   1.899 |    2.092 | 
     | datapath/g28218                 | B2 ^ -> ZN v | AOI21_X1  | 0.028 |   1.927 |    2.120 | 
     | datapath/LT_TC_OP_g2521         | A v -> ZN ^  | INV_X1    | 0.030 |   1.957 |    2.150 | 
     | datapath/LT_TC_OP_g2461         | C2 ^ -> ZN v | OAI211_X1 | 0.025 |   1.982 |    2.175 | 
     | datapath/LT_TC_OP_g2428         | A2 v -> ZN ^ | AOI222_X1 | 0.090 |   2.073 |    2.265 | 
     | datapath/LT_TC_OP_g2423         | B2 ^ -> ZN v | OAI221_X1 | 0.041 |   2.114 |    2.307 | 
     | datapath/LT_TC_OP_g2420         | C1 v -> ZN ^ | AOI221_X1 | 0.123 |   2.236 |    2.429 | 
     | datapath/LT_TC_OP_g2419         | A1 ^ -> ZN v | OAI222_X1 | 0.047 |   2.284 |    2.477 | 
     | datapath/LT_TC_OP_g2418         | A1 v -> ZN ^ | NAND4_X1  | 0.030 |   2.314 |    2.507 | 
     | datapath/LT_TC_OP_g2417         | C1 ^ -> ZN v | AOI211_X1 | 0.018 |   2.332 |    2.525 | 
     | datapath/LT_TC_OP_g2416         | A1 v -> ZN ^ | NOR2_X1   | 0.048 |   2.380 |    2.573 | 
     | datapath/g19681                 | B1 ^ -> ZN v | AOI21_X1  | 0.027 |   2.407 |    2.600 | 
     | datapath/g19680                 | A v -> ZN ^  | INV_X2    | 0.098 |   2.505 |    2.698 | 
     | g1513                           | A1 ^ -> ZN ^ | AND2_X2   | 0.151 |   2.656 |    2.848 | 
     | datapath/g37586                 | A1 ^ -> ZN v | NOR2_X1   | 0.012 |   2.668 |    2.860 | 
     | datapath/IFID_instr_reg[0]      | D v          | DFFR_X1   | 0.000 |   2.668 |    2.860 | 
     +-----------------------------------------------------------------------------------------+ 
Path 47: MET Setup Check with Pin datapath/IFID_pc_reg[14]/CK 
Endpoint:   datapath/IFID_pc_reg[14]/D        (v) checked with  leading edge of 
'clk'
Beginpoint: datapath/registers_RF_reg[1][1]/Q (v) triggered by trailing edge of 
'clk'
Path Groups: {reg2reg}
Analysis View: WC_VIEW
Other End Arrival Time         -0.008
- Setup                         0.031
+ Phase Shift                   3.000
+ CPPR Adjustment               0.000
- Uncertainty                   0.100
= Required Time                 2.861
- Arrival Time                  2.668
= Slack Time                    0.193
     Clock Fall Edge                 1.500
     + Clock Network Latency (Prop)  0.008
     = Beginpoint Arrival Time       1.508
     +-----------------------------------------------------------------------------------------+ 
     |            Instance             |     Arc      |   Cell    | Delay | Arrival | Required | 
     |                                 |              |           |       |  Time   |   Time   | 
     |---------------------------------+--------------+-----------+-------+---------+----------| 
     | datapath/registers_RF_reg[1][1] | CK ^         |           |       |   1.508 |    1.701 | 
     | datapath/registers_RF_reg[1][1] | CK ^ -> Q v  | SDFF_X1   | 0.085 |   1.593 |    1.786 | 
     | datapath/g3584__1666            | C2 v -> ZN ^ | AOI222_X1 | 0.106 |   1.699 |    1.892 | 
     | datapath/g3440__9315            | A1 ^ -> ZN v | NAND3_X1  | 0.030 |   1.729 |    1.922 | 
     | datapath/g38629                 | A4 v -> ZN ^ | NOR4_X1   | 0.107 |   1.836 |    2.029 | 
     | datapath/FE_OFC44_n_2507        | A ^ -> Z ^   | CLKBUF_X1 | 0.063 |   1.899 |    2.092 | 
     | datapath/g28218                 | B2 ^ -> ZN v | AOI21_X1  | 0.028 |   1.927 |    2.120 | 
     | datapath/LT_TC_OP_g2521         | A v -> ZN ^  | INV_X1    | 0.030 |   1.957 |    2.150 | 
     | datapath/LT_TC_OP_g2461         | C2 ^ -> ZN v | OAI211_X1 | 0.025 |   1.982 |    2.175 | 
     | datapath/LT_TC_OP_g2428         | A2 v -> ZN ^ | AOI222_X1 | 0.090 |   2.073 |    2.265 | 
     | datapath/LT_TC_OP_g2423         | B2 ^ -> ZN v | OAI221_X1 | 0.041 |   2.114 |    2.307 | 
     | datapath/LT_TC_OP_g2420         | C1 v -> ZN ^ | AOI221_X1 | 0.123 |   2.236 |    2.429 | 
     | datapath/LT_TC_OP_g2419         | A1 ^ -> ZN v | OAI222_X1 | 0.047 |   2.284 |    2.477 | 
     | datapath/LT_TC_OP_g2418         | A1 v -> ZN ^ | NAND4_X1  | 0.030 |   2.314 |    2.507 | 
     | datapath/LT_TC_OP_g2417         | C1 ^ -> ZN v | AOI211_X1 | 0.018 |   2.332 |    2.525 | 
     | datapath/LT_TC_OP_g2416         | A1 v -> ZN ^ | NOR2_X1   | 0.048 |   2.380 |    2.573 | 
     | datapath/g19681                 | B1 ^ -> ZN v | AOI21_X1  | 0.027 |   2.407 |    2.600 | 
     | datapath/g19680                 | A v -> ZN ^  | INV_X2    | 0.098 |   2.505 |    2.698 | 
     | g1513                           | A1 ^ -> ZN ^ | AND2_X2   | 0.151 |   2.656 |    2.849 | 
     | datapath/g37591                 | A1 ^ -> ZN v | NOR2_X1   | 0.012 |   2.668 |    2.861 | 
     | datapath/IFID_pc_reg[14]        | D v          | DFFR_X1   | 0.000 |   2.668 |    2.861 | 
     +-----------------------------------------------------------------------------------------+ 
Path 48: MET Setup Check with Pin datapath/IFID_pc_reg[18]/CK 
Endpoint:   datapath/IFID_pc_reg[18]/D        (v) checked with  leading edge of 
'clk'
Beginpoint: datapath/registers_RF_reg[1][1]/Q (v) triggered by trailing edge of 
'clk'
Path Groups: {reg2reg}
Analysis View: WC_VIEW
Other End Arrival Time         -0.009
- Setup                         0.031
+ Phase Shift                   3.000
+ CPPR Adjustment               0.000
- Uncertainty                   0.100
= Required Time                 2.861
- Arrival Time                  2.667
= Slack Time                    0.193
     Clock Fall Edge                 1.500
     + Clock Network Latency (Prop)  0.008
     = Beginpoint Arrival Time       1.508
     +-----------------------------------------------------------------------------------------+ 
     |            Instance             |     Arc      |   Cell    | Delay | Arrival | Required | 
     |                                 |              |           |       |  Time   |   Time   | 
     |---------------------------------+--------------+-----------+-------+---------+----------| 
     | datapath/registers_RF_reg[1][1] | CK ^         |           |       |   1.508 |    1.702 | 
     | datapath/registers_RF_reg[1][1] | CK ^ -> Q v  | SDFF_X1   | 0.085 |   1.593 |    1.787 | 
     | datapath/g3584__1666            | C2 v -> ZN ^ | AOI222_X1 | 0.106 |   1.699 |    1.892 | 
     | datapath/g3440__9315            | A1 ^ -> ZN v | NAND3_X1  | 0.030 |   1.729 |    1.923 | 
     | datapath/g38629                 | A4 v -> ZN ^ | NOR4_X1   | 0.107 |   1.836 |    2.030 | 
     | datapath/FE_OFC44_n_2507        | A ^ -> Z ^   | CLKBUF_X1 | 0.063 |   1.899 |    2.093 | 
     | datapath/g28218                 | B2 ^ -> ZN v | AOI21_X1  | 0.028 |   1.927 |    2.121 | 
     | datapath/LT_TC_OP_g2521         | A v -> ZN ^  | INV_X1    | 0.030 |   1.957 |    2.151 | 
     | datapath/LT_TC_OP_g2461         | C2 ^ -> ZN v | OAI211_X1 | 0.025 |   1.982 |    2.176 | 
     | datapath/LT_TC_OP_g2428         | A2 v -> ZN ^ | AOI222_X1 | 0.090 |   2.073 |    2.266 | 
     | datapath/LT_TC_OP_g2423         | B2 ^ -> ZN v | OAI221_X1 | 0.041 |   2.114 |    2.307 | 
     | datapath/LT_TC_OP_g2420         | C1 v -> ZN ^ | AOI221_X1 | 0.123 |   2.236 |    2.430 | 
     | datapath/LT_TC_OP_g2419         | A1 ^ -> ZN v | OAI222_X1 | 0.047 |   2.284 |    2.477 | 
     | datapath/LT_TC_OP_g2418         | A1 v -> ZN ^ | NAND4_X1  | 0.030 |   2.314 |    2.508 | 
     | datapath/LT_TC_OP_g2417         | C1 ^ -> ZN v | AOI211_X1 | 0.018 |   2.332 |    2.525 | 
     | datapath/LT_TC_OP_g2416         | A1 v -> ZN ^ | NOR2_X1   | 0.048 |   2.380 |    2.573 | 
     | datapath/g19681                 | B1 ^ -> ZN v | AOI21_X1  | 0.027 |   2.407 |    2.600 | 
     | datapath/g19680                 | A v -> ZN ^  | INV_X2    | 0.098 |   2.505 |    2.698 | 
     | g1513                           | A1 ^ -> ZN ^ | AND2_X2   | 0.151 |   2.656 |    2.849 | 
     | datapath/g37596                 | A1 ^ -> ZN v | NOR2_X1   | 0.012 |   2.667 |    2.861 | 
     | datapath/IFID_pc_reg[18]        | D v          | DFFR_X1   | 0.000 |   2.667 |    2.861 | 
     +-----------------------------------------------------------------------------------------+ 
Path 49: MET Setup Check with Pin datapath/IFID_instr_reg[4]/CK 
Endpoint:   datapath/IFID_instr_reg[4]/D      (v) checked with  leading edge of 
'clk'
Beginpoint: datapath/registers_RF_reg[1][1]/Q (v) triggered by trailing edge of 
'clk'
Path Groups: {reg2reg}
Analysis View: WC_VIEW
Other End Arrival Time         -0.009
- Setup                         0.031
+ Phase Shift                   3.000
+ CPPR Adjustment               0.000
- Uncertainty                   0.100
= Required Time                 2.861
- Arrival Time                  2.667
= Slack Time                    0.194
     Clock Fall Edge                 1.500
     + Clock Network Latency (Prop)  0.008
     = Beginpoint Arrival Time       1.508
     +-----------------------------------------------------------------------------------------+ 
     |            Instance             |     Arc      |   Cell    | Delay | Arrival | Required | 
     |                                 |              |           |       |  Time   |   Time   | 
     |---------------------------------+--------------+-----------+-------+---------+----------| 
     | datapath/registers_RF_reg[1][1] | CK ^         |           |       |   1.508 |    1.702 | 
     | datapath/registers_RF_reg[1][1] | CK ^ -> Q v  | SDFF_X1   | 0.085 |   1.593 |    1.787 | 
     | datapath/g3584__1666            | C2 v -> ZN ^ | AOI222_X1 | 0.106 |   1.699 |    1.893 | 
     | datapath/g3440__9315            | A1 ^ -> ZN v | NAND3_X1  | 0.030 |   1.729 |    1.923 | 
     | datapath/g38629                 | A4 v -> ZN ^ | NOR4_X1   | 0.107 |   1.836 |    2.030 | 
     | datapath/FE_OFC44_n_2507        | A ^ -> Z ^   | CLKBUF_X1 | 0.063 |   1.899 |    2.093 | 
     | datapath/g28218                 | B2 ^ -> ZN v | AOI21_X1  | 0.028 |   1.927 |    2.121 | 
     | datapath/LT_TC_OP_g2521         | A v -> ZN ^  | INV_X1    | 0.030 |   1.957 |    2.151 | 
     | datapath/LT_TC_OP_g2461         | C2 ^ -> ZN v | OAI211_X1 | 0.025 |   1.982 |    2.176 | 
     | datapath/LT_TC_OP_g2428         | A2 v -> ZN ^ | AOI222_X1 | 0.090 |   2.073 |    2.266 | 
     | datapath/LT_TC_OP_g2423         | B2 ^ -> ZN v | OAI221_X1 | 0.041 |   2.114 |    2.308 | 
     | datapath/LT_TC_OP_g2420         | C1 v -> ZN ^ | AOI221_X1 | 0.123 |   2.236 |    2.430 | 
     | datapath/LT_TC_OP_g2419         | A1 ^ -> ZN v | OAI222_X1 | 0.047 |   2.284 |    2.478 | 
     | datapath/LT_TC_OP_g2418         | A1 v -> ZN ^ | NAND4_X1  | 0.030 |   2.314 |    2.508 | 
     | datapath/LT_TC_OP_g2417         | C1 ^ -> ZN v | AOI211_X1 | 0.018 |   2.332 |    2.526 | 
     | datapath/LT_TC_OP_g2416         | A1 v -> ZN ^ | NOR2_X1   | 0.048 |   2.380 |    2.574 | 
     | datapath/g19681                 | B1 ^ -> ZN v | AOI21_X1  | 0.027 |   2.407 |    2.601 | 
     | datapath/g19680                 | A v -> ZN ^  | INV_X2    | 0.098 |   2.505 |    2.698 | 
     | g1513                           | A1 ^ -> ZN ^ | AND2_X2   | 0.151 |   2.656 |    2.849 | 
     | datapath/g37613                 | A1 ^ -> ZN v | NOR2_X1   | 0.011 |   2.667 |    2.861 | 
     | datapath/IFID_instr_reg[4]      | D v          | DFFR_X1   | 0.000 |   2.667 |    2.861 | 
     +-----------------------------------------------------------------------------------------+ 
Path 50: MET Setup Check with Pin datapath/IFID_pc_reg[2]/CK 
Endpoint:   datapath/IFID_pc_reg[2]/D         (v) checked with  leading edge of 
'clk'
Beginpoint: datapath/registers_RF_reg[1][1]/Q (v) triggered by trailing edge of 
'clk'
Path Groups: {reg2reg}
Analysis View: WC_VIEW
Other End Arrival Time         -0.013
- Setup                         0.031
+ Phase Shift                   3.000
+ CPPR Adjustment               0.000
- Uncertainty                   0.100
= Required Time                 2.856
- Arrival Time                  2.663
= Slack Time                    0.194
     Clock Fall Edge                 1.500
     + Clock Network Latency (Prop)  0.008
     = Beginpoint Arrival Time       1.508
     +-----------------------------------------------------------------------------------------+ 
     |            Instance             |     Arc      |   Cell    | Delay | Arrival | Required | 
     |                                 |              |           |       |  Time   |   Time   | 
     |---------------------------------+--------------+-----------+-------+---------+----------| 
     | datapath/registers_RF_reg[1][1] | CK ^         |           |       |   1.508 |    1.702 | 
     | datapath/registers_RF_reg[1][1] | CK ^ -> Q v  | SDFF_X1   | 0.085 |   1.593 |    1.787 | 
     | datapath/g3584__1666            | C2 v -> ZN ^ | AOI222_X1 | 0.106 |   1.699 |    1.893 | 
     | datapath/g3440__9315            | A1 ^ -> ZN v | NAND3_X1  | 0.030 |   1.729 |    1.923 | 
     | datapath/g38629                 | A4 v -> ZN ^ | NOR4_X1   | 0.107 |   1.836 |    2.030 | 
     | datapath/FE_OFC44_n_2507        | A ^ -> Z ^   | CLKBUF_X1 | 0.063 |   1.899 |    2.093 | 
     | datapath/g28218                 | B2 ^ -> ZN v | AOI21_X1  | 0.028 |   1.927 |    2.121 | 
     | datapath/LT_TC_OP_g2521         | A v -> ZN ^  | INV_X1    | 0.030 |   1.957 |    2.151 | 
     | datapath/LT_TC_OP_g2461         | C2 ^ -> ZN v | OAI211_X1 | 0.025 |   1.982 |    2.176 | 
     | datapath/LT_TC_OP_g2428         | A2 v -> ZN ^ | AOI222_X1 | 0.090 |   2.073 |    2.266 | 
     | datapath/LT_TC_OP_g2423         | B2 ^ -> ZN v | OAI221_X1 | 0.041 |   2.114 |    2.308 | 
     | datapath/LT_TC_OP_g2420         | C1 v -> ZN ^ | AOI221_X1 | 0.123 |   2.236 |    2.430 | 
     | datapath/LT_TC_OP_g2419         | A1 ^ -> ZN v | OAI222_X1 | 0.047 |   2.284 |    2.478 | 
     | datapath/LT_TC_OP_g2418         | A1 v -> ZN ^ | NAND4_X1  | 0.030 |   2.314 |    2.508 | 
     | datapath/LT_TC_OP_g2417         | C1 ^ -> ZN v | AOI211_X1 | 0.018 |   2.332 |    2.526 | 
     | datapath/LT_TC_OP_g2416         | A1 v -> ZN ^ | NOR2_X1   | 0.048 |   2.380 |    2.574 | 
     | datapath/g19681                 | B1 ^ -> ZN v | AOI21_X1  | 0.027 |   2.407 |    2.601 | 
     | datapath/g19680                 | A v -> ZN ^  | INV_X2    | 0.098 |   2.505 |    2.699 | 
     | g1513                           | A1 ^ -> ZN ^ | AND2_X2   | 0.151 |   2.656 |    2.850 | 
     | datapath/g37548                 | A1 ^ -> ZN v | NOR2_X1   | 0.007 |   2.663 |    2.856 | 
     | datapath/IFID_pc_reg[2]         | D v          | DFFR_X1   | 0.000 |   2.663 |    2.856 | 
     +-----------------------------------------------------------------------------------------+ 

