###############################################################
#  Generated by:      Cadence Innovus 23.12-s091_1
#  OS:                Linux x86_64(Host ID nanohub-2908156-5)
#  Generated on:      Wed Aug 12 20:55:28 2026
#  Design:            pipelined_cpu_core
#  Command:           report_timing -late  -view RPT_SLOW -max_paths 50 -nworst 1 > reports/40_setup_slow.rpt
###############################################################
Path 1: MET Setup Check with Pin datapath/IFID_instr_reg[10]/CK 
Endpoint:   datapath/IFID_instr_reg[10]/D  (^) checked with  leading edge of 
'clk'
Beginpoint: datapath/IFID_instr_reg[23]/QN (v) triggered by  leading edge of 
'clk'
Path Groups: {reg2reg}
Analysis View: RPT_SLOW
Other End Arrival Time          0.440
- Setup                         0.087
+ Phase Shift                   4.250
+ CPPR Adjustment               0.000
- Uncertainty                   0.100
= Required Time                 4.503
- Arrival Time                  4.307
= Slack Time                    0.196
     Clock Rise Edge                 0.000
     + Clock Network Latency (Prop)  0.562
     = Beginpoint Arrival Time       0.562
     +-------------------------------------------------------------------------------------------------+ 
     |                Instance                 |     Arc      |   Cell    | Delay | Arrival | Required | 
     |                                         |              |           |       |  Time   |   Time   | 
     |-----------------------------------------+--------------+-----------+-------+---------+----------| 
     | datapath/IFID_instr_reg[23]             | CK ^         |           |       |   0.562 |    0.759 | 
     | datapath/IFID_instr_reg[23]             | CK ^ -> QN v | DFFR_X1   | 0.327 |   0.890 |    1.086 | 
     | datapath/FE_OFC621_n_471                | A v -> ZN ^  | INV_X4    | 0.126 |   1.016 |    1.212 | 
     | branch_forward/g1290__1881              | A ^ -> ZN ^  | XNOR2_X1  | 0.138 |   1.153 |    1.350 | 
     | branch_forward/g1274__2398              | A3 ^ -> ZN v | NAND4_X1  | 0.115 |   1.269 |    1.465 | 
     | branch_forward/g1267__2883              | A v -> ZN ^  | AOI211_X2 | 0.395 |   1.664 |    1.860 | 
     | branch_forward/g1262__7482              | A1 ^ -> ZN v | NOR4_X2   | 0.062 |   1.725 |    1.922 | 
     | datapath/g27297                         | A v -> ZN ^  | INV_X1    | 0.077 |   1.802 |    1.999 | 
     | datapath/g26833                         | B1 ^ -> ZN v | AOI21_X1  | 0.039 |   1.841 |    2.038 | 
     | datapath/FE_OFC664_n_779                | A v -> Z v   | BUF_X1    | 0.151 |   1.993 |    2.189 | 
     | datapath/FE_OFC735_n_779                | A v -> ZN ^  | INV_X4    | 0.129 |   2.122 |    2.318 | 
     | datapath/FE_OFC736_n_779                | A ^ -> ZN v  | INV_X1    | 0.108 |   2.230 |    2.426 | 
     | datapath/g26584                         | B2 v -> ZN ^ | AOI222_X1 | 0.356 |   2.585 |    2.782 | 
     | datapath/g26566                         | A ^ -> ZN v  | INV_X1    | 0.082 |   2.667 |    2.864 | 
     | datapath/LT_TC_OP_g1574                 | A2 v -> ZN ^ | NAND2_X1  | 0.089 |   2.756 |    2.953 | 
     | datapath/LT_TC_OP_g1562                 | A ^ -> ZN v  | INV_X1    | 0.028 |   2.784 |    2.981 | 
     | datapath/LT_TC_OP_g1547                 | A v -> ZN ^  | AOI21_X1  | 0.190 |   2.974 |    3.171 | 
     | datapath/LT_TC_OP_g1540                 | A ^ -> ZN v  | OAI211_X1 | 0.114 |   3.088 |    3.285 | 
     | datapath/LT_TC_OP_g1525                 | A2 v -> ZN ^ | NOR2_X1   | 0.202 |   3.290 |    3.487 | 
     | datapath/LT_TC_OP_g1524                 | A ^ -> ZN v  | INV_X1    | 0.052 |   3.342 |    3.539 | 
     | datapath/FE_RC_771_0                    | A1 v -> ZN ^ | NOR3_X2   | 0.146 |   3.488 |    3.685 | 
     | datapath/LT_TC_OP_g1512                 | C2 ^ -> ZN v | AOI221_X2 | 0.090 |   3.578 |    3.774 | 
     | datapath/g16081                         | A1 v -> ZN v | AND2_X2   | 0.119 |   3.697 |    3.894 | 
     | datapath/g16079                         | A1 v -> ZN v | OR2_X4    | 0.169 |   3.866 |    4.063 | 
     | g1055                                   | A1 v -> ZN v | AND2_X2   | 0.095 |   3.961 |    4.158 | 
     | datapath/FE_OFC629_IFID_flush           | A v -> ZN ^  | INV_X1    | 0.126 |   4.087 |    4.283 | 
     | datapath/FE_OFC723_FE_OFN140_IFID_flush | A ^ -> ZN v  | INV_X8    | 0.098 |   4.184 |    4.381 | 
     | datapath/g35582                         | A1 v -> ZN ^ | NOR2_X1   | 0.122 |   4.307 |    4.503 | 
     | datapath/IFID_instr_reg[10]             | D ^          | DFFR_X1   | 0.000 |   4.307 |    4.503 | 
     +-------------------------------------------------------------------------------------------------+ 
Path 2: MET Setup Check with Pin datapath/IFID_instr_reg[18]/CK 
Endpoint:   datapath/IFID_instr_reg[18]/D  (^) checked with  leading edge of 
'clk'
Beginpoint: datapath/IFID_instr_reg[23]/QN (v) triggered by  leading edge of 
'clk'
Path Groups: {reg2reg}
Analysis View: RPT_SLOW
Other End Arrival Time          0.440
- Setup                         0.085
+ Phase Shift                   4.250
+ CPPR Adjustment               0.000
- Uncertainty                   0.100
= Required Time                 4.506
- Arrival Time                  4.307
= Slack Time                    0.199
     Clock Rise Edge                 0.000
     + Clock Network Latency (Prop)  0.562
     = Beginpoint Arrival Time       0.562
     +-------------------------------------------------------------------------------------------------+ 
     |                Instance                 |     Arc      |   Cell    | Delay | Arrival | Required | 
     |                                         |              |           |       |  Time   |   Time   | 
     |-----------------------------------------+--------------+-----------+-------+---------+----------| 
     | datapath/IFID_instr_reg[23]             | CK ^         |           |       |   0.562 |    0.761 | 
     | datapath/IFID_instr_reg[23]             | CK ^ -> QN v | DFFR_X1   | 0.327 |   0.890 |    1.088 | 
     | datapath/FE_OFC621_n_471                | A v -> ZN ^  | INV_X4    | 0.126 |   1.016 |    1.215 | 
     | branch_forward/g1290__1881              | A ^ -> ZN ^  | XNOR2_X1  | 0.138 |   1.153 |    1.352 | 
     | branch_forward/g1274__2398              | A3 ^ -> ZN v | NAND4_X1  | 0.115 |   1.269 |    1.468 | 
     | branch_forward/g1267__2883              | A v -> ZN ^  | AOI211_X2 | 0.395 |   1.664 |    1.862 | 
     | branch_forward/g1262__7482              | A1 ^ -> ZN v | NOR4_X2   | 0.062 |   1.725 |    1.924 | 
     | datapath/g27297                         | A v -> ZN ^  | INV_X1    | 0.077 |   1.802 |    2.001 | 
     | datapath/g26833                         | B1 ^ -> ZN v | AOI21_X1  | 0.039 |   1.841 |    2.040 | 
     | datapath/FE_OFC664_n_779                | A v -> Z v   | BUF_X1    | 0.151 |   1.993 |    2.192 | 
     | datapath/FE_OFC735_n_779                | A v -> ZN ^  | INV_X4    | 0.129 |   2.122 |    2.321 | 
     | datapath/FE_OFC736_n_779                | A ^ -> ZN v  | INV_X1    | 0.108 |   2.230 |    2.428 | 
     | datapath/g26584                         | B2 v -> ZN ^ | AOI222_X1 | 0.356 |   2.585 |    2.784 | 
     | datapath/g26566                         | A ^ -> ZN v  | INV_X1    | 0.082 |   2.667 |    2.866 | 
     | datapath/LT_TC_OP_g1574                 | A2 v -> ZN ^ | NAND2_X1  | 0.089 |   2.756 |    2.955 | 
     | datapath/LT_TC_OP_g1562                 | A ^ -> ZN v  | INV_X1    | 0.028 |   2.784 |    2.983 | 
     | datapath/LT_TC_OP_g1547                 | A v -> ZN ^  | AOI21_X1  | 0.190 |   2.974 |    3.173 | 
     | datapath/LT_TC_OP_g1540                 | A ^ -> ZN v  | OAI211_X1 | 0.114 |   3.088 |    3.287 | 
     | datapath/LT_TC_OP_g1525                 | A2 v -> ZN ^ | NOR2_X1   | 0.202 |   3.290 |    3.489 | 
     | datapath/LT_TC_OP_g1524                 | A ^ -> ZN v  | INV_X1    | 0.052 |   3.342 |    3.541 | 
     | datapath/FE_RC_771_0                    | A1 v -> ZN ^ | NOR3_X2   | 0.146 |   3.488 |    3.687 | 
     | datapath/LT_TC_OP_g1512                 | C2 ^ -> ZN v | AOI221_X2 | 0.090 |   3.578 |    3.777 | 
     | datapath/g16081                         | A1 v -> ZN v | AND2_X2   | 0.119 |   3.697 |    3.896 | 
     | datapath/g16079                         | A1 v -> ZN v | OR2_X4    | 0.169 |   3.866 |    4.065 | 
     | g1055                                   | A1 v -> ZN v | AND2_X2   | 0.095 |   3.961 |    4.160 | 
     | datapath/FE_OFC629_IFID_flush           | A v -> ZN ^  | INV_X1    | 0.126 |   4.087 |    4.286 | 
     | datapath/FE_OFC723_FE_OFN140_IFID_flush | A ^ -> ZN v  | INV_X8    | 0.098 |   4.184 |    4.383 | 
     | datapath/g35501                         | A1 v -> ZN ^ | NOR2_X1   | 0.122 |   4.307 |    4.505 | 
     | datapath/IFID_instr_reg[18]             | D ^          | DFFR_X1   | 0.000 |   4.307 |    4.506 | 
     +-------------------------------------------------------------------------------------------------+ 
Path 3: MET Setup Check with Pin datapath/IFID_instr_reg[17]/CK 
Endpoint:   datapath/IFID_instr_reg[17]/D  (^) checked with  leading edge of 
'clk'
Beginpoint: datapath/IFID_instr_reg[23]/QN (v) triggered by  leading edge of 
'clk'
Path Groups: {reg2reg}
Analysis View: RPT_SLOW
Other End Arrival Time          0.440
- Setup                         0.084
+ Phase Shift                   4.250
+ CPPR Adjustment               0.000
- Uncertainty                   0.100
= Required Time                 4.506
- Arrival Time                  4.300
= Slack Time                    0.206
     Clock Rise Edge                 0.000
     + Clock Network Latency (Prop)  0.562
     = Beginpoint Arrival Time       0.562
     +-------------------------------------------------------------------------------------------------+ 
     |                Instance                 |     Arc      |   Cell    | Delay | Arrival | Required | 
     |                                         |              |           |       |  Time   |   Time   | 
     |-----------------------------------------+--------------+-----------+-------+---------+----------| 
     | datapath/IFID_instr_reg[23]             | CK ^         |           |       |   0.562 |    0.769 | 
     | datapath/IFID_instr_reg[23]             | CK ^ -> QN v | DFFR_X1   | 0.327 |   0.890 |    1.096 | 
     | datapath/FE_OFC621_n_471                | A v -> ZN ^  | INV_X4    | 0.126 |   1.016 |    1.222 | 
     | branch_forward/g1290__1881              | A ^ -> ZN ^  | XNOR2_X1  | 0.138 |   1.154 |    1.360 | 
     | branch_forward/g1274__2398              | A3 ^ -> ZN v | NAND4_X1  | 0.115 |   1.269 |    1.475 | 
     | branch_forward/g1267__2883              | A v -> ZN ^  | AOI211_X2 | 0.395 |   1.664 |    1.870 | 
     | branch_forward/g1262__7482              | A1 ^ -> ZN v | NOR4_X2   | 0.062 |   1.725 |    1.931 | 
     | datapath/g27297                         | A v -> ZN ^  | INV_X1    | 0.077 |   1.802 |    2.008 | 
     | datapath/g26833                         | B1 ^ -> ZN v | AOI21_X1  | 0.039 |   1.842 |    2.048 | 
     | datapath/FE_OFC664_n_779                | A v -> Z v   | BUF_X1    | 0.151 |   1.993 |    2.199 | 
     | datapath/FE_OFC735_n_779                | A v -> ZN ^  | INV_X4    | 0.129 |   2.122 |    2.328 | 
     | datapath/FE_OFC736_n_779                | A ^ -> ZN v  | INV_X1    | 0.108 |   2.230 |    2.436 | 
     | datapath/g26584                         | B2 v -> ZN ^ | AOI222_X1 | 0.356 |   2.585 |    2.791 | 
     | datapath/g26566                         | A ^ -> ZN v  | INV_X1    | 0.082 |   2.667 |    2.874 | 
     | datapath/LT_TC_OP_g1574                 | A2 v -> ZN ^ | NAND2_X1  | 0.089 |   2.756 |    2.962 | 
     | datapath/LT_TC_OP_g1562                 | A ^ -> ZN v  | INV_X1    | 0.028 |   2.784 |    2.990 | 
     | datapath/LT_TC_OP_g1547                 | A v -> ZN ^  | AOI21_X1  | 0.190 |   2.974 |    3.180 | 
     | datapath/LT_TC_OP_g1540                 | A ^ -> ZN v  | OAI211_X1 | 0.114 |   3.088 |    3.294 | 
     | datapath/LT_TC_OP_g1525                 | A2 v -> ZN ^ | NOR2_X1   | 0.202 |   3.291 |    3.497 | 
     | datapath/LT_TC_OP_g1524                 | A ^ -> ZN v  | INV_X1    | 0.052 |   3.342 |    3.548 | 
     | datapath/FE_RC_771_0                    | A1 v -> ZN ^ | NOR3_X2   | 0.146 |   3.488 |    3.694 | 
     | datapath/LT_TC_OP_g1512                 | C2 ^ -> ZN v | AOI221_X2 | 0.090 |   3.578 |    3.784 | 
     | datapath/g16081                         | A1 v -> ZN v | AND2_X2   | 0.119 |   3.697 |    3.903 | 
     | datapath/g16079                         | A1 v -> ZN v | OR2_X4    | 0.169 |   3.866 |    4.073 | 
     | g1055                                   | A1 v -> ZN v | AND2_X2   | 0.095 |   3.961 |    4.167 | 
     | datapath/FE_OFC629_IFID_flush           | A v -> ZN ^  | INV_X1    | 0.126 |   4.087 |    4.293 | 
     | datapath/FE_OFC723_FE_OFN140_IFID_flush | A ^ -> ZN v  | INV_X8    | 0.098 |   4.184 |    4.390 | 
     | datapath/g35570                         | A1 v -> ZN ^ | NOR2_X1   | 0.116 |   4.300 |    4.506 | 
     | datapath/IFID_instr_reg[17]             | D ^          | DFFR_X1   | 0.000 |   4.300 |    4.506 | 
     +-------------------------------------------------------------------------------------------------+ 
Path 4: MET Setup Check with Pin datapath/IF_pc_reg[21]/CK 
Endpoint:   datapath/IF_pc_reg[21]/D      (v) checked with  leading edge of 
'clk'
Beginpoint: datapath/IFID_instr_reg[15]/Q (v) triggered by  leading edge of 
'clk'
Path Groups: {reg2reg}
Analysis View: RPT_SLOW
Other End Arrival Time          0.562
- Setup                         0.244
+ Phase Shift                   4.250
+ CPPR Adjustment               0.000
- Uncertainty                   0.100
= Required Time                 4.468
- Arrival Time                  4.258
= Slack Time                    0.210
     Clock Rise Edge                 0.000
     + Clock Network Latency (Prop)  0.570
     = Beginpoint Arrival Time       0.570
     +---------------------------------------------------------------------------------------------+ 
     |              Instance               |     Arc      |   Cell    | Delay | Arrival | Required | 
     |                                     |              |           |       |  Time   |   Time   | 
     |-------------------------------------+--------------+-----------+-------+---------+----------| 
     | datapath/IFID_instr_reg[15]         | CK ^         |           |       |   0.570 |    0.780 | 
     | datapath/IFID_instr_reg[15]         | CK ^ -> Q v  | DFFR_X1   | 0.310 |   0.880 |    1.090 | 
     | datapath/FE_OFC680_n_1229           | A v -> Z v   | BUF_X4    | 0.104 |   0.984 |    1.194 | 
     | datapath/g517__7410                 | A2 v -> ZN ^ | NAND2_X1  | 0.234 |   1.218 |    1.428 | 
     | datapath/g476__7098                 | A2 ^ -> ZN v | NOR2_X1   | 0.063 |   1.281 |    1.491 | 
     | datapath/FE_OFC751_registers_n_2520 | A v -> Z v   | CLKBUF_X3 | 0.243 |   1.524 |    1.735 | 
     | datapath/g3848                      | A1 v -> ZN ^ | AOI22_X1  | 0.166 |   1.691 |    1.901 | 
     | datapath/g3511__2346                | A2 ^ -> ZN ^ | AND4_X1   | 0.250 |   1.940 |    2.151 | 
     | datapath/FE_RC_665_0                | A3 ^ -> ZN v | NAND3_X2  | 0.093 |   2.034 |    2.244 | 
     | datapath/g26665                     | A1 v -> ZN ^ | AOI222_X2 | 0.177 |   2.211 |    2.421 | 
     | datapath/FE_OFC140_LT_TC_OP_n_35    | A ^ -> Z ^   | BUF_X1    | 0.131 |   2.342 |    2.552 | 
     | datapath/LT_TC_OP_g1584             | A1 ^ -> ZN v | NAND2_X1  | 0.058 |   2.400 |    2.611 | 
     | datapath/LT_TC_OP_g1545             | A1 v -> ZN v | OR2_X2    | 0.158 |   2.558 |    2.768 | 
     | datapath/LT_TC_OP_g1527             | A1 v -> ZN ^ | AOI22_X2  | 0.103 |   2.661 |    2.871 | 
     | datapath/LT_TC_OP_g1519             | A1 ^ -> ZN v | OAI22_X1  | 0.074 |   2.735 |    2.945 | 
     | datapath/FE_RC_633_0                | A1 v -> ZN ^ | AOI22_X2  | 0.108 |   2.843 |    3.053 | 
     | datapath/LT_TC_OP_g1515             | B1 ^ -> ZN v | OAI21_X1  | 0.068 |   2.910 |    3.120 | 
     | datapath/FE_RC_599_0                | C1 v -> ZN ^ | AOI221_X1 | 0.277 |   3.187 |    3.397 | 
     | datapath/LT_TC_OP_g1513             | A1 ^ -> ZN v | OAI222_X1 | 0.165 |   3.352 |    3.562 | 
     | datapath/LT_TC_OP_g1512             | C1 v -> ZN ^ | AOI221_X2 | 0.294 |   3.646 |    3.856 | 
     | datapath/g16081                     | A1 ^ -> ZN ^ | AND2_X2   | 0.153 |   3.798 |    4.009 | 
     | datapath/g16079                     | A1 ^ -> ZN ^ | OR2_X4    | 0.099 |   3.897 |    4.107 | 
     | datapath/FE_OCPC497_IFID_takeBranch | A ^ -> Z ^   | BUF_X1    | 0.134 |   4.031 |    4.241 | 
     | datapath/branch_or_inc_4/g832__1881 | S ^ -> Z v   | MUX2_X1   | 0.227 |   4.258 |    4.468 | 
     | datapath/IF_pc_reg[21]              | D v          | SDFFR_X1  | 0.000 |   4.258 |    4.468 | 
     +---------------------------------------------------------------------------------------------+ 
Path 5: MET Setup Check with Pin datapath/IFID_instr_reg[19]/CK 
Endpoint:   datapath/IFID_instr_reg[19]/D (v) checked with  leading edge of 
'clk'
Beginpoint: datapath/IFID_instr_reg[15]/Q (v) triggered by  leading edge of 
'clk'
Path Groups: {reg2reg}
Analysis View: RPT_SLOW
Other End Arrival Time          0.440
- Setup                         0.136
+ Phase Shift                   4.250
+ CPPR Adjustment               0.000
- Uncertainty                   0.100
= Required Time                 4.454
- Arrival Time                  4.243
= Slack Time                    0.211
     Clock Rise Edge                 0.000
     + Clock Network Latency (Prop)  0.570
     = Beginpoint Arrival Time       0.570
     +-------------------------------------------------------------------------------------------------+ 
     |                Instance                 |     Arc      |   Cell    | Delay | Arrival | Required | 
     |                                         |              |           |       |  Time   |   Time   | 
     |-----------------------------------------+--------------+-----------+-------+---------+----------| 
     | datapath/IFID_instr_reg[15]             | CK ^         |           |       |   0.570 |    0.781 | 
     | datapath/IFID_instr_reg[15]             | CK ^ -> Q v  | DFFR_X1   | 0.310 |   0.880 |    1.091 | 
     | datapath/FE_OFC680_n_1229               | A v -> Z v   | BUF_X4    | 0.104 |   0.984 |    1.195 | 
     | datapath/g517__7410                     | A2 v -> ZN ^ | NAND2_X1  | 0.234 |   1.218 |    1.429 | 
     | datapath/g476__7098                     | A2 ^ -> ZN v | NOR2_X1   | 0.063 |   1.281 |    1.492 | 
     | datapath/FE_OFC751_registers_n_2520     | A v -> Z v   | CLKBUF_X3 | 0.243 |   1.524 |    1.735 | 
     | datapath/g3848                          | A1 v -> ZN ^ | AOI22_X1  | 0.166 |   1.691 |    1.902 | 
     | datapath/g3511__2346                    | A2 ^ -> ZN ^ | AND4_X1   | 0.250 |   1.940 |    2.151 | 
     | datapath/FE_RC_665_0                    | A3 ^ -> ZN v | NAND3_X2  | 0.093 |   2.034 |    2.245 | 
     | datapath/g26665                         | A1 v -> ZN ^ | AOI222_X2 | 0.177 |   2.211 |    2.422 | 
     | datapath/FE_OFC140_LT_TC_OP_n_35        | A ^ -> Z ^   | BUF_X1    | 0.131 |   2.342 |    2.553 | 
     | datapath/LT_TC_OP_g1584                 | A1 ^ -> ZN v | NAND2_X1  | 0.058 |   2.400 |    2.611 | 
     | datapath/LT_TC_OP_g1545                 | A1 v -> ZN v | OR2_X2    | 0.158 |   2.558 |    2.769 | 
     | datapath/LT_TC_OP_g1527                 | A1 v -> ZN ^ | AOI22_X2  | 0.103 |   2.661 |    2.872 | 
     | datapath/LT_TC_OP_g1519                 | A1 ^ -> ZN v | OAI22_X1  | 0.074 |   2.735 |    2.946 | 
     | datapath/FE_RC_633_0                    | A1 v -> ZN ^ | AOI22_X2  | 0.108 |   2.843 |    3.054 | 
     | datapath/LT_TC_OP_g1515                 | B1 ^ -> ZN v | OAI21_X1  | 0.068 |   2.910 |    3.121 | 
     | datapath/FE_RC_599_0                    | C1 v -> ZN ^ | AOI221_X1 | 0.277 |   3.187 |    3.398 | 
     | datapath/LT_TC_OP_g1513                 | A1 ^ -> ZN v | OAI222_X1 | 0.165 |   3.352 |    3.563 | 
     | datapath/LT_TC_OP_g1512                 | C1 v -> ZN ^ | AOI221_X2 | 0.294 |   3.646 |    3.857 | 
     | datapath/g16081                         | A1 ^ -> ZN ^ | AND2_X2   | 0.153 |   3.798 |    4.009 | 
     | datapath/g16079                         | A1 ^ -> ZN ^ | OR2_X4    | 0.099 |   3.897 |    4.108 | 
     | g1055                                   | A1 ^ -> ZN ^ | AND2_X2   | 0.093 |   3.991 |    4.202 | 
     | datapath/FE_OFC629_IFID_flush           | A ^ -> ZN v  | INV_X1    | 0.045 |   4.035 |    4.246 | 
     | datapath/FE_OFC723_FE_OFN140_IFID_flush | A v -> ZN ^  | INV_X8    | 0.157 |   4.193 |    4.404 | 
     | datapath/g35581                         | A1 ^ -> ZN v | NOR2_X1   | 0.050 |   4.243 |    4.454 | 
     | datapath/IFID_instr_reg[19]             | D v          | DFFR_X1   | 0.000 |   4.243 |    4.454 | 
     +-------------------------------------------------------------------------------------------------+ 
Path 6: MET Setup Check with Pin datapath/IFID_instr_reg[20]/CK 
Endpoint:   datapath/IFID_instr_reg[20]/D (v) checked with  leading edge of 
'clk'
Beginpoint: datapath/IFID_instr_reg[15]/Q (v) triggered by  leading edge of 
'clk'
Path Groups: {reg2reg}
Analysis View: RPT_SLOW
Other End Arrival Time          0.440
- Setup                         0.136
+ Phase Shift                   4.250
+ CPPR Adjustment               0.000
- Uncertainty                   0.100
= Required Time                 4.454
- Arrival Time                  4.241
= Slack Time                    0.213
     Clock Rise Edge                 0.000
     + Clock Network Latency (Prop)  0.570
     = Beginpoint Arrival Time       0.570
     +-------------------------------------------------------------------------------------------------+ 
     |                Instance                 |     Arc      |   Cell    | Delay | Arrival | Required | 
     |                                         |              |           |       |  Time   |   Time   | 
     |-----------------------------------------+--------------+-----------+-------+---------+----------| 
     | datapath/IFID_instr_reg[15]             | CK ^         |           |       |   0.570 |    0.783 | 
     | datapath/IFID_instr_reg[15]             | CK ^ -> Q v  | DFFR_X1   | 0.310 |   0.880 |    1.092 | 
     | datapath/FE_OFC680_n_1229               | A v -> Z v   | BUF_X4    | 0.104 |   0.984 |    1.196 | 
     | datapath/g517__7410                     | A2 v -> ZN ^ | NAND2_X1  | 0.234 |   1.218 |    1.431 | 
     | datapath/g476__7098                     | A2 ^ -> ZN v | NOR2_X1   | 0.063 |   1.281 |    1.494 | 
     | datapath/FE_OFC751_registers_n_2520     | A v -> Z v   | CLKBUF_X3 | 0.243 |   1.524 |    1.737 | 
     | datapath/g3848                          | A1 v -> ZN ^ | AOI22_X1  | 0.166 |   1.691 |    1.903 | 
     | datapath/g3511__2346                    | A2 ^ -> ZN ^ | AND4_X1   | 0.250 |   1.940 |    2.153 | 
     | datapath/FE_RC_665_0                    | A3 ^ -> ZN v | NAND3_X2  | 0.093 |   2.034 |    2.246 | 
     | datapath/g26665                         | A1 v -> ZN ^ | AOI222_X2 | 0.177 |   2.211 |    2.424 | 
     | datapath/FE_OFC140_LT_TC_OP_n_35        | A ^ -> Z ^   | BUF_X1    | 0.131 |   2.342 |    2.555 | 
     | datapath/LT_TC_OP_g1584                 | A1 ^ -> ZN v | NAND2_X1  | 0.058 |   2.400 |    2.613 | 
     | datapath/LT_TC_OP_g1545                 | A1 v -> ZN v | OR2_X2    | 0.158 |   2.558 |    2.771 | 
     | datapath/LT_TC_OP_g1527                 | A1 v -> ZN ^ | AOI22_X2  | 0.103 |   2.661 |    2.874 | 
     | datapath/LT_TC_OP_g1519                 | A1 ^ -> ZN v | OAI22_X1  | 0.074 |   2.735 |    2.948 | 
     | datapath/FE_RC_633_0                    | A1 v -> ZN ^ | AOI22_X2  | 0.108 |   2.843 |    3.055 | 
     | datapath/LT_TC_OP_g1515                 | B1 ^ -> ZN v | OAI21_X1  | 0.068 |   2.910 |    3.123 | 
     | datapath/FE_RC_599_0                    | C1 v -> ZN ^ | AOI221_X1 | 0.277 |   3.187 |    3.400 | 
     | datapath/LT_TC_OP_g1513                 | A1 ^ -> ZN v | OAI222_X1 | 0.165 |   3.352 |    3.565 | 
     | datapath/LT_TC_OP_g1512                 | C1 v -> ZN ^ | AOI221_X2 | 0.294 |   3.646 |    3.859 | 
     | datapath/g16081                         | A1 ^ -> ZN ^ | AND2_X2   | 0.153 |   3.798 |    4.011 | 
     | datapath/g16079                         | A1 ^ -> ZN ^ | OR2_X4    | 0.099 |   3.897 |    4.110 | 
     | g1055                                   | A1 ^ -> ZN ^ | AND2_X2   | 0.093 |   3.991 |    4.203 | 
     | datapath/FE_OFC629_IFID_flush           | A ^ -> ZN v  | INV_X1    | 0.045 |   4.035 |    4.248 | 
     | datapath/FE_OFC723_FE_OFN140_IFID_flush | A v -> ZN ^  | INV_X8    | 0.157 |   4.193 |    4.405 | 
     | datapath/g35497                         | A1 ^ -> ZN v | NOR2_X1   | 0.049 |   4.241 |    4.454 | 
     | datapath/IFID_instr_reg[20]             | D v          | DFFR_X1   | 0.000 |   4.241 |    4.454 | 
     +-------------------------------------------------------------------------------------------------+ 
Path 7: MET Setup Check with Pin datapath/IFID_instr_reg[24]/CK 
Endpoint:   datapath/IFID_instr_reg[24]/D (v) checked with  leading edge of 
'clk'
Beginpoint: datapath/IFID_instr_reg[15]/Q (v) triggered by  leading edge of 
'clk'
Path Groups: {reg2reg}
Analysis View: RPT_SLOW
Other End Arrival Time          0.444
- Setup                         0.134
+ Phase Shift                   4.250
+ CPPR Adjustment               0.000
- Uncertainty                   0.100
= Required Time                 4.459
- Arrival Time                  4.243
= Slack Time                    0.216
     Clock Rise Edge                 0.000
     + Clock Network Latency (Prop)  0.570
     = Beginpoint Arrival Time       0.570
     +-------------------------------------------------------------------------------------------------+ 
     |                Instance                 |     Arc      |   Cell    | Delay | Arrival | Required | 
     |                                         |              |           |       |  Time   |   Time   | 
     |-----------------------------------------+--------------+-----------+-------+---------+----------| 
     | datapath/IFID_instr_reg[15]             | CK ^         |           |       |   0.570 |    0.786 | 
     | datapath/IFID_instr_reg[15]             | CK ^ -> Q v  | DFFR_X1   | 0.310 |   0.880 |    1.095 | 
     | datapath/FE_OFC680_n_1229               | A v -> Z v   | BUF_X4    | 0.104 |   0.984 |    1.199 | 
     | datapath/g517__7410                     | A2 v -> ZN ^ | NAND2_X1  | 0.234 |   1.218 |    1.434 | 
     | datapath/g476__7098                     | A2 ^ -> ZN v | NOR2_X1   | 0.063 |   1.281 |    1.497 | 
     | datapath/FE_OFC751_registers_n_2520     | A v -> Z v   | CLKBUF_X3 | 0.243 |   1.524 |    1.740 | 
     | datapath/g3848                          | A1 v -> ZN ^ | AOI22_X1  | 0.166 |   1.691 |    1.907 | 
     | datapath/g3511__2346                    | A2 ^ -> ZN ^ | AND4_X1   | 0.250 |   1.940 |    2.156 | 
     | datapath/FE_RC_665_0                    | A3 ^ -> ZN v | NAND3_X2  | 0.093 |   2.034 |    2.249 | 
     | datapath/g26665                         | A1 v -> ZN ^ | AOI222_X2 | 0.177 |   2.211 |    2.427 | 
     | datapath/FE_OFC140_LT_TC_OP_n_35        | A ^ -> Z ^   | BUF_X1    | 0.131 |   2.342 |    2.558 | 
     | datapath/LT_TC_OP_g1584                 | A1 ^ -> ZN v | NAND2_X1  | 0.058 |   2.400 |    2.616 | 
     | datapath/LT_TC_OP_g1545                 | A1 v -> ZN v | OR2_X2    | 0.158 |   2.558 |    2.774 | 
     | datapath/LT_TC_OP_g1527                 | A1 v -> ZN ^ | AOI22_X2  | 0.103 |   2.661 |    2.877 | 
     | datapath/LT_TC_OP_g1519                 | A1 ^ -> ZN v | OAI22_X1  | 0.074 |   2.735 |    2.951 | 
     | datapath/FE_RC_633_0                    | A1 v -> ZN ^ | AOI22_X2  | 0.108 |   2.843 |    3.059 | 
     | datapath/LT_TC_OP_g1515                 | B1 ^ -> ZN v | OAI21_X1  | 0.068 |   2.910 |    3.126 | 
     | datapath/FE_RC_599_0                    | C1 v -> ZN ^ | AOI221_X1 | 0.277 |   3.187 |    3.403 | 
     | datapath/LT_TC_OP_g1513                 | A1 ^ -> ZN v | OAI222_X1 | 0.165 |   3.352 |    3.568 | 
     | datapath/LT_TC_OP_g1512                 | C1 v -> ZN ^ | AOI221_X2 | 0.294 |   3.646 |    3.862 | 
     | datapath/g16081                         | A1 ^ -> ZN ^ | AND2_X2   | 0.153 |   3.798 |    4.014 | 
     | datapath/g16079                         | A1 ^ -> ZN ^ | OR2_X4    | 0.099 |   3.897 |    4.113 | 
     | g1055                                   | A1 ^ -> ZN ^ | AND2_X2   | 0.093 |   3.991 |    4.207 | 
     | datapath/FE_OFC629_IFID_flush           | A ^ -> ZN v  | INV_X1    | 0.045 |   4.035 |    4.251 | 
     | datapath/FE_OFC723_FE_OFN140_IFID_flush | A v -> ZN ^  | INV_X8    | 0.157 |   4.193 |    4.408 | 
     | datapath/g35583                         | A1 ^ -> ZN v | NOR2_X1   | 0.051 |   4.243 |    4.459 | 
     | datapath/IFID_instr_reg[24]             | D v          | DFFR_X1   | 0.000 |   4.243 |    4.459 | 
     +-------------------------------------------------------------------------------------------------+ 
Path 8: MET Setup Check with Pin datapath/IF_pc_reg[26]/CK 
Endpoint:   datapath/IF_pc_reg[26]/D      (v) checked with  leading edge of 
'clk'
Beginpoint: datapath/IFID_instr_reg[15]/Q (v) triggered by  leading edge of 
'clk'
Path Groups: {reg2reg}
Analysis View: RPT_SLOW
Other End Arrival Time          0.556
- Setup                         0.242
+ Phase Shift                   4.250
+ CPPR Adjustment               0.000
- Uncertainty                   0.100
= Required Time                 4.464
- Arrival Time                  4.246
= Slack Time                    0.218
     Clock Rise Edge                 0.000
     + Clock Network Latency (Prop)  0.570
     = Beginpoint Arrival Time       0.570
     +------------------------------------------------------------------------------------------------------------+ 
     |                      Instance                      |     Arc      |   Cell    | Delay | Arrival | Required | 
     |                                                    |              |           |       |  Time   |   Time   | 
     |----------------------------------------------------+--------------+-----------+-------+---------+----------| 
     | datapath/IFID_instr_reg[15]                        | CK ^         |           |       |   0.570 |    0.788 | 
     | datapath/IFID_instr_reg[15]                        | CK ^ -> Q v  | DFFR_X1   | 0.310 |   0.880 |    1.098 | 
     | datapath/FE_OFC680_n_1229                          | A v -> Z v   | BUF_X4    | 0.104 |   0.984 |    1.202 | 
     | datapath/g517__7410                                | A2 v -> ZN ^ | NAND2_X1  | 0.234 |   1.218 |    1.436 | 
     | datapath/g476__7098                                | A2 ^ -> ZN v | NOR2_X1   | 0.063 |   1.281 |    1.499 | 
     | datapath/FE_OFC751_registers_n_2520                | A v -> Z v   | CLKBUF_X3 | 0.243 |   1.524 |    1.742 | 
     | datapath/g3848                                     | A1 v -> ZN ^ | AOI22_X1  | 0.166 |   1.691 |    1.909 | 
     | datapath/g3511__2346                               | A2 ^ -> ZN ^ | AND4_X1   | 0.250 |   1.940 |    2.158 | 
     | datapath/FE_RC_665_0                               | A3 ^ -> ZN v | NAND3_X2  | 0.093 |   2.034 |    2.252 | 
     | datapath/g26665                                    | A1 v -> ZN ^ | AOI222_X2 | 0.177 |   2.211 |    2.429 | 
     | datapath/FE_OFC140_LT_TC_OP_n_35                   | A ^ -> Z ^   | BUF_X1    | 0.131 |   2.342 |    2.560 | 
     | datapath/LT_TC_OP_g1584                            | A1 ^ -> ZN v | NAND2_X1  | 0.058 |   2.400 |    2.619 | 
     | datapath/LT_TC_OP_g1545                            | A1 v -> ZN v | OR2_X2    | 0.158 |   2.558 |    2.776 | 
     | datapath/LT_TC_OP_g1527                            | A1 v -> ZN ^ | AOI22_X2  | 0.103 |   2.661 |    2.879 | 
     | datapath/LT_TC_OP_g1519                            | A1 ^ -> ZN v | OAI22_X1  | 0.074 |   2.735 |    2.953 | 
     | datapath/FE_RC_633_0                               | A1 v -> ZN ^ | AOI22_X2  | 0.108 |   2.843 |    3.061 | 
     | datapath/LT_TC_OP_g1515                            | B1 ^ -> ZN v | OAI21_X1  | 0.068 |   2.910 |    3.128 | 
     | datapath/FE_RC_599_0                               | C1 v -> ZN ^ | AOI221_X1 | 0.277 |   3.187 |    3.405 | 
     | datapath/LT_TC_OP_g1513                            | A1 ^ -> ZN v | OAI222_X1 | 0.165 |   3.352 |    3.570 | 
     | datapath/LT_TC_OP_g1512                            | C1 v -> ZN ^ | AOI221_X2 | 0.294 |   3.646 |    3.864 | 
     | datapath/g16081                                    | A1 ^ -> ZN ^ | AND2_X2   | 0.153 |   3.798 |    4.017 | 
     | datapath/g16079                                    | A1 ^ -> ZN ^ | OR2_X4    | 0.099 |   3.897 |    4.115 | 
     | datapath/branch_or_inc_4/FE_OFC210_IFID_takeBranch | A ^ -> Z ^   | BUF_X8    | 0.114 |   4.011 |    4.229 | 
     | datapath/branch_or_inc_4/g831__6131                | S ^ -> Z v   | MUX2_X1   | 0.235 |   4.246 |    4.464 | 
     | datapath/IF_pc_reg[26]                             | D v          | SDFFR_X1  | 0.000 |   4.246 |    4.464 | 
     +------------------------------------------------------------------------------------------------------------+ 
Path 9: MET Setup Check with Pin datapath/IF_pc_reg[16]/CK 
Endpoint:   datapath/IF_pc_reg[16]/D      (v) checked with  leading edge of 
'clk'
Beginpoint: datapath/IFID_instr_reg[15]/Q (v) triggered by  leading edge of 
'clk'
Path Groups: {reg2reg}
Analysis View: RPT_SLOW
Other End Arrival Time          0.567
- Setup                         0.242
+ Phase Shift                   4.250
+ CPPR Adjustment               0.000
- Uncertainty                   0.100
= Required Time                 4.475
- Arrival Time                  4.256
= Slack Time                    0.218
     Clock Rise Edge                 0.000
     + Clock Network Latency (Prop)  0.570
     = Beginpoint Arrival Time       0.570
     +---------------------------------------------------------------------------------------------+ 
     |              Instance               |     Arc      |   Cell    | Delay | Arrival | Required | 
     |                                     |              |           |       |  Time   |   Time   | 
     |-------------------------------------+--------------+-----------+-------+---------+----------| 
     | datapath/IFID_instr_reg[15]         | CK ^         |           |       |   0.570 |    0.788 | 
     | datapath/IFID_instr_reg[15]         | CK ^ -> Q v  | DFFR_X1   | 0.310 |   0.880 |    1.098 | 
     | datapath/FE_OFC680_n_1229           | A v -> Z v   | BUF_X4    | 0.104 |   0.984 |    1.202 | 
     | datapath/g517__7410                 | A2 v -> ZN ^ | NAND2_X1  | 0.234 |   1.218 |    1.436 | 
     | datapath/g476__7098                 | A2 ^ -> ZN v | NOR2_X1   | 0.063 |   1.281 |    1.499 | 
     | datapath/FE_OFC751_registers_n_2520 | A v -> Z v   | CLKBUF_X3 | 0.243 |   1.524 |    1.743 | 
     | datapath/g3848                      | A1 v -> ZN ^ | AOI22_X1  | 0.166 |   1.691 |    1.909 | 
     | datapath/g3511__2346                | A2 ^ -> ZN ^ | AND4_X1   | 0.250 |   1.940 |    2.159 | 
     | datapath/FE_RC_665_0                | A3 ^ -> ZN v | NAND3_X2  | 0.093 |   2.034 |    2.252 | 
     | datapath/g26665                     | A1 v -> ZN ^ | AOI222_X2 | 0.177 |   2.211 |    2.429 | 
     | datapath/FE_OFC140_LT_TC_OP_n_35    | A ^ -> Z ^   | BUF_X1    | 0.131 |   2.342 |    2.560 | 
     | datapath/LT_TC_OP_g1584             | A1 ^ -> ZN v | NAND2_X1  | 0.058 |   2.400 |    2.619 | 
     | datapath/LT_TC_OP_g1545             | A1 v -> ZN v | OR2_X2    | 0.158 |   2.558 |    2.777 | 
     | datapath/LT_TC_OP_g1527             | A1 v -> ZN ^ | AOI22_X2  | 0.103 |   2.661 |    2.880 | 
     | datapath/LT_TC_OP_g1519             | A1 ^ -> ZN v | OAI22_X1  | 0.074 |   2.735 |    2.954 | 
     | datapath/FE_RC_633_0                | A1 v -> ZN ^ | AOI22_X2  | 0.108 |   2.843 |    3.061 | 
     | datapath/LT_TC_OP_g1515             | B1 ^ -> ZN v | OAI21_X1  | 0.068 |   2.910 |    3.129 | 
     | datapath/FE_RC_599_0                | C1 v -> ZN ^ | AOI221_X1 | 0.277 |   3.187 |    3.405 | 
     | datapath/LT_TC_OP_g1513             | A1 ^ -> ZN v | OAI222_X1 | 0.165 |   3.352 |    3.570 | 
     | datapath/LT_TC_OP_g1512             | C1 v -> ZN ^ | AOI221_X2 | 0.294 |   3.646 |    3.864 | 
     | datapath/g16081                     | A1 ^ -> ZN ^ | AND2_X2   | 0.153 |   3.798 |    4.017 | 
     | datapath/g16079                     | A1 ^ -> ZN ^ | OR2_X4    | 0.099 |   3.897 |    4.116 | 
     | datapath/FE_OCPC497_IFID_takeBranch | A ^ -> Z ^   | BUF_X1    | 0.134 |   4.031 |    4.249 | 
     | datapath/branch_or_inc_4/g819__6260 | S ^ -> Z v   | MUX2_X1   | 0.225 |   4.256 |    4.475 | 
     | datapath/IF_pc_reg[16]              | D v          | SDFFR_X1  | 0.000 |   4.256 |    4.475 | 
     +---------------------------------------------------------------------------------------------+ 
Path 10: MET Setup Check with Pin datapath/IF_pc_reg[20]/CK 
Endpoint:   datapath/IF_pc_reg[20]/D      (v) checked with  leading edge of 
'clk'
Beginpoint: datapath/IFID_instr_reg[15]/Q (v) triggered by  leading edge of 
'clk'
Path Groups: {reg2reg}
Analysis View: RPT_SLOW
Other End Arrival Time          0.570
- Setup                         0.242
+ Phase Shift                   4.250
+ CPPR Adjustment               0.000
- Uncertainty                   0.100
= Required Time                 4.478
- Arrival Time                  4.258
= Slack Time                    0.220
     Clock Rise Edge                 0.000
     + Clock Network Latency (Prop)  0.570
     = Beginpoint Arrival Time       0.570
     +---------------------------------------------------------------------------------------------+ 
     |              Instance               |     Arc      |   Cell    | Delay | Arrival | Required | 
     |                                     |              |           |       |  Time   |   Time   | 
     |-------------------------------------+--------------+-----------+-------+---------+----------| 
     | datapath/IFID_instr_reg[15]         | CK ^         |           |       |   0.570 |    0.790 | 
     | datapath/IFID_instr_reg[15]         | CK ^ -> Q v  | DFFR_X1   | 0.310 |   0.880 |    1.100 | 
     | datapath/FE_OFC680_n_1229           | A v -> Z v   | BUF_X4    | 0.104 |   0.984 |    1.204 | 
     | datapath/g517__7410                 | A2 v -> ZN ^ | NAND2_X1  | 0.234 |   1.218 |    1.438 | 
     | datapath/g476__7098                 | A2 ^ -> ZN v | NOR2_X1   | 0.063 |   1.281 |    1.501 | 
     | datapath/FE_OFC751_registers_n_2520 | A v -> Z v   | CLKBUF_X3 | 0.243 |   1.524 |    1.745 | 
     | datapath/g3848                      | A1 v -> ZN ^ | AOI22_X1  | 0.166 |   1.691 |    1.911 | 
     | datapath/g3511__2346                | A2 ^ -> ZN ^ | AND4_X1   | 0.250 |   1.940 |    2.161 | 
     | datapath/FE_RC_665_0                | A3 ^ -> ZN v | NAND3_X2  | 0.093 |   2.034 |    2.254 | 
     | datapath/g26665                     | A1 v -> ZN ^ | AOI222_X2 | 0.177 |   2.211 |    2.431 | 
     | datapath/FE_OFC140_LT_TC_OP_n_35    | A ^ -> Z ^   | BUF_X1    | 0.131 |   2.342 |    2.562 | 
     | datapath/LT_TC_OP_g1584             | A1 ^ -> ZN v | NAND2_X1  | 0.058 |   2.400 |    2.621 | 
     | datapath/LT_TC_OP_g1545             | A1 v -> ZN v | OR2_X2    | 0.158 |   2.558 |    2.779 | 
     | datapath/LT_TC_OP_g1527             | A1 v -> ZN ^ | AOI22_X2  | 0.103 |   2.661 |    2.882 | 
     | datapath/LT_TC_OP_g1519             | A1 ^ -> ZN v | OAI22_X1  | 0.074 |   2.735 |    2.955 | 
     | datapath/FE_RC_633_0                | A1 v -> ZN ^ | AOI22_X2  | 0.108 |   2.843 |    3.063 | 
     | datapath/LT_TC_OP_g1515             | B1 ^ -> ZN v | OAI21_X1  | 0.068 |   2.910 |    3.131 | 
     | datapath/FE_RC_599_0                | C1 v -> ZN ^ | AOI221_X1 | 0.277 |   3.187 |    3.407 | 
     | datapath/LT_TC_OP_g1513             | A1 ^ -> ZN v | OAI222_X1 | 0.165 |   3.352 |    3.572 | 
     | datapath/LT_TC_OP_g1512             | C1 v -> ZN ^ | AOI221_X2 | 0.294 |   3.646 |    3.866 | 
     | datapath/g16081                     | A1 ^ -> ZN ^ | AND2_X2   | 0.153 |   3.798 |    4.019 | 
     | datapath/g16079                     | A1 ^ -> ZN ^ | OR2_X4    | 0.099 |   3.897 |    4.118 | 
     | datapath/FE_OCPC497_IFID_takeBranch | A ^ -> Z ^   | BUF_X1    | 0.134 |   4.031 |    4.251 | 
     | datapath/branch_or_inc_4/g834__7482 | S ^ -> Z v   | MUX2_X1   | 0.227 |   4.258 |    4.478 | 
     | datapath/IF_pc_reg[20]              | D v          | SDFFR_X1  | 0.000 |   4.258 |    4.478 | 
     +---------------------------------------------------------------------------------------------+ 
Path 11: MET Setup Check with Pin datapath/IF_pc_reg[8]/CK 
Endpoint:   datapath/IF_pc_reg[8]/D       (v) checked with  leading edge of 
'clk'
Beginpoint: datapath/IFID_instr_reg[15]/Q (v) triggered by  leading edge of 
'clk'
Path Groups: {reg2reg}
Analysis View: RPT_SLOW
Other End Arrival Time          0.556
- Setup                         0.241
+ Phase Shift                   4.250
+ CPPR Adjustment               0.000
- Uncertainty                   0.100
= Required Time                 4.465
- Arrival Time                  4.241
= Slack Time                    0.223
     Clock Rise Edge                 0.000
     + Clock Network Latency (Prop)  0.570
     = Beginpoint Arrival Time       0.570
     +------------------------------------------------------------------------------------------------------------+ 
     |                      Instance                      |     Arc      |   Cell    | Delay | Arrival | Required | 
     |                                                    |              |           |       |  Time   |   Time   | 
     |----------------------------------------------------+--------------+-----------+-------+---------+----------| 
     | datapath/IFID_instr_reg[15]                        | CK ^         |           |       |   0.570 |    0.793 | 
     | datapath/IFID_instr_reg[15]                        | CK ^ -> Q v  | DFFR_X1   | 0.310 |   0.880 |    1.103 | 
     | datapath/FE_OFC680_n_1229                          | A v -> Z v   | BUF_X4    | 0.104 |   0.984 |    1.207 | 
     | datapath/g517__7410                                | A2 v -> ZN ^ | NAND2_X1  | 0.234 |   1.218 |    1.441 | 
     | datapath/g476__7098                                | A2 ^ -> ZN v | NOR2_X1   | 0.063 |   1.281 |    1.504 | 
     | datapath/FE_OFC751_registers_n_2520                | A v -> Z v   | CLKBUF_X3 | 0.243 |   1.524 |    1.748 | 
     | datapath/g3848                                     | A1 v -> ZN ^ | AOI22_X1  | 0.166 |   1.691 |    1.914 | 
     | datapath/g3511__2346                               | A2 ^ -> ZN ^ | AND4_X1   | 0.250 |   1.940 |    2.164 | 
     | datapath/FE_RC_665_0                               | A3 ^ -> ZN v | NAND3_X2  | 0.093 |   2.034 |    2.257 | 
     | datapath/g26665                                    | A1 v -> ZN ^ | AOI222_X2 | 0.177 |   2.211 |    2.434 | 
     | datapath/FE_OFC140_LT_TC_OP_n_35                   | A ^ -> Z ^   | BUF_X1    | 0.131 |   2.342 |    2.565 | 
     | datapath/LT_TC_OP_g1584                            | A1 ^ -> ZN v | NAND2_X1  | 0.058 |   2.400 |    2.624 | 
     | datapath/LT_TC_OP_g1545                            | A1 v -> ZN v | OR2_X2    | 0.158 |   2.558 |    2.782 | 
     | datapath/LT_TC_OP_g1527                            | A1 v -> ZN ^ | AOI22_X2  | 0.103 |   2.661 |    2.885 | 
     | datapath/LT_TC_OP_g1519                            | A1 ^ -> ZN v | OAI22_X1  | 0.074 |   2.735 |    2.959 | 
     | datapath/FE_RC_633_0                               | A1 v -> ZN ^ | AOI22_X2  | 0.108 |   2.843 |    3.066 | 
     | datapath/LT_TC_OP_g1515                            | B1 ^ -> ZN v | OAI21_X1  | 0.068 |   2.910 |    3.134 | 
     | datapath/FE_RC_599_0                               | C1 v -> ZN ^ | AOI221_X1 | 0.277 |   3.187 |    3.410 | 
     | datapath/LT_TC_OP_g1513                            | A1 ^ -> ZN v | OAI222_X1 | 0.165 |   3.352 |    3.575 | 
     | datapath/LT_TC_OP_g1512                            | C1 v -> ZN ^ | AOI221_X2 | 0.294 |   3.646 |    3.869 | 
     | datapath/g16081                                    | A1 ^ -> ZN ^ | AND2_X2   | 0.153 |   3.798 |    4.022 | 
     | datapath/g16079                                    | A1 ^ -> ZN ^ | OR2_X4    | 0.099 |   3.897 |    4.121 | 
     | datapath/branch_or_inc_4/FE_OFC210_IFID_takeBranch | A ^ -> Z ^   | BUF_X8    | 0.114 |   4.011 |    4.235 | 
     | datapath/branch_or_inc_4/g836__6161                | S ^ -> Z v   | MUX2_X1   | 0.230 |   4.241 |    4.465 | 
     | datapath/IF_pc_reg[8]                              | D v          | SDFFR_X1  | 0.000 |   4.241 |    4.465 | 
     +------------------------------------------------------------------------------------------------------------+ 
Path 12: MET Setup Check with Pin datapath/IF_pc_reg[25]/CK 
Endpoint:   datapath/IF_pc_reg[25]/D      (v) checked with  leading edge of 
'clk'
Beginpoint: datapath/IFID_instr_reg[15]/Q (v) triggered by  leading edge of 
'clk'
Path Groups: {reg2reg}
Analysis View: RPT_SLOW
Other End Arrival Time          0.556
- Setup                         0.241
+ Phase Shift                   4.250
+ CPPR Adjustment               0.000
- Uncertainty                   0.100
= Required Time                 4.465
- Arrival Time                  4.241
= Slack Time                    0.224
     Clock Rise Edge                 0.000
     + Clock Network Latency (Prop)  0.570
     = Beginpoint Arrival Time       0.570
     +------------------------------------------------------------------------------------------------------------+ 
     |                      Instance                      |     Arc      |   Cell    | Delay | Arrival | Required | 
     |                                                    |              |           |       |  Time   |   Time   | 
     |----------------------------------------------------+--------------+-----------+-------+---------+----------| 
     | datapath/IFID_instr_reg[15]                        | CK ^         |           |       |   0.570 |    0.793 | 
     | datapath/IFID_instr_reg[15]                        | CK ^ -> Q v  | DFFR_X1   | 0.310 |   0.880 |    1.103 | 
     | datapath/FE_OFC680_n_1229                          | A v -> Z v   | BUF_X4    | 0.104 |   0.984 |    1.207 | 
     | datapath/g517__7410                                | A2 v -> ZN ^ | NAND2_X1  | 0.234 |   1.218 |    1.441 | 
     | datapath/g476__7098                                | A2 ^ -> ZN v | NOR2_X1   | 0.063 |   1.281 |    1.505 | 
     | datapath/FE_OFC751_registers_n_2520                | A v -> Z v   | CLKBUF_X3 | 0.243 |   1.524 |    1.748 | 
     | datapath/g3848                                     | A1 v -> ZN ^ | AOI22_X1  | 0.166 |   1.691 |    1.914 | 
     | datapath/g3511__2346                               | A2 ^ -> ZN ^ | AND4_X1   | 0.250 |   1.940 |    2.164 | 
     | datapath/FE_RC_665_0                               | A3 ^ -> ZN v | NAND3_X2  | 0.093 |   2.034 |    2.257 | 
     | datapath/g26665                                    | A1 v -> ZN ^ | AOI222_X2 | 0.177 |   2.211 |    2.435 | 
     | datapath/FE_OFC140_LT_TC_OP_n_35                   | A ^ -> Z ^   | BUF_X1    | 0.131 |   2.342 |    2.566 | 
     | datapath/LT_TC_OP_g1584                            | A1 ^ -> ZN v | NAND2_X1  | 0.058 |   2.400 |    2.624 | 
     | datapath/LT_TC_OP_g1545                            | A1 v -> ZN v | OR2_X2    | 0.158 |   2.558 |    2.782 | 
     | datapath/LT_TC_OP_g1527                            | A1 v -> ZN ^ | AOI22_X2  | 0.103 |   2.661 |    2.885 | 
     | datapath/LT_TC_OP_g1519                            | A1 ^ -> ZN v | OAI22_X1  | 0.074 |   2.735 |    2.959 | 
     | datapath/FE_RC_633_0                               | A1 v -> ZN ^ | AOI22_X2  | 0.108 |   2.843 |    3.066 | 
     | datapath/LT_TC_OP_g1515                            | B1 ^ -> ZN v | OAI21_X1  | 0.068 |   2.910 |    3.134 | 
     | datapath/FE_RC_599_0                               | C1 v -> ZN ^ | AOI221_X1 | 0.277 |   3.187 |    3.411 | 
     | datapath/LT_TC_OP_g1513                            | A1 ^ -> ZN v | OAI222_X1 | 0.165 |   3.352 |    3.576 | 
     | datapath/LT_TC_OP_g1512                            | C1 v -> ZN ^ | AOI221_X2 | 0.294 |   3.646 |    3.869 | 
     | datapath/g16081                                    | A1 ^ -> ZN ^ | AND2_X2   | 0.153 |   3.798 |    4.022 | 
     | datapath/g16079                                    | A1 ^ -> ZN ^ | OR2_X4    | 0.099 |   3.897 |    4.121 | 
     | datapath/branch_or_inc_4/FE_OFC210_IFID_takeBranch | A ^ -> Z ^   | BUF_X8    | 0.114 |   4.011 |    4.235 | 
     | datapath/branch_or_inc_4/g811__2883                | S ^ -> Z v   | MUX2_X1   | 0.230 |   4.241 |    4.465 | 
     | datapath/IF_pc_reg[25]                             | D v          | SDFFR_X1  | 0.000 |   4.241 |    4.465 | 
     +------------------------------------------------------------------------------------------------------------+ 
Path 13: MET Setup Check with Pin datapath/IF_pc_reg[7]/CK 
Endpoint:   datapath/IF_pc_reg[7]/D       (v) checked with  leading edge of 
'clk'
Beginpoint: datapath/IFID_instr_reg[15]/Q (v) triggered by  leading edge of 
'clk'
Path Groups: {reg2reg}
Analysis View: RPT_SLOW
Other End Arrival Time          0.556
- Setup                         0.241
+ Phase Shift                   4.250
+ CPPR Adjustment               0.000
- Uncertainty                   0.100
= Required Time                 4.465
- Arrival Time                  4.240
= Slack Time                    0.225
     Clock Rise Edge                 0.000
     + Clock Network Latency (Prop)  0.570
     = Beginpoint Arrival Time       0.570
     +------------------------------------------------------------------------------------------------------------+ 
     |                      Instance                      |     Arc      |   Cell    | Delay | Arrival | Required | 
     |                                                    |              |           |       |  Time   |   Time   | 
     |----------------------------------------------------+--------------+-----------+-------+---------+----------| 
     | datapath/IFID_instr_reg[15]                        | CK ^         |           |       |   0.570 |    0.795 | 
     | datapath/IFID_instr_reg[15]                        | CK ^ -> Q v  | DFFR_X1   | 0.310 |   0.880 |    1.104 | 
     | datapath/FE_OFC680_n_1229                          | A v -> Z v   | BUF_X4    | 0.104 |   0.984 |    1.208 | 
     | datapath/g517__7410                                | A2 v -> ZN ^ | NAND2_X1  | 0.234 |   1.218 |    1.443 | 
     | datapath/g476__7098                                | A2 ^ -> ZN v | NOR2_X1   | 0.063 |   1.281 |    1.506 | 
     | datapath/FE_OFC751_registers_n_2520                | A v -> Z v   | CLKBUF_X3 | 0.243 |   1.524 |    1.749 | 
     | datapath/g3848                                     | A1 v -> ZN ^ | AOI22_X1  | 0.166 |   1.691 |    1.915 | 
     | datapath/g3511__2346                               | A2 ^ -> ZN ^ | AND4_X1   | 0.250 |   1.940 |    2.165 | 
     | datapath/FE_RC_665_0                               | A3 ^ -> ZN v | NAND3_X2  | 0.093 |   2.034 |    2.258 | 
     | datapath/g26665                                    | A1 v -> ZN ^ | AOI222_X2 | 0.177 |   2.211 |    2.436 | 
     | datapath/FE_OFC140_LT_TC_OP_n_35                   | A ^ -> Z ^   | BUF_X1    | 0.131 |   2.342 |    2.567 | 
     | datapath/LT_TC_OP_g1584                            | A1 ^ -> ZN v | NAND2_X1  | 0.058 |   2.400 |    2.625 | 
     | datapath/LT_TC_OP_g1545                            | A1 v -> ZN v | OR2_X2    | 0.158 |   2.558 |    2.783 | 
     | datapath/LT_TC_OP_g1527                            | A1 v -> ZN ^ | AOI22_X2  | 0.103 |   2.661 |    2.886 | 
     | datapath/LT_TC_OP_g1519                            | A1 ^ -> ZN v | OAI22_X1  | 0.074 |   2.735 |    2.960 | 
     | datapath/FE_RC_633_0                               | A1 v -> ZN ^ | AOI22_X2  | 0.108 |   2.843 |    3.067 | 
     | datapath/LT_TC_OP_g1515                            | B1 ^ -> ZN v | OAI21_X1  | 0.068 |   2.910 |    3.135 | 
     | datapath/FE_RC_599_0                               | C1 v -> ZN ^ | AOI221_X1 | 0.277 |   3.187 |    3.412 | 
     | datapath/LT_TC_OP_g1513                            | A1 ^ -> ZN v | OAI222_X1 | 0.165 |   3.352 |    3.577 | 
     | datapath/LT_TC_OP_g1512                            | C1 v -> ZN ^ | AOI221_X2 | 0.294 |   3.646 |    3.871 | 
     | datapath/g16081                                    | A1 ^ -> ZN ^ | AND2_X2   | 0.153 |   3.798 |    4.023 | 
     | datapath/g16079                                    | A1 ^ -> ZN ^ | OR2_X4    | 0.099 |   3.897 |    4.122 | 
     | datapath/branch_or_inc_4/FE_OFC210_IFID_takeBranch | A ^ -> Z ^   | BUF_X8    | 0.114 |   4.011 |    4.236 | 
     | datapath/branch_or_inc_4/g838__9945                | S ^ -> Z v   | MUX2_X1   | 0.229 |   4.240 |    4.465 | 
     | datapath/IF_pc_reg[7]                              | D v          | SDFFR_X1  | 0.000 |   4.240 |    4.465 | 
     +------------------------------------------------------------------------------------------------------------+ 
Path 14: MET Setup Check with Pin datapath/IF_pc_reg[12]/CK 
Endpoint:   datapath/IF_pc_reg[12]/D      (v) checked with  leading edge of 
'clk'
Beginpoint: datapath/IFID_instr_reg[15]/Q (v) triggered by  leading edge of 
'clk'
Path Groups: {reg2reg}
Analysis View: RPT_SLOW
Other End Arrival Time          0.566
- Setup                         0.242
+ Phase Shift                   4.250
+ CPPR Adjustment               0.000
- Uncertainty                   0.100
= Required Time                 4.474
- Arrival Time                  4.239
= Slack Time                    0.234
     Clock Rise Edge                 0.000
     + Clock Network Latency (Prop)  0.570
     = Beginpoint Arrival Time       0.570
     +------------------------------------------------------------------------------------------------------------+ 
     |                      Instance                      |     Arc      |   Cell    | Delay | Arrival | Required | 
     |                                                    |              |           |       |  Time   |   Time   | 
     |----------------------------------------------------+--------------+-----------+-------+---------+----------| 
     | datapath/IFID_instr_reg[15]                        | CK ^         |           |       |   0.570 |    0.804 | 
     | datapath/IFID_instr_reg[15]                        | CK ^ -> Q v  | DFFR_X1   | 0.310 |   0.880 |    1.114 | 
     | datapath/FE_OFC680_n_1229                          | A v -> Z v   | BUF_X4    | 0.104 |   0.984 |    1.218 | 
     | datapath/g517__7410                                | A2 v -> ZN ^ | NAND2_X1  | 0.234 |   1.218 |    1.452 | 
     | datapath/g476__7098                                | A2 ^ -> ZN v | NOR2_X1   | 0.063 |   1.281 |    1.515 | 
     | datapath/FE_OFC751_registers_n_2520                | A v -> Z v   | CLKBUF_X3 | 0.243 |   1.524 |    1.759 | 
     | datapath/g3848                                     | A1 v -> ZN ^ | AOI22_X1  | 0.166 |   1.691 |    1.925 | 
     | datapath/g3511__2346                               | A2 ^ -> ZN ^ | AND4_X1   | 0.250 |   1.940 |    2.175 | 
     | datapath/FE_RC_665_0                               | A3 ^ -> ZN v | NAND3_X2  | 0.093 |   2.034 |    2.268 | 
     | datapath/g26665                                    | A1 v -> ZN ^ | AOI222_X2 | 0.177 |   2.211 |    2.445 | 
     | datapath/FE_OFC140_LT_TC_OP_n_35                   | A ^ -> Z ^   | BUF_X1    | 0.131 |   2.342 |    2.576 | 
     | datapath/LT_TC_OP_g1584                            | A1 ^ -> ZN v | NAND2_X1  | 0.058 |   2.400 |    2.635 | 
     | datapath/LT_TC_OP_g1545                            | A1 v -> ZN v | OR2_X2    | 0.158 |   2.558 |    2.793 | 
     | datapath/LT_TC_OP_g1527                            | A1 v -> ZN ^ | AOI22_X2  | 0.103 |   2.661 |    2.896 | 
     | datapath/LT_TC_OP_g1519                            | A1 ^ -> ZN v | OAI22_X1  | 0.074 |   2.735 |    2.969 | 
     | datapath/FE_RC_633_0                               | A1 v -> ZN ^ | AOI22_X2  | 0.108 |   2.843 |    3.077 | 
     | datapath/LT_TC_OP_g1515                            | B1 ^ -> ZN v | OAI21_X1  | 0.068 |   2.910 |    3.145 | 
     | datapath/FE_RC_599_0                               | C1 v -> ZN ^ | AOI221_X1 | 0.277 |   3.187 |    3.421 | 
     | datapath/LT_TC_OP_g1513                            | A1 ^ -> ZN v | OAI222_X1 | 0.165 |   3.352 |    3.586 | 
     | datapath/LT_TC_OP_g1512                            | C1 v -> ZN ^ | AOI221_X2 | 0.294 |   3.646 |    3.880 | 
     | datapath/g16081                                    | A1 ^ -> ZN ^ | AND2_X2   | 0.153 |   3.798 |    4.033 | 
     | datapath/g16079                                    | A1 ^ -> ZN ^ | OR2_X4    | 0.099 |   3.897 |    4.132 | 
     | datapath/branch_or_inc_4/FE_OFC210_IFID_takeBranch | A ^ -> Z ^   | BUF_X8    | 0.114 |   4.011 |    4.246 | 
     | datapath/branch_or_inc_4/g829__8246                | S ^ -> Z v   | MUX2_X1   | 0.228 |   4.239 |    4.474 | 
     | datapath/IF_pc_reg[12]                             | D v          | SDFFR_X1  | 0.000 |   4.239 |    4.474 | 
     +------------------------------------------------------------------------------------------------------------+ 
Path 15: MET Setup Check with Pin datapath/IF_pc_reg[22]/CK 
Endpoint:   datapath/IF_pc_reg[22]/D      (v) checked with  leading edge of 
'clk'
Beginpoint: datapath/IFID_instr_reg[15]/Q (v) triggered by  leading edge of 
'clk'
Path Groups: {reg2reg}
Analysis View: RPT_SLOW
Other End Arrival Time          0.567
- Setup                         0.243
+ Phase Shift                   4.250
+ CPPR Adjustment               0.000
- Uncertainty                   0.100
= Required Time                 4.474
- Arrival Time                  4.239
= Slack Time                    0.235
     Clock Rise Edge                 0.000
     + Clock Network Latency (Prop)  0.570
     = Beginpoint Arrival Time       0.570
     +------------------------------------------------------------------------------------------------------------+ 
     |                      Instance                      |     Arc      |   Cell    | Delay | Arrival | Required | 
     |                                                    |              |           |       |  Time   |   Time   | 
     |----------------------------------------------------+--------------+-----------+-------+---------+----------| 
     | datapath/IFID_instr_reg[15]                        | CK ^         |           |       |   0.570 |    0.805 | 
     | datapath/IFID_instr_reg[15]                        | CK ^ -> Q v  | DFFR_X1   | 0.310 |   0.880 |    1.114 | 
     | datapath/FE_OFC680_n_1229                          | A v -> Z v   | BUF_X4    | 0.104 |   0.984 |    1.218 | 
     | datapath/g517__7410                                | A2 v -> ZN ^ | NAND2_X1  | 0.234 |   1.218 |    1.453 | 
     | datapath/g476__7098                                | A2 ^ -> ZN v | NOR2_X1   | 0.063 |   1.281 |    1.516 | 
     | datapath/FE_OFC751_registers_n_2520                | A v -> Z v   | CLKBUF_X3 | 0.243 |   1.524 |    1.759 | 
     | datapath/g3848                                     | A1 v -> ZN ^ | AOI22_X1  | 0.166 |   1.691 |    1.926 | 
     | datapath/g3511__2346                               | A2 ^ -> ZN ^ | AND4_X1   | 0.250 |   1.940 |    2.175 | 
     | datapath/FE_RC_665_0                               | A3 ^ -> ZN v | NAND3_X2  | 0.093 |   2.034 |    2.268 | 
     | datapath/g26665                                    | A1 v -> ZN ^ | AOI222_X2 | 0.177 |   2.211 |    2.446 | 
     | datapath/FE_OFC140_LT_TC_OP_n_35                   | A ^ -> Z ^   | BUF_X1    | 0.131 |   2.342 |    2.577 | 
     | datapath/LT_TC_OP_g1584                            | A1 ^ -> ZN v | NAND2_X1  | 0.058 |   2.400 |    2.635 | 
     | datapath/LT_TC_OP_g1545                            | A1 v -> ZN v | OR2_X2    | 0.158 |   2.558 |    2.793 | 
     | datapath/LT_TC_OP_g1527                            | A1 v -> ZN ^ | AOI22_X2  | 0.103 |   2.661 |    2.896 | 
     | datapath/LT_TC_OP_g1519                            | A1 ^ -> ZN v | OAI22_X1  | 0.074 |   2.735 |    2.970 | 
     | datapath/FE_RC_633_0                               | A1 v -> ZN ^ | AOI22_X2  | 0.108 |   2.843 |    3.078 | 
     | datapath/LT_TC_OP_g1515                            | B1 ^ -> ZN v | OAI21_X1  | 0.068 |   2.910 |    3.145 | 
     | datapath/FE_RC_599_0                               | C1 v -> ZN ^ | AOI221_X1 | 0.277 |   3.187 |    3.422 | 
     | datapath/LT_TC_OP_g1513                            | A1 ^ -> ZN v | OAI222_X1 | 0.165 |   3.352 |    3.587 | 
     | datapath/LT_TC_OP_g1512                            | C1 v -> ZN ^ | AOI221_X2 | 0.294 |   3.646 |    3.881 | 
     | datapath/g16081                                    | A1 ^ -> ZN ^ | AND2_X2   | 0.153 |   3.798 |    4.033 | 
     | datapath/g16079                                    | A1 ^ -> ZN ^ | OR2_X4    | 0.099 |   3.897 |    4.132 | 
     | datapath/branch_or_inc_4/FE_OFC210_IFID_takeBranch | A ^ -> Z ^   | BUF_X8    | 0.114 |   4.011 |    4.246 | 
     | datapath/branch_or_inc_4/g825__1617                | S ^ -> Z v   | MUX2_X1   | 0.228 |   4.239 |    4.474 | 
     | datapath/IF_pc_reg[22]                             | D v          | SDFFR_X1  | 0.000 |   4.239 |    4.474 | 
     +------------------------------------------------------------------------------------------------------------+ 
Path 16: MET Setup Check with Pin datapath/IF_pc_reg[13]/CK 
Endpoint:   datapath/IF_pc_reg[13]/D      (v) checked with  leading edge of 
'clk'
Beginpoint: datapath/IFID_instr_reg[15]/Q (v) triggered by  leading edge of 
'clk'
Path Groups: {reg2reg}
Analysis View: RPT_SLOW
Other End Arrival Time          0.566
- Setup                         0.242
+ Phase Shift                   4.250
+ CPPR Adjustment               0.000
- Uncertainty                   0.100
= Required Time                 4.474
- Arrival Time                  4.239
= Slack Time                    0.235
     Clock Rise Edge                 0.000
     + Clock Network Latency (Prop)  0.570
     = Beginpoint Arrival Time       0.570
     +------------------------------------------------------------------------------------------------------------+ 
     |                      Instance                      |     Arc      |   Cell    | Delay | Arrival | Required | 
     |                                                    |              |           |       |  Time   |   Time   | 
     |----------------------------------------------------+--------------+-----------+-------+---------+----------| 
     | datapath/IFID_instr_reg[15]                        | CK ^         |           |       |   0.570 |    0.805 | 
     | datapath/IFID_instr_reg[15]                        | CK ^ -> Q v  | DFFR_X1   | 0.310 |   0.880 |    1.115 | 
     | datapath/FE_OFC680_n_1229                          | A v -> Z v   | BUF_X4    | 0.104 |   0.984 |    1.219 | 
     | datapath/g517__7410                                | A2 v -> ZN ^ | NAND2_X1  | 0.234 |   1.218 |    1.453 | 
     | datapath/g476__7098                                | A2 ^ -> ZN v | NOR2_X1   | 0.063 |   1.281 |    1.516 | 
     | datapath/FE_OFC751_registers_n_2520                | A v -> Z v   | CLKBUF_X3 | 0.243 |   1.524 |    1.760 | 
     | datapath/g3848                                     | A1 v -> ZN ^ | AOI22_X1  | 0.166 |   1.691 |    1.926 | 
     | datapath/g3511__2346                               | A2 ^ -> ZN ^ | AND4_X1   | 0.250 |   1.940 |    2.176 | 
     | datapath/FE_RC_665_0                               | A3 ^ -> ZN v | NAND3_X2  | 0.093 |   2.034 |    2.269 | 
     | datapath/g26665                                    | A1 v -> ZN ^ | AOI222_X2 | 0.177 |   2.211 |    2.446 | 
     | datapath/FE_OFC140_LT_TC_OP_n_35                   | A ^ -> Z ^   | BUF_X1    | 0.131 |   2.342 |    2.577 | 
     | datapath/LT_TC_OP_g1584                            | A1 ^ -> ZN v | NAND2_X1  | 0.058 |   2.400 |    2.636 | 
     | datapath/LT_TC_OP_g1545                            | A1 v -> ZN v | OR2_X2    | 0.158 |   2.558 |    2.794 | 
     | datapath/LT_TC_OP_g1527                            | A1 v -> ZN ^ | AOI22_X2  | 0.103 |   2.661 |    2.897 | 
     | datapath/LT_TC_OP_g1519                            | A1 ^ -> ZN v | OAI22_X1  | 0.074 |   2.735 |    2.970 | 
     | datapath/FE_RC_633_0                               | A1 v -> ZN ^ | AOI22_X2  | 0.108 |   2.843 |    3.078 | 
     | datapath/LT_TC_OP_g1515                            | B1 ^ -> ZN v | OAI21_X1  | 0.068 |   2.910 |    3.146 | 
     | datapath/FE_RC_599_0                               | C1 v -> ZN ^ | AOI221_X1 | 0.277 |   3.187 |    3.422 | 
     | datapath/LT_TC_OP_g1513                            | A1 ^ -> ZN v | OAI222_X1 | 0.165 |   3.352 |    3.587 | 
     | datapath/LT_TC_OP_g1512                            | C1 v -> ZN ^ | AOI221_X2 | 0.294 |   3.646 |    3.881 | 
     | datapath/g16081                                    | A1 ^ -> ZN ^ | AND2_X2   | 0.153 |   3.798 |    4.034 | 
     | datapath/g16079                                    | A1 ^ -> ZN ^ | OR2_X4    | 0.099 |   3.897 |    4.133 | 
     | datapath/branch_or_inc_4/FE_OFC210_IFID_takeBranch | A ^ -> Z ^   | BUF_X8    | 0.114 |   4.011 |    4.247 | 
     | datapath/branch_or_inc_4/g826__2802                | S ^ -> Z v   | MUX2_X1   | 0.227 |   4.239 |    4.474 | 
     | datapath/IF_pc_reg[13]                             | D v          | SDFFR_X1  | 0.000 |   4.239 |    4.474 | 
     +------------------------------------------------------------------------------------------------------------+ 
Path 17: MET Setup Check with Pin datapath/IF_pc_reg[9]/CK 
Endpoint:   datapath/IF_pc_reg[9]/D       (v) checked with  leading edge of 
'clk'
Beginpoint: datapath/IFID_instr_reg[15]/Q (v) triggered by  leading edge of 
'clk'
Path Groups: {reg2reg}
Analysis View: RPT_SLOW
Other End Arrival Time          0.571
- Setup                         0.241
+ Phase Shift                   4.250
+ CPPR Adjustment               0.000
- Uncertainty                   0.100
= Required Time                 4.480
- Arrival Time                  4.244
= Slack Time                    0.236
     Clock Rise Edge                 0.000
     + Clock Network Latency (Prop)  0.570
     = Beginpoint Arrival Time       0.570
     +------------------------------------------------------------------------------------------------------------+ 
     |                      Instance                      |     Arc      |   Cell    | Delay | Arrival | Required | 
     |                                                    |              |           |       |  Time   |   Time   | 
     |----------------------------------------------------+--------------+-----------+-------+---------+----------| 
     | datapath/IFID_instr_reg[15]                        | CK ^         |           |       |   0.570 |    0.806 | 
     | datapath/IFID_instr_reg[15]                        | CK ^ -> Q v  | DFFR_X1   | 0.310 |   0.880 |    1.116 | 
     | datapath/FE_OFC680_n_1229                          | A v -> Z v   | BUF_X4    | 0.104 |   0.984 |    1.220 | 
     | datapath/g517__7410                                | A2 v -> ZN ^ | NAND2_X1  | 0.234 |   1.218 |    1.454 | 
     | datapath/g476__7098                                | A2 ^ -> ZN v | NOR2_X1   | 0.063 |   1.281 |    1.517 | 
     | datapath/FE_OFC751_registers_n_2520                | A v -> Z v   | CLKBUF_X3 | 0.243 |   1.524 |    1.760 | 
     | datapath/g3848                                     | A1 v -> ZN ^ | AOI22_X1  | 0.166 |   1.691 |    1.927 | 
     | datapath/g3511__2346                               | A2 ^ -> ZN ^ | AND4_X1   | 0.250 |   1.940 |    2.176 | 
     | datapath/FE_RC_665_0                               | A3 ^ -> ZN v | NAND3_X2  | 0.093 |   2.034 |    2.270 | 
     | datapath/g26665                                    | A1 v -> ZN ^ | AOI222_X2 | 0.177 |   2.211 |    2.447 | 
     | datapath/FE_OFC140_LT_TC_OP_n_35                   | A ^ -> Z ^   | BUF_X1    | 0.131 |   2.342 |    2.578 | 
     | datapath/LT_TC_OP_g1584                            | A1 ^ -> ZN v | NAND2_X1  | 0.058 |   2.400 |    2.636 | 
     | datapath/LT_TC_OP_g1545                            | A1 v -> ZN v | OR2_X2    | 0.158 |   2.558 |    2.794 | 
     | datapath/LT_TC_OP_g1527                            | A1 v -> ZN ^ | AOI22_X2  | 0.103 |   2.661 |    2.897 | 
     | datapath/LT_TC_OP_g1519                            | A1 ^ -> ZN v | OAI22_X1  | 0.074 |   2.735 |    2.971 | 
     | datapath/FE_RC_633_0                               | A1 v -> ZN ^ | AOI22_X2  | 0.108 |   2.843 |    3.079 | 
     | datapath/LT_TC_OP_g1515                            | B1 ^ -> ZN v | OAI21_X1  | 0.068 |   2.910 |    3.146 | 
     | datapath/FE_RC_599_0                               | C1 v -> ZN ^ | AOI221_X1 | 0.277 |   3.187 |    3.423 | 
     | datapath/LT_TC_OP_g1513                            | A1 ^ -> ZN v | OAI222_X1 | 0.165 |   3.352 |    3.588 | 
     | datapath/LT_TC_OP_g1512                            | C1 v -> ZN ^ | AOI221_X2 | 0.294 |   3.646 |    3.882 | 
     | datapath/g16081                                    | A1 ^ -> ZN ^ | AND2_X2   | 0.153 |   3.798 |    4.034 | 
     | datapath/g16079                                    | A1 ^ -> ZN ^ | OR2_X4    | 0.099 |   3.897 |    4.133 | 
     | datapath/branch_or_inc_4/FE_OFC210_IFID_takeBranch | A ^ -> Z ^   | BUF_X8    | 0.114 |   4.011 |    4.247 | 
     | datapath/branch_or_inc_4/g835__4733                | S ^ -> Z v   | MUX2_X1   | 0.233 |   4.244 |    4.480 | 
     | datapath/IF_pc_reg[9]                              | D v          | SDFFR_X1  | 0.000 |   4.244 |    4.480 | 
     +------------------------------------------------------------------------------------------------------------+ 
Path 18: MET Setup Check with Pin datapath/IF_pc_reg[14]/CK 
Endpoint:   datapath/IF_pc_reg[14]/D      (v) checked with  leading edge of 
'clk'
Beginpoint: datapath/IFID_instr_reg[15]/Q (v) triggered by  leading edge of 
'clk'
Path Groups: {reg2reg}
Analysis View: RPT_SLOW
Other End Arrival Time          0.566
- Setup                         0.242
+ Phase Shift                   4.250
+ CPPR Adjustment               0.000
- Uncertainty                   0.100
= Required Time                 4.474
- Arrival Time                  4.237
= Slack Time                    0.236
     Clock Rise Edge                 0.000
     + Clock Network Latency (Prop)  0.570
     = Beginpoint Arrival Time       0.570
     +------------------------------------------------------------------------------------------------------------+ 
     |                      Instance                      |     Arc      |   Cell    | Delay | Arrival | Required | 
     |                                                    |              |           |       |  Time   |   Time   | 
     |----------------------------------------------------+--------------+-----------+-------+---------+----------| 
     | datapath/IFID_instr_reg[15]                        | CK ^         |           |       |   0.570 |    0.806 | 
     | datapath/IFID_instr_reg[15]                        | CK ^ -> Q v  | DFFR_X1   | 0.310 |   0.880 |    1.116 | 
     | datapath/FE_OFC680_n_1229                          | A v -> Z v   | BUF_X4    | 0.104 |   0.984 |    1.220 | 
     | datapath/g517__7410                                | A2 v -> ZN ^ | NAND2_X1  | 0.234 |   1.218 |    1.454 | 
     | datapath/g476__7098                                | A2 ^ -> ZN v | NOR2_X1   | 0.063 |   1.281 |    1.517 | 
     | datapath/FE_OFC751_registers_n_2520                | A v -> Z v   | CLKBUF_X3 | 0.243 |   1.524 |    1.761 | 
     | datapath/g3848                                     | A1 v -> ZN ^ | AOI22_X1  | 0.166 |   1.691 |    1.927 | 
     | datapath/g3511__2346                               | A2 ^ -> ZN ^ | AND4_X1   | 0.250 |   1.940 |    2.177 | 
     | datapath/FE_RC_665_0                               | A3 ^ -> ZN v | NAND3_X2  | 0.093 |   2.034 |    2.270 | 
     | datapath/g26665                                    | A1 v -> ZN ^ | AOI222_X2 | 0.177 |   2.211 |    2.447 | 
     | datapath/FE_OFC140_LT_TC_OP_n_35                   | A ^ -> Z ^   | BUF_X1    | 0.131 |   2.342 |    2.578 | 
     | datapath/LT_TC_OP_g1584                            | A1 ^ -> ZN v | NAND2_X1  | 0.058 |   2.400 |    2.637 | 
     | datapath/LT_TC_OP_g1545                            | A1 v -> ZN v | OR2_X2    | 0.158 |   2.558 |    2.795 | 
     | datapath/LT_TC_OP_g1527                            | A1 v -> ZN ^ | AOI22_X2  | 0.103 |   2.661 |    2.898 | 
     | datapath/LT_TC_OP_g1519                            | A1 ^ -> ZN v | OAI22_X1  | 0.074 |   2.735 |    2.972 | 
     | datapath/FE_RC_633_0                               | A1 v -> ZN ^ | AOI22_X2  | 0.108 |   2.843 |    3.079 | 
     | datapath/LT_TC_OP_g1515                            | B1 ^ -> ZN v | OAI21_X1  | 0.068 |   2.910 |    3.147 | 
     | datapath/FE_RC_599_0                               | C1 v -> ZN ^ | AOI221_X1 | 0.277 |   3.187 |    3.423 | 
     | datapath/LT_TC_OP_g1513                            | A1 ^ -> ZN v | OAI222_X1 | 0.165 |   3.352 |    3.588 | 
     | datapath/LT_TC_OP_g1512                            | C1 v -> ZN ^ | AOI221_X2 | 0.294 |   3.646 |    3.882 | 
     | datapath/g16081                                    | A1 ^ -> ZN ^ | AND2_X2   | 0.153 |   3.798 |    4.035 | 
     | datapath/g16079                                    | A1 ^ -> ZN ^ | OR2_X4    | 0.099 |   3.897 |    4.134 | 
     | datapath/branch_or_inc_4/FE_OFC210_IFID_takeBranch | A ^ -> Z ^   | BUF_X8    | 0.114 |   4.011 |    4.248 | 
     | datapath/branch_or_inc_4/g839__2883                | S ^ -> Z v   | MUX2_X1   | 0.226 |   4.237 |    4.474 | 
     | datapath/IF_pc_reg[14]                             | D v          | SDFFR_X1  | 0.000 |   4.237 |    4.474 | 
     +------------------------------------------------------------------------------------------------------------+ 
Path 19: MET Setup Check with Pin datapath/IF_pc_reg[23]/CK 
Endpoint:   datapath/IF_pc_reg[23]/D      (v) checked with  leading edge of 
'clk'
Beginpoint: datapath/IFID_instr_reg[15]/Q (v) triggered by  leading edge of 
'clk'
Path Groups: {reg2reg}
Analysis View: RPT_SLOW
Other End Arrival Time          0.567
- Setup                         0.242
+ Phase Shift                   4.250
+ CPPR Adjustment               0.000
- Uncertainty                   0.100
= Required Time                 4.474
- Arrival Time                  4.238
= Slack Time                    0.236
     Clock Rise Edge                 0.000
     + Clock Network Latency (Prop)  0.570
     = Beginpoint Arrival Time       0.570
     +------------------------------------------------------------------------------------------------------------+ 
     |                      Instance                      |     Arc      |   Cell    | Delay | Arrival | Required | 
     |                                                    |              |           |       |  Time   |   Time   | 
     |----------------------------------------------------+--------------+-----------+-------+---------+----------| 
     | datapath/IFID_instr_reg[15]                        | CK ^         |           |       |   0.570 |    0.806 | 
     | datapath/IFID_instr_reg[15]                        | CK ^ -> Q v  | DFFR_X1   | 0.310 |   0.880 |    1.116 | 
     | datapath/FE_OFC680_n_1229                          | A v -> Z v   | BUF_X4    | 0.104 |   0.984 |    1.220 | 
     | datapath/g517__7410                                | A2 v -> ZN ^ | NAND2_X1  | 0.234 |   1.218 |    1.454 | 
     | datapath/g476__7098                                | A2 ^ -> ZN v | NOR2_X1   | 0.063 |   1.281 |    1.517 | 
     | datapath/FE_OFC751_registers_n_2520                | A v -> Z v   | CLKBUF_X3 | 0.243 |   1.524 |    1.761 | 
     | datapath/g3848                                     | A1 v -> ZN ^ | AOI22_X1  | 0.166 |   1.691 |    1.927 | 
     | datapath/g3511__2346                               | A2 ^ -> ZN ^ | AND4_X1   | 0.250 |   1.940 |    2.177 | 
     | datapath/FE_RC_665_0                               | A3 ^ -> ZN v | NAND3_X2  | 0.093 |   2.034 |    2.270 | 
     | datapath/g26665                                    | A1 v -> ZN ^ | AOI222_X2 | 0.177 |   2.211 |    2.447 | 
     | datapath/FE_OFC140_LT_TC_OP_n_35                   | A ^ -> Z ^   | BUF_X1    | 0.131 |   2.342 |    2.578 | 
     | datapath/LT_TC_OP_g1584                            | A1 ^ -> ZN v | NAND2_X1  | 0.058 |   2.400 |    2.637 | 
     | datapath/LT_TC_OP_g1545                            | A1 v -> ZN v | OR2_X2    | 0.158 |   2.558 |    2.795 | 
     | datapath/LT_TC_OP_g1527                            | A1 v -> ZN ^ | AOI22_X2  | 0.103 |   2.661 |    2.898 | 
     | datapath/LT_TC_OP_g1519                            | A1 ^ -> ZN v | OAI22_X1  | 0.074 |   2.735 |    2.972 | 
     | datapath/FE_RC_633_0                               | A1 v -> ZN ^ | AOI22_X2  | 0.108 |   2.843 |    3.079 | 
     | datapath/LT_TC_OP_g1515                            | B1 ^ -> ZN v | OAI21_X1  | 0.068 |   2.910 |    3.147 | 
     | datapath/FE_RC_599_0                               | C1 v -> ZN ^ | AOI221_X1 | 0.277 |   3.187 |    3.423 | 
     | datapath/LT_TC_OP_g1513                            | A1 ^ -> ZN v | OAI222_X1 | 0.165 |   3.352 |    3.588 | 
     | datapath/LT_TC_OP_g1512                            | C1 v -> ZN ^ | AOI221_X2 | 0.294 |   3.646 |    3.882 | 
     | datapath/g16081                                    | A1 ^ -> ZN ^ | AND2_X2   | 0.153 |   3.798 |    4.035 | 
     | datapath/g16079                                    | A1 ^ -> ZN ^ | OR2_X4    | 0.099 |   3.897 |    4.134 | 
     | datapath/branch_or_inc_4/FE_OFC210_IFID_takeBranch | A ^ -> Z ^   | BUF_X8    | 0.114 |   4.011 |    4.248 | 
     | datapath/branch_or_inc_4/g822__5526                | S ^ -> Z v   | MUX2_X1   | 0.227 |   4.238 |    4.474 | 
     | datapath/IF_pc_reg[23]                             | D v          | SDFFR_X1  | 0.000 |   4.238 |    4.474 | 
     +------------------------------------------------------------------------------------------------------------+ 
Path 20: MET Setup Check with Pin datapath/IF_pc_reg[5]/CK 
Endpoint:   datapath/IF_pc_reg[5]/D       (v) checked with  leading edge of 
'clk'
Beginpoint: datapath/IFID_instr_reg[15]/Q (v) triggered by  leading edge of 
'clk'
Path Groups: {reg2reg}
Analysis View: RPT_SLOW
Other End Arrival Time          0.566
- Setup                         0.242
+ Phase Shift                   4.250
+ CPPR Adjustment               0.000
- Uncertainty                   0.100
= Required Time                 4.474
- Arrival Time                  4.238
= Slack Time                    0.237
     Clock Rise Edge                 0.000
     + Clock Network Latency (Prop)  0.570
     = Beginpoint Arrival Time       0.570
     +------------------------------------------------------------------------------------------------------------+ 
     |                      Instance                      |     Arc      |   Cell    | Delay | Arrival | Required | 
     |                                                    |              |           |       |  Time   |   Time   | 
     |----------------------------------------------------+--------------+-----------+-------+---------+----------| 
     | datapath/IFID_instr_reg[15]                        | CK ^         |           |       |   0.570 |    0.806 | 
     | datapath/IFID_instr_reg[15]                        | CK ^ -> Q v  | DFFR_X1   | 0.310 |   0.880 |    1.116 | 
     | datapath/FE_OFC680_n_1229                          | A v -> Z v   | BUF_X4    | 0.104 |   0.984 |    1.220 | 
     | datapath/g517__7410                                | A2 v -> ZN ^ | NAND2_X1  | 0.234 |   1.218 |    1.454 | 
     | datapath/g476__7098                                | A2 ^ -> ZN v | NOR2_X1   | 0.063 |   1.281 |    1.517 | 
     | datapath/FE_OFC751_registers_n_2520                | A v -> Z v   | CLKBUF_X3 | 0.243 |   1.524 |    1.761 | 
     | datapath/g3848                                     | A1 v -> ZN ^ | AOI22_X1  | 0.166 |   1.691 |    1.927 | 
     | datapath/g3511__2346                               | A2 ^ -> ZN ^ | AND4_X1   | 0.250 |   1.940 |    2.177 | 
     | datapath/FE_RC_665_0                               | A3 ^ -> ZN v | NAND3_X2  | 0.093 |   2.034 |    2.270 | 
     | datapath/g26665                                    | A1 v -> ZN ^ | AOI222_X2 | 0.177 |   2.211 |    2.447 | 
     | datapath/FE_OFC140_LT_TC_OP_n_35                   | A ^ -> Z ^   | BUF_X1    | 0.131 |   2.342 |    2.579 | 
     | datapath/LT_TC_OP_g1584                            | A1 ^ -> ZN v | NAND2_X1  | 0.058 |   2.400 |    2.637 | 
     | datapath/LT_TC_OP_g1545                            | A1 v -> ZN v | OR2_X2    | 0.158 |   2.558 |    2.795 | 
     | datapath/LT_TC_OP_g1527                            | A1 v -> ZN ^ | AOI22_X2  | 0.103 |   2.661 |    2.898 | 
     | datapath/LT_TC_OP_g1519                            | A1 ^ -> ZN v | OAI22_X1  | 0.074 |   2.735 |    2.972 | 
     | datapath/FE_RC_633_0                               | A1 v -> ZN ^ | AOI22_X2  | 0.108 |   2.843 |    3.079 | 
     | datapath/LT_TC_OP_g1515                            | B1 ^ -> ZN v | OAI21_X1  | 0.068 |   2.910 |    3.147 | 
     | datapath/FE_RC_599_0                               | C1 v -> ZN ^ | AOI221_X1 | 0.277 |   3.187 |    3.424 | 
     | datapath/LT_TC_OP_g1513                            | A1 ^ -> ZN v | OAI222_X1 | 0.165 |   3.352 |    3.589 | 
     | datapath/LT_TC_OP_g1512                            | C1 v -> ZN ^ | AOI221_X2 | 0.294 |   3.646 |    3.882 | 
     | datapath/g16081                                    | A1 ^ -> ZN ^ | AND2_X2   | 0.153 |   3.798 |    4.035 | 
     | datapath/g16079                                    | A1 ^ -> ZN ^ | OR2_X4    | 0.099 |   3.897 |    4.134 | 
     | datapath/branch_or_inc_4/FE_OFC210_IFID_takeBranch | A ^ -> Z ^   | BUF_X8    | 0.114 |   4.011 |    4.248 | 
     | datapath/branch_or_inc_4/g813__1666                | S ^ -> Z v   | MUX2_X1   | 0.226 |   4.238 |    4.474 | 
     | datapath/IF_pc_reg[5]                              | D v          | SDFFR_X1  | 0.000 |   4.238 |    4.474 | 
     +------------------------------------------------------------------------------------------------------------+ 
Path 21: MET Setup Check with Pin datapath/IF_pc_reg[24]/CK 
Endpoint:   datapath/IF_pc_reg[24]/D      (v) checked with  leading edge of 
'clk'
Beginpoint: datapath/IFID_instr_reg[15]/Q (v) triggered by  leading edge of 
'clk'
Path Groups: {reg2reg}
Analysis View: RPT_SLOW
Other End Arrival Time          0.571
- Setup                         0.241
+ Phase Shift                   4.250
+ CPPR Adjustment               0.000
- Uncertainty                   0.100
= Required Time                 4.480
- Arrival Time                  4.242
= Slack Time                    0.237
     Clock Rise Edge                 0.000
     + Clock Network Latency (Prop)  0.570
     = Beginpoint Arrival Time       0.570
     +------------------------------------------------------------------------------------------------------------+ 
     |                      Instance                      |     Arc      |   Cell    | Delay | Arrival | Required | 
     |                                                    |              |           |       |  Time   |   Time   | 
     |----------------------------------------------------+--------------+-----------+-------+---------+----------| 
     | datapath/IFID_instr_reg[15]                        | CK ^         |           |       |   0.570 |    0.807 | 
     | datapath/IFID_instr_reg[15]                        | CK ^ -> Q v  | DFFR_X1   | 0.310 |   0.880 |    1.117 | 
     | datapath/FE_OFC680_n_1229                          | A v -> Z v   | BUF_X4    | 0.104 |   0.984 |    1.221 | 
     | datapath/g517__7410                                | A2 v -> ZN ^ | NAND2_X1  | 0.234 |   1.218 |    1.455 | 
     | datapath/g476__7098                                | A2 ^ -> ZN v | NOR2_X1   | 0.063 |   1.281 |    1.518 | 
     | datapath/FE_OFC751_registers_n_2520                | A v -> Z v   | CLKBUF_X3 | 0.243 |   1.524 |    1.762 | 
     | datapath/g3848                                     | A1 v -> ZN ^ | AOI22_X1  | 0.166 |   1.691 |    1.928 | 
     | datapath/g3511__2346                               | A2 ^ -> ZN ^ | AND4_X1   | 0.250 |   1.940 |    2.178 | 
     | datapath/FE_RC_665_0                               | A3 ^ -> ZN v | NAND3_X2  | 0.093 |   2.034 |    2.271 | 
     | datapath/g26665                                    | A1 v -> ZN ^ | AOI222_X2 | 0.177 |   2.211 |    2.448 | 
     | datapath/FE_OFC140_LT_TC_OP_n_35                   | A ^ -> Z ^   | BUF_X1    | 0.131 |   2.342 |    2.579 | 
     | datapath/LT_TC_OP_g1584                            | A1 ^ -> ZN v | NAND2_X1  | 0.058 |   2.400 |    2.638 | 
     | datapath/LT_TC_OP_g1545                            | A1 v -> ZN v | OR2_X2    | 0.158 |   2.558 |    2.796 | 
     | datapath/LT_TC_OP_g1527                            | A1 v -> ZN ^ | AOI22_X2  | 0.103 |   2.661 |    2.899 | 
     | datapath/LT_TC_OP_g1519                            | A1 ^ -> ZN v | OAI22_X1  | 0.074 |   2.735 |    2.973 | 
     | datapath/FE_RC_633_0                               | A1 v -> ZN ^ | AOI22_X2  | 0.108 |   2.843 |    3.080 | 
     | datapath/LT_TC_OP_g1515                            | B1 ^ -> ZN v | OAI21_X1  | 0.068 |   2.910 |    3.148 | 
     | datapath/FE_RC_599_0                               | C1 v -> ZN ^ | AOI221_X1 | 0.277 |   3.187 |    3.424 | 
     | datapath/LT_TC_OP_g1513                            | A1 ^ -> ZN v | OAI222_X1 | 0.165 |   3.352 |    3.589 | 
     | datapath/LT_TC_OP_g1512                            | C1 v -> ZN ^ | AOI221_X2 | 0.294 |   3.646 |    3.883 | 
     | datapath/g16081                                    | A1 ^ -> ZN ^ | AND2_X2   | 0.153 |   3.798 |    4.036 | 
     | datapath/g16079                                    | A1 ^ -> ZN ^ | OR2_X4    | 0.099 |   3.897 |    4.135 | 
     | datapath/branch_or_inc_4/FE_OFC210_IFID_takeBranch | A ^ -> Z ^   | BUF_X8    | 0.114 |   4.011 |    4.249 | 
     | datapath/branch_or_inc_4/g809__9315                | S ^ -> Z v   | MUX2_X1   | 0.231 |   4.242 |    4.480 | 
     | datapath/IF_pc_reg[24]                             | D v          | SDFFR_X1  | 0.000 |   4.242 |    4.480 | 
     +------------------------------------------------------------------------------------------------------------+ 
Path 22: MET Setup Check with Pin datapath/IF_pc_reg[15]/CK 
Endpoint:   datapath/IF_pc_reg[15]/D      (v) checked with  leading edge of 
'clk'
Beginpoint: datapath/IFID_instr_reg[15]/Q (v) triggered by  leading edge of 
'clk'
Path Groups: {reg2reg}
Analysis View: RPT_SLOW
Other End Arrival Time          0.567
- Setup                         0.242
+ Phase Shift                   4.250
+ CPPR Adjustment               0.000
- Uncertainty                   0.100
= Required Time                 4.475
- Arrival Time                  4.237
= Slack Time                    0.238
     Clock Rise Edge                 0.000
     + Clock Network Latency (Prop)  0.570
     = Beginpoint Arrival Time       0.570
     +------------------------------------------------------------------------------------------------------------+ 
     |                      Instance                      |     Arc      |   Cell    | Delay | Arrival | Required | 
     |                                                    |              |           |       |  Time   |   Time   | 
     |----------------------------------------------------+--------------+-----------+-------+---------+----------| 
     | datapath/IFID_instr_reg[15]                        | CK ^         |           |       |   0.570 |    0.807 | 
     | datapath/IFID_instr_reg[15]                        | CK ^ -> Q v  | DFFR_X1   | 0.310 |   0.880 |    1.117 | 
     | datapath/FE_OFC680_n_1229                          | A v -> Z v   | BUF_X4    | 0.104 |   0.984 |    1.221 | 
     | datapath/g517__7410                                | A2 v -> ZN ^ | NAND2_X1  | 0.234 |   1.218 |    1.455 | 
     | datapath/g476__7098                                | A2 ^ -> ZN v | NOR2_X1   | 0.063 |   1.281 |    1.518 | 
     | datapath/FE_OFC751_registers_n_2520                | A v -> Z v   | CLKBUF_X3 | 0.243 |   1.524 |    1.762 | 
     | datapath/g3848                                     | A1 v -> ZN ^ | AOI22_X1  | 0.166 |   1.691 |    1.928 | 
     | datapath/g3511__2346                               | A2 ^ -> ZN ^ | AND4_X1   | 0.250 |   1.940 |    2.178 | 
     | datapath/FE_RC_665_0                               | A3 ^ -> ZN v | NAND3_X2  | 0.093 |   2.034 |    2.271 | 
     | datapath/g26665                                    | A1 v -> ZN ^ | AOI222_X2 | 0.177 |   2.211 |    2.448 | 
     | datapath/FE_OFC140_LT_TC_OP_n_35                   | A ^ -> Z ^   | BUF_X1    | 0.131 |   2.342 |    2.580 | 
     | datapath/LT_TC_OP_g1584                            | A1 ^ -> ZN v | NAND2_X1  | 0.058 |   2.400 |    2.638 | 
     | datapath/LT_TC_OP_g1545                            | A1 v -> ZN v | OR2_X2    | 0.158 |   2.558 |    2.796 | 
     | datapath/LT_TC_OP_g1527                            | A1 v -> ZN ^ | AOI22_X2  | 0.103 |   2.661 |    2.899 | 
     | datapath/LT_TC_OP_g1519                            | A1 ^ -> ZN v | OAI22_X1  | 0.074 |   2.735 |    2.973 | 
     | datapath/FE_RC_633_0                               | A1 v -> ZN ^ | AOI22_X2  | 0.108 |   2.843 |    3.080 | 
     | datapath/LT_TC_OP_g1515                            | B1 ^ -> ZN v | OAI21_X1  | 0.068 |   2.910 |    3.148 | 
     | datapath/FE_RC_599_0                               | C1 v -> ZN ^ | AOI221_X1 | 0.277 |   3.187 |    3.425 | 
     | datapath/LT_TC_OP_g1513                            | A1 ^ -> ZN v | OAI222_X1 | 0.165 |   3.352 |    3.590 | 
     | datapath/LT_TC_OP_g1512                            | C1 v -> ZN ^ | AOI221_X2 | 0.294 |   3.646 |    3.883 | 
     | datapath/g16081                                    | A1 ^ -> ZN ^ | AND2_X2   | 0.153 |   3.798 |    4.036 | 
     | datapath/g16079                                    | A1 ^ -> ZN ^ | OR2_X4    | 0.099 |   3.897 |    4.135 | 
     | datapath/branch_or_inc_4/FE_OFC210_IFID_takeBranch | A ^ -> Z ^   | BUF_X8    | 0.114 |   4.011 |    4.249 | 
     | datapath/branch_or_inc_4/g823__6783                | S ^ -> Z v   | MUX2_X1   | 0.226 |   4.237 |    4.475 | 
     | datapath/IF_pc_reg[15]                             | D v          | SDFFR_X1  | 0.000 |   4.237 |    4.475 | 
     +------------------------------------------------------------------------------------------------------------+ 
Path 23: MET Setup Check with Pin datapath/IF_pc_reg[10]/CK 
Endpoint:   datapath/IF_pc_reg[10]/D      (v) checked with  leading edge of 
'clk'
Beginpoint: datapath/IFID_instr_reg[15]/Q (v) triggered by  leading edge of 
'clk'
Path Groups: {reg2reg}
Analysis View: RPT_SLOW
Other End Arrival Time          0.571
- Setup                         0.241
+ Phase Shift                   4.250
+ CPPR Adjustment               0.000
- Uncertainty                   0.100
= Required Time                 4.480
- Arrival Time                  4.241
= Slack Time                    0.239
     Clock Rise Edge                 0.000
     + Clock Network Latency (Prop)  0.570
     = Beginpoint Arrival Time       0.570
     +------------------------------------------------------------------------------------------------------------+ 
     |                      Instance                      |     Arc      |   Cell    | Delay | Arrival | Required | 
     |                                                    |              |           |       |  Time   |   Time   | 
     |----------------------------------------------------+--------------+-----------+-------+---------+----------| 
     | datapath/IFID_instr_reg[15]                        | CK ^         |           |       |   0.570 |    0.808 | 
     | datapath/IFID_instr_reg[15]                        | CK ^ -> Q v  | DFFR_X1   | 0.310 |   0.880 |    1.118 | 
     | datapath/FE_OFC680_n_1229                          | A v -> Z v   | BUF_X4    | 0.104 |   0.984 |    1.222 | 
     | datapath/g517__7410                                | A2 v -> ZN ^ | NAND2_X1  | 0.234 |   1.218 |    1.456 | 
     | datapath/g476__7098                                | A2 ^ -> ZN v | NOR2_X1   | 0.063 |   1.281 |    1.520 | 
     | datapath/FE_OFC751_registers_n_2520                | A v -> Z v   | CLKBUF_X3 | 0.243 |   1.524 |    1.763 | 
     | datapath/g3848                                     | A1 v -> ZN ^ | AOI22_X1  | 0.166 |   1.691 |    1.929 | 
     | datapath/g3511__2346                               | A2 ^ -> ZN ^ | AND4_X1   | 0.250 |   1.940 |    2.179 | 
     | datapath/FE_RC_665_0                               | A3 ^ -> ZN v | NAND3_X2  | 0.093 |   2.034 |    2.272 | 
     | datapath/g26665                                    | A1 v -> ZN ^ | AOI222_X2 | 0.177 |   2.211 |    2.450 | 
     | datapath/FE_OFC140_LT_TC_OP_n_35                   | A ^ -> Z ^   | BUF_X1    | 0.131 |   2.342 |    2.581 | 
     | datapath/LT_TC_OP_g1584                            | A1 ^ -> ZN v | NAND2_X1  | 0.058 |   2.400 |    2.639 | 
     | datapath/LT_TC_OP_g1545                            | A1 v -> ZN v | OR2_X2    | 0.158 |   2.558 |    2.797 | 
     | datapath/LT_TC_OP_g1527                            | A1 v -> ZN ^ | AOI22_X2  | 0.103 |   2.661 |    2.900 | 
     | datapath/LT_TC_OP_g1519                            | A1 ^ -> ZN v | OAI22_X1  | 0.074 |   2.735 |    2.974 | 
     | datapath/FE_RC_633_0                               | A1 v -> ZN ^ | AOI22_X2  | 0.108 |   2.843 |    3.081 | 
     | datapath/LT_TC_OP_g1515                            | B1 ^ -> ZN v | OAI21_X1  | 0.068 |   2.910 |    3.149 | 
     | datapath/FE_RC_599_0                               | C1 v -> ZN ^ | AOI221_X1 | 0.277 |   3.187 |    3.426 | 
     | datapath/LT_TC_OP_g1513                            | A1 ^ -> ZN v | OAI222_X1 | 0.165 |   3.352 |    3.591 | 
     | datapath/LT_TC_OP_g1512                            | C1 v -> ZN ^ | AOI221_X2 | 0.294 |   3.646 |    3.884 | 
     | datapath/g16081                                    | A1 ^ -> ZN ^ | AND2_X2   | 0.153 |   3.798 |    4.037 | 
     | datapath/g16079                                    | A1 ^ -> ZN ^ | OR2_X4    | 0.099 |   3.897 |    4.136 | 
     | datapath/branch_or_inc_4/FE_OFC210_IFID_takeBranch | A ^ -> Z ^   | BUF_X8    | 0.114 |   4.011 |    4.250 | 
     | datapath/branch_or_inc_4/g833__5115                | S ^ -> Z v   | MUX2_X1   | 0.230 |   4.241 |    4.480 | 
     | datapath/IF_pc_reg[10]                             | D v          | SDFFR_X1  | 0.000 |   4.241 |    4.480 | 
     +------------------------------------------------------------------------------------------------------------+ 
Path 24: MET Setup Check with Pin datapath/IF_pc_reg[11]/CK 
Endpoint:   datapath/IF_pc_reg[11]/D      (v) checked with  leading edge of 
'clk'
Beginpoint: datapath/IFID_instr_reg[15]/Q (v) triggered by  leading edge of 
'clk'
Path Groups: {reg2reg}
Analysis View: RPT_SLOW
Other End Arrival Time          0.571
- Setup                         0.241
+ Phase Shift                   4.250
+ CPPR Adjustment               0.000
- Uncertainty                   0.100
= Required Time                 4.480
- Arrival Time                  4.240
= Slack Time                    0.239
     Clock Rise Edge                 0.000
     + Clock Network Latency (Prop)  0.570
     = Beginpoint Arrival Time       0.570
     +------------------------------------------------------------------------------------------------------------+ 
     |                      Instance                      |     Arc      |   Cell    | Delay | Arrival | Required | 
     |                                                    |              |           |       |  Time   |   Time   | 
     |----------------------------------------------------+--------------+-----------+-------+---------+----------| 
     | datapath/IFID_instr_reg[15]                        | CK ^         |           |       |   0.570 |    0.809 | 
     | datapath/IFID_instr_reg[15]                        | CK ^ -> Q v  | DFFR_X1   | 0.310 |   0.880 |    1.119 | 
     | datapath/FE_OFC680_n_1229                          | A v -> Z v   | BUF_X4    | 0.104 |   0.984 |    1.223 | 
     | datapath/g517__7410                                | A2 v -> ZN ^ | NAND2_X1  | 0.234 |   1.218 |    1.457 | 
     | datapath/g476__7098                                | A2 ^ -> ZN v | NOR2_X1   | 0.063 |   1.281 |    1.520 | 
     | datapath/FE_OFC751_registers_n_2520                | A v -> Z v   | CLKBUF_X3 | 0.243 |   1.524 |    1.764 | 
     | datapath/g3848                                     | A1 v -> ZN ^ | AOI22_X1  | 0.166 |   1.691 |    1.930 | 
     | datapath/g3511__2346                               | A2 ^ -> ZN ^ | AND4_X1   | 0.250 |   1.940 |    2.180 | 
     | datapath/FE_RC_665_0                               | A3 ^ -> ZN v | NAND3_X2  | 0.093 |   2.034 |    2.273 | 
     | datapath/g26665                                    | A1 v -> ZN ^ | AOI222_X2 | 0.177 |   2.211 |    2.450 | 
     | datapath/FE_OFC140_LT_TC_OP_n_35                   | A ^ -> Z ^   | BUF_X1    | 0.131 |   2.342 |    2.581 | 
     | datapath/LT_TC_OP_g1584                            | A1 ^ -> ZN v | NAND2_X1  | 0.058 |   2.400 |    2.640 | 
     | datapath/LT_TC_OP_g1545                            | A1 v -> ZN v | OR2_X2    | 0.158 |   2.558 |    2.798 | 
     | datapath/LT_TC_OP_g1527                            | A1 v -> ZN ^ | AOI22_X2  | 0.103 |   2.661 |    2.901 | 
     | datapath/LT_TC_OP_g1519                            | A1 ^ -> ZN v | OAI22_X1  | 0.074 |   2.735 |    2.974 | 
     | datapath/FE_RC_633_0                               | A1 v -> ZN ^ | AOI22_X2  | 0.108 |   2.843 |    3.082 | 
     | datapath/LT_TC_OP_g1515                            | B1 ^ -> ZN v | OAI21_X1  | 0.068 |   2.910 |    3.150 | 
     | datapath/FE_RC_599_0                               | C1 v -> ZN ^ | AOI221_X1 | 0.277 |   3.187 |    3.426 | 
     | datapath/LT_TC_OP_g1513                            | A1 ^ -> ZN v | OAI222_X1 | 0.165 |   3.352 |    3.591 | 
     | datapath/LT_TC_OP_g1512                            | C1 v -> ZN ^ | AOI221_X2 | 0.294 |   3.646 |    3.885 | 
     | datapath/g16081                                    | A1 ^ -> ZN ^ | AND2_X2   | 0.153 |   3.798 |    4.038 | 
     | datapath/g16079                                    | A1 ^ -> ZN ^ | OR2_X4    | 0.099 |   3.897 |    4.137 | 
     | datapath/branch_or_inc_4/FE_OFC210_IFID_takeBranch | A ^ -> Z ^   | BUF_X8    | 0.114 |   4.011 |    4.251 | 
     | datapath/branch_or_inc_4/g830__7098                | S ^ -> Z v   | MUX2_X1   | 0.229 |   4.240 |    4.480 | 
     | datapath/IF_pc_reg[11]                             | D v          | SDFFR_X1  | 0.000 |   4.240 |    4.480 | 
     +------------------------------------------------------------------------------------------------------------+ 
Path 25: MET Setup Check with Pin datapath/IF_pc_reg[6]/CK 
Endpoint:   datapath/IF_pc_reg[6]/D       (v) checked with  leading edge of 
'clk'
Beginpoint: datapath/IFID_instr_reg[15]/Q (v) triggered by  leading edge of 
'clk'
Path Groups: {reg2reg}
Analysis View: RPT_SLOW
Other End Arrival Time          0.571
- Setup                         0.241
+ Phase Shift                   4.250
+ CPPR Adjustment               0.000
- Uncertainty                   0.100
= Required Time                 4.481
- Arrival Time                  4.238
= Slack Time                    0.242
     Clock Rise Edge                 0.000
     + Clock Network Latency (Prop)  0.570
     = Beginpoint Arrival Time       0.570
     +------------------------------------------------------------------------------------------------------------+ 
     |                      Instance                      |     Arc      |   Cell    | Delay | Arrival | Required | 
     |                                                    |              |           |       |  Time   |   Time   | 
     |----------------------------------------------------+--------------+-----------+-------+---------+----------| 
     | datapath/IFID_instr_reg[15]                        | CK ^         |           |       |   0.570 |    0.812 | 
     | datapath/IFID_instr_reg[15]                        | CK ^ -> Q v  | DFFR_X1   | 0.310 |   0.880 |    1.122 | 
     | datapath/FE_OFC680_n_1229                          | A v -> Z v   | BUF_X4    | 0.104 |   0.984 |    1.226 | 
     | datapath/g517__7410                                | A2 v -> ZN ^ | NAND2_X1  | 0.234 |   1.218 |    1.460 | 
     | datapath/g476__7098                                | A2 ^ -> ZN v | NOR2_X1   | 0.063 |   1.281 |    1.523 | 
     | datapath/FE_OFC751_registers_n_2520                | A v -> Z v   | CLKBUF_X3 | 0.243 |   1.524 |    1.767 | 
     | datapath/g3848                                     | A1 v -> ZN ^ | AOI22_X1  | 0.166 |   1.691 |    1.933 | 
     | datapath/g3511__2346                               | A2 ^ -> ZN ^ | AND4_X1   | 0.250 |   1.940 |    2.183 | 
     | datapath/FE_RC_665_0                               | A3 ^ -> ZN v | NAND3_X2  | 0.093 |   2.034 |    2.276 | 
     | datapath/g26665                                    | A1 v -> ZN ^ | AOI222_X2 | 0.177 |   2.211 |    2.453 | 
     | datapath/FE_OFC140_LT_TC_OP_n_35                   | A ^ -> Z ^   | BUF_X1    | 0.131 |   2.342 |    2.584 | 
     | datapath/LT_TC_OP_g1584                            | A1 ^ -> ZN v | NAND2_X1  | 0.058 |   2.400 |    2.643 | 
     | datapath/LT_TC_OP_g1545                            | A1 v -> ZN v | OR2_X2    | 0.158 |   2.558 |    2.800 | 
     | datapath/LT_TC_OP_g1527                            | A1 v -> ZN ^ | AOI22_X2  | 0.103 |   2.661 |    2.903 | 
     | datapath/LT_TC_OP_g1519                            | A1 ^ -> ZN v | OAI22_X1  | 0.074 |   2.735 |    2.977 | 
     | datapath/FE_RC_633_0                               | A1 v -> ZN ^ | AOI22_X2  | 0.108 |   2.843 |    3.085 | 
     | datapath/LT_TC_OP_g1515                            | B1 ^ -> ZN v | OAI21_X1  | 0.068 |   2.910 |    3.152 | 
     | datapath/FE_RC_599_0                               | C1 v -> ZN ^ | AOI221_X1 | 0.277 |   3.187 |    3.429 | 
     | datapath/LT_TC_OP_g1513                            | A1 ^ -> ZN v | OAI222_X1 | 0.165 |   3.352 |    3.594 | 
     | datapath/LT_TC_OP_g1512                            | C1 v -> ZN ^ | AOI221_X2 | 0.294 |   3.646 |    3.888 | 
     | datapath/g16081                                    | A1 ^ -> ZN ^ | AND2_X2   | 0.153 |   3.798 |    4.041 | 
     | datapath/g16079                                    | A1 ^ -> ZN ^ | OR2_X4    | 0.099 |   3.897 |    4.139 | 
     | datapath/branch_or_inc_4/FE_OFC210_IFID_takeBranch | A ^ -> Z ^   | BUF_X8    | 0.114 |   4.011 |    4.253 | 
     | datapath/branch_or_inc_4/g824__3680                | S ^ -> Z v   | MUX2_X1   | 0.227 |   4.238 |    4.481 | 
     | datapath/IF_pc_reg[6]                              | D v          | SDFFR_X1  | 0.000 |   4.238 |    4.481 | 
     +------------------------------------------------------------------------------------------------------------+ 
Path 26: MET Setup Check with Pin datapath/IF_pc_reg[31]/CK 
Endpoint:   datapath/IF_pc_reg[31]/D (^) checked with  leading edge of 'clk'
Beginpoint: datapath/IF_pc_reg[2]/Q  (^) triggered by  leading edge of 'clk'
Path Groups: {reg2reg}
Analysis View: RPT_SLOW
Other End Arrival Time          0.547
- Setup                         0.068
+ Phase Shift                   4.250
+ CPPR Adjustment               0.000
- Uncertainty                   0.100
= Required Time                 4.629
- Arrival Time                  4.387
= Slack Time                    0.242
     Clock Rise Edge                 0.000
     + Clock Network Latency (Prop)  0.570
     = Beginpoint Arrival Time       0.570
     +-----------------------------------------------------------------------------------------------------------+ 
     |                      Instance                      |     Arc      |   Cell   | Delay | Arrival | Required | 
     |                                                    |              |          |       |  Time   |   Time   | 
     |----------------------------------------------------+--------------+----------+-------+---------+----------| 
     | datapath/IF_pc_reg[2]                              | CK ^         |          |       |   0.569 |    0.812 | 
     | datapath/IF_pc_reg[2]                              | CK ^ -> Q ^  | SDFFR_X2 | 0.302 |   0.872 |    1.114 | 
     | datapath/pc_plus_4/FA_GEN[3].fa_i/FE_RC_768_0      | A1 ^ -> ZN v | NAND2_X1 | 0.049 |   0.920 |    1.163 | 
     | datapath/pc_plus_4/FA_GEN[3].fa_i/FE_OFC805_FE_RN_ | A v -> ZN ^  | INV_X1   | 0.086 |   1.006 |    1.248 | 
     | 432_0                                              |              |          |       |         |          | 
     | datapath/pc_plus_4/FA_GEN[4].fa_i/FE_RC_660_0      | A1 ^ -> ZN ^ | AND2_X4  | 0.111 |   1.117 |    1.359 | 
     | datapath/pc_plus_4/FA_GEN[5].fa_i/FE_RC_570_0      | A2 ^ -> ZN ^ | AND2_X4  | 0.085 |   1.202 |    1.444 | 
     | datapath/pc_plus_4/FA_GEN[6].fa_i/g2               | A ^ -> CO ^  | HA_X1    | 0.112 |   1.314 |    1.556 | 
     | datapath/pc_plus_4/FA_GEN[7].fa_i/g31__2802        | A ^ -> CO ^  | HA_X1    | 0.114 |   1.428 |    1.671 | 
     | datapath/pc_plus_4/FA_GEN[8].fa_i/g2               | A ^ -> CO ^  | HA_X1    | 0.124 |   1.552 |    1.795 | 
     | datapath/pc_plus_4/FA_GEN[9].fa_i/FE_RC_687_0      | A1 ^ -> ZN v | NAND2_X1 | 0.046 |   1.599 |    1.841 | 
     | datapath/pc_plus_4/FA_GEN[10].fa_i/FE_OFC748_FE_RN | A v -> ZN ^  | INV_X1   | 0.079 |   1.678 |    1.920 | 
     | _389_0                                             |              |          |       |         |          | 
     | datapath/pc_plus_4/FA_GEN[10].fa_i/FE_RC_602_0     | A2 ^ -> ZN ^ | AND2_X2  | 0.108 |   1.786 |    2.028 | 
     | datapath/pc_plus_4/FA_GEN[11].fa_i/g31__5115       | A ^ -> CO ^  | HA_X1    | 0.109 |   1.895 |    2.137 | 
     | datapath/pc_plus_4/FA_GEN[12].fa_i/g2              | A ^ -> CO ^  | HA_X1    | 0.116 |   2.011 |    2.253 | 
     | datapath/pc_plus_4/FA_GEN[13].fa_i/g2              | A ^ -> CO ^  | HA_X1    | 0.114 |   2.125 |    2.368 | 
     | datapath/pc_plus_4/FA_GEN[14].fa_i/g2              | A ^ -> CO ^  | HA_X1    | 0.115 |   2.240 |    2.483 | 
     | datapath/pc_plus_4/FA_GEN[15].fa_i/g31__2346       | A ^ -> CO ^  | HA_X1    | 0.117 |   2.357 |    2.600 | 
     | datapath/pc_plus_4/FA_GEN[16].fa_i/g2              | A ^ -> CO ^  | HA_X1    | 0.119 |   2.476 |    2.719 | 
     | datapath/pc_plus_4/FA_GEN[17].fa_i/g2              | A ^ -> CO ^  | HA_X1    | 0.115 |   2.592 |    2.834 | 
     | datapath/pc_plus_4/FA_GEN[18].fa_i/g2              | A ^ -> CO ^  | HA_X1    | 0.112 |   2.703 |    2.946 | 
     | datapath/pc_plus_4/FA_GEN[19].fa_i/g31__6260       | A ^ -> CO ^  | HA_X1    | 0.110 |   2.813 |    3.055 | 
     | datapath/pc_plus_4/FA_GEN[20].fa_i/g2              | A ^ -> CO ^  | HA_X1    | 0.118 |   2.931 |    3.173 | 
     | datapath/pc_plus_4/FA_GEN[21].fa_i/g2              | A ^ -> CO ^  | HA_X1    | 0.114 |   3.045 |    3.288 | 
     | datapath/pc_plus_4/FA_GEN[22].fa_i/g2              | A ^ -> CO ^  | HA_X1    | 0.116 |   3.162 |    3.404 | 
     | datapath/pc_plus_4/FA_GEN[23].fa_i/g31__2802       | A ^ -> CO ^  | HA_X1    | 0.138 |   3.300 |    3.542 | 
     | datapath/pc_plus_4/FA_GEN[24].fa_i/FE_RC_773_0     | A1 ^ -> ZN ^ | AND2_X2  | 0.114 |   3.414 |    3.656 | 
     | datapath/pc_plus_4/FA_GEN[25].fa_i/g2              | A ^ -> CO ^  | HA_X1    | 0.110 |   3.524 |    3.766 | 
     | datapath/pc_plus_4/FA_GEN[26].fa_i/g2              | A ^ -> CO ^  | HA_X1    | 0.116 |   3.640 |    3.882 | 
     | datapath/pc_plus_4/FA_GEN[27].fa_i/g2              | A ^ -> CO ^  | HA_X1    | 0.112 |   3.752 |    3.995 | 
     | datapath/pc_plus_4/FA_GEN[28].fa_i/g2              | A ^ -> CO ^  | HA_X1    | 0.113 |   3.865 |    4.108 | 
     | datapath/pc_plus_4/FA_GEN[29].fa_i/g31__9945       | A ^ -> CO ^  | HA_X1    | 0.115 |   3.980 |    4.223 | 
     | datapath/pc_plus_4/FA_GEN[30].fa_i/g2              | A ^ -> CO ^  | HA_X1    | 0.111 |   4.091 |    4.334 | 
     | datapath/pc_plus_4/FA_GEN[31].fa_i/FE_RC_27_0      | A1 ^ -> ZN v | NAND2_X1 | 0.040 |   4.131 |    4.373 | 
     | datapath/pc_plus_4/FA_GEN[31].fa_i/FE_RC_625_0     | A v -> ZN ^  | OAI21_X1 | 0.065 |   4.196 |    4.438 | 
     | datapath/branch_or_inc_4/g842__7410                | A1 ^ -> ZN v | NAND2_X1 | 0.050 |   4.245 |    4.488 | 
     | datapath/branch_or_inc_4/g816__5477                | A2 v -> ZN ^ | NAND2_X1 | 0.059 |   4.304 |    4.547 | 
     | datapath/FE_RC_628_0                               | A1 ^ -> ZN v | NAND2_X1 | 0.038 |   4.342 |    4.584 | 
     | datapath/FE_RC_627_0                               | A1 v -> ZN ^ | NAND2_X1 | 0.045 |   4.387 |    4.629 | 
     | datapath/IF_pc_reg[31]                             | D ^          | DFFR_X2  | 0.000 |   4.387 |    4.629 | 
     +-----------------------------------------------------------------------------------------------------------+ 
Path 27: MET Setup Check with Pin datapath/IF_pc_reg[3]/CK 
Endpoint:   datapath/IF_pc_reg[3]/D       (v) checked with  leading edge of 
'clk'
Beginpoint: datapath/IFID_instr_reg[15]/Q (v) triggered by  leading edge of 
'clk'
Path Groups: {reg2reg}
Analysis View: RPT_SLOW
Other End Arrival Time          0.569
- Setup                         0.242
+ Phase Shift                   4.250
+ CPPR Adjustment               0.000
- Uncertainty                   0.100
= Required Time                 4.477
- Arrival Time                  4.224
= Slack Time                    0.253
     Clock Rise Edge                 0.000
     + Clock Network Latency (Prop)  0.570
     = Beginpoint Arrival Time       0.570
     +---------------------------------------------------------------------------------------------+ 
     |              Instance               |     Arc      |   Cell    | Delay | Arrival | Required | 
     |                                     |              |           |       |  Time   |   Time   | 
     |-------------------------------------+--------------+-----------+-------+---------+----------| 
     | datapath/IFID_instr_reg[15]         | CK ^         |           |       |   0.570 |    0.822 | 
     | datapath/IFID_instr_reg[15]         | CK ^ -> Q v  | DFFR_X1   | 0.310 |   0.880 |    1.132 | 
     | datapath/FE_OFC680_n_1229           | A v -> Z v   | BUF_X4    | 0.104 |   0.984 |    1.236 | 
     | datapath/g517__7410                 | A2 v -> ZN ^ | NAND2_X1  | 0.234 |   1.218 |    1.470 | 
     | datapath/g476__7098                 | A2 ^ -> ZN v | NOR2_X1   | 0.063 |   1.281 |    1.534 | 
     | datapath/FE_OFC751_registers_n_2520 | A v -> Z v   | CLKBUF_X3 | 0.243 |   1.524 |    1.777 | 
     | datapath/g3848                      | A1 v -> ZN ^ | AOI22_X1  | 0.166 |   1.691 |    1.943 | 
     | datapath/g3511__2346                | A2 ^ -> ZN ^ | AND4_X1   | 0.250 |   1.940 |    2.193 | 
     | datapath/FE_RC_665_0                | A3 ^ -> ZN v | NAND3_X2  | 0.093 |   2.034 |    2.286 | 
     | datapath/g26665                     | A1 v -> ZN ^ | AOI222_X2 | 0.177 |   2.211 |    2.464 | 
     | datapath/FE_OFC140_LT_TC_OP_n_35    | A ^ -> Z ^   | BUF_X1    | 0.131 |   2.342 |    2.595 | 
     | datapath/LT_TC_OP_g1584             | A1 ^ -> ZN v | NAND2_X1  | 0.058 |   2.400 |    2.653 | 
     | datapath/LT_TC_OP_g1545             | A1 v -> ZN v | OR2_X2    | 0.158 |   2.558 |    2.811 | 
     | datapath/LT_TC_OP_g1527             | A1 v -> ZN ^ | AOI22_X2  | 0.103 |   2.661 |    2.914 | 
     | datapath/LT_TC_OP_g1519             | A1 ^ -> ZN v | OAI22_X1  | 0.074 |   2.735 |    2.988 | 
     | datapath/FE_RC_633_0                | A1 v -> ZN ^ | AOI22_X2  | 0.108 |   2.843 |    3.095 | 
     | datapath/LT_TC_OP_g1515             | B1 ^ -> ZN v | OAI21_X1  | 0.068 |   2.910 |    3.163 | 
     | datapath/FE_RC_599_0                | C1 v -> ZN ^ | AOI221_X1 | 0.277 |   3.187 |    3.440 | 
     | datapath/LT_TC_OP_g1513             | A1 ^ -> ZN v | OAI222_X1 | 0.165 |   3.352 |    3.605 | 
     | datapath/LT_TC_OP_g1512             | C1 v -> ZN ^ | AOI221_X2 | 0.294 |   3.646 |    3.898 | 
     | datapath/g16081                     | A1 ^ -> ZN ^ | AND2_X2   | 0.153 |   3.798 |    4.051 | 
     | datapath/g16079                     | A1 ^ -> ZN ^ | OR2_X4    | 0.099 |   3.897 |    4.150 | 
     | datapath/FE_OCPC462_IFID_takeBranch | A ^ -> Z ^   | BUF_X2    | 0.108 |   4.005 |    4.257 | 
     | datapath/branch_or_inc_4/g815__6417 | S ^ -> Z v   | MUX2_X1   | 0.219 |   4.224 |    4.477 | 
     | datapath/IF_pc_reg[3]               | D v          | SDFFR_X1  | 0.000 |   4.224 |    4.477 | 
     +---------------------------------------------------------------------------------------------+ 
Path 28: MET Setup Check with Pin datapath/IF_pc_reg[1]/CK 
Endpoint:   datapath/IF_pc_reg[1]/D       (v) checked with  leading edge of 
'clk'
Beginpoint: datapath/IFID_instr_reg[15]/Q (v) triggered by  leading edge of 
'clk'
Path Groups: {reg2reg}
Analysis View: RPT_SLOW
Other End Arrival Time          0.569
- Setup                         0.242
+ Phase Shift                   4.250
+ CPPR Adjustment               0.000
- Uncertainty                   0.100
= Required Time                 4.477
- Arrival Time                  4.222
= Slack Time                    0.255
     Clock Rise Edge                 0.000
     + Clock Network Latency (Prop)  0.570
     = Beginpoint Arrival Time       0.570
     +---------------------------------------------------------------------------------------------+ 
     |              Instance               |     Arc      |   Cell    | Delay | Arrival | Required | 
     |                                     |              |           |       |  Time   |   Time   | 
     |-------------------------------------+--------------+-----------+-------+---------+----------| 
     | datapath/IFID_instr_reg[15]         | CK ^         |           |       |   0.570 |    0.825 | 
     | datapath/IFID_instr_reg[15]         | CK ^ -> Q v  | DFFR_X1   | 0.310 |   0.880 |    1.135 | 
     | datapath/FE_OFC680_n_1229           | A v -> Z v   | BUF_X4    | 0.104 |   0.984 |    1.239 | 
     | datapath/g517__7410                 | A2 v -> ZN ^ | NAND2_X1  | 0.234 |   1.218 |    1.473 | 
     | datapath/g476__7098                 | A2 ^ -> ZN v | NOR2_X1   | 0.063 |   1.281 |    1.536 | 
     | datapath/FE_OFC751_registers_n_2520 | A v -> Z v   | CLKBUF_X3 | 0.243 |   1.524 |    1.779 | 
     | datapath/g3848                      | A1 v -> ZN ^ | AOI22_X1  | 0.166 |   1.691 |    1.946 | 
     | datapath/g3511__2346                | A2 ^ -> ZN ^ | AND4_X1   | 0.250 |   1.940 |    2.195 | 
     | datapath/FE_RC_665_0                | A3 ^ -> ZN v | NAND3_X2  | 0.093 |   2.034 |    2.289 | 
     | datapath/g26665                     | A1 v -> ZN ^ | AOI222_X2 | 0.177 |   2.211 |    2.466 | 
     | datapath/FE_OFC140_LT_TC_OP_n_35    | A ^ -> Z ^   | BUF_X1    | 0.131 |   2.342 |    2.597 | 
     | datapath/LT_TC_OP_g1584             | A1 ^ -> ZN v | NAND2_X1  | 0.058 |   2.400 |    2.655 | 
     | datapath/LT_TC_OP_g1545             | A1 v -> ZN v | OR2_X2    | 0.158 |   2.558 |    2.813 | 
     | datapath/LT_TC_OP_g1527             | A1 v -> ZN ^ | AOI22_X2  | 0.103 |   2.661 |    2.916 | 
     | datapath/LT_TC_OP_g1519             | A1 ^ -> ZN v | OAI22_X1  | 0.074 |   2.735 |    2.990 | 
     | datapath/FE_RC_633_0                | A1 v -> ZN ^ | AOI22_X2  | 0.108 |   2.843 |    3.098 | 
     | datapath/LT_TC_OP_g1515             | B1 ^ -> ZN v | OAI21_X1  | 0.068 |   2.910 |    3.165 | 
     | datapath/FE_RC_599_0                | C1 v -> ZN ^ | AOI221_X1 | 0.277 |   3.187 |    3.442 | 
     | datapath/LT_TC_OP_g1513             | A1 ^ -> ZN v | OAI222_X1 | 0.165 |   3.352 |    3.607 | 
     | datapath/LT_TC_OP_g1512             | C1 v -> ZN ^ | AOI221_X2 | 0.294 |   3.646 |    3.901 | 
     | datapath/g16081                     | A1 ^ -> ZN ^ | AND2_X2   | 0.153 |   3.798 |    4.053 | 
     | datapath/g16079                     | A1 ^ -> ZN ^ | OR2_X4    | 0.099 |   3.897 |    4.152 | 
     | datapath/FE_OCPC462_IFID_takeBranch | A ^ -> Z ^   | BUF_X2    | 0.108 |   4.005 |    4.260 | 
     | datapath/branch_or_inc_4/g820__4319 | S ^ -> Z v   | MUX2_X1   | 0.218 |   4.222 |    4.477 | 
     | datapath/IF_pc_reg[1]               | D v          | SDFFR_X1  | 0.000 |   4.222 |    4.477 | 
     +---------------------------------------------------------------------------------------------+ 
Path 29: MET Setup Check with Pin datapath/IF_pc_reg[4]/CK 
Endpoint:   datapath/IF_pc_reg[4]/D       (v) checked with  leading edge of 
'clk'
Beginpoint: datapath/IFID_instr_reg[15]/Q (v) triggered by  leading edge of 
'clk'
Path Groups: {reg2reg}
Analysis View: RPT_SLOW
Other End Arrival Time          0.570
- Setup                         0.242
+ Phase Shift                   4.250
+ CPPR Adjustment               0.000
- Uncertainty                   0.100
= Required Time                 4.479
- Arrival Time                  4.223
= Slack Time                    0.256
     Clock Rise Edge                 0.000
     + Clock Network Latency (Prop)  0.570
     = Beginpoint Arrival Time       0.570
     +---------------------------------------------------------------------------------------------+ 
     |              Instance               |     Arc      |   Cell    | Delay | Arrival | Required | 
     |                                     |              |           |       |  Time   |   Time   | 
     |-------------------------------------+--------------+-----------+-------+---------+----------| 
     | datapath/IFID_instr_reg[15]         | CK ^         |           |       |   0.570 |    0.826 | 
     | datapath/IFID_instr_reg[15]         | CK ^ -> Q v  | DFFR_X1   | 0.310 |   0.880 |    1.135 | 
     | datapath/FE_OFC680_n_1229           | A v -> Z v   | BUF_X4    | 0.104 |   0.984 |    1.239 | 
     | datapath/g517__7410                 | A2 v -> ZN ^ | NAND2_X1  | 0.234 |   1.218 |    1.474 | 
     | datapath/g476__7098                 | A2 ^ -> ZN v | NOR2_X1   | 0.063 |   1.281 |    1.537 | 
     | datapath/FE_OFC751_registers_n_2520 | A v -> Z v   | CLKBUF_X3 | 0.243 |   1.524 |    1.780 | 
     | datapath/g3848                      | A1 v -> ZN ^ | AOI22_X1  | 0.166 |   1.691 |    1.946 | 
     | datapath/g3511__2346                | A2 ^ -> ZN ^ | AND4_X1   | 0.250 |   1.940 |    2.196 | 
     | datapath/FE_RC_665_0                | A3 ^ -> ZN v | NAND3_X2  | 0.093 |   2.034 |    2.289 | 
     | datapath/g26665                     | A1 v -> ZN ^ | AOI222_X2 | 0.177 |   2.211 |    2.467 | 
     | datapath/FE_OFC140_LT_TC_OP_n_35    | A ^ -> Z ^   | BUF_X1    | 0.131 |   2.342 |    2.598 | 
     | datapath/LT_TC_OP_g1584             | A1 ^ -> ZN v | NAND2_X1  | 0.058 |   2.400 |    2.656 | 
     | datapath/LT_TC_OP_g1545             | A1 v -> ZN v | OR2_X2    | 0.158 |   2.558 |    2.814 | 
     | datapath/LT_TC_OP_g1527             | A1 v -> ZN ^ | AOI22_X2  | 0.103 |   2.661 |    2.917 | 
     | datapath/LT_TC_OP_g1519             | A1 ^ -> ZN v | OAI22_X1  | 0.074 |   2.735 |    2.991 | 
     | datapath/FE_RC_633_0                | A1 v -> ZN ^ | AOI22_X2  | 0.108 |   2.843 |    3.098 | 
     | datapath/LT_TC_OP_g1515             | B1 ^ -> ZN v | OAI21_X1  | 0.068 |   2.910 |    3.166 | 
     | datapath/FE_RC_599_0                | C1 v -> ZN ^ | AOI221_X1 | 0.277 |   3.187 |    3.443 | 
     | datapath/LT_TC_OP_g1513             | A1 ^ -> ZN v | OAI222_X1 | 0.165 |   3.352 |    3.608 | 
     | datapath/LT_TC_OP_g1512             | C1 v -> ZN ^ | AOI221_X2 | 0.294 |   3.646 |    3.902 | 
     | datapath/g16081                     | A1 ^ -> ZN ^ | AND2_X2   | 0.153 |   3.798 |    4.054 | 
     | datapath/g16079                     | A1 ^ -> ZN ^ | OR2_X4    | 0.099 |   3.897 |    4.153 | 
     | datapath/FE_OCPC462_IFID_takeBranch | A ^ -> Z ^   | BUF_X2    | 0.108 |   4.005 |    4.261 | 
     | datapath/branch_or_inc_4/g814__7410 | S ^ -> Z v   | MUX2_X1   | 0.218 |   4.223 |    4.479 | 
     | datapath/IF_pc_reg[4]               | D v          | SDFFR_X1  | 0.000 |   4.223 |    4.479 | 
     +---------------------------------------------------------------------------------------------+ 
Path 30: MET Setup Check with Pin datapath/EXMEM_aluResult_reg[0]/CK 
Endpoint:   datapath/EXMEM_aluResult_reg[0]/D (v) checked with  leading edge of 
'clk'
Beginpoint: datapath/MEMWB_rd_reg[0]/Q        (^) triggered by  leading edge of 
'clk'
Path Groups: {reg2reg}
Analysis View: RPT_SLOW
Other End Arrival Time          0.567
- Setup                         0.130
+ Phase Shift                   4.250
+ CPPR Adjustment               0.000
- Uncertainty                   0.100
= Required Time                 4.587
- Arrival Time                  4.331
= Slack Time                    0.256
     Clock Rise Edge                 0.000
     + Clock Network Latency (Prop)  0.285
     = Beginpoint Arrival Time       0.285
     +-----------------------------------------------------------------------------------------------------------+ 
     |                      Instance                      |     Arc      |   Cell   | Delay | Arrival | Required | 
     |                                                    |              |          |       |  Time   |   Time   | 
     |----------------------------------------------------+--------------+----------+-------+---------+----------| 
     | datapath/MEMWB_rd_reg[0]                           | CK ^         |          |       |   0.284 |    0.540 | 
     | datapath/MEMWB_rd_reg[0]                           | CK ^ -> Q ^  | DFFR_X2  | 0.559 |   0.844 |    1.100 | 
     | ALU_forward/FE_RC_546_0                            | A ^ -> ZN v  | INV_X1   | 0.052 |   0.896 |    1.152 | 
     | ALU_forward/FE_RC_544_0                            | A1 v -> ZN ^ | NAND2_X2 | 0.055 |   0.951 |    1.207 | 
     | ALU_forward/FE_RC_684_0                            | A3 ^ -> ZN v | NAND4_X2 | 0.085 |   1.037 |    1.293 | 
     | ALU_forward/FE_RC_568_0                            | A v -> ZN ^  | INV_X2   | 0.065 |   1.102 |    1.358 | 
     | ALU_forward/FE_RC_565_0                            | A2 ^ -> ZN v | NAND2_X4 | 0.049 |   1.151 |    1.407 | 
     | ALU_forward/FE_RC_566_0                            | A v -> ZN ^  | INV_X8   | 0.059 |   1.210 |    1.466 | 
     | datapath/FE_OFC542_IDEX_forwardA_0                 | A ^ -> ZN v  | INV_X8   | 0.027 |   1.237 |    1.493 | 
     | datapath/g26499                                    | A1 v -> ZN ^ | NAND2_X4 | 0.039 |   1.277 |    1.533 | 
     | datapath/g26457                                    | A1 ^ -> ZN v | NAND2_X4 | 0.037 |   1.314 |    1.570 | 
     | datapath/ALU_ALU_GEN[0].slice_i_bitAdder/FE_RC_159 | A v -> ZN ^  | INV_X2   | 0.051 |   1.365 |    1.621 | 
     | _0                                                 |              |          |       |         |          | 
     | datapath/ALU_ALU_GEN[0].slice_i_bitAdder/FE_RC_93_ | A1 ^ -> ZN v | NAND2_X4 | 0.036 |   1.401 |    1.657 | 
     | 0                                                  |              |          |       |         |          | 
     | datapath/ALU_ALU_GEN[0].slice_i_bitAdder/FE_RC_198 | A2 v -> ZN ^ | NAND2_X4 | 0.052 |   1.453 |    1.709 | 
     | _0                                                 |              |          |       |         |          | 
     | datapath/ALU_ALU_GEN[0].slice_i_bitAdder/g217__741 | A1 ^ -> ZN v | NAND2_X4 | 0.036 |   1.489 |    1.745 | 
     | 0                                                  |              |          |       |         |          | 
     | datapath/ALU_ALU_GEN[1].slice_i_bitAdder/g244__512 | A v -> ZN ^  | OAI21_X4 | 0.064 |   1.552 |    1.808 | 
     | 2                                                  |              |          |       |         |          | 
     | datapath/ALU_ALU_GEN[1].slice_i_bitAdder/g242__280 | A1 ^ -> ZN v | NAND2_X4 | 0.049 |   1.601 |    1.857 | 
     | 2                                                  |              |          |       |         |          | 
     | datapath/ALU_ALU_GEN[2].slice_i_bitAdder/FE_RC_361 | A1 v -> ZN ^ | NAND2_X4 | 0.047 |   1.649 |    1.905 | 
     | _0                                                 |              |          |       |         |          | 
     | datapath/ALU_ALU_GEN[2].slice_i_bitAdder/FE_RC_360 | A1 ^ -> ZN v | NAND2_X4 | 0.038 |   1.686 |    1.942 | 
     | _0                                                 |              |          |       |         |          | 
     | datapath/ALU_ALU_GEN[3].slice_i_bitAdder/g158__547 | A1 v -> ZN ^ | NAND2_X4 | 0.043 |   1.730 |    1.986 | 
     | 7                                                  |              |          |       |         |          | 
     | datapath/ALU_ALU_GEN[3].slice_i_bitAdder/g156__741 | A1 ^ -> ZN v | NAND2_X4 | 0.036 |   1.765 |    2.021 | 
     | 0                                                  |              |          |       |         |          | 
     | datapath/ALU_ALU_GEN[4].slice_i_bitAdder/FE_RC_283 | A1 v -> ZN ^ | NAND2_X4 | 0.044 |   1.809 |    2.065 | 
     | _0                                                 |              |          |       |         |          | 
     | datapath/ALU_ALU_GEN[4].slice_i_bitAdder/FE_RC_282 | A1 ^ -> ZN v | NAND2_X4 | 0.036 |   1.845 |    2.101 | 
     | _0                                                 |              |          |       |         |          | 
     | datapath/ALU_ALU_GEN[5].slice_i_bitAdder/g158__748 | A1 v -> ZN ^ | NAND2_X4 | 0.043 |   1.887 |    2.143 | 
     | 2                                                  |              |          |       |         |          | 
     | datapath/ALU_ALU_GEN[5].slice_i_bitAdder/g156__188 | A1 ^ -> ZN v | NAND2_X4 | 0.037 |   1.924 |    2.180 | 
     | 1                                                  |              |          |       |         |          | 
     | datapath/ALU_ALU_GEN[6].slice_i_bitAdder/FE_RC_491 | A1 v -> ZN ^ | NAND2_X4 | 0.044 |   1.968 |    2.224 | 
     | _0                                                 |              |          |       |         |          | 
     | datapath/ALU_ALU_GEN[6].slice_i_bitAdder/FE_RC_490 | A1 ^ -> ZN v | NAND2_X4 | 0.036 |   2.004 |    2.260 | 
     | _0                                                 |              |          |       |         |          | 
     | datapath/ALU_ALU_GEN[7].slice_i_bitAdder/FE_RC_119 | A1 v -> ZN ^ | NAND2_X4 | 0.044 |   2.047 |    2.303 | 
     | _0                                                 |              |          |       |         |          | 
     | datapath/ALU_ALU_GEN[7].slice_i_bitAdder/FE_RC_118 | A1 ^ -> ZN v | NAND2_X4 | 0.036 |   2.083 |    2.339 | 
     | _0                                                 |              |          |       |         |          | 
     | datapath/ALU_ALU_GEN[8].slice_i_bitAdder/g158__188 | A1 v -> ZN ^ | NAND2_X4 | 0.043 |   2.127 |    2.383 | 
     | 1                                                  |              |          |       |         |          | 
     | datapath/ALU_ALU_GEN[8].slice_i_bitAdder/g156__709 | A1 ^ -> ZN v | NAND2_X4 | 0.035 |   2.162 |    2.418 | 
     | 8                                                  |              |          |       |         |          | 
     | datapath/ALU_ALU_GEN[9].slice_i_bitAdder/FE_RC_294 | A1 v -> ZN ^ | NAND2_X4 | 0.044 |   2.206 |    2.462 | 
     | _0                                                 |              |          |       |         |          | 
     | datapath/ALU_ALU_GEN[9].slice_i_bitAdder/FE_RC_293 | A1 ^ -> ZN v | NAND2_X4 | 0.036 |   2.241 |    2.497 | 
     | _0                                                 |              |          |       |         |          | 
     | datapath/ALU_ALU_GEN[10].slice_i_bitAdder/g146__43 | A1 v -> ZN ^ | NAND2_X4 | 0.043 |   2.284 |    2.540 | 
     | 19                                                 |              |          |       |         |          | 
     | datapath/ALU_ALU_GEN[10].slice_i_bitAdder/g144__51 | A1 ^ -> ZN v | NAND2_X4 | 0.036 |   2.320 |    2.576 | 
     | 07                                                 |              |          |       |         |          | 
     | datapath/ALU_ALU_GEN[11].slice_i_bitAdder/FE_RC_20 | A1 v -> ZN ^ | NAND2_X4 | 0.043 |   2.363 |    2.619 | 
     | 3_0                                                |              |          |       |         |          | 
     | datapath/ALU_ALU_GEN[11].slice_i_bitAdder/FE_RC_20 | A1 ^ -> ZN v | NAND2_X4 | 0.037 |   2.400 |    2.656 | 
     | 2_0                                                |              |          |       |         |          | 
     | datapath/ALU_ALU_GEN[12].slice_i_bitAdder/FE_RC_10 | A1 v -> ZN ^ | NAND2_X4 | 0.043 |   2.444 |    2.700 | 
     | 7_0                                                |              |          |       |         |          | 
     | datapath/ALU_ALU_GEN[12].slice_i_bitAdder/FE_RC_10 | A1 ^ -> ZN v | NAND2_X4 | 0.036 |   2.479 |    2.735 | 
     | 6_0                                                |              |          |       |         |          | 
     | datapath/ALU_ALU_GEN[13].slice_i_bitAdder/FE_RC_28 | A1 v -> ZN ^ | NAND2_X4 | 0.043 |   2.523 |    2.779 | 
     | 8_0                                                |              |          |       |         |          | 
     | datapath/ALU_ALU_GEN[13].slice_i_bitAdder/FE_RC_28 | A1 ^ -> ZN v | NAND2_X4 | 0.037 |   2.560 |    2.816 | 
     | 7_0                                                |              |          |       |         |          | 
     | datapath/ALU_ALU_GEN[14].slice_i_bitAdder/FE_RC_69 | A1 v -> ZN ^ | NAND2_X4 | 0.043 |   2.603 |    2.859 | 
     | 0_0                                                |              |          |       |         |          | 
     | datapath/ALU_ALU_GEN[14].slice_i_bitAdder/g153__55 | A1 ^ -> ZN v | NAND2_X4 | 0.036 |   2.639 |    2.895 | 
     | 26                                                 |              |          |       |         |          | 
     | datapath/ALU_ALU_GEN[15].slice_i_bitAdder/g158__18 | A1 v -> ZN ^ | NAND2_X4 | 0.044 |   2.683 |    2.939 | 
     | 81                                                 |              |          |       |         |          | 
     | datapath/ALU_ALU_GEN[15].slice_i_bitAdder/g156__70 | A1 ^ -> ZN v | NAND2_X4 | 0.036 |   2.720 |    2.976 | 
     | 98                                                 |              |          |       |         |          | 
     | datapath/ALU_ALU_GEN[16].slice_i_bitAdder/g155__23 | A1 v -> ZN ^ | NAND2_X4 | 0.043 |   2.762 |    3.018 | 
     | 46                                                 |              |          |       |         |          | 
     | datapath/ALU_ALU_GEN[16].slice_i_bitAdder/g153__99 | A1 ^ -> ZN v | NAND2_X4 | 0.036 |   2.799 |    3.055 | 
     | 45                                                 |              |          |       |         |          | 
     | datapath/ALU_ALU_GEN[17].slice_i_bitAdder/FE_RC_69 | A1 v -> ZN ^ | NAND2_X4 | 0.043 |   2.841 |    3.097 | 
     | 1_0                                                |              |          |       |         |          | 
     | datapath/ALU_ALU_GEN[17].slice_i_bitAdder/g153__51 | A1 ^ -> ZN v | NAND2_X4 | 0.036 |   2.877 |    3.133 | 
     | 07                                                 |              |          |       |         |          | 
     | datapath/ALU_ALU_GEN[18].slice_i_bitAdder/g155__51 | A1 v -> ZN ^ | NAND2_X4 | 0.043 |   2.920 |    3.176 | 
     | 22                                                 |              |          |       |         |          | 
     | datapath/ALU_ALU_GEN[18].slice_i_bitAdder/g153__28 | A1 ^ -> ZN v | NAND2_X4 | 0.036 |   2.956 |    3.212 | 
     | 02                                                 |              |          |       |         |          | 
     | datapath/ALU_ALU_GEN[19].slice_i_bitAdder/g155__61 | A1 v -> ZN ^ | NAND2_X4 | 0.043 |   2.999 |    3.255 | 
     | 61                                                 |              |          |       |         |          | 
     | datapath/ALU_ALU_GEN[19].slice_i_bitAdder/g153__74 | A1 ^ -> ZN v | NAND2_X4 | 0.038 |   3.037 |    3.293 | 
     | 82                                                 |              |          |       |         |          | 
     | datapath/ALU_ALU_GEN[20].slice_i_bitAdder/g158__54 | A1 v -> ZN ^ | NAND2_X4 | 0.044 |   3.081 |    3.337 | 
     | 77                                                 |              |          |       |         |          | 
     | datapath/ALU_ALU_GEN[20].slice_i_bitAdder/g156__74 | A1 ^ -> ZN v | NAND2_X4 | 0.036 |   3.118 |    3.374 | 
     | 10                                                 |              |          |       |         |          | 
     | datapath/ALU_ALU_GEN[21].slice_i_bitAdder/g158__36 | A1 v -> ZN ^ | NAND2_X4 | 0.043 |   3.161 |    3.417 | 
     | 80                                                 |              |          |       |         |          | 
     | datapath/ALU_ALU_GEN[21].slice_i_bitAdder/g156__55 | A1 ^ -> ZN v | NAND2_X4 | 0.036 |   3.196 |    3.452 | 
     | 26                                                 |              |          |       |         |          | 
     | datapath/ALU_ALU_GEN[22].slice_i_bitAdder/g155__61 | A1 v -> ZN ^ | NAND2_X4 | 0.043 |   3.239 |    3.495 | 
     | 31                                                 |              |          |       |         |          | 
     | datapath/ALU_ALU_GEN[22].slice_i_bitAdder/g153__70 | A1 ^ -> ZN v | NAND2_X4 | 0.036 |   3.275 |    3.531 | 
     | 98                                                 |              |          |       |         |          | 
     | datapath/ALU_ALU_GEN[23].slice_i_bitAdder/g158__23 | A1 v -> ZN ^ | NAND2_X4 | 0.043 |   3.318 |    3.574 | 
     | 46                                                 |              |          |       |         |          | 
     | datapath/ALU_ALU_GEN[23].slice_i_bitAdder/g156__28 | A1 ^ -> ZN v | NAND2_X4 | 0.036 |   3.354 |    3.610 | 
     | 83                                                 |              |          |       |         |          | 
     | datapath/ALU_ALU_GEN[24].slice_i_bitAdder/g158__84 | A1 v -> ZN ^ | NAND2_X4 | 0.043 |   3.397 |    3.653 | 
     | 28                                                 |              |          |       |         |          | 
     | datapath/ALU_ALU_GEN[24].slice_i_bitAdder/g156__43 | A1 ^ -> ZN v | NAND2_X4 | 0.037 |   3.434 |    3.690 | 
     | 19                                                 |              |          |       |         |          | 
     | datapath/ALU_ALU_GEN[25].slice_i_bitAdder/g158__70 | A1 v -> ZN ^ | NAND2_X4 | 0.043 |   3.477 |    3.733 | 
     | 98                                                 |              |          |       |         |          | 
     | datapath/ALU_ALU_GEN[25].slice_i_bitAdder/g156__82 | A1 ^ -> ZN v | NAND2_X4 | 0.038 |   3.514 |    3.770 | 
     | 46                                                 |              |          |       |         |          | 
     | datapath/ALU_ALU_GEN[26].slice_i_bitAdder/g158__28 | A1 v -> ZN ^ | NAND2_X4 | 0.043 |   3.558 |    3.814 | 
     | 83                                                 |              |          |       |         |          | 
     | datapath/ALU_ALU_GEN[26].slice_i_bitAdder/g156__99 | A1 ^ -> ZN v | NAND2_X4 | 0.037 |   3.595 |    3.851 | 
     | 45                                                 |              |          |       |         |          | 
     | datapath/ALU_ALU_GEN[27].slice_i_bitAdder/g158__43 | A1 v -> ZN ^ | NAND2_X4 | 0.043 |   3.638 |    3.894 | 
     | 19                                                 |              |          |       |         |          | 
     | datapath/ALU_ALU_GEN[27].slice_i_bitAdder/g156__62 | A1 ^ -> ZN v | NAND2_X4 | 0.036 |   3.673 |    3.929 | 
     | 60                                                 |              |          |       |         |          | 
     | datapath/ALU_ALU_GEN[28].slice_i_bitAdder/g158__70 | A1 v -> ZN ^ | NAND2_X4 | 0.044 |   3.717 |    3.973 | 
     | 98                                                 |              |          |       |         |          | 
     | datapath/ALU_ALU_GEN[28].slice_i_bitAdder/g156__51 | A1 ^ -> ZN v | NAND2_X4 | 0.036 |   3.753 |    4.009 | 
     | 22                                                 |              |          |       |         |          | 
     | datapath/ALU_ALU_GEN[29].slice_i_bitAdder/g158__28 | A1 v -> ZN ^ | NAND2_X4 | 0.043 |   3.796 |    4.052 | 
     | 83                                                 |              |          |       |         |          | 
     | datapath/ALU_ALU_GEN[29].slice_i_bitAdder/g156__93 | A1 ^ -> ZN v | NAND2_X4 | 0.036 |   3.832 |    4.088 | 
     | 15                                                 |              |          |       |         |          | 
     | datapath/ALU_ALU_GEN[30].slice_i_bitAdder/g158__62 | A1 v -> ZN ^ | NAND2_X4 | 0.043 |   3.875 |    4.131 | 
     | 60                                                 |              |          |       |         |          | 
     | datapath/ALU_ALU_GEN[30].slice_i_bitAdder/g156__23 | A1 ^ -> ZN v | NAND2_X4 | 0.044 |   3.919 |    4.175 | 
     | 98                                                 |              |          |       |         |          | 
     | datapath/ALU_msb_bitAdder/FE_RC_748_0              | A1 v -> ZN ^ | NAND2_X4 | 0.046 |   3.965 |    4.221 | 
     | datapath/ALU_msb_bitAdder/g117__1705               | A1 ^ -> ZN v | NAND2_X4 | 0.032 |   3.997 |    4.253 | 
     | datapath/g16080                                    | A v -> ZN v  | XNOR2_X2 | 0.109 |   4.106 |    4.362 | 
     | datapath/g16078                                    | A v -> ZN v  | XNOR2_X2 | 0.119 |   4.225 |    4.481 | 
     | datapath/ALU_ALU_GEN[0].slice_i_resultMux/FE_RC_95 | A1 v -> ZN ^ | NAND2_X4 | 0.069 |   4.294 |    4.550 | 
     | _0                                                 |              |          |       |         |          | 
     | datapath/ALU_ALU_GEN[0].slice_i_resultMux/g185__43 | A1 ^ -> ZN v | NAND2_X2 | 0.037 |   4.331 |    4.587 | 
     | 19                                                 |              |          |       |         |          | 
     | datapath/EXMEM_aluResult_reg[0]                    | D v          | DFFR_X1  | 0.000 |   4.331 |    4.587 | 
     +-----------------------------------------------------------------------------------------------------------+ 
Path 31: MET Setup Check with Pin datapath/IF_pc_reg[2]/CK 
Endpoint:   datapath/IF_pc_reg[2]/D       (v) checked with  leading edge of 
'clk'
Beginpoint: datapath/IFID_instr_reg[15]/Q (v) triggered by  leading edge of 
'clk'
Path Groups: {reg2reg}
Analysis View: RPT_SLOW
Other End Arrival Time          0.569
- Setup                         0.235
+ Phase Shift                   4.250
+ CPPR Adjustment               0.000
- Uncertainty                   0.100
= Required Time                 4.484
- Arrival Time                  4.223
= Slack Time                    0.260
     Clock Rise Edge                 0.000
     + Clock Network Latency (Prop)  0.570
     = Beginpoint Arrival Time       0.570
     +---------------------------------------------------------------------------------------------+ 
     |              Instance               |     Arc      |   Cell    | Delay | Arrival | Required | 
     |                                     |              |           |       |  Time   |   Time   | 
     |-------------------------------------+--------------+-----------+-------+---------+----------| 
     | datapath/IFID_instr_reg[15]         | CK ^         |           |       |   0.570 |    0.830 | 
     | datapath/IFID_instr_reg[15]         | CK ^ -> Q v  | DFFR_X1   | 0.310 |   0.880 |    1.140 | 
     | datapath/FE_OFC680_n_1229           | A v -> Z v   | BUF_X4    | 0.104 |   0.984 |    1.244 | 
     | datapath/g517__7410                 | A2 v -> ZN ^ | NAND2_X1  | 0.234 |   1.218 |    1.478 | 
     | datapath/g476__7098                 | A2 ^ -> ZN v | NOR2_X1   | 0.063 |   1.281 |    1.541 | 
     | datapath/FE_OFC751_registers_n_2520 | A v -> Z v   | CLKBUF_X3 | 0.243 |   1.524 |    1.785 | 
     | datapath/g3848                      | A1 v -> ZN ^ | AOI22_X1  | 0.166 |   1.691 |    1.951 | 
     | datapath/g3511__2346                | A2 ^ -> ZN ^ | AND4_X1   | 0.250 |   1.940 |    2.201 | 
     | datapath/FE_RC_665_0                | A3 ^ -> ZN v | NAND3_X2  | 0.093 |   2.034 |    2.294 | 
     | datapath/g26665                     | A1 v -> ZN ^ | AOI222_X2 | 0.177 |   2.211 |    2.471 | 
     | datapath/FE_OFC140_LT_TC_OP_n_35    | A ^ -> Z ^   | BUF_X1    | 0.131 |   2.342 |    2.602 | 
     | datapath/LT_TC_OP_g1584             | A1 ^ -> ZN v | NAND2_X1  | 0.058 |   2.400 |    2.661 | 
     | datapath/LT_TC_OP_g1545             | A1 v -> ZN v | OR2_X2    | 0.158 |   2.558 |    2.819 | 
     | datapath/LT_TC_OP_g1527             | A1 v -> ZN ^ | AOI22_X2  | 0.103 |   2.661 |    2.922 | 
     | datapath/LT_TC_OP_g1519             | A1 ^ -> ZN v | OAI22_X1  | 0.074 |   2.735 |    2.996 | 
     | datapath/FE_RC_633_0                | A1 v -> ZN ^ | AOI22_X2  | 0.108 |   2.843 |    3.103 | 
     | datapath/LT_TC_OP_g1515             | B1 ^ -> ZN v | OAI21_X1  | 0.068 |   2.910 |    3.171 | 
     | datapath/FE_RC_599_0                | C1 v -> ZN ^ | AOI221_X1 | 0.277 |   3.187 |    3.447 | 
     | datapath/LT_TC_OP_g1513             | A1 ^ -> ZN v | OAI222_X1 | 0.165 |   3.352 |    3.612 | 
     | datapath/LT_TC_OP_g1512             | C1 v -> ZN ^ | AOI221_X2 | 0.294 |   3.646 |    3.906 | 
     | datapath/g16081                     | A1 ^ -> ZN ^ | AND2_X2   | 0.153 |   3.798 |    4.059 | 
     | datapath/g16079                     | A1 ^ -> ZN ^ | OR2_X4    | 0.099 |   3.897 |    4.158 | 
     | datapath/FE_OCPC462_IFID_takeBranch | A ^ -> Z ^   | BUF_X2    | 0.108 |   4.005 |    4.265 | 
     | datapath/branch_or_inc_4/g818__5107 | S ^ -> Z v   | MUX2_X1   | 0.218 |   4.223 |    4.484 | 
     | datapath/IF_pc_reg[2]               | D v          | SDFFR_X2  | 0.000 |   4.223 |    4.484 | 
     +---------------------------------------------------------------------------------------------+ 
Path 32: MET Setup Check with Pin datapath/IFID_instr_reg[16]/CK 
Endpoint:   datapath/IFID_instr_reg[16]/D (v) checked with  leading edge of 
'clk'
Beginpoint: datapath/IFID_instr_reg[15]/Q (v) triggered by  leading edge of 
'clk'
Path Groups: {reg2reg}
Analysis View: RPT_SLOW
Other End Arrival Time          0.503
- Setup                         0.136
+ Phase Shift                   4.250
+ CPPR Adjustment               0.000
- Uncertainty                   0.100
= Required Time                 4.516
- Arrival Time                  4.243
= Slack Time                    0.273
     Clock Rise Edge                 0.000
     + Clock Network Latency (Prop)  0.570
     = Beginpoint Arrival Time       0.570
     +-------------------------------------------------------------------------------------------------+ 
     |                Instance                 |     Arc      |   Cell    | Delay | Arrival | Required | 
     |                                         |              |           |       |  Time   |   Time   | 
     |-----------------------------------------+--------------+-----------+-------+---------+----------| 
     | datapath/IFID_instr_reg[15]             | CK ^         |           |       |   0.570 |    0.843 | 
     | datapath/IFID_instr_reg[15]             | CK ^ -> Q v  | DFFR_X1   | 0.310 |   0.880 |    1.153 | 
     | datapath/FE_OFC680_n_1229               | A v -> Z v   | BUF_X4    | 0.104 |   0.984 |    1.257 | 
     | datapath/g517__7410                     | A2 v -> ZN ^ | NAND2_X1  | 0.234 |   1.218 |    1.491 | 
     | datapath/g476__7098                     | A2 ^ -> ZN v | NOR2_X1   | 0.063 |   1.281 |    1.554 | 
     | datapath/FE_OFC751_registers_n_2520     | A v -> Z v   | CLKBUF_X3 | 0.243 |   1.524 |    1.798 | 
     | datapath/g3848                          | A1 v -> ZN ^ | AOI22_X1  | 0.166 |   1.691 |    1.964 | 
     | datapath/g3511__2346                    | A2 ^ -> ZN ^ | AND4_X1   | 0.250 |   1.940 |    2.214 | 
     | datapath/FE_RC_665_0                    | A3 ^ -> ZN v | NAND3_X2  | 0.093 |   2.034 |    2.307 | 
     | datapath/g26665                         | A1 v -> ZN ^ | AOI222_X2 | 0.177 |   2.211 |    2.484 | 
     | datapath/FE_OFC140_LT_TC_OP_n_35        | A ^ -> Z ^   | BUF_X1    | 0.131 |   2.342 |    2.615 | 
     | datapath/LT_TC_OP_g1584                 | A1 ^ -> ZN v | NAND2_X1  | 0.058 |   2.400 |    2.674 | 
     | datapath/LT_TC_OP_g1545                 | A1 v -> ZN v | OR2_X2    | 0.158 |   2.558 |    2.832 | 
     | datapath/LT_TC_OP_g1527                 | A1 v -> ZN ^ | AOI22_X2  | 0.103 |   2.661 |    2.935 | 
     | datapath/LT_TC_OP_g1519                 | A1 ^ -> ZN v | OAI22_X1  | 0.074 |   2.735 |    3.009 | 
     | datapath/FE_RC_633_0                    | A1 v -> ZN ^ | AOI22_X2  | 0.108 |   2.843 |    3.116 | 
     | datapath/LT_TC_OP_g1515                 | B1 ^ -> ZN v | OAI21_X1  | 0.068 |   2.910 |    3.184 | 
     | datapath/FE_RC_599_0                    | C1 v -> ZN ^ | AOI221_X1 | 0.277 |   3.187 |    3.460 | 
     | datapath/LT_TC_OP_g1513                 | A1 ^ -> ZN v | OAI222_X1 | 0.165 |   3.352 |    3.625 | 
     | datapath/LT_TC_OP_g1512                 | C1 v -> ZN ^ | AOI221_X2 | 0.294 |   3.646 |    3.919 | 
     | datapath/g16081                         | A1 ^ -> ZN ^ | AND2_X2   | 0.153 |   3.798 |    4.072 | 
     | datapath/g16079                         | A1 ^ -> ZN ^ | OR2_X4    | 0.099 |   3.897 |    4.171 | 
     | g1055                                   | A1 ^ -> ZN ^ | AND2_X2   | 0.093 |   3.991 |    4.264 | 
     | datapath/FE_OFC629_IFID_flush           | A ^ -> ZN v  | INV_X1    | 0.045 |   4.035 |    4.309 | 
     | datapath/FE_OFC723_FE_OFN140_IFID_flush | A v -> ZN ^  | INV_X8    | 0.157 |   4.193 |    4.466 | 
     | datapath/g35561                         | A1 ^ -> ZN v | NOR2_X1   | 0.050 |   4.243 |    4.516 | 
     | datapath/IFID_instr_reg[16]             | D v          | DFFR_X1   | 0.000 |   4.243 |    4.516 | 
     +-------------------------------------------------------------------------------------------------+ 
Path 33: MET Setup Check with Pin datapath/IFID_instr_reg[3]/CK 
Endpoint:   datapath/IFID_instr_reg[3]/D  (v) checked with  leading edge of 
'clk'
Beginpoint: datapath/IFID_instr_reg[15]/Q (v) triggered by  leading edge of 
'clk'
Path Groups: {reg2reg}
Analysis View: RPT_SLOW
Other End Arrival Time          0.503
- Setup                         0.136
+ Phase Shift                   4.250
+ CPPR Adjustment               0.000
- Uncertainty                   0.100
= Required Time                 4.516
- Arrival Time                  4.242
= Slack Time                    0.274
     Clock Rise Edge                 0.000
     + Clock Network Latency (Prop)  0.570
     = Beginpoint Arrival Time       0.570
     +-------------------------------------------------------------------------------------------------+ 
     |                Instance                 |     Arc      |   Cell    | Delay | Arrival | Required | 
     |                                         |              |           |       |  Time   |   Time   | 
     |-----------------------------------------+--------------+-----------+-------+---------+----------| 
     | datapath/IFID_instr_reg[15]             | CK ^         |           |       |   0.570 |    0.844 | 
     | datapath/IFID_instr_reg[15]             | CK ^ -> Q v  | DFFR_X1   | 0.310 |   0.880 |    1.153 | 
     | datapath/FE_OFC680_n_1229               | A v -> Z v   | BUF_X4    | 0.104 |   0.984 |    1.257 | 
     | datapath/g517__7410                     | A2 v -> ZN ^ | NAND2_X1  | 0.234 |   1.218 |    1.492 | 
     | datapath/g476__7098                     | A2 ^ -> ZN v | NOR2_X1   | 0.063 |   1.281 |    1.555 | 
     | datapath/FE_OFC751_registers_n_2520     | A v -> Z v   | CLKBUF_X3 | 0.243 |   1.524 |    1.798 | 
     | datapath/g3848                          | A1 v -> ZN ^ | AOI22_X1  | 0.166 |   1.691 |    1.965 | 
     | datapath/g3511__2346                    | A2 ^ -> ZN ^ | AND4_X1   | 0.250 |   1.940 |    2.214 | 
     | datapath/FE_RC_665_0                    | A3 ^ -> ZN v | NAND3_X2  | 0.093 |   2.034 |    2.307 | 
     | datapath/g26665                         | A1 v -> ZN ^ | AOI222_X2 | 0.177 |   2.211 |    2.485 | 
     | datapath/FE_OFC140_LT_TC_OP_n_35        | A ^ -> Z ^   | BUF_X1    | 0.131 |   2.342 |    2.616 | 
     | datapath/LT_TC_OP_g1584                 | A1 ^ -> ZN v | NAND2_X1  | 0.058 |   2.400 |    2.674 | 
     | datapath/LT_TC_OP_g1545                 | A1 v -> ZN v | OR2_X2    | 0.158 |   2.558 |    2.832 | 
     | datapath/LT_TC_OP_g1527                 | A1 v -> ZN ^ | AOI22_X2  | 0.103 |   2.661 |    2.935 | 
     | datapath/LT_TC_OP_g1519                 | A1 ^ -> ZN v | OAI22_X1  | 0.074 |   2.735 |    3.009 | 
     | datapath/FE_RC_633_0                    | A1 v -> ZN ^ | AOI22_X2  | 0.108 |   2.843 |    3.117 | 
     | datapath/LT_TC_OP_g1515                 | B1 ^ -> ZN v | OAI21_X1  | 0.068 |   2.910 |    3.184 | 
     | datapath/FE_RC_599_0                    | C1 v -> ZN ^ | AOI221_X1 | 0.277 |   3.187 |    3.461 | 
     | datapath/LT_TC_OP_g1513                 | A1 ^ -> ZN v | OAI222_X1 | 0.165 |   3.352 |    3.626 | 
     | datapath/LT_TC_OP_g1512                 | C1 v -> ZN ^ | AOI221_X2 | 0.294 |   3.646 |    3.920 | 
     | datapath/g16081                         | A1 ^ -> ZN ^ | AND2_X2   | 0.153 |   3.798 |    4.072 | 
     | datapath/g16079                         | A1 ^ -> ZN ^ | OR2_X4    | 0.099 |   3.897 |    4.171 | 
     | g1055                                   | A1 ^ -> ZN ^ | AND2_X2   | 0.093 |   3.991 |    4.265 | 
     | datapath/FE_OFC629_IFID_flush           | A ^ -> ZN v  | INV_X1    | 0.045 |   4.035 |    4.309 | 
     | datapath/FE_OFC723_FE_OFN140_IFID_flush | A v -> ZN ^  | INV_X8    | 0.157 |   4.193 |    4.466 | 
     | datapath/g35507                         | A1 ^ -> ZN v | NOR2_X1   | 0.050 |   4.242 |    4.516 | 
     | datapath/IFID_instr_reg[3]              | D v          | DFFR_X1   | 0.000 |   4.242 |    4.516 | 
     +-------------------------------------------------------------------------------------------------+ 
Path 34: MET Setup Check with Pin datapath/IF_pc_reg[27]/CK 
Endpoint:   datapath/IF_pc_reg[27]/D       (^) checked with  leading edge of 
'clk'
Beginpoint: datapath/IFID_instr_reg[23]/QN (v) triggered by  leading edge of 
'clk'
Path Groups: {reg2reg}
Analysis View: RPT_SLOW
Other End Arrival Time          0.556
- Setup                         0.219
+ Phase Shift                   4.250
+ CPPR Adjustment               0.000
- Uncertainty                   0.100
= Required Time                 4.487
- Arrival Time                  4.211
= Slack Time                    0.276
     Clock Rise Edge                 0.000
     + Clock Network Latency (Prop)  0.562
     = Beginpoint Arrival Time       0.562
     +------------------------------------------------------------------------------------------------------------+ 
     |                      Instance                      |     Arc      |   Cell    | Delay | Arrival | Required | 
     |                                                    |              |           |       |  Time   |   Time   | 
     |----------------------------------------------------+--------------+-----------+-------+---------+----------| 
     | datapath/IFID_instr_reg[23]                        | CK ^         |           |       |   0.562 |    0.838 | 
     | datapath/IFID_instr_reg[23]                        | CK ^ -> QN v | DFFR_X1   | 0.327 |   0.890 |    1.165 | 
     | datapath/FE_OFC621_n_471                           | A v -> ZN ^  | INV_X4    | 0.126 |   1.016 |    1.292 | 
     | branch_forward/g1290__1881                         | A ^ -> ZN ^  | XNOR2_X1  | 0.138 |   1.154 |    1.429 | 
     | branch_forward/g1274__2398                         | A3 ^ -> ZN v | NAND4_X1  | 0.115 |   1.269 |    1.545 | 
     | branch_forward/g1267__2883                         | A v -> ZN ^  | AOI211_X2 | 0.395 |   1.664 |    1.939 | 
     | branch_forward/g1262__7482                         | A1 ^ -> ZN v | NOR4_X2   | 0.062 |   1.725 |    2.001 | 
     | datapath/g27297                                    | A v -> ZN ^  | INV_X1    | 0.077 |   1.802 |    2.078 | 
     | datapath/g26833                                    | B1 ^ -> ZN v | AOI21_X1  | 0.039 |   1.842 |    2.117 | 
     | datapath/FE_OFC664_n_779                           | A v -> Z v   | BUF_X1    | 0.151 |   1.993 |    2.269 | 
     | datapath/FE_OFC735_n_779                           | A v -> ZN ^  | INV_X4    | 0.129 |   2.122 |    2.398 | 
     | datapath/FE_OFC736_n_779                           | A ^ -> ZN v  | INV_X1    | 0.108 |   2.230 |    2.505 | 
     | datapath/g26584                                    | B2 v -> ZN ^ | AOI222_X1 | 0.356 |   2.585 |    2.861 | 
     | datapath/g26566                                    | A ^ -> ZN v  | INV_X1    | 0.082 |   2.667 |    2.943 | 
     | datapath/LT_TC_OP_g1574                            | A2 v -> ZN ^ | NAND2_X1  | 0.089 |   2.756 |    3.032 | 
     | datapath/LT_TC_OP_g1562                            | A ^ -> ZN v  | INV_X1    | 0.028 |   2.784 |    3.060 | 
     | datapath/LT_TC_OP_g1547                            | A v -> ZN ^  | AOI21_X1  | 0.190 |   2.974 |    3.250 | 
     | datapath/LT_TC_OP_g1540                            | A ^ -> ZN v  | OAI211_X1 | 0.114 |   3.088 |    3.364 | 
     | datapath/LT_TC_OP_g1525                            | A2 v -> ZN ^ | NOR2_X1   | 0.202 |   3.291 |    3.566 | 
     | datapath/LT_TC_OP_g1524                            | A ^ -> ZN v  | INV_X1    | 0.052 |   3.342 |    3.618 | 
     | datapath/FE_RC_771_0                               | A1 v -> ZN ^ | NOR3_X2   | 0.146 |   3.488 |    3.764 | 
     | datapath/LT_TC_OP_g1512                            | C2 ^ -> ZN v | AOI221_X2 | 0.090 |   3.578 |    3.854 | 
     | datapath/g16081                                    | A1 v -> ZN v | AND2_X2   | 0.119 |   3.697 |    3.973 | 
     | datapath/g16079                                    | A1 v -> ZN v | OR2_X4    | 0.169 |   3.867 |    4.142 | 
     | datapath/branch_or_inc_4/FE_OFC210_IFID_takeBranch | A v -> Z v   | BUF_X8    | 0.104 |   3.970 |    4.246 | 
     | datapath/branch_or_inc_4/FE_OFC212_IFID_takeBranch | A v -> ZN ^  | INV_X1    | 0.121 |   4.092 |    4.367 | 
     | datapath/branch_or_inc_4/g843__6417                | A2 ^ -> ZN v | NAND2_X1  | 0.061 |   4.152 |    4.428 | 
     | datapath/branch_or_inc_4/g821__8428                | A2 v -> ZN ^ | NAND2_X1  | 0.059 |   4.211 |    4.487 | 
     | datapath/IF_pc_reg[27]                             | D ^          | SDFFRS_X1 | 0.000 |   4.211 |    4.487 | 
     +------------------------------------------------------------------------------------------------------------+ 
Path 35: MET Setup Check with Pin datapath/IFID_instr_reg[4]/CK 
Endpoint:   datapath/IFID_instr_reg[4]/D  (v) checked with  leading edge of 
'clk'
Beginpoint: datapath/IFID_instr_reg[15]/Q (v) triggered by  leading edge of 
'clk'
Path Groups: {reg2reg}
Analysis View: RPT_SLOW
Other End Arrival Time          0.503
- Setup                         0.136
+ Phase Shift                   4.250
+ CPPR Adjustment               0.000
- Uncertainty                   0.100
= Required Time                 4.517
- Arrival Time                  4.241
= Slack Time                    0.276
     Clock Rise Edge                 0.000
     + Clock Network Latency (Prop)  0.570
     = Beginpoint Arrival Time       0.570
     +-------------------------------------------------------------------------------------------------+ 
     |                Instance                 |     Arc      |   Cell    | Delay | Arrival | Required | 
     |                                         |              |           |       |  Time   |   Time   | 
     |-----------------------------------------+--------------+-----------+-------+---------+----------| 
     | datapath/IFID_instr_reg[15]             | CK ^         |           |       |   0.570 |    0.846 | 
     | datapath/IFID_instr_reg[15]             | CK ^ -> Q v  | DFFR_X1   | 0.310 |   0.880 |    1.155 | 
     | datapath/FE_OFC680_n_1229               | A v -> Z v   | BUF_X4    | 0.104 |   0.984 |    1.259 | 
     | datapath/g517__7410                     | A2 v -> ZN ^ | NAND2_X1  | 0.234 |   1.218 |    1.494 | 
     | datapath/g476__7098                     | A2 ^ -> ZN v | NOR2_X1   | 0.063 |   1.281 |    1.557 | 
     | datapath/FE_OFC751_registers_n_2520     | A v -> Z v   | CLKBUF_X3 | 0.243 |   1.524 |    1.800 | 
     | datapath/g3848                          | A1 v -> ZN ^ | AOI22_X1  | 0.166 |   1.691 |    1.967 | 
     | datapath/g3511__2346                    | A2 ^ -> ZN ^ | AND4_X1   | 0.250 |   1.940 |    2.216 | 
     | datapath/FE_RC_665_0                    | A3 ^ -> ZN v | NAND3_X2  | 0.093 |   2.034 |    2.309 | 
     | datapath/g26665                         | A1 v -> ZN ^ | AOI222_X2 | 0.177 |   2.211 |    2.487 | 
     | datapath/FE_OFC140_LT_TC_OP_n_35        | A ^ -> Z ^   | BUF_X1    | 0.131 |   2.342 |    2.618 | 
     | datapath/LT_TC_OP_g1584                 | A1 ^ -> ZN v | NAND2_X1  | 0.058 |   2.400 |    2.676 | 
     | datapath/LT_TC_OP_g1545                 | A1 v -> ZN v | OR2_X2    | 0.158 |   2.558 |    2.834 | 
     | datapath/LT_TC_OP_g1527                 | A1 v -> ZN ^ | AOI22_X2  | 0.103 |   2.661 |    2.937 | 
     | datapath/LT_TC_OP_g1519                 | A1 ^ -> ZN v | OAI22_X1  | 0.074 |   2.735 |    3.011 | 
     | datapath/FE_RC_633_0                    | A1 v -> ZN ^ | AOI22_X2  | 0.108 |   2.843 |    3.119 | 
     | datapath/LT_TC_OP_g1515                 | B1 ^ -> ZN v | OAI21_X1  | 0.068 |   2.910 |    3.186 | 
     | datapath/FE_RC_599_0                    | C1 v -> ZN ^ | AOI221_X1 | 0.277 |   3.187 |    3.463 | 
     | datapath/LT_TC_OP_g1513                 | A1 ^ -> ZN v | OAI222_X1 | 0.165 |   3.352 |    3.628 | 
     | datapath/LT_TC_OP_g1512                 | C1 v -> ZN ^ | AOI221_X2 | 0.294 |   3.646 |    3.922 | 
     | datapath/g16081                         | A1 ^ -> ZN ^ | AND2_X2   | 0.153 |   3.798 |    4.074 | 
     | datapath/g16079                         | A1 ^ -> ZN ^ | OR2_X4    | 0.099 |   3.897 |    4.173 | 
     | g1055                                   | A1 ^ -> ZN ^ | AND2_X2   | 0.093 |   3.991 |    4.267 | 
     | datapath/FE_OFC629_IFID_flush           | A ^ -> ZN v  | INV_X1    | 0.045 |   4.035 |    4.311 | 
     | datapath/FE_OFC723_FE_OFN140_IFID_flush | A v -> ZN ^  | INV_X8    | 0.157 |   4.193 |    4.468 | 
     | datapath/g35558                         | A1 ^ -> ZN v | NOR2_X1   | 0.048 |   4.241 |    4.517 | 
     | datapath/IFID_instr_reg[4]              | D v          | DFFR_X1   | 0.000 |   4.241 |    4.517 | 
     +-------------------------------------------------------------------------------------------------+ 
Path 36: MET Setup Check with Pin datapath/IFID_instr_reg[21]/CK 
Endpoint:   datapath/IFID_instr_reg[21]/D (v) checked with  leading edge of 
'clk'
Beginpoint: datapath/IFID_instr_reg[15]/Q (v) triggered by  leading edge of 
'clk'
Path Groups: {reg2reg}
Analysis View: RPT_SLOW
Other End Arrival Time          0.503
- Setup                         0.136
+ Phase Shift                   4.250
+ CPPR Adjustment               0.000
- Uncertainty                   0.100
= Required Time                 4.516
- Arrival Time                  4.240
= Slack Time                    0.276
     Clock Rise Edge                 0.000
     + Clock Network Latency (Prop)  0.570
     = Beginpoint Arrival Time       0.570
     +-------------------------------------------------------------------------------------------------+ 
     |                Instance                 |     Arc      |   Cell    | Delay | Arrival | Required | 
     |                                         |              |           |       |  Time   |   Time   | 
     |-----------------------------------------+--------------+-----------+-------+---------+----------| 
     | datapath/IFID_instr_reg[15]             | CK ^         |           |       |   0.570 |    0.846 | 
     | datapath/IFID_instr_reg[15]             | CK ^ -> Q v  | DFFR_X1   | 0.310 |   0.880 |    1.156 | 
     | datapath/FE_OFC680_n_1229               | A v -> Z v   | BUF_X4    | 0.104 |   0.984 |    1.260 | 
     | datapath/g517__7410                     | A2 v -> ZN ^ | NAND2_X1  | 0.234 |   1.218 |    1.494 | 
     | datapath/g476__7098                     | A2 ^ -> ZN v | NOR2_X1   | 0.063 |   1.281 |    1.557 | 
     | datapath/FE_OFC751_registers_n_2520     | A v -> Z v   | CLKBUF_X3 | 0.243 |   1.524 |    1.801 | 
     | datapath/g3848                          | A1 v -> ZN ^ | AOI22_X1  | 0.166 |   1.691 |    1.967 | 
     | datapath/g3511__2346                    | A2 ^ -> ZN ^ | AND4_X1   | 0.250 |   1.940 |    2.217 | 
     | datapath/FE_RC_665_0                    | A3 ^ -> ZN v | NAND3_X2  | 0.093 |   2.034 |    2.310 | 
     | datapath/g26665                         | A1 v -> ZN ^ | AOI222_X2 | 0.177 |   2.211 |    2.487 | 
     | datapath/FE_OFC140_LT_TC_OP_n_35        | A ^ -> Z ^   | BUF_X1    | 0.131 |   2.342 |    2.618 | 
     | datapath/LT_TC_OP_g1584                 | A1 ^ -> ZN v | NAND2_X1  | 0.058 |   2.400 |    2.677 | 
     | datapath/LT_TC_OP_g1545                 | A1 v -> ZN v | OR2_X2    | 0.158 |   2.558 |    2.835 | 
     | datapath/LT_TC_OP_g1527                 | A1 v -> ZN ^ | AOI22_X2  | 0.103 |   2.661 |    2.938 | 
     | datapath/LT_TC_OP_g1519                 | A1 ^ -> ZN v | OAI22_X1  | 0.074 |   2.735 |    3.011 | 
     | datapath/FE_RC_633_0                    | A1 v -> ZN ^ | AOI22_X2  | 0.108 |   2.843 |    3.119 | 
     | datapath/LT_TC_OP_g1515                 | B1 ^ -> ZN v | OAI21_X1  | 0.068 |   2.910 |    3.187 | 
     | datapath/FE_RC_599_0                    | C1 v -> ZN ^ | AOI221_X1 | 0.277 |   3.187 |    3.463 | 
     | datapath/LT_TC_OP_g1513                 | A1 ^ -> ZN v | OAI222_X1 | 0.165 |   3.352 |    3.628 | 
     | datapath/LT_TC_OP_g1512                 | C1 v -> ZN ^ | AOI221_X2 | 0.294 |   3.646 |    3.922 | 
     | datapath/g16081                         | A1 ^ -> ZN ^ | AND2_X2   | 0.153 |   3.798 |    4.075 | 
     | datapath/g16079                         | A1 ^ -> ZN ^ | OR2_X4    | 0.099 |   3.897 |    4.174 | 
     | g1055                                   | A1 ^ -> ZN ^ | AND2_X2   | 0.093 |   3.991 |    4.267 | 
     | datapath/FE_OFC629_IFID_flush           | A ^ -> ZN v  | INV_X1    | 0.045 |   4.035 |    4.312 | 
     | datapath/FE_OFC723_FE_OFN140_IFID_flush | A v -> ZN ^  | INV_X8    | 0.157 |   4.193 |    4.469 | 
     | datapath/g35496                         | A1 ^ -> ZN v | NOR2_X1   | 0.047 |   4.240 |    4.516 | 
     | datapath/IFID_instr_reg[21]             | D v          | DFFR_X1   | 0.000 |   4.240 |    4.516 | 
     +-------------------------------------------------------------------------------------------------+ 
Path 37: MET Setup Check with Pin datapath/IF_pc_reg[30]/CK 
Endpoint:   datapath/IF_pc_reg[30]/D (^) checked with  leading edge of 'clk'
Beginpoint: datapath/IF_pc_reg[2]/Q  (^) triggered by  leading edge of 'clk'
Path Groups: {reg2reg}
Analysis View: RPT_SLOW
Other End Arrival Time          0.547
- Setup                         0.071
+ Phase Shift                   4.250
+ CPPR Adjustment               0.000
- Uncertainty                   0.100
= Required Time                 4.626
- Arrival Time                  4.348
= Slack Time                    0.278
     Clock Rise Edge                 0.000
     + Clock Network Latency (Prop)  0.570
     = Beginpoint Arrival Time       0.570
     +-----------------------------------------------------------------------------------------------------------+ 
     |                      Instance                      |     Arc      |   Cell   | Delay | Arrival | Required | 
     |                                                    |              |          |       |  Time   |   Time   | 
     |----------------------------------------------------+--------------+----------+-------+---------+----------| 
     | datapath/IF_pc_reg[2]                              | CK ^         |          |       |   0.569 |    0.847 | 
     | datapath/IF_pc_reg[2]                              | CK ^ -> Q ^  | SDFFR_X2 | 0.302 |   0.872 |    1.149 | 
     | datapath/pc_plus_4/FA_GEN[3].fa_i/FE_RC_768_0      | A1 ^ -> ZN v | NAND2_X1 | 0.049 |   0.920 |    1.198 | 
     | datapath/pc_plus_4/FA_GEN[3].fa_i/FE_OFC805_FE_RN_ | A v -> ZN ^  | INV_X1   | 0.086 |   1.006 |    1.284 | 
     | 432_0                                              |              |          |       |         |          | 
     | datapath/pc_plus_4/FA_GEN[4].fa_i/FE_RC_660_0      | A1 ^ -> ZN ^ | AND2_X4  | 0.111 |   1.117 |    1.394 | 
     | datapath/pc_plus_4/FA_GEN[5].fa_i/FE_RC_570_0      | A2 ^ -> ZN ^ | AND2_X4  | 0.085 |   1.202 |    1.479 | 
     | datapath/pc_plus_4/FA_GEN[6].fa_i/g2               | A ^ -> CO ^  | HA_X1    | 0.112 |   1.314 |    1.592 | 
     | datapath/pc_plus_4/FA_GEN[7].fa_i/g31__2802        | A ^ -> CO ^  | HA_X1    | 0.114 |   1.428 |    1.706 | 
     | datapath/pc_plus_4/FA_GEN[8].fa_i/g2               | A ^ -> CO ^  | HA_X1    | 0.124 |   1.552 |    1.830 | 
     | datapath/pc_plus_4/FA_GEN[9].fa_i/FE_RC_687_0      | A1 ^ -> ZN v | NAND2_X1 | 0.046 |   1.598 |    1.876 | 
     | datapath/pc_plus_4/FA_GEN[10].fa_i/FE_OFC748_FE_RN | A v -> ZN ^  | INV_X1   | 0.079 |   1.678 |    1.956 | 
     | _389_0                                             |              |          |       |         |          | 
     | datapath/pc_plus_4/FA_GEN[10].fa_i/FE_RC_602_0     | A2 ^ -> ZN ^ | AND2_X2  | 0.108 |   1.786 |    2.063 | 
     | datapath/pc_plus_4/FA_GEN[11].fa_i/g31__5115       | A ^ -> CO ^  | HA_X1    | 0.109 |   1.895 |    2.172 | 
     | datapath/pc_plus_4/FA_GEN[12].fa_i/g2              | A ^ -> CO ^  | HA_X1    | 0.116 |   2.011 |    2.288 | 
     | datapath/pc_plus_4/FA_GEN[13].fa_i/g2              | A ^ -> CO ^  | HA_X1    | 0.114 |   2.125 |    2.403 | 
     | datapath/pc_plus_4/FA_GEN[14].fa_i/g2              | A ^ -> CO ^  | HA_X1    | 0.115 |   2.240 |    2.518 | 
     | datapath/pc_plus_4/FA_GEN[15].fa_i/g31__2346       | A ^ -> CO ^  | HA_X1    | 0.117 |   2.357 |    2.635 | 
     | datapath/pc_plus_4/FA_GEN[16].fa_i/g2              | A ^ -> CO ^  | HA_X1    | 0.119 |   2.476 |    2.754 | 
     | datapath/pc_plus_4/FA_GEN[17].fa_i/g2              | A ^ -> CO ^  | HA_X1    | 0.115 |   2.592 |    2.869 | 
     | datapath/pc_plus_4/FA_GEN[18].fa_i/g2              | A ^ -> CO ^  | HA_X1    | 0.112 |   2.703 |    2.981 | 
     | datapath/pc_plus_4/FA_GEN[19].fa_i/g31__6260       | A ^ -> CO ^  | HA_X1    | 0.110 |   2.813 |    3.091 | 
     | datapath/pc_plus_4/FA_GEN[20].fa_i/g2              | A ^ -> CO ^  | HA_X1    | 0.118 |   2.931 |    3.208 | 
     | datapath/pc_plus_4/FA_GEN[21].fa_i/g2              | A ^ -> CO ^  | HA_X1    | 0.114 |   3.045 |    3.323 | 
     | datapath/pc_plus_4/FA_GEN[22].fa_i/g2              | A ^ -> CO ^  | HA_X1    | 0.116 |   3.162 |    3.439 | 
     | datapath/pc_plus_4/FA_GEN[23].fa_i/g31__2802       | A ^ -> CO ^  | HA_X1    | 0.138 |   3.300 |    3.577 | 
     | datapath/pc_plus_4/FA_GEN[24].fa_i/FE_RC_773_0     | A1 ^ -> ZN ^ | AND2_X2  | 0.114 |   3.414 |    3.691 | 
     | datapath/pc_plus_4/FA_GEN[25].fa_i/g2              | A ^ -> CO ^  | HA_X1    | 0.110 |   3.524 |    3.802 | 
     | datapath/pc_plus_4/FA_GEN[26].fa_i/g2              | A ^ -> CO ^  | HA_X1    | 0.116 |   3.640 |    3.917 | 
     | datapath/pc_plus_4/FA_GEN[27].fa_i/g2              | A ^ -> CO ^  | HA_X1    | 0.112 |   3.752 |    4.030 | 
     | datapath/pc_plus_4/FA_GEN[28].fa_i/g2              | A ^ -> CO ^  | HA_X1    | 0.113 |   3.865 |    4.143 | 
     | datapath/pc_plus_4/FA_GEN[29].fa_i/g31__9945       | A ^ -> CO ^  | HA_X1    | 0.115 |   3.980 |    4.258 | 
     | datapath/pc_plus_4/FA_GEN[30].fa_i/g2              | A ^ -> S ^   | HA_X1    | 0.170 |   4.150 |    4.427 | 
     | datapath/branch_or_inc_4/g840__2346                | A1 ^ -> ZN v | NAND2_X1 | 0.054 |   4.204 |    4.482 | 
     | datapath/branch_or_inc_4/g827__1705                | A2 v -> ZN ^ | NAND2_X1 | 0.062 |   4.266 |    4.544 | 
     | datapath/FE_RC_658_0                               | A1 ^ -> ZN v | NAND2_X1 | 0.038 |   4.305 |    4.582 | 
     | datapath/FE_RC_657_0                               | A1 v -> ZN ^ | NAND2_X1 | 0.043 |   4.348 |    4.626 | 
     | datapath/IF_pc_reg[30]                             | D ^          | DFFR_X1  | 0.000 |   4.348 |    4.626 | 
     +-----------------------------------------------------------------------------------------------------------+ 
Path 38: MET Setup Check with Pin datapath/IFID_instr_reg[11]/CK 
Endpoint:   datapath/IFID_instr_reg[11]/D (v) checked with  leading edge of 
'clk'
Beginpoint: datapath/IFID_instr_reg[15]/Q (v) triggered by  leading edge of 
'clk'
Path Groups: {reg2reg}
Analysis View: RPT_SLOW
Other End Arrival Time          0.532
- Setup                         0.154
+ Phase Shift                   4.250
+ CPPR Adjustment               0.000
- Uncertainty                   0.100
= Required Time                 4.527
- Arrival Time                  4.249
= Slack Time                    0.278
     Clock Rise Edge                 0.000
     + Clock Network Latency (Prop)  0.570
     = Beginpoint Arrival Time       0.570
     +-------------------------------------------------------------------------------------------------+ 
     |                Instance                 |     Arc      |   Cell    | Delay | Arrival | Required | 
     |                                         |              |           |       |  Time   |   Time   | 
     |-----------------------------------------+--------------+-----------+-------+---------+----------| 
     | datapath/IFID_instr_reg[15]             | CK ^         |           |       |   0.570 |    0.848 | 
     | datapath/IFID_instr_reg[15]             | CK ^ -> Q v  | DFFR_X1   | 0.310 |   0.880 |    1.158 | 
     | datapath/FE_OFC680_n_1229               | A v -> Z v   | BUF_X4    | 0.104 |   0.984 |    1.262 | 
     | datapath/g517__7410                     | A2 v -> ZN ^ | NAND2_X1  | 0.234 |   1.218 |    1.496 | 
     | datapath/g476__7098                     | A2 ^ -> ZN v | NOR2_X1   | 0.063 |   1.281 |    1.559 | 
     | datapath/FE_OFC751_registers_n_2520     | A v -> Z v   | CLKBUF_X3 | 0.243 |   1.524 |    1.802 | 
     | datapath/g3848                          | A1 v -> ZN ^ | AOI22_X1  | 0.166 |   1.691 |    1.969 | 
     | datapath/g3511__2346                    | A2 ^ -> ZN ^ | AND4_X1   | 0.250 |   1.940 |    2.218 | 
     | datapath/FE_RC_665_0                    | A3 ^ -> ZN v | NAND3_X2  | 0.093 |   2.034 |    2.312 | 
     | datapath/g26665                         | A1 v -> ZN ^ | AOI222_X2 | 0.177 |   2.211 |    2.489 | 
     | datapath/FE_OFC140_LT_TC_OP_n_35        | A ^ -> Z ^   | BUF_X1    | 0.131 |   2.342 |    2.620 | 
     | datapath/LT_TC_OP_g1584                 | A1 ^ -> ZN v | NAND2_X1  | 0.058 |   2.400 |    2.679 | 
     | datapath/LT_TC_OP_g1545                 | A1 v -> ZN v | OR2_X2    | 0.158 |   2.558 |    2.836 | 
     | datapath/LT_TC_OP_g1527                 | A1 v -> ZN ^ | AOI22_X2  | 0.103 |   2.661 |    2.939 | 
     | datapath/LT_TC_OP_g1519                 | A1 ^ -> ZN v | OAI22_X1  | 0.074 |   2.735 |    3.013 | 
     | datapath/FE_RC_633_0                    | A1 v -> ZN ^ | AOI22_X2  | 0.108 |   2.843 |    3.121 | 
     | datapath/LT_TC_OP_g1515                 | B1 ^ -> ZN v | OAI21_X1  | 0.068 |   2.910 |    3.188 | 
     | datapath/FE_RC_599_0                    | C1 v -> ZN ^ | AOI221_X1 | 0.277 |   3.187 |    3.465 | 
     | datapath/LT_TC_OP_g1513                 | A1 ^ -> ZN v | OAI222_X1 | 0.165 |   3.352 |    3.630 | 
     | datapath/LT_TC_OP_g1512                 | C1 v -> ZN ^ | AOI221_X2 | 0.294 |   3.646 |    3.924 | 
     | datapath/g16081                         | A1 ^ -> ZN ^ | AND2_X2   | 0.153 |   3.798 |    4.077 | 
     | datapath/g16079                         | A1 ^ -> ZN ^ | OR2_X4    | 0.099 |   3.897 |    4.175 | 
     | g1055                                   | A1 ^ -> ZN ^ | AND2_X2   | 0.093 |   3.991 |    4.269 | 
     | datapath/FE_OFC629_IFID_flush           | A ^ -> ZN v  | INV_X1    | 0.045 |   4.035 |    4.314 | 
     | datapath/FE_OFC723_FE_OFN140_IFID_flush | A v -> ZN ^  | INV_X8    | 0.157 |   4.193 |    4.471 | 
     | datapath/g35499                         | A1 ^ -> ZN v | NOR2_X1   | 0.057 |   4.249 |    4.527 | 
     | datapath/IFID_instr_reg[11]             | D v          | DFFR_X1   | 0.000 |   4.249 |    4.527 | 
     +-------------------------------------------------------------------------------------------------+ 
Path 39: MET Setup Check with Pin datapath/IF_pc_reg[29]/CK 
Endpoint:   datapath/IF_pc_reg[29]/D       (^) checked with  leading edge of 
'clk'
Beginpoint: datapath/IFID_instr_reg[23]/QN (v) triggered by  leading edge of 
'clk'
Path Groups: {reg2reg}
Analysis View: RPT_SLOW
Other End Arrival Time          0.547
- Setup                         0.087
+ Phase Shift                   4.250
+ CPPR Adjustment               0.000
- Uncertainty                   0.100
= Required Time                 4.609
- Arrival Time                  4.324
= Slack Time                    0.285
     Clock Rise Edge                 0.000
     + Clock Network Latency (Prop)  0.562
     = Beginpoint Arrival Time       0.562
     +------------------------------------------------------------------------------------------------------------+ 
     |                      Instance                      |     Arc      |   Cell    | Delay | Arrival | Required | 
     |                                                    |              |           |       |  Time   |   Time   | 
     |----------------------------------------------------+--------------+-----------+-------+---------+----------| 
     | datapath/IFID_instr_reg[23]                        | CK ^         |           |       |   0.562 |    0.847 | 
     | datapath/IFID_instr_reg[23]                        | CK ^ -> QN v | DFFR_X1   | 0.327 |   0.890 |    1.175 | 
     | datapath/FE_OFC621_n_471                           | A v -> ZN ^  | INV_X4    | 0.126 |   1.016 |    1.301 | 
     | branch_forward/g1290__1881                         | A ^ -> ZN ^  | XNOR2_X1  | 0.138 |   1.154 |    1.439 | 
     | branch_forward/g1274__2398                         | A3 ^ -> ZN v | NAND4_X1  | 0.115 |   1.269 |    1.554 | 
     | branch_forward/g1267__2883                         | A v -> ZN ^  | AOI211_X2 | 0.395 |   1.664 |    1.949 | 
     | branch_forward/g1262__7482                         | A1 ^ -> ZN v | NOR4_X2   | 0.062 |   1.725 |    2.010 | 
     | datapath/g27297                                    | A v -> ZN ^  | INV_X1    | 0.077 |   1.802 |    2.087 | 
     | datapath/g26833                                    | B1 ^ -> ZN v | AOI21_X1  | 0.039 |   1.842 |    2.127 | 
     | datapath/FE_OFC664_n_779                           | A v -> Z v   | BUF_X1    | 0.151 |   1.993 |    2.278 | 
     | datapath/FE_OFC735_n_779                           | A v -> ZN ^  | INV_X4    | 0.129 |   2.122 |    2.407 | 
     | datapath/FE_OFC736_n_779                           | A ^ -> ZN v  | INV_X1    | 0.108 |   2.230 |    2.515 | 
     | datapath/g26584                                    | B2 v -> ZN ^ | AOI222_X1 | 0.356 |   2.585 |    2.870 | 
     | datapath/g26566                                    | A ^ -> ZN v  | INV_X1    | 0.082 |   2.667 |    2.952 | 
     | datapath/LT_TC_OP_g1574                            | A2 v -> ZN ^ | NAND2_X1  | 0.089 |   2.756 |    3.041 | 
     | datapath/LT_TC_OP_g1562                            | A ^ -> ZN v  | INV_X1    | 0.028 |   2.784 |    3.069 | 
     | datapath/LT_TC_OP_g1547                            | A v -> ZN ^  | AOI21_X1  | 0.190 |   2.974 |    3.259 | 
     | datapath/LT_TC_OP_g1540                            | A ^ -> ZN v  | OAI211_X1 | 0.114 |   3.088 |    3.373 | 
     | datapath/LT_TC_OP_g1525                            | A2 v -> ZN ^ | NOR2_X1   | 0.202 |   3.291 |    3.576 | 
     | datapath/LT_TC_OP_g1524                            | A ^ -> ZN v  | INV_X1    | 0.052 |   3.342 |    3.627 | 
     | datapath/FE_RC_771_0                               | A1 v -> ZN ^ | NOR3_X2   | 0.146 |   3.488 |    3.773 | 
     | datapath/LT_TC_OP_g1512                            | C2 ^ -> ZN v | AOI221_X2 | 0.090 |   3.578 |    3.863 | 
     | datapath/g16081                                    | A1 v -> ZN v | AND2_X2   | 0.119 |   3.697 |    3.982 | 
     | datapath/g16079                                    | A1 v -> ZN v | OR2_X4    | 0.169 |   3.867 |    4.152 | 
     | datapath/branch_or_inc_4/FE_OFC210_IFID_takeBranch | A v -> Z v   | BUF_X8    | 0.104 |   3.970 |    4.255 | 
     | datapath/branch_or_inc_4/FE_OFC212_IFID_takeBranch | A v -> ZN ^  | INV_X1    | 0.121 |   4.092 |    4.377 | 
     | datapath/branch_or_inc_4/g844__5477                | A2 ^ -> ZN v | NAND2_X1  | 0.058 |   4.150 |    4.435 | 
     | datapath/branch_or_inc_4/g828__5122                | A2 v -> ZN ^ | NAND2_X1  | 0.059 |   4.209 |    4.494 | 
     | datapath/g35781                                    | A ^ -> ZN v  | INV_X1    | 0.024 |   4.232 |    4.518 | 
     | datapath/g35643                                    | B1 v -> ZN ^ | OAI21_X1  | 0.092 |   4.324 |    4.609 | 
     | datapath/IF_pc_reg[29]                             | D ^          | DFFR_X1   | 0.000 |   4.324 |    4.609 | 
     +------------------------------------------------------------------------------------------------------------+ 
Path 40: MET Setup Check with Pin datapath/IF_pc_reg[28]/CK 
Endpoint:   datapath/IF_pc_reg[28]/D       (^) checked with  leading edge of 
'clk'
Beginpoint: datapath/IFID_instr_reg[23]/QN (v) triggered by  leading edge of 
'clk'
Path Groups: {reg2reg}
Analysis View: RPT_SLOW
Other End Arrival Time          0.556
- Setup                         0.212
+ Phase Shift                   4.250
+ CPPR Adjustment               0.000
- Uncertainty                   0.100
= Required Time                 4.495
- Arrival Time                  4.209
= Slack Time                    0.286
     Clock Rise Edge                 0.000
     + Clock Network Latency (Prop)  0.562
     = Beginpoint Arrival Time       0.562
     +------------------------------------------------------------------------------------------------------------+ 
     |                      Instance                      |     Arc      |   Cell    | Delay | Arrival | Required | 
     |                                                    |              |           |       |  Time   |   Time   | 
     |----------------------------------------------------+--------------+-----------+-------+---------+----------| 
     | datapath/IFID_instr_reg[23]                        | CK ^         |           |       |   0.562 |    0.848 | 
     | datapath/IFID_instr_reg[23]                        | CK ^ -> QN v | DFFR_X1   | 0.327 |   0.890 |    1.175 | 
     | datapath/FE_OFC621_n_471                           | A v -> ZN ^  | INV_X4    | 0.126 |   1.016 |    1.302 | 
     | branch_forward/g1290__1881                         | A ^ -> ZN ^  | XNOR2_X1  | 0.138 |   1.154 |    1.439 | 
     | branch_forward/g1274__2398                         | A3 ^ -> ZN v | NAND4_X1  | 0.115 |   1.269 |    1.554 | 
     | branch_forward/g1267__2883                         | A v -> ZN ^  | AOI211_X2 | 0.395 |   1.664 |    1.949 | 
     | branch_forward/g1262__7482                         | A1 ^ -> ZN v | NOR4_X2   | 0.062 |   1.725 |    2.011 | 
     | datapath/g27297                                    | A v -> ZN ^  | INV_X1    | 0.077 |   1.802 |    2.088 | 
     | datapath/g26833                                    | B1 ^ -> ZN v | AOI21_X1  | 0.039 |   1.842 |    2.127 | 
     | datapath/FE_OFC664_n_779                           | A v -> Z v   | BUF_X1    | 0.151 |   1.993 |    2.278 | 
     | datapath/FE_OFC735_n_779                           | A v -> ZN ^  | INV_X4    | 0.129 |   2.122 |    2.407 | 
     | datapath/FE_OFC736_n_779                           | A ^ -> ZN v  | INV_X1    | 0.108 |   2.230 |    2.515 | 
     | datapath/g26584                                    | B2 v -> ZN ^ | AOI222_X1 | 0.356 |   2.585 |    2.871 | 
     | datapath/g26566                                    | A ^ -> ZN v  | INV_X1    | 0.082 |   2.667 |    2.953 | 
     | datapath/LT_TC_OP_g1574                            | A2 v -> ZN ^ | NAND2_X1  | 0.089 |   2.756 |    3.042 | 
     | datapath/LT_TC_OP_g1562                            | A ^ -> ZN v  | INV_X1    | 0.028 |   2.784 |    3.070 | 
     | datapath/LT_TC_OP_g1547                            | A v -> ZN ^  | AOI21_X1  | 0.190 |   2.974 |    3.260 | 
     | datapath/LT_TC_OP_g1540                            | A ^ -> ZN v  | OAI211_X1 | 0.114 |   3.088 |    3.374 | 
     | datapath/LT_TC_OP_g1525                            | A2 v -> ZN ^ | NOR2_X1   | 0.202 |   3.291 |    3.576 | 
     | datapath/LT_TC_OP_g1524                            | A ^ -> ZN v  | INV_X1    | 0.052 |   3.342 |    3.628 | 
     | datapath/FE_RC_771_0                               | A1 v -> ZN ^ | NOR3_X2   | 0.146 |   3.488 |    3.774 | 
     | datapath/LT_TC_OP_g1512                            | C2 ^ -> ZN v | AOI221_X2 | 0.090 |   3.578 |    3.863 | 
     | datapath/g16081                                    | A1 v -> ZN v | AND2_X2   | 0.119 |   3.697 |    3.983 | 
     | datapath/g16079                                    | A1 v -> ZN v | OR2_X4    | 0.169 |   3.867 |    4.152 | 
     | datapath/branch_or_inc_4/FE_OFC210_IFID_takeBranch | A v -> Z v   | BUF_X8    | 0.104 |   3.970 |    4.256 | 
     | datapath/branch_or_inc_4/FE_OFC212_IFID_takeBranch | A v -> ZN ^  | INV_X1    | 0.121 |   4.092 |    4.377 | 
     | datapath/branch_or_inc_4/g841__1666                | A2 ^ -> ZN v | NAND2_X1  | 0.059 |   4.150 |    4.436 | 
     | datapath/branch_or_inc_4/g810__9945                | A2 v -> ZN ^ | NAND2_X1  | 0.059 |   4.209 |    4.494 | 
     | datapath/IF_pc_reg[28]                             | D ^          | SDFFR_X1  | 0.000 |   4.209 |    4.495 | 
     +------------------------------------------------------------------------------------------------------------+ 
Path 41: MET Setup Check with Pin datapath/EXMEM_aluResult_reg[31]/CK 
Endpoint:   datapath/EXMEM_aluResult_reg[31]/D (^) checked with  leading edge 
of 'clk'
Beginpoint: datapath/IDEX_rs1_reg[0]/QN        (v) triggered by  leading edge 
of 'clk'
Path Groups: {reg2reg}
Analysis View: RPT_SLOW
Other End Arrival Time          0.549
- Setup                         0.067
+ Phase Shift                   4.250
+ CPPR Adjustment               0.000
- Uncertainty                   0.100
= Required Time                 4.632
- Arrival Time                  4.325
= Slack Time                    0.307
     Clock Rise Edge                 0.000
     + Clock Network Latency (Prop)  0.440
     = Beginpoint Arrival Time       0.440
     +------------------------------------------------------------------------------------------------------------+ 
     |                      Instance                      |     Arc      |   Cell    | Delay | Arrival | Required | 
     |                                                    |              |           |       |  Time   |   Time   | 
     |----------------------------------------------------+--------------+-----------+-------+---------+----------| 
     | datapath/IDEX_rs1_reg[0]                           | CK ^         |           |       |   0.440 |    0.747 | 
     | datapath/IDEX_rs1_reg[0]                           | CK ^ -> QN v | DFFR_X1   | 0.281 |   0.721 |    1.028 | 
     | ALU_forward/FE_RC_562_0                            | A1 v -> ZN ^ | NAND2_X1  | 0.064 |   0.785 |    1.092 | 
     | ALU_forward/FE_RC_670_0                            | A1 ^ -> ZN ^ | AND2_X2   | 0.092 |   0.877 |    1.184 | 
     | ALU_forward/FE_RC_519_0                            | A1 ^ -> ZN v | NAND2_X1  | 0.044 |   0.921 |    1.228 | 
     | ALU_forward/FE_RC_704_0                            | C2 v -> ZN ^ | OAI211_X2 | 0.128 |   1.048 |    1.355 | 
     | ALU_forward/FE_RC_567_0                            | A ^ -> ZN v  | INV_X2    | 0.043 |   1.091 |    1.398 | 
     | ALU_forward/FE_RC_565_0                            | A1 v -> ZN ^ | NAND2_X4  | 0.063 |   1.155 |    1.462 | 
     | ALU_forward/FE_RC_566_0                            | A ^ -> ZN v  | INV_X8    | 0.038 |   1.192 |    1.499 | 
     | datapath/FE_OFC542_IDEX_forwardA_0                 | A v -> ZN ^  | INV_X8    | 0.040 |   1.232 |    1.539 | 
     | datapath/g26499                                    | A1 ^ -> ZN v | NAND2_X4  | 0.031 |   1.263 |    1.570 | 
     | datapath/g26457                                    | A1 v -> ZN ^ | NAND2_X4  | 0.045 |   1.307 |    1.615 | 
     | datapath/ALU_ALU_GEN[0].slice_i_bitAdder/FE_RC_159 | A ^ -> ZN v  | INV_X2    | 0.030 |   1.337 |    1.644 | 
     | _0                                                 |              |           |       |         |          | 
     | datapath/ALU_ALU_GEN[0].slice_i_bitAdder/FE_RC_93_ | A1 v -> ZN ^ | NAND2_X4  | 0.041 |   1.378 |    1.685 | 
     | 0                                                  |              |           |       |         |          | 
     | datapath/ALU_ALU_GEN[0].slice_i_bitAdder/FE_RC_198 | A2 ^ -> ZN v | NAND2_X4  | 0.038 |   1.416 |    1.723 | 
     | _0                                                 |              |           |       |         |          | 
     | datapath/ALU_ALU_GEN[0].slice_i_bitAdder/g217__741 | A1 v -> ZN ^ | NAND2_X4  | 0.046 |   1.462 |    1.769 | 
     | 0                                                  |              |           |       |         |          | 
     | datapath/ALU_ALU_GEN[1].slice_i_bitAdder/g244__512 | A ^ -> ZN v  | OAI21_X4  | 0.049 |   1.510 |    1.817 | 
     | 2                                                  |              |           |       |         |          | 
     | datapath/ALU_ALU_GEN[1].slice_i_bitAdder/g242__280 | A1 v -> ZN ^ | NAND2_X4  | 0.055 |   1.565 |    1.872 | 
     | 2                                                  |              |           |       |         |          | 
     | datapath/ALU_ALU_GEN[2].slice_i_bitAdder/FE_RC_361 | A1 ^ -> ZN v | NAND2_X4  | 0.036 |   1.601 |    1.908 | 
     | _0                                                 |              |           |       |         |          | 
     | datapath/ALU_ALU_GEN[2].slice_i_bitAdder/FE_RC_360 | A1 v -> ZN ^ | NAND2_X4  | 0.047 |   1.648 |    1.955 | 
     | _0                                                 |              |           |       |         |          | 
     | datapath/ALU_ALU_GEN[3].slice_i_bitAdder/g158__547 | A1 ^ -> ZN v | NAND2_X4  | 0.037 |   1.684 |    1.991 | 
     | 7                                                  |              |           |       |         |          | 
     | datapath/ALU_ALU_GEN[3].slice_i_bitAdder/g156__741 | A1 v -> ZN ^ | NAND2_X4  | 0.044 |   1.728 |    2.035 | 
     | 0                                                  |              |           |       |         |          | 
     | datapath/ALU_ALU_GEN[4].slice_i_bitAdder/FE_RC_283 | A1 ^ -> ZN v | NAND2_X4  | 0.035 |   1.764 |    2.071 | 
     | _0                                                 |              |           |       |         |          | 
     | datapath/ALU_ALU_GEN[4].slice_i_bitAdder/FE_RC_282 | A1 v -> ZN ^ | NAND2_X4  | 0.044 |   1.807 |    2.115 | 
     | _0                                                 |              |           |       |         |          | 
     | datapath/ALU_ALU_GEN[5].slice_i_bitAdder/g158__748 | A1 ^ -> ZN v | NAND2_X4  | 0.036 |   1.843 |    2.150 | 
     | 2                                                  |              |           |       |         |          | 
     | datapath/ALU_ALU_GEN[5].slice_i_bitAdder/g156__188 | A1 v -> ZN ^ | NAND2_X4  | 0.045 |   1.888 |    2.195 | 
     | 1                                                  |              |           |       |         |          | 
     | datapath/ALU_ALU_GEN[6].slice_i_bitAdder/FE_RC_491 | A1 ^ -> ZN v | NAND2_X4  | 0.036 |   1.925 |    2.232 | 
     | _0                                                 |              |           |       |         |          | 
     | datapath/ALU_ALU_GEN[6].slice_i_bitAdder/FE_RC_490 | A1 v -> ZN ^ | NAND2_X4  | 0.046 |   1.970 |    2.277 | 
     | _0                                                 |              |           |       |         |          | 
     | datapath/ALU_ALU_GEN[7].slice_i_bitAdder/FE_RC_119 | A1 ^ -> ZN v | NAND2_X4  | 0.036 |   2.006 |    2.313 | 
     | _0                                                 |              |           |       |         |          | 
     | datapath/ALU_ALU_GEN[7].slice_i_bitAdder/FE_RC_118 | A1 v -> ZN ^ | NAND2_X4  | 0.044 |   2.050 |    2.357 | 
     | _0                                                 |              |           |       |         |          | 
     | datapath/ALU_ALU_GEN[8].slice_i_bitAdder/g158__188 | A1 ^ -> ZN v | NAND2_X4  | 0.035 |   2.085 |    2.392 | 
     | 1                                                  |              |           |       |         |          | 
     | datapath/ALU_ALU_GEN[8].slice_i_bitAdder/g156__709 | A1 v -> ZN ^ | NAND2_X4  | 0.044 |   2.129 |    2.436 | 
     | 8                                                  |              |           |       |         |          | 
     | datapath/ALU_ALU_GEN[9].slice_i_bitAdder/FE_RC_294 | A1 ^ -> ZN v | NAND2_X4  | 0.035 |   2.164 |    2.471 | 
     | _0                                                 |              |           |       |         |          | 
     | datapath/ALU_ALU_GEN[9].slice_i_bitAdder/FE_RC_293 | A1 v -> ZN ^ | NAND2_X4  | 0.045 |   2.210 |    2.517 | 
     | _0                                                 |              |           |       |         |          | 
     | datapath/ALU_ALU_GEN[10].slice_i_bitAdder/g146__43 | A1 ^ -> ZN v | NAND2_X4  | 0.035 |   2.245 |    2.552 | 
     | 19                                                 |              |           |       |         |          | 
     | datapath/ALU_ALU_GEN[10].slice_i_bitAdder/g144__51 | A1 v -> ZN ^ | NAND2_X4  | 0.046 |   2.291 |    2.598 | 
     | 07                                                 |              |           |       |         |          | 
     | datapath/ALU_ALU_GEN[11].slice_i_bitAdder/FE_RC_20 | A1 ^ -> ZN v | NAND2_X4  | 0.035 |   2.326 |    2.633 | 
     | 3_0                                                |              |           |       |         |          | 
     | datapath/ALU_ALU_GEN[11].slice_i_bitAdder/FE_RC_20 | A1 v -> ZN ^ | NAND2_X4  | 0.048 |   2.374 |    2.681 | 
     | 2_0                                                |              |           |       |         |          | 
     | datapath/ALU_ALU_GEN[12].slice_i_bitAdder/FE_RC_10 | A1 ^ -> ZN v | NAND2_X4  | 0.036 |   2.410 |    2.717 | 
     | 7_0                                                |              |           |       |         |          | 
     | datapath/ALU_ALU_GEN[12].slice_i_bitAdder/FE_RC_10 | A1 v -> ZN ^ | NAND2_X4  | 0.045 |   2.456 |    2.763 | 
     | 6_0                                                |              |           |       |         |          | 
     | datapath/ALU_ALU_GEN[13].slice_i_bitAdder/FE_RC_28 | A1 ^ -> ZN v | NAND2_X4  | 0.036 |   2.491 |    2.799 | 
     | 8_0                                                |              |           |       |         |          | 
     | datapath/ALU_ALU_GEN[13].slice_i_bitAdder/FE_RC_28 | A1 v -> ZN ^ | NAND2_X4  | 0.046 |   2.538 |    2.845 | 
     | 7_0                                                |              |           |       |         |          | 
     | datapath/ALU_ALU_GEN[14].slice_i_bitAdder/FE_RC_69 | A1 ^ -> ZN v | NAND2_X4  | 0.036 |   2.574 |    2.881 | 
     | 0_0                                                |              |           |       |         |          | 
     | datapath/ALU_ALU_GEN[14].slice_i_bitAdder/g153__55 | A1 v -> ZN ^ | NAND2_X4  | 0.046 |   2.620 |    2.927 | 
     | 26                                                 |              |           |       |         |          | 
     | datapath/ALU_ALU_GEN[15].slice_i_bitAdder/g158__18 | A1 ^ -> ZN v | NAND2_X4  | 0.036 |   2.656 |    2.964 | 
     | 81                                                 |              |           |       |         |          | 
     | datapath/ALU_ALU_GEN[15].slice_i_bitAdder/g156__70 | A1 v -> ZN ^ | NAND2_X4  | 0.046 |   2.702 |    3.009 | 
     | 98                                                 |              |           |       |         |          | 
     | datapath/ALU_ALU_GEN[16].slice_i_bitAdder/g155__23 | A1 ^ -> ZN v | NAND2_X4  | 0.035 |   2.737 |    3.044 | 
     | 46                                                 |              |           |       |         |          | 
     | datapath/ALU_ALU_GEN[16].slice_i_bitAdder/g153__99 | A1 v -> ZN ^ | NAND2_X4  | 0.046 |   2.784 |    3.091 | 
     | 45                                                 |              |           |       |         |          | 
     | datapath/ALU_ALU_GEN[17].slice_i_bitAdder/FE_RC_69 | A1 ^ -> ZN v | NAND2_X4  | 0.035 |   2.819 |    3.126 | 
     | 1_0                                                |              |           |       |         |          | 
     | datapath/ALU_ALU_GEN[17].slice_i_bitAdder/g153__51 | A1 v -> ZN ^ | NAND2_X4  | 0.046 |   2.865 |    3.172 | 
     | 07                                                 |              |           |       |         |          | 
     | datapath/ALU_ALU_GEN[18].slice_i_bitAdder/g155__51 | A1 ^ -> ZN v | NAND2_X4  | 0.035 |   2.900 |    3.207 | 
     | 22                                                 |              |           |       |         |          | 
     | datapath/ALU_ALU_GEN[18].slice_i_bitAdder/g153__28 | A1 v -> ZN ^ | NAND2_X4  | 0.046 |   2.946 |    3.253 | 
     | 02                                                 |              |           |       |         |          | 
     | datapath/ALU_ALU_GEN[19].slice_i_bitAdder/g155__61 | A1 ^ -> ZN v | NAND2_X4  | 0.035 |   2.981 |    3.288 | 
     | 61                                                 |              |           |       |         |          | 
     | datapath/ALU_ALU_GEN[19].slice_i_bitAdder/g153__74 | A1 v -> ZN ^ | NAND2_X4  | 0.049 |   3.031 |    3.338 | 
     | 82                                                 |              |           |       |         |          | 
     | datapath/ALU_ALU_GEN[20].slice_i_bitAdder/g158__54 | A1 ^ -> ZN v | NAND2_X4  | 0.037 |   3.068 |    3.375 | 
     | 77                                                 |              |           |       |         |          | 
     | datapath/ALU_ALU_GEN[20].slice_i_bitAdder/g156__74 | A1 v -> ZN ^ | NAND2_X4  | 0.046 |   3.114 |    3.421 | 
     | 10                                                 |              |           |       |         |          | 
     | datapath/ALU_ALU_GEN[21].slice_i_bitAdder/g158__36 | A1 ^ -> ZN v | NAND2_X4  | 0.036 |   3.150 |    3.457 | 
     | 80                                                 |              |           |       |         |          | 
     | datapath/ALU_ALU_GEN[21].slice_i_bitAdder/g156__55 | A1 v -> ZN ^ | NAND2_X4  | 0.045 |   3.195 |    3.502 | 
     | 26                                                 |              |           |       |         |          | 
     | datapath/ALU_ALU_GEN[22].slice_i_bitAdder/g155__61 | A1 ^ -> ZN v | NAND2_X4  | 0.035 |   3.230 |    3.537 | 
     | 31                                                 |              |           |       |         |          | 
     | datapath/ALU_ALU_GEN[22].slice_i_bitAdder/g153__70 | A1 v -> ZN ^ | NAND2_X4  | 0.046 |   3.276 |    3.583 | 
     | 98                                                 |              |           |       |         |          | 
     | datapath/ALU_ALU_GEN[23].slice_i_bitAdder/g158__23 | A1 ^ -> ZN v | NAND2_X4  | 0.036 |   3.312 |    3.619 | 
     | 46                                                 |              |           |       |         |          | 
     | datapath/ALU_ALU_GEN[23].slice_i_bitAdder/g156__28 | A1 v -> ZN ^ | NAND2_X4  | 0.046 |   3.357 |    3.665 | 
     | 83                                                 |              |           |       |         |          | 
     | datapath/ALU_ALU_GEN[24].slice_i_bitAdder/g158__84 | A1 ^ -> ZN v | NAND2_X4  | 0.035 |   3.393 |    3.700 | 
     | 28                                                 |              |           |       |         |          | 
     | datapath/ALU_ALU_GEN[24].slice_i_bitAdder/g156__43 | A1 v -> ZN ^ | NAND2_X4  | 0.047 |   3.440 |    3.747 | 
     | 19                                                 |              |           |       |         |          | 
     | datapath/ALU_ALU_GEN[25].slice_i_bitAdder/g158__70 | A1 ^ -> ZN v | NAND2_X4  | 0.036 |   3.476 |    3.783 | 
     | 98                                                 |              |           |       |         |          | 
     | datapath/ALU_ALU_GEN[25].slice_i_bitAdder/g156__82 | A1 v -> ZN ^ | NAND2_X4  | 0.048 |   3.524 |    3.831 | 
     | 46                                                 |              |           |       |         |          | 
     | datapath/ALU_ALU_GEN[26].slice_i_bitAdder/g158__28 | A1 ^ -> ZN v | NAND2_X4  | 0.036 |   3.560 |    3.867 | 
     | 83                                                 |              |           |       |         |          | 
     | datapath/ALU_ALU_GEN[26].slice_i_bitAdder/g156__99 | A1 v -> ZN ^ | NAND2_X4  | 0.047 |   3.607 |    3.914 | 
     | 45                                                 |              |           |       |         |          | 
     | datapath/ALU_ALU_GEN[27].slice_i_bitAdder/g158__43 | A1 ^ -> ZN v | NAND2_X4  | 0.036 |   3.643 |    3.950 | 
     | 19                                                 |              |           |       |         |          | 
     | datapath/ALU_ALU_GEN[27].slice_i_bitAdder/g156__62 | A1 v -> ZN ^ | NAND2_X4  | 0.045 |   3.688 |    3.996 | 
     | 60                                                 |              |           |       |         |          | 
     | datapath/ALU_ALU_GEN[28].slice_i_bitAdder/g158__70 | A1 ^ -> ZN v | NAND2_X4  | 0.036 |   3.724 |    4.031 | 
     | 98                                                 |              |           |       |         |          | 
     | datapath/ALU_ALU_GEN[28].slice_i_bitAdder/g156__51 | A1 v -> ZN ^ | NAND2_X4  | 0.046 |   3.770 |    4.077 | 
     | 22                                                 |              |           |       |         |          | 
     | datapath/ALU_ALU_GEN[29].slice_i_bitAdder/g158__28 | A1 ^ -> ZN v | NAND2_X4  | 0.035 |   3.805 |    4.112 | 
     | 83                                                 |              |           |       |         |          | 
     | datapath/ALU_ALU_GEN[29].slice_i_bitAdder/g156__93 | A1 v -> ZN ^ | NAND2_X4  | 0.045 |   3.851 |    4.158 | 
     | 15                                                 |              |           |       |         |          | 
     | datapath/ALU_ALU_GEN[30].slice_i_bitAdder/g158__62 | A1 ^ -> ZN v | NAND2_X4  | 0.035 |   3.886 |    4.193 | 
     | 60                                                 |              |           |       |         |          | 
     | datapath/ALU_ALU_GEN[30].slice_i_bitAdder/g156__23 | A1 v -> ZN ^ | NAND2_X4  | 0.060 |   3.946 |    4.253 | 
     | 98                                                 |              |           |       |         |          | 
     | datapath/ALU_msb_bitAdder/g118__5122               | A ^ -> ZN ^  | XNOR2_X1  | 0.157 |   4.103 |    4.410 | 
     | datapath/FE_OCPC687_ALU_msb_aADDb                  | A ^ -> Z ^   | CLKBUF_X1 | 0.138 |   4.241 |    4.548 | 
     | datapath/ALU_msb_resultMux/g153__7482              | A1 ^ -> ZN v | NAND2_X1  | 0.035 |   4.276 |    4.583 | 
     | datapath/ALU_msb_resultMux/g151__1881              | A1 v -> ZN ^ | NAND2_X1  | 0.049 |   4.325 |    4.632 | 
     | datapath/EXMEM_aluResult_reg[31]                   | D ^          | DFFR_X2   | 0.000 |   4.325 |    4.632 | 
     +------------------------------------------------------------------------------------------------------------+ 
Path 42: MET Setup Check with Pin datapath/IFID_pc_reg[29]/CK 
Endpoint:   datapath/IFID_pc_reg[29]/D    (v) checked with  leading edge of 
'clk'
Beginpoint: datapath/IFID_instr_reg[15]/Q (v) triggered by  leading edge of 
'clk'
Path Groups: {reg2reg}
Analysis View: RPT_SLOW
Other End Arrival Time          0.547
- Setup                         0.139
+ Phase Shift                   4.250
+ CPPR Adjustment               0.000
- Uncertainty                   0.100
= Required Time                 4.557
- Arrival Time                  4.244
= Slack Time                    0.313
     Clock Rise Edge                 0.000
     + Clock Network Latency (Prop)  0.570
     = Beginpoint Arrival Time       0.570
     +-------------------------------------------------------------------------------------------------+ 
     |                Instance                 |     Arc      |   Cell    | Delay | Arrival | Required | 
     |                                         |              |           |       |  Time   |   Time   | 
     |-----------------------------------------+--------------+-----------+-------+---------+----------| 
     | datapath/IFID_instr_reg[15]             | CK ^         |           |       |   0.570 |    0.882 | 
     | datapath/IFID_instr_reg[15]             | CK ^ -> Q v  | DFFR_X1   | 0.310 |   0.880 |    1.192 | 
     | datapath/FE_OFC680_n_1229               | A v -> Z v   | BUF_X4    | 0.104 |   0.984 |    1.296 | 
     | datapath/g517__7410                     | A2 v -> ZN ^ | NAND2_X1  | 0.234 |   1.218 |    1.530 | 
     | datapath/g476__7098                     | A2 ^ -> ZN v | NOR2_X1   | 0.063 |   1.281 |    1.594 | 
     | datapath/FE_OFC751_registers_n_2520     | A v -> Z v   | CLKBUF_X3 | 0.243 |   1.524 |    1.837 | 
     | datapath/g3848                          | A1 v -> ZN ^ | AOI22_X1  | 0.166 |   1.691 |    2.003 | 
     | datapath/g3511__2346                    | A2 ^ -> ZN ^ | AND4_X1   | 0.250 |   1.940 |    2.253 | 
     | datapath/FE_RC_665_0                    | A3 ^ -> ZN v | NAND3_X2  | 0.093 |   2.034 |    2.346 | 
     | datapath/g26665                         | A1 v -> ZN ^ | AOI222_X2 | 0.177 |   2.211 |    2.524 | 
     | datapath/FE_OFC140_LT_TC_OP_n_35        | A ^ -> Z ^   | BUF_X1    | 0.131 |   2.342 |    2.655 | 
     | datapath/LT_TC_OP_g1584                 | A1 ^ -> ZN v | NAND2_X1  | 0.058 |   2.400 |    2.713 | 
     | datapath/LT_TC_OP_g1545                 | A1 v -> ZN v | OR2_X2    | 0.158 |   2.558 |    2.871 | 
     | datapath/LT_TC_OP_g1527                 | A1 v -> ZN ^ | AOI22_X2  | 0.103 |   2.661 |    2.974 | 
     | datapath/LT_TC_OP_g1519                 | A1 ^ -> ZN v | OAI22_X1  | 0.074 |   2.735 |    3.048 | 
     | datapath/FE_RC_633_0                    | A1 v -> ZN ^ | AOI22_X2  | 0.108 |   2.843 |    3.155 | 
     | datapath/LT_TC_OP_g1515                 | B1 ^ -> ZN v | OAI21_X1  | 0.068 |   2.910 |    3.223 | 
     | datapath/FE_RC_599_0                    | C1 v -> ZN ^ | AOI221_X1 | 0.277 |   3.187 |    3.500 | 
     | datapath/LT_TC_OP_g1513                 | A1 ^ -> ZN v | OAI222_X1 | 0.165 |   3.352 |    3.665 | 
     | datapath/LT_TC_OP_g1512                 | C1 v -> ZN ^ | AOI221_X2 | 0.294 |   3.646 |    3.958 | 
     | datapath/g16081                         | A1 ^ -> ZN ^ | AND2_X2   | 0.153 |   3.798 |    4.111 | 
     | datapath/g16079                         | A1 ^ -> ZN ^ | OR2_X4    | 0.099 |   3.897 |    4.210 | 
     | g1055                                   | A1 ^ -> ZN ^ | AND2_X2   | 0.093 |   3.991 |    4.303 | 
     | datapath/FE_OFC629_IFID_flush           | A ^ -> ZN v  | INV_X1    | 0.045 |   4.035 |    4.348 | 
     | datapath/FE_OFC723_FE_OFN140_IFID_flush | A v -> ZN ^  | INV_X8    | 0.157 |   4.193 |    4.505 | 
     | datapath/g35577                         | A1 ^ -> ZN v | NOR2_X1   | 0.052 |   4.244 |    4.557 | 
     | datapath/IFID_pc_reg[29]                | D v          | DFFR_X1   | 0.000 |   4.244 |    4.557 | 
     +-------------------------------------------------------------------------------------------------+ 
Path 43: MET Setup Check with Pin datapath/IFID_pc_reg[30]/CK 
Endpoint:   datapath/IFID_pc_reg[30]/D    (v) checked with  leading edge of 
'clk'
Beginpoint: datapath/IFID_instr_reg[15]/Q (v) triggered by  leading edge of 
'clk'
Path Groups: {reg2reg}
Analysis View: RPT_SLOW
Other End Arrival Time          0.547
- Setup                         0.139
+ Phase Shift                   4.250
+ CPPR Adjustment               0.000
- Uncertainty                   0.100
= Required Time                 4.557
- Arrival Time                  4.244
= Slack Time                    0.313
     Clock Rise Edge                 0.000
     + Clock Network Latency (Prop)  0.570
     = Beginpoint Arrival Time       0.570
     +-------------------------------------------------------------------------------------------------+ 
     |                Instance                 |     Arc      |   Cell    | Delay | Arrival | Required | 
     |                                         |              |           |       |  Time   |   Time   | 
     |-----------------------------------------+--------------+-----------+-------+---------+----------| 
     | datapath/IFID_instr_reg[15]             | CK ^         |           |       |   0.570 |    0.883 | 
     | datapath/IFID_instr_reg[15]             | CK ^ -> Q v  | DFFR_X1   | 0.310 |   0.880 |    1.193 | 
     | datapath/FE_OFC680_n_1229               | A v -> Z v   | BUF_X4    | 0.104 |   0.984 |    1.297 | 
     | datapath/g517__7410                     | A2 v -> ZN ^ | NAND2_X1  | 0.234 |   1.218 |    1.531 | 
     | datapath/g476__7098                     | A2 ^ -> ZN v | NOR2_X1   | 0.063 |   1.281 |    1.594 | 
     | datapath/FE_OFC751_registers_n_2520     | A v -> Z v   | CLKBUF_X3 | 0.243 |   1.524 |    1.838 | 
     | datapath/g3848                          | A1 v -> ZN ^ | AOI22_X1  | 0.166 |   1.691 |    2.004 | 
     | datapath/g3511__2346                    | A2 ^ -> ZN ^ | AND4_X1   | 0.250 |   1.940 |    2.254 | 
     | datapath/FE_RC_665_0                    | A3 ^ -> ZN v | NAND3_X2  | 0.093 |   2.034 |    2.347 | 
     | datapath/g26665                         | A1 v -> ZN ^ | AOI222_X2 | 0.177 |   2.211 |    2.524 | 
     | datapath/FE_OFC140_LT_TC_OP_n_35        | A ^ -> Z ^   | BUF_X1    | 0.131 |   2.342 |    2.655 | 
     | datapath/LT_TC_OP_g1584                 | A1 ^ -> ZN v | NAND2_X1  | 0.058 |   2.400 |    2.714 | 
     | datapath/LT_TC_OP_g1545                 | A1 v -> ZN v | OR2_X2    | 0.158 |   2.558 |    2.871 | 
     | datapath/LT_TC_OP_g1527                 | A1 v -> ZN ^ | AOI22_X2  | 0.103 |   2.661 |    2.974 | 
     | datapath/LT_TC_OP_g1519                 | A1 ^ -> ZN v | OAI22_X1  | 0.074 |   2.735 |    3.048 | 
     | datapath/FE_RC_633_0                    | A1 v -> ZN ^ | AOI22_X2  | 0.108 |   2.843 |    3.156 | 
     | datapath/LT_TC_OP_g1515                 | B1 ^ -> ZN v | OAI21_X1  | 0.068 |   2.910 |    3.223 | 
     | datapath/FE_RC_599_0                    | C1 v -> ZN ^ | AOI221_X1 | 0.277 |   3.187 |    3.500 | 
     | datapath/LT_TC_OP_g1513                 | A1 ^ -> ZN v | OAI222_X1 | 0.165 |   3.352 |    3.665 | 
     | datapath/LT_TC_OP_g1512                 | C1 v -> ZN ^ | AOI221_X2 | 0.294 |   3.646 |    3.959 | 
     | datapath/g16081                         | A1 ^ -> ZN ^ | AND2_X2   | 0.153 |   3.798 |    4.112 | 
     | datapath/g16079                         | A1 ^ -> ZN ^ | OR2_X4    | 0.099 |   3.897 |    4.210 | 
     | g1055                                   | A1 ^ -> ZN ^ | AND2_X2   | 0.093 |   3.991 |    4.304 | 
     | datapath/FE_OFC629_IFID_flush           | A ^ -> ZN v  | INV_X1    | 0.045 |   4.035 |    4.349 | 
     | datapath/FE_OFC723_FE_OFN140_IFID_flush | A v -> ZN ^  | INV_X8    | 0.157 |   4.193 |    4.506 | 
     | datapath/g35578                         | A1 ^ -> ZN v | NOR2_X1   | 0.051 |   4.244 |    4.557 | 
     | datapath/IFID_pc_reg[30]                | D v          | DFFR_X1   | 0.000 |   4.244 |    4.557 | 
     +-------------------------------------------------------------------------------------------------+ 
Path 44: MET Setup Check with Pin datapath/IFID_instr_reg[29]/CK 
Endpoint:   datapath/IFID_instr_reg[29]/D (v) checked with  leading edge of 
'clk'
Beginpoint: datapath/IFID_instr_reg[15]/Q (v) triggered by  leading edge of 
'clk'
Path Groups: {reg2reg}
Analysis View: RPT_SLOW
Other End Arrival Time          0.549
- Setup                         0.139
+ Phase Shift                   4.250
+ CPPR Adjustment               0.000
- Uncertainty                   0.100
= Required Time                 4.560
- Arrival Time                  4.244
= Slack Time                    0.316
     Clock Rise Edge                 0.000
     + Clock Network Latency (Prop)  0.570
     = Beginpoint Arrival Time       0.570
     +-------------------------------------------------------------------------------------------------+ 
     |                Instance                 |     Arc      |   Cell    | Delay | Arrival | Required | 
     |                                         |              |           |       |  Time   |   Time   | 
     |-----------------------------------------+--------------+-----------+-------+---------+----------| 
     | datapath/IFID_instr_reg[15]             | CK ^         |           |       |   0.570 |    0.886 | 
     | datapath/IFID_instr_reg[15]             | CK ^ -> Q v  | DFFR_X1   | 0.310 |   0.880 |    1.195 | 
     | datapath/FE_OFC680_n_1229               | A v -> Z v   | BUF_X4    | 0.104 |   0.984 |    1.299 | 
     | datapath/g517__7410                     | A2 v -> ZN ^ | NAND2_X1  | 0.234 |   1.218 |    1.534 | 
     | datapath/g476__7098                     | A2 ^ -> ZN v | NOR2_X1   | 0.063 |   1.281 |    1.597 | 
     | datapath/FE_OFC751_registers_n_2520     | A v -> Z v   | CLKBUF_X3 | 0.243 |   1.524 |    1.840 | 
     | datapath/g3848                          | A1 v -> ZN ^ | AOI22_X1  | 0.166 |   1.691 |    2.007 | 
     | datapath/g3511__2346                    | A2 ^ -> ZN ^ | AND4_X1   | 0.250 |   1.940 |    2.256 | 
     | datapath/FE_RC_665_0                    | A3 ^ -> ZN v | NAND3_X2  | 0.093 |   2.034 |    2.349 | 
     | datapath/g26665                         | A1 v -> ZN ^ | AOI222_X2 | 0.177 |   2.211 |    2.527 | 
     | datapath/FE_OFC140_LT_TC_OP_n_35        | A ^ -> Z ^   | BUF_X1    | 0.131 |   2.342 |    2.658 | 
     | datapath/LT_TC_OP_g1584                 | A1 ^ -> ZN v | NAND2_X1  | 0.058 |   2.400 |    2.716 | 
     | datapath/LT_TC_OP_g1545                 | A1 v -> ZN v | OR2_X2    | 0.158 |   2.558 |    2.874 | 
     | datapath/LT_TC_OP_g1527                 | A1 v -> ZN ^ | AOI22_X2  | 0.103 |   2.661 |    2.977 | 
     | datapath/LT_TC_OP_g1519                 | A1 ^ -> ZN v | OAI22_X1  | 0.074 |   2.735 |    3.051 | 
     | datapath/FE_RC_633_0                    | A1 v -> ZN ^ | AOI22_X2  | 0.108 |   2.843 |    3.159 | 
     | datapath/LT_TC_OP_g1515                 | B1 ^ -> ZN v | OAI21_X1  | 0.068 |   2.910 |    3.226 | 
     | datapath/FE_RC_599_0                    | C1 v -> ZN ^ | AOI221_X1 | 0.277 |   3.187 |    3.503 | 
     | datapath/LT_TC_OP_g1513                 | A1 ^ -> ZN v | OAI222_X1 | 0.165 |   3.352 |    3.668 | 
     | datapath/LT_TC_OP_g1512                 | C1 v -> ZN ^ | AOI221_X2 | 0.294 |   3.646 |    3.962 | 
     | datapath/g16081                         | A1 ^ -> ZN ^ | AND2_X2   | 0.153 |   3.798 |    4.114 | 
     | datapath/g16079                         | A1 ^ -> ZN ^ | OR2_X4    | 0.099 |   3.897 |    4.213 | 
     | g1055                                   | A1 ^ -> ZN ^ | AND2_X2   | 0.093 |   3.991 |    4.307 | 
     | datapath/FE_OFC629_IFID_flush           | A ^ -> ZN v  | INV_X1    | 0.045 |   4.035 |    4.351 | 
     | datapath/FE_OFC723_FE_OFN140_IFID_flush | A v -> ZN ^  | INV_X8    | 0.157 |   4.193 |    4.508 | 
     | datapath/g35514                         | A1 ^ -> ZN v | NOR2_X1   | 0.052 |   4.244 |    4.560 | 
     | datapath/IFID_instr_reg[29]             | D v          | DFFR_X1   | 0.000 |   4.244 |    4.560 | 
     +-------------------------------------------------------------------------------------------------+ 
Path 45: MET Setup Check with Pin datapath/IFID_instr_reg[28]/CK 
Endpoint:   datapath/IFID_instr_reg[28]/D (v) checked with  leading edge of 
'clk'
Beginpoint: datapath/IFID_instr_reg[15]/Q (v) triggered by  leading edge of 
'clk'
Path Groups: {reg2reg}
Analysis View: RPT_SLOW
Other End Arrival Time          0.549
- Setup                         0.139
+ Phase Shift                   4.250
+ CPPR Adjustment               0.000
- Uncertainty                   0.100
= Required Time                 4.560
- Arrival Time                  4.244
= Slack Time                    0.316
     Clock Rise Edge                 0.000
     + Clock Network Latency (Prop)  0.570
     = Beginpoint Arrival Time       0.570
     +-------------------------------------------------------------------------------------------------+ 
     |                Instance                 |     Arc      |   Cell    | Delay | Arrival | Required | 
     |                                         |              |           |       |  Time   |   Time   | 
     |-----------------------------------------+--------------+-----------+-------+---------+----------| 
     | datapath/IFID_instr_reg[15]             | CK ^         |           |       |   0.570 |    0.886 | 
     | datapath/IFID_instr_reg[15]             | CK ^ -> Q v  | DFFR_X1   | 0.310 |   0.880 |    1.195 | 
     | datapath/FE_OFC680_n_1229               | A v -> Z v   | BUF_X4    | 0.104 |   0.984 |    1.299 | 
     | datapath/g517__7410                     | A2 v -> ZN ^ | NAND2_X1  | 0.234 |   1.218 |    1.534 | 
     | datapath/g476__7098                     | A2 ^ -> ZN v | NOR2_X1   | 0.063 |   1.281 |    1.597 | 
     | datapath/FE_OFC751_registers_n_2520     | A v -> Z v   | CLKBUF_X3 | 0.243 |   1.524 |    1.840 | 
     | datapath/g3848                          | A1 v -> ZN ^ | AOI22_X1  | 0.166 |   1.691 |    2.007 | 
     | datapath/g3511__2346                    | A2 ^ -> ZN ^ | AND4_X1   | 0.250 |   1.940 |    2.256 | 
     | datapath/FE_RC_665_0                    | A3 ^ -> ZN v | NAND3_X2  | 0.093 |   2.034 |    2.349 | 
     | datapath/g26665                         | A1 v -> ZN ^ | AOI222_X2 | 0.177 |   2.211 |    2.527 | 
     | datapath/FE_OFC140_LT_TC_OP_n_35        | A ^ -> Z ^   | BUF_X1    | 0.131 |   2.342 |    2.658 | 
     | datapath/LT_TC_OP_g1584                 | A1 ^ -> ZN v | NAND2_X1  | 0.058 |   2.400 |    2.716 | 
     | datapath/LT_TC_OP_g1545                 | A1 v -> ZN v | OR2_X2    | 0.158 |   2.558 |    2.874 | 
     | datapath/LT_TC_OP_g1527                 | A1 v -> ZN ^ | AOI22_X2  | 0.103 |   2.661 |    2.977 | 
     | datapath/LT_TC_OP_g1519                 | A1 ^ -> ZN v | OAI22_X1  | 0.074 |   2.735 |    3.051 | 
     | datapath/FE_RC_633_0                    | A1 v -> ZN ^ | AOI22_X2  | 0.108 |   2.843 |    3.159 | 
     | datapath/LT_TC_OP_g1515                 | B1 ^ -> ZN v | OAI21_X1  | 0.068 |   2.910 |    3.226 | 
     | datapath/FE_RC_599_0                    | C1 v -> ZN ^ | AOI221_X1 | 0.277 |   3.187 |    3.503 | 
     | datapath/LT_TC_OP_g1513                 | A1 ^ -> ZN v | OAI222_X1 | 0.165 |   3.352 |    3.668 | 
     | datapath/LT_TC_OP_g1512                 | C1 v -> ZN ^ | AOI221_X2 | 0.294 |   3.646 |    3.962 | 
     | datapath/g16081                         | A1 ^ -> ZN ^ | AND2_X2   | 0.153 |   3.798 |    4.114 | 
     | datapath/g16079                         | A1 ^ -> ZN ^ | OR2_X4    | 0.099 |   3.897 |    4.213 | 
     | g1055                                   | A1 ^ -> ZN ^ | AND2_X2   | 0.093 |   3.991 |    4.307 | 
     | datapath/FE_OFC629_IFID_flush           | A ^ -> ZN v  | INV_X1    | 0.045 |   4.035 |    4.351 | 
     | datapath/FE_OFC723_FE_OFN140_IFID_flush | A v -> ZN ^  | INV_X8    | 0.157 |   4.193 |    4.508 | 
     | datapath/g35516                         | A1 ^ -> ZN v | NOR2_X1   | 0.052 |   4.244 |    4.560 | 
     | datapath/IFID_instr_reg[28]             | D v          | DFFR_X1   | 0.000 |   4.244 |    4.560 | 
     +-------------------------------------------------------------------------------------------------+ 
Path 46: MET Setup Check with Pin datapath/IFID_instr_reg[26]/CK 
Endpoint:   datapath/IFID_instr_reg[26]/D (v) checked with  leading edge of 
'clk'
Beginpoint: datapath/IFID_instr_reg[15]/Q (v) triggered by  leading edge of 
'clk'
Path Groups: {reg2reg}
Analysis View: RPT_SLOW
Other End Arrival Time          0.549
- Setup                         0.138
+ Phase Shift                   4.250
+ CPPR Adjustment               0.000
- Uncertainty                   0.100
= Required Time                 4.560
- Arrival Time                  4.244
= Slack Time                    0.316
     Clock Rise Edge                 0.000
     + Clock Network Latency (Prop)  0.570
     = Beginpoint Arrival Time       0.570
     +-------------------------------------------------------------------------------------------------+ 
     |                Instance                 |     Arc      |   Cell    | Delay | Arrival | Required | 
     |                                         |              |           |       |  Time   |   Time   | 
     |-----------------------------------------+--------------+-----------+-------+---------+----------| 
     | datapath/IFID_instr_reg[15]             | CK ^         |           |       |   0.570 |    0.886 | 
     | datapath/IFID_instr_reg[15]             | CK ^ -> Q v  | DFFR_X1   | 0.310 |   0.880 |    1.196 | 
     | datapath/FE_OFC680_n_1229               | A v -> Z v   | BUF_X4    | 0.104 |   0.984 |    1.300 | 
     | datapath/g517__7410                     | A2 v -> ZN ^ | NAND2_X1  | 0.234 |   1.218 |    1.534 | 
     | datapath/g476__7098                     | A2 ^ -> ZN v | NOR2_X1   | 0.063 |   1.281 |    1.597 | 
     | datapath/FE_OFC751_registers_n_2520     | A v -> Z v   | CLKBUF_X3 | 0.243 |   1.524 |    1.841 | 
     | datapath/g3848                          | A1 v -> ZN ^ | AOI22_X1  | 0.166 |   1.691 |    2.007 | 
     | datapath/g3511__2346                    | A2 ^ -> ZN ^ | AND4_X1   | 0.250 |   1.940 |    2.257 | 
     | datapath/FE_RC_665_0                    | A3 ^ -> ZN v | NAND3_X2  | 0.093 |   2.034 |    2.350 | 
     | datapath/g26665                         | A1 v -> ZN ^ | AOI222_X2 | 0.177 |   2.211 |    2.527 | 
     | datapath/FE_OFC140_LT_TC_OP_n_35        | A ^ -> Z ^   | BUF_X1    | 0.131 |   2.342 |    2.658 | 
     | datapath/LT_TC_OP_g1584                 | A1 ^ -> ZN v | NAND2_X1  | 0.058 |   2.400 |    2.717 | 
     | datapath/LT_TC_OP_g1545                 | A1 v -> ZN v | OR2_X2    | 0.158 |   2.558 |    2.875 | 
     | datapath/LT_TC_OP_g1527                 | A1 v -> ZN ^ | AOI22_X2  | 0.103 |   2.661 |    2.977 | 
     | datapath/LT_TC_OP_g1519                 | A1 ^ -> ZN v | OAI22_X1  | 0.074 |   2.735 |    3.051 | 
     | datapath/FE_RC_633_0                    | A1 v -> ZN ^ | AOI22_X2  | 0.108 |   2.843 |    3.159 | 
     | datapath/LT_TC_OP_g1515                 | B1 ^ -> ZN v | OAI21_X1  | 0.068 |   2.910 |    3.227 | 
     | datapath/FE_RC_599_0                    | C1 v -> ZN ^ | AOI221_X1 | 0.277 |   3.187 |    3.503 | 
     | datapath/LT_TC_OP_g1513                 | A1 ^ -> ZN v | OAI222_X1 | 0.165 |   3.352 |    3.668 | 
     | datapath/LT_TC_OP_g1512                 | C1 v -> ZN ^ | AOI221_X2 | 0.294 |   3.646 |    3.962 | 
     | datapath/g16081                         | A1 ^ -> ZN ^ | AND2_X2   | 0.153 |   3.798 |    4.115 | 
     | datapath/g16079                         | A1 ^ -> ZN ^ | OR2_X4    | 0.099 |   3.897 |    4.213 | 
     | g1055                                   | A1 ^ -> ZN ^ | AND2_X2   | 0.093 |   3.991 |    4.307 | 
     | datapath/FE_OFC629_IFID_flush           | A ^ -> ZN v  | INV_X1    | 0.045 |   4.035 |    4.352 | 
     | datapath/FE_OFC723_FE_OFN140_IFID_flush | A v -> ZN ^  | INV_X8    | 0.157 |   4.193 |    4.509 | 
     | datapath/g35512                         | A1 ^ -> ZN v | NOR2_X1   | 0.052 |   4.244 |    4.560 | 
     | datapath/IFID_instr_reg[26]             | D v          | DFFR_X1   | 0.000 |   4.244 |    4.560 | 
     +-------------------------------------------------------------------------------------------------+ 
Path 47: MET Setup Check with Pin datapath/IFID_pc_reg[7]/CK 
Endpoint:   datapath/IFID_pc_reg[7]/D     (v) checked with  leading edge of 
'clk'
Beginpoint: datapath/IFID_instr_reg[15]/Q (v) triggered by  leading edge of 
'clk'
Path Groups: {reg2reg}
Analysis View: RPT_SLOW
Other End Arrival Time          0.556
- Setup                         0.135
+ Phase Shift                   4.250
+ CPPR Adjustment               0.000
- Uncertainty                   0.100
= Required Time                 4.571
- Arrival Time                  4.246
= Slack Time                    0.325
     Clock Rise Edge                 0.000
     + Clock Network Latency (Prop)  0.570
     = Beginpoint Arrival Time       0.570
     +-------------------------------------------------------------------------------------------------+ 
     |                Instance                 |     Arc      |   Cell    | Delay | Arrival | Required | 
     |                                         |              |           |       |  Time   |   Time   | 
     |-----------------------------------------+--------------+-----------+-------+---------+----------| 
     | datapath/IFID_instr_reg[15]             | CK ^         |           |       |   0.570 |    0.895 | 
     | datapath/IFID_instr_reg[15]             | CK ^ -> Q v  | DFFR_X1   | 0.310 |   0.880 |    1.205 | 
     | datapath/FE_OFC680_n_1229               | A v -> Z v   | BUF_X4    | 0.104 |   0.984 |    1.309 | 
     | datapath/g517__7410                     | A2 v -> ZN ^ | NAND2_X1  | 0.234 |   1.218 |    1.543 | 
     | datapath/g476__7098                     | A2 ^ -> ZN v | NOR2_X1   | 0.063 |   1.281 |    1.606 | 
     | datapath/FE_OFC751_registers_n_2520     | A v -> Z v   | CLKBUF_X3 | 0.243 |   1.524 |    1.850 | 
     | datapath/g3848                          | A1 v -> ZN ^ | AOI22_X1  | 0.166 |   1.691 |    2.016 | 
     | datapath/g3511__2346                    | A2 ^ -> ZN ^ | AND4_X1   | 0.250 |   1.940 |    2.266 | 
     | datapath/FE_RC_665_0                    | A3 ^ -> ZN v | NAND3_X2  | 0.093 |   2.034 |    2.359 | 
     | datapath/g26665                         | A1 v -> ZN ^ | AOI222_X2 | 0.177 |   2.211 |    2.536 | 
     | datapath/FE_OFC140_LT_TC_OP_n_35        | A ^ -> Z ^   | BUF_X1    | 0.131 |   2.342 |    2.667 | 
     | datapath/LT_TC_OP_g1584                 | A1 ^ -> ZN v | NAND2_X1  | 0.058 |   2.400 |    2.726 | 
     | datapath/LT_TC_OP_g1545                 | A1 v -> ZN v | OR2_X2    | 0.158 |   2.558 |    2.884 | 
     | datapath/LT_TC_OP_g1527                 | A1 v -> ZN ^ | AOI22_X2  | 0.103 |   2.661 |    2.987 | 
     | datapath/LT_TC_OP_g1519                 | A1 ^ -> ZN v | OAI22_X1  | 0.074 |   2.735 |    3.060 | 
     | datapath/FE_RC_633_0                    | A1 v -> ZN ^ | AOI22_X2  | 0.108 |   2.843 |    3.168 | 
     | datapath/LT_TC_OP_g1515                 | B1 ^ -> ZN v | OAI21_X1  | 0.068 |   2.910 |    3.236 | 
     | datapath/FE_RC_599_0                    | C1 v -> ZN ^ | AOI221_X1 | 0.277 |   3.187 |    3.512 | 
     | datapath/LT_TC_OP_g1513                 | A1 ^ -> ZN v | OAI222_X1 | 0.165 |   3.352 |    3.677 | 
     | datapath/LT_TC_OP_g1512                 | C1 v -> ZN ^ | AOI221_X2 | 0.294 |   3.646 |    3.971 | 
     | datapath/g16081                         | A1 ^ -> ZN ^ | AND2_X2   | 0.153 |   3.798 |    4.124 | 
     | datapath/g16079                         | A1 ^ -> ZN ^ | OR2_X4    | 0.099 |   3.897 |    4.223 | 
     | g1055                                   | A1 ^ -> ZN ^ | AND2_X2   | 0.093 |   3.991 |    4.316 | 
     | datapath/FE_OFC629_IFID_flush           | A ^ -> ZN v  | INV_X1    | 0.045 |   4.035 |    4.361 | 
     | datapath/FE_OFC723_FE_OFN140_IFID_flush | A v -> ZN ^  | INV_X8    | 0.157 |   4.193 |    4.518 | 
     | datapath/g35524                         | A1 ^ -> ZN v | NOR2_X1   | 0.053 |   4.246 |    4.571 | 
     | datapath/IFID_pc_reg[7]                 | D v          | DFFR_X1   | 0.000 |   4.246 |    4.571 | 
     +-------------------------------------------------------------------------------------------------+ 
Path 48: MET Setup Check with Pin datapath/IFID_pc_reg[31]/CK 
Endpoint:   datapath/IFID_pc_reg[31]/D    (v) checked with  leading edge of 
'clk'
Beginpoint: datapath/IFID_instr_reg[15]/Q (v) triggered by  leading edge of 
'clk'
Path Groups: {reg2reg}
Analysis View: RPT_SLOW
Other End Arrival Time          0.556
- Setup                         0.135
+ Phase Shift                   4.250
+ CPPR Adjustment               0.000
- Uncertainty                   0.100
= Required Time                 4.571
- Arrival Time                  4.245
= Slack Time                    0.326
     Clock Rise Edge                 0.000
     + Clock Network Latency (Prop)  0.570
     = Beginpoint Arrival Time       0.570
     +-------------------------------------------------------------------------------------------------+ 
     |                Instance                 |     Arc      |   Cell    | Delay | Arrival | Required | 
     |                                         |              |           |       |  Time   |   Time   | 
     |-----------------------------------------+--------------+-----------+-------+---------+----------| 
     | datapath/IFID_instr_reg[15]             | CK ^         |           |       |   0.570 |    0.896 | 
     | datapath/IFID_instr_reg[15]             | CK ^ -> Q v  | DFFR_X1   | 0.310 |   0.880 |    1.205 | 
     | datapath/FE_OFC680_n_1229               | A v -> Z v   | BUF_X4    | 0.104 |   0.984 |    1.309 | 
     | datapath/g517__7410                     | A2 v -> ZN ^ | NAND2_X1  | 0.234 |   1.218 |    1.544 | 
     | datapath/g476__7098                     | A2 ^ -> ZN v | NOR2_X1   | 0.063 |   1.281 |    1.607 | 
     | datapath/FE_OFC751_registers_n_2520     | A v -> Z v   | CLKBUF_X3 | 0.243 |   1.524 |    1.850 | 
     | datapath/g3848                          | A1 v -> ZN ^ | AOI22_X1  | 0.166 |   1.691 |    2.017 | 
     | datapath/g3511__2346                    | A2 ^ -> ZN ^ | AND4_X1   | 0.250 |   1.940 |    2.266 | 
     | datapath/FE_RC_665_0                    | A3 ^ -> ZN v | NAND3_X2  | 0.093 |   2.034 |    2.359 | 
     | datapath/g26665                         | A1 v -> ZN ^ | AOI222_X2 | 0.177 |   2.211 |    2.537 | 
     | datapath/FE_OFC140_LT_TC_OP_n_35        | A ^ -> Z ^   | BUF_X1    | 0.131 |   2.342 |    2.668 | 
     | datapath/LT_TC_OP_g1584                 | A1 ^ -> ZN v | NAND2_X1  | 0.058 |   2.400 |    2.726 | 
     | datapath/LT_TC_OP_g1545                 | A1 v -> ZN v | OR2_X2    | 0.158 |   2.558 |    2.884 | 
     | datapath/LT_TC_OP_g1527                 | A1 v -> ZN ^ | AOI22_X2  | 0.103 |   2.661 |    2.987 | 
     | datapath/LT_TC_OP_g1519                 | A1 ^ -> ZN v | OAI22_X1  | 0.074 |   2.735 |    3.061 | 
     | datapath/FE_RC_633_0                    | A1 v -> ZN ^ | AOI22_X2  | 0.108 |   2.843 |    3.169 | 
     | datapath/LT_TC_OP_g1515                 | B1 ^ -> ZN v | OAI21_X1  | 0.068 |   2.910 |    3.236 | 
     | datapath/FE_RC_599_0                    | C1 v -> ZN ^ | AOI221_X1 | 0.277 |   3.187 |    3.513 | 
     | datapath/LT_TC_OP_g1513                 | A1 ^ -> ZN v | OAI222_X1 | 0.165 |   3.352 |    3.678 | 
     | datapath/LT_TC_OP_g1512                 | C1 v -> ZN ^ | AOI221_X2 | 0.294 |   3.646 |    3.972 | 
     | datapath/g16081                         | A1 ^ -> ZN ^ | AND2_X2   | 0.153 |   3.798 |    4.124 | 
     | datapath/g16079                         | A1 ^ -> ZN ^ | OR2_X4    | 0.099 |   3.897 |    4.223 | 
     | g1055                                   | A1 ^ -> ZN ^ | AND2_X2   | 0.093 |   3.991 |    4.317 | 
     | datapath/FE_OFC629_IFID_flush           | A ^ -> ZN v  | INV_X1    | 0.045 |   4.035 |    4.361 | 
     | datapath/FE_OFC723_FE_OFN140_IFID_flush | A v -> ZN ^  | INV_X8    | 0.157 |   4.193 |    4.518 | 
     | datapath/g35579                         | A1 ^ -> ZN v | NOR2_X1   | 0.053 |   4.245 |    4.571 | 
     | datapath/IFID_pc_reg[31]                | D v          | DFFR_X1   | 0.000 |   4.245 |    4.571 | 
     +-------------------------------------------------------------------------------------------------+ 
Path 49: MET Setup Check with Pin datapath/IFID_pc_reg[28]/CK 
Endpoint:   datapath/IFID_pc_reg[28]/D    (v) checked with  leading edge of 
'clk'
Beginpoint: datapath/IFID_instr_reg[15]/Q (v) triggered by  leading edge of 
'clk'
Path Groups: {reg2reg}
Analysis View: RPT_SLOW
Other End Arrival Time          0.556
- Setup                         0.135
+ Phase Shift                   4.250
+ CPPR Adjustment               0.000
- Uncertainty                   0.100
= Required Time                 4.571
- Arrival Time                  4.244
= Slack Time                    0.327
     Clock Rise Edge                 0.000
     + Clock Network Latency (Prop)  0.570
     = Beginpoint Arrival Time       0.570
     +-------------------------------------------------------------------------------------------------+ 
     |                Instance                 |     Arc      |   Cell    | Delay | Arrival | Required | 
     |                                         |              |           |       |  Time   |   Time   | 
     |-----------------------------------------+--------------+-----------+-------+---------+----------| 
     | datapath/IFID_instr_reg[15]             | CK ^         |           |       |   0.570 |    0.897 | 
     | datapath/IFID_instr_reg[15]             | CK ^ -> Q v  | DFFR_X1   | 0.310 |   0.880 |    1.206 | 
     | datapath/FE_OFC680_n_1229               | A v -> Z v   | BUF_X4    | 0.104 |   0.984 |    1.310 | 
     | datapath/g517__7410                     | A2 v -> ZN ^ | NAND2_X1  | 0.234 |   1.218 |    1.545 | 
     | datapath/g476__7098                     | A2 ^ -> ZN v | NOR2_X1   | 0.063 |   1.281 |    1.608 | 
     | datapath/FE_OFC751_registers_n_2520     | A v -> Z v   | CLKBUF_X3 | 0.243 |   1.524 |    1.851 | 
     | datapath/g3848                          | A1 v -> ZN ^ | AOI22_X1  | 0.166 |   1.691 |    2.018 | 
     | datapath/g3511__2346                    | A2 ^ -> ZN ^ | AND4_X1   | 0.250 |   1.940 |    2.267 | 
     | datapath/FE_RC_665_0                    | A3 ^ -> ZN v | NAND3_X2  | 0.093 |   2.034 |    2.360 | 
     | datapath/g26665                         | A1 v -> ZN ^ | AOI222_X2 | 0.177 |   2.211 |    2.538 | 
     | datapath/FE_OFC140_LT_TC_OP_n_35        | A ^ -> Z ^   | BUF_X1    | 0.131 |   2.342 |    2.669 | 
     | datapath/LT_TC_OP_g1584                 | A1 ^ -> ZN v | NAND2_X1  | 0.058 |   2.400 |    2.727 | 
     | datapath/LT_TC_OP_g1545                 | A1 v -> ZN v | OR2_X2    | 0.158 |   2.558 |    2.885 | 
     | datapath/LT_TC_OP_g1527                 | A1 v -> ZN ^ | AOI22_X2  | 0.103 |   2.661 |    2.988 | 
     | datapath/LT_TC_OP_g1519                 | A1 ^ -> ZN v | OAI22_X1  | 0.074 |   2.735 |    3.062 | 
     | datapath/FE_RC_633_0                    | A1 v -> ZN ^ | AOI22_X2  | 0.108 |   2.843 |    3.170 | 
     | datapath/LT_TC_OP_g1515                 | B1 ^ -> ZN v | OAI21_X1  | 0.068 |   2.910 |    3.237 | 
     | datapath/FE_RC_599_0                    | C1 v -> ZN ^ | AOI221_X1 | 0.277 |   3.187 |    3.514 | 
     | datapath/LT_TC_OP_g1513                 | A1 ^ -> ZN v | OAI222_X1 | 0.165 |   3.352 |    3.679 | 
     | datapath/LT_TC_OP_g1512                 | C1 v -> ZN ^ | AOI221_X2 | 0.294 |   3.646 |    3.973 | 
     | datapath/g16081                         | A1 ^ -> ZN ^ | AND2_X2   | 0.153 |   3.798 |    4.125 | 
     | datapath/g16079                         | A1 ^ -> ZN ^ | OR2_X4    | 0.099 |   3.897 |    4.224 | 
     | g1055                                   | A1 ^ -> ZN ^ | AND2_X2   | 0.093 |   3.991 |    4.318 | 
     | datapath/FE_OFC629_IFID_flush           | A ^ -> ZN v  | INV_X1    | 0.045 |   4.035 |    4.362 | 
     | datapath/FE_OFC723_FE_OFN140_IFID_flush | A v -> ZN ^  | INV_X8    | 0.157 |   4.193 |    4.519 | 
     | datapath/g35576                         | A1 ^ -> ZN v | NOR2_X1   | 0.052 |   4.244 |    4.571 | 
     | datapath/IFID_pc_reg[28]                | D v          | DFFR_X1   | 0.000 |   4.244 |    4.571 | 
     +-------------------------------------------------------------------------------------------------+ 
Path 50: MET Setup Check with Pin datapath/IFID_pc_reg[27]/CK 
Endpoint:   datapath/IFID_pc_reg[27]/D    (v) checked with  leading edge of 
'clk'
Beginpoint: datapath/IFID_instr_reg[15]/Q (v) triggered by  leading edge of 
'clk'
Path Groups: {reg2reg}
Analysis View: RPT_SLOW
Other End Arrival Time          0.556
- Setup                         0.135
+ Phase Shift                   4.250
+ CPPR Adjustment               0.000
- Uncertainty                   0.100
= Required Time                 4.571
- Arrival Time                  4.244
= Slack Time                    0.327
     Clock Rise Edge                 0.000
     + Clock Network Latency (Prop)  0.570
     = Beginpoint Arrival Time       0.570
     +-------------------------------------------------------------------------------------------------+ 
     |                Instance                 |     Arc      |   Cell    | Delay | Arrival | Required | 
     |                                         |              |           |       |  Time   |   Time   | 
     |-----------------------------------------+--------------+-----------+-------+---------+----------| 
     | datapath/IFID_instr_reg[15]             | CK ^         |           |       |   0.570 |    0.897 | 
     | datapath/IFID_instr_reg[15]             | CK ^ -> Q v  | DFFR_X1   | 0.310 |   0.880 |    1.207 | 
     | datapath/FE_OFC680_n_1229               | A v -> Z v   | BUF_X4    | 0.104 |   0.984 |    1.311 | 
     | datapath/g517__7410                     | A2 v -> ZN ^ | NAND2_X1  | 0.234 |   1.218 |    1.545 | 
     | datapath/g476__7098                     | A2 ^ -> ZN v | NOR2_X1   | 0.063 |   1.281 |    1.608 | 
     | datapath/FE_OFC751_registers_n_2520     | A v -> Z v   | CLKBUF_X3 | 0.243 |   1.524 |    1.852 | 
     | datapath/g3848                          | A1 v -> ZN ^ | AOI22_X1  | 0.166 |   1.691 |    2.018 | 
     | datapath/g3511__2346                    | A2 ^ -> ZN ^ | AND4_X1   | 0.250 |   1.940 |    2.268 | 
     | datapath/FE_RC_665_0                    | A3 ^ -> ZN v | NAND3_X2  | 0.093 |   2.034 |    2.361 | 
     | datapath/g26665                         | A1 v -> ZN ^ | AOI222_X2 | 0.177 |   2.211 |    2.538 | 
     | datapath/FE_OFC140_LT_TC_OP_n_35        | A ^ -> Z ^   | BUF_X1    | 0.131 |   2.342 |    2.669 | 
     | datapath/LT_TC_OP_g1584                 | A1 ^ -> ZN v | NAND2_X1  | 0.058 |   2.400 |    2.728 | 
     | datapath/LT_TC_OP_g1545                 | A1 v -> ZN v | OR2_X2    | 0.158 |   2.558 |    2.886 | 
     | datapath/LT_TC_OP_g1527                 | A1 v -> ZN ^ | AOI22_X2  | 0.103 |   2.661 |    2.989 | 
     | datapath/LT_TC_OP_g1519                 | A1 ^ -> ZN v | OAI22_X1  | 0.074 |   2.735 |    3.062 | 
     | datapath/FE_RC_633_0                    | A1 v -> ZN ^ | AOI22_X2  | 0.108 |   2.843 |    3.170 | 
     | datapath/LT_TC_OP_g1515                 | B1 ^ -> ZN v | OAI21_X1  | 0.068 |   2.910 |    3.238 | 
     | datapath/FE_RC_599_0                    | C1 v -> ZN ^ | AOI221_X1 | 0.277 |   3.187 |    3.514 | 
     | datapath/LT_TC_OP_g1513                 | A1 ^ -> ZN v | OAI222_X1 | 0.165 |   3.352 |    3.679 | 
     | datapath/LT_TC_OP_g1512                 | C1 v -> ZN ^ | AOI221_X2 | 0.294 |   3.646 |    3.973 | 
     | datapath/g16081                         | A1 ^ -> ZN ^ | AND2_X2   | 0.153 |   3.798 |    4.126 | 
     | datapath/g16079                         | A1 ^ -> ZN ^ | OR2_X4    | 0.099 |   3.897 |    4.225 | 
     | g1055                                   | A1 ^ -> ZN ^ | AND2_X2   | 0.093 |   3.991 |    4.318 | 
     | datapath/FE_OFC629_IFID_flush           | A ^ -> ZN v  | INV_X1    | 0.045 |   4.035 |    4.363 | 
     | datapath/FE_OFC723_FE_OFN140_IFID_flush | A v -> ZN ^  | INV_X8    | 0.157 |   4.193 |    4.520 | 
     | datapath/g35503                         | A1 ^ -> ZN v | NOR2_X1   | 0.051 |   4.244 |    4.571 | 
     | datapath/IFID_pc_reg[27]                | D v          | DFFR_X1   | 0.000 |   4.244 |    4.571 | 
     +-------------------------------------------------------------------------------------------------+ 

