###############################################################
#  Generated by:      Cadence Innovus 23.12-s091_1
#  OS:                Linux x86_64(Host ID nanohub-2907946-1)
#  Generated on:      Tue Aug 11 16:37:09 2026
#  Design:            pipelined_cpu_core
#  Command:           report_timing -late  -view RPT_SLOW -max_paths 50 -nworst 1 > reports/40_setup_slow.rpt
###############################################################
Path 1: VIOLATED Setup Check with Pin datapath/IF_pc_reg[31]/CK 
Endpoint:   datapath/IF_pc_reg[31]/D      (^) checked with  leading edge of 
'clk'
Beginpoint: datapath/IFID_instr_reg[6]/QN (v) triggered by  leading edge of 
'clk'
Path Groups: {reg2reg}
Analysis View: RPT_SLOW
Other End Arrival Time          0.496
- Setup                         0.084
+ Phase Shift                   4.100
+ CPPR Adjustment               0.000
- Uncertainty                   0.100
= Required Time                 4.412
- Arrival Time                  4.452
= Slack Time                   -0.040
     Clock Rise Edge                 0.000
     + Clock Network Latency (Prop)  0.407
     = Beginpoint Arrival Time       0.407
     +---------------------------------------------------------------------------------------------------------+ 
     |                     Instance                     |     Arc      |   Cell   | Delay | Arrival | Required | 
     |                                                  |              |          |       |  Time   |   Time   | 
     |--------------------------------------------------+--------------+----------+-------+---------+----------| 
     | datapath/IFID_instr_reg[6]                       | CK ^         |          |       |   0.407 |    0.367 | 
     | datapath/IFID_instr_reg[6]                       | CK ^ -> QN v | DFFR_X1  | 0.256 |   0.663 |    0.623 | 
     | datapath/FE_OFC682_n_491                         | A v -> ZN ^  | INV_X1   | 0.164 |   0.827 |    0.787 | 
     | datapath/immediate_generation/g3584__6260        | A2 ^ -> ZN ^ | AND2_X1  | 0.150 |   0.976 |    0.937 | 
     | datapath/immediate_generation/g3567__2883        | A2 ^ -> ZN v | NAND2_X1 | 0.068 |   1.044 |    1.004 | 
     | datapath/immediate_generation/g3550__1705        | A1 v -> ZN ^ | NAND2_X2 | 0.062 |   1.106 |    1.066 | 
     | datapath/immediate_generation/g3542__4319        | A1 ^ -> ZN ^ | AND2_X1  | 0.119 |   1.225 |    1.185 | 
     | datapath/immediate_generation/g3535__7410        | A1 ^ -> ZN v | NAND2_X1 | 0.044 |   1.269 |    1.229 | 
     | datapath/immediate_generation/g3529__9315        | A1 v -> ZN ^ | NAND2_X1 | 0.104 |   1.373 |    1.333 | 
     | datapath/pc_plus_imm/FA_GEN[3].fa_i/g160         | A ^ -> ZN v  | INV_X1   | 0.034 |   1.407 |    1.367 | 
     | datapath/pc_plus_imm/FA_GEN[3].fa_i/g157__6161   | A1 v -> ZN ^ | NAND2_X1 | 0.063 |   1.470 |    1.430 | 
     | datapath/pc_plus_imm/FA_GEN[3].fa_i/g155__7482   | A2 ^ -> ZN v | NAND2_X2 | 0.053 |   1.523 |    1.483 | 
     | datapath/pc_plus_imm/FA_GEN[3].fa_i/g153__1881   | A1 v -> ZN ^ | NAND2_X4 | 0.042 |   1.565 |    1.525 | 
     | datapath/pc_plus_imm/FA_GEN[4].fa_i/g155__2346   | A1 ^ -> ZN v | NAND2_X1 | 0.042 |   1.608 |    1.568 | 
     | datapath/pc_plus_imm/FA_GEN[4].fa_i/g153__9945   | A1 v -> ZN ^ | NAND2_X2 | 0.069 |   1.676 |    1.636 | 
     | datapath/pc_plus_imm/FA_GEN[5].fa_i/g155__5107   | A1 ^ -> ZN v | NAND2_X2 | 0.045 |   1.721 |    1.681 | 
     | datapath/pc_plus_imm/FA_GEN[5].fa_i/g153__5477   | A1 v -> ZN ^ | NAND2_X2 | 0.056 |   1.777 |    1.737 | 
     | datapath/pc_plus_imm/FA_GEN[6].fa_i/g155__3680   | A1 ^ -> ZN v | NAND2_X2 | 0.048 |   1.825 |    1.785 | 
     | datapath/pc_plus_imm/FA_GEN[6].fa_i/g153__5526   | A1 v -> ZN ^ | NAND2_X4 | 0.046 |   1.871 |    1.831 | 
     | datapath/pc_plus_imm/FA_GEN[7].fa_i/g155__7098   | A1 ^ -> ZN v | NAND2_X2 | 0.038 |   1.909 |    1.869 | 
     | datapath/pc_plus_imm/FA_GEN[7].fa_i/g153__5122   | A1 v -> ZN ^ | NAND2_X2 | 0.056 |   1.965 |    1.925 | 
     | datapath/pc_plus_imm/FA_GEN[8].fa_i/g155__4733   | A1 ^ -> ZN v | NAND2_X2 | 0.041 |   2.006 |    1.966 | 
     | datapath/pc_plus_imm/FA_GEN[8].fa_i/g153__5115   | A1 v -> ZN ^ | NAND2_X2 | 0.053 |   2.059 |    2.019 | 
     | datapath/pc_plus_imm/FA_GEN[9].fa_i/g155__2346   | A1 ^ -> ZN v | NAND2_X1 | 0.048 |   2.107 |    2.067 | 
     | datapath/pc_plus_imm/FA_GEN[9].fa_i/g153__9945   | A1 v -> ZN ^ | NAND2_X2 | 0.054 |   2.161 |    2.121 | 
     | datapath/pc_plus_imm/FA_GEN[10].fa_i/g137__2398  | A1 ^ -> ZN v | NAND2_X1 | 0.047 |   2.208 |    2.169 | 
     | datapath/pc_plus_imm/FA_GEN[10].fa_i/g135__6417  | A1 v -> ZN ^ | NAND2_X2 | 0.059 |   2.268 |    2.228 | 
     | datapath/pc_plus_imm/FA_GEN[11].fa_i/FE_RC_284_0 | A1 ^ -> ZN v | NAND2_X2 | 0.042 |   2.310 |    2.270 | 
     | datapath/pc_plus_imm/FA_GEN[11].fa_i/g153__4319  | A1 v -> ZN ^ | NAND2_X2 | 0.055 |   2.366 |    2.326 | 
     | datapath/pc_plus_imm/FA_GEN[12].fa_i/g155__2802  | A1 ^ -> ZN v | NAND2_X2 | 0.040 |   2.406 |    2.366 | 
     | datapath/pc_plus_imm/FA_GEN[12].fa_i/g153__3680  | A1 v -> ZN ^ | NAND2_X2 | 0.056 |   2.462 |    2.422 | 
     | datapath/pc_plus_imm/FA_GEN[13].fa_i/g155__6131  | A1 ^ -> ZN v | NAND2_X2 | 0.049 |   2.511 |    2.471 | 
     | datapath/pc_plus_imm/FA_GEN[13].fa_i/g153__8246  | A1 v -> ZN ^ | NAND2_X4 | 0.045 |   2.556 |    2.516 | 
     | datapath/pc_plus_imm/FA_GEN[14].fa_i/g155__6161  | A1 ^ -> ZN v | NAND2_X2 | 0.043 |   2.599 |    2.559 | 
     | datapath/pc_plus_imm/FA_GEN[14].fa_i/g153__7482  | A1 v -> ZN ^ | NAND2_X4 | 0.050 |   2.649 |    2.609 | 
     | datapath/pc_plus_imm/FA_GEN[15].fa_i/g155__1666  | A1 ^ -> ZN v | NAND2_X4 | 0.037 |   2.685 |    2.646 | 
     | datapath/pc_plus_imm/FA_GEN[15].fa_i/g153__2883  | A1 v -> ZN ^ | NAND2_X4 | 0.048 |   2.733 |    2.693 | 
     | datapath/pc_plus_imm/FA_GEN[16].fa_i/g155__5107  | A1 ^ -> ZN v | NAND2_X4 | 0.037 |   2.770 |    2.730 | 
     | datapath/pc_plus_imm/FA_GEN[16].fa_i/g153__5477  | A1 v -> ZN ^ | NAND2_X4 | 0.047 |   2.817 |    2.777 | 
     | datapath/pc_plus_imm/FA_GEN[17].fa_i/g155__6783  | A1 ^ -> ZN v | NAND2_X4 | 0.036 |   2.854 |    2.814 | 
     | datapath/pc_plus_imm/FA_GEN[17].fa_i/g153__8428  | A1 v -> ZN ^ | NAND2_X4 | 0.043 |   2.896 |    2.857 | 
     | datapath/pc_plus_imm/FA_GEN[18].fa_i/g155__5122  | A1 ^ -> ZN v | NAND2_X2 | 0.043 |   2.939 |    2.899 | 
     | datapath/pc_plus_imm/FA_GEN[18].fa_i/g153__2802  | A1 v -> ZN ^ | NAND2_X4 | 0.046 |   2.985 |    2.945 | 
     | datapath/pc_plus_imm/FA_GEN[19].fa_i/g155__5115  | A1 ^ -> ZN v | NAND2_X2 | 0.044 |   3.028 |    2.989 | 
     | datapath/pc_plus_imm/FA_GEN[19].fa_i/g153__6131  | A1 v -> ZN ^ | NAND2_X4 | 0.044 |   3.073 |    3.033 | 
     | datapath/pc_plus_imm/FA_GEN[20].fa_i/g155__9945  | A1 ^ -> ZN v | NAND2_X2 | 0.042 |   3.115 |    3.075 | 
     | datapath/pc_plus_imm/FA_GEN[20].fa_i/g153__6161  | A1 v -> ZN ^ | NAND2_X4 | 0.045 |   3.160 |    3.120 | 
     | datapath/pc_plus_imm/FA_GEN[21].fa_i/g155__6417  | A1 ^ -> ZN v | NAND2_X2 | 0.043 |   3.203 |    3.164 | 
     | datapath/pc_plus_imm/FA_GEN[21].fa_i/g153__1666  | A1 v -> ZN ^ | NAND2_X4 | 0.045 |   3.249 |    3.209 | 
     | datapath/pc_plus_imm/FA_GEN[22].fa_i/g155__4319  | A1 ^ -> ZN v | NAND2_X2 | 0.043 |   3.292 |    3.252 | 
     | datapath/pc_plus_imm/FA_GEN[22].fa_i/g153__5107  | A1 v -> ZN ^ | NAND2_X4 | 0.045 |   3.338 |    3.298 | 
     | datapath/pc_plus_imm/FA_GEN[23].fa_i/g155__1617  | A1 ^ -> ZN v | NAND2_X2 | 0.036 |   3.374 |    3.334 | 
     | datapath/pc_plus_imm/FA_GEN[23].fa_i/g153__6783  | A1 v -> ZN ^ | NAND2_X2 | 0.048 |   3.422 |    3.382 | 
     | datapath/pc_plus_imm/FA_GEN[24].fa_i/g149__7098  | A1 ^ -> ZN v | NAND2_X1 | 0.046 |   3.468 |    3.428 | 
     | datapath/pc_plus_imm/FA_GEN[24].fa_i/g147__5122  | A1 v -> ZN ^ | NAND2_X2 | 0.060 |   3.528 |    3.488 | 
     | datapath/pc_plus_imm/FA_GEN[25].fa_i/g119__4733  | A1 ^ -> ZN v | NAND2_X2 | 0.041 |   3.569 |    3.530 | 
     | datapath/pc_plus_imm/FA_GEN[25].fa_i/g117__5115  | A1 v -> ZN ^ | NAND2_X2 | 0.056 |   3.625 |    3.586 | 
     | datapath/pc_plus_imm/FA_GEN[26].fa_i/g120__2346  | A1 ^ -> ZN v | NAND2_X2 | 0.041 |   3.666 |    3.626 | 
     | datapath/pc_plus_imm/FA_GEN[26].fa_i/g118__9945  | A1 v -> ZN ^ | NAND2_X2 | 0.057 |   3.723 |    3.683 | 
     | datapath/pc_plus_imm/FA_GEN[27].fa_i/g79__5477   | A1 ^ -> ZN v | NAND2_X2 | 0.041 |   3.764 |    3.724 | 
     | datapath/pc_plus_imm/FA_GEN[27].fa_i/g77__6417   | A1 v -> ZN ^ | NAND2_X2 | 0.049 |   3.813 |    3.773 | 
     | datapath/pc_plus_imm/FA_GEN[28].fa_i/g79__8428   | A1 ^ -> ZN v | NAND2_X1 | 0.046 |   3.859 |    3.819 | 
     | datapath/pc_plus_imm/FA_GEN[28].fa_i/g77__4319   | A1 v -> ZN ^ | NAND2_X2 | 0.050 |   3.909 |    3.869 | 
     | datapath/pc_plus_imm/FA_GEN[29].fa_i/g79__2802   | A1 ^ -> ZN v | NAND2_X1 | 0.039 |   3.948 |    3.908 | 
     | datapath/pc_plus_imm/FA_GEN[29].fa_i/g77__1617   | A1 v -> ZN ^ | NAND2_X1 | 0.070 |   4.018 |    3.978 | 
     | datapath/pc_plus_imm/FA_GEN[30].fa_i/g79__6131   | A1 ^ -> ZN v | NAND2_X1 | 0.047 |   4.065 |    4.025 | 
     | datapath/pc_plus_imm/FA_GEN[30].fa_i/g77__7098   | A1 v -> ZN ^ | NAND2_X1 | 0.055 |   4.120 |    4.080 | 
     | datapath/pc_plus_imm/FA_GEN[31].fa_i/g36__4733   | A ^ -> ZN ^  | XNOR2_X1 | 0.119 |   4.239 |    4.200 | 
     | datapath/branch_or_inc_4/g849__6783              | A1 ^ -> ZN v | NAND2_X1 | 0.050 |   4.290 |    4.250 | 
     | datapath/branch_or_inc_4/g816__5107              | A1 v -> ZN ^ | NAND2_X1 | 0.051 |   4.340 |    4.301 | 
     | datapath/g35787                                  | A ^ -> ZN v  | INV_X1   | 0.023 |   4.364 |    4.324 | 
     | datapath/g35645                                  | B1 v -> ZN ^ | OAI21_X1 | 0.088 |   4.452 |    4.412 | 
     | datapath/IF_pc_reg[31]                           | D ^          | DFFR_X1  | 0.000 |   4.452 |    4.412 | 
     +---------------------------------------------------------------------------------------------------------+ 
Path 2: VIOLATED Setup Check with Pin datapath/IF_pc_reg[26]/CK 
Endpoint:   datapath/IF_pc_reg[26]/D      (^) checked with  leading edge of 
'clk'
Beginpoint: datapath/IFID_instr_reg[16]/Q (^) triggered by  leading edge of 
'clk'
Path Groups: {reg2reg}
Analysis View: RPT_SLOW
Other End Arrival Time          0.489
- Setup                         0.222
+ Phase Shift                   4.100
+ CPPR Adjustment               0.000
- Uncertainty                   0.100
= Required Time                 4.267
- Arrival Time                  4.283
= Slack Time                   -0.016
     Clock Rise Edge                 0.000
     + Clock Network Latency (Prop)  0.424
     = Beginpoint Arrival Time       0.424
     +------------------------------------------------------------------------------------------------------------+ 
     |                      Instance                      |     Arc      |   Cell    | Delay | Arrival | Required | 
     |                                                    |              |           |       |  Time   |   Time   | 
     |----------------------------------------------------+--------------+-----------+-------+---------+----------| 
     | datapath/IFID_instr_reg[16]                        | CK ^         |           |       |   0.424 |    0.408 | 
     | datapath/IFID_instr_reg[16]                        | CK ^ -> Q ^  | DFFR_X1   | 0.416 |   0.840 |    0.824 | 
     | datapath/FE_OFC246_IFID_rs1_1                      | A ^ -> Z ^   | BUF_X1    | 0.262 |   1.101 |    1.085 | 
     | datapath/g26895                                    | A ^ -> Z v   | XOR2_X1   | 0.075 |   1.176 |    1.160 | 
     | datapath/g26745                                    | A3 v -> ZN ^ | NOR3_X1   | 0.191 |   1.367 |    1.351 | 
     | datapath/g26732                                    | A1 ^ -> ZN ^ | AND4_X1   | 0.214 |   1.581 |    1.565 | 
     | datapath/g26729                                    | A ^ -> ZN v  | INV_X1    | 0.025 |   1.606 |    1.590 | 
     | datapath/g26725                                    | A1 v -> ZN v | OR2_X1    | 0.176 |   1.782 |    1.766 | 
     | datapath/g26715                                    | B2 v -> ZN ^ | AOI21_X1  | 0.120 |   1.902 |    1.886 | 
     | datapath/FE_OFC61_n_702                            | A ^ -> Z ^   | CLKBUF_X3 | 0.198 |   2.100 |    2.085 | 
     | datapath/g26701                                    | A ^ -> ZN v  | INV_X2    | 0.110 |   2.210 |    2.195 | 
     | datapath/g26489                                    | B1 v -> ZN ^ | OAI221_X1 | 0.255 |   2.466 |    2.450 | 
     | datapath/LT_TC_OP_g1833                            | A ^ -> ZN v  | INV_X1    | 0.052 |   2.517 |    2.501 | 
     | datapath/LT_TC_OP_g1804                            | A1 v -> ZN v | AND2_X1   | 0.115 |   2.632 |    2.617 | 
     | datapath/LT_TC_OP_g1781                            | A v -> ZN ^  | AOI21_X1  | 0.181 |   2.814 |    2.798 | 
     | datapath/LT_TC_OP_g1776                            | A ^ -> ZN v  | INV_X1    | 0.038 |   2.852 |    2.836 | 
     | datapath/LT_TC_OP_g1765                            | B v -> ZN ^  | AOI211_X1 | 0.258 |   3.110 |    3.094 | 
     | datapath/LT_TC_OP_g1747                            | C2 ^ -> ZN v | AOI221_X1 | 0.097 |   3.207 |    3.191 | 
     | datapath/FE_RC_282_0                               | C1 v -> ZN ^ | OAI221_X1 | 0.129 |   3.336 |    3.320 | 
     | datapath/LT_TC_OP_g1745                            | C1 ^ -> ZN v | AOI221_X1 | 0.066 |   3.401 |    3.385 | 
     | datapath/FE_OFC613_IFID_lessThan                   | A v -> Z v   | BUF_X1    | 0.128 |   3.530 |    3.514 | 
     | datapath/g16081                                    | A1 v -> ZN v | AND2_X1   | 0.101 |   3.631 |    3.615 | 
     | datapath/g16079                                    | A1 v -> ZN v | OR2_X2    | 0.164 |   3.795 |    3.779 | 
     | datapath/branch_or_inc_4/FE_OFC610_IFID_takeBranch | A v -> Z v   | CLKBUF_X3 | 0.182 |   3.977 |    3.961 | 
     | datapath/branch_or_inc_4/FE_OFC612_IFID_takeBranch | A v -> ZN ^  | INV_X1    | 0.185 |   4.162 |    4.146 | 
     | datapath/branch_or_inc_4/g845__6260                | A2 ^ -> ZN v | NAND2_X1  | 0.066 |   4.228 |    4.212 | 
     | datapath/branch_or_inc_4/g831__5115                | A2 v -> ZN ^ | NAND2_X1  | 0.055 |   4.283 |    4.267 | 
     | datapath/IF_pc_reg[26]                             | D ^          | SDFFRS_X1 | 0.000 |   4.283 |    4.267 | 
     +------------------------------------------------------------------------------------------------------------+ 
Path 3: VIOLATED Setup Check with Pin datapath/IF_pc_reg[19]/CK 
Endpoint:   datapath/IF_pc_reg[19]/D      (v) checked with  leading edge of 
'clk'
Beginpoint: datapath/IFID_instr_reg[23]/Q (^) triggered by  leading edge of 
'clk'
Path Groups: {reg2reg}
Analysis View: RPT_SLOW
Other End Arrival Time          0.407
- Setup                         0.243
+ Phase Shift                   4.100
+ CPPR Adjustment               0.000
- Uncertainty                   0.100
= Required Time                 4.164
- Arrival Time                  4.176
= Slack Time                   -0.012
     Clock Rise Edge                 0.000
     + Clock Network Latency (Prop)  0.422
     = Beginpoint Arrival Time       0.422
     +------------------------------------------------------------------------------------------------------------+ 
     |                      Instance                      |     Arc      |   Cell    | Delay | Arrival | Required | 
     |                                                    |              |           |       |  Time   |   Time   | 
     |----------------------------------------------------+--------------+-----------+-------+---------+----------| 
     | datapath/IFID_instr_reg[23]                        | CK ^         |           |       |   0.422 |    0.410 | 
     | datapath/IFID_instr_reg[23]                        | CK ^ -> Q ^  | DFFR_X1   | 0.465 |   0.887 |    0.875 | 
     | datapath/FE_OFC31_IFID_rs2_3                       | A ^ -> Z ^   | BUF_X2    | 0.170 |   1.056 |    1.045 | 
     | branch_forward/g1283__5115                         | A ^ -> ZN ^  | XNOR2_X1  | 0.137 |   1.194 |    1.182 | 
     | branch_forward/g1267__2398                         | A3 ^ -> ZN ^ | AND4_X1   | 0.191 |   1.384 |    1.372 | 
     | branch_forward/g1260__2346                         | A2 ^ -> ZN v | NAND3_X1  | 0.070 |   1.454 |    1.442 | 
     | branch_forward/g1255__4733                         | A2 v -> ZN ^ | NOR2_X1   | 0.198 |   1.652 |    1.641 | 
     | datapath/g26699                                    | A1 ^ -> ZN v | NOR2_X1   | 0.044 |   1.696 |    1.684 | 
     | datapath/g26648                                    | A1 v -> ZN v | OR2_X2    | 0.235 |   1.931 |    1.919 | 
     | datapath/FE_OFC639_n_780                           | A v -> ZN ^  | INV_X2    | 0.200 |   2.131 |    2.119 | 
     | datapath/g26394                                    | B1 ^ -> ZN v | AOI222_X1 | 0.095 |   2.225 |    2.214 | 
     | datapath/FE_OFC180_LT_TC_OP_n_28                   | A v -> Z v   | BUF_X1    | 0.133 |   2.358 |    2.347 | 
     | datapath/LT_TC_OP_g1757                            | C2 v -> ZN ^ | AOI222_X1 | 0.394 |   2.753 |    2.741 | 
     | datapath/LT_TC_OP_g1750                            | B1 ^ -> ZN v | OAI221_X1 | 0.145 |   2.897 |    2.886 | 
     | datapath/LT_TC_OP_g1747                            | C1 v -> ZN ^ | AOI221_X1 | 0.251 |   3.149 |    3.137 | 
     | datapath/FE_RC_282_0                               | C1 ^ -> ZN v | OAI221_X1 | 0.119 |   3.267 |    3.256 | 
     | datapath/LT_TC_OP_g1745                            | C1 v -> ZN ^ | AOI221_X1 | 0.181 |   3.448 |    3.436 | 
     | datapath/FE_OFC613_IFID_lessThan                   | A ^ -> Z ^   | BUF_X1    | 0.154 |   3.602 |    3.590 | 
     | datapath/g16081                                    | A1 ^ -> ZN ^ | AND2_X1   | 0.116 |   3.718 |    3.706 | 
     | datapath/g16079                                    | A1 ^ -> ZN ^ | OR2_X2    | 0.083 |   3.800 |    3.789 | 
     | datapath/branch_or_inc_4/FE_OFC609_IFID_takeBranch | A ^ -> Z ^   | BUF_X2    | 0.143 |   3.943 |    3.932 | 
     | datapath/branch_or_inc_4/g837__2883                | S ^ -> Z v   | MUX2_X1   | 0.232 |   4.176 |    4.164 | 
     | datapath/IF_pc_reg[19]                             | D v          | SDFFR_X1  | 0.000 |   4.176 |    4.164 | 
     +------------------------------------------------------------------------------------------------------------+ 
Path 4: VIOLATED Setup Check with Pin datapath/IF_pc_reg[14]/CK 
Endpoint:   datapath/IF_pc_reg[14]/D      (v) checked with  leading edge of 
'clk'
Beginpoint: datapath/IFID_instr_reg[23]/Q (^) triggered by  leading edge of 
'clk'
Path Groups: {reg2reg}
Analysis View: RPT_SLOW
Other End Arrival Time          0.407
- Setup                         0.243
+ Phase Shift                   4.100
+ CPPR Adjustment               0.000
- Uncertainty                   0.100
= Required Time                 4.164
- Arrival Time                  4.176
= Slack Time                   -0.012
     Clock Rise Edge                 0.000
     + Clock Network Latency (Prop)  0.422
     = Beginpoint Arrival Time       0.422
     +------------------------------------------------------------------------------------------------------------+ 
     |                      Instance                      |     Arc      |   Cell    | Delay | Arrival | Required | 
     |                                                    |              |           |       |  Time   |   Time   | 
     |----------------------------------------------------+--------------+-----------+-------+---------+----------| 
     | datapath/IFID_instr_reg[23]                        | CK ^         |           |       |   0.422 |    0.410 | 
     | datapath/IFID_instr_reg[23]                        | CK ^ -> Q ^  | DFFR_X1   | 0.465 |   0.887 |    0.875 | 
     | datapath/FE_OFC31_IFID_rs2_3                       | A ^ -> Z ^   | BUF_X2    | 0.170 |   1.056 |    1.045 | 
     | branch_forward/g1283__5115                         | A ^ -> ZN ^  | XNOR2_X1  | 0.137 |   1.194 |    1.182 | 
     | branch_forward/g1267__2398                         | A3 ^ -> ZN ^ | AND4_X1   | 0.191 |   1.384 |    1.373 | 
     | branch_forward/g1260__2346                         | A2 ^ -> ZN v | NAND3_X1  | 0.070 |   1.454 |    1.442 | 
     | branch_forward/g1255__4733                         | A2 v -> ZN ^ | NOR2_X1   | 0.198 |   1.652 |    1.641 | 
     | datapath/g26699                                    | A1 ^ -> ZN v | NOR2_X1   | 0.044 |   1.696 |    1.684 | 
     | datapath/g26648                                    | A1 v -> ZN v | OR2_X2    | 0.235 |   1.931 |    1.919 | 
     | datapath/FE_OFC639_n_780                           | A v -> ZN ^  | INV_X2    | 0.200 |   2.131 |    2.119 | 
     | datapath/g26394                                    | B1 ^ -> ZN v | AOI222_X1 | 0.095 |   2.225 |    2.214 | 
     | datapath/FE_OFC180_LT_TC_OP_n_28                   | A v -> Z v   | BUF_X1    | 0.133 |   2.358 |    2.347 | 
     | datapath/LT_TC_OP_g1757                            | C2 v -> ZN ^ | AOI222_X1 | 0.394 |   2.753 |    2.741 | 
     | datapath/LT_TC_OP_g1750                            | B1 ^ -> ZN v | OAI221_X1 | 0.145 |   2.897 |    2.886 | 
     | datapath/LT_TC_OP_g1747                            | C1 v -> ZN ^ | AOI221_X1 | 0.251 |   3.149 |    3.137 | 
     | datapath/FE_RC_282_0                               | C1 ^ -> ZN v | OAI221_X1 | 0.119 |   3.267 |    3.256 | 
     | datapath/LT_TC_OP_g1745                            | C1 v -> ZN ^ | AOI221_X1 | 0.181 |   3.448 |    3.436 | 
     | datapath/FE_OFC613_IFID_lessThan                   | A ^ -> Z ^   | BUF_X1    | 0.154 |   3.602 |    3.590 | 
     | datapath/g16081                                    | A1 ^ -> ZN ^ | AND2_X1   | 0.116 |   3.718 |    3.706 | 
     | datapath/g16079                                    | A1 ^ -> ZN ^ | OR2_X2    | 0.083 |   3.800 |    3.789 | 
     | datapath/branch_or_inc_4/FE_OFC609_IFID_takeBranch | A ^ -> Z ^   | BUF_X2    | 0.143 |   3.943 |    3.932 | 
     | datapath/branch_or_inc_4/g839__1666                | S ^ -> Z v   | MUX2_X1   | 0.233 |   4.176 |    4.164 | 
     | datapath/IF_pc_reg[14]                             | D v          | SDFFR_X1  | 0.000 |   4.176 |    4.164 | 
     +------------------------------------------------------------------------------------------------------------+ 
Path 5: VIOLATED Setup Check with Pin datapath/EXMEM_aluResult_reg[0]/CK 
Endpoint:   datapath/EXMEM_aluResult_reg[0]/D (^) checked with  leading edge of 
'clk'
Beginpoint: datapath/IDEX_rs1_reg[0]/QN       (v) triggered by  leading edge of 
'clk'
Path Groups: {reg2reg}
Analysis View: RPT_SLOW
Other End Arrival Time          0.459
- Setup                         0.072
+ Phase Shift                   4.100
+ CPPR Adjustment               0.000
- Uncertainty                   0.100
= Required Time                 4.387
- Arrival Time                  4.397
= Slack Time                   -0.010
     Clock Rise Edge                 0.000
     + Clock Network Latency (Prop)  0.395
     = Beginpoint Arrival Time       0.395
     +-----------------------------------------------------------------------------------------------------------+ 
     |                      Instance                      |     Arc      |   Cell   | Delay | Arrival | Required | 
     |                                                    |              |          |       |  Time   |   Time   | 
     |----------------------------------------------------+--------------+----------+-------+---------+----------| 
     | datapath/IDEX_rs1_reg[0]                           | CK ^         |          |       |   0.395 |    0.384 | 
     | datapath/IDEX_rs1_reg[0]                           | CK ^ -> QN v | DFFR_X1  | 0.288 |   0.682 |    0.672 | 
     | ALU_forward/FE_OFC234_n_22                         | A v -> ZN ^  | INV_X1   | 0.078 |   0.761 |    0.750 | 
     | ALU_forward/g3114__5107                            | A1 ^ -> ZN v | NAND2_X1 | 0.042 |   0.803 |    0.792 | 
     | ALU_forward/g3074__4733                            | A2 v -> ZN ^ | NAND2_X1 | 0.054 |   0.856 |    0.846 | 
     | ALU_forward/g3060__1705                            | A1 ^ -> ZN v | NAND2_X1 | 0.038 |   0.895 |    0.884 | 
     | ALU_forward/FE_RC_86_0                             | A v -> ZN ^  | INV_X1   | 0.038 |   0.933 |    0.923 | 
     | ALU_forward/FE_RC_83_0                             | A1 ^ -> ZN v | NAND3_X1 | 0.054 |   0.987 |    0.977 | 
     | ALU_forward/FE_OFC444_FE_RN_51_0                   | A v -> ZN ^  | INV_X2   | 0.053 |   1.040 |    1.030 | 
     | ALU_forward/FE_RC_13_0                             | A2 ^ -> ZN v | NAND3_X2 | 0.067 |   1.107 |    1.097 | 
     | ALU_forward/FE_RC_14_0                             | A v -> ZN ^  | INV_X4   | 0.077 |   1.184 |    1.174 | 
     | datapath/FE_RC_206_0                               | A1 ^ -> ZN v | NAND3_X2 | 0.068 |   1.252 |    1.242 | 
     | datapath/FE_RC_74_0                                | A2 v -> ZN ^ | NAND2_X4 | 0.076 |   1.328 |    1.318 | 
     | datapath/ALU_ALU_GEN[0].slice_i_bitAdder/fopt2     | A ^ -> ZN v  | INV_X4   | 0.029 |   1.357 |    1.346 | 
     | datapath/ALU_ALU_GEN[0].slice_i_bitAdder/g221__510 | A1 v -> ZN ^ | NAND2_X4 | 0.041 |   1.397 |    1.387 | 
     | 7                                                  |              |          |       |         |          | 
     | datapath/ALU_ALU_GEN[0].slice_i_bitAdder/g219__547 | A2 ^ -> ZN v | NAND2_X4 | 0.038 |   1.435 |    1.425 | 
     | 7                                                  |              |          |       |         |          | 
     | datapath/ALU_ALU_GEN[0].slice_i_bitAdder/g217__741 | A1 v -> ZN ^ | NAND2_X4 | 0.045 |   1.480 |    1.470 | 
     | 0                                                  |              |          |       |         |          | 
     | datapath/ALU_ALU_GEN[1].slice_i_bitAdder/FE_RC_134 | A ^ -> ZN v  | OAI21_X4 | 0.049 |   1.529 |    1.519 | 
     | _0                                                 |              |          |       |         |          | 
     | datapath/ALU_ALU_GEN[1].slice_i_bitAdder/g215__280 | A1 v -> ZN ^ | NAND2_X4 | 0.051 |   1.580 |    1.570 | 
     | 2                                                  |              |          |       |         |          | 
     | datapath/ALU_ALU_GEN[2].slice_i_bitAdder/g158__616 | A1 ^ -> ZN v | NAND2_X4 | 0.036 |   1.616 |    1.606 | 
     | 1                                                  |              |          |       |         |          | 
     | datapath/ALU_ALU_GEN[2].slice_i_bitAdder/g156__748 | A1 v -> ZN ^ | NAND2_X4 | 0.048 |   1.664 |    1.654 | 
     | 2                                                  |              |          |       |         |          | 
     | datapath/ALU_ALU_GEN[3].slice_i_bitAdder/g155__239 | A1 ^ -> ZN v | NAND2_X4 | 0.038 |   1.702 |    1.692 | 
     | 8                                                  |              |          |       |         |          | 
     | datapath/ALU_ALU_GEN[3].slice_i_bitAdder/g153__641 | A1 v -> ZN ^ | NAND2_X4 | 0.045 |   1.747 |    1.736 | 
     | 7                                                  |              |          |       |         |          | 
     | datapath/ALU_ALU_GEN[4].slice_i_bitAdder/g155__280 | A1 ^ -> ZN v | NAND2_X4 | 0.036 |   1.783 |    1.772 | 
     | 2                                                  |              |          |       |         |          | 
     | datapath/ALU_ALU_GEN[4].slice_i_bitAdder/g153__368 | A1 v -> ZN ^ | NAND2_X4 | 0.044 |   1.827 |    1.817 | 
     | 0                                                  |              |          |       |         |          | 
     | datapath/ALU_ALU_GEN[5].slice_i_bitAdder/g155__473 | A1 ^ -> ZN v | NAND2_X4 | 0.036 |   1.863 |    1.853 | 
     | 3                                                  |              |          |       |         |          | 
     | datapath/ALU_ALU_GEN[5].slice_i_bitAdder/g153__511 | A1 v -> ZN ^ | NAND2_X4 | 0.044 |   1.907 |    1.897 | 
     | 5                                                  |              |          |       |         |          | 
     | datapath/ALU_ALU_GEN[6].slice_i_bitAdder/g155__547 | A1 ^ -> ZN v | NAND2_X4 | 0.035 |   1.942 |    1.932 | 
     | 7                                                  |              |          |       |         |          | 
     | datapath/ALU_ALU_GEN[6].slice_i_bitAdder/g153__741 | A1 v -> ZN ^ | NAND2_X4 | 0.044 |   1.986 |    1.976 | 
     | 0                                                  |              |          |       |         |          | 
     | datapath/ALU_ALU_GEN[7].slice_i_bitAdder/g155__161 | A1 ^ -> ZN v | NAND2_X4 | 0.038 |   2.024 |    2.014 | 
     | 7                                                  |              |          |       |         |          | 
     | datapath/ALU_ALU_GEN[7].slice_i_bitAdder/g153__678 | A1 v -> ZN ^ | NAND2_X4 | 0.045 |   2.069 |    2.059 | 
     | 3                                                  |              |          |       |         |          | 
     | datapath/ALU_ALU_GEN[8].slice_i_bitAdder/g155__511 | A1 ^ -> ZN v | NAND2_X4 | 0.035 |   2.104 |    2.094 | 
     | 5                                                  |              |          |       |         |          | 
     | datapath/ALU_ALU_GEN[8].slice_i_bitAdder/g153__613 | A1 v -> ZN ^ | NAND2_X4 | 0.048 |   2.152 |    2.142 | 
     | 1                                                  |              |          |       |         |          | 
     | datapath/ALU_ALU_GEN[9].slice_i_bitAdder/g137__166 | A1 ^ -> ZN v | NAND2_X4 | 0.038 |   2.190 |    2.180 | 
     | 6                                                  |              |          |       |         |          | 
     | datapath/ALU_ALU_GEN[9].slice_i_bitAdder/g135__288 | A1 v -> ZN ^ | NAND2_X4 | 0.045 |   2.235 |    2.224 | 
     | 3                                                  |              |          |       |         |          | 
     | datapath/ALU_ALU_GEN[10].slice_i_bitAdder/g146__84 | A1 ^ -> ZN v | NAND2_X4 | 0.036 |   2.270 |    2.260 | 
     | 28                                                 |              |          |       |         |          | 
     | datapath/ALU_ALU_GEN[10].slice_i_bitAdder/g144__62 | A1 v -> ZN ^ | NAND2_X4 | 0.044 |   2.315 |    2.305 | 
     | 60                                                 |              |          |       |         |          | 
     | datapath/ALU_ALU_GEN[11].slice_i_bitAdder/g155__82 | A1 ^ -> ZN v | NAND2_X4 | 0.036 |   2.351 |    2.341 | 
     | 46                                                 |              |          |       |         |          | 
     | datapath/ALU_ALU_GEN[11].slice_i_bitAdder/g153__17 | A1 v -> ZN ^ | NAND2_X4 | 0.047 |   2.398 |    2.387 | 
     | 05                                                 |              |          |       |         |          | 
     | datapath/ALU_ALU_GEN[12].slice_i_bitAdder/g155__93 | A1 ^ -> ZN v | NAND2_X4 | 0.036 |   2.434 |    2.423 | 
     | 15                                                 |              |          |       |         |          | 
     | datapath/ALU_ALU_GEN[12].slice_i_bitAdder/g153__47 | A1 v -> ZN ^ | NAND2_X4 | 0.044 |   2.478 |    2.468 | 
     | 33                                                 |              |          |       |         |          | 
     | datapath/ALU_ALU_GEN[13].slice_i_bitAdder/g155__23 | A1 ^ -> ZN v | NAND2_X4 | 0.035 |   2.513 |    2.503 | 
     | 98                                                 |              |          |       |         |          | 
     | datapath/ALU_ALU_GEN[13].slice_i_bitAdder/g153__64 | A1 v -> ZN ^ | NAND2_X4 | 0.045 |   2.558 |    2.548 | 
     | 17                                                 |              |          |       |         |          | 
     | datapath/ALU_ALU_GEN[14].slice_i_bitAdder/g155__16 | A1 ^ -> ZN v | NAND2_X4 | 0.035 |   2.594 |    2.583 | 
     | 17                                                 |              |          |       |         |          | 
     | datapath/ALU_ALU_GEN[14].slice_i_bitAdder/g153__67 | A1 v -> ZN ^ | NAND2_X4 | 0.044 |   2.638 |    2.628 | 
     | 83                                                 |              |          |       |         |          | 
     | datapath/ALU_ALU_GEN[15].slice_i_bitAdder/g155__51 | A1 ^ -> ZN v | NAND2_X4 | 0.036 |   2.674 |    2.663 | 
     | 15                                                 |              |          |       |         |          | 
     | datapath/ALU_ALU_GEN[15].slice_i_bitAdder/g153__61 | A1 v -> ZN ^ | NAND2_X4 | 0.045 |   2.719 |    2.709 | 
     | 31                                                 |              |          |       |         |          | 
     | datapath/ALU_ALU_GEN[16].slice_i_bitAdder/g158__16 | A1 ^ -> ZN v | NAND2_X4 | 0.036 |   2.755 |    2.745 | 
     | 66                                                 |              |          |       |         |          | 
     | datapath/ALU_ALU_GEN[16].slice_i_bitAdder/g156__28 | A1 v -> ZN ^ | NAND2_X4 | 0.045 |   2.800 |    2.790 | 
     | 83                                                 |              |          |       |         |          | 
     | datapath/ALU_ALU_GEN[17].slice_i_bitAdder/g155__84 | A1 ^ -> ZN v | NAND2_X4 | 0.035 |   2.835 |    2.825 | 
     | 28                                                 |              |          |       |         |          | 
     | datapath/ALU_ALU_GEN[17].slice_i_bitAdder/g153__62 | A1 v -> ZN ^ | NAND2_X4 | 0.046 |   2.880 |    2.870 | 
     | 60                                                 |              |          |       |         |          | 
     | datapath/ALU_ALU_GEN[18].slice_i_bitAdder/g158__82 | A1 ^ -> ZN v | NAND2_X4 | 0.036 |   2.916 |    2.906 | 
     | 46                                                 |              |          |       |         |          | 
     | datapath/ALU_ALU_GEN[18].slice_i_bitAdder/g156__17 | A1 v -> ZN ^ | NAND2_X4 | 0.044 |   2.961 |    2.950 | 
     | 05                                                 |              |          |       |         |          | 
     | datapath/ALU_ALU_GEN[19].slice_i_bitAdder/g158__93 | A1 ^ -> ZN v | NAND2_X4 | 0.036 |   2.996 |    2.986 | 
     | 15                                                 |              |          |       |         |          | 
     | datapath/ALU_ALU_GEN[19].slice_i_bitAdder/g156__47 | A1 v -> ZN ^ | NAND2_X4 | 0.049 |   3.045 |    3.035 | 
     | 33                                                 |              |          |       |         |          | 
     | datapath/ALU_ALU_GEN[20].slice_i_bitAdder/g158__23 | A1 ^ -> ZN v | NAND2_X4 | 0.037 |   3.083 |    3.072 | 
     | 98                                                 |              |          |       |         |          | 
     | datapath/ALU_ALU_GEN[20].slice_i_bitAdder/g156__64 | A1 v -> ZN ^ | NAND2_X4 | 0.044 |   3.127 |    3.117 | 
     | 17                                                 |              |          |       |         |          | 
     | datapath/ALU_ALU_GEN[21].slice_i_bitAdder/g158__36 | A1 ^ -> ZN v | NAND2_X4 | 0.035 |   3.162 |    3.152 | 
     | 80                                                 |              |          |       |         |          | 
     | datapath/ALU_ALU_GEN[21].slice_i_bitAdder/g156__67 | A1 v -> ZN ^ | NAND2_X4 | 0.045 |   3.207 |    3.197 | 
     | 83                                                 |              |          |       |         |          | 
     | datapath/ALU_ALU_GEN[22].slice_i_bitAdder/g158__51 | A1 ^ -> ZN v | NAND2_X4 | 0.035 |   3.242 |    3.232 | 
     | 15                                                 |              |          |       |         |          | 
     | datapath/ALU_ALU_GEN[22].slice_i_bitAdder/g156__18 | A1 v -> ZN ^ | NAND2_X4 | 0.044 |   3.287 |    3.277 | 
     | 81                                                 |              |          |       |         |          | 
     | datapath/ALU_ALU_GEN[23].slice_i_bitAdder/g158__74 | A1 ^ -> ZN v | NAND2_X4 | 0.035 |   3.322 |    3.312 | 
     | 10                                                 |              |          |       |         |          | 
     | datapath/ALU_ALU_GEN[23].slice_i_bitAdder/g156__16 | A1 v -> ZN ^ | NAND2_X4 | 0.044 |   3.366 |    3.356 | 
     | 66                                                 |              |          |       |         |          | 
     | datapath/ALU_ALU_GEN[24].slice_i_bitAdder/g158__67 | A1 ^ -> ZN v | NAND2_X4 | 0.035 |   3.402 |    3.392 | 
     | 83                                                 |              |          |       |         |          | 
     | datapath/ALU_ALU_GEN[24].slice_i_bitAdder/g156__55 | A1 v -> ZN ^ | NAND2_X4 | 0.044 |   3.446 |    3.436 | 
     | 26                                                 |              |          |       |         |          | 
     | datapath/ALU_ALU_GEN[25].slice_i_bitAdder/g158__18 | A1 ^ -> ZN v | NAND2_X4 | 0.035 |   3.482 |    3.471 | 
     | 81                                                 |              |          |       |         |          | 
     | datapath/ALU_ALU_GEN[25].slice_i_bitAdder/g156__61 | A1 v -> ZN ^ | NAND2_X4 | 0.045 |   3.526 |    3.516 | 
     | 31                                                 |              |          |       |         |          | 
     | datapath/ALU_ALU_GEN[26].slice_i_bitAdder/g158__16 | A1 ^ -> ZN v | NAND2_X4 | 0.035 |   3.562 |    3.552 | 
     | 66                                                 |              |          |       |         |          | 
     | datapath/ALU_ALU_GEN[26].slice_i_bitAdder/g156__23 | A1 v -> ZN ^ | NAND2_X4 | 0.045 |   3.607 |    3.597 | 
     | 46                                                 |              |          |       |         |          | 
     | datapath/ALU_ALU_GEN[27].slice_i_bitAdder/g158__55 | A1 ^ -> ZN v | NAND2_X4 | 0.036 |   3.643 |    3.633 | 
     | 26                                                 |              |          |       |         |          | 
     | datapath/ALU_ALU_GEN[27].slice_i_bitAdder/g156__84 | A1 v -> ZN ^ | NAND2_X4 | 0.045 |   3.688 |    3.678 | 
     | 28                                                 |              |          |       |         |          | 
     | datapath/ALU_ALU_GEN[28].slice_i_bitAdder/g158__51 | A1 ^ -> ZN v | NAND2_X4 | 0.035 |   3.723 |    3.713 | 
     | 15                                                 |              |          |       |         |          | 
     | datapath/ALU_ALU_GEN[28].slice_i_bitAdder/g156__61 | A1 v -> ZN ^ | NAND2_X4 | 0.045 |   3.768 |    3.758 | 
     | 31                                                 |              |          |       |         |          | 
     | datapath/ALU_ALU_GEN[29].slice_i_bitAdder/g158__16 | A1 ^ -> ZN v | NAND2_X4 | 0.036 |   3.804 |    3.794 | 
     | 66                                                 |              |          |       |         |          | 
     | datapath/ALU_ALU_GEN[29].slice_i_bitAdder/g156__28 | A1 v -> ZN ^ | NAND2_X4 | 0.048 |   3.852 |    3.842 | 
     | 83                                                 |              |          |       |         |          | 
     | datapath/ALU_ALU_GEN[30].slice_i_bitAdder/g158__55 | A1 ^ -> ZN v | NAND2_X4 | 0.037 |   3.890 |    3.880 | 
     | 26                                                 |              |          |       |         |          | 
     | datapath/ALU_ALU_GEN[30].slice_i_bitAdder/g156__43 | A1 v -> ZN ^ | NAND2_X4 | 0.050 |   3.940 |    3.930 | 
     | 19                                                 |              |          |       |         |          | 
     | datapath/ALU_msb_bitAdder/g119__1881               | A1 ^ -> ZN v | NAND2_X2 | 0.039 |   3.979 |    3.969 | 
     | datapath/ALU_msb_bitAdder/g117__7098               | A1 v -> ZN ^ | NAND2_X2 | 0.049 |   4.028 |    4.018 | 
     | datapath/g16080                                    | A ^ -> ZN ^  | XNOR2_X2 | 0.118 |   4.146 |    4.136 | 
     | datapath/g16078                                    | A ^ -> ZN ^  | XNOR2_X2 | 0.144 |   4.290 |    4.280 | 
     | datapath/ALU_ALU_GEN[0].slice_i_resultMux/g187__55 | A1 ^ -> ZN v | NAND2_X4 | 0.056 |   4.345 |    4.335 | 
     | 26                                                 |              |          |       |         |          | 
     | datapath/ALU_ALU_GEN[0].slice_i_resultMux/g185__43 | A1 v -> ZN ^ | NAND2_X1 | 0.052 |   4.397 |    4.387 | 
     | 19                                                 |              |          |       |         |          | 
     | datapath/EXMEM_aluResult_reg[0]                    | D ^          | DFFR_X1  | 0.000 |   4.397 |    4.387 | 
     +-----------------------------------------------------------------------------------------------------------+ 
Path 6: VIOLATED Setup Check with Pin datapath/IF_pc_reg[15]/CK 
Endpoint:   datapath/IF_pc_reg[15]/D      (v) checked with  leading edge of 
'clk'
Beginpoint: datapath/IFID_instr_reg[23]/Q (^) triggered by  leading edge of 
'clk'
Path Groups: {reg2reg}
Analysis View: RPT_SLOW
Other End Arrival Time          0.407
- Setup                         0.243
+ Phase Shift                   4.100
+ CPPR Adjustment               0.000
- Uncertainty                   0.100
= Required Time                 4.165
- Arrival Time                  4.173
= Slack Time                   -0.008
     Clock Rise Edge                 0.000
     + Clock Network Latency (Prop)  0.422
     = Beginpoint Arrival Time       0.422
     +------------------------------------------------------------------------------------------------------------+ 
     |                      Instance                      |     Arc      |   Cell    | Delay | Arrival | Required | 
     |                                                    |              |           |       |  Time   |   Time   | 
     |----------------------------------------------------+--------------+-----------+-------+---------+----------| 
     | datapath/IFID_instr_reg[23]                        | CK ^         |           |       |   0.422 |    0.414 | 
     | datapath/IFID_instr_reg[23]                        | CK ^ -> Q ^  | DFFR_X1   | 0.465 |   0.887 |    0.878 | 
     | datapath/FE_OFC31_IFID_rs2_3                       | A ^ -> Z ^   | BUF_X2    | 0.170 |   1.056 |    1.048 | 
     | branch_forward/g1283__5115                         | A ^ -> ZN ^  | XNOR2_X1  | 0.137 |   1.194 |    1.185 | 
     | branch_forward/g1267__2398                         | A3 ^ -> ZN ^ | AND4_X1   | 0.191 |   1.384 |    1.376 | 
     | branch_forward/g1260__2346                         | A2 ^ -> ZN v | NAND3_X1  | 0.070 |   1.454 |    1.446 | 
     | branch_forward/g1255__4733                         | A2 v -> ZN ^ | NOR2_X1   | 0.198 |   1.652 |    1.644 | 
     | datapath/g26699                                    | A1 ^ -> ZN v | NOR2_X1   | 0.044 |   1.696 |    1.688 | 
     | datapath/g26648                                    | A1 v -> ZN v | OR2_X2    | 0.235 |   1.931 |    1.923 | 
     | datapath/FE_OFC639_n_780                           | A v -> ZN ^  | INV_X2    | 0.200 |   2.131 |    2.122 | 
     | datapath/g26394                                    | B1 ^ -> ZN v | AOI222_X1 | 0.095 |   2.225 |    2.217 | 
     | datapath/FE_OFC180_LT_TC_OP_n_28                   | A v -> Z v   | BUF_X1    | 0.133 |   2.358 |    2.350 | 
     | datapath/LT_TC_OP_g1757                            | C2 v -> ZN ^ | AOI222_X1 | 0.394 |   2.753 |    2.745 | 
     | datapath/LT_TC_OP_g1750                            | B1 ^ -> ZN v | OAI221_X1 | 0.145 |   2.897 |    2.889 | 
     | datapath/LT_TC_OP_g1747                            | C1 v -> ZN ^ | AOI221_X1 | 0.251 |   3.149 |    3.140 | 
     | datapath/FE_RC_282_0                               | C1 ^ -> ZN v | OAI221_X1 | 0.119 |   3.267 |    3.259 | 
     | datapath/LT_TC_OP_g1745                            | C1 v -> ZN ^ | AOI221_X1 | 0.181 |   3.448 |    3.440 | 
     | datapath/FE_OFC613_IFID_lessThan                   | A ^ -> Z ^   | BUF_X1    | 0.154 |   3.602 |    3.594 | 
     | datapath/g16081                                    | A1 ^ -> ZN ^ | AND2_X1   | 0.116 |   3.718 |    3.709 | 
     | datapath/g16079                                    | A1 ^ -> ZN ^ | OR2_X2    | 0.083 |   3.800 |    3.792 | 
     | datapath/branch_or_inc_4/FE_OFC609_IFID_takeBranch | A ^ -> Z ^   | BUF_X2    | 0.143 |   3.943 |    3.935 | 
     | datapath/branch_or_inc_4/g823__1617                | S ^ -> Z v   | MUX2_X1   | 0.230 |   4.173 |    4.165 | 
     | datapath/IF_pc_reg[15]                             | D v          | SDFFR_X1  | 0.000 |   4.173 |    4.165 | 
     +------------------------------------------------------------------------------------------------------------+ 
Path 7: VIOLATED Setup Check with Pin datapath/IF_pc_reg[16]/CK 
Endpoint:   datapath/IF_pc_reg[16]/D      (v) checked with  leading edge of 
'clk'
Beginpoint: datapath/IFID_instr_reg[23]/Q (^) triggered by  leading edge of 
'clk'
Path Groups: {reg2reg}
Analysis View: RPT_SLOW
Other End Arrival Time          0.407
- Setup                         0.243
+ Phase Shift                   4.100
+ CPPR Adjustment               0.000
- Uncertainty                   0.100
= Required Time                 4.165
- Arrival Time                  4.173
= Slack Time                   -0.008
     Clock Rise Edge                 0.000
     + Clock Network Latency (Prop)  0.422
     = Beginpoint Arrival Time       0.422
     +------------------------------------------------------------------------------------------------------------+ 
     |                      Instance                      |     Arc      |   Cell    | Delay | Arrival | Required | 
     |                                                    |              |           |       |  Time   |   Time   | 
     |----------------------------------------------------+--------------+-----------+-------+---------+----------| 
     | datapath/IFID_instr_reg[23]                        | CK ^         |           |       |   0.422 |    0.414 | 
     | datapath/IFID_instr_reg[23]                        | CK ^ -> Q ^  | DFFR_X1   | 0.465 |   0.887 |    0.879 | 
     | datapath/FE_OFC31_IFID_rs2_3                       | A ^ -> Z ^   | BUF_X2    | 0.170 |   1.056 |    1.049 | 
     | branch_forward/g1283__5115                         | A ^ -> ZN ^  | XNOR2_X1  | 0.137 |   1.194 |    1.186 | 
     | branch_forward/g1267__2398                         | A3 ^ -> ZN ^ | AND4_X1   | 0.191 |   1.384 |    1.376 | 
     | branch_forward/g1260__2346                         | A2 ^ -> ZN v | NAND3_X1  | 0.070 |   1.454 |    1.446 | 
     | branch_forward/g1255__4733                         | A2 v -> ZN ^ | NOR2_X1   | 0.198 |   1.652 |    1.644 | 
     | datapath/g26699                                    | A1 ^ -> ZN v | NOR2_X1   | 0.044 |   1.696 |    1.688 | 
     | datapath/g26648                                    | A1 v -> ZN v | OR2_X2    | 0.235 |   1.931 |    1.923 | 
     | datapath/FE_OFC639_n_780                           | A v -> ZN ^  | INV_X2    | 0.200 |   2.131 |    2.123 | 
     | datapath/g26394                                    | B1 ^ -> ZN v | AOI222_X1 | 0.095 |   2.225 |    2.218 | 
     | datapath/FE_OFC180_LT_TC_OP_n_28                   | A v -> Z v   | BUF_X1    | 0.133 |   2.358 |    2.351 | 
     | datapath/LT_TC_OP_g1757                            | C2 v -> ZN ^ | AOI222_X1 | 0.394 |   2.753 |    2.745 | 
     | datapath/LT_TC_OP_g1750                            | B1 ^ -> ZN v | OAI221_X1 | 0.145 |   2.897 |    2.890 | 
     | datapath/LT_TC_OP_g1747                            | C1 v -> ZN ^ | AOI221_X1 | 0.251 |   3.149 |    3.141 | 
     | datapath/FE_RC_282_0                               | C1 ^ -> ZN v | OAI221_X1 | 0.119 |   3.267 |    3.259 | 
     | datapath/LT_TC_OP_g1745                            | C1 v -> ZN ^ | AOI221_X1 | 0.181 |   3.448 |    3.440 | 
     | datapath/FE_OFC613_IFID_lessThan                   | A ^ -> Z ^   | BUF_X1    | 0.154 |   3.602 |    3.594 | 
     | datapath/g16081                                    | A1 ^ -> ZN ^ | AND2_X1   | 0.116 |   3.718 |    3.710 | 
     | datapath/g16079                                    | A1 ^ -> ZN ^ | OR2_X2    | 0.083 |   3.800 |    3.793 | 
     | datapath/branch_or_inc_4/FE_OFC609_IFID_takeBranch | A ^ -> Z ^   | BUF_X2    | 0.143 |   3.943 |    3.935 | 
     | datapath/branch_or_inc_4/g819__8428                | S ^ -> Z v   | MUX2_X1   | 0.229 |   4.173 |    4.165 | 
     | datapath/IF_pc_reg[16]                             | D v          | SDFFR_X1  | 0.000 |   4.173 |    4.165 | 
     +------------------------------------------------------------------------------------------------------------+ 
Path 8: VIOLATED Setup Check with Pin datapath/IF_pc_reg[20]/CK 
Endpoint:   datapath/IF_pc_reg[20]/D      (v) checked with  leading edge of 
'clk'
Beginpoint: datapath/IFID_instr_reg[23]/Q (^) triggered by  leading edge of 
'clk'
Path Groups: {reg2reg}
Analysis View: RPT_SLOW
Other End Arrival Time          0.409
- Setup                         0.243
+ Phase Shift                   4.100
+ CPPR Adjustment               0.000
- Uncertainty                   0.100
= Required Time                 4.166
- Arrival Time                  4.173
= Slack Time                   -0.006
     Clock Rise Edge                 0.000
     + Clock Network Latency (Prop)  0.422
     = Beginpoint Arrival Time       0.422
     +------------------------------------------------------------------------------------------------------------+ 
     |                      Instance                      |     Arc      |   Cell    | Delay | Arrival | Required | 
     |                                                    |              |           |       |  Time   |   Time   | 
     |----------------------------------------------------+--------------+-----------+-------+---------+----------| 
     | datapath/IFID_instr_reg[23]                        | CK ^         |           |       |   0.422 |    0.416 | 
     | datapath/IFID_instr_reg[23]                        | CK ^ -> Q ^  | DFFR_X1   | 0.465 |   0.887 |    0.880 | 
     | datapath/FE_OFC31_IFID_rs2_3                       | A ^ -> Z ^   | BUF_X2    | 0.170 |   1.056 |    1.050 | 
     | branch_forward/g1283__5115                         | A ^ -> ZN ^  | XNOR2_X1  | 0.137 |   1.194 |    1.187 | 
     | branch_forward/g1267__2398                         | A3 ^ -> ZN ^ | AND4_X1   | 0.191 |   1.384 |    1.378 | 
     | branch_forward/g1260__2346                         | A2 ^ -> ZN v | NAND3_X1  | 0.070 |   1.454 |    1.448 | 
     | branch_forward/g1255__4733                         | A2 v -> ZN ^ | NOR2_X1   | 0.198 |   1.652 |    1.646 | 
     | datapath/g26699                                    | A1 ^ -> ZN v | NOR2_X1   | 0.044 |   1.696 |    1.689 | 
     | datapath/g26648                                    | A1 v -> ZN v | OR2_X2    | 0.235 |   1.931 |    1.924 | 
     | datapath/FE_OFC639_n_780                           | A v -> ZN ^  | INV_X2    | 0.200 |   2.131 |    2.124 | 
     | datapath/g26394                                    | B1 ^ -> ZN v | AOI222_X1 | 0.095 |   2.225 |    2.219 | 
     | datapath/FE_OFC180_LT_TC_OP_n_28                   | A v -> Z v   | BUF_X1    | 0.133 |   2.358 |    2.352 | 
     | datapath/LT_TC_OP_g1757                            | C2 v -> ZN ^ | AOI222_X1 | 0.394 |   2.753 |    2.746 | 
     | datapath/LT_TC_OP_g1750                            | B1 ^ -> ZN v | OAI221_X1 | 0.145 |   2.897 |    2.891 | 
     | datapath/LT_TC_OP_g1747                            | C1 v -> ZN ^ | AOI221_X1 | 0.251 |   3.149 |    3.142 | 
     | datapath/FE_RC_282_0                               | C1 ^ -> ZN v | OAI221_X1 | 0.119 |   3.267 |    3.261 | 
     | datapath/LT_TC_OP_g1745                            | C1 v -> ZN ^ | AOI221_X1 | 0.181 |   3.448 |    3.441 | 
     | datapath/FE_OFC613_IFID_lessThan                   | A ^ -> Z ^   | BUF_X1    | 0.154 |   3.602 |    3.596 | 
     | datapath/g16081                                    | A1 ^ -> ZN ^ | AND2_X1   | 0.116 |   3.718 |    3.711 | 
     | datapath/g16079                                    | A1 ^ -> ZN ^ | OR2_X2    | 0.083 |   3.800 |    3.794 | 
     | datapath/branch_or_inc_4/FE_OFC609_IFID_takeBranch | A ^ -> Z ^   | BUF_X2    | 0.143 |   3.943 |    3.937 | 
     | datapath/branch_or_inc_4/g834__6161                | S ^ -> Z v   | MUX2_X1   | 0.229 |   4.173 |    4.166 | 
     | datapath/IF_pc_reg[20]                             | D v          | SDFFR_X1  | 0.000 |   4.173 |    4.166 | 
     +------------------------------------------------------------------------------------------------------------+ 
Path 9: VIOLATED Setup Check with Pin datapath/IF_pc_reg[27]/CK 
Endpoint:   datapath/IF_pc_reg[27]/D      (^) checked with  leading edge of 
'clk'
Beginpoint: datapath/IFID_instr_reg[16]/Q (^) triggered by  leading edge of 
'clk'
Path Groups: {reg2reg}
Analysis View: RPT_SLOW
Other End Arrival Time          0.496
- Setup                         0.212
+ Phase Shift                   4.100
+ CPPR Adjustment               0.000
- Uncertainty                   0.100
= Required Time                 4.283
- Arrival Time                  4.287
= Slack Time                   -0.004
     Clock Rise Edge                 0.000
     + Clock Network Latency (Prop)  0.424
     = Beginpoint Arrival Time       0.424
     +------------------------------------------------------------------------------------------------------------+ 
     |                      Instance                      |     Arc      |   Cell    | Delay | Arrival | Required | 
     |                                                    |              |           |       |  Time   |   Time   | 
     |----------------------------------------------------+--------------+-----------+-------+---------+----------| 
     | datapath/IFID_instr_reg[16]                        | CK ^         |           |       |   0.424 |    0.420 | 
     | datapath/IFID_instr_reg[16]                        | CK ^ -> Q ^  | DFFR_X1   | 0.416 |   0.840 |    0.836 | 
     | datapath/FE_OFC246_IFID_rs1_1                      | A ^ -> Z ^   | BUF_X1    | 0.262 |   1.101 |    1.098 | 
     | datapath/g26895                                    | A ^ -> Z v   | XOR2_X1   | 0.075 |   1.176 |    1.172 | 
     | datapath/g26745                                    | A3 v -> ZN ^ | NOR3_X1   | 0.191 |   1.367 |    1.363 | 
     | datapath/g26732                                    | A1 ^ -> ZN ^ | AND4_X1   | 0.214 |   1.581 |    1.577 | 
     | datapath/g26729                                    | A ^ -> ZN v  | INV_X1    | 0.025 |   1.606 |    1.602 | 
     | datapath/g26725                                    | A1 v -> ZN v | OR2_X1    | 0.176 |   1.782 |    1.778 | 
     | datapath/g26715                                    | B2 v -> ZN ^ | AOI21_X1  | 0.120 |   1.902 |    1.898 | 
     | datapath/FE_OFC61_n_702                            | A ^ -> Z ^   | CLKBUF_X3 | 0.198 |   2.100 |    2.097 | 
     | datapath/g26701                                    | A ^ -> ZN v  | INV_X2    | 0.110 |   2.210 |    2.207 | 
     | datapath/g26489                                    | B1 v -> ZN ^ | OAI221_X1 | 0.255 |   2.466 |    2.462 | 
     | datapath/LT_TC_OP_g1833                            | A ^ -> ZN v  | INV_X1    | 0.052 |   2.517 |    2.513 | 
     | datapath/LT_TC_OP_g1804                            | A1 v -> ZN v | AND2_X1   | 0.115 |   2.632 |    2.629 | 
     | datapath/LT_TC_OP_g1781                            | A v -> ZN ^  | AOI21_X1  | 0.181 |   2.814 |    2.810 | 
     | datapath/LT_TC_OP_g1776                            | A ^ -> ZN v  | INV_X1    | 0.038 |   2.852 |    2.848 | 
     | datapath/LT_TC_OP_g1765                            | B v -> ZN ^  | AOI211_X1 | 0.258 |   3.110 |    3.106 | 
     | datapath/LT_TC_OP_g1747                            | C2 ^ -> ZN v | AOI221_X1 | 0.097 |   3.207 |    3.203 | 
     | datapath/FE_RC_282_0                               | C1 v -> ZN ^ | OAI221_X1 | 0.129 |   3.336 |    3.332 | 
     | datapath/LT_TC_OP_g1745                            | C1 ^ -> ZN v | AOI221_X1 | 0.066 |   3.401 |    3.398 | 
     | datapath/FE_OFC613_IFID_lessThan                   | A v -> Z v   | BUF_X1    | 0.128 |   3.530 |    3.526 | 
     | datapath/g16081                                    | A1 v -> ZN v | AND2_X1   | 0.101 |   3.631 |    3.627 | 
     | datapath/g16079                                    | A1 v -> ZN v | OR2_X2    | 0.164 |   3.795 |    3.791 | 
     | datapath/branch_or_inc_4/FE_OFC610_IFID_takeBranch | A v -> Z v   | CLKBUF_X3 | 0.182 |   3.977 |    3.973 | 
     | datapath/branch_or_inc_4/FE_OFC612_IFID_takeBranch | A v -> ZN ^  | INV_X1    | 0.185 |   4.162 |    4.158 | 
     | datapath/branch_or_inc_4/g843__2398                | A2 ^ -> ZN v | NAND2_X1  | 0.066 |   4.228 |    4.225 | 
     | datapath/branch_or_inc_4/g821__6783                | A2 v -> ZN ^ | NAND2_X1  | 0.059 |   4.287 |    4.283 | 
     | datapath/IF_pc_reg[27]                             | D ^          | SDFFR_X1  | 0.000 |   4.287 |    4.283 | 
     +------------------------------------------------------------------------------------------------------------+ 
Path 10: MET Setup Check with Pin datapath/IF_pc_reg[22]/CK 
Endpoint:   datapath/IF_pc_reg[22]/D      (v) checked with  leading edge of 
'clk'
Beginpoint: datapath/IFID_instr_reg[23]/Q (^) triggered by  leading edge of 
'clk'
Path Groups: {reg2reg}
Analysis View: RPT_SLOW
Other End Arrival Time          0.487
- Setup                         0.244
+ Phase Shift                   4.100
+ CPPR Adjustment               0.000
- Uncertainty                   0.100
= Required Time                 4.243
- Arrival Time                  4.243
= Slack Time                    0.000
     Clock Rise Edge                 0.000
     + Clock Network Latency (Prop)  0.422
     = Beginpoint Arrival Time       0.422
     +------------------------------------------------------------------------------------------------------------+ 
     |                      Instance                      |     Arc      |   Cell    | Delay | Arrival | Required | 
     |                                                    |              |           |       |  Time   |   Time   | 
     |----------------------------------------------------+--------------+-----------+-------+---------+----------| 
     | datapath/IFID_instr_reg[23]                        | CK ^         |           |       |   0.422 |    0.422 | 
     | datapath/IFID_instr_reg[23]                        | CK ^ -> Q ^  | DFFR_X1   | 0.465 |   0.887 |    0.887 | 
     | datapath/FE_OFC31_IFID_rs2_3                       | A ^ -> Z ^   | BUF_X2    | 0.170 |   1.056 |    1.056 | 
     | branch_forward/g1283__5115                         | A ^ -> ZN ^  | XNOR2_X1  | 0.137 |   1.194 |    1.194 | 
     | branch_forward/g1267__2398                         | A3 ^ -> ZN ^ | AND4_X1   | 0.191 |   1.384 |    1.384 | 
     | branch_forward/g1260__2346                         | A2 ^ -> ZN v | NAND3_X1  | 0.070 |   1.454 |    1.454 | 
     | branch_forward/g1255__4733                         | A2 v -> ZN ^ | NOR2_X1   | 0.198 |   1.652 |    1.652 | 
     | datapath/g26699                                    | A1 ^ -> ZN v | NOR2_X1   | 0.044 |   1.696 |    1.696 | 
     | datapath/g26648                                    | A1 v -> ZN v | OR2_X2    | 0.235 |   1.931 |    1.931 | 
     | datapath/FE_OFC639_n_780                           | A v -> ZN ^  | INV_X2    | 0.200 |   2.131 |    2.131 | 
     | datapath/g26394                                    | B1 ^ -> ZN v | AOI222_X1 | 0.095 |   2.225 |    2.225 | 
     | datapath/FE_OFC180_LT_TC_OP_n_28                   | A v -> Z v   | BUF_X1    | 0.133 |   2.358 |    2.358 | 
     | datapath/LT_TC_OP_g1757                            | C2 v -> ZN ^ | AOI222_X1 | 0.394 |   2.753 |    2.753 | 
     | datapath/LT_TC_OP_g1750                            | B1 ^ -> ZN v | OAI221_X1 | 0.145 |   2.897 |    2.897 | 
     | datapath/LT_TC_OP_g1747                            | C1 v -> ZN ^ | AOI221_X1 | 0.251 |   3.149 |    3.149 | 
     | datapath/FE_RC_282_0                               | C1 ^ -> ZN v | OAI221_X1 | 0.119 |   3.267 |    3.267 | 
     | datapath/LT_TC_OP_g1745                            | C1 v -> ZN ^ | AOI221_X1 | 0.181 |   3.448 |    3.448 | 
     | datapath/FE_OFC613_IFID_lessThan                   | A ^ -> Z ^   | BUF_X1    | 0.154 |   3.602 |    3.602 | 
     | datapath/g16081                                    | A1 ^ -> ZN ^ | AND2_X1   | 0.116 |   3.718 |    3.718 | 
     | datapath/g16079                                    | A1 ^ -> ZN ^ | OR2_X2    | 0.083 |   3.800 |    3.800 | 
     | datapath/branch_or_inc_4/FE_OFC610_IFID_takeBranch | A ^ -> Z ^   | CLKBUF_X3 | 0.201 |   4.002 |    4.002 | 
     | datapath/branch_or_inc_4/g825__1705                | S ^ -> Z v   | MUX2_X1   | 0.241 |   4.243 |    4.243 | 
     | datapath/IF_pc_reg[22]                             | D v          | SDFFR_X1  | 0.000 |   4.243 |    4.243 | 
     +------------------------------------------------------------------------------------------------------------+ 
Path 11: MET Setup Check with Pin datapath/IF_pc_reg[30]/CK 
Endpoint:   datapath/IF_pc_reg[30]/D      (^) checked with  leading edge of 
'clk'
Beginpoint: datapath/IFID_instr_reg[6]/QN (v) triggered by  leading edge of 
'clk'
Path Groups: {reg2reg}
Analysis View: RPT_SLOW
Other End Arrival Time          0.496
- Setup                         0.084
+ Phase Shift                   4.100
+ CPPR Adjustment               0.000
- Uncertainty                   0.100
= Required Time                 4.412
- Arrival Time                  4.410
= Slack Time                    0.001
     Clock Rise Edge                 0.000
     + Clock Network Latency (Prop)  0.407
     = Beginpoint Arrival Time       0.407
     +---------------------------------------------------------------------------------------------------------+ 
     |                     Instance                     |     Arc      |   Cell   | Delay | Arrival | Required | 
     |                                                  |              |          |       |  Time   |   Time   | 
     |--------------------------------------------------+--------------+----------+-------+---------+----------| 
     | datapath/IFID_instr_reg[6]                       | CK ^         |          |       |   0.407 |    0.408 | 
     | datapath/IFID_instr_reg[6]                       | CK ^ -> QN v | DFFR_X1  | 0.256 |   0.663 |    0.664 | 
     | datapath/FE_OFC682_n_491                         | A v -> ZN ^  | INV_X1   | 0.164 |   0.827 |    0.828 | 
     | datapath/immediate_generation/g3584__6260        | A2 ^ -> ZN ^ | AND2_X1  | 0.150 |   0.976 |    0.978 | 
     | datapath/immediate_generation/g3567__2883        | A2 ^ -> ZN v | NAND2_X1 | 0.068 |   1.044 |    1.046 | 
     | datapath/immediate_generation/g3550__1705        | A1 v -> ZN ^ | NAND2_X2 | 0.062 |   1.106 |    1.108 | 
     | datapath/immediate_generation/g3542__4319        | A1 ^ -> ZN ^ | AND2_X1  | 0.119 |   1.225 |    1.226 | 
     | datapath/immediate_generation/g3535__7410        | A1 ^ -> ZN v | NAND2_X1 | 0.044 |   1.269 |    1.270 | 
     | datapath/immediate_generation/g3529__9315        | A1 v -> ZN ^ | NAND2_X1 | 0.104 |   1.373 |    1.374 | 
     | datapath/pc_plus_imm/FA_GEN[3].fa_i/g160         | A ^ -> ZN v  | INV_X1   | 0.034 |   1.407 |    1.409 | 
     | datapath/pc_plus_imm/FA_GEN[3].fa_i/g157__6161   | A1 v -> ZN ^ | NAND2_X1 | 0.063 |   1.470 |    1.472 | 
     | datapath/pc_plus_imm/FA_GEN[3].fa_i/g155__7482   | A2 ^ -> ZN v | NAND2_X2 | 0.053 |   1.523 |    1.524 | 
     | datapath/pc_plus_imm/FA_GEN[3].fa_i/g153__1881   | A1 v -> ZN ^ | NAND2_X4 | 0.042 |   1.565 |    1.567 | 
     | datapath/pc_plus_imm/FA_GEN[4].fa_i/g155__2346   | A1 ^ -> ZN v | NAND2_X1 | 0.042 |   1.608 |    1.609 | 
     | datapath/pc_plus_imm/FA_GEN[4].fa_i/g153__9945   | A1 v -> ZN ^ | NAND2_X2 | 0.069 |   1.676 |    1.677 | 
     | datapath/pc_plus_imm/FA_GEN[5].fa_i/g155__5107   | A1 ^ -> ZN v | NAND2_X2 | 0.045 |   1.721 |    1.722 | 
     | datapath/pc_plus_imm/FA_GEN[5].fa_i/g153__5477   | A1 v -> ZN ^ | NAND2_X2 | 0.056 |   1.777 |    1.779 | 
     | datapath/pc_plus_imm/FA_GEN[6].fa_i/g155__3680   | A1 ^ -> ZN v | NAND2_X2 | 0.048 |   1.825 |    1.827 | 
     | datapath/pc_plus_imm/FA_GEN[6].fa_i/g153__5526   | A1 v -> ZN ^ | NAND2_X4 | 0.046 |   1.871 |    1.872 | 
     | datapath/pc_plus_imm/FA_GEN[7].fa_i/g155__7098   | A1 ^ -> ZN v | NAND2_X2 | 0.038 |   1.909 |    1.910 | 
     | datapath/pc_plus_imm/FA_GEN[7].fa_i/g153__5122   | A1 v -> ZN ^ | NAND2_X2 | 0.056 |   1.965 |    1.966 | 
     | datapath/pc_plus_imm/FA_GEN[8].fa_i/g155__4733   | A1 ^ -> ZN v | NAND2_X2 | 0.041 |   2.006 |    2.007 | 
     | datapath/pc_plus_imm/FA_GEN[8].fa_i/g153__5115   | A1 v -> ZN ^ | NAND2_X2 | 0.053 |   2.059 |    2.060 | 
     | datapath/pc_plus_imm/FA_GEN[9].fa_i/g155__2346   | A1 ^ -> ZN v | NAND2_X1 | 0.048 |   2.107 |    2.108 | 
     | datapath/pc_plus_imm/FA_GEN[9].fa_i/g153__9945   | A1 v -> ZN ^ | NAND2_X2 | 0.054 |   2.161 |    2.163 | 
     | datapath/pc_plus_imm/FA_GEN[10].fa_i/g137__2398  | A1 ^ -> ZN v | NAND2_X1 | 0.047 |   2.208 |    2.210 | 
     | datapath/pc_plus_imm/FA_GEN[10].fa_i/g135__6417  | A1 v -> ZN ^ | NAND2_X2 | 0.059 |   2.268 |    2.269 | 
     | datapath/pc_plus_imm/FA_GEN[11].fa_i/FE_RC_284_0 | A1 ^ -> ZN v | NAND2_X2 | 0.042 |   2.310 |    2.312 | 
     | datapath/pc_plus_imm/FA_GEN[11].fa_i/g153__4319  | A1 v -> ZN ^ | NAND2_X2 | 0.055 |   2.366 |    2.367 | 
     | datapath/pc_plus_imm/FA_GEN[12].fa_i/g155__2802  | A1 ^ -> ZN v | NAND2_X2 | 0.040 |   2.406 |    2.408 | 
     | datapath/pc_plus_imm/FA_GEN[12].fa_i/g153__3680  | A1 v -> ZN ^ | NAND2_X2 | 0.056 |   2.462 |    2.464 | 
     | datapath/pc_plus_imm/FA_GEN[13].fa_i/g155__6131  | A1 ^ -> ZN v | NAND2_X2 | 0.049 |   2.511 |    2.513 | 
     | datapath/pc_plus_imm/FA_GEN[13].fa_i/g153__8246  | A1 v -> ZN ^ | NAND2_X4 | 0.045 |   2.556 |    2.558 | 
     | datapath/pc_plus_imm/FA_GEN[14].fa_i/g155__6161  | A1 ^ -> ZN v | NAND2_X2 | 0.043 |   2.599 |    2.600 | 
     | datapath/pc_plus_imm/FA_GEN[14].fa_i/g153__7482  | A1 v -> ZN ^ | NAND2_X4 | 0.050 |   2.649 |    2.650 | 
     | datapath/pc_plus_imm/FA_GEN[15].fa_i/g155__1666  | A1 ^ -> ZN v | NAND2_X4 | 0.037 |   2.685 |    2.687 | 
     | datapath/pc_plus_imm/FA_GEN[15].fa_i/g153__2883  | A1 v -> ZN ^ | NAND2_X4 | 0.048 |   2.733 |    2.735 | 
     | datapath/pc_plus_imm/FA_GEN[16].fa_i/g155__5107  | A1 ^ -> ZN v | NAND2_X4 | 0.037 |   2.770 |    2.771 | 
     | datapath/pc_plus_imm/FA_GEN[16].fa_i/g153__5477  | A1 v -> ZN ^ | NAND2_X4 | 0.047 |   2.817 |    2.819 | 
     | datapath/pc_plus_imm/FA_GEN[17].fa_i/g155__6783  | A1 ^ -> ZN v | NAND2_X4 | 0.036 |   2.854 |    2.855 | 
     | datapath/pc_plus_imm/FA_GEN[17].fa_i/g153__8428  | A1 v -> ZN ^ | NAND2_X4 | 0.043 |   2.896 |    2.898 | 
     | datapath/pc_plus_imm/FA_GEN[18].fa_i/g155__5122  | A1 ^ -> ZN v | NAND2_X2 | 0.043 |   2.939 |    2.941 | 
     | datapath/pc_plus_imm/FA_GEN[18].fa_i/g153__2802  | A1 v -> ZN ^ | NAND2_X4 | 0.046 |   2.985 |    2.986 | 
     | datapath/pc_plus_imm/FA_GEN[19].fa_i/g155__5115  | A1 ^ -> ZN v | NAND2_X2 | 0.044 |   3.028 |    3.030 | 
     | datapath/pc_plus_imm/FA_GEN[19].fa_i/g153__6131  | A1 v -> ZN ^ | NAND2_X4 | 0.044 |   3.073 |    3.074 | 
     | datapath/pc_plus_imm/FA_GEN[20].fa_i/g155__9945  | A1 ^ -> ZN v | NAND2_X2 | 0.042 |   3.115 |    3.117 | 
     | datapath/pc_plus_imm/FA_GEN[20].fa_i/g153__6161  | A1 v -> ZN ^ | NAND2_X4 | 0.045 |   3.160 |    3.162 | 
     | datapath/pc_plus_imm/FA_GEN[21].fa_i/g155__6417  | A1 ^ -> ZN v | NAND2_X2 | 0.043 |   3.203 |    3.205 | 
     | datapath/pc_plus_imm/FA_GEN[21].fa_i/g153__1666  | A1 v -> ZN ^ | NAND2_X4 | 0.045 |   3.249 |    3.250 | 
     | datapath/pc_plus_imm/FA_GEN[22].fa_i/g155__4319  | A1 ^ -> ZN v | NAND2_X2 | 0.043 |   3.292 |    3.294 | 
     | datapath/pc_plus_imm/FA_GEN[22].fa_i/g153__5107  | A1 v -> ZN ^ | NAND2_X4 | 0.045 |   3.338 |    3.339 | 
     | datapath/pc_plus_imm/FA_GEN[23].fa_i/g155__1617  | A1 ^ -> ZN v | NAND2_X2 | 0.036 |   3.374 |    3.375 | 
     | datapath/pc_plus_imm/FA_GEN[23].fa_i/g153__6783  | A1 v -> ZN ^ | NAND2_X2 | 0.048 |   3.422 |    3.424 | 
     | datapath/pc_plus_imm/FA_GEN[24].fa_i/g149__7098  | A1 ^ -> ZN v | NAND2_X1 | 0.046 |   3.468 |    3.470 | 
     | datapath/pc_plus_imm/FA_GEN[24].fa_i/g147__5122  | A1 v -> ZN ^ | NAND2_X2 | 0.060 |   3.528 |    3.529 | 
     | datapath/pc_plus_imm/FA_GEN[25].fa_i/g119__4733  | A1 ^ -> ZN v | NAND2_X2 | 0.041 |   3.569 |    3.571 | 
     | datapath/pc_plus_imm/FA_GEN[25].fa_i/g117__5115  | A1 v -> ZN ^ | NAND2_X2 | 0.056 |   3.625 |    3.627 | 
     | datapath/pc_plus_imm/FA_GEN[26].fa_i/g120__2346  | A1 ^ -> ZN v | NAND2_X2 | 0.041 |   3.666 |    3.667 | 
     | datapath/pc_plus_imm/FA_GEN[26].fa_i/g118__9945  | A1 v -> ZN ^ | NAND2_X2 | 0.057 |   3.723 |    3.724 | 
     | datapath/pc_plus_imm/FA_GEN[27].fa_i/g79__5477   | A1 ^ -> ZN v | NAND2_X2 | 0.041 |   3.764 |    3.765 | 
     | datapath/pc_plus_imm/FA_GEN[27].fa_i/g77__6417   | A1 v -> ZN ^ | NAND2_X2 | 0.049 |   3.813 |    3.814 | 
     | datapath/pc_plus_imm/FA_GEN[28].fa_i/g79__8428   | A1 ^ -> ZN v | NAND2_X1 | 0.046 |   3.859 |    3.860 | 
     | datapath/pc_plus_imm/FA_GEN[28].fa_i/g77__4319   | A1 v -> ZN ^ | NAND2_X2 | 0.050 |   3.909 |    3.910 | 
     | datapath/pc_plus_imm/FA_GEN[29].fa_i/g79__2802   | A1 ^ -> ZN v | NAND2_X1 | 0.039 |   3.948 |    3.949 | 
     | datapath/pc_plus_imm/FA_GEN[29].fa_i/g77__1617   | A1 v -> ZN ^ | NAND2_X1 | 0.070 |   4.018 |    4.019 | 
     | datapath/pc_plus_imm/FA_GEN[30].fa_i/g2__7482    | A ^ -> Z ^   | XOR2_X1  | 0.173 |   4.191 |    4.192 | 
     | datapath/branch_or_inc_4/g846__4319              | A1 ^ -> ZN v | NAND2_X1 | 0.053 |   4.244 |    4.245 | 
     | datapath/branch_or_inc_4/g827__8246              | A1 v -> ZN ^ | NAND2_X1 | 0.052 |   4.296 |    4.297 | 
     | datapath/g35800                                  | A ^ -> ZN v  | INV_X1   | 0.024 |   4.320 |    4.322 | 
     | datapath/g35644                                  | B1 v -> ZN ^ | OAI21_X1 | 0.090 |   4.410 |    4.412 | 
     | datapath/IF_pc_reg[30]                           | D ^          | DFFR_X1  | 0.000 |   4.410 |    4.412 | 
     +---------------------------------------------------------------------------------------------------------+ 
Path 12: MET Setup Check with Pin datapath/IF_pc_reg[24]/CK 
Endpoint:   datapath/IF_pc_reg[24]/D      (v) checked with  leading edge of 
'clk'
Beginpoint: datapath/IFID_instr_reg[23]/Q (^) triggered by  leading edge of 
'clk'
Path Groups: {reg2reg}
Analysis View: RPT_SLOW
Other End Arrival Time          0.496
- Setup                         0.243
+ Phase Shift                   4.100
+ CPPR Adjustment               0.000
- Uncertainty                   0.100
= Required Time                 4.253
- Arrival Time                  4.250
= Slack Time                    0.004
     Clock Rise Edge                 0.000
     + Clock Network Latency (Prop)  0.422
     = Beginpoint Arrival Time       0.422
     +------------------------------------------------------------------------------------------------------------+ 
     |                      Instance                      |     Arc      |   Cell    | Delay | Arrival | Required | 
     |                                                    |              |           |       |  Time   |   Time   | 
     |----------------------------------------------------+--------------+-----------+-------+---------+----------| 
     | datapath/IFID_instr_reg[23]                        | CK ^         |           |       |   0.422 |    0.426 | 
     | datapath/IFID_instr_reg[23]                        | CK ^ -> Q ^  | DFFR_X1   | 0.465 |   0.887 |    0.890 | 
     | datapath/FE_OFC31_IFID_rs2_3                       | A ^ -> Z ^   | BUF_X2    | 0.170 |   1.056 |    1.060 | 
     | branch_forward/g1283__5115                         | A ^ -> ZN ^  | XNOR2_X1  | 0.137 |   1.194 |    1.197 | 
     | branch_forward/g1267__2398                         | A3 ^ -> ZN ^ | AND4_X1   | 0.191 |   1.384 |    1.388 | 
     | branch_forward/g1260__2346                         | A2 ^ -> ZN v | NAND3_X1  | 0.070 |   1.454 |    1.458 | 
     | branch_forward/g1255__4733                         | A2 v -> ZN ^ | NOR2_X1   | 0.198 |   1.652 |    1.656 | 
     | datapath/g26699                                    | A1 ^ -> ZN v | NOR2_X1   | 0.044 |   1.696 |    1.699 | 
     | datapath/g26648                                    | A1 v -> ZN v | OR2_X2    | 0.235 |   1.931 |    1.934 | 
     | datapath/FE_OFC639_n_780                           | A v -> ZN ^  | INV_X2    | 0.200 |   2.131 |    2.134 | 
     | datapath/g26394                                    | B1 ^ -> ZN v | AOI222_X1 | 0.095 |   2.225 |    2.229 | 
     | datapath/FE_OFC180_LT_TC_OP_n_28                   | A v -> Z v   | BUF_X1    | 0.133 |   2.358 |    2.362 | 
     | datapath/LT_TC_OP_g1757                            | C2 v -> ZN ^ | AOI222_X1 | 0.394 |   2.753 |    2.756 | 
     | datapath/LT_TC_OP_g1750                            | B1 ^ -> ZN v | OAI221_X1 | 0.145 |   2.897 |    2.901 | 
     | datapath/LT_TC_OP_g1747                            | C1 v -> ZN ^ | AOI221_X1 | 0.251 |   3.149 |    3.152 | 
     | datapath/FE_RC_282_0                               | C1 ^ -> ZN v | OAI221_X1 | 0.119 |   3.267 |    3.271 | 
     | datapath/LT_TC_OP_g1745                            | C1 v -> ZN ^ | AOI221_X1 | 0.181 |   3.448 |    3.451 | 
     | datapath/FE_OFC613_IFID_lessThan                   | A ^ -> Z ^   | BUF_X1    | 0.154 |   3.602 |    3.606 | 
     | datapath/g16081                                    | A1 ^ -> ZN ^ | AND2_X1   | 0.116 |   3.718 |    3.721 | 
     | datapath/g16079                                    | A1 ^ -> ZN ^ | OR2_X2    | 0.083 |   3.800 |    3.804 | 
     | datapath/branch_or_inc_4/FE_OFC610_IFID_takeBranch | A ^ -> Z ^   | CLKBUF_X3 | 0.201 |   4.002 |    4.005 | 
     | datapath/branch_or_inc_4/g809__2883                | S ^ -> Z v   | MUX2_X1   | 0.248 |   4.249 |    4.253 | 
     | datapath/IF_pc_reg[24]                             | D v          | SDFFR_X1  | 0.000 |   4.250 |    4.253 | 
     +------------------------------------------------------------------------------------------------------------+ 
Path 13: MET Setup Check with Pin datapath/IF_pc_reg[25]/CK 
Endpoint:   datapath/IF_pc_reg[25]/D      (v) checked with  leading edge of 
'clk'
Beginpoint: datapath/IFID_instr_reg[23]/Q (^) triggered by  leading edge of 
'clk'
Path Groups: {reg2reg}
Analysis View: RPT_SLOW
Other End Arrival Time          0.496
- Setup                         0.242
+ Phase Shift                   4.100
+ CPPR Adjustment               0.000
- Uncertainty                   0.100
= Required Time                 4.253
- Arrival Time                  4.247
= Slack Time                    0.006
     Clock Rise Edge                 0.000
     + Clock Network Latency (Prop)  0.422
     = Beginpoint Arrival Time       0.422
     +------------------------------------------------------------------------------------------------------------+ 
     |                      Instance                      |     Arc      |   Cell    | Delay | Arrival | Required | 
     |                                                    |              |           |       |  Time   |   Time   | 
     |----------------------------------------------------+--------------+-----------+-------+---------+----------| 
     | datapath/IFID_instr_reg[23]                        | CK ^         |           |       |   0.422 |    0.428 | 
     | datapath/IFID_instr_reg[23]                        | CK ^ -> Q ^  | DFFR_X1   | 0.465 |   0.887 |    0.893 | 
     | datapath/FE_OFC31_IFID_rs2_3                       | A ^ -> Z ^   | BUF_X2    | 0.170 |   1.056 |    1.062 | 
     | branch_forward/g1283__5115                         | A ^ -> ZN ^  | XNOR2_X1  | 0.137 |   1.194 |    1.200 | 
     | branch_forward/g1267__2398                         | A3 ^ -> ZN ^ | AND4_X1   | 0.191 |   1.384 |    1.390 | 
     | branch_forward/g1260__2346                         | A2 ^ -> ZN v | NAND3_X1  | 0.070 |   1.454 |    1.460 | 
     | branch_forward/g1255__4733                         | A2 v -> ZN ^ | NOR2_X1   | 0.198 |   1.652 |    1.658 | 
     | datapath/g26699                                    | A1 ^ -> ZN v | NOR2_X1   | 0.044 |   1.696 |    1.702 | 
     | datapath/g26648                                    | A1 v -> ZN v | OR2_X2    | 0.235 |   1.931 |    1.937 | 
     | datapath/FE_OFC639_n_780                           | A v -> ZN ^  | INV_X2    | 0.200 |   2.131 |    2.137 | 
     | datapath/g26394                                    | B1 ^ -> ZN v | AOI222_X1 | 0.095 |   2.225 |    2.231 | 
     | datapath/FE_OFC180_LT_TC_OP_n_28                   | A v -> Z v   | BUF_X1    | 0.133 |   2.358 |    2.364 | 
     | datapath/LT_TC_OP_g1757                            | C2 v -> ZN ^ | AOI222_X1 | 0.394 |   2.753 |    2.759 | 
     | datapath/LT_TC_OP_g1750                            | B1 ^ -> ZN v | OAI221_X1 | 0.145 |   2.897 |    2.903 | 
     | datapath/LT_TC_OP_g1747                            | C1 v -> ZN ^ | AOI221_X1 | 0.251 |   3.149 |    3.155 | 
     | datapath/FE_RC_282_0                               | C1 ^ -> ZN v | OAI221_X1 | 0.119 |   3.267 |    3.273 | 
     | datapath/LT_TC_OP_g1745                            | C1 v -> ZN ^ | AOI221_X1 | 0.181 |   3.448 |    3.454 | 
     | datapath/FE_OFC613_IFID_lessThan                   | A ^ -> Z ^   | BUF_X1    | 0.154 |   3.602 |    3.608 | 
     | datapath/g16081                                    | A1 ^ -> ZN ^ | AND2_X1   | 0.116 |   3.718 |    3.724 | 
     | datapath/g16079                                    | A1 ^ -> ZN ^ | OR2_X2    | 0.083 |   3.800 |    3.806 | 
     | datapath/branch_or_inc_4/FE_OFC610_IFID_takeBranch | A ^ -> Z ^   | CLKBUF_X3 | 0.201 |   4.002 |    4.008 | 
     | datapath/branch_or_inc_4/g811__1666                | S ^ -> Z v   | MUX2_X1   | 0.246 |   4.247 |    4.253 | 
     | datapath/IF_pc_reg[25]                             | D v          | SDFFR_X1  | 0.000 |   4.247 |    4.253 | 
     +------------------------------------------------------------------------------------------------------------+ 
Path 14: MET Setup Check with Pin datapath/IF_pc_reg[23]/CK 
Endpoint:   datapath/IF_pc_reg[23]/D      (v) checked with  leading edge of 
'clk'
Beginpoint: datapath/IFID_instr_reg[23]/Q (^) triggered by  leading edge of 
'clk'
Path Groups: {reg2reg}
Analysis View: RPT_SLOW
Other End Arrival Time          0.495
- Setup                         0.242
+ Phase Shift                   4.100
+ CPPR Adjustment               0.000
- Uncertainty                   0.100
= Required Time                 4.253
- Arrival Time                  4.246
= Slack Time                    0.008
     Clock Rise Edge                 0.000
     + Clock Network Latency (Prop)  0.422
     = Beginpoint Arrival Time       0.422
     +------------------------------------------------------------------------------------------------------------+ 
     |                      Instance                      |     Arc      |   Cell    | Delay | Arrival | Required | 
     |                                                    |              |           |       |  Time   |   Time   | 
     |----------------------------------------------------+--------------+-----------+-------+---------+----------| 
     | datapath/IFID_instr_reg[23]                        | CK ^         |           |       |   0.422 |    0.430 | 
     | datapath/IFID_instr_reg[23]                        | CK ^ -> Q ^  | DFFR_X1   | 0.465 |   0.887 |    0.894 | 
     | datapath/FE_OFC31_IFID_rs2_3                       | A ^ -> Z ^   | BUF_X2    | 0.170 |   1.056 |    1.064 | 
     | branch_forward/g1283__5115                         | A ^ -> ZN ^  | XNOR2_X1  | 0.137 |   1.194 |    1.201 | 
     | branch_forward/g1267__2398                         | A3 ^ -> ZN ^ | AND4_X1   | 0.191 |   1.384 |    1.392 | 
     | branch_forward/g1260__2346                         | A2 ^ -> ZN v | NAND3_X1  | 0.070 |   1.454 |    1.462 | 
     | branch_forward/g1255__4733                         | A2 v -> ZN ^ | NOR2_X1   | 0.198 |   1.652 |    1.660 | 
     | datapath/g26699                                    | A1 ^ -> ZN v | NOR2_X1   | 0.044 |   1.696 |    1.703 | 
     | datapath/g26648                                    | A1 v -> ZN v | OR2_X2    | 0.235 |   1.931 |    1.939 | 
     | datapath/FE_OFC639_n_780                           | A v -> ZN ^  | INV_X2    | 0.200 |   2.131 |    2.138 | 
     | datapath/g26394                                    | B1 ^ -> ZN v | AOI222_X1 | 0.095 |   2.225 |    2.233 | 
     | datapath/FE_OFC180_LT_TC_OP_n_28                   | A v -> Z v   | BUF_X1    | 0.133 |   2.358 |    2.366 | 
     | datapath/LT_TC_OP_g1757                            | C2 v -> ZN ^ | AOI222_X1 | 0.394 |   2.753 |    2.760 | 
     | datapath/LT_TC_OP_g1750                            | B1 ^ -> ZN v | OAI221_X1 | 0.145 |   2.897 |    2.905 | 
     | datapath/LT_TC_OP_g1747                            | C1 v -> ZN ^ | AOI221_X1 | 0.251 |   3.149 |    3.156 | 
     | datapath/FE_RC_282_0                               | C1 ^ -> ZN v | OAI221_X1 | 0.119 |   3.267 |    3.275 | 
     | datapath/LT_TC_OP_g1745                            | C1 v -> ZN ^ | AOI221_X1 | 0.181 |   3.448 |    3.455 | 
     | datapath/FE_OFC613_IFID_lessThan                   | A ^ -> Z ^   | BUF_X1    | 0.154 |   3.602 |    3.610 | 
     | datapath/g16081                                    | A1 ^ -> ZN ^ | AND2_X1   | 0.116 |   3.718 |    3.725 | 
     | datapath/g16079                                    | A1 ^ -> ZN ^ | OR2_X2    | 0.083 |   3.800 |    3.808 | 
     | datapath/branch_or_inc_4/FE_OFC610_IFID_takeBranch | A ^ -> Z ^   | CLKBUF_X3 | 0.201 |   4.002 |    4.009 | 
     | datapath/branch_or_inc_4/g822__3680                | S ^ -> Z v   | MUX2_X1   | 0.244 |   4.246 |    4.253 | 
     | datapath/IF_pc_reg[23]                             | D v          | SDFFR_X1  | 0.000 |   4.246 |    4.253 | 
     +------------------------------------------------------------------------------------------------------------+ 
Path 15: MET Setup Check with Pin datapath/IF_pc_reg[5]/CK 
Endpoint:   datapath/IF_pc_reg[5]/D       (v) checked with  leading edge of 
'clk'
Beginpoint: datapath/IFID_instr_reg[23]/Q (^) triggered by  leading edge of 
'clk'
Path Groups: {reg2reg}
Analysis View: RPT_SLOW
Other End Arrival Time          0.492
- Setup                         0.242
+ Phase Shift                   4.100
+ CPPR Adjustment               0.000
- Uncertainty                   0.100
= Required Time                 4.250
- Arrival Time                  4.241
= Slack Time                    0.009
     Clock Rise Edge                 0.000
     + Clock Network Latency (Prop)  0.422
     = Beginpoint Arrival Time       0.422
     +------------------------------------------------------------------------------------------------------------+ 
     |                      Instance                      |     Arc      |   Cell    | Delay | Arrival | Required | 
     |                                                    |              |           |       |  Time   |   Time   | 
     |----------------------------------------------------+--------------+-----------+-------+---------+----------| 
     | datapath/IFID_instr_reg[23]                        | CK ^         |           |       |   0.422 |    0.431 | 
     | datapath/IFID_instr_reg[23]                        | CK ^ -> Q ^  | DFFR_X1   | 0.465 |   0.887 |    0.896 | 
     | datapath/FE_OFC31_IFID_rs2_3                       | A ^ -> Z ^   | BUF_X2    | 0.170 |   1.056 |    1.066 | 
     | branch_forward/g1283__5115                         | A ^ -> ZN ^  | XNOR2_X1  | 0.137 |   1.194 |    1.203 | 
     | branch_forward/g1267__2398                         | A3 ^ -> ZN ^ | AND4_X1   | 0.191 |   1.384 |    1.393 | 
     | branch_forward/g1260__2346                         | A2 ^ -> ZN v | NAND3_X1  | 0.070 |   1.454 |    1.463 | 
     | branch_forward/g1255__4733                         | A2 v -> ZN ^ | NOR2_X1   | 0.198 |   1.652 |    1.661 | 
     | datapath/g26699                                    | A1 ^ -> ZN v | NOR2_X1   | 0.044 |   1.696 |    1.705 | 
     | datapath/g26648                                    | A1 v -> ZN v | OR2_X2    | 0.235 |   1.931 |    1.940 | 
     | datapath/FE_OFC639_n_780                           | A v -> ZN ^  | INV_X2    | 0.200 |   2.131 |    2.140 | 
     | datapath/g26394                                    | B1 ^ -> ZN v | AOI222_X1 | 0.095 |   2.225 |    2.235 | 
     | datapath/FE_OFC180_LT_TC_OP_n_28                   | A v -> Z v   | BUF_X1    | 0.133 |   2.358 |    2.368 | 
     | datapath/LT_TC_OP_g1757                            | C2 v -> ZN ^ | AOI222_X1 | 0.394 |   2.753 |    2.762 | 
     | datapath/LT_TC_OP_g1750                            | B1 ^ -> ZN v | OAI221_X1 | 0.145 |   2.897 |    2.907 | 
     | datapath/LT_TC_OP_g1747                            | C1 v -> ZN ^ | AOI221_X1 | 0.251 |   3.149 |    3.158 | 
     | datapath/FE_RC_282_0                               | C1 ^ -> ZN v | OAI221_X1 | 0.119 |   3.267 |    3.276 | 
     | datapath/LT_TC_OP_g1745                            | C1 v -> ZN ^ | AOI221_X1 | 0.181 |   3.448 |    3.457 | 
     | datapath/FE_OFC613_IFID_lessThan                   | A ^ -> Z ^   | BUF_X1    | 0.154 |   3.602 |    3.611 | 
     | datapath/g16081                                    | A1 ^ -> ZN ^ | AND2_X1   | 0.116 |   3.718 |    3.727 | 
     | datapath/g16079                                    | A1 ^ -> ZN ^ | OR2_X2    | 0.083 |   3.800 |    3.810 | 
     | datapath/branch_or_inc_4/FE_OFC610_IFID_takeBranch | A ^ -> Z ^   | CLKBUF_X3 | 0.201 |   4.002 |    4.011 | 
     | datapath/branch_or_inc_4/g813__6417                | S ^ -> Z v   | MUX2_X1   | 0.239 |   4.241 |    4.250 | 
     | datapath/IF_pc_reg[5]                              | D v          | SDFFR_X1  | 0.000 |   4.241 |    4.250 | 
     +------------------------------------------------------------------------------------------------------------+ 
Path 16: MET Setup Check with Pin datapath/IF_pc_reg[29]/CK 
Endpoint:   datapath/IF_pc_reg[29]/D      (^) checked with  leading edge of 
'clk'
Beginpoint: datapath/IFID_instr_reg[16]/Q (^) triggered by  leading edge of 
'clk'
Path Groups: {reg2reg}
Analysis View: RPT_SLOW
Other End Arrival Time          0.496
- Setup                         0.084
+ Phase Shift                   4.100
+ CPPR Adjustment               0.000
- Uncertainty                   0.100
= Required Time                 4.412
- Arrival Time                  4.402
= Slack Time                    0.010
     Clock Rise Edge                 0.000
     + Clock Network Latency (Prop)  0.424
     = Beginpoint Arrival Time       0.424
     +------------------------------------------------------------------------------------------------------------+ 
     |                      Instance                      |     Arc      |   Cell    | Delay | Arrival | Required | 
     |                                                    |              |           |       |  Time   |   Time   | 
     |----------------------------------------------------+--------------+-----------+-------+---------+----------| 
     | datapath/IFID_instr_reg[16]                        | CK ^         |           |       |   0.424 |    0.434 | 
     | datapath/IFID_instr_reg[16]                        | CK ^ -> Q ^  | DFFR_X1   | 0.416 |   0.840 |    0.850 | 
     | datapath/FE_OFC246_IFID_rs1_1                      | A ^ -> Z ^   | BUF_X1    | 0.262 |   1.101 |    1.111 | 
     | datapath/g26895                                    | A ^ -> Z v   | XOR2_X1   | 0.075 |   1.176 |    1.186 | 
     | datapath/g26745                                    | A3 v -> ZN ^ | NOR3_X1   | 0.191 |   1.367 |    1.377 | 
     | datapath/g26732                                    | A1 ^ -> ZN ^ | AND4_X1   | 0.214 |   1.581 |    1.591 | 
     | datapath/g26729                                    | A ^ -> ZN v  | INV_X1    | 0.025 |   1.606 |    1.616 | 
     | datapath/g26725                                    | A1 v -> ZN v | OR2_X1    | 0.176 |   1.782 |    1.792 | 
     | datapath/g26715                                    | B2 v -> ZN ^ | AOI21_X1  | 0.120 |   1.902 |    1.912 | 
     | datapath/FE_OFC61_n_702                            | A ^ -> Z ^   | CLKBUF_X3 | 0.198 |   2.100 |    2.111 | 
     | datapath/g26701                                    | A ^ -> ZN v  | INV_X2    | 0.110 |   2.210 |    2.220 | 
     | datapath/g26489                                    | B1 v -> ZN ^ | OAI221_X1 | 0.255 |   2.466 |    2.476 | 
     | datapath/LT_TC_OP_g1833                            | A ^ -> ZN v  | INV_X1    | 0.052 |   2.517 |    2.527 | 
     | datapath/LT_TC_OP_g1804                            | A1 v -> ZN v | AND2_X1   | 0.115 |   2.632 |    2.643 | 
     | datapath/LT_TC_OP_g1781                            | A v -> ZN ^  | AOI21_X1  | 0.181 |   2.814 |    2.824 | 
     | datapath/LT_TC_OP_g1776                            | A ^ -> ZN v  | INV_X1    | 0.038 |   2.852 |    2.862 | 
     | datapath/LT_TC_OP_g1765                            | B v -> ZN ^  | AOI211_X1 | 0.258 |   3.110 |    3.120 | 
     | datapath/LT_TC_OP_g1747                            | C2 ^ -> ZN v | AOI221_X1 | 0.097 |   3.207 |    3.217 | 
     | datapath/FE_RC_282_0                               | C1 v -> ZN ^ | OAI221_X1 | 0.129 |   3.336 |    3.346 | 
     | datapath/LT_TC_OP_g1745                            | C1 ^ -> ZN v | AOI221_X1 | 0.066 |   3.401 |    3.411 | 
     | datapath/FE_OFC613_IFID_lessThan                   | A v -> Z v   | BUF_X1    | 0.128 |   3.530 |    3.540 | 
     | datapath/g16081                                    | A1 v -> ZN v | AND2_X1   | 0.101 |   3.631 |    3.641 | 
     | datapath/g16079                                    | A1 v -> ZN v | OR2_X2    | 0.164 |   3.795 |    3.805 | 
     | datapath/branch_or_inc_4/FE_OFC610_IFID_takeBranch | A v -> Z v   | CLKBUF_X3 | 0.182 |   3.977 |    3.987 | 
     | datapath/branch_or_inc_4/FE_OFC612_IFID_takeBranch | A v -> ZN ^  | INV_X1    | 0.185 |   4.162 |    4.172 | 
     | datapath/branch_or_inc_4/g844__5107                | A2 ^ -> ZN v | NAND2_X1  | 0.067 |   4.229 |    4.239 | 
     | datapath/branch_or_inc_4/g828__7098                | A2 v -> ZN ^ | NAND2_X1  | 0.060 |   4.289 |    4.299 | 
     | datapath/g35726                                    | A ^ -> ZN v  | INV_X1    | 0.024 |   4.313 |    4.323 | 
     | datapath/g35591                                    | B1 v -> ZN ^ | OAI21_X1  | 0.089 |   4.402 |    4.412 | 
     | datapath/IF_pc_reg[29]                             | D ^          | DFFR_X1   | 0.000 |   4.402 |    4.412 | 
     +------------------------------------------------------------------------------------------------------------+ 
Path 17: MET Setup Check with Pin datapath/IF_pc_reg[6]/CK 
Endpoint:   datapath/IF_pc_reg[6]/D       (v) checked with  leading edge of 
'clk'
Beginpoint: datapath/IFID_instr_reg[23]/Q (^) triggered by  leading edge of 
'clk'
Path Groups: {reg2reg}
Analysis View: RPT_SLOW
Other End Arrival Time          0.496
- Setup                         0.242
+ Phase Shift                   4.100
+ CPPR Adjustment               0.000
- Uncertainty                   0.100
= Required Time                 4.254
- Arrival Time                  4.243
= Slack Time                    0.010
     Clock Rise Edge                 0.000
     + Clock Network Latency (Prop)  0.422
     = Beginpoint Arrival Time       0.422
     +------------------------------------------------------------------------------------------------------------+ 
     |                      Instance                      |     Arc      |   Cell    | Delay | Arrival | Required | 
     |                                                    |              |           |       |  Time   |   Time   | 
     |----------------------------------------------------+--------------+-----------+-------+---------+----------| 
     | datapath/IFID_instr_reg[23]                        | CK ^         |           |       |   0.422 |    0.432 | 
     | datapath/IFID_instr_reg[23]                        | CK ^ -> Q ^  | DFFR_X1   | 0.465 |   0.887 |    0.897 | 
     | datapath/FE_OFC31_IFID_rs2_3                       | A ^ -> Z ^   | BUF_X2    | 0.170 |   1.056 |    1.067 | 
     | branch_forward/g1283__5115                         | A ^ -> ZN ^  | XNOR2_X1  | 0.137 |   1.194 |    1.204 | 
     | branch_forward/g1267__2398                         | A3 ^ -> ZN ^ | AND4_X1   | 0.191 |   1.384 |    1.394 | 
     | branch_forward/g1260__2346                         | A2 ^ -> ZN v | NAND3_X1  | 0.070 |   1.454 |    1.464 | 
     | branch_forward/g1255__4733                         | A2 v -> ZN ^ | NOR2_X1   | 0.198 |   1.652 |    1.663 | 
     | datapath/g26699                                    | A1 ^ -> ZN v | NOR2_X1   | 0.044 |   1.696 |    1.706 | 
     | datapath/g26648                                    | A1 v -> ZN v | OR2_X2    | 0.235 |   1.931 |    1.941 | 
     | datapath/FE_OFC639_n_780                           | A v -> ZN ^  | INV_X2    | 0.200 |   2.131 |    2.141 | 
     | datapath/g26394                                    | B1 ^ -> ZN v | AOI222_X1 | 0.095 |   2.225 |    2.236 | 
     | datapath/FE_OFC180_LT_TC_OP_n_28                   | A v -> Z v   | BUF_X1    | 0.133 |   2.358 |    2.369 | 
     | datapath/LT_TC_OP_g1757                            | C2 v -> ZN ^ | AOI222_X1 | 0.394 |   2.753 |    2.763 | 
     | datapath/LT_TC_OP_g1750                            | B1 ^ -> ZN v | OAI221_X1 | 0.145 |   2.897 |    2.908 | 
     | datapath/LT_TC_OP_g1747                            | C1 v -> ZN ^ | AOI221_X1 | 0.251 |   3.149 |    3.159 | 
     | datapath/FE_RC_282_0                               | C1 ^ -> ZN v | OAI221_X1 | 0.119 |   3.267 |    3.278 | 
     | datapath/LT_TC_OP_g1745                            | C1 v -> ZN ^ | AOI221_X1 | 0.181 |   3.448 |    3.458 | 
     | datapath/FE_OFC613_IFID_lessThan                   | A ^ -> Z ^   | BUF_X1    | 0.154 |   3.602 |    3.612 | 
     | datapath/g16081                                    | A1 ^ -> ZN ^ | AND2_X1   | 0.116 |   3.718 |    3.728 | 
     | datapath/g16079                                    | A1 ^ -> ZN ^ | OR2_X2    | 0.083 |   3.800 |    3.811 | 
     | datapath/branch_or_inc_4/FE_OFC610_IFID_takeBranch | A ^ -> Z ^   | CLKBUF_X3 | 0.201 |   4.002 |    4.012 | 
     | datapath/branch_or_inc_4/g824__2802                | S ^ -> Z v   | MUX2_X1   | 0.241 |   4.243 |    4.254 | 
     | datapath/IF_pc_reg[6]                              | D v          | SDFFR_X1  | 0.000 |   4.243 |    4.254 | 
     +------------------------------------------------------------------------------------------------------------+ 
Path 18: MET Setup Check with Pin datapath/IF_pc_reg[11]/CK 
Endpoint:   datapath/IF_pc_reg[11]/D      (v) checked with  leading edge of 
'clk'
Beginpoint: datapath/IFID_instr_reg[23]/Q (^) triggered by  leading edge of 
'clk'
Path Groups: {reg2reg}
Analysis View: RPT_SLOW
Other End Arrival Time          0.492
- Setup                         0.242
+ Phase Shift                   4.100
+ CPPR Adjustment               0.000
- Uncertainty                   0.100
= Required Time                 4.250
- Arrival Time                  4.240
= Slack Time                    0.010
     Clock Rise Edge                 0.000
     + Clock Network Latency (Prop)  0.422
     = Beginpoint Arrival Time       0.422
     +------------------------------------------------------------------------------------------------------------+ 
     |                      Instance                      |     Arc      |   Cell    | Delay | Arrival | Required | 
     |                                                    |              |           |       |  Time   |   Time   | 
     |----------------------------------------------------+--------------+-----------+-------+---------+----------| 
     | datapath/IFID_instr_reg[23]                        | CK ^         |           |       |   0.422 |    0.432 | 
     | datapath/IFID_instr_reg[23]                        | CK ^ -> Q ^  | DFFR_X1   | 0.465 |   0.887 |    0.897 | 
     | datapath/FE_OFC31_IFID_rs2_3                       | A ^ -> Z ^   | BUF_X2    | 0.170 |   1.056 |    1.067 | 
     | branch_forward/g1283__5115                         | A ^ -> ZN ^  | XNOR2_X1  | 0.137 |   1.194 |    1.204 | 
     | branch_forward/g1267__2398                         | A3 ^ -> ZN ^ | AND4_X1   | 0.191 |   1.384 |    1.395 | 
     | branch_forward/g1260__2346                         | A2 ^ -> ZN v | NAND3_X1  | 0.070 |   1.454 |    1.464 | 
     | branch_forward/g1255__4733                         | A2 v -> ZN ^ | NOR2_X1   | 0.198 |   1.652 |    1.663 | 
     | datapath/g26699                                    | A1 ^ -> ZN v | NOR2_X1   | 0.044 |   1.696 |    1.706 | 
     | datapath/g26648                                    | A1 v -> ZN v | OR2_X2    | 0.235 |   1.931 |    1.941 | 
     | datapath/FE_OFC639_n_780                           | A v -> ZN ^  | INV_X2    | 0.200 |   2.131 |    2.141 | 
     | datapath/g26394                                    | B1 ^ -> ZN v | AOI222_X1 | 0.095 |   2.225 |    2.236 | 
     | datapath/FE_OFC180_LT_TC_OP_n_28                   | A v -> Z v   | BUF_X1    | 0.133 |   2.358 |    2.369 | 
     | datapath/LT_TC_OP_g1757                            | C2 v -> ZN ^ | AOI222_X1 | 0.394 |   2.753 |    2.763 | 
     | datapath/LT_TC_OP_g1750                            | B1 ^ -> ZN v | OAI221_X1 | 0.145 |   2.897 |    2.908 | 
     | datapath/LT_TC_OP_g1747                            | C1 v -> ZN ^ | AOI221_X1 | 0.251 |   3.149 |    3.159 | 
     | datapath/FE_RC_282_0                               | C1 ^ -> ZN v | OAI221_X1 | 0.119 |   3.267 |    3.278 | 
     | datapath/LT_TC_OP_g1745                            | C1 v -> ZN ^ | AOI221_X1 | 0.181 |   3.448 |    3.458 | 
     | datapath/FE_OFC613_IFID_lessThan                   | A ^ -> Z ^   | BUF_X1    | 0.154 |   3.602 |    3.612 | 
     | datapath/g16081                                    | A1 ^ -> ZN ^ | AND2_X1   | 0.116 |   3.718 |    3.728 | 
     | datapath/g16079                                    | A1 ^ -> ZN ^ | OR2_X2    | 0.083 |   3.800 |    3.811 | 
     | datapath/branch_or_inc_4/FE_OFC610_IFID_takeBranch | A ^ -> Z ^   | CLKBUF_X3 | 0.201 |   4.002 |    4.012 | 
     | datapath/branch_or_inc_4/g830__1881                | S ^ -> Z v   | MUX2_X1   | 0.238 |   4.240 |    4.250 | 
     | datapath/IF_pc_reg[11]                             | D v          | SDFFR_X1  | 0.000 |   4.240 |    4.250 | 
     +------------------------------------------------------------------------------------------------------------+ 
Path 19: MET Setup Check with Pin datapath/IF_pc_reg[10]/CK 
Endpoint:   datapath/IF_pc_reg[10]/D      (v) checked with  leading edge of 
'clk'
Beginpoint: datapath/IFID_instr_reg[23]/Q (^) triggered by  leading edge of 
'clk'
Path Groups: {reg2reg}
Analysis View: RPT_SLOW
Other End Arrival Time          0.496
- Setup                         0.242
+ Phase Shift                   4.100
+ CPPR Adjustment               0.000
- Uncertainty                   0.100
= Required Time                 4.254
- Arrival Time                  4.242
= Slack Time                    0.011
     Clock Rise Edge                 0.000
     + Clock Network Latency (Prop)  0.422
     = Beginpoint Arrival Time       0.422
     +------------------------------------------------------------------------------------------------------------+ 
     |                      Instance                      |     Arc      |   Cell    | Delay | Arrival | Required | 
     |                                                    |              |           |       |  Time   |   Time   | 
     |----------------------------------------------------+--------------+-----------+-------+---------+----------| 
     | datapath/IFID_instr_reg[23]                        | CK ^         |           |       |   0.422 |    0.433 | 
     | datapath/IFID_instr_reg[23]                        | CK ^ -> Q ^  | DFFR_X1   | 0.465 |   0.887 |    0.898 | 
     | datapath/FE_OFC31_IFID_rs2_3                       | A ^ -> Z ^   | BUF_X2    | 0.170 |   1.056 |    1.068 | 
     | branch_forward/g1283__5115                         | A ^ -> ZN ^  | XNOR2_X1  | 0.137 |   1.194 |    1.205 | 
     | branch_forward/g1267__2398                         | A3 ^ -> ZN ^ | AND4_X1   | 0.191 |   1.384 |    1.395 | 
     | branch_forward/g1260__2346                         | A2 ^ -> ZN v | NAND3_X1  | 0.070 |   1.454 |    1.465 | 
     | branch_forward/g1255__4733                         | A2 v -> ZN ^ | NOR2_X1   | 0.198 |   1.652 |    1.663 | 
     | datapath/g26699                                    | A1 ^ -> ZN v | NOR2_X1   | 0.044 |   1.696 |    1.707 | 
     | datapath/g26648                                    | A1 v -> ZN v | OR2_X2    | 0.235 |   1.931 |    1.942 | 
     | datapath/FE_OFC639_n_780                           | A v -> ZN ^  | INV_X2    | 0.200 |   2.131 |    2.142 | 
     | datapath/g26394                                    | B1 ^ -> ZN v | AOI222_X1 | 0.095 |   2.225 |    2.237 | 
     | datapath/FE_OFC180_LT_TC_OP_n_28                   | A v -> Z v   | BUF_X1    | 0.133 |   2.358 |    2.370 | 
     | datapath/LT_TC_OP_g1757                            | C2 v -> ZN ^ | AOI222_X1 | 0.394 |   2.753 |    2.764 | 
     | datapath/LT_TC_OP_g1750                            | B1 ^ -> ZN v | OAI221_X1 | 0.145 |   2.897 |    2.909 | 
     | datapath/LT_TC_OP_g1747                            | C1 v -> ZN ^ | AOI221_X1 | 0.251 |   3.149 |    3.160 | 
     | datapath/FE_RC_282_0                               | C1 ^ -> ZN v | OAI221_X1 | 0.119 |   3.267 |    3.278 | 
     | datapath/LT_TC_OP_g1745                            | C1 v -> ZN ^ | AOI221_X1 | 0.181 |   3.448 |    3.459 | 
     | datapath/FE_OFC613_IFID_lessThan                   | A ^ -> Z ^   | BUF_X1    | 0.154 |   3.602 |    3.613 | 
     | datapath/g16081                                    | A1 ^ -> ZN ^ | AND2_X1   | 0.116 |   3.718 |    3.729 | 
     | datapath/g16079                                    | A1 ^ -> ZN ^ | OR2_X2    | 0.083 |   3.800 |    3.812 | 
     | datapath/branch_or_inc_4/FE_OFC610_IFID_takeBranch | A ^ -> Z ^   | CLKBUF_X3 | 0.201 |   4.002 |    4.013 | 
     | datapath/branch_or_inc_4/g833__4733                | S ^ -> Z v   | MUX2_X1   | 0.241 |   4.242 |    4.254 | 
     | datapath/IF_pc_reg[10]                             | D v          | SDFFR_X1  | 0.000 |   4.242 |    4.254 | 
     +------------------------------------------------------------------------------------------------------------+ 
Path 20: MET Setup Check with Pin datapath/IF_pc_reg[8]/CK 
Endpoint:   datapath/IF_pc_reg[8]/D       (v) checked with  leading edge of 
'clk'
Beginpoint: datapath/IFID_instr_reg[23]/Q (^) triggered by  leading edge of 
'clk'
Path Groups: {reg2reg}
Analysis View: RPT_SLOW
Other End Arrival Time          0.496
- Setup                         0.242
+ Phase Shift                   4.100
+ CPPR Adjustment               0.000
- Uncertainty                   0.100
= Required Time                 4.254
- Arrival Time                  4.243
= Slack Time                    0.011
     Clock Rise Edge                 0.000
     + Clock Network Latency (Prop)  0.422
     = Beginpoint Arrival Time       0.422
     +------------------------------------------------------------------------------------------------------------+ 
     |                      Instance                      |     Arc      |   Cell    | Delay | Arrival | Required | 
     |                                                    |              |           |       |  Time   |   Time   | 
     |----------------------------------------------------+--------------+-----------+-------+---------+----------| 
     | datapath/IFID_instr_reg[23]                        | CK ^         |           |       |   0.422 |    0.434 | 
     | datapath/IFID_instr_reg[23]                        | CK ^ -> Q ^  | DFFR_X1   | 0.465 |   0.887 |    0.898 | 
     | datapath/FE_OFC31_IFID_rs2_3                       | A ^ -> Z ^   | BUF_X2    | 0.170 |   1.056 |    1.068 | 
     | branch_forward/g1283__5115                         | A ^ -> ZN ^  | XNOR2_X1  | 0.137 |   1.194 |    1.205 | 
     | branch_forward/g1267__2398                         | A3 ^ -> ZN ^ | AND4_X1   | 0.191 |   1.384 |    1.396 | 
     | branch_forward/g1260__2346                         | A2 ^ -> ZN v | NAND3_X1  | 0.070 |   1.454 |    1.466 | 
     | branch_forward/g1255__4733                         | A2 v -> ZN ^ | NOR2_X1   | 0.198 |   1.652 |    1.664 | 
     | datapath/g26699                                    | A1 ^ -> ZN v | NOR2_X1   | 0.044 |   1.696 |    1.707 | 
     | datapath/g26648                                    | A1 v -> ZN v | OR2_X2    | 0.235 |   1.931 |    1.942 | 
     | datapath/FE_OFC639_n_780                           | A v -> ZN ^  | INV_X2    | 0.200 |   2.131 |    2.142 | 
     | datapath/g26394                                    | B1 ^ -> ZN v | AOI222_X1 | 0.095 |   2.225 |    2.237 | 
     | datapath/FE_OFC180_LT_TC_OP_n_28                   | A v -> Z v   | BUF_X1    | 0.133 |   2.358 |    2.370 | 
     | datapath/LT_TC_OP_g1757                            | C2 v -> ZN ^ | AOI222_X1 | 0.394 |   2.753 |    2.764 | 
     | datapath/LT_TC_OP_g1750                            | B1 ^ -> ZN v | OAI221_X1 | 0.145 |   2.897 |    2.909 | 
     | datapath/LT_TC_OP_g1747                            | C1 v -> ZN ^ | AOI221_X1 | 0.251 |   3.149 |    3.160 | 
     | datapath/FE_RC_282_0                               | C1 ^ -> ZN v | OAI221_X1 | 0.119 |   3.267 |    3.279 | 
     | datapath/LT_TC_OP_g1745                            | C1 v -> ZN ^ | AOI221_X1 | 0.181 |   3.448 |    3.459 | 
     | datapath/FE_OFC613_IFID_lessThan                   | A ^ -> Z ^   | BUF_X1    | 0.154 |   3.602 |    3.614 | 
     | datapath/g16081                                    | A1 ^ -> ZN ^ | AND2_X1   | 0.116 |   3.718 |    3.729 | 
     | datapath/g16079                                    | A1 ^ -> ZN ^ | OR2_X2    | 0.083 |   3.800 |    3.812 | 
     | datapath/branch_or_inc_4/FE_OFC610_IFID_takeBranch | A ^ -> Z ^   | CLKBUF_X3 | 0.201 |   4.002 |    4.013 | 
     | datapath/branch_or_inc_4/g836__9945                | S ^ -> Z v   | MUX2_X1   | 0.241 |   4.243 |    4.254 | 
     | datapath/IF_pc_reg[8]                              | D v          | SDFFR_X1  | 0.000 |   4.243 |    4.254 | 
     +------------------------------------------------------------------------------------------------------------+ 
Path 21: MET Setup Check with Pin datapath/IF_pc_reg[7]/CK 
Endpoint:   datapath/IF_pc_reg[7]/D       (v) checked with  leading edge of 
'clk'
Beginpoint: datapath/IFID_instr_reg[23]/Q (^) triggered by  leading edge of 
'clk'
Path Groups: {reg2reg}
Analysis View: RPT_SLOW
Other End Arrival Time          0.496
- Setup                         0.242
+ Phase Shift                   4.100
+ CPPR Adjustment               0.000
- Uncertainty                   0.100
= Required Time                 4.254
- Arrival Time                  4.241
= Slack Time                    0.013
     Clock Rise Edge                 0.000
     + Clock Network Latency (Prop)  0.422
     = Beginpoint Arrival Time       0.422
     +------------------------------------------------------------------------------------------------------------+ 
     |                      Instance                      |     Arc      |   Cell    | Delay | Arrival | Required | 
     |                                                    |              |           |       |  Time   |   Time   | 
     |----------------------------------------------------+--------------+-----------+-------+---------+----------| 
     | datapath/IFID_instr_reg[23]                        | CK ^         |           |       |   0.422 |    0.435 | 
     | datapath/IFID_instr_reg[23]                        | CK ^ -> Q ^  | DFFR_X1   | 0.465 |   0.887 |    0.900 | 
     | datapath/FE_OFC31_IFID_rs2_3                       | A ^ -> Z ^   | BUF_X2    | 0.170 |   1.056 |    1.069 | 
     | branch_forward/g1283__5115                         | A ^ -> ZN ^  | XNOR2_X1  | 0.137 |   1.194 |    1.207 | 
     | branch_forward/g1267__2398                         | A3 ^ -> ZN ^ | AND4_X1   | 0.191 |   1.384 |    1.397 | 
     | branch_forward/g1260__2346                         | A2 ^ -> ZN v | NAND3_X1  | 0.070 |   1.454 |    1.467 | 
     | branch_forward/g1255__4733                         | A2 v -> ZN ^ | NOR2_X1   | 0.198 |   1.652 |    1.665 | 
     | datapath/g26699                                    | A1 ^ -> ZN v | NOR2_X1   | 0.044 |   1.696 |    1.709 | 
     | datapath/g26648                                    | A1 v -> ZN v | OR2_X2    | 0.235 |   1.931 |    1.944 | 
     | datapath/FE_OFC639_n_780                           | A v -> ZN ^  | INV_X2    | 0.200 |   2.131 |    2.144 | 
     | datapath/g26394                                    | B1 ^ -> ZN v | AOI222_X1 | 0.095 |   2.225 |    2.238 | 
     | datapath/FE_OFC180_LT_TC_OP_n_28                   | A v -> Z v   | BUF_X1    | 0.133 |   2.358 |    2.371 | 
     | datapath/LT_TC_OP_g1757                            | C2 v -> ZN ^ | AOI222_X1 | 0.394 |   2.753 |    2.766 | 
     | datapath/LT_TC_OP_g1750                            | B1 ^ -> ZN v | OAI221_X1 | 0.145 |   2.897 |    2.910 | 
     | datapath/LT_TC_OP_g1747                            | C1 v -> ZN ^ | AOI221_X1 | 0.251 |   3.149 |    3.162 | 
     | datapath/FE_RC_282_0                               | C1 ^ -> ZN v | OAI221_X1 | 0.119 |   3.267 |    3.280 | 
     | datapath/LT_TC_OP_g1745                            | C1 v -> ZN ^ | AOI221_X1 | 0.181 |   3.448 |    3.461 | 
     | datapath/FE_OFC613_IFID_lessThan                   | A ^ -> Z ^   | BUF_X1    | 0.154 |   3.602 |    3.615 | 
     | datapath/g16081                                    | A1 ^ -> ZN ^ | AND2_X1   | 0.116 |   3.718 |    3.731 | 
     | datapath/g16079                                    | A1 ^ -> ZN ^ | OR2_X2    | 0.083 |   3.800 |    3.813 | 
     | datapath/branch_or_inc_4/FE_OFC610_IFID_takeBranch | A ^ -> Z ^   | CLKBUF_X3 | 0.201 |   4.002 |    4.015 | 
     | datapath/branch_or_inc_4/g838__2346                | S ^ -> Z v   | MUX2_X1   | 0.239 |   4.241 |    4.254 | 
     | datapath/IF_pc_reg[7]                              | D v          | SDFFR_X1  | 0.000 |   4.241 |    4.254 | 
     +------------------------------------------------------------------------------------------------------------+ 
Path 22: MET Setup Check with Pin datapath/IF_pc_reg[28]/CK 
Endpoint:   datapath/IF_pc_reg[28]/D      (^) checked with  leading edge of 
'clk'
Beginpoint: datapath/IFID_instr_reg[16]/Q (^) triggered by  leading edge of 
'clk'
Path Groups: {reg2reg}
Analysis View: RPT_SLOW
Other End Arrival Time          0.496
- Setup                         0.084
+ Phase Shift                   4.100
+ CPPR Adjustment               0.000
- Uncertainty                   0.100
= Required Time                 4.412
- Arrival Time                  4.399
= Slack Time                    0.013
     Clock Rise Edge                 0.000
     + Clock Network Latency (Prop)  0.424
     = Beginpoint Arrival Time       0.424
     +------------------------------------------------------------------------------------------------------------+ 
     |                      Instance                      |     Arc      |   Cell    | Delay | Arrival | Required | 
     |                                                    |              |           |       |  Time   |   Time   | 
     |----------------------------------------------------+--------------+-----------+-------+---------+----------| 
     | datapath/IFID_instr_reg[16]                        | CK ^         |           |       |   0.424 |    0.437 | 
     | datapath/IFID_instr_reg[16]                        | CK ^ -> Q ^  | DFFR_X1   | 0.416 |   0.840 |    0.853 | 
     | datapath/FE_OFC246_IFID_rs1_1                      | A ^ -> Z ^   | BUF_X1    | 0.262 |   1.101 |    1.114 | 
     | datapath/g26895                                    | A ^ -> Z v   | XOR2_X1   | 0.075 |   1.176 |    1.189 | 
     | datapath/g26745                                    | A3 v -> ZN ^ | NOR3_X1   | 0.191 |   1.367 |    1.380 | 
     | datapath/g26732                                    | A1 ^ -> ZN ^ | AND4_X1   | 0.214 |   1.581 |    1.594 | 
     | datapath/g26729                                    | A ^ -> ZN v  | INV_X1    | 0.025 |   1.606 |    1.619 | 
     | datapath/g26725                                    | A1 v -> ZN v | OR2_X1    | 0.176 |   1.782 |    1.795 | 
     | datapath/g26715                                    | B2 v -> ZN ^ | AOI21_X1  | 0.120 |   1.902 |    1.915 | 
     | datapath/FE_OFC61_n_702                            | A ^ -> Z ^   | CLKBUF_X3 | 0.198 |   2.100 |    2.114 | 
     | datapath/g26701                                    | A ^ -> ZN v  | INV_X2    | 0.110 |   2.210 |    2.224 | 
     | datapath/g26489                                    | B1 v -> ZN ^ | OAI221_X1 | 0.255 |   2.466 |    2.479 | 
     | datapath/LT_TC_OP_g1833                            | A ^ -> ZN v  | INV_X1    | 0.052 |   2.517 |    2.530 | 
     | datapath/LT_TC_OP_g1804                            | A1 v -> ZN v | AND2_X1   | 0.115 |   2.632 |    2.646 | 
     | datapath/LT_TC_OP_g1781                            | A v -> ZN ^  | AOI21_X1  | 0.181 |   2.814 |    2.827 | 
     | datapath/LT_TC_OP_g1776                            | A ^ -> ZN v  | INV_X1    | 0.038 |   2.852 |    2.865 | 
     | datapath/LT_TC_OP_g1765                            | B v -> ZN ^  | AOI211_X1 | 0.258 |   3.110 |    3.123 | 
     | datapath/LT_TC_OP_g1747                            | C2 ^ -> ZN v | AOI221_X1 | 0.097 |   3.207 |    3.220 | 
     | datapath/FE_RC_282_0                               | C1 v -> ZN ^ | OAI221_X1 | 0.129 |   3.336 |    3.349 | 
     | datapath/LT_TC_OP_g1745                            | C1 ^ -> ZN v | AOI221_X1 | 0.066 |   3.401 |    3.414 | 
     | datapath/FE_OFC613_IFID_lessThan                   | A v -> Z v   | BUF_X1    | 0.128 |   3.530 |    3.543 | 
     | datapath/g16081                                    | A1 v -> ZN v | AND2_X1   | 0.101 |   3.631 |    3.644 | 
     | datapath/g16079                                    | A1 v -> ZN v | OR2_X2    | 0.164 |   3.795 |    3.808 | 
     | datapath/branch_or_inc_4/FE_OFC610_IFID_takeBranch | A v -> Z v   | CLKBUF_X3 | 0.182 |   3.977 |    3.990 | 
     | datapath/branch_or_inc_4/FE_OFC612_IFID_takeBranch | A v -> ZN ^  | INV_X1    | 0.185 |   4.162 |    4.175 | 
     | datapath/branch_or_inc_4/g841__6417                | A2 ^ -> ZN v | NAND2_X1  | 0.066 |   4.228 |    4.242 | 
     | datapath/branch_or_inc_4/g810__2346                | A2 v -> ZN ^ | NAND2_X1  | 0.059 |   4.287 |    4.300 | 
     | datapath/g35737                                    | A ^ -> ZN v  | INV_X1    | 0.023 |   4.310 |    4.323 | 
     | datapath/g35643                                    | B1 v -> ZN ^ | OAI21_X1  | 0.089 |   4.399 |    4.412 | 
     | datapath/IF_pc_reg[28]                             | D ^          | DFFR_X1   | 0.000 |   4.399 |    4.412 | 
     +------------------------------------------------------------------------------------------------------------+ 
Path 23: MET Setup Check with Pin datapath/IF_pc_reg[9]/CK 
Endpoint:   datapath/IF_pc_reg[9]/D       (v) checked with  leading edge of 
'clk'
Beginpoint: datapath/IFID_instr_reg[23]/Q (^) triggered by  leading edge of 
'clk'
Path Groups: {reg2reg}
Analysis View: RPT_SLOW
Other End Arrival Time          0.496
- Setup                         0.242
+ Phase Shift                   4.100
+ CPPR Adjustment               0.000
- Uncertainty                   0.100
= Required Time                 4.254
- Arrival Time                  4.241
= Slack Time                    0.013
     Clock Rise Edge                 0.000
     + Clock Network Latency (Prop)  0.422
     = Beginpoint Arrival Time       0.422
     +------------------------------------------------------------------------------------------------------------+ 
     |                      Instance                      |     Arc      |   Cell    | Delay | Arrival | Required | 
     |                                                    |              |           |       |  Time   |   Time   | 
     |----------------------------------------------------+--------------+-----------+-------+---------+----------| 
     | datapath/IFID_instr_reg[23]                        | CK ^         |           |       |   0.422 |    0.435 | 
     | datapath/IFID_instr_reg[23]                        | CK ^ -> Q ^  | DFFR_X1   | 0.465 |   0.887 |    0.900 | 
     | datapath/FE_OFC31_IFID_rs2_3                       | A ^ -> Z ^   | BUF_X2    | 0.170 |   1.056 |    1.070 | 
     | branch_forward/g1283__5115                         | A ^ -> ZN ^  | XNOR2_X1  | 0.137 |   1.194 |    1.207 | 
     | branch_forward/g1267__2398                         | A3 ^ -> ZN ^ | AND4_X1   | 0.191 |   1.384 |    1.397 | 
     | branch_forward/g1260__2346                         | A2 ^ -> ZN v | NAND3_X1  | 0.070 |   1.454 |    1.467 | 
     | branch_forward/g1255__4733                         | A2 v -> ZN ^ | NOR2_X1   | 0.198 |   1.652 |    1.666 | 
     | datapath/g26699                                    | A1 ^ -> ZN v | NOR2_X1   | 0.044 |   1.696 |    1.709 | 
     | datapath/g26648                                    | A1 v -> ZN v | OR2_X2    | 0.235 |   1.931 |    1.944 | 
     | datapath/FE_OFC639_n_780                           | A v -> ZN ^  | INV_X2    | 0.200 |   2.131 |    2.144 | 
     | datapath/g26394                                    | B1 ^ -> ZN v | AOI222_X1 | 0.095 |   2.225 |    2.239 | 
     | datapath/FE_OFC180_LT_TC_OP_n_28                   | A v -> Z v   | BUF_X1    | 0.133 |   2.358 |    2.372 | 
     | datapath/LT_TC_OP_g1757                            | C2 v -> ZN ^ | AOI222_X1 | 0.394 |   2.753 |    2.766 | 
     | datapath/LT_TC_OP_g1750                            | B1 ^ -> ZN v | OAI221_X1 | 0.145 |   2.897 |    2.911 | 
     | datapath/LT_TC_OP_g1747                            | C1 v -> ZN ^ | AOI221_X1 | 0.251 |   3.149 |    3.162 | 
     | datapath/FE_RC_282_0                               | C1 ^ -> ZN v | OAI221_X1 | 0.119 |   3.267 |    3.281 | 
     | datapath/LT_TC_OP_g1745                            | C1 v -> ZN ^ | AOI221_X1 | 0.181 |   3.448 |    3.461 | 
     | datapath/FE_OFC613_IFID_lessThan                   | A ^ -> Z ^   | BUF_X1    | 0.154 |   3.602 |    3.615 | 
     | datapath/g16081                                    | A1 ^ -> ZN ^ | AND2_X1   | 0.116 |   3.718 |    3.731 | 
     | datapath/g16079                                    | A1 ^ -> ZN ^ | OR2_X2    | 0.083 |   3.800 |    3.814 | 
     | datapath/branch_or_inc_4/FE_OFC610_IFID_takeBranch | A ^ -> Z ^   | CLKBUF_X3 | 0.201 |   4.002 |    4.015 | 
     | datapath/branch_or_inc_4/g835__9315                | S ^ -> Z v   | MUX2_X1   | 0.239 |   4.241 |    4.254 | 
     | datapath/IF_pc_reg[9]                              | D v          | SDFFR_X1  | 0.000 |   4.241 |    4.254 | 
     +------------------------------------------------------------------------------------------------------------+ 
Path 24: MET Setup Check with Pin datapath/IF_pc_reg[1]/CK 
Endpoint:   datapath/IF_pc_reg[1]/D       (v) checked with  leading edge of 
'clk'
Beginpoint: datapath/IFID_instr_reg[23]/Q (^) triggered by  leading edge of 
'clk'
Path Groups: {reg2reg}
Analysis View: RPT_SLOW
Other End Arrival Time          0.407
- Setup                         0.243
+ Phase Shift                   4.100
+ CPPR Adjustment               0.000
- Uncertainty                   0.100
= Required Time                 4.164
- Arrival Time                  4.145
= Slack Time                    0.019
     Clock Rise Edge                 0.000
     + Clock Network Latency (Prop)  0.422
     = Beginpoint Arrival Time       0.422
     +------------------------------------------------------------------------------------------------------------+ 
     |                      Instance                      |     Arc      |   Cell    | Delay | Arrival | Required | 
     |                                                    |              |           |       |  Time   |   Time   | 
     |----------------------------------------------------+--------------+-----------+-------+---------+----------| 
     | datapath/IFID_instr_reg[23]                        | CK ^         |           |       |   0.422 |    0.441 | 
     | datapath/IFID_instr_reg[23]                        | CK ^ -> Q ^  | DFFR_X1   | 0.465 |   0.887 |    0.905 | 
     | datapath/FE_OFC31_IFID_rs2_3                       | A ^ -> Z ^   | BUF_X2    | 0.170 |   1.056 |    1.075 | 
     | branch_forward/g1283__5115                         | A ^ -> ZN ^  | XNOR2_X1  | 0.137 |   1.194 |    1.212 | 
     | branch_forward/g1267__2398                         | A3 ^ -> ZN ^ | AND4_X1   | 0.191 |   1.384 |    1.403 | 
     | branch_forward/g1260__2346                         | A2 ^ -> ZN v | NAND3_X1  | 0.070 |   1.454 |    1.473 | 
     | branch_forward/g1255__4733                         | A2 v -> ZN ^ | NOR2_X1   | 0.198 |   1.652 |    1.671 | 
     | datapath/g26699                                    | A1 ^ -> ZN v | NOR2_X1   | 0.044 |   1.696 |    1.715 | 
     | datapath/g26648                                    | A1 v -> ZN v | OR2_X2    | 0.235 |   1.931 |    1.950 | 
     | datapath/FE_OFC639_n_780                           | A v -> ZN ^  | INV_X2    | 0.200 |   2.131 |    2.149 | 
     | datapath/g26394                                    | B1 ^ -> ZN v | AOI222_X1 | 0.095 |   2.225 |    2.244 | 
     | datapath/FE_OFC180_LT_TC_OP_n_28                   | A v -> Z v   | BUF_X1    | 0.133 |   2.358 |    2.377 | 
     | datapath/LT_TC_OP_g1757                            | C2 v -> ZN ^ | AOI222_X1 | 0.394 |   2.753 |    2.772 | 
     | datapath/LT_TC_OP_g1750                            | B1 ^ -> ZN v | OAI221_X1 | 0.145 |   2.897 |    2.916 | 
     | datapath/LT_TC_OP_g1747                            | C1 v -> ZN ^ | AOI221_X1 | 0.251 |   3.149 |    3.168 | 
     | datapath/FE_RC_282_0                               | C1 ^ -> ZN v | OAI221_X1 | 0.119 |   3.267 |    3.286 | 
     | datapath/LT_TC_OP_g1745                            | C1 v -> ZN ^ | AOI221_X1 | 0.181 |   3.448 |    3.467 | 
     | datapath/FE_OFC613_IFID_lessThan                   | A ^ -> Z ^   | BUF_X1    | 0.154 |   3.602 |    3.621 | 
     | datapath/g16081                                    | A1 ^ -> ZN ^ | AND2_X1   | 0.116 |   3.718 |    3.737 | 
     | datapath/g16079                                    | A1 ^ -> ZN ^ | OR2_X2    | 0.083 |   3.800 |    3.819 | 
     | datapath/branch_or_inc_4/FE_OFC611_IFID_takeBranch | A ^ -> Z ^   | BUF_X2    | 0.120 |   3.921 |    3.940 | 
     | datapath/branch_or_inc_4/g820__5526                | S ^ -> Z v   | MUX2_X1   | 0.224 |   4.145 |    4.164 | 
     | datapath/IF_pc_reg[1]                              | D v          | SDFFR_X1  | 0.000 |   4.145 |    4.164 | 
     +------------------------------------------------------------------------------------------------------------+ 
Path 25: MET Setup Check with Pin datapath/IF_pc_reg[2]/CK 
Endpoint:   datapath/IF_pc_reg[2]/D       (v) checked with  leading edge of 
'clk'
Beginpoint: datapath/IFID_instr_reg[23]/Q (^) triggered by  leading edge of 
'clk'
Path Groups: {reg2reg}
Analysis View: RPT_SLOW
Other End Arrival Time          0.412
- Setup                         0.242
+ Phase Shift                   4.100
+ CPPR Adjustment               0.000
- Uncertainty                   0.100
= Required Time                 4.170
- Arrival Time                  4.148
= Slack Time                    0.021
     Clock Rise Edge                 0.000
     + Clock Network Latency (Prop)  0.422
     = Beginpoint Arrival Time       0.422
     +------------------------------------------------------------------------------------------------------------+ 
     |                      Instance                      |     Arc      |   Cell    | Delay | Arrival | Required | 
     |                                                    |              |           |       |  Time   |   Time   | 
     |----------------------------------------------------+--------------+-----------+-------+---------+----------| 
     | datapath/IFID_instr_reg[23]                        | CK ^         |           |       |   0.422 |    0.444 | 
     | datapath/IFID_instr_reg[23]                        | CK ^ -> Q ^  | DFFR_X1   | 0.465 |   0.887 |    0.908 | 
     | datapath/FE_OFC31_IFID_rs2_3                       | A ^ -> Z ^   | BUF_X2    | 0.170 |   1.056 |    1.078 | 
     | branch_forward/g1283__5115                         | A ^ -> ZN ^  | XNOR2_X1  | 0.137 |   1.194 |    1.215 | 
     | branch_forward/g1267__2398                         | A3 ^ -> ZN ^ | AND4_X1   | 0.191 |   1.384 |    1.406 | 
     | branch_forward/g1260__2346                         | A2 ^ -> ZN v | NAND3_X1  | 0.070 |   1.454 |    1.476 | 
     | branch_forward/g1255__4733                         | A2 v -> ZN ^ | NOR2_X1   | 0.198 |   1.652 |    1.674 | 
     | datapath/g26699                                    | A1 ^ -> ZN v | NOR2_X1   | 0.044 |   1.696 |    1.717 | 
     | datapath/g26648                                    | A1 v -> ZN v | OR2_X2    | 0.235 |   1.931 |    1.952 | 
     | datapath/FE_OFC639_n_780                           | A v -> ZN ^  | INV_X2    | 0.200 |   2.131 |    2.152 | 
     | datapath/g26394                                    | B1 ^ -> ZN v | AOI222_X1 | 0.095 |   2.225 |    2.247 | 
     | datapath/FE_OFC180_LT_TC_OP_n_28                   | A v -> Z v   | BUF_X1    | 0.133 |   2.358 |    2.380 | 
     | datapath/LT_TC_OP_g1757                            | C2 v -> ZN ^ | AOI222_X1 | 0.394 |   2.753 |    2.774 | 
     | datapath/LT_TC_OP_g1750                            | B1 ^ -> ZN v | OAI221_X1 | 0.145 |   2.897 |    2.919 | 
     | datapath/LT_TC_OP_g1747                            | C1 v -> ZN ^ | AOI221_X1 | 0.251 |   3.149 |    3.170 | 
     | datapath/FE_RC_282_0                               | C1 ^ -> ZN v | OAI221_X1 | 0.119 |   3.267 |    3.289 | 
     | datapath/LT_TC_OP_g1745                            | C1 v -> ZN ^ | AOI221_X1 | 0.181 |   3.448 |    3.469 | 
     | datapath/FE_OFC613_IFID_lessThan                   | A ^ -> Z ^   | BUF_X1    | 0.154 |   3.602 |    3.624 | 
     | datapath/g16081                                    | A1 ^ -> ZN ^ | AND2_X1   | 0.116 |   3.718 |    3.739 | 
     | datapath/g16079                                    | A1 ^ -> ZN ^ | OR2_X2    | 0.083 |   3.800 |    3.822 | 
     | datapath/branch_or_inc_4/FE_OFC611_IFID_takeBranch | A ^ -> Z ^   | BUF_X2    | 0.120 |   3.921 |    3.942 | 
     | datapath/branch_or_inc_4/g818__4319                | S ^ -> Z v   | MUX2_X1   | 0.228 |   4.148 |    4.170 | 
     | datapath/IF_pc_reg[2]                              | D v          | SDFFR_X1  | 0.000 |   4.148 |    4.170 | 
     +------------------------------------------------------------------------------------------------------------+ 
Path 26: MET Setup Check with Pin datapath/IF_pc_reg[4]/CK 
Endpoint:   datapath/IF_pc_reg[4]/D       (v) checked with  leading edge of 
'clk'
Beginpoint: datapath/IFID_instr_reg[23]/Q (^) triggered by  leading edge of 
'clk'
Path Groups: {reg2reg}
Analysis View: RPT_SLOW
Other End Arrival Time          0.412
- Setup                         0.242
+ Phase Shift                   4.100
+ CPPR Adjustment               0.000
- Uncertainty                   0.100
= Required Time                 4.170
- Arrival Time                  4.146
= Slack Time                    0.024
     Clock Rise Edge                 0.000
     + Clock Network Latency (Prop)  0.422
     = Beginpoint Arrival Time       0.422
     +------------------------------------------------------------------------------------------------------------+ 
     |                      Instance                      |     Arc      |   Cell    | Delay | Arrival | Required | 
     |                                                    |              |           |       |  Time   |   Time   | 
     |----------------------------------------------------+--------------+-----------+-------+---------+----------| 
     | datapath/IFID_instr_reg[23]                        | CK ^         |           |       |   0.422 |    0.447 | 
     | datapath/IFID_instr_reg[23]                        | CK ^ -> Q ^  | DFFR_X1   | 0.465 |   0.887 |    0.911 | 
     | datapath/FE_OFC31_IFID_rs2_3                       | A ^ -> Z ^   | BUF_X2    | 0.170 |   1.056 |    1.081 | 
     | branch_forward/g1283__5115                         | A ^ -> ZN ^  | XNOR2_X1  | 0.137 |   1.194 |    1.218 | 
     | branch_forward/g1267__2398                         | A3 ^ -> ZN ^ | AND4_X1   | 0.191 |   1.384 |    1.409 | 
     | branch_forward/g1260__2346                         | A2 ^ -> ZN v | NAND3_X1  | 0.070 |   1.454 |    1.479 | 
     | branch_forward/g1255__4733                         | A2 v -> ZN ^ | NOR2_X1   | 0.198 |   1.652 |    1.677 | 
     | datapath/g26699                                    | A1 ^ -> ZN v | NOR2_X1   | 0.044 |   1.696 |    1.720 | 
     | datapath/g26648                                    | A1 v -> ZN v | OR2_X2    | 0.235 |   1.931 |    1.955 | 
     | datapath/FE_OFC639_n_780                           | A v -> ZN ^  | INV_X2    | 0.200 |   2.131 |    2.155 | 
     | datapath/g26394                                    | B1 ^ -> ZN v | AOI222_X1 | 0.095 |   2.225 |    2.250 | 
     | datapath/FE_OFC180_LT_TC_OP_n_28                   | A v -> Z v   | BUF_X1    | 0.133 |   2.358 |    2.383 | 
     | datapath/LT_TC_OP_g1757                            | C2 v -> ZN ^ | AOI222_X1 | 0.394 |   2.753 |    2.777 | 
     | datapath/LT_TC_OP_g1750                            | B1 ^ -> ZN v | OAI221_X1 | 0.145 |   2.897 |    2.922 | 
     | datapath/LT_TC_OP_g1747                            | C1 v -> ZN ^ | AOI221_X1 | 0.251 |   3.149 |    3.173 | 
     | datapath/FE_RC_282_0                               | C1 ^ -> ZN v | OAI221_X1 | 0.119 |   3.267 |    3.292 | 
     | datapath/LT_TC_OP_g1745                            | C1 v -> ZN ^ | AOI221_X1 | 0.181 |   3.448 |    3.472 | 
     | datapath/FE_OFC613_IFID_lessThan                   | A ^ -> Z ^   | BUF_X1    | 0.154 |   3.602 |    3.627 | 
     | datapath/g16081                                    | A1 ^ -> ZN ^ | AND2_X1   | 0.116 |   3.718 |    3.742 | 
     | datapath/g16079                                    | A1 ^ -> ZN ^ | OR2_X2    | 0.083 |   3.800 |    3.825 | 
     | datapath/branch_or_inc_4/FE_OFC611_IFID_takeBranch | A ^ -> Z ^   | BUF_X2    | 0.120 |   3.921 |    3.945 | 
     | datapath/branch_or_inc_4/g814__5477                | S ^ -> Z v   | MUX2_X1   | 0.225 |   4.146 |    4.170 | 
     | datapath/IF_pc_reg[4]                              | D v          | SDFFR_X1  | 0.000 |   4.146 |    4.170 | 
     +------------------------------------------------------------------------------------------------------------+ 
Path 27: MET Setup Check with Pin datapath/IF_pc_reg[18]/CK 
Endpoint:   datapath/IF_pc_reg[18]/D      (v) checked with  leading edge of 
'clk'
Beginpoint: datapath/IFID_instr_reg[23]/Q (^) triggered by  leading edge of 
'clk'
Path Groups: {reg2reg}
Analysis View: RPT_SLOW
Other End Arrival Time          0.412
- Setup                         0.242
+ Phase Shift                   4.100
+ CPPR Adjustment               0.000
- Uncertainty                   0.100
= Required Time                 4.170
- Arrival Time                  4.145
= Slack Time                    0.025
     Clock Rise Edge                 0.000
     + Clock Network Latency (Prop)  0.422
     = Beginpoint Arrival Time       0.422
     +------------------------------------------------------------------------------------------------------------+ 
     |                      Instance                      |     Arc      |   Cell    | Delay | Arrival | Required | 
     |                                                    |              |           |       |  Time   |   Time   | 
     |----------------------------------------------------+--------------+-----------+-------+---------+----------| 
     | datapath/IFID_instr_reg[23]                        | CK ^         |           |       |   0.422 |    0.447 | 
     | datapath/IFID_instr_reg[23]                        | CK ^ -> Q ^  | DFFR_X1   | 0.465 |   0.887 |    0.911 | 
     | datapath/FE_OFC31_IFID_rs2_3                       | A ^ -> Z ^   | BUF_X2    | 0.170 |   1.056 |    1.081 | 
     | branch_forward/g1283__5115                         | A ^ -> ZN ^  | XNOR2_X1  | 0.137 |   1.194 |    1.218 | 
     | branch_forward/g1267__2398                         | A3 ^ -> ZN ^ | AND4_X1   | 0.191 |   1.384 |    1.409 | 
     | branch_forward/g1260__2346                         | A2 ^ -> ZN v | NAND3_X1  | 0.070 |   1.454 |    1.479 | 
     | branch_forward/g1255__4733                         | A2 v -> ZN ^ | NOR2_X1   | 0.198 |   1.652 |    1.677 | 
     | datapath/g26699                                    | A1 ^ -> ZN v | NOR2_X1   | 0.044 |   1.696 |    1.721 | 
     | datapath/g26648                                    | A1 v -> ZN v | OR2_X2    | 0.235 |   1.931 |    1.956 | 
     | datapath/FE_OFC639_n_780                           | A v -> ZN ^  | INV_X2    | 0.200 |   2.131 |    2.155 | 
     | datapath/g26394                                    | B1 ^ -> ZN v | AOI222_X1 | 0.095 |   2.225 |    2.250 | 
     | datapath/FE_OFC180_LT_TC_OP_n_28                   | A v -> Z v   | BUF_X1    | 0.133 |   2.358 |    2.383 | 
     | datapath/LT_TC_OP_g1757                            | C2 v -> ZN ^ | AOI222_X1 | 0.394 |   2.753 |    2.778 | 
     | datapath/LT_TC_OP_g1750                            | B1 ^ -> ZN v | OAI221_X1 | 0.145 |   2.897 |    2.922 | 
     | datapath/LT_TC_OP_g1747                            | C1 v -> ZN ^ | AOI221_X1 | 0.251 |   3.149 |    3.173 | 
     | datapath/FE_RC_282_0                               | C1 ^ -> ZN v | OAI221_X1 | 0.119 |   3.267 |    3.292 | 
     | datapath/LT_TC_OP_g1745                            | C1 v -> ZN ^ | AOI221_X1 | 0.181 |   3.448 |    3.473 | 
     | datapath/FE_OFC613_IFID_lessThan                   | A ^ -> Z ^   | BUF_X1    | 0.154 |   3.602 |    3.627 | 
     | datapath/g16081                                    | A1 ^ -> ZN ^ | AND2_X1   | 0.116 |   3.718 |    3.742 | 
     | datapath/g16079                                    | A1 ^ -> ZN ^ | OR2_X2    | 0.083 |   3.800 |    3.825 | 
     | datapath/branch_or_inc_4/FE_OFC611_IFID_takeBranch | A ^ -> Z ^   | BUF_X2    | 0.120 |   3.921 |    3.946 | 
     | datapath/branch_or_inc_4/g812__7410                | S ^ -> Z v   | MUX2_X1   | 0.224 |   4.145 |    4.170 | 
     | datapath/IF_pc_reg[18]                             | D v          | SDFFR_X1  | 0.000 |   4.145 |    4.170 | 
     +------------------------------------------------------------------------------------------------------------+ 
Path 28: MET Setup Check with Pin datapath/IF_pc_reg[3]/CK 
Endpoint:   datapath/IF_pc_reg[3]/D       (v) checked with  leading edge of 
'clk'
Beginpoint: datapath/IFID_instr_reg[23]/Q (^) triggered by  leading edge of 
'clk'
Path Groups: {reg2reg}
Analysis View: RPT_SLOW
Other End Arrival Time          0.412
- Setup                         0.242
+ Phase Shift                   4.100
+ CPPR Adjustment               0.000
- Uncertainty                   0.100
= Required Time                 4.170
- Arrival Time                  4.145
= Slack Time                    0.025
     Clock Rise Edge                 0.000
     + Clock Network Latency (Prop)  0.422
     = Beginpoint Arrival Time       0.422
     +------------------------------------------------------------------------------------------------------------+ 
     |                      Instance                      |     Arc      |   Cell    | Delay | Arrival | Required | 
     |                                                    |              |           |       |  Time   |   Time   | 
     |----------------------------------------------------+--------------+-----------+-------+---------+----------| 
     | datapath/IFID_instr_reg[23]                        | CK ^         |           |       |   0.422 |    0.447 | 
     | datapath/IFID_instr_reg[23]                        | CK ^ -> Q ^  | DFFR_X1   | 0.465 |   0.887 |    0.911 | 
     | datapath/FE_OFC31_IFID_rs2_3                       | A ^ -> Z ^   | BUF_X2    | 0.170 |   1.056 |    1.081 | 
     | branch_forward/g1283__5115                         | A ^ -> ZN ^  | XNOR2_X1  | 0.137 |   1.194 |    1.218 | 
     | branch_forward/g1267__2398                         | A3 ^ -> ZN ^ | AND4_X1   | 0.191 |   1.384 |    1.409 | 
     | branch_forward/g1260__2346                         | A2 ^ -> ZN v | NAND3_X1  | 0.070 |   1.454 |    1.479 | 
     | branch_forward/g1255__4733                         | A2 v -> ZN ^ | NOR2_X1   | 0.198 |   1.652 |    1.677 | 
     | datapath/g26699                                    | A1 ^ -> ZN v | NOR2_X1   | 0.044 |   1.696 |    1.721 | 
     | datapath/g26648                                    | A1 v -> ZN v | OR2_X2    | 0.235 |   1.931 |    1.956 | 
     | datapath/FE_OFC639_n_780                           | A v -> ZN ^  | INV_X2    | 0.200 |   2.131 |    2.155 | 
     | datapath/g26394                                    | B1 ^ -> ZN v | AOI222_X1 | 0.095 |   2.225 |    2.250 | 
     | datapath/FE_OFC180_LT_TC_OP_n_28                   | A v -> Z v   | BUF_X1    | 0.133 |   2.358 |    2.383 | 
     | datapath/LT_TC_OP_g1757                            | C2 v -> ZN ^ | AOI222_X1 | 0.394 |   2.753 |    2.778 | 
     | datapath/LT_TC_OP_g1750                            | B1 ^ -> ZN v | OAI221_X1 | 0.145 |   2.897 |    2.922 | 
     | datapath/LT_TC_OP_g1747                            | C1 v -> ZN ^ | AOI221_X1 | 0.251 |   3.149 |    3.174 | 
     | datapath/FE_RC_282_0                               | C1 ^ -> ZN v | OAI221_X1 | 0.119 |   3.267 |    3.292 | 
     | datapath/LT_TC_OP_g1745                            | C1 v -> ZN ^ | AOI221_X1 | 0.181 |   3.448 |    3.473 | 
     | datapath/FE_OFC613_IFID_lessThan                   | A ^ -> Z ^   | BUF_X1    | 0.154 |   3.602 |    3.627 | 
     | datapath/g16081                                    | A1 ^ -> ZN ^ | AND2_X1   | 0.116 |   3.718 |    3.743 | 
     | datapath/g16079                                    | A1 ^ -> ZN ^ | OR2_X2    | 0.083 |   3.800 |    3.825 | 
     | datapath/branch_or_inc_4/FE_OFC611_IFID_takeBranch | A ^ -> Z ^   | BUF_X2    | 0.120 |   3.921 |    3.946 | 
     | datapath/branch_or_inc_4/g815__2398                | S ^ -> Z v   | MUX2_X1   | 0.225 |   4.145 |    4.170 | 
     | datapath/IF_pc_reg[3]                              | D v          | SDFFR_X1  | 0.000 |   4.145 |    4.170 | 
     +------------------------------------------------------------------------------------------------------------+ 
Path 29: MET Setup Check with Pin datapath/IF_pc_reg[17]/CK 
Endpoint:   datapath/IF_pc_reg[17]/D      (v) checked with  leading edge of 
'clk'
Beginpoint: datapath/IFID_instr_reg[23]/Q (^) triggered by  leading edge of 
'clk'
Path Groups: {reg2reg}
Analysis View: RPT_SLOW
Other End Arrival Time          0.412
- Setup                         0.242
+ Phase Shift                   4.100
+ CPPR Adjustment               0.000
- Uncertainty                   0.100
= Required Time                 4.170
- Arrival Time                  4.145
= Slack Time                    0.025
     Clock Rise Edge                 0.000
     + Clock Network Latency (Prop)  0.422
     = Beginpoint Arrival Time       0.422
     +------------------------------------------------------------------------------------------------------------+ 
     |                      Instance                      |     Arc      |   Cell    | Delay | Arrival | Required | 
     |                                                    |              |           |       |  Time   |   Time   | 
     |----------------------------------------------------+--------------+-----------+-------+---------+----------| 
     | datapath/IFID_instr_reg[23]                        | CK ^         |           |       |   0.422 |    0.447 | 
     | datapath/IFID_instr_reg[23]                        | CK ^ -> Q ^  | DFFR_X1   | 0.465 |   0.887 |    0.912 | 
     | datapath/FE_OFC31_IFID_rs2_3                       | A ^ -> Z ^   | BUF_X2    | 0.170 |   1.056 |    1.082 | 
     | branch_forward/g1283__5115                         | A ^ -> ZN ^  | XNOR2_X1  | 0.137 |   1.194 |    1.219 | 
     | branch_forward/g1267__2398                         | A3 ^ -> ZN ^ | AND4_X1   | 0.191 |   1.384 |    1.410 | 
     | branch_forward/g1260__2346                         | A2 ^ -> ZN v | NAND3_X1  | 0.070 |   1.454 |    1.479 | 
     | branch_forward/g1255__4733                         | A2 v -> ZN ^ | NOR2_X1   | 0.198 |   1.652 |    1.678 | 
     | datapath/g26699                                    | A1 ^ -> ZN v | NOR2_X1   | 0.044 |   1.696 |    1.721 | 
     | datapath/g26648                                    | A1 v -> ZN v | OR2_X2    | 0.235 |   1.931 |    1.956 | 
     | datapath/FE_OFC639_n_780                           | A v -> ZN ^  | INV_X2    | 0.200 |   2.131 |    2.156 | 
     | datapath/g26394                                    | B1 ^ -> ZN v | AOI222_X1 | 0.095 |   2.225 |    2.251 | 
     | datapath/FE_OFC180_LT_TC_OP_n_28                   | A v -> Z v   | BUF_X1    | 0.133 |   2.358 |    2.384 | 
     | datapath/LT_TC_OP_g1757                            | C2 v -> ZN ^ | AOI222_X1 | 0.394 |   2.753 |    2.778 | 
     | datapath/LT_TC_OP_g1750                            | B1 ^ -> ZN v | OAI221_X1 | 0.145 |   2.897 |    2.923 | 
     | datapath/LT_TC_OP_g1747                            | C1 v -> ZN ^ | AOI221_X1 | 0.251 |   3.149 |    3.174 | 
     | datapath/FE_RC_282_0                               | C1 ^ -> ZN v | OAI221_X1 | 0.119 |   3.267 |    3.293 | 
     | datapath/LT_TC_OP_g1745                            | C1 v -> ZN ^ | AOI221_X1 | 0.181 |   3.448 |    3.473 | 
     | datapath/FE_OFC613_IFID_lessThan                   | A ^ -> Z ^   | BUF_X1    | 0.154 |   3.602 |    3.627 | 
     | datapath/g16081                                    | A1 ^ -> ZN ^ | AND2_X1   | 0.116 |   3.718 |    3.743 | 
     | datapath/g16079                                    | A1 ^ -> ZN ^ | OR2_X2    | 0.083 |   3.800 |    3.826 | 
     | datapath/branch_or_inc_4/FE_OFC611_IFID_takeBranch | A ^ -> Z ^   | BUF_X2    | 0.120 |   3.921 |    3.946 | 
     | datapath/branch_or_inc_4/g817__6260                | S ^ -> Z v   | MUX2_X1   | 0.224 |   4.145 |    4.170 | 
     | datapath/IF_pc_reg[17]                             | D v          | SDFFR_X1  | 0.000 |   4.145 |    4.170 | 
     +------------------------------------------------------------------------------------------------------------+ 
Path 30: MET Setup Check with Pin datapath/IFID_instr_reg[10]/CK 
Endpoint:   datapath/IFID_instr_reg[10]/D (v) checked with  leading edge of 
'clk'
Beginpoint: datapath/IFID_instr_reg[23]/Q (^) triggered by  leading edge of 
'clk'
Path Groups: {reg2reg}
Analysis View: RPT_SLOW
Other End Arrival Time          0.394
- Setup                         0.139
+ Phase Shift                   4.100
+ CPPR Adjustment               0.000
- Uncertainty                   0.100
= Required Time                 4.256
- Arrival Time                  4.226
= Slack Time                    0.029
     Clock Rise Edge                 0.000
     + Clock Network Latency (Prop)  0.422
     = Beginpoint Arrival Time       0.422
     +------------------------------------------------------------------------------------------+ 
     |             Instance             |     Arc      |   Cell    | Delay | Arrival | Required | 
     |                                  |              |           |       |  Time   |   Time   | 
     |----------------------------------+--------------+-----------+-------+---------+----------| 
     | datapath/IFID_instr_reg[23]      | CK ^         |           |       |   0.422 |    0.451 | 
     | datapath/IFID_instr_reg[23]      | CK ^ -> Q ^  | DFFR_X1   | 0.465 |   0.887 |    0.916 | 
     | datapath/FE_OFC31_IFID_rs2_3     | A ^ -> Z ^   | BUF_X2    | 0.170 |   1.056 |    1.086 | 
     | branch_forward/g1283__5115       | A ^ -> ZN ^  | XNOR2_X1  | 0.137 |   1.194 |    1.223 | 
     | branch_forward/g1267__2398       | A3 ^ -> ZN ^ | AND4_X1   | 0.191 |   1.384 |    1.413 | 
     | branch_forward/g1260__2346       | A2 ^ -> ZN v | NAND3_X1  | 0.070 |   1.454 |    1.483 | 
     | branch_forward/g1255__4733       | A2 v -> ZN ^ | NOR2_X1   | 0.198 |   1.652 |    1.682 | 
     | datapath/g26699                  | A1 ^ -> ZN v | NOR2_X1   | 0.044 |   1.696 |    1.725 | 
     | datapath/g26648                  | A1 v -> ZN v | OR2_X2    | 0.235 |   1.931 |    1.960 | 
     | datapath/FE_OFC639_n_780         | A v -> ZN ^  | INV_X2    | 0.200 |   2.131 |    2.160 | 
     | datapath/g26394                  | B1 ^ -> ZN v | AOI222_X1 | 0.095 |   2.225 |    2.255 | 
     | datapath/FE_OFC180_LT_TC_OP_n_28 | A v -> Z v   | BUF_X1    | 0.133 |   2.358 |    2.388 | 
     | datapath/LT_TC_OP_g1757          | C2 v -> ZN ^ | AOI222_X1 | 0.394 |   2.753 |    2.782 | 
     | datapath/LT_TC_OP_g1750          | B1 ^ -> ZN v | OAI221_X1 | 0.145 |   2.897 |    2.927 | 
     | datapath/LT_TC_OP_g1747          | C1 v -> ZN ^ | AOI221_X1 | 0.251 |   3.149 |    3.178 | 
     | datapath/FE_RC_282_0             | C1 ^ -> ZN v | OAI221_X1 | 0.119 |   3.267 |    3.297 | 
     | datapath/LT_TC_OP_g1745          | C1 v -> ZN ^ | AOI221_X1 | 0.181 |   3.448 |    3.477 | 
     | datapath/FE_OFC613_IFID_lessThan | A ^ -> Z ^   | BUF_X1    | 0.154 |   3.602 |    3.631 | 
     | datapath/g16081                  | A1 ^ -> ZN ^ | AND2_X1   | 0.116 |   3.718 |    3.747 | 
     | datapath/g16079                  | A1 ^ -> ZN ^ | OR2_X2    | 0.083 |   3.800 |    3.830 | 
     | g1059                            | A1 ^ -> ZN ^ | AND2_X1   | 0.110 |   3.910 |    3.939 | 
     | datapath/FE_OFC394_IFID_flush    | A ^ -> Z ^   | CLKBUF_X3 | 0.263 |   4.173 |    4.203 | 
     | datapath/g35527                  | A1 ^ -> ZN v | NOR2_X1   | 0.053 |   4.226 |    4.256 | 
     | datapath/IFID_instr_reg[10]      | D v          | DFFR_X1   | 0.000 |   4.226 |    4.256 | 
     +------------------------------------------------------------------------------------------+ 
Path 31: MET Setup Check with Pin datapath/IFID_instr_reg[4]/CK 
Endpoint:   datapath/IFID_instr_reg[4]/D  (v) checked with  leading edge of 
'clk'
Beginpoint: datapath/IFID_instr_reg[23]/Q (^) triggered by  leading edge of 
'clk'
Path Groups: {reg2reg}
Analysis View: RPT_SLOW
Other End Arrival Time          0.394
- Setup                         0.138
+ Phase Shift                   4.100
+ CPPR Adjustment               0.000
- Uncertainty                   0.100
= Required Time                 4.256
- Arrival Time                  4.225
= Slack Time                    0.031
     Clock Rise Edge                 0.000
     + Clock Network Latency (Prop)  0.422
     = Beginpoint Arrival Time       0.422
     +------------------------------------------------------------------------------------------+ 
     |             Instance             |     Arc      |   Cell    | Delay | Arrival | Required | 
     |                                  |              |           |       |  Time   |   Time   | 
     |----------------------------------+--------------+-----------+-------+---------+----------| 
     | datapath/IFID_instr_reg[23]      | CK ^         |           |       |   0.422 |    0.453 | 
     | datapath/IFID_instr_reg[23]      | CK ^ -> Q ^  | DFFR_X1   | 0.465 |   0.887 |    0.917 | 
     | datapath/FE_OFC31_IFID_rs2_3     | A ^ -> Z ^   | BUF_X2    | 0.170 |   1.056 |    1.087 | 
     | branch_forward/g1283__5115       | A ^ -> ZN ^  | XNOR2_X1  | 0.137 |   1.194 |    1.224 | 
     | branch_forward/g1267__2398       | A3 ^ -> ZN ^ | AND4_X1   | 0.191 |   1.384 |    1.415 | 
     | branch_forward/g1260__2346       | A2 ^ -> ZN v | NAND3_X1  | 0.070 |   1.454 |    1.485 | 
     | branch_forward/g1255__4733       | A2 v -> ZN ^ | NOR2_X1   | 0.198 |   1.652 |    1.683 | 
     | datapath/g26699                  | A1 ^ -> ZN v | NOR2_X1   | 0.044 |   1.696 |    1.726 | 
     | datapath/g26648                  | A1 v -> ZN v | OR2_X2    | 0.235 |   1.931 |    1.962 | 
     | datapath/FE_OFC639_n_780         | A v -> ZN ^  | INV_X2    | 0.200 |   2.131 |    2.161 | 
     | datapath/g26394                  | B1 ^ -> ZN v | AOI222_X1 | 0.095 |   2.225 |    2.256 | 
     | datapath/FE_OFC180_LT_TC_OP_n_28 | A v -> Z v   | BUF_X1    | 0.133 |   2.358 |    2.389 | 
     | datapath/LT_TC_OP_g1757          | C2 v -> ZN ^ | AOI222_X1 | 0.394 |   2.753 |    2.783 | 
     | datapath/LT_TC_OP_g1750          | B1 ^ -> ZN v | OAI221_X1 | 0.145 |   2.897 |    2.928 | 
     | datapath/LT_TC_OP_g1747          | C1 v -> ZN ^ | AOI221_X1 | 0.251 |   3.149 |    3.179 | 
     | datapath/FE_RC_282_0             | C1 ^ -> ZN v | OAI221_X1 | 0.119 |   3.267 |    3.298 | 
     | datapath/LT_TC_OP_g1745          | C1 v -> ZN ^ | AOI221_X1 | 0.181 |   3.448 |    3.478 | 
     | datapath/FE_OFC613_IFID_lessThan | A ^ -> Z ^   | BUF_X1    | 0.154 |   3.602 |    3.633 | 
     | datapath/g16081                  | A1 ^ -> ZN ^ | AND2_X1   | 0.116 |   3.718 |    3.748 | 
     | datapath/g16079                  | A1 ^ -> ZN ^ | OR2_X2    | 0.083 |   3.800 |    3.831 | 
     | g1059                            | A1 ^ -> ZN ^ | AND2_X1   | 0.110 |   3.910 |    3.941 | 
     | datapath/FE_OFC394_IFID_flush    | A ^ -> Z ^   | CLKBUF_X3 | 0.263 |   4.173 |    4.204 | 
     | datapath/g35453                  | A1 ^ -> ZN v | NOR2_X1   | 0.052 |   4.225 |    4.256 | 
     | datapath/IFID_instr_reg[4]       | D v          | DFFR_X1   | 0.000 |   4.225 |    4.256 | 
     +------------------------------------------------------------------------------------------+ 
Path 32: MET Setup Check with Pin datapath/IFID_instr_reg[11]/CK 
Endpoint:   datapath/IFID_instr_reg[11]/D (v) checked with  leading edge of 
'clk'
Beginpoint: datapath/IFID_instr_reg[23]/Q (^) triggered by  leading edge of 
'clk'
Path Groups: {reg2reg}
Analysis View: RPT_SLOW
Other End Arrival Time          0.394
- Setup                         0.138
+ Phase Shift                   4.100
+ CPPR Adjustment               0.000
- Uncertainty                   0.100
= Required Time                 4.256
- Arrival Time                  4.224
= Slack Time                    0.031
     Clock Rise Edge                 0.000
     + Clock Network Latency (Prop)  0.422
     = Beginpoint Arrival Time       0.422
     +------------------------------------------------------------------------------------------+ 
     |             Instance             |     Arc      |   Cell    | Delay | Arrival | Required | 
     |                                  |              |           |       |  Time   |   Time   | 
     |----------------------------------+--------------+-----------+-------+---------+----------| 
     | datapath/IFID_instr_reg[23]      | CK ^         |           |       |   0.422 |    0.454 | 
     | datapath/IFID_instr_reg[23]      | CK ^ -> Q ^  | DFFR_X1   | 0.465 |   0.887 |    0.918 | 
     | datapath/FE_OFC31_IFID_rs2_3     | A ^ -> Z ^   | BUF_X2    | 0.170 |   1.056 |    1.088 | 
     | branch_forward/g1283__5115       | A ^ -> ZN ^  | XNOR2_X1  | 0.137 |   1.194 |    1.225 | 
     | branch_forward/g1267__2398       | A3 ^ -> ZN ^ | AND4_X1   | 0.191 |   1.384 |    1.416 | 
     | branch_forward/g1260__2346       | A2 ^ -> ZN v | NAND3_X1  | 0.070 |   1.454 |    1.486 | 
     | branch_forward/g1255__4733       | A2 v -> ZN ^ | NOR2_X1   | 0.198 |   1.652 |    1.684 | 
     | datapath/g26699                  | A1 ^ -> ZN v | NOR2_X1   | 0.044 |   1.696 |    1.727 | 
     | datapath/g26648                  | A1 v -> ZN v | OR2_X2    | 0.235 |   1.931 |    1.962 | 
     | datapath/FE_OFC639_n_780         | A v -> ZN ^  | INV_X2    | 0.200 |   2.131 |    2.162 | 
     | datapath/g26394                  | B1 ^ -> ZN v | AOI222_X1 | 0.095 |   2.225 |    2.257 | 
     | datapath/FE_OFC180_LT_TC_OP_n_28 | A v -> Z v   | BUF_X1    | 0.133 |   2.358 |    2.390 | 
     | datapath/LT_TC_OP_g1757          | C2 v -> ZN ^ | AOI222_X1 | 0.394 |   2.753 |    2.784 | 
     | datapath/LT_TC_OP_g1750          | B1 ^ -> ZN v | OAI221_X1 | 0.145 |   2.897 |    2.929 | 
     | datapath/LT_TC_OP_g1747          | C1 v -> ZN ^ | AOI221_X1 | 0.251 |   3.149 |    3.180 | 
     | datapath/FE_RC_282_0             | C1 ^ -> ZN v | OAI221_X1 | 0.119 |   3.267 |    3.299 | 
     | datapath/LT_TC_OP_g1745          | C1 v -> ZN ^ | AOI221_X1 | 0.181 |   3.448 |    3.479 | 
     | datapath/FE_OFC613_IFID_lessThan | A ^ -> Z ^   | BUF_X1    | 0.154 |   3.602 |    3.634 | 
     | datapath/g16081                  | A1 ^ -> ZN ^ | AND2_X1   | 0.116 |   3.718 |    3.749 | 
     | datapath/g16079                  | A1 ^ -> ZN ^ | OR2_X2    | 0.083 |   3.800 |    3.832 | 
     | g1059                            | A1 ^ -> ZN ^ | AND2_X1   | 0.110 |   3.910 |    3.942 | 
     | datapath/FE_OFC394_IFID_flush    | A ^ -> Z ^   | CLKBUF_X3 | 0.263 |   4.173 |    4.205 | 
     | datapath/g35449                  | A1 ^ -> ZN v | NOR2_X1   | 0.051 |   4.224 |    4.256 | 
     | datapath/IFID_instr_reg[11]      | D v          | DFFR_X1   | 0.000 |   4.224 |    4.256 | 
     +------------------------------------------------------------------------------------------+ 
Path 33: MET Setup Check with Pin datapath/IFID_instr_reg[9]/CK 
Endpoint:   datapath/IFID_instr_reg[9]/D  (v) checked with  leading edge of 
'clk'
Beginpoint: datapath/IFID_instr_reg[23]/Q (^) triggered by  leading edge of 
'clk'
Path Groups: {reg2reg}
Analysis View: RPT_SLOW
Other End Arrival Time          0.394
- Setup                         0.138
+ Phase Shift                   4.100
+ CPPR Adjustment               0.000
- Uncertainty                   0.100
= Required Time                 4.256
- Arrival Time                  4.223
= Slack Time                    0.033
     Clock Rise Edge                 0.000
     + Clock Network Latency (Prop)  0.422
     = Beginpoint Arrival Time       0.422
     +------------------------------------------------------------------------------------------+ 
     |             Instance             |     Arc      |   Cell    | Delay | Arrival | Required | 
     |                                  |              |           |       |  Time   |   Time   | 
     |----------------------------------+--------------+-----------+-------+---------+----------| 
     | datapath/IFID_instr_reg[23]      | CK ^         |           |       |   0.422 |    0.456 | 
     | datapath/IFID_instr_reg[23]      | CK ^ -> Q ^  | DFFR_X1   | 0.465 |   0.887 |    0.920 | 
     | datapath/FE_OFC31_IFID_rs2_3     | A ^ -> Z ^   | BUF_X2    | 0.170 |   1.056 |    1.090 | 
     | branch_forward/g1283__5115       | A ^ -> ZN ^  | XNOR2_X1  | 0.137 |   1.194 |    1.227 | 
     | branch_forward/g1267__2398       | A3 ^ -> ZN ^ | AND4_X1   | 0.191 |   1.384 |    1.418 | 
     | branch_forward/g1260__2346       | A2 ^ -> ZN v | NAND3_X1  | 0.070 |   1.454 |    1.488 | 
     | branch_forward/g1255__4733       | A2 v -> ZN ^ | NOR2_X1   | 0.198 |   1.652 |    1.686 | 
     | datapath/g26699                  | A1 ^ -> ZN v | NOR2_X1   | 0.044 |   1.696 |    1.729 | 
     | datapath/g26648                  | A1 v -> ZN v | OR2_X2    | 0.235 |   1.931 |    1.964 | 
     | datapath/FE_OFC639_n_780         | A v -> ZN ^  | INV_X2    | 0.200 |   2.131 |    2.164 | 
     | datapath/g26394                  | B1 ^ -> ZN v | AOI222_X1 | 0.095 |   2.225 |    2.259 | 
     | datapath/FE_OFC180_LT_TC_OP_n_28 | A v -> Z v   | BUF_X1    | 0.133 |   2.358 |    2.392 | 
     | datapath/LT_TC_OP_g1757          | C2 v -> ZN ^ | AOI222_X1 | 0.394 |   2.753 |    2.786 | 
     | datapath/LT_TC_OP_g1750          | B1 ^ -> ZN v | OAI221_X1 | 0.145 |   2.897 |    2.931 | 
     | datapath/LT_TC_OP_g1747          | C1 v -> ZN ^ | AOI221_X1 | 0.251 |   3.149 |    3.182 | 
     | datapath/FE_RC_282_0             | C1 ^ -> ZN v | OAI221_X1 | 0.119 |   3.267 |    3.301 | 
     | datapath/LT_TC_OP_g1745          | C1 v -> ZN ^ | AOI221_X1 | 0.181 |   3.448 |    3.481 | 
     | datapath/FE_OFC613_IFID_lessThan | A ^ -> Z ^   | BUF_X1    | 0.154 |   3.602 |    3.636 | 
     | datapath/g16081                  | A1 ^ -> ZN ^ | AND2_X1   | 0.116 |   3.718 |    3.751 | 
     | datapath/g16079                  | A1 ^ -> ZN ^ | OR2_X2    | 0.083 |   3.800 |    3.834 | 
     | g1059                            | A1 ^ -> ZN ^ | AND2_X1   | 0.110 |   3.910 |    3.944 | 
     | datapath/FE_OFC394_IFID_flush    | A ^ -> Z ^   | CLKBUF_X3 | 0.263 |   4.173 |    4.207 | 
     | datapath/g35528                  | A1 ^ -> ZN v | NOR2_X1   | 0.049 |   4.223 |    4.256 | 
     | datapath/IFID_instr_reg[9]       | D v          | DFFR_X1   | 0.000 |   4.223 |    4.256 | 
     +------------------------------------------------------------------------------------------+ 
Path 34: MET Setup Check with Pin datapath/IFID_pc_reg[1]/CK 
Endpoint:   datapath/IFID_pc_reg[1]/D     (v) checked with  leading edge of 
'clk'
Beginpoint: datapath/IFID_instr_reg[23]/Q (^) triggered by  leading edge of 
'clk'
Path Groups: {reg2reg}
Analysis View: RPT_SLOW
Other End Arrival Time          0.407
- Setup                         0.143
+ Phase Shift                   4.100
+ CPPR Adjustment               0.000
- Uncertainty                   0.100
= Required Time                 4.264
- Arrival Time                  4.224
= Slack Time                    0.040
     Clock Rise Edge                 0.000
     + Clock Network Latency (Prop)  0.422
     = Beginpoint Arrival Time       0.422
     +------------------------------------------------------------------------------------------+ 
     |             Instance             |     Arc      |   Cell    | Delay | Arrival | Required | 
     |                                  |              |           |       |  Time   |   Time   | 
     |----------------------------------+--------------+-----------+-------+---------+----------| 
     | datapath/IFID_instr_reg[23]      | CK ^         |           |       |   0.422 |    0.462 | 
     | datapath/IFID_instr_reg[23]      | CK ^ -> Q ^  | DFFR_X1   | 0.465 |   0.887 |    0.926 | 
     | datapath/FE_OFC31_IFID_rs2_3     | A ^ -> Z ^   | BUF_X2    | 0.170 |   1.056 |    1.096 | 
     | branch_forward/g1283__5115       | A ^ -> ZN ^  | XNOR2_X1  | 0.137 |   1.194 |    1.233 | 
     | branch_forward/g1267__2398       | A3 ^ -> ZN ^ | AND4_X1   | 0.191 |   1.384 |    1.424 | 
     | branch_forward/g1260__2346       | A2 ^ -> ZN v | NAND3_X1  | 0.070 |   1.454 |    1.494 | 
     | branch_forward/g1255__4733       | A2 v -> ZN ^ | NOR2_X1   | 0.198 |   1.652 |    1.692 | 
     | datapath/g26699                  | A1 ^ -> ZN v | NOR2_X1   | 0.044 |   1.696 |    1.735 | 
     | datapath/g26648                  | A1 v -> ZN v | OR2_X2    | 0.235 |   1.931 |    1.971 | 
     | datapath/FE_OFC639_n_780         | A v -> ZN ^  | INV_X2    | 0.200 |   2.131 |    2.170 | 
     | datapath/g26394                  | B1 ^ -> ZN v | AOI222_X1 | 0.095 |   2.225 |    2.265 | 
     | datapath/FE_OFC180_LT_TC_OP_n_28 | A v -> Z v   | BUF_X1    | 0.133 |   2.358 |    2.398 | 
     | datapath/LT_TC_OP_g1757          | C2 v -> ZN ^ | AOI222_X1 | 0.394 |   2.753 |    2.792 | 
     | datapath/LT_TC_OP_g1750          | B1 ^ -> ZN v | OAI221_X1 | 0.145 |   2.897 |    2.937 | 
     | datapath/LT_TC_OP_g1747          | C1 v -> ZN ^ | AOI221_X1 | 0.251 |   3.149 |    3.188 | 
     | datapath/FE_RC_282_0             | C1 ^ -> ZN v | OAI221_X1 | 0.119 |   3.267 |    3.307 | 
     | datapath/LT_TC_OP_g1745          | C1 v -> ZN ^ | AOI221_X1 | 0.181 |   3.448 |    3.487 | 
     | datapath/FE_OFC613_IFID_lessThan | A ^ -> Z ^   | BUF_X1    | 0.154 |   3.602 |    3.642 | 
     | datapath/g16081                  | A1 ^ -> ZN ^ | AND2_X1   | 0.116 |   3.718 |    3.757 | 
     | datapath/g16079                  | A1 ^ -> ZN ^ | OR2_X2    | 0.083 |   3.800 |    3.840 | 
     | g1059                            | A1 ^ -> ZN ^ | AND2_X1   | 0.110 |   3.910 |    3.950 | 
     | datapath/FE_OFC394_IFID_flush    | A ^ -> Z ^   | CLKBUF_X3 | 0.263 |   4.173 |    4.213 | 
     | datapath/g35466                  | A1 ^ -> ZN v | NOR2_X1   | 0.051 |   4.224 |    4.264 | 
     | datapath/IFID_pc_reg[1]          | D v          | DFFR_X1   | 0.000 |   4.224 |    4.264 | 
     +------------------------------------------------------------------------------------------+ 
Path 35: MET Setup Check with Pin datapath/IFID_pc_reg[2]/CK 
Endpoint:   datapath/IFID_pc_reg[2]/D     (v) checked with  leading edge of 
'clk'
Beginpoint: datapath/IFID_instr_reg[23]/Q (^) triggered by  leading edge of 
'clk'
Path Groups: {reg2reg}
Analysis View: RPT_SLOW
Other End Arrival Time          0.407
- Setup                         0.143
+ Phase Shift                   4.100
+ CPPR Adjustment               0.000
- Uncertainty                   0.100
= Required Time                 4.264
- Arrival Time                  4.223
= Slack Time                    0.041
     Clock Rise Edge                 0.000
     + Clock Network Latency (Prop)  0.422
     = Beginpoint Arrival Time       0.422
     +------------------------------------------------------------------------------------------+ 
     |             Instance             |     Arc      |   Cell    | Delay | Arrival | Required | 
     |                                  |              |           |       |  Time   |   Time   | 
     |----------------------------------+--------------+-----------+-------+---------+----------| 
     | datapath/IFID_instr_reg[23]      | CK ^         |           |       |   0.422 |    0.463 | 
     | datapath/IFID_instr_reg[23]      | CK ^ -> Q ^  | DFFR_X1   | 0.465 |   0.887 |    0.927 | 
     | datapath/FE_OFC31_IFID_rs2_3     | A ^ -> Z ^   | BUF_X2    | 0.170 |   1.056 |    1.097 | 
     | branch_forward/g1283__5115       | A ^ -> ZN ^  | XNOR2_X1  | 0.137 |   1.194 |    1.234 | 
     | branch_forward/g1267__2398       | A3 ^ -> ZN ^ | AND4_X1   | 0.191 |   1.384 |    1.425 | 
     | branch_forward/g1260__2346       | A2 ^ -> ZN v | NAND3_X1  | 0.070 |   1.454 |    1.495 | 
     | branch_forward/g1255__4733       | A2 v -> ZN ^ | NOR2_X1   | 0.198 |   1.652 |    1.693 | 
     | datapath/g26699                  | A1 ^ -> ZN v | NOR2_X1   | 0.044 |   1.696 |    1.736 | 
     | datapath/g26648                  | A1 v -> ZN v | OR2_X2    | 0.235 |   1.931 |    1.972 | 
     | datapath/FE_OFC639_n_780         | A v -> ZN ^  | INV_X2    | 0.200 |   2.131 |    2.171 | 
     | datapath/g26394                  | B1 ^ -> ZN v | AOI222_X1 | 0.095 |   2.225 |    2.266 | 
     | datapath/FE_OFC180_LT_TC_OP_n_28 | A v -> Z v   | BUF_X1    | 0.133 |   2.358 |    2.399 | 
     | datapath/LT_TC_OP_g1757          | C2 v -> ZN ^ | AOI222_X1 | 0.394 |   2.753 |    2.793 | 
     | datapath/LT_TC_OP_g1750          | B1 ^ -> ZN v | OAI221_X1 | 0.145 |   2.897 |    2.938 | 
     | datapath/LT_TC_OP_g1747          | C1 v -> ZN ^ | AOI221_X1 | 0.251 |   3.149 |    3.189 | 
     | datapath/FE_RC_282_0             | C1 ^ -> ZN v | OAI221_X1 | 0.119 |   3.267 |    3.308 | 
     | datapath/LT_TC_OP_g1745          | C1 v -> ZN ^ | AOI221_X1 | 0.181 |   3.448 |    3.488 | 
     | datapath/FE_OFC613_IFID_lessThan | A ^ -> Z ^   | BUF_X1    | 0.154 |   3.602 |    3.643 | 
     | datapath/g16081                  | A1 ^ -> ZN ^ | AND2_X1   | 0.116 |   3.718 |    3.758 | 
     | datapath/g16079                  | A1 ^ -> ZN ^ | OR2_X2    | 0.083 |   3.800 |    3.841 | 
     | g1059                            | A1 ^ -> ZN ^ | AND2_X1   | 0.110 |   3.910 |    3.951 | 
     | datapath/FE_OFC394_IFID_flush    | A ^ -> Z ^   | CLKBUF_X3 | 0.263 |   4.173 |    4.214 | 
     | datapath/g35467                  | A1 ^ -> ZN v | NOR2_X1   | 0.050 |   4.223 |    4.264 | 
     | datapath/IFID_pc_reg[2]          | D v          | DFFR_X1   | 0.000 |   4.223 |    4.264 | 
     +------------------------------------------------------------------------------------------+ 
Path 36: MET Setup Check with Pin datapath/IFID_instr_reg[8]/CK 
Endpoint:   datapath/IFID_instr_reg[8]/D  (v) checked with  leading edge of 
'clk'
Beginpoint: datapath/IFID_instr_reg[23]/Q (^) triggered by  leading edge of 
'clk'
Path Groups: {reg2reg}
Analysis View: RPT_SLOW
Other End Arrival Time          0.407
- Setup                         0.143
+ Phase Shift                   4.100
+ CPPR Adjustment               0.000
- Uncertainty                   0.100
= Required Time                 4.264
- Arrival Time                  4.223
= Slack Time                    0.041
     Clock Rise Edge                 0.000
     + Clock Network Latency (Prop)  0.422
     = Beginpoint Arrival Time       0.422
     +------------------------------------------------------------------------------------------+ 
     |             Instance             |     Arc      |   Cell    | Delay | Arrival | Required | 
     |                                  |              |           |       |  Time   |   Time   | 
     |----------------------------------+--------------+-----------+-------+---------+----------| 
     | datapath/IFID_instr_reg[23]      | CK ^         |           |       |   0.422 |    0.463 | 
     | datapath/IFID_instr_reg[23]      | CK ^ -> Q ^  | DFFR_X1   | 0.465 |   0.887 |    0.928 | 
     | datapath/FE_OFC31_IFID_rs2_3     | A ^ -> Z ^   | BUF_X2    | 0.170 |   1.056 |    1.098 | 
     | branch_forward/g1283__5115       | A ^ -> ZN ^  | XNOR2_X1  | 0.137 |   1.194 |    1.235 | 
     | branch_forward/g1267__2398       | A3 ^ -> ZN ^ | AND4_X1   | 0.191 |   1.384 |    1.425 | 
     | branch_forward/g1260__2346       | A2 ^ -> ZN v | NAND3_X1  | 0.070 |   1.454 |    1.495 | 
     | branch_forward/g1255__4733       | A2 v -> ZN ^ | NOR2_X1   | 0.198 |   1.652 |    1.693 | 
     | datapath/g26699                  | A1 ^ -> ZN v | NOR2_X1   | 0.044 |   1.696 |    1.737 | 
     | datapath/g26648                  | A1 v -> ZN v | OR2_X2    | 0.235 |   1.931 |    1.972 | 
     | datapath/FE_OFC639_n_780         | A v -> ZN ^  | INV_X2    | 0.200 |   2.131 |    2.172 | 
     | datapath/g26394                  | B1 ^ -> ZN v | AOI222_X1 | 0.095 |   2.225 |    2.267 | 
     | datapath/FE_OFC180_LT_TC_OP_n_28 | A v -> Z v   | BUF_X1    | 0.133 |   2.358 |    2.400 | 
     | datapath/LT_TC_OP_g1757          | C2 v -> ZN ^ | AOI222_X1 | 0.394 |   2.753 |    2.794 | 
     | datapath/LT_TC_OP_g1750          | B1 ^ -> ZN v | OAI221_X1 | 0.145 |   2.897 |    2.939 | 
     | datapath/LT_TC_OP_g1747          | C1 v -> ZN ^ | AOI221_X1 | 0.251 |   3.149 |    3.190 | 
     | datapath/FE_RC_282_0             | C1 ^ -> ZN v | OAI221_X1 | 0.119 |   3.267 |    3.308 | 
     | datapath/LT_TC_OP_g1745          | C1 v -> ZN ^ | AOI221_X1 | 0.181 |   3.448 |    3.489 | 
     | datapath/FE_OFC613_IFID_lessThan | A ^ -> Z ^   | BUF_X1    | 0.154 |   3.602 |    3.643 | 
     | datapath/g16081                  | A1 ^ -> ZN ^ | AND2_X1   | 0.116 |   3.718 |    3.759 | 
     | datapath/g16079                  | A1 ^ -> ZN ^ | OR2_X2    | 0.083 |   3.800 |    3.842 | 
     | g1059                            | A1 ^ -> ZN ^ | AND2_X1   | 0.110 |   3.910 |    3.951 | 
     | datapath/FE_OFC394_IFID_flush    | A ^ -> Z ^   | CLKBUF_X3 | 0.263 |   4.173 |    4.215 | 
     | datapath/g35441                  | A1 ^ -> ZN v | NOR2_X1   | 0.050 |   4.223 |    4.264 | 
     | datapath/IFID_instr_reg[8]       | D v          | DFFR_X1   | 0.000 |   4.223 |    4.264 | 
     +------------------------------------------------------------------------------------------+ 
Path 37: MET Setup Check with Pin datapath/IFID_instr_reg[1]/CK 
Endpoint:   datapath/IFID_instr_reg[1]/D  (v) checked with  leading edge of 
'clk'
Beginpoint: datapath/IFID_instr_reg[23]/Q (^) triggered by  leading edge of 
'clk'
Path Groups: {reg2reg}
Analysis View: RPT_SLOW
Other End Arrival Time          0.407
- Setup                         0.143
+ Phase Shift                   4.100
+ CPPR Adjustment               0.000
- Uncertainty                   0.100
= Required Time                 4.264
- Arrival Time                  4.223
= Slack Time                    0.042
     Clock Rise Edge                 0.000
     + Clock Network Latency (Prop)  0.422
     = Beginpoint Arrival Time       0.422
     +------------------------------------------------------------------------------------------+ 
     |             Instance             |     Arc      |   Cell    | Delay | Arrival | Required | 
     |                                  |              |           |       |  Time   |   Time   | 
     |----------------------------------+--------------+-----------+-------+---------+----------| 
     | datapath/IFID_instr_reg[23]      | CK ^         |           |       |   0.422 |    0.464 | 
     | datapath/IFID_instr_reg[23]      | CK ^ -> Q ^  | DFFR_X1   | 0.465 |   0.887 |    0.928 | 
     | datapath/FE_OFC31_IFID_rs2_3     | A ^ -> Z ^   | BUF_X2    | 0.170 |   1.056 |    1.098 | 
     | branch_forward/g1283__5115       | A ^ -> ZN ^  | XNOR2_X1  | 0.137 |   1.194 |    1.235 | 
     | branch_forward/g1267__2398       | A3 ^ -> ZN ^ | AND4_X1   | 0.191 |   1.384 |    1.426 | 
     | branch_forward/g1260__2346       | A2 ^ -> ZN v | NAND3_X1  | 0.070 |   1.454 |    1.496 | 
     | branch_forward/g1255__4733       | A2 v -> ZN ^ | NOR2_X1   | 0.198 |   1.652 |    1.694 | 
     | datapath/g26699                  | A1 ^ -> ZN v | NOR2_X1   | 0.044 |   1.696 |    1.738 | 
     | datapath/g26648                  | A1 v -> ZN v | OR2_X2    | 0.235 |   1.931 |    1.973 | 
     | datapath/FE_OFC639_n_780         | A v -> ZN ^  | INV_X2    | 0.200 |   2.131 |    2.172 | 
     | datapath/g26394                  | B1 ^ -> ZN v | AOI222_X1 | 0.095 |   2.225 |    2.267 | 
     | datapath/FE_OFC180_LT_TC_OP_n_28 | A v -> Z v   | BUF_X1    | 0.133 |   2.358 |    2.400 | 
     | datapath/LT_TC_OP_g1757          | C2 v -> ZN ^ | AOI222_X1 | 0.394 |   2.753 |    2.795 | 
     | datapath/LT_TC_OP_g1750          | B1 ^ -> ZN v | OAI221_X1 | 0.145 |   2.897 |    2.939 | 
     | datapath/LT_TC_OP_g1747          | C1 v -> ZN ^ | AOI221_X1 | 0.251 |   3.149 |    3.190 | 
     | datapath/FE_RC_282_0             | C1 ^ -> ZN v | OAI221_X1 | 0.119 |   3.267 |    3.309 | 
     | datapath/LT_TC_OP_g1745          | C1 v -> ZN ^ | AOI221_X1 | 0.181 |   3.448 |    3.490 | 
     | datapath/FE_OFC613_IFID_lessThan | A ^ -> Z ^   | BUF_X1    | 0.154 |   3.602 |    3.644 | 
     | datapath/g16081                  | A1 ^ -> ZN ^ | AND2_X1   | 0.116 |   3.718 |    3.759 | 
     | datapath/g16079                  | A1 ^ -> ZN ^ | OR2_X2    | 0.083 |   3.800 |    3.842 | 
     | g1059                            | A1 ^ -> ZN ^ | AND2_X1   | 0.110 |   3.910 |    3.952 | 
     | datapath/FE_OFC394_IFID_flush    | A ^ -> Z ^   | CLKBUF_X3 | 0.263 |   4.173 |    4.215 | 
     | datapath/g35456                  | A1 ^ -> ZN v | NOR2_X1   | 0.049 |   4.223 |    4.264 | 
     | datapath/IFID_instr_reg[1]       | D v          | DFFR_X1   | 0.000 |   4.223 |    4.264 | 
     +------------------------------------------------------------------------------------------+ 
Path 38: MET Setup Check with Pin datapath/IFID_instr_reg[5]/CK 
Endpoint:   datapath/IFID_instr_reg[5]/D  (v) checked with  leading edge of 
'clk'
Beginpoint: datapath/IFID_instr_reg[23]/Q (^) triggered by  leading edge of 
'clk'
Path Groups: {reg2reg}
Analysis View: RPT_SLOW
Other End Arrival Time          0.407
- Setup                         0.142
+ Phase Shift                   4.100
+ CPPR Adjustment               0.000
- Uncertainty                   0.100
= Required Time                 4.265
- Arrival Time                  4.223
= Slack Time                    0.042
     Clock Rise Edge                 0.000
     + Clock Network Latency (Prop)  0.422
     = Beginpoint Arrival Time       0.422
     +------------------------------------------------------------------------------------------+ 
     |             Instance             |     Arc      |   Cell    | Delay | Arrival | Required | 
     |                                  |              |           |       |  Time   |   Time   | 
     |----------------------------------+--------------+-----------+-------+---------+----------| 
     | datapath/IFID_instr_reg[23]      | CK ^         |           |       |   0.422 |    0.464 | 
     | datapath/IFID_instr_reg[23]      | CK ^ -> Q ^  | DFFR_X1   | 0.465 |   0.887 |    0.929 | 
     | datapath/FE_OFC31_IFID_rs2_3     | A ^ -> Z ^   | BUF_X2    | 0.170 |   1.056 |    1.098 | 
     | branch_forward/g1283__5115       | A ^ -> ZN ^  | XNOR2_X1  | 0.137 |   1.194 |    1.236 | 
     | branch_forward/g1267__2398       | A3 ^ -> ZN ^ | AND4_X1   | 0.191 |   1.384 |    1.426 | 
     | branch_forward/g1260__2346       | A2 ^ -> ZN v | NAND3_X1  | 0.070 |   1.454 |    1.496 | 
     | branch_forward/g1255__4733       | A2 v -> ZN ^ | NOR2_X1   | 0.198 |   1.652 |    1.694 | 
     | datapath/g26699                  | A1 ^ -> ZN v | NOR2_X1   | 0.044 |   1.696 |    1.738 | 
     | datapath/g26648                  | A1 v -> ZN v | OR2_X2    | 0.235 |   1.931 |    1.973 | 
     | datapath/FE_OFC639_n_780         | A v -> ZN ^  | INV_X2    | 0.200 |   2.131 |    2.173 | 
     | datapath/g26394                  | B1 ^ -> ZN v | AOI222_X1 | 0.095 |   2.225 |    2.267 | 
     | datapath/FE_OFC180_LT_TC_OP_n_28 | A v -> Z v   | BUF_X1    | 0.133 |   2.358 |    2.400 | 
     | datapath/LT_TC_OP_g1757          | C2 v -> ZN ^ | AOI222_X1 | 0.394 |   2.753 |    2.795 | 
     | datapath/LT_TC_OP_g1750          | B1 ^ -> ZN v | OAI221_X1 | 0.145 |   2.897 |    2.939 | 
     | datapath/LT_TC_OP_g1747          | C1 v -> ZN ^ | AOI221_X1 | 0.251 |   3.149 |    3.191 | 
     | datapath/FE_RC_282_0             | C1 ^ -> ZN v | OAI221_X1 | 0.119 |   3.267 |    3.309 | 
     | datapath/LT_TC_OP_g1745          | C1 v -> ZN ^ | AOI221_X1 | 0.181 |   3.448 |    3.490 | 
     | datapath/FE_OFC613_IFID_lessThan | A ^ -> Z ^   | BUF_X1    | 0.154 |   3.602 |    3.644 | 
     | datapath/g16081                  | A1 ^ -> ZN ^ | AND2_X1   | 0.116 |   3.718 |    3.760 | 
     | datapath/g16079                  | A1 ^ -> ZN ^ | OR2_X2    | 0.083 |   3.800 |    3.842 | 
     | g1059                            | A1 ^ -> ZN ^ | AND2_X1   | 0.110 |   3.910 |    3.952 | 
     | datapath/FE_OFC394_IFID_flush    | A ^ -> Z ^   | CLKBUF_X3 | 0.263 |   4.173 |    4.215 | 
     | datapath/g35451                  | A1 ^ -> ZN v | NOR2_X1   | 0.049 |   4.223 |    4.265 | 
     | datapath/IFID_instr_reg[5]       | D v          | DFFR_X1   | 0.000 |   4.223 |    4.265 | 
     +------------------------------------------------------------------------------------------+ 
Path 39: MET Setup Check with Pin datapath/IFID_instr_reg[3]/CK 
Endpoint:   datapath/IFID_instr_reg[3]/D  (v) checked with  leading edge of 
'clk'
Beginpoint: datapath/IFID_instr_reg[23]/Q (^) triggered by  leading edge of 
'clk'
Path Groups: {reg2reg}
Analysis View: RPT_SLOW
Other End Arrival Time          0.407
- Setup                         0.143
+ Phase Shift                   4.100
+ CPPR Adjustment               0.000
- Uncertainty                   0.100
= Required Time                 4.264
- Arrival Time                  4.222
= Slack Time                    0.042
     Clock Rise Edge                 0.000
     + Clock Network Latency (Prop)  0.422
     = Beginpoint Arrival Time       0.422
     +------------------------------------------------------------------------------------------+ 
     |             Instance             |     Arc      |   Cell    | Delay | Arrival | Required | 
     |                                  |              |           |       |  Time   |   Time   | 
     |----------------------------------+--------------+-----------+-------+---------+----------| 
     | datapath/IFID_instr_reg[23]      | CK ^         |           |       |   0.422 |    0.464 | 
     | datapath/IFID_instr_reg[23]      | CK ^ -> Q ^  | DFFR_X1   | 0.465 |   0.887 |    0.929 | 
     | datapath/FE_OFC31_IFID_rs2_3     | A ^ -> Z ^   | BUF_X2    | 0.170 |   1.056 |    1.098 | 
     | branch_forward/g1283__5115       | A ^ -> ZN ^  | XNOR2_X1  | 0.137 |   1.194 |    1.236 | 
     | branch_forward/g1267__2398       | A3 ^ -> ZN ^ | AND4_X1   | 0.191 |   1.384 |    1.426 | 
     | branch_forward/g1260__2346       | A2 ^ -> ZN v | NAND3_X1  | 0.070 |   1.454 |    1.496 | 
     | branch_forward/g1255__4733       | A2 v -> ZN ^ | NOR2_X1   | 0.198 |   1.652 |    1.694 | 
     | datapath/g26699                  | A1 ^ -> ZN v | NOR2_X1   | 0.044 |   1.696 |    1.738 | 
     | datapath/g26648                  | A1 v -> ZN v | OR2_X2    | 0.235 |   1.931 |    1.973 | 
     | datapath/FE_OFC639_n_780         | A v -> ZN ^  | INV_X2    | 0.200 |   2.131 |    2.173 | 
     | datapath/g26394                  | B1 ^ -> ZN v | AOI222_X1 | 0.095 |   2.225 |    2.267 | 
     | datapath/FE_OFC180_LT_TC_OP_n_28 | A v -> Z v   | BUF_X1    | 0.133 |   2.358 |    2.400 | 
     | datapath/LT_TC_OP_g1757          | C2 v -> ZN ^ | AOI222_X1 | 0.394 |   2.753 |    2.795 | 
     | datapath/LT_TC_OP_g1750          | B1 ^ -> ZN v | OAI221_X1 | 0.145 |   2.897 |    2.939 | 
     | datapath/LT_TC_OP_g1747          | C1 v -> ZN ^ | AOI221_X1 | 0.251 |   3.149 |    3.191 | 
     | datapath/FE_RC_282_0             | C1 ^ -> ZN v | OAI221_X1 | 0.119 |   3.267 |    3.309 | 
     | datapath/LT_TC_OP_g1745          | C1 v -> ZN ^ | AOI221_X1 | 0.181 |   3.448 |    3.490 | 
     | datapath/FE_OFC613_IFID_lessThan | A ^ -> Z ^   | BUF_X1    | 0.154 |   3.602 |    3.644 | 
     | datapath/g16081                  | A1 ^ -> ZN ^ | AND2_X1   | 0.116 |   3.718 |    3.760 | 
     | datapath/g16079                  | A1 ^ -> ZN ^ | OR2_X2    | 0.083 |   3.800 |    3.842 | 
     | g1059                            | A1 ^ -> ZN ^ | AND2_X1   | 0.110 |   3.910 |    3.952 | 
     | datapath/FE_OFC394_IFID_flush    | A ^ -> Z ^   | CLKBUF_X3 | 0.263 |   4.173 |    4.215 | 
     | datapath/g35452                  | A1 ^ -> ZN v | NOR2_X1   | 0.049 |   4.222 |    4.264 | 
     | datapath/IFID_instr_reg[3]       | D v          | DFFR_X1   | 0.000 |   4.222 |    4.264 | 
     +------------------------------------------------------------------------------------------+ 
Path 40: MET Setup Check with Pin datapath/IFID_instr_reg[7]/CK 
Endpoint:   datapath/IFID_instr_reg[7]/D  (v) checked with  leading edge of 
'clk'
Beginpoint: datapath/IFID_instr_reg[23]/Q (^) triggered by  leading edge of 
'clk'
Path Groups: {reg2reg}
Analysis View: RPT_SLOW
Other End Arrival Time          0.407
- Setup                         0.142
+ Phase Shift                   4.100
+ CPPR Adjustment               0.000
- Uncertainty                   0.100
= Required Time                 4.265
- Arrival Time                  4.221
= Slack Time                    0.044
     Clock Rise Edge                 0.000
     + Clock Network Latency (Prop)  0.422
     = Beginpoint Arrival Time       0.422
     +------------------------------------------------------------------------------------------+ 
     |             Instance             |     Arc      |   Cell    | Delay | Arrival | Required | 
     |                                  |              |           |       |  Time   |   Time   | 
     |----------------------------------+--------------+-----------+-------+---------+----------| 
     | datapath/IFID_instr_reg[23]      | CK ^         |           |       |   0.422 |    0.466 | 
     | datapath/IFID_instr_reg[23]      | CK ^ -> Q ^  | DFFR_X1   | 0.465 |   0.887 |    0.930 | 
     | datapath/FE_OFC31_IFID_rs2_3     | A ^ -> Z ^   | BUF_X2    | 0.170 |   1.056 |    1.100 | 
     | branch_forward/g1283__5115       | A ^ -> ZN ^  | XNOR2_X1  | 0.137 |   1.194 |    1.237 | 
     | branch_forward/g1267__2398       | A3 ^ -> ZN ^ | AND4_X1   | 0.191 |   1.384 |    1.428 | 
     | branch_forward/g1260__2346       | A2 ^ -> ZN v | NAND3_X1  | 0.070 |   1.454 |    1.498 | 
     | branch_forward/g1255__4733       | A2 v -> ZN ^ | NOR2_X1   | 0.198 |   1.652 |    1.696 | 
     | datapath/g26699                  | A1 ^ -> ZN v | NOR2_X1   | 0.044 |   1.696 |    1.739 | 
     | datapath/g26648                  | A1 v -> ZN v | OR2_X2    | 0.235 |   1.931 |    1.975 | 
     | datapath/FE_OFC639_n_780         | A v -> ZN ^  | INV_X2    | 0.200 |   2.131 |    2.174 | 
     | datapath/g26394                  | B1 ^ -> ZN v | AOI222_X1 | 0.095 |   2.225 |    2.269 | 
     | datapath/FE_OFC180_LT_TC_OP_n_28 | A v -> Z v   | BUF_X1    | 0.133 |   2.358 |    2.402 | 
     | datapath/LT_TC_OP_g1757          | C2 v -> ZN ^ | AOI222_X1 | 0.394 |   2.753 |    2.796 | 
     | datapath/LT_TC_OP_g1750          | B1 ^ -> ZN v | OAI221_X1 | 0.145 |   2.897 |    2.941 | 
     | datapath/LT_TC_OP_g1747          | C1 v -> ZN ^ | AOI221_X1 | 0.251 |   3.149 |    3.192 | 
     | datapath/FE_RC_282_0             | C1 ^ -> ZN v | OAI221_X1 | 0.119 |   3.267 |    3.311 | 
     | datapath/LT_TC_OP_g1745          | C1 v -> ZN ^ | AOI221_X1 | 0.181 |   3.448 |    3.491 | 
     | datapath/FE_OFC613_IFID_lessThan | A ^ -> Z ^   | BUF_X1    | 0.154 |   3.602 |    3.646 | 
     | datapath/g16081                  | A1 ^ -> ZN ^ | AND2_X1   | 0.116 |   3.718 |    3.761 | 
     | datapath/g16079                  | A1 ^ -> ZN ^ | OR2_X2    | 0.083 |   3.800 |    3.844 | 
     | g1059                            | A1 ^ -> ZN ^ | AND2_X1   | 0.110 |   3.910 |    3.954 | 
     | datapath/FE_OFC394_IFID_flush    | A ^ -> Z ^   | CLKBUF_X3 | 0.263 |   4.173 |    4.217 | 
     | datapath/g35447                  | A1 ^ -> ZN v | NOR2_X1   | 0.048 |   4.221 |    4.265 | 
     | datapath/IFID_instr_reg[7]       | D v          | DFFR_X1   | 0.000 |   4.221 |    4.265 | 
     +------------------------------------------------------------------------------------------+ 
Path 41: MET Setup Check with Pin datapath/IFID_instr_reg[2]/CK 
Endpoint:   datapath/IFID_instr_reg[2]/D  (v) checked with  leading edge of 
'clk'
Beginpoint: datapath/IFID_instr_reg[23]/Q (^) triggered by  leading edge of 
'clk'
Path Groups: {reg2reg}
Analysis View: RPT_SLOW
Other End Arrival Time          0.407
- Setup                         0.142
+ Phase Shift                   4.100
+ CPPR Adjustment               0.000
- Uncertainty                   0.100
= Required Time                 4.265
- Arrival Time                  4.221
= Slack Time                    0.044
     Clock Rise Edge                 0.000
     + Clock Network Latency (Prop)  0.422
     = Beginpoint Arrival Time       0.422
     +------------------------------------------------------------------------------------------+ 
     |             Instance             |     Arc      |   Cell    | Delay | Arrival | Required | 
     |                                  |              |           |       |  Time   |   Time   | 
     |----------------------------------+--------------+-----------+-------+---------+----------| 
     | datapath/IFID_instr_reg[23]      | CK ^         |           |       |   0.422 |    0.466 | 
     | datapath/IFID_instr_reg[23]      | CK ^ -> Q ^  | DFFR_X1   | 0.465 |   0.887 |    0.930 | 
     | datapath/FE_OFC31_IFID_rs2_3     | A ^ -> Z ^   | BUF_X2    | 0.170 |   1.056 |    1.100 | 
     | branch_forward/g1283__5115       | A ^ -> ZN ^  | XNOR2_X1  | 0.137 |   1.194 |    1.237 | 
     | branch_forward/g1267__2398       | A3 ^ -> ZN ^ | AND4_X1   | 0.191 |   1.384 |    1.428 | 
     | branch_forward/g1260__2346       | A2 ^ -> ZN v | NAND3_X1  | 0.070 |   1.454 |    1.498 | 
     | branch_forward/g1255__4733       | A2 v -> ZN ^ | NOR2_X1   | 0.198 |   1.652 |    1.696 | 
     | datapath/g26699                  | A1 ^ -> ZN v | NOR2_X1   | 0.044 |   1.696 |    1.740 | 
     | datapath/g26648                  | A1 v -> ZN v | OR2_X2    | 0.235 |   1.931 |    1.975 | 
     | datapath/FE_OFC639_n_780         | A v -> ZN ^  | INV_X2    | 0.200 |   2.131 |    2.174 | 
     | datapath/g26394                  | B1 ^ -> ZN v | AOI222_X1 | 0.095 |   2.225 |    2.269 | 
     | datapath/FE_OFC180_LT_TC_OP_n_28 | A v -> Z v   | BUF_X1    | 0.133 |   2.358 |    2.402 | 
     | datapath/LT_TC_OP_g1757          | C2 v -> ZN ^ | AOI222_X1 | 0.394 |   2.753 |    2.797 | 
     | datapath/LT_TC_OP_g1750          | B1 ^ -> ZN v | OAI221_X1 | 0.145 |   2.897 |    2.941 | 
     | datapath/LT_TC_OP_g1747          | C1 v -> ZN ^ | AOI221_X1 | 0.251 |   3.149 |    3.192 | 
     | datapath/FE_RC_282_0             | C1 ^ -> ZN v | OAI221_X1 | 0.119 |   3.267 |    3.311 | 
     | datapath/LT_TC_OP_g1745          | C1 v -> ZN ^ | AOI221_X1 | 0.181 |   3.448 |    3.492 | 
     | datapath/FE_OFC613_IFID_lessThan | A ^ -> Z ^   | BUF_X1    | 0.154 |   3.602 |    3.646 | 
     | datapath/g16081                  | A1 ^ -> ZN ^ | AND2_X1   | 0.116 |   3.718 |    3.761 | 
     | datapath/g16079                  | A1 ^ -> ZN ^ | OR2_X2    | 0.083 |   3.800 |    3.844 | 
     | g1059                            | A1 ^ -> ZN ^ | AND2_X1   | 0.110 |   3.910 |    3.954 | 
     | datapath/FE_OFC394_IFID_flush    | A ^ -> Z ^   | CLKBUF_X3 | 0.263 |   4.173 |    4.217 | 
     | datapath/g35500                  | A1 ^ -> ZN v | NOR2_X1   | 0.047 |   4.221 |    4.265 | 
     | datapath/IFID_instr_reg[2]       | D v          | DFFR_X1   | 0.000 |   4.221 |    4.265 | 
     +------------------------------------------------------------------------------------------+ 
Path 42: MET Setup Check with Pin datapath/IFID_instr_reg[6]/CK 
Endpoint:   datapath/IFID_instr_reg[6]/D  (v) checked with  leading edge of 
'clk'
Beginpoint: datapath/IFID_instr_reg[23]/Q (^) triggered by  leading edge of 
'clk'
Path Groups: {reg2reg}
Analysis View: RPT_SLOW
Other End Arrival Time          0.407
- Setup                         0.142
+ Phase Shift                   4.100
+ CPPR Adjustment               0.000
- Uncertainty                   0.100
= Required Time                 4.265
- Arrival Time                  4.220
= Slack Time                    0.044
     Clock Rise Edge                 0.000
     + Clock Network Latency (Prop)  0.422
     = Beginpoint Arrival Time       0.422
     +------------------------------------------------------------------------------------------+ 
     |             Instance             |     Arc      |   Cell    | Delay | Arrival | Required | 
     |                                  |              |           |       |  Time   |   Time   | 
     |----------------------------------+--------------+-----------+-------+---------+----------| 
     | datapath/IFID_instr_reg[23]      | CK ^         |           |       |   0.422 |    0.466 | 
     | datapath/IFID_instr_reg[23]      | CK ^ -> Q ^  | DFFR_X1   | 0.465 |   0.887 |    0.931 | 
     | datapath/FE_OFC31_IFID_rs2_3     | A ^ -> Z ^   | BUF_X2    | 0.170 |   1.056 |    1.101 | 
     | branch_forward/g1283__5115       | A ^ -> ZN ^  | XNOR2_X1  | 0.137 |   1.194 |    1.238 | 
     | branch_forward/g1267__2398       | A3 ^ -> ZN ^ | AND4_X1   | 0.191 |   1.384 |    1.428 | 
     | branch_forward/g1260__2346       | A2 ^ -> ZN v | NAND3_X1  | 0.070 |   1.454 |    1.498 | 
     | branch_forward/g1255__4733       | A2 v -> ZN ^ | NOR2_X1   | 0.198 |   1.652 |    1.696 | 
     | datapath/g26699                  | A1 ^ -> ZN v | NOR2_X1   | 0.044 |   1.696 |    1.740 | 
     | datapath/g26648                  | A1 v -> ZN v | OR2_X2    | 0.235 |   1.931 |    1.975 | 
     | datapath/FE_OFC639_n_780         | A v -> ZN ^  | INV_X2    | 0.200 |   2.131 |    2.175 | 
     | datapath/g26394                  | B1 ^ -> ZN v | AOI222_X1 | 0.095 |   2.225 |    2.270 | 
     | datapath/FE_OFC180_LT_TC_OP_n_28 | A v -> Z v   | BUF_X1    | 0.133 |   2.358 |    2.403 | 
     | datapath/LT_TC_OP_g1757          | C2 v -> ZN ^ | AOI222_X1 | 0.394 |   2.753 |    2.797 | 
     | datapath/LT_TC_OP_g1750          | B1 ^ -> ZN v | OAI221_X1 | 0.145 |   2.897 |    2.942 | 
     | datapath/LT_TC_OP_g1747          | C1 v -> ZN ^ | AOI221_X1 | 0.251 |   3.149 |    3.193 | 
     | datapath/FE_RC_282_0             | C1 ^ -> ZN v | OAI221_X1 | 0.119 |   3.267 |    3.311 | 
     | datapath/LT_TC_OP_g1745          | C1 v -> ZN ^ | AOI221_X1 | 0.181 |   3.448 |    3.492 | 
     | datapath/FE_OFC613_IFID_lessThan | A ^ -> Z ^   | BUF_X1    | 0.154 |   3.602 |    3.646 | 
     | datapath/g16081                  | A1 ^ -> ZN ^ | AND2_X1   | 0.116 |   3.718 |    3.762 | 
     | datapath/g16079                  | A1 ^ -> ZN ^ | OR2_X2    | 0.083 |   3.800 |    3.845 | 
     | g1059                            | A1 ^ -> ZN ^ | AND2_X1   | 0.110 |   3.910 |    3.954 | 
     | datapath/FE_OFC394_IFID_flush    | A ^ -> Z ^   | CLKBUF_X3 | 0.263 |   4.173 |    4.218 | 
     | datapath/g35525                  | A1 ^ -> ZN v | NOR2_X1   | 0.047 |   4.220 |    4.265 | 
     | datapath/IFID_instr_reg[6]       | D v          | DFFR_X1   | 0.000 |   4.220 |    4.265 | 
     +------------------------------------------------------------------------------------------+ 
Path 43: MET Setup Check with Pin datapath/IFID_instr_reg[22]/CK 
Endpoint:   datapath/IFID_instr_reg[22]/D (v) checked with  leading edge of 
'clk'
Beginpoint: datapath/IFID_instr_reg[23]/Q (^) triggered by  leading edge of 
'clk'
Path Groups: {reg2reg}
Analysis View: RPT_SLOW
Other End Arrival Time          0.409
- Setup                         0.142
+ Phase Shift                   4.100
+ CPPR Adjustment               0.000
- Uncertainty                   0.100
= Required Time                 4.268
- Arrival Time                  4.223
= Slack Time                    0.044
     Clock Rise Edge                 0.000
     + Clock Network Latency (Prop)  0.422
     = Beginpoint Arrival Time       0.422
     +------------------------------------------------------------------------------------------+ 
     |             Instance             |     Arc      |   Cell    | Delay | Arrival | Required | 
     |                                  |              |           |       |  Time   |   Time   | 
     |----------------------------------+--------------+-----------+-------+---------+----------| 
     | datapath/IFID_instr_reg[23]      | CK ^         |           |       |   0.422 |    0.466 | 
     | datapath/IFID_instr_reg[23]      | CK ^ -> Q ^  | DFFR_X1   | 0.465 |   0.887 |    0.931 | 
     | datapath/FE_OFC31_IFID_rs2_3     | A ^ -> Z ^   | BUF_X2    | 0.170 |   1.056 |    1.101 | 
     | branch_forward/g1283__5115       | A ^ -> ZN ^  | XNOR2_X1  | 0.137 |   1.194 |    1.238 | 
     | branch_forward/g1267__2398       | A3 ^ -> ZN ^ | AND4_X1   | 0.191 |   1.384 |    1.428 | 
     | branch_forward/g1260__2346       | A2 ^ -> ZN v | NAND3_X1  | 0.070 |   1.454 |    1.498 | 
     | branch_forward/g1255__4733       | A2 v -> ZN ^ | NOR2_X1   | 0.198 |   1.652 |    1.697 | 
     | datapath/g26699                  | A1 ^ -> ZN v | NOR2_X1   | 0.044 |   1.696 |    1.740 | 
     | datapath/g26648                  | A1 v -> ZN v | OR2_X2    | 0.235 |   1.931 |    1.975 | 
     | datapath/FE_OFC639_n_780         | A v -> ZN ^  | INV_X2    | 0.200 |   2.131 |    2.175 | 
     | datapath/g26394                  | B1 ^ -> ZN v | AOI222_X1 | 0.095 |   2.225 |    2.270 | 
     | datapath/FE_OFC180_LT_TC_OP_n_28 | A v -> Z v   | BUF_X1    | 0.133 |   2.358 |    2.403 | 
     | datapath/LT_TC_OP_g1757          | C2 v -> ZN ^ | AOI222_X1 | 0.394 |   2.753 |    2.797 | 
     | datapath/LT_TC_OP_g1750          | B1 ^ -> ZN v | OAI221_X1 | 0.145 |   2.897 |    2.942 | 
     | datapath/LT_TC_OP_g1747          | C1 v -> ZN ^ | AOI221_X1 | 0.251 |   3.149 |    3.193 | 
     | datapath/FE_RC_282_0             | C1 ^ -> ZN v | OAI221_X1 | 0.119 |   3.267 |    3.312 | 
     | datapath/LT_TC_OP_g1745          | C1 v -> ZN ^ | AOI221_X1 | 0.181 |   3.448 |    3.492 | 
     | datapath/FE_OFC613_IFID_lessThan | A ^ -> Z ^   | BUF_X1    | 0.154 |   3.602 |    3.646 | 
     | datapath/g16081                  | A1 ^ -> ZN ^ | AND2_X1   | 0.116 |   3.718 |    3.762 | 
     | datapath/g16079                  | A1 ^ -> ZN ^ | OR2_X2    | 0.083 |   3.800 |    3.845 | 
     | g1059                            | A1 ^ -> ZN ^ | AND2_X1   | 0.110 |   3.910 |    3.954 | 
     | datapath/FE_OFC394_IFID_flush    | A ^ -> Z ^   | CLKBUF_X3 | 0.263 |   4.173 |    4.218 | 
     | datapath/g35437                  | A1 ^ -> ZN v | NOR2_X1   | 0.050 |   4.223 |    4.268 | 
     | datapath/IFID_instr_reg[22]      | D v          | DFFR_X1   | 0.000 |   4.223 |    4.268 | 
     +------------------------------------------------------------------------------------------+ 
Path 44: MET Setup Check with Pin datapath/IFID_instr_reg[0]/CK 
Endpoint:   datapath/IFID_instr_reg[0]/D  (v) checked with  leading edge of 
'clk'
Beginpoint: datapath/IFID_instr_reg[23]/Q (^) triggered by  leading edge of 
'clk'
Path Groups: {reg2reg}
Analysis View: RPT_SLOW
Other End Arrival Time          0.407
- Setup                         0.142
+ Phase Shift                   4.100
+ CPPR Adjustment               0.000
- Uncertainty                   0.100
= Required Time                 4.265
- Arrival Time                  4.220
= Slack Time                    0.044
     Clock Rise Edge                 0.000
     + Clock Network Latency (Prop)  0.422
     = Beginpoint Arrival Time       0.422
     +------------------------------------------------------------------------------------------+ 
     |             Instance             |     Arc      |   Cell    | Delay | Arrival | Required | 
     |                                  |              |           |       |  Time   |   Time   | 
     |----------------------------------+--------------+-----------+-------+---------+----------| 
     | datapath/IFID_instr_reg[23]      | CK ^         |           |       |   0.422 |    0.466 | 
     | datapath/IFID_instr_reg[23]      | CK ^ -> Q ^  | DFFR_X1   | 0.465 |   0.887 |    0.931 | 
     | datapath/FE_OFC31_IFID_rs2_3     | A ^ -> Z ^   | BUF_X2    | 0.170 |   1.056 |    1.101 | 
     | branch_forward/g1283__5115       | A ^ -> ZN ^  | XNOR2_X1  | 0.137 |   1.194 |    1.238 | 
     | branch_forward/g1267__2398       | A3 ^ -> ZN ^ | AND4_X1   | 0.191 |   1.384 |    1.429 | 
     | branch_forward/g1260__2346       | A2 ^ -> ZN v | NAND3_X1  | 0.070 |   1.454 |    1.498 | 
     | branch_forward/g1255__4733       | A2 v -> ZN ^ | NOR2_X1   | 0.198 |   1.652 |    1.697 | 
     | datapath/g26699                  | A1 ^ -> ZN v | NOR2_X1   | 0.044 |   1.696 |    1.740 | 
     | datapath/g26648                  | A1 v -> ZN v | OR2_X2    | 0.235 |   1.931 |    1.975 | 
     | datapath/FE_OFC639_n_780         | A v -> ZN ^  | INV_X2    | 0.200 |   2.131 |    2.175 | 
     | datapath/g26394                  | B1 ^ -> ZN v | AOI222_X1 | 0.095 |   2.225 |    2.270 | 
     | datapath/FE_OFC180_LT_TC_OP_n_28 | A v -> Z v   | BUF_X1    | 0.133 |   2.358 |    2.403 | 
     | datapath/LT_TC_OP_g1757          | C2 v -> ZN ^ | AOI222_X1 | 0.394 |   2.753 |    2.797 | 
     | datapath/LT_TC_OP_g1750          | B1 ^ -> ZN v | OAI221_X1 | 0.145 |   2.897 |    2.942 | 
     | datapath/LT_TC_OP_g1747          | C1 v -> ZN ^ | AOI221_X1 | 0.251 |   3.149 |    3.193 | 
     | datapath/FE_RC_282_0             | C1 ^ -> ZN v | OAI221_X1 | 0.119 |   3.267 |    3.312 | 
     | datapath/LT_TC_OP_g1745          | C1 v -> ZN ^ | AOI221_X1 | 0.181 |   3.448 |    3.492 | 
     | datapath/FE_OFC613_IFID_lessThan | A ^ -> Z ^   | BUF_X1    | 0.154 |   3.602 |    3.646 | 
     | datapath/g16081                  | A1 ^ -> ZN ^ | AND2_X1   | 0.116 |   3.718 |    3.762 | 
     | datapath/g16079                  | A1 ^ -> ZN ^ | OR2_X2    | 0.083 |   3.800 |    3.845 | 
     | g1059                            | A1 ^ -> ZN ^ | AND2_X1   | 0.110 |   3.910 |    3.955 | 
     | datapath/FE_OFC394_IFID_flush    | A ^ -> Z ^   | CLKBUF_X3 | 0.263 |   4.173 |    4.218 | 
     | datapath/g35526                  | A1 ^ -> ZN v | NOR2_X1   | 0.047 |   4.220 |    4.265 | 
     | datapath/IFID_instr_reg[0]       | D v          | DFFR_X1   | 0.000 |   4.220 |    4.265 | 
     +------------------------------------------------------------------------------------------+ 
Path 45: MET Setup Check with Pin datapath/IFID_instr_reg[15]/CK 
Endpoint:   datapath/IFID_instr_reg[15]/D (v) checked with  leading edge of 
'clk'
Beginpoint: datapath/IFID_instr_reg[23]/Q (^) triggered by  leading edge of 
'clk'
Path Groups: {reg2reg}
Analysis View: RPT_SLOW
Other End Arrival Time          0.422
- Setup                         0.146
+ Phase Shift                   4.100
+ CPPR Adjustment               0.000
- Uncertainty                   0.100
= Required Time                 4.276
- Arrival Time                  4.231
= Slack Time                    0.045
     Clock Rise Edge                 0.000
     + Clock Network Latency (Prop)  0.422
     = Beginpoint Arrival Time       0.422
     +------------------------------------------------------------------------------------------+ 
     |             Instance             |     Arc      |   Cell    | Delay | Arrival | Required | 
     |                                  |              |           |       |  Time   |   Time   | 
     |----------------------------------+--------------+-----------+-------+---------+----------| 
     | datapath/IFID_instr_reg[23]      | CK ^         |           |       |   0.422 |    0.467 | 
     | datapath/IFID_instr_reg[23]      | CK ^ -> Q ^  | DFFR_X1   | 0.465 |   0.887 |    0.931 | 
     | datapath/FE_OFC31_IFID_rs2_3     | A ^ -> Z ^   | BUF_X2    | 0.170 |   1.056 |    1.101 | 
     | branch_forward/g1283__5115       | A ^ -> ZN ^  | XNOR2_X1  | 0.137 |   1.194 |    1.238 | 
     | branch_forward/g1267__2398       | A3 ^ -> ZN ^ | AND4_X1   | 0.191 |   1.384 |    1.429 | 
     | branch_forward/g1260__2346       | A2 ^ -> ZN v | NAND3_X1  | 0.070 |   1.454 |    1.499 | 
     | branch_forward/g1255__4733       | A2 v -> ZN ^ | NOR2_X1   | 0.198 |   1.652 |    1.697 | 
     | datapath/g26699                  | A1 ^ -> ZN v | NOR2_X1   | 0.044 |   1.696 |    1.741 | 
     | datapath/g26648                  | A1 v -> ZN v | OR2_X2    | 0.235 |   1.931 |    1.976 | 
     | datapath/FE_OFC639_n_780         | A v -> ZN ^  | INV_X2    | 0.200 |   2.131 |    2.175 | 
     | datapath/g26394                  | B1 ^ -> ZN v | AOI222_X1 | 0.095 |   2.225 |    2.270 | 
     | datapath/FE_OFC180_LT_TC_OP_n_28 | A v -> Z v   | BUF_X1    | 0.133 |   2.358 |    2.403 | 
     | datapath/LT_TC_OP_g1757          | C2 v -> ZN ^ | AOI222_X1 | 0.394 |   2.753 |    2.798 | 
     | datapath/LT_TC_OP_g1750          | B1 ^ -> ZN v | OAI221_X1 | 0.145 |   2.897 |    2.942 | 
     | datapath/LT_TC_OP_g1747          | C1 v -> ZN ^ | AOI221_X1 | 0.251 |   3.149 |    3.193 | 
     | datapath/FE_RC_282_0             | C1 ^ -> ZN v | OAI221_X1 | 0.119 |   3.267 |    3.312 | 
     | datapath/LT_TC_OP_g1745          | C1 v -> ZN ^ | AOI221_X1 | 0.181 |   3.448 |    3.493 | 
     | datapath/FE_OFC613_IFID_lessThan | A ^ -> Z ^   | BUF_X1    | 0.154 |   3.602 |    3.647 | 
     | datapath/g16081                  | A1 ^ -> ZN ^ | AND2_X1   | 0.116 |   3.718 |    3.762 | 
     | datapath/g16079                  | A1 ^ -> ZN ^ | OR2_X2    | 0.083 |   3.800 |    3.845 | 
     | g1059                            | A1 ^ -> ZN ^ | AND2_X1   | 0.110 |   3.910 |    3.955 | 
     | datapath/FE_OFC394_IFID_flush    | A ^ -> Z ^   | CLKBUF_X3 | 0.263 |   4.173 |    4.218 | 
     | datapath/g35443                  | A1 ^ -> ZN v | NOR2_X1   | 0.057 |   4.231 |    4.276 | 
     | datapath/IFID_instr_reg[15]      | D v          | DFFR_X2   | 0.000 |   4.231 |    4.276 | 
     +------------------------------------------------------------------------------------------+ 
Path 46: MET Setup Check with Pin datapath/IFID_pc_reg[17]/CK 
Endpoint:   datapath/IFID_pc_reg[17]/D    (v) checked with  leading edge of 
'clk'
Beginpoint: datapath/IFID_instr_reg[23]/Q (^) triggered by  leading edge of 
'clk'
Path Groups: {reg2reg}
Analysis View: RPT_SLOW
Other End Arrival Time          0.412
- Setup                         0.141
+ Phase Shift                   4.100
+ CPPR Adjustment               0.000
- Uncertainty                   0.100
= Required Time                 4.271
- Arrival Time                  4.224
= Slack Time                    0.047
     Clock Rise Edge                 0.000
     + Clock Network Latency (Prop)  0.422
     = Beginpoint Arrival Time       0.422
     +------------------------------------------------------------------------------------------+ 
     |             Instance             |     Arc      |   Cell    | Delay | Arrival | Required | 
     |                                  |              |           |       |  Time   |   Time   | 
     |----------------------------------+--------------+-----------+-------+---------+----------| 
     | datapath/IFID_instr_reg[23]      | CK ^         |           |       |   0.422 |    0.469 | 
     | datapath/IFID_instr_reg[23]      | CK ^ -> Q ^  | DFFR_X1   | 0.465 |   0.887 |    0.933 | 
     | datapath/FE_OFC31_IFID_rs2_3     | A ^ -> Z ^   | BUF_X2    | 0.170 |   1.056 |    1.103 | 
     | branch_forward/g1283__5115       | A ^ -> ZN ^  | XNOR2_X1  | 0.137 |   1.194 |    1.240 | 
     | branch_forward/g1267__2398       | A3 ^ -> ZN ^ | AND4_X1   | 0.191 |   1.384 |    1.431 | 
     | branch_forward/g1260__2346       | A2 ^ -> ZN v | NAND3_X1  | 0.070 |   1.454 |    1.501 | 
     | branch_forward/g1255__4733       | A2 v -> ZN ^ | NOR2_X1   | 0.198 |   1.652 |    1.699 | 
     | datapath/g26699                  | A1 ^ -> ZN v | NOR2_X1   | 0.044 |   1.696 |    1.742 | 
     | datapath/g26648                  | A1 v -> ZN v | OR2_X2    | 0.235 |   1.931 |    1.978 | 
     | datapath/FE_OFC639_n_780         | A v -> ZN ^  | INV_X2    | 0.200 |   2.131 |    2.177 | 
     | datapath/g26394                  | B1 ^ -> ZN v | AOI222_X1 | 0.095 |   2.225 |    2.272 | 
     | datapath/FE_OFC180_LT_TC_OP_n_28 | A v -> Z v   | BUF_X1    | 0.133 |   2.358 |    2.405 | 
     | datapath/LT_TC_OP_g1757          | C2 v -> ZN ^ | AOI222_X1 | 0.394 |   2.753 |    2.799 | 
     | datapath/LT_TC_OP_g1750          | B1 ^ -> ZN v | OAI221_X1 | 0.145 |   2.897 |    2.944 | 
     | datapath/LT_TC_OP_g1747          | C1 v -> ZN ^ | AOI221_X1 | 0.251 |   3.149 |    3.195 | 
     | datapath/FE_RC_282_0             | C1 ^ -> ZN v | OAI221_X1 | 0.119 |   3.267 |    3.314 | 
     | datapath/LT_TC_OP_g1745          | C1 v -> ZN ^ | AOI221_X1 | 0.181 |   3.448 |    3.494 | 
     | datapath/FE_OFC613_IFID_lessThan | A ^ -> Z ^   | BUF_X1    | 0.154 |   3.602 |    3.649 | 
     | datapath/g16081                  | A1 ^ -> ZN ^ | AND2_X1   | 0.116 |   3.718 |    3.764 | 
     | datapath/g16079                  | A1 ^ -> ZN ^ | OR2_X2    | 0.083 |   3.800 |    3.847 | 
     | g1059                            | A1 ^ -> ZN ^ | AND2_X1   | 0.110 |   3.910 |    3.957 | 
     | datapath/FE_OFC394_IFID_flush    | A ^ -> Z ^   | CLKBUF_X3 | 0.263 |   4.173 |    4.220 | 
     | datapath/g35514                  | A1 ^ -> ZN v | NOR2_X1   | 0.050 |   4.224 |    4.271 | 
     | datapath/IFID_pc_reg[17]         | D v          | DFFR_X1   | 0.000 |   4.224 |    4.271 | 
     +------------------------------------------------------------------------------------------+ 
Path 47: MET Setup Check with Pin datapath/IFID_pc_reg[3]/CK 
Endpoint:   datapath/IFID_pc_reg[3]/D     (v) checked with  leading edge of 
'clk'
Beginpoint: datapath/IFID_instr_reg[23]/Q (^) triggered by  leading edge of 
'clk'
Path Groups: {reg2reg}
Analysis View: RPT_SLOW
Other End Arrival Time          0.412
- Setup                         0.140
+ Phase Shift                   4.100
+ CPPR Adjustment               0.000
- Uncertainty                   0.100
= Required Time                 4.271
- Arrival Time                  4.223
= Slack Time                    0.049
     Clock Rise Edge                 0.000
     + Clock Network Latency (Prop)  0.422
     = Beginpoint Arrival Time       0.422
     +------------------------------------------------------------------------------------------+ 
     |             Instance             |     Arc      |   Cell    | Delay | Arrival | Required | 
     |                                  |              |           |       |  Time   |   Time   | 
     |----------------------------------+--------------+-----------+-------+---------+----------| 
     | datapath/IFID_instr_reg[23]      | CK ^         |           |       |   0.422 |    0.471 | 
     | datapath/IFID_instr_reg[23]      | CK ^ -> Q ^  | DFFR_X1   | 0.465 |   0.887 |    0.935 | 
     | datapath/FE_OFC31_IFID_rs2_3     | A ^ -> Z ^   | BUF_X2    | 0.170 |   1.056 |    1.105 | 
     | branch_forward/g1283__5115       | A ^ -> ZN ^  | XNOR2_X1  | 0.137 |   1.194 |    1.242 | 
     | branch_forward/g1267__2398       | A3 ^ -> ZN ^ | AND4_X1   | 0.191 |   1.384 |    1.433 | 
     | branch_forward/g1260__2346       | A2 ^ -> ZN v | NAND3_X1  | 0.070 |   1.454 |    1.503 | 
     | branch_forward/g1255__4733       | A2 v -> ZN ^ | NOR2_X1   | 0.198 |   1.652 |    1.701 | 
     | datapath/g26699                  | A1 ^ -> ZN v | NOR2_X1   | 0.044 |   1.696 |    1.745 | 
     | datapath/g26648                  | A1 v -> ZN v | OR2_X2    | 0.235 |   1.931 |    1.980 | 
     | datapath/FE_OFC639_n_780         | A v -> ZN ^  | INV_X2    | 0.200 |   2.131 |    2.179 | 
     | datapath/g26394                  | B1 ^ -> ZN v | AOI222_X1 | 0.095 |   2.225 |    2.274 | 
     | datapath/FE_OFC180_LT_TC_OP_n_28 | A v -> Z v   | BUF_X1    | 0.133 |   2.358 |    2.407 | 
     | datapath/LT_TC_OP_g1757          | C2 v -> ZN ^ | AOI222_X1 | 0.394 |   2.753 |    2.802 | 
     | datapath/LT_TC_OP_g1750          | B1 ^ -> ZN v | OAI221_X1 | 0.145 |   2.897 |    2.946 | 
     | datapath/LT_TC_OP_g1747          | C1 v -> ZN ^ | AOI221_X1 | 0.251 |   3.149 |    3.197 | 
     | datapath/FE_RC_282_0             | C1 ^ -> ZN v | OAI221_X1 | 0.119 |   3.267 |    3.316 | 
     | datapath/LT_TC_OP_g1745          | C1 v -> ZN ^ | AOI221_X1 | 0.181 |   3.448 |    3.497 | 
     | datapath/FE_OFC613_IFID_lessThan | A ^ -> Z ^   | BUF_X1    | 0.154 |   3.602 |    3.651 | 
     | datapath/g16081                  | A1 ^ -> ZN ^ | AND2_X1   | 0.116 |   3.718 |    3.766 | 
     | datapath/g16079                  | A1 ^ -> ZN ^ | OR2_X2    | 0.083 |   3.800 |    3.849 | 
     | g1059                            | A1 ^ -> ZN ^ | AND2_X1   | 0.110 |   3.910 |    3.959 | 
     | datapath/FE_OFC394_IFID_flush    | A ^ -> Z ^   | CLKBUF_X3 | 0.263 |   4.173 |    4.222 | 
     | datapath/g35530                  | A1 ^ -> ZN v | NOR2_X1   | 0.049 |   4.223 |    4.271 | 
     | datapath/IFID_pc_reg[3]          | D v          | DFFR_X1   | 0.000 |   4.223 |    4.271 | 
     +------------------------------------------------------------------------------------------+ 
Path 48: MET Setup Check with Pin datapath/IFID_instr_reg[21]/CK 
Endpoint:   datapath/IFID_instr_reg[21]/D (v) checked with  leading edge of 
'clk'
Beginpoint: datapath/IFID_instr_reg[23]/Q (^) triggered by  leading edge of 
'clk'
Path Groups: {reg2reg}
Analysis View: RPT_SLOW
Other End Arrival Time          0.409
- Setup                         0.141
+ Phase Shift                   4.100
+ CPPR Adjustment               0.000
- Uncertainty                   0.100
= Required Time                 4.268
- Arrival Time                  4.219
= Slack Time                    0.049
     Clock Rise Edge                 0.000
     + Clock Network Latency (Prop)  0.422
     = Beginpoint Arrival Time       0.422
     +------------------------------------------------------------------------------------------+ 
     |             Instance             |     Arc      |   Cell    | Delay | Arrival | Required | 
     |                                  |              |           |       |  Time   |   Time   | 
     |----------------------------------+--------------+-----------+-------+---------+----------| 
     | datapath/IFID_instr_reg[23]      | CK ^         |           |       |   0.422 |    0.471 | 
     | datapath/IFID_instr_reg[23]      | CK ^ -> Q ^  | DFFR_X1   | 0.465 |   0.887 |    0.936 | 
     | datapath/FE_OFC31_IFID_rs2_3     | A ^ -> Z ^   | BUF_X2    | 0.170 |   1.056 |    1.105 | 
     | branch_forward/g1283__5115       | A ^ -> ZN ^  | XNOR2_X1  | 0.137 |   1.194 |    1.243 | 
     | branch_forward/g1267__2398       | A3 ^ -> ZN ^ | AND4_X1   | 0.191 |   1.384 |    1.433 | 
     | branch_forward/g1260__2346       | A2 ^ -> ZN v | NAND3_X1  | 0.070 |   1.454 |    1.503 | 
     | branch_forward/g1255__4733       | A2 v -> ZN ^ | NOR2_X1   | 0.198 |   1.652 |    1.701 | 
     | datapath/g26699                  | A1 ^ -> ZN v | NOR2_X1   | 0.044 |   1.696 |    1.745 | 
     | datapath/g26648                  | A1 v -> ZN v | OR2_X2    | 0.235 |   1.931 |    1.980 | 
     | datapath/FE_OFC639_n_780         | A v -> ZN ^  | INV_X2    | 0.200 |   2.131 |    2.180 | 
     | datapath/g26394                  | B1 ^ -> ZN v | AOI222_X1 | 0.095 |   2.225 |    2.274 | 
     | datapath/FE_OFC180_LT_TC_OP_n_28 | A v -> Z v   | BUF_X1    | 0.133 |   2.358 |    2.407 | 
     | datapath/LT_TC_OP_g1757          | C2 v -> ZN ^ | AOI222_X1 | 0.394 |   2.753 |    2.802 | 
     | datapath/LT_TC_OP_g1750          | B1 ^ -> ZN v | OAI221_X1 | 0.145 |   2.897 |    2.946 | 
     | datapath/LT_TC_OP_g1747          | C1 v -> ZN ^ | AOI221_X1 | 0.251 |   3.149 |    3.198 | 
     | datapath/FE_RC_282_0             | C1 ^ -> ZN v | OAI221_X1 | 0.119 |   3.267 |    3.316 | 
     | datapath/LT_TC_OP_g1745          | C1 v -> ZN ^ | AOI221_X1 | 0.181 |   3.448 |    3.497 | 
     | datapath/FE_OFC613_IFID_lessThan | A ^ -> Z ^   | BUF_X1    | 0.154 |   3.602 |    3.651 | 
     | datapath/g16081                  | A1 ^ -> ZN ^ | AND2_X1   | 0.116 |   3.718 |    3.767 | 
     | datapath/g16079                  | A1 ^ -> ZN ^ | OR2_X2    | 0.083 |   3.800 |    3.849 | 
     | g1059                            | A1 ^ -> ZN ^ | AND2_X1   | 0.110 |   3.910 |    3.959 | 
     | datapath/FE_OFC394_IFID_flush    | A ^ -> Z ^   | CLKBUF_X3 | 0.263 |   4.173 |    4.222 | 
     | datapath/g35438                  | A1 ^ -> ZN v | NOR2_X1   | 0.046 |   4.219 |    4.268 | 
     | datapath/IFID_instr_reg[21]      | D v          | DFFR_X1   | 0.000 |   4.219 |    4.268 | 
     +------------------------------------------------------------------------------------------+ 
Path 49: MET Setup Check with Pin datapath/IFID_pc_reg[18]/CK 
Endpoint:   datapath/IFID_pc_reg[18]/D    (v) checked with  leading edge of 
'clk'
Beginpoint: datapath/IFID_instr_reg[23]/Q (^) triggered by  leading edge of 
'clk'
Path Groups: {reg2reg}
Analysis View: RPT_SLOW
Other End Arrival Time          0.412
- Setup                         0.141
+ Phase Shift                   4.100
+ CPPR Adjustment               0.000
- Uncertainty                   0.100
= Required Time                 4.271
- Arrival Time                  4.222
= Slack Time                    0.049
     Clock Rise Edge                 0.000
     + Clock Network Latency (Prop)  0.422
     = Beginpoint Arrival Time       0.422
     +------------------------------------------------------------------------------------------+ 
     |             Instance             |     Arc      |   Cell    | Delay | Arrival | Required | 
     |                                  |              |           |       |  Time   |   Time   | 
     |----------------------------------+--------------+-----------+-------+---------+----------| 
     | datapath/IFID_instr_reg[23]      | CK ^         |           |       |   0.422 |    0.471 | 
     | datapath/IFID_instr_reg[23]      | CK ^ -> Q ^  | DFFR_X1   | 0.465 |   0.887 |    0.936 | 
     | datapath/FE_OFC31_IFID_rs2_3     | A ^ -> Z ^   | BUF_X2    | 0.170 |   1.056 |    1.106 | 
     | branch_forward/g1283__5115       | A ^ -> ZN ^  | XNOR2_X1  | 0.137 |   1.194 |    1.243 | 
     | branch_forward/g1267__2398       | A3 ^ -> ZN ^ | AND4_X1   | 0.191 |   1.384 |    1.434 | 
     | branch_forward/g1260__2346       | A2 ^ -> ZN v | NAND3_X1  | 0.070 |   1.454 |    1.503 | 
     | branch_forward/g1255__4733       | A2 v -> ZN ^ | NOR2_X1   | 0.198 |   1.652 |    1.702 | 
     | datapath/g26699                  | A1 ^ -> ZN v | NOR2_X1   | 0.044 |   1.696 |    1.745 | 
     | datapath/g26648                  | A1 v -> ZN v | OR2_X2    | 0.235 |   1.931 |    1.980 | 
     | datapath/FE_OFC639_n_780         | A v -> ZN ^  | INV_X2    | 0.200 |   2.131 |    2.180 | 
     | datapath/g26394                  | B1 ^ -> ZN v | AOI222_X1 | 0.095 |   2.225 |    2.275 | 
     | datapath/FE_OFC180_LT_TC_OP_n_28 | A v -> Z v   | BUF_X1    | 0.133 |   2.358 |    2.408 | 
     | datapath/LT_TC_OP_g1757          | C2 v -> ZN ^ | AOI222_X1 | 0.394 |   2.753 |    2.802 | 
     | datapath/LT_TC_OP_g1750          | B1 ^ -> ZN v | OAI221_X1 | 0.145 |   2.897 |    2.947 | 
     | datapath/LT_TC_OP_g1747          | C1 v -> ZN ^ | AOI221_X1 | 0.251 |   3.149 |    3.198 | 
     | datapath/FE_RC_282_0             | C1 ^ -> ZN v | OAI221_X1 | 0.119 |   3.267 |    3.317 | 
     | datapath/LT_TC_OP_g1745          | C1 v -> ZN ^ | AOI221_X1 | 0.181 |   3.448 |    3.497 | 
     | datapath/FE_OFC613_IFID_lessThan | A ^ -> Z ^   | BUF_X1    | 0.154 |   3.602 |    3.651 | 
     | datapath/g16081                  | A1 ^ -> ZN ^ | AND2_X1   | 0.116 |   3.718 |    3.767 | 
     | datapath/g16079                  | A1 ^ -> ZN ^ | OR2_X2    | 0.083 |   3.800 |    3.850 | 
     | g1059                            | A1 ^ -> ZN ^ | AND2_X1   | 0.110 |   3.910 |    3.960 | 
     | datapath/FE_OFC394_IFID_flush    | A ^ -> Z ^   | CLKBUF_X3 | 0.263 |   4.173 |    4.223 | 
     | datapath/g35513                  | A1 ^ -> ZN v | NOR2_X1   | 0.048 |   4.222 |    4.271 | 
     | datapath/IFID_pc_reg[18]         | D v          | DFFR_X1   | 0.000 |   4.222 |    4.271 | 
     +------------------------------------------------------------------------------------------+ 
Path 50: MET Setup Check with Pin datapath/IFID_instr_reg[31]/CK 
Endpoint:   datapath/IFID_instr_reg[31]/D (v) checked with  leading edge of 
'clk'
Beginpoint: datapath/IFID_instr_reg[23]/Q (^) triggered by  leading edge of 
'clk'
Path Groups: {reg2reg}
Analysis View: RPT_SLOW
Other End Arrival Time          0.407
- Setup                         0.142
+ Phase Shift                   4.100
+ CPPR Adjustment               0.000
- Uncertainty                   0.100
= Required Time                 4.265
- Arrival Time                  4.216
= Slack Time                    0.050
     Clock Rise Edge                 0.000
     + Clock Network Latency (Prop)  0.422
     = Beginpoint Arrival Time       0.422
     +------------------------------------------------------------------------------------------+ 
     |             Instance             |     Arc      |   Cell    | Delay | Arrival | Required | 
     |                                  |              |           |       |  Time   |   Time   | 
     |----------------------------------+--------------+-----------+-------+---------+----------| 
     | datapath/IFID_instr_reg[23]      | CK ^         |           |       |   0.422 |    0.472 | 
     | datapath/IFID_instr_reg[23]      | CK ^ -> Q ^  | DFFR_X1   | 0.465 |   0.887 |    0.936 | 
     | datapath/FE_OFC31_IFID_rs2_3     | A ^ -> Z ^   | BUF_X2    | 0.170 |   1.056 |    1.106 | 
     | branch_forward/g1283__5115       | A ^ -> ZN ^  | XNOR2_X1  | 0.137 |   1.194 |    1.243 | 
     | branch_forward/g1267__2398       | A3 ^ -> ZN ^ | AND4_X1   | 0.191 |   1.384 |    1.434 | 
     | branch_forward/g1260__2346       | A2 ^ -> ZN v | NAND3_X1  | 0.070 |   1.454 |    1.504 | 
     | branch_forward/g1255__4733       | A2 v -> ZN ^ | NOR2_X1   | 0.198 |   1.652 |    1.702 | 
     | datapath/g26699                  | A1 ^ -> ZN v | NOR2_X1   | 0.044 |   1.696 |    1.746 | 
     | datapath/g26648                  | A1 v -> ZN v | OR2_X2    | 0.235 |   1.931 |    1.981 | 
     | datapath/FE_OFC639_n_780         | A v -> ZN ^  | INV_X2    | 0.200 |   2.131 |    2.180 | 
     | datapath/g26394                  | B1 ^ -> ZN v | AOI222_X1 | 0.095 |   2.225 |    2.275 | 
     | datapath/FE_OFC180_LT_TC_OP_n_28 | A v -> Z v   | BUF_X1    | 0.133 |   2.358 |    2.408 | 
     | datapath/LT_TC_OP_g1757          | C2 v -> ZN ^ | AOI222_X1 | 0.394 |   2.753 |    2.803 | 
     | datapath/LT_TC_OP_g1750          | B1 ^ -> ZN v | OAI221_X1 | 0.145 |   2.897 |    2.947 | 
     | datapath/LT_TC_OP_g1747          | C1 v -> ZN ^ | AOI221_X1 | 0.251 |   3.149 |    3.198 | 
     | datapath/FE_RC_282_0             | C1 ^ -> ZN v | OAI221_X1 | 0.119 |   3.267 |    3.317 | 
     | datapath/LT_TC_OP_g1745          | C1 v -> ZN ^ | AOI221_X1 | 0.181 |   3.448 |    3.498 | 
     | datapath/FE_OFC613_IFID_lessThan | A ^ -> Z ^   | BUF_X1    | 0.154 |   3.602 |    3.652 | 
     | datapath/g16081                  | A1 ^ -> ZN ^ | AND2_X1   | 0.116 |   3.718 |    3.767 | 
     | datapath/g16079                  | A1 ^ -> ZN ^ | OR2_X2    | 0.083 |   3.800 |    3.850 | 
     | g1059                            | A1 ^ -> ZN ^ | AND2_X1   | 0.110 |   3.910 |    3.960 | 
     | datapath/FE_OFC394_IFID_flush    | A ^ -> Z ^   | CLKBUF_X3 | 0.263 |   4.173 |    4.223 | 
     | datapath/g35465                  | A1 ^ -> ZN v | NOR2_X1   | 0.042 |   4.216 |    4.265 | 
     | datapath/IFID_instr_reg[31]      | D v          | DFFR_X1   | 0.000 |   4.216 |    4.265 | 
     +------------------------------------------------------------------------------------------+ 

