###############################################################
#  Generated by:      Cadence Innovus 23.12-s091_1
#  OS:                Linux x86_64(Host ID nanohub-2907376-4)
#  Generated on:      Mon Aug 10 02:27:03 2026
#  Design:            pipelined_cpu_core
#  Command:           report_timing -early -max_paths 50 -nworst 1 > reports/41_final_hold.rpt
###############################################################
Path 1: VIOLATED Hold Check with Pin datapath/EXMEM_aluResult_reg[31]/CK 
Endpoint:   datapath/EXMEM_aluResult_reg[31]/D (v) checked with  leading edge 
of 'clk'
Beginpoint: datapath/IDEX_operation_reg[2]/QN  (v) triggered by  leading edge 
of 'clk'
Path Groups: {reg2reg}
Analysis View: BC_VIEW
Other End Arrival Time          0.223
+ Hold                          0.004
+ Phase Shift                   0.000
- CPPR Adjustment               0.000
+ Uncertainty                   0.020
= Required Time                 0.247
  Arrival Time                  0.164
  Slack Time                   -0.083
     Clock Rise Edge                 0.000
     + Clock Network Latency (Prop)  -0.035
     = Beginpoint Arrival Time       -0.035
     +-----------------------------------------------------------------------------------------------+ 
     |               Instance                |     Arc      |   Cell    | Delay | Arrival | Required | 
     |                                       |              |           |       |  Time   |   Time   | 
     |---------------------------------------+--------------+-----------+-------+---------+----------| 
     | datapath/IDEX_operation_reg[2]        | CK ^         |           |       |  -0.035 |    0.048 | 
     | datapath/IDEX_operation_reg[2]        | CK ^ -> QN v | DFFR_X1   | 0.043 |   0.008 |    0.091 | 
     | datapath/g33827                       | A1 v -> ZN ^ | NAND2_X2  | 0.018 |   0.025 |    0.108 | 
     | datapath/FE_OFC926_n_646              | A ^ -> Z ^   | BUF_X4    | 0.023 |   0.048 |    0.132 | 
     | datapath/g33427                       | B ^ -> Z ^   | MUX2_X1   | 0.029 |   0.078 |    0.161 | 
     | datapath/g32861                       | A ^ -> ZN v  | OAI221_X1 | 0.018 |   0.096 |    0.179 | 
     | datapath/g32794                       | A1 v -> ZN v | AND2_X1   | 0.018 |   0.114 |    0.197 | 
     | datapath/ALU_msb_resultMux/g154__7410 | A v -> Z v   | MUX2_X1   | 0.030 |   0.144 |    0.227 | 
     | datapath/ALU_msb_resultMux/g152__2346 | A1 v -> ZN ^ | NAND2_X1  | 0.009 |   0.153 |    0.236 | 
     | datapath/ALU_msb_resultMux/g151__2883 | A2 ^ -> ZN v | NAND2_X1  | 0.011 |   0.164 |    0.247 | 
     | datapath/EXMEM_aluResult_reg[31]      | D v          | DFFR_X1   | 0.000 |   0.164 |    0.247 | 
     +-----------------------------------------------------------------------------------------------+ 
Path 2: VIOLATED Hold Check with Pin datapath/EXMEM_aluResult_reg[29]/CK 
Endpoint:   datapath/EXMEM_aluResult_reg[29]/D (v) checked with  leading edge 
of 'clk'
Beginpoint: datapath/IDEX_ALUsrc_reg/QN        (v) triggered by  leading edge 
of 'clk'
Path Groups: {reg2reg}
Analysis View: BC_VIEW
Other End Arrival Time          0.140
+ Hold                          0.004
+ Phase Shift                   0.000
- CPPR Adjustment               0.000
+ Uncertainty                   0.020
= Required Time                 0.164
  Arrival Time                  0.126
  Slack Time                   -0.038
     Clock Rise Edge                 0.000
     + Clock Network Latency (Prop)  -0.035
     = Beginpoint Arrival Time       -0.035
     +------------------------------------------------------------------------------------------------------------+ 
     |                      Instance                      |     Arc      |   Cell    | Delay | Arrival | Required | 
     |                                                    |              |           |       |  Time   |   Time   | 
     |----------------------------------------------------+--------------+-----------+-------+---------+----------| 
     | datapath/IDEX_ALUsrc_reg                           | CK ^         |           |       |  -0.035 |    0.003 | 
     | datapath/IDEX_ALUsrc_reg                           | CK ^ -> QN v | DFFR_X1   | 0.044 |   0.009 |    0.047 | 
     | datapath/g33833                                    | A1 v -> ZN ^ | NAND2_X1  | 0.012 |   0.022 |    0.060 | 
     | datapath/FE_OFC213_n_787_dup                       | A ^ -> Z ^   | BUF_X4    | 0.019 |   0.041 |    0.079 | 
     | datapath/g32860                                    | C2 ^ -> ZN v | OAI221_X1 | 0.025 |   0.066 |    0.104 | 
     | datapath/ALU_ALU_GEN[29].slice_i_bitAdder/g161__23 | A v -> S ^   | HA_X1     | 0.017 |   0.083 |    0.121 | 
     | 98                                                 |              |           |       |         |          | 
     | datapath/ALU_ALU_GEN[29].slice_i_bitAdder/g159     | A ^ -> ZN v  | INV_X1    | 0.008 |   0.091 |    0.129 | 
     | datapath/ALU_ALU_GEN[29].slice_i_bitAdder/FE_RC_60 | A2 v -> ZN ^ | NAND2_X1  | 0.009 |   0.100 |    0.138 | 
     | 7_0                                                |              |           |       |         |          | 
     | datapath/ALU_ALU_GEN[29].slice_i_bitAdder/FE_RC_60 | A ^ -> ZN v  | OAI21_X1  | 0.009 |   0.110 |    0.148 | 
     | 6_0                                                |              |           |       |         |          | 
     | datapath/ALU_ALU_GEN[29].slice_i_resultMux/g153__8 | A1 v -> ZN ^ | NAND2_X1  | 0.008 |   0.118 |    0.156 | 
     | 428                                                |              |           |       |         |          | 
     | datapath/ALU_ALU_GEN[29].slice_i_resultMux/g151__6 | A1 ^ -> ZN v | NAND2_X1  | 0.008 |   0.126 |    0.164 | 
     | 260                                                |              |           |       |         |          | 
     | datapath/EXMEM_aluResult_reg[29]                   | D v          | DFFR_X1   | 0.000 |   0.126 |    0.164 | 
     +------------------------------------------------------------------------------------------------------------+ 
Path 3: VIOLATED Hold Check with Pin datapath/IFID_pc_reg[22]/CK 
Endpoint:   datapath/IFID_pc_reg[22]/D (v) checked with  leading edge of 'clk'
Beginpoint: datapath/IF_pc_reg[22]/Q   (v) triggered by  leading edge of 'clk'
Path Groups: {reg2reg}
Analysis View: BC_VIEW
Other End Arrival Time          0.188
+ Hold                          0.004
+ Phase Shift                   0.000
- CPPR Adjustment               0.000
+ Uncertainty                   0.020
= Required Time                 0.212
  Arrival Time                  0.181
  Slack Time                   -0.032
     Clock Rise Edge                 0.000
     + Clock Network Latency (Prop)  0.097
     = Beginpoint Arrival Time       0.097
     +---------------------------------------------------------------------------------+ 
     |         Instance         |     Arc      |   Cell   | Delay | Arrival | Required | 
     |                          |              |          |       |  Time   |   Time   | 
     |--------------------------+--------------+----------+-------+---------+----------| 
     | datapath/IF_pc_reg[22]   | CK ^         |          |       |   0.097 |    0.128 | 
     | datapath/IF_pc_reg[22]   | CK ^ -> Q v  | DFFR_X1  | 0.062 |   0.159 |    0.191 | 
     | datapath/g43335          | A2 v -> ZN ^ | AOI22_X1 | 0.015 |   0.174 |    0.206 | 
     | datapath/g43168          | A2 ^ -> ZN v | NOR2_X1  | 0.007 |   0.181 |    0.212 | 
     | datapath/IFID_pc_reg[22] | D v          | DFFR_X1  | 0.000 |   0.181 |    0.212 | 
     +---------------------------------------------------------------------------------+ 
Path 4: VIOLATED Hold Check with Pin datapath/IF_pc_reg[13]/CK 
Endpoint:   datapath/IF_pc_reg[13]/D   (^) checked with  leading edge of 'clk'
Beginpoint: datapath/EXMEM_rd_reg[0]/Q (v) triggered by  leading edge of 'clk'
Path Groups: {reg2reg}
Analysis View: BC_VIEW
Other End Arrival Time          0.188
+ Hold                          0.004
+ Phase Shift                   0.000
- CPPR Adjustment               0.000
+ Uncertainty                   0.020
= Required Time                 0.212
  Arrival Time                  0.182
  Slack Time                   -0.030
     Clock Rise Edge                 0.000
     + Clock Network Latency (Prop)  -0.035
     = Beginpoint Arrival Time       -0.035
     +---------------------------------------------------------------------------------------+ 
     |            Instance            |     Arc      |   Cell   | Delay | Arrival | Required | 
     |                                |              |          |       |  Time   |   Time   | 
     |--------------------------------+--------------+----------+-------+---------+----------| 
     | datapath/EXMEM_rd_reg[0]       | CK ^         |          |       |  -0.035 |   -0.005 | 
     | datapath/EXMEM_rd_reg[0]       | CK ^ -> Q v  | DFFR_X1  | 0.057 |   0.023 |    0.053 | 
     | datapath/FE_OCPC520_EXMEM_rd_0 | A v -> ZN ^  | INV_X2   | 0.016 |   0.039 |    0.069 | 
     | datapath/FE_OCPC521_EXMEM_rd_0 | A ^ -> ZN v  | INV_X1   | 0.023 |   0.062 |    0.092 | 
     | g1906                          | B v -> Z ^   | XOR2_X1  | 0.022 |   0.083 |    0.113 | 
     | g1883                          | A3 ^ -> ZN v | NOR4_X1  | 0.010 |   0.094 |    0.124 | 
     | g1870                          | A1 v -> ZN ^ | AOI22_X1 | 0.011 |   0.105 |    0.135 | 
     | g1865                          | B2 ^ -> ZN v | OAI21_X1 | 0.021 |   0.126 |    0.156 | 
     | FE_OFC170_IFID_stall           | A v -> ZN ^  | INV_X4   | 0.032 |   0.158 |    0.188 | 
     | datapath/g43411                | A2 ^ -> ZN v | NAND2_X1 | 0.016 |   0.174 |    0.204 | 
     | datapath/g43297                | A1 v -> ZN ^ | NAND2_X1 | 0.007 |   0.182 |    0.212 | 
     | datapath/IF_pc_reg[13]         | D ^          | DFFR_X1  | 0.000 |   0.182 |    0.212 | 
     +---------------------------------------------------------------------------------------+ 
Path 5: VIOLATED Hold Check with Pin datapath/EXMEM_aluResult_reg[24]/CK 
Endpoint:   datapath/EXMEM_aluResult_reg[24]/D (v) checked with  leading edge 
of 'clk'
Beginpoint: datapath/IDEX_ALUsrc_reg/QN        (v) triggered by  leading edge 
of 'clk'
Path Groups: {reg2reg}
Analysis View: BC_VIEW
Other End Arrival Time          0.122
+ Hold                          0.004
+ Phase Shift                   0.000
- CPPR Adjustment               0.000
+ Uncertainty                   0.020
= Required Time                 0.146
  Arrival Time                  0.116
  Slack Time                   -0.030
     Clock Rise Edge                 0.000
     + Clock Network Latency (Prop)  -0.035
     = Beginpoint Arrival Time       -0.035
     +------------------------------------------------------------------------------------------------------------+ 
     |                      Instance                      |     Arc      |   Cell    | Delay | Arrival | Required | 
     |                                                    |              |           |       |  Time   |   Time   | 
     |----------------------------------------------------+--------------+-----------+-------+---------+----------| 
     | datapath/IDEX_ALUsrc_reg                           | CK ^         |           |       |  -0.035 |   -0.005 | 
     | datapath/IDEX_ALUsrc_reg                           | CK ^ -> QN v | DFFR_X1   | 0.044 |   0.009 |    0.039 | 
     | datapath/g33833                                    | A1 v -> ZN ^ | NAND2_X1  | 0.012 |   0.022 |    0.052 | 
     | datapath/FE_OFC213_n_787_dup                       | A ^ -> Z ^   | BUF_X4    | 0.019 |   0.041 |    0.071 | 
     | datapath/g32855                                    | C2 ^ -> ZN v | OAI221_X1 | 0.024 |   0.065 |    0.095 | 
     | datapath/g32805                                    | A1 v -> ZN v | AND2_X1   | 0.019 |   0.085 |    0.115 | 
     | datapath/ALU_ALU_GEN[24].slice_i_resultMux/g146__1 | B1 v -> ZN ^ | OAI221_X1 | 0.022 |   0.107 |    0.137 | 
     | 881                                                |              |           |       |         |          | 
     | datapath/ALU_ALU_GEN[24].slice_i_resultMux/g145__6 | A2 ^ -> ZN v | NAND2_X1  | 0.009 |   0.116 |    0.146 | 
     | 131                                                |              |           |       |         |          | 
     | datapath/EXMEM_aluResult_reg[24]                   | D v          | DFFR_X1   | 0.000 |   0.116 |    0.146 | 
     +------------------------------------------------------------------------------------------------------------+ 
Path 6: VIOLATED Hold Check with Pin datapath/EXMEM_aluResult_reg[12]/CK 
Endpoint:   datapath/EXMEM_aluResult_reg[12]/D (v) checked with  leading edge 
of 'clk'
Beginpoint: datapath/IDEX_ALUsrc_reg/QN        (v) triggered by  leading edge 
of 'clk'
Path Groups: {reg2reg}
Analysis View: BC_VIEW
Other End Arrival Time          0.121
+ Hold                          0.004
+ Phase Shift                   0.000
- CPPR Adjustment               0.000
+ Uncertainty                   0.020
= Required Time                 0.145
  Arrival Time                  0.120
  Slack Time                   -0.025
     Clock Rise Edge                 0.000
     + Clock Network Latency (Prop)  -0.035
     = Beginpoint Arrival Time       -0.035
     +------------------------------------------------------------------------------------------------------------+ 
     |                      Instance                      |     Arc      |   Cell    | Delay | Arrival | Required | 
     |                                                    |              |           |       |  Time   |   Time   | 
     |----------------------------------------------------+--------------+-----------+-------+---------+----------| 
     | datapath/IDEX_ALUsrc_reg                           | CK ^         |           |       |  -0.035 |   -0.009 | 
     | datapath/IDEX_ALUsrc_reg                           | CK ^ -> QN v | DFFR_X1   | 0.044 |   0.009 |    0.035 | 
     | datapath/g33833_dup                                | A2 v -> ZN ^ | NAND2_X1  | 0.014 |   0.023 |    0.048 | 
     | datapath/FE_OFC213_n_787                           | A ^ -> Z ^   | BUF_X4    | 0.021 |   0.044 |    0.069 | 
     | datapath/FE_RC_411_0                               | C2 ^ -> ZN v | OAI211_X2 | 0.022 |   0.066 |    0.091 | 
     | datapath/ALU_ALU_GEN[12].slice_i_bitAdder/g161__16 | A v -> S ^   | HA_X1     | 0.018 |   0.084 |    0.110 | 
     | 66                                                 |              |           |       |         |          | 
     | datapath/ALU_ALU_GEN[12].slice_i_bitAdder/g2__6417 | B ^ -> Z v   | XOR2_X1   | 0.011 |   0.096 |    0.121 | 
     | datapath/ALU_ALU_GEN[12].slice_i_resultMux/g132__5 | B1 v -> ZN ^ | AOI21_X1  | 0.015 |   0.110 |    0.136 | 
     | 107                                                |              |           |       |         |          | 
     | datapath/ALU_ALU_GEN[12].slice_i_resultMux/g130__5 | B1 ^ -> ZN v | OAI21_X1  | 0.009 |   0.120 |    0.145 | 
     | 477                                                |              |           |       |         |          | 
     | datapath/EXMEM_aluResult_reg[12]                   | D v          | DFFR_X1   | 0.000 |   0.120 |    0.145 | 
     +------------------------------------------------------------------------------------------------------------+ 
Path 7: VIOLATED Hold Check with Pin datapath/IFID_pc_reg[13]/CK 
Endpoint:   datapath/IFID_pc_reg[13]/D (v) checked with  leading edge of 'clk'
Beginpoint: datapath/EXMEM_rd_reg[0]/Q (v) triggered by  leading edge of 'clk'
Path Groups: {reg2reg}
Analysis View: BC_VIEW
Other End Arrival Time          0.188
+ Hold                          0.004
+ Phase Shift                   0.000
- CPPR Adjustment               0.000
+ Uncertainty                   0.020
= Required Time                 0.213
  Arrival Time                  0.196
  Slack Time                   -0.017
     Clock Rise Edge                 0.000
     + Clock Network Latency (Prop)  -0.035
     = Beginpoint Arrival Time       -0.035
     +---------------------------------------------------------------------------------------+ 
     |            Instance            |     Arc      |   Cell   | Delay | Arrival | Required | 
     |                                |              |          |       |  Time   |   Time   | 
     |--------------------------------+--------------+----------+-------+---------+----------| 
     | datapath/EXMEM_rd_reg[0]       | CK ^         |          |       |  -0.035 |   -0.018 | 
     | datapath/EXMEM_rd_reg[0]       | CK ^ -> Q v  | DFFR_X1  | 0.057 |   0.023 |    0.039 | 
     | datapath/FE_OCPC520_EXMEM_rd_0 | A v -> ZN ^  | INV_X2   | 0.016 |   0.039 |    0.056 | 
     | datapath/FE_OCPC521_EXMEM_rd_0 | A ^ -> ZN v  | INV_X1   | 0.023 |   0.062 |    0.079 | 
     | g1906                          | B v -> Z ^   | XOR2_X1  | 0.022 |   0.083 |    0.100 | 
     | g1883                          | A3 ^ -> ZN v | NOR4_X1  | 0.010 |   0.094 |    0.111 | 
     | g1870                          | A1 v -> ZN ^ | AOI22_X1 | 0.011 |   0.105 |    0.121 | 
     | g1865                          | B2 ^ -> ZN v | OAI21_X1 | 0.021 |   0.126 |    0.143 | 
     | FE_OFC170_IFID_stall           | A v -> ZN ^  | INV_X4   | 0.032 |   0.158 |    0.175 | 
     | datapath/g43318                | S ^ -> Z ^   | MUX2_X1  | 0.031 |   0.189 |    0.206 | 
     | datapath/g43150                | A2 ^ -> ZN v | NOR2_X1  | 0.006 |   0.196 |    0.213 | 
     | datapath/IFID_pc_reg[13]       | D v          | DFFR_X1  | 0.000 |   0.196 |    0.213 | 
     +---------------------------------------------------------------------------------------+ 
Path 8: VIOLATED Hold Check with Pin datapath/IF_pc_reg[21]/CK 
Endpoint:   datapath/IF_pc_reg[21]/D      (v) checked with  leading edge of 
'clk'
Beginpoint: datapath/IFID_instr_reg[21]/Q (v) triggered by  leading edge of 
'clk'
Path Groups: {reg2reg}
Analysis View: BC_VIEW
Other End Arrival Time          0.188
+ Hold                          0.004
+ Phase Shift                   0.000
- CPPR Adjustment               0.000
+ Uncertainty                   0.020
= Required Time                 0.213
  Arrival Time                  0.196
  Slack Time                   -0.016
     Clock Rise Edge                 0.000
     + Clock Network Latency (Prop)  0.044
     = Beginpoint Arrival Time       0.044
     +--------------------------------------------------------------------------------------------------------+ 
     |                    Instance                     |     Arc      |   Cell   | Delay | Arrival | Required | 
     |                                                 |              |          |       |  Time   |   Time   | 
     |-------------------------------------------------+--------------+----------+-------+---------+----------| 
     | datapath/IFID_instr_reg[21]                     | CK ^         |          |       |   0.044 |    0.060 | 
     | datapath/IFID_instr_reg[21]                     | CK ^ -> Q v  | DFFR_X1  | 0.063 |   0.107 |    0.123 | 
     | datapath/immediate_generation/g4178             | A v -> ZN ^  | INV_X1   | 0.010 |   0.116 |    0.133 | 
     | datapath/immediate_generation/g4041__2398       | B2 ^ -> ZN v | OAI21_X1 | 0.019 |   0.135 |    0.151 | 
     | datapath/pc_plus_imm/FA_GEN[21].fa_i/g161__1617 | A v -> S ^   | HA_X1    | 0.019 |   0.154 |    0.170 | 
     | datapath/pc_plus_imm/FA_GEN[21].fa_i/g2__1705   | B ^ -> Z v   | XOR2_X1  | 0.011 |   0.165 |    0.181 | 
     | datapath/branch_or_inc_4/g893__9315             | A1 v -> ZN ^ | NAND2_X1 | 0.008 |   0.173 |    0.189 | 
     | datapath/branch_or_inc_4/g838__9945             | A2 ^ -> ZN v | NAND2_X1 | 0.009 |   0.182 |    0.198 | 
     | datapath/g43608                                 | A v -> ZN ^  | INV_X1   | 0.007 |   0.188 |    0.205 | 
     | datapath/g43351                                 | B1 ^ -> ZN v | OAI21_X1 | 0.008 |   0.196 |    0.213 | 
     | datapath/IF_pc_reg[21]                          | D v          | DFFR_X1  | 0.000 |   0.196 |    0.213 | 
     +--------------------------------------------------------------------------------------------------------+ 
Path 9: VIOLATED Hold Check with Pin datapath/IF_pc_reg[20]/CK 
Endpoint:   datapath/IF_pc_reg[20]/D (^) checked with  leading edge of 'clk'
Beginpoint: datapath/IF_pc_reg[18]/Q (v) triggered by  leading edge of 'clk'
Path Groups: {reg2reg}
Analysis View: BC_VIEW
Other End Arrival Time          0.188
+ Hold                          0.004
+ Phase Shift                   0.000
- CPPR Adjustment               0.000
+ Uncertainty                   0.020
= Required Time                 0.212
  Arrival Time                  0.197
  Slack Time                   -0.015
     Clock Rise Edge                 0.000
     + Clock Network Latency (Prop)  0.052
     = Beginpoint Arrival Time       0.052
     +--------------------------------------------------------------------------------------------------------+ 
     |                    Instance                     |     Arc      |   Cell   | Delay | Arrival | Required | 
     |                                                 |              |          |       |  Time   |   Time   | 
     |-------------------------------------------------+--------------+----------+-------+---------+----------| 
     | datapath/IF_pc_reg[18]                          | CK ^         |          |       |   0.052 |    0.067 | 
     | datapath/IF_pc_reg[18]                          | CK ^ -> Q v  | DFFR_X1  | 0.063 |   0.115 |    0.130 | 
     | datapath/pc_plus_4/FA_GEN[18].fa_i/FE_RC_1113_0 | A2 v -> ZN v | AND2_X2  | 0.019 |   0.134 |    0.149 | 
     | datapath/pc_plus_4/FA_GEN[19].fa_i/FE_RC_1124_0 | A1 v -> ZN ^ | NAND2_X1 | 0.010 |   0.143 |    0.158 | 
     | datapath/pc_plus_4/FA_GEN[19].fa_i/FE_RC_1126_0 | A ^ -> ZN v  | INV_X2   | 0.006 |   0.149 |    0.164 | 
     | datapath/pc_plus_4/FA_GEN[20].fa_i/FE_RC_1116_0 | A v -> Z ^   | XOR2_X1  | 0.013 |   0.162 |    0.177 | 
     | datapath/branch_or_inc_4/g874__5107             | A2 ^ -> ZN v | NAND2_X1 | 0.010 |   0.172 |    0.187 | 
     | datapath/branch_or_inc_4/g840__2346             | A1 v -> ZN ^ | NAND2_X1 | 0.008 |   0.180 |    0.195 | 
     | datapath/g43518                                 | A ^ -> ZN v  | INV_X1   | 0.005 |   0.185 |    0.200 | 
     | datapath/g43349                                 | B1 v -> ZN ^ | OAI21_X1 | 0.012 |   0.197 |    0.212 | 
     | datapath/IF_pc_reg[20]                          | D ^          | DFFR_X1  | 0.000 |   0.197 |    0.212 | 
     +--------------------------------------------------------------------------------------------------------+ 
Path 10: VIOLATED Hold Check with Pin datapath/IFID_pc_reg[14]/CK 
Endpoint:   datapath/IFID_pc_reg[14]/D (v) checked with  leading edge of 'clk'
Beginpoint: datapath/EXMEM_rd_reg[0]/Q (v) triggered by  leading edge of 'clk'
Path Groups: {reg2reg}
Analysis View: BC_VIEW
Other End Arrival Time          0.188
+ Hold                          0.004
+ Phase Shift                   0.000
- CPPR Adjustment               0.000
+ Uncertainty                   0.020
= Required Time                 0.212
  Arrival Time                  0.197
  Slack Time                   -0.015
     Clock Rise Edge                 0.000
     + Clock Network Latency (Prop)  -0.035
     = Beginpoint Arrival Time       -0.035
     +---------------------------------------------------------------------------------------+ 
     |            Instance            |     Arc      |   Cell   | Delay | Arrival | Required | 
     |                                |              |          |       |  Time   |   Time   | 
     |--------------------------------+--------------+----------+-------+---------+----------| 
     | datapath/EXMEM_rd_reg[0]       | CK ^         |          |       |  -0.035 |   -0.020 | 
     | datapath/EXMEM_rd_reg[0]       | CK ^ -> Q v  | DFFR_X1  | 0.057 |   0.023 |    0.037 | 
     | datapath/FE_OCPC520_EXMEM_rd_0 | A v -> ZN ^  | INV_X2   | 0.016 |   0.039 |    0.054 | 
     | datapath/FE_OCPC521_EXMEM_rd_0 | A ^ -> ZN v  | INV_X1   | 0.023 |   0.062 |    0.077 | 
     | g1906                          | B v -> Z ^   | XOR2_X1  | 0.022 |   0.083 |    0.098 | 
     | g1883                          | A3 ^ -> ZN v | NOR4_X1  | 0.010 |   0.094 |    0.108 | 
     | g1870                          | A1 v -> ZN ^ | AOI22_X1 | 0.011 |   0.105 |    0.119 | 
     | g1865                          | B2 ^ -> ZN v | OAI21_X1 | 0.021 |   0.126 |    0.141 | 
     | FE_OFC170_IFID_stall           | A v -> ZN ^  | INV_X4   | 0.032 |   0.158 |    0.173 | 
     | datapath/g43329                | S ^ -> Z ^   | MUX2_X1  | 0.033 |   0.191 |    0.206 | 
     | datapath/g43163                | A2 ^ -> ZN v | NOR2_X2  | 0.006 |   0.197 |    0.212 | 
     | datapath/IFID_pc_reg[14]       | D v          | DFFR_X1  | 0.000 |   0.197 |    0.212 | 
     +---------------------------------------------------------------------------------------+ 
Path 11: VIOLATED Hold Check with Pin datapath/IF_pc_reg[14]/CK 
Endpoint:   datapath/IF_pc_reg[14]/D      (v) checked with  leading edge of 
'clk'
Beginpoint: datapath/IFID_instr_reg[14]/Q (v) triggered by  leading edge of 
'clk'
Path Groups: {reg2reg}
Analysis View: BC_VIEW
Other End Arrival Time          0.188
+ Hold                          0.004
+ Phase Shift                   0.000
- CPPR Adjustment               0.000
+ Uncertainty                   0.020
= Required Time                 0.212
  Arrival Time                  0.199
  Slack Time                   -0.013
     Clock Rise Edge                 0.000
     + Clock Network Latency (Prop)  0.044
     = Beginpoint Arrival Time       0.044
     +--------------------------------------------------------------------------------------------------------+ 
     |                    Instance                     |     Arc      |   Cell   | Delay | Arrival | Required | 
     |                                                 |              |          |       |  Time   |   Time   | 
     |-------------------------------------------------+--------------+----------+-------+---------+----------| 
     | datapath/IFID_instr_reg[14]                     | CK ^         |          |       |   0.044 |    0.057 | 
     | datapath/IFID_instr_reg[14]                     | CK ^ -> Q v  | DFFR_X1  | 0.065 |   0.108 |    0.121 | 
     | datapath/immediate_generation/g4080__1617       | A2 v -> ZN ^ | NAND2_X1 | 0.012 |   0.120 |    0.133 | 
     | datapath/immediate_generation/g4063__9315       | A1 ^ -> ZN v | NAND2_X1 | 0.016 |   0.136 |    0.149 | 
     | datapath/pc_plus_imm/FA_GEN[14].fa_i/g142__6260 | A v -> S ^   | HA_X1    | 0.018 |   0.155 |    0.168 | 
     | datapath/pc_plus_imm/FA_GEN[14].fa_i/g139__2398 | B ^ -> Z v   | XOR2_X1  | 0.011 |   0.166 |    0.179 | 
     | datapath/branch_or_inc_4/g889__5115             | A2 v -> ZN ^ | NAND2_X1 | 0.010 |   0.175 |    0.188 | 
     | datapath/branch_or_inc_4/g845__2398             | A2 ^ -> ZN v | NAND2_X1 | 0.009 |   0.184 |    0.197 | 
     | datapath/g43618                                 | A v -> ZN ^  | INV_X1   | 0.007 |   0.191 |    0.204 | 
     | datapath/g43347                                 | B1 ^ -> ZN v | OAI21_X1 | 0.008 |   0.199 |    0.212 | 
     | datapath/IF_pc_reg[14]                          | D v          | DFFR_X1  | 0.000 |   0.199 |    0.212 | 
     +--------------------------------------------------------------------------------------------------------+ 
Path 12: VIOLATED Hold Check with Pin datapath/EXMEM_aluResult_reg[30]/CK 
Endpoint:   datapath/EXMEM_aluResult_reg[30]/D (v) checked with  leading edge 
of 'clk'
Beginpoint: datapath/IDEX_operation_reg[2]/QN  (v) triggered by  leading edge 
of 'clk'
Path Groups: {reg2reg}
Analysis View: BC_VIEW
Other End Arrival Time          0.140
+ Hold                          0.004
+ Phase Shift                   0.000
- CPPR Adjustment               0.000
+ Uncertainty                   0.020
= Required Time                 0.164
  Arrival Time                  0.153
  Slack Time                   -0.011
     Clock Rise Edge                 0.000
     + Clock Network Latency (Prop)  -0.035
     = Beginpoint Arrival Time       -0.035
     +------------------------------------------------------------------------------------------------------------+ 
     |                      Instance                      |     Arc      |   Cell    | Delay | Arrival | Required | 
     |                                                    |              |           |       |  Time   |   Time   | 
     |----------------------------------------------------+--------------+-----------+-------+---------+----------| 
     | datapath/IDEX_operation_reg[2]                     | CK ^         |           |       |  -0.035 |   -0.024 | 
     | datapath/IDEX_operation_reg[2]                     | CK ^ -> QN v | DFFR_X1   | 0.043 |   0.008 |    0.019 | 
     | datapath/g33827                                    | A1 v -> ZN ^ | NAND2_X2  | 0.018 |   0.025 |    0.036 | 
     | datapath/FE_OFC926_n_646                           | A ^ -> Z ^   | BUF_X4    | 0.023 |   0.048 |    0.059 | 
     | datapath/g33460                                    | B ^ -> Z ^   | MUX2_X1   | 0.027 |   0.075 |    0.086 | 
     | datapath/g32882                                    | A ^ -> ZN v  | OAI221_X1 | 0.019 |   0.094 |    0.105 | 
     | datapath/ALU_ALU_GEN[30].slice_i_bitAdder/g161__17 | A v -> S ^   | HA_X1     | 0.017 |   0.111 |    0.122 | 
     | 05                                                 |              |           |       |         |          | 
     | datapath/ALU_ALU_GEN[30].slice_i_bitAdder/g159     | A ^ -> ZN v  | INV_X1    | 0.008 |   0.119 |    0.130 | 
     | datapath/ALU_ALU_GEN[30].slice_i_bitAdder/FE_RC_59 | A2 v -> ZN ^ | NAND2_X1  | 0.009 |   0.129 |    0.140 | 
     | 8_0                                                |              |           |       |         |          | 
     | datapath/ALU_ALU_GEN[30].slice_i_bitAdder/FE_RC_59 | A ^ -> ZN v  | OAI21_X1  | 0.009 |   0.138 |    0.149 | 
     | 7_0                                                |              |           |       |         |          | 
     | datapath/ALU_ALU_GEN[30].slice_i_resultMux/g153__6 | A1 v -> ZN ^ | NAND2_X1  | 0.008 |   0.146 |    0.157 | 
     | 131                                                |              |           |       |         |          | 
     | datapath/ALU_ALU_GEN[30].slice_i_resultMux/g151__8 | A1 ^ -> ZN v | NAND2_X1  | 0.008 |   0.153 |    0.164 | 
     | 246                                                |              |           |       |         |          | 
     | datapath/EXMEM_aluResult_reg[30]                   | D v          | DFFR_X1   | 0.000 |   0.153 |    0.164 | 
     +------------------------------------------------------------------------------------------------------------+ 
Path 13: VIOLATED Hold Check with Pin datapath/MEMWB_aluResult_reg[25]/CK 
Endpoint:   datapath/MEMWB_aluResult_reg[25]/D (v) checked with  leading edge 
of 'clk'
Beginpoint: datapath/EXMEM_aluResult_reg[25]/Q (v) triggered by  leading edge 
of 'clk'
Path Groups: {reg2reg}
Analysis View: BC_VIEW
Other End Arrival Time          0.122
+ Hold                          0.004
+ Phase Shift                   0.000
- CPPR Adjustment               0.000
+ Uncertainty                   0.020
= Required Time                 0.146
  Arrival Time                  0.136
  Slack Time                   -0.010
     Clock Rise Edge                 0.000
     + Clock Network Latency (Prop)  0.075
     = Beginpoint Arrival Time       0.075
     +---------------------------------------------------------------------------------------+ 
     |             Instance             |     Arc     |  Cell   | Delay | Arrival | Required | 
     |                                  |             |         |       |  Time   |   Time   | 
     |----------------------------------+-------------+---------+-------+---------+----------| 
     | datapath/EXMEM_aluResult_reg[25] | CK ^        |         |       |   0.075 |    0.085 | 
     | datapath/EXMEM_aluResult_reg[25] | CK ^ -> Q v | DFFR_X1 | 0.061 |   0.136 |    0.146 | 
     | datapath/MEMWB_aluResult_reg[25] | D v         | DFFR_X1 | 0.000 |   0.136 |    0.146 | 
     +---------------------------------------------------------------------------------------+ 
Path 14: VIOLATED Hold Check with Pin datapath/IF_pc_reg[19]/CK 
Endpoint:   datapath/IF_pc_reg[19]/D (^) checked with  leading edge of 'clk'
Beginpoint: datapath/IF_pc_reg[18]/Q (v) triggered by  leading edge of 'clk'
Path Groups: {reg2reg}
Analysis View: BC_VIEW
Other End Arrival Time          0.188
+ Hold                          0.004
+ Phase Shift                   0.000
- CPPR Adjustment               0.000
+ Uncertainty                   0.020
= Required Time                 0.212
  Arrival Time                  0.203
  Slack Time                   -0.009
     Clock Rise Edge                 0.000
     + Clock Network Latency (Prop)  0.052
     = Beginpoint Arrival Time       0.052
     +---------------------------------------------------------------------------------------------------------+ 
     |                    Instance                     |     Arc      |   Cell    | Delay | Arrival | Required | 
     |                                                 |              |           |       |  Time   |   Time   | 
     |-------------------------------------------------+--------------+-----------+-------+---------+----------| 
     | datapath/IF_pc_reg[18]                          | CK ^         |           |       |   0.052 |    0.060 | 
     | datapath/IF_pc_reg[18]                          | CK ^ -> Q v  | DFFR_X1   | 0.063 |   0.115 |    0.123 | 
     | datapath/pc_plus_4/FA_GEN[18].fa_i/FE_RC_1113_0 | A2 v -> ZN v | AND2_X2   | 0.019 |   0.134 |    0.143 | 
     | datapath/pc_plus_4/FE_OCPC1062_cout_19          | A v -> Z v   | CLKBUF_X1 | 0.018 |   0.152 |    0.161 | 
     | datapath/pc_plus_4/FA_GEN[19].fa_i/FE_RC_1125_0 | A v -> Z ^   | XOR2_X1   | 0.014 |   0.167 |    0.175 | 
     | datapath/branch_or_inc_4/g848__4319             | A2 ^ -> ZN v | NAND2_X1  | 0.010 |   0.176 |    0.185 | 
     | datapath/branch_or_inc_4/g843__6417             | A1 v -> ZN ^ | NAND2_X1  | 0.008 |   0.184 |    0.193 | 
     | datapath/g43639                                 | A ^ -> ZN v  | INV_X1    | 0.005 |   0.189 |    0.198 | 
     | datapath/g43300                                 | B1 v -> ZN ^ | OAI21_X1  | 0.014 |   0.203 |    0.212 | 
     | datapath/IF_pc_reg[19]                          | D ^          | DFFR_X1   | 0.000 |   0.203 |    0.212 | 
     +---------------------------------------------------------------------------------------------------------+ 
Path 15: MET Hold Check with Pin datapath/EXMEM_storeData_reg[1]/CK 
Endpoint:   datapath/EXMEM_storeData_reg[1]/D (^) checked with  leading edge of 
'clk'
Beginpoint: datapath/MEMWB_regWrite_reg/Q     (v) triggered by  leading edge of 
'clk'
Path Groups: {reg2reg}
Analysis View: BC_VIEW
Other End Arrival Time          0.074
+ Hold                          0.005
+ Phase Shift                   0.000
- CPPR Adjustment               0.000
+ Uncertainty                   0.020
= Required Time                 0.099
  Arrival Time                  0.103
  Slack Time                    0.004
     Clock Rise Edge                 0.000
     + Clock Network Latency (Prop)  -0.035
     = Beginpoint Arrival Time       -0.035
     +---------------------------------------------------------------------------------------------------------+ 
     |                    Instance                     |     Arc      |   Cell    | Delay | Arrival | Required | 
     |                                                 |              |           |       |  Time   |   Time   | 
     |-------------------------------------------------+--------------+-----------+-------+---------+----------| 
     | datapath/MEMWB_regWrite_reg                     | CK ^         |           |       |  -0.035 |   -0.038 | 
     | datapath/MEMWB_regWrite_reg                     | CK ^ -> Q v  | DFFRS_X2  | 0.061 |   0.026 |    0.022 | 
     | ALU_forward/FE_RC_557_0                         | A3 v -> ZN ^ | NAND3_X2  | 0.012 |   0.038 |    0.035 | 
     | ALU_forward/FE_OFC1184_FE_RN_260_0              | A ^ -> ZN v  | INV_X2    | 0.007 |   0.046 |    0.042 | 
     | ALU_forward/FE_RC_253_0                         | A3 v -> ZN ^ | NAND3_X4  | 0.013 |   0.059 |    0.055 | 
     | datapath/FE_OCPC369_n_5                         | A ^ -> ZN v  | INV_X8    | 0.007 |   0.065 |    0.062 | 
     | datapath/FE_OFC1169_FE_OCPN2510_IDEX_forwardB_0 | A v -> ZN ^  | INV_X2    | 0.014 |   0.079 |    0.075 | 
     | datapath/g33824                                 | A1 ^ -> ZN v | NAND2_X4  | 0.009 |   0.088 |    0.084 | 
     | datapath/g32920                                 | A1 v -> ZN ^ | OAI222_X1 | 0.014 |   0.103 |    0.099 | 
     | datapath/EXMEM_storeData_reg[1]                 | D ^          | DFFR_X1   | 0.000 |   0.103 |    0.099 | 
     +---------------------------------------------------------------------------------------------------------+ 
Path 16: MET Hold Check with Pin datapath/EXMEM_aluResult_reg[27]/CK 
Endpoint:   datapath/EXMEM_aluResult_reg[27]/D (^) checked with  leading edge 
of 'clk'
Beginpoint: datapath/IDEX_operation_reg[2]/QN  (v) triggered by  leading edge 
of 'clk'
Path Groups: {reg2reg}
Analysis View: BC_VIEW
Other End Arrival Time          0.122
+ Hold                          0.004
+ Phase Shift                   0.000
- CPPR Adjustment               0.000
+ Uncertainty                   0.020
= Required Time                 0.145
  Arrival Time                  0.151
  Slack Time                    0.006
     Clock Rise Edge                 0.000
     + Clock Network Latency (Prop)  -0.035
     = Beginpoint Arrival Time       -0.035
     +------------------------------------------------------------------------------------------------------------+ 
     |                      Instance                      |     Arc      |   Cell    | Delay | Arrival | Required | 
     |                                                    |              |           |       |  Time   |   Time   | 
     |----------------------------------------------------+--------------+-----------+-------+---------+----------| 
     | datapath/IDEX_operation_reg[2]                     | CK ^         |           |       |  -0.035 |   -0.041 | 
     | datapath/IDEX_operation_reg[2]                     | CK ^ -> QN v | DFFR_X1   | 0.043 |   0.008 |    0.002 | 
     | datapath/g33827                                    | A1 v -> ZN ^ | NAND2_X2  | 0.018 |   0.025 |    0.019 | 
     | datapath/FE_OFC926_n_646                           | A ^ -> Z ^   | BUF_X4    | 0.023 |   0.048 |    0.042 | 
     | datapath/g33458                                    | B ^ -> Z ^   | MUX2_X1   | 0.027 |   0.075 |    0.069 | 
     | datapath/g32859                                    | A ^ -> ZN v  | OAI221_X1 | 0.019 |   0.094 |    0.088 | 
     | datapath/ALU_ALU_GEN[27].slice_i_bitAdder/g161__16 | A v -> S ^   | HA_X1     | 0.016 |   0.110 |    0.104 | 
     | 17                                                 |              |           |       |         |          | 
     | datapath/ALU_ALU_GEN[27].slice_i_bitAdder/g159     | A ^ -> ZN v  | INV_X1    | 0.008 |   0.119 |    0.112 | 
     | datapath/ALU_ALU_GEN[27].slice_i_bitAdder/FE_RC_69 | B2 v -> ZN ^ | OAI21_X1  | 0.016 |   0.135 |    0.129 | 
     | 1_0                                                |              |           |       |         |          | 
     | datapath/ALU_ALU_GEN[27].slice_i_resultMux/g150__8 | A1 ^ -> ZN v | NAND2_X1  | 0.009 |   0.144 |    0.137 | 
     | 246                                                |              |           |       |         |          | 
     | datapath/ALU_ALU_GEN[27].slice_i_resultMux/g148__1 | A1 v -> ZN ^ | NAND2_X1  | 0.008 |   0.151 |    0.145 | 
     | 705                                                |              |           |       |         |          | 
     | datapath/EXMEM_aluResult_reg[27]                   | D ^          | DFFR_X1   | 0.000 |   0.151 |    0.145 | 
     +------------------------------------------------------------------------------------------------------------+ 
Path 17: MET Hold Check with Pin datapath/EXMEM_aluResult_reg[0]/CK 
Endpoint:   datapath/EXMEM_aluResult_reg[0]/D (^) checked with  leading edge of 
'clk'
Beginpoint: datapath/IDEX_operation_reg[2]/Q  (^) triggered by  leading edge of 
'clk'
Path Groups: {reg2reg}
Analysis View: BC_VIEW
Other End Arrival Time          0.118
+ Hold                          0.003
+ Phase Shift                   0.000
- CPPR Adjustment               0.000
+ Uncertainty                   0.020
= Required Time                 0.141
  Arrival Time                  0.153
  Slack Time                    0.013
     Clock Rise Edge                 0.000
     + Clock Network Latency (Prop)  -0.035
     = Beginpoint Arrival Time       -0.035
     +------------------------------------------------------------------------------------------------------------+ 
     |                      Instance                      |     Arc      |   Cell    | Delay | Arrival | Required | 
     |                                                    |              |           |       |  Time   |   Time   | 
     |----------------------------------------------------+--------------+-----------+-------+---------+----------| 
     | datapath/IDEX_operation_reg[2]                     | CK ^         |           |       |  -0.035 |   -0.048 | 
     | datapath/IDEX_operation_reg[2]                     | CK ^ -> Q ^  | DFFR_X1   | 0.074 |   0.039 |    0.027 | 
     | datapath/FE_OCPC553_IDEX_operation_2               | A ^ -> Z ^   | CLKBUF_X1 | 0.024 |   0.063 |    0.050 | 
     | datapath/ALU_ALU_GEN[0].slice_i_bitAdder/FE_OFC266 | A ^ -> Z ^   | BUF_X2    | 0.019 |   0.082 |    0.069 | 
     | _IDEX_operation_2                                  |              |           |       |         |          | 
     | datapath/ALU_ALU_GEN[0].slice_i_bitAdder/g220__842 | B ^ -> Z v   | XOR2_X1   | 0.013 |   0.095 |    0.082 | 
     | 8                                                  |              |           |       |         |          | 
     | datapath/ALU_ALU_GEN[0].slice_i_bitAdder/g218__626 | B v -> Z ^   | XOR2_X1   | 0.015 |   0.110 |    0.098 | 
     | 0                                                  |              |           |       |         |          | 
     | datapath/ALU_ALU_GEN[0].slice_i_resultMux/g189__28 | B ^ -> Z ^   | MUX2_X1   | 0.024 |   0.134 |    0.122 | 
     | 02                                                 |              |           |       |         |          | 
     | datapath/ALU_ALU_GEN[0].slice_i_resultMux/g187__36 | A1 ^ -> ZN v | AOI22_X1  | 0.009 |   0.144 |    0.131 | 
     | 80                                                 |              |           |       |         |          | 
     | datapath/ALU_ALU_GEN[0].slice_i_resultMux/g186__67 | A2 v -> ZN ^ | NAND2_X1  | 0.010 |   0.153 |    0.141 | 
     | 83                                                 |              |           |       |         |          | 
     | datapath/EXMEM_aluResult_reg[0]                    | D ^          | DFFR_X1   | 0.000 |   0.153 |    0.141 | 
     +------------------------------------------------------------------------------------------------------------+ 
Path 18: MET Hold Check with Pin datapath/EXMEM_aluResult_reg[19]/CK 
Endpoint:   datapath/EXMEM_aluResult_reg[19]/D (^) checked with  leading edge 
of 'clk'
Beginpoint: datapath/IDEX_ALUsrc_reg/QN        (^) triggered by  leading edge 
of 'clk'
Path Groups: {reg2reg}
Analysis View: BC_VIEW
Other End Arrival Time          0.066
+ Hold                          0.004
+ Phase Shift                   0.000
- CPPR Adjustment               0.000
+ Uncertainty                   0.020
= Required Time                 0.090
  Arrival Time                  0.106
  Slack Time                    0.016
     Clock Rise Edge                 0.000
     + Clock Network Latency (Prop)  -0.035
     = Beginpoint Arrival Time       -0.035
     +------------------------------------------------------------------------------------------------------------+ 
     |                      Instance                      |     Arc      |   Cell    | Delay | Arrival | Required | 
     |                                                    |              |           |       |  Time   |   Time   | 
     |----------------------------------------------------+--------------+-----------+-------+---------+----------| 
     | datapath/IDEX_ALUsrc_reg                           | CK ^         |           |       |  -0.035 |   -0.051 | 
     | datapath/IDEX_ALUsrc_reg                           | CK ^ -> QN ^ | DFFR_X1   | 0.049 |   0.014 |   -0.002 | 
     | datapath/g33833                                    | A1 ^ -> ZN v | NAND2_X1  | 0.012 |   0.026 |    0.010 | 
     | datapath/FE_OFC213_n_787_dup                       | A v -> Z v   | BUF_X4    | 0.020 |   0.046 |    0.030 | 
     | datapath/g32851                                    | C2 v -> ZN ^ | OAI221_X2 | 0.023 |   0.070 |    0.054 | 
     | datapath/g32789                                    | A1 ^ -> ZN ^ | OR2_X1    | 0.016 |   0.085 |    0.069 | 
     | datapath/ALU_ALU_GEN[19].slice_i_resultMux/g146__4 | C1 ^ -> ZN v | OAI221_X1 | 0.011 |   0.096 |    0.081 | 
     | 319                                                |              |           |       |         |          | 
     | datapath/ALU_ALU_GEN[19].slice_i_resultMux/g145__6 | A2 v -> ZN ^ | NAND2_X1  | 0.009 |   0.106 |    0.090 | 
     | 260                                                |              |           |       |         |          | 
     | datapath/EXMEM_aluResult_reg[19]                   | D ^          | DFFR_X1   | 0.000 |   0.106 |    0.090 | 
     +------------------------------------------------------------------------------------------------------------+ 
Path 19: MET Hold Check with Pin datapath/IFID_pc_reg[20]/CK 
Endpoint:   datapath/IFID_pc_reg[20]/D (v) checked with  leading edge of 'clk'
Beginpoint: datapath/EXMEM_rd_reg[0]/Q (^) triggered by  leading edge of 'clk'
Path Groups: {reg2reg}
Analysis View: BC_VIEW
Other End Arrival Time          0.188
+ Hold                          0.004
+ Phase Shift                   0.000
- CPPR Adjustment               0.000
+ Uncertainty                   0.020
= Required Time                 0.212
  Arrival Time                  0.229
  Slack Time                    0.017
     Clock Rise Edge                 0.000
     + Clock Network Latency (Prop)  -0.035
     = Beginpoint Arrival Time       -0.035
     +----------------------------------------------------------------------------------------+ 
     |            Instance            |     Arc      |   Cell    | Delay | Arrival | Required | 
     |                                |              |           |       |  Time   |   Time   | 
     |--------------------------------+--------------+-----------+-------+---------+----------| 
     | datapath/EXMEM_rd_reg[0]       | CK ^         |           |       |  -0.035 |   -0.052 | 
     | datapath/EXMEM_rd_reg[0]       | CK ^ -> Q ^  | DFFR_X1   | 0.063 |   0.028 |    0.011 | 
     | datapath/FE_OCPC520_EXMEM_rd_0 | A ^ -> ZN v  | INV_X2    | 0.013 |   0.041 |    0.024 | 
     | datapath/FE_OCPC521_EXMEM_rd_0 | A v -> ZN ^  | INV_X1    | 0.030 |   0.070 |    0.054 | 
     | g1922                          | A1 ^ -> ZN ^ | OR2_X1    | 0.019 |   0.089 |    0.073 | 
     | g1869                          | C2 ^ -> ZN v | OAI211_X1 | 0.015 |   0.104 |    0.087 | 
     | g1865                          | B1 v -> ZN ^ | OAI21_X1  | 0.033 |   0.137 |    0.120 | 
     | FE_OFC170_IFID_stall           | A ^ -> ZN v  | INV_X4    | 0.024 |   0.160 |    0.144 | 
     | datapath/FE_OFC847_IFID_stall  | A v -> ZN ^  | INV_X2    | 0.023 |   0.184 |    0.167 | 
     | datapath/FE_OFC850_IFID_stall  | A ^ -> ZN v  | INV_X4    | 0.019 |   0.202 |    0.186 | 
     | datapath/g43333                | A1 v -> ZN ^ | AOI22_X1  | 0.020 |   0.222 |    0.206 | 
     | datapath/g43169                | A2 ^ -> ZN v | NOR2_X1   | 0.007 |   0.229 |    0.212 | 
     | datapath/IFID_pc_reg[20]       | D v          | DFFR_X1   | 0.000 |   0.229 |    0.212 | 
     +----------------------------------------------------------------------------------------+ 
Path 20: MET Hold Check with Pin datapath/IFID_pc_reg[21]/CK 
Endpoint:   datapath/IFID_pc_reg[21]/D (v) checked with  leading edge of 'clk'
Beginpoint: datapath/EXMEM_rd_reg[0]/Q (^) triggered by  leading edge of 'clk'
Path Groups: {reg2reg}
Analysis View: BC_VIEW
Other End Arrival Time          0.188
+ Hold                          0.004
+ Phase Shift                   0.000
- CPPR Adjustment               0.000
+ Uncertainty                   0.020
= Required Time                 0.212
  Arrival Time                  0.229
  Slack Time                    0.017
     Clock Rise Edge                 0.000
     + Clock Network Latency (Prop)  -0.035
     = Beginpoint Arrival Time       -0.035
     +----------------------------------------------------------------------------------------+ 
     |            Instance            |     Arc      |   Cell    | Delay | Arrival | Required | 
     |                                |              |           |       |  Time   |   Time   | 
     |--------------------------------+--------------+-----------+-------+---------+----------| 
     | datapath/EXMEM_rd_reg[0]       | CK ^         |           |       |  -0.035 |   -0.052 | 
     | datapath/EXMEM_rd_reg[0]       | CK ^ -> Q ^  | DFFR_X1   | 0.063 |   0.028 |    0.011 | 
     | datapath/FE_OCPC520_EXMEM_rd_0 | A ^ -> ZN v  | INV_X2    | 0.013 |   0.041 |    0.024 | 
     | datapath/FE_OCPC521_EXMEM_rd_0 | A v -> ZN ^  | INV_X1    | 0.030 |   0.070 |    0.053 | 
     | g1922                          | A1 ^ -> ZN ^ | OR2_X1    | 0.019 |   0.089 |    0.072 | 
     | g1869                          | C2 ^ -> ZN v | OAI211_X1 | 0.015 |   0.104 |    0.087 | 
     | g1865                          | B1 v -> ZN ^ | OAI21_X1  | 0.033 |   0.137 |    0.120 | 
     | FE_OFC170_IFID_stall           | A ^ -> ZN v  | INV_X4    | 0.024 |   0.160 |    0.143 | 
     | datapath/FE_OFC847_IFID_stall  | A v -> ZN ^  | INV_X2    | 0.023 |   0.184 |    0.167 | 
     | datapath/FE_OFC850_IFID_stall  | A ^ -> ZN v  | INV_X4    | 0.019 |   0.202 |    0.185 | 
     | datapath/g43334                | A1 v -> ZN ^ | AOI22_X1  | 0.020 |   0.223 |    0.206 | 
     | datapath/g43170                | A2 ^ -> ZN v | NOR2_X1   | 0.007 |   0.229 |    0.212 | 
     | datapath/IFID_pc_reg[21]       | D v          | DFFR_X1   | 0.000 |   0.229 |    0.212 | 
     +----------------------------------------------------------------------------------------+ 
Path 21: MET Hold Check with Pin datapath/IFID_pc_reg[19]/CK 
Endpoint:   datapath/IFID_pc_reg[19]/D (v) checked with  leading edge of 'clk'
Beginpoint: datapath/EXMEM_rd_reg[0]/Q (^) triggered by  leading edge of 'clk'
Path Groups: {reg2reg}
Analysis View: BC_VIEW
Other End Arrival Time          0.188
+ Hold                          0.004
+ Phase Shift                   0.000
- CPPR Adjustment               0.000
+ Uncertainty                   0.020
= Required Time                 0.212
  Arrival Time                  0.230
  Slack Time                    0.018
     Clock Rise Edge                 0.000
     + Clock Network Latency (Prop)  -0.035
     = Beginpoint Arrival Time       -0.035
     +----------------------------------------------------------------------------------------+ 
     |            Instance            |     Arc      |   Cell    | Delay | Arrival | Required | 
     |                                |              |           |       |  Time   |   Time   | 
     |--------------------------------+--------------+-----------+-------+---------+----------| 
     | datapath/EXMEM_rd_reg[0]       | CK ^         |           |       |  -0.035 |   -0.052 | 
     | datapath/EXMEM_rd_reg[0]       | CK ^ -> Q ^  | DFFR_X1   | 0.063 |   0.028 |    0.010 | 
     | datapath/FE_OCPC520_EXMEM_rd_0 | A ^ -> ZN v  | INV_X2    | 0.013 |   0.041 |    0.023 | 
     | datapath/FE_OCPC521_EXMEM_rd_0 | A v -> ZN ^  | INV_X1    | 0.030 |   0.070 |    0.053 | 
     | g1922                          | A1 ^ -> ZN ^ | OR2_X1    | 0.019 |   0.089 |    0.072 | 
     | g1869                          | C2 ^ -> ZN v | OAI211_X1 | 0.015 |   0.104 |    0.086 | 
     | g1865                          | B1 v -> ZN ^ | OAI21_X1  | 0.033 |   0.137 |    0.119 | 
     | FE_OFC170_IFID_stall           | A ^ -> ZN v  | INV_X4    | 0.024 |   0.160 |    0.143 | 
     | datapath/FE_OFC847_IFID_stall  | A v -> ZN ^  | INV_X2    | 0.023 |   0.184 |    0.166 | 
     | datapath/FE_OFC850_IFID_stall  | A ^ -> ZN v  | INV_X4    | 0.019 |   0.202 |    0.185 | 
     | datapath/g43279                | A1 v -> ZN ^ | AOI22_X1  | 0.020 |   0.223 |    0.205 | 
     | datapath/g43167                | A2 ^ -> ZN v | NOR2_X1   | 0.007 |   0.230 |    0.212 | 
     | datapath/IFID_pc_reg[19]       | D v          | DFFR_X1   | 0.000 |   0.230 |    0.212 | 
     +----------------------------------------------------------------------------------------+ 
Path 22: MET Hold Check with Pin datapath/IF_pc_reg[15]/CK 
Endpoint:   datapath/IF_pc_reg[15]/D      (v) checked with  leading edge of 
'clk'
Beginpoint: datapath/IFID_instr_reg[31]/Q (v) triggered by  leading edge of 
'clk'
Path Groups: {reg2reg}
Analysis View: BC_VIEW
Other End Arrival Time          0.188
+ Hold                          0.004
+ Phase Shift                   0.000
- CPPR Adjustment               0.000
+ Uncertainty                   0.020
= Required Time                 0.212
  Arrival Time                  0.231
  Slack Time                    0.019
     Clock Rise Edge                 0.000
     + Clock Network Latency (Prop)  0.043
     = Beginpoint Arrival Time       0.043
     +--------------------------------------------------------------------------------------------------------+ 
     |                    Instance                     |     Arc      |   Cell   | Delay | Arrival | Required | 
     |                                                 |              |          |       |  Time   |   Time   | 
     |-------------------------------------------------+--------------+----------+-------+---------+----------| 
     | datapath/IFID_instr_reg[31]                     | CK ^         |          |       |   0.043 |    0.024 | 
     | datapath/IFID_instr_reg[31]                     | CK ^ -> Q v  | DFFR_X1  | 0.063 |   0.106 |    0.087 | 
     | datapath/immediate_generation/g4098__1666       | A2 v -> ZN ^ | NAND2_X1 | 0.018 |   0.124 |    0.105 | 
     | datapath/immediate_generation/g4076__8428       | A2 ^ -> ZN ^ | OR2_X2   | 0.026 |   0.150 |    0.131 | 
     | datapath/immediate_generation/g4062__6161       | A2 ^ -> ZN v | NAND2_X1 | 0.020 |   0.170 |    0.151 | 
     | datapath/pc_plus_imm/FA_GEN[15].fa_i/g142__3680 | A v -> S ^   | HA_X1    | 0.018 |   0.188 |    0.169 | 
     | datapath/pc_plus_imm/FA_GEN[15].fa_i/g139__5526 | B ^ -> Z v   | XOR2_X1  | 0.011 |   0.199 |    0.180 | 
     | datapath/branch_or_inc_4/g887__6131             | A1 v -> ZN ^ | NAND2_X1 | 0.008 |   0.207 |    0.188 | 
     | datapath/branch_or_inc_4/g829__8246             | A2 ^ -> ZN v | NAND2_X1 | 0.009 |   0.216 |    0.197 | 
     | datapath/g43500                                 | A v -> ZN ^  | INV_X1   | 0.007 |   0.223 |    0.204 | 
     | datapath/g43298                                 | B1 ^ -> ZN v | OAI21_X1 | 0.008 |   0.231 |    0.212 | 
     | datapath/IF_pc_reg[15]                          | D v          | DFFR_X1  | 0.000 |   0.231 |    0.212 | 
     +--------------------------------------------------------------------------------------------------------+ 
Path 23: MET Hold Check with Pin datapath/EXMEM_aluResult_reg[13]/CK 
Endpoint:   datapath/EXMEM_aluResult_reg[13]/D (v) checked with  leading edge 
of 'clk'
Beginpoint: datapath/IDEX_operation_reg[2]/QN  (v) triggered by  leading edge 
of 'clk'
Path Groups: {reg2reg}
Analysis View: BC_VIEW
Other End Arrival Time          0.067
+ Hold                          0.005
+ Phase Shift                   0.000
- CPPR Adjustment               0.000
+ Uncertainty                   0.020
= Required Time                 0.092
  Arrival Time                  0.112
  Slack Time                    0.020
     Clock Rise Edge                 0.000
     + Clock Network Latency (Prop)  -0.035
     = Beginpoint Arrival Time       -0.035
     +------------------------------------------------------------------------------------------------------------+ 
     |                      Instance                      |     Arc      |   Cell    | Delay | Arrival | Required | 
     |                                                    |              |           |       |  Time   |   Time   | 
     |----------------------------------------------------+--------------+-----------+-------+---------+----------| 
     | datapath/IDEX_operation_reg[2]                     | CK ^         |           |       |  -0.035 |   -0.055 | 
     | datapath/IDEX_operation_reg[2]                     | CK ^ -> QN v | DFFR_X1   | 0.043 |   0.008 |   -0.012 | 
     | datapath/g33827                                    | A1 v -> ZN ^ | NAND2_X2  | 0.018 |   0.025 |    0.006 | 
     | datapath/g33447                                    | B ^ -> Z ^   | MUX2_X1   | 0.028 |   0.053 |    0.033 | 
     | datapath/g32847                                    | A ^ -> ZN v  | OAI221_X2 | 0.016 |   0.069 |    0.049 | 
     | datapath/g32782                                    | A1 v -> ZN v | OR2_X1    | 0.025 |   0.094 |    0.074 | 
     | datapath/ALU_ALU_GEN[13].slice_i_resultMux/g141__2 | A1 v -> ZN ^ | NAND3_X1  | 0.009 |   0.103 |    0.083 | 
     | 802                                                |              |           |       |         |          | 
     | datapath/ALU_ALU_GEN[13].slice_i_resultMux/g140__1 | A ^ -> ZN v  | OAI21_X1  | 0.009 |   0.112 |    0.092 | 
     | 617                                                |              |           |       |         |          | 
     | datapath/EXMEM_aluResult_reg[13]                   | D v          | DFFR_X1   | 0.000 |   0.112 |    0.092 | 
     +------------------------------------------------------------------------------------------------------------+ 
Path 24: MET Hold Check with Pin datapath/EXMEM_aluResult_reg[14]/CK 
Endpoint:   datapath/EXMEM_aluResult_reg[14]/D (v) checked with  leading edge 
of 'clk'
Beginpoint: datapath/IDEX_operation_reg[2]/QN  (v) triggered by  leading edge 
of 'clk'
Path Groups: {reg2reg}
Analysis View: BC_VIEW
Other End Arrival Time          0.067
+ Hold                          0.005
+ Phase Shift                   0.000
- CPPR Adjustment               0.000
+ Uncertainty                   0.020
= Required Time                 0.092
  Arrival Time                  0.112
  Slack Time                    0.020
     Clock Rise Edge                 0.000
     + Clock Network Latency (Prop)  -0.035
     = Beginpoint Arrival Time       -0.035
     +------------------------------------------------------------------------------------------------------------+ 
     |                      Instance                      |     Arc      |   Cell    | Delay | Arrival | Required | 
     |                                                    |              |           |       |  Time   |   Time   | 
     |----------------------------------------------------+--------------+-----------+-------+---------+----------| 
     | datapath/IDEX_operation_reg[2]                     | CK ^         |           |       |  -0.035 |   -0.055 | 
     | datapath/IDEX_operation_reg[2]                     | CK ^ -> QN v | DFFR_X1   | 0.043 |   0.008 |   -0.012 | 
     | datapath/g33827                                    | A1 v -> ZN ^ | NAND2_X2  | 0.018 |   0.025 |    0.005 | 
     | datapath/g33429                                    | B ^ -> Z ^   | MUX2_X1   | 0.028 |   0.053 |    0.033 | 
     | datapath/g32883                                    | A ^ -> ZN v  | OAI221_X2 | 0.016 |   0.069 |    0.049 | 
     | datapath/g32828                                    | A1 v -> ZN v | OR2_X1    | 0.025 |   0.094 |    0.074 | 
     | datapath/ALU_ALU_GEN[14].slice_i_resultMux/g146__4 | A1 v -> ZN ^ | NAND3_X1  | 0.009 |   0.103 |    0.083 | 
     | 733                                                |              |           |       |         |          | 
     | datapath/ALU_ALU_GEN[14].slice_i_resultMux/g145__7 | A ^ -> ZN v  | OAI21_X1  | 0.009 |   0.112 |    0.092 | 
     | 482                                                |              |           |       |         |          | 
     | datapath/EXMEM_aluResult_reg[14]                   | D v          | DFFR_X1   | 0.000 |   0.112 |    0.092 | 
     +------------------------------------------------------------------------------------------------------------+ 
Path 25: MET Hold Check with Pin datapath/EXMEM_aluResult_reg[10]/CK 
Endpoint:   datapath/EXMEM_aluResult_reg[10]/D (v) checked with  leading edge 
of 'clk'
Beginpoint: datapath/IDEX_ALUsrc_reg/QN        (v) triggered by  leading edge 
of 'clk'
Path Groups: {reg2reg}
Analysis View: BC_VIEW
Other End Arrival Time          0.086
+ Hold                          0.004
+ Phase Shift                   0.000
- CPPR Adjustment               0.000
+ Uncertainty                   0.020
= Required Time                 0.110
  Arrival Time                  0.132
  Slack Time                    0.022
     Clock Rise Edge                 0.000
     + Clock Network Latency (Prop)  -0.035
     = Beginpoint Arrival Time       -0.035
     +-----------------------------------------------------------------------------------------------------------+ 
     |                      Instance                      |     Arc      |   Cell   | Delay | Arrival | Required | 
     |                                                    |              |          |       |  Time   |   Time   | 
     |----------------------------------------------------+--------------+----------+-------+---------+----------| 
     | datapath/IDEX_ALUsrc_reg                           | CK ^         |          |       |  -0.035 |   -0.056 | 
     | datapath/IDEX_ALUsrc_reg                           | CK ^ -> QN v | DFFR_X1  | 0.044 |   0.009 |   -0.012 | 
     | datapath/g33833_dup                                | A2 v -> ZN ^ | NAND2_X1 | 0.014 |   0.023 |    0.001 | 
     | datapath/FE_OFC213_n_787                           | A ^ -> Z ^   | BUF_X4   | 0.021 |   0.044 |    0.022 | 
     | datapath/FE_OFC1236_n_787                          | A ^ -> ZN v  | INV_X1   | 0.009 |   0.052 |    0.031 | 
     | datapath/FE_RC_1043_0                              | A2 v -> ZN ^ | NAND2_X1 | 0.011 |   0.064 |    0.042 | 
     | datapath/FE_RC_1042_0                              | A2 ^ -> ZN v | NAND3_X2 | 0.020 |   0.083 |    0.062 | 
     | datapath/g32836                                    | A1 v -> ZN v | AND2_X1  | 0.020 |   0.103 |    0.082 | 
     | datapath/ALU_ALU_GEN[10].slice_i_resultMux/FE_RC_2 | B1 v -> ZN ^ | AOI22_X1 | 0.016 |   0.120 |    0.098 | 
     | 24_0                                               |              |          |       |         |          | 
     | datapath/ALU_ALU_GEN[10].slice_i_resultMux/g130__5 | B1 ^ -> ZN v | OAI21_X1 | 0.012 |   0.132 |    0.110 | 
     | 122                                                |              |          |       |         |          | 
     | datapath/EXMEM_aluResult_reg[10]                   | D v          | DFFR_X1  | 0.000 |   0.132 |    0.110 | 
     +-----------------------------------------------------------------------------------------------------------+ 
Path 26: MET Hold Check with Pin datapath/EXMEM_aluResult_reg[1]/CK 
Endpoint:   datapath/EXMEM_aluResult_reg[1]/D (v) checked with  leading edge of 
'clk'
Beginpoint: datapath/IDEX_ALUsrc_reg/QN       (v) triggered by  leading edge of 
'clk'
Path Groups: {reg2reg}
Analysis View: BC_VIEW
Other End Arrival Time          0.074
+ Hold                          0.004
+ Phase Shift                   0.000
- CPPR Adjustment               0.000
+ Uncertainty                   0.020
= Required Time                 0.099
  Arrival Time                  0.121
  Slack Time                    0.023
     Clock Rise Edge                 0.000
     + Clock Network Latency (Prop)  -0.035
     = Beginpoint Arrival Time       -0.035
     +-----------------------------------------------------------------------------------------------------------+ 
     |                      Instance                      |     Arc      |   Cell   | Delay | Arrival | Required | 
     |                                                    |              |          |       |  Time   |   Time   | 
     |----------------------------------------------------+--------------+----------+-------+---------+----------| 
     | datapath/IDEX_ALUsrc_reg                           | CK ^         |          |       |  -0.035 |   -0.057 | 
     | datapath/IDEX_ALUsrc_reg                           | CK ^ -> QN v | DFFR_X1  | 0.044 |   0.009 |   -0.013 | 
     | datapath/g33833_dup                                | A2 v -> ZN ^ | NAND2_X1 | 0.014 |   0.023 |    0.000 | 
     | datapath/FE_OFC213_n_787                           | A ^ -> Z ^   | BUF_X4   | 0.021 |   0.044 |    0.021 | 
     | datapath/FE_RC_492_0                               | A ^ -> ZN v  | AOI21_X4 | 0.012 |   0.056 |    0.033 | 
     | datapath/FE_RC_1100_0                              | B2 v -> ZN ^ | OAI21_X4 | 0.016 |   0.072 |    0.050 | 
     | datapath/g32818                                    | A2 ^ -> ZN v | NAND2_X4 | 0.010 |   0.083 |    0.060 | 
     | datapath/g32777                                    | A1 v -> ZN v | AND2_X1  | 0.016 |   0.099 |    0.076 | 
     | datapath/ALU_ALU_GEN[1].slice_i_resultMux/g132__93 | A1 v -> ZN ^ | AOI22_X1 | 0.011 |   0.110 |    0.087 | 
     | 15                                                 |              |          |       |         |          | 
     | datapath/ALU_ALU_GEN[1].slice_i_resultMux/g130__47 | B1 ^ -> ZN v | OAI21_X1 | 0.011 |   0.121 |    0.099 | 
     | 33                                                 |              |          |       |         |          | 
     | datapath/EXMEM_aluResult_reg[1]                    | D v          | DFFR_X1  | 0.000 |   0.121 |    0.099 | 
     +-----------------------------------------------------------------------------------------------------------+ 
Path 27: MET Hold Check with Pin datapath/EXMEM_aluResult_reg[15]/CK 
Endpoint:   datapath/EXMEM_aluResult_reg[15]/D (v) checked with  leading edge 
of 'clk'
Beginpoint: datapath/IDEX_operation_reg[2]/QN  (v) triggered by  leading edge 
of 'clk'
Path Groups: {reg2reg}
Analysis View: BC_VIEW
Other End Arrival Time          0.066
+ Hold                          0.005
+ Phase Shift                   0.000
- CPPR Adjustment               0.000
+ Uncertainty                   0.020
= Required Time                 0.091
  Arrival Time                  0.114
  Slack Time                    0.023
     Clock Rise Edge                 0.000
     + Clock Network Latency (Prop)  -0.035
     = Beginpoint Arrival Time       -0.035
     +------------------------------------------------------------------------------------------------------------+ 
     |                      Instance                      |     Arc      |   Cell    | Delay | Arrival | Required | 
     |                                                    |              |           |       |  Time   |   Time   | 
     |----------------------------------------------------+--------------+-----------+-------+---------+----------| 
     | datapath/IDEX_operation_reg[2]                     | CK ^         |           |       |  -0.035 |   -0.058 | 
     | datapath/IDEX_operation_reg[2]                     | CK ^ -> QN v | DFFR_X1   | 0.043 |   0.008 |   -0.015 | 
     | datapath/g33827                                    | A1 v -> ZN ^ | NAND2_X2  | 0.018 |   0.025 |    0.002 | 
     | datapath/g33428                                    | B ^ -> Z ^   | MUX2_X1   | 0.028 |   0.054 |    0.031 | 
     | datapath/g32848                                    | A ^ -> ZN v  | OAI221_X2 | 0.016 |   0.069 |    0.046 | 
     | datapath/ALU_ALU_GEN[15].slice_i_bitAdder/g161__23 | A v -> S ^   | HA_X1     | 0.017 |   0.086 |    0.063 | 
     | 46                                                 |              |           |       |         |          | 
     | datapath/ALU_ALU_GEN[15].slice_i_bitAdder/g2__7410 | B ^ -> Z v   | XOR2_X1   | 0.011 |   0.097 |    0.074 | 
     | datapath/ALU_ALU_GEN[15].slice_i_resultMux/g147__2 | A1 v -> ZN ^ | NAND3_X1  | 0.009 |   0.106 |    0.083 | 
     | 398                                                |              |           |       |         |          | 
     | datapath/ALU_ALU_GEN[15].slice_i_resultMux/g145__6 | A1 ^ -> ZN v | NAND2_X1  | 0.008 |   0.114 |    0.091 | 
     | 417                                                |              |           |       |         |          | 
     | datapath/EXMEM_aluResult_reg[15]                   | D v          | DFFR_X1   | 0.000 |   0.114 |    0.091 | 
     +------------------------------------------------------------------------------------------------------------+ 
Path 28: MET Hold Check with Pin datapath/EXMEM_aluResult_reg[11]/CK 
Endpoint:   datapath/EXMEM_aluResult_reg[11]/D (v) checked with  leading edge 
of 'clk'
Beginpoint: datapath/IDEX_ALUsrc_reg/QN        (v) triggered by  leading edge 
of 'clk'
Path Groups: {reg2reg}
Analysis View: BC_VIEW
Other End Arrival Time          0.066
+ Hold                          0.005
+ Phase Shift                   0.000
- CPPR Adjustment               0.000
+ Uncertainty                   0.020
= Required Time                 0.090
  Arrival Time                  0.116
  Slack Time                    0.025
     Clock Rise Edge                 0.000
     + Clock Network Latency (Prop)  -0.035
     = Beginpoint Arrival Time       -0.035
     +------------------------------------------------------------------------------------------------------------+ 
     |                      Instance                      |     Arc      |   Cell    | Delay | Arrival | Required | 
     |                                                    |              |           |       |  Time   |   Time   | 
     |----------------------------------------------------+--------------+-----------+-------+---------+----------| 
     | datapath/IDEX_ALUsrc_reg                           | CK ^         |           |       |  -0.035 |   -0.060 | 
     | datapath/IDEX_ALUsrc_reg                           | CK ^ -> QN v | DFFR_X1   | 0.044 |   0.009 |   -0.016 | 
     | datapath/g33833_dup                                | A2 v -> ZN ^ | NAND2_X1  | 0.014 |   0.023 |   -0.002 | 
     | datapath/FE_OFC213_n_787                           | A ^ -> Z ^   | BUF_X4    | 0.021 |   0.044 |    0.018 | 
     | datapath/g32877                                    | C2 ^ -> ZN v | OAI221_X2 | 0.020 |   0.064 |    0.039 | 
     | datapath/ALU_ALU_GEN[11].slice_i_bitAdder/g161__51 | A v -> S ^   | HA_X1     | 0.017 |   0.081 |    0.055 | 
     | 15                                                 |              |           |       |         |          | 
     | datapath/ALU_ALU_GEN[11].slice_i_bitAdder/g2__4733 | B ^ -> Z v   | XOR2_X1   | 0.011 |   0.092 |    0.066 | 
     | datapath/ALU_ALU_GEN[11].slice_i_resultMux/FE_RC_2 | A1 v -> ZN ^ | AOI22_X1  | 0.012 |   0.104 |    0.078 | 
     | 10_0                                               |              |           |       |         |          | 
     | datapath/ALU_ALU_GEN[11].slice_i_resultMux/g130__6 | B1 ^ -> ZN v | OAI21_X1  | 0.012 |   0.116 |    0.090 | 
     | 161                                                |              |           |       |         |          | 
     | datapath/EXMEM_aluResult_reg[11]                   | D v          | DFFR_X1   | 0.000 |   0.116 |    0.090 | 
     +------------------------------------------------------------------------------------------------------------+ 
Path 29: MET Hold Check with Pin datapath/IFID_pc_reg[15]/CK 
Endpoint:   datapath/IFID_pc_reg[15]/D (v) checked with  leading edge of 'clk'
Beginpoint: datapath/EXMEM_rd_reg[0]/Q (v) triggered by  leading edge of 'clk'
Path Groups: {reg2reg}
Analysis View: BC_VIEW
Other End Arrival Time          0.188
+ Hold                          0.004
+ Phase Shift                   0.000
- CPPR Adjustment               0.000
+ Uncertainty                   0.020
= Required Time                 0.212
  Arrival Time                  0.238
  Slack Time                    0.026
     Clock Rise Edge                 0.000
     + Clock Network Latency (Prop)  -0.035
     = Beginpoint Arrival Time       -0.035
     +---------------------------------------------------------------------------------------+ 
     |            Instance            |     Arc      |   Cell   | Delay | Arrival | Required | 
     |                                |              |          |       |  Time   |   Time   | 
     |--------------------------------+--------------+----------+-------+---------+----------| 
     | datapath/EXMEM_rd_reg[0]       | CK ^         |          |       |  -0.035 |   -0.060 | 
     | datapath/EXMEM_rd_reg[0]       | CK ^ -> Q v  | DFFR_X1  | 0.057 |   0.023 |   -0.003 | 
     | datapath/FE_OCPC520_EXMEM_rd_0 | A v -> ZN ^  | INV_X2   | 0.016 |   0.039 |    0.013 | 
     | datapath/FE_OCPC521_EXMEM_rd_0 | A ^ -> ZN v  | INV_X1   | 0.023 |   0.062 |    0.036 | 
     | g1906                          | B v -> Z ^   | XOR2_X1  | 0.022 |   0.083 |    0.058 | 
     | g1883                          | A3 ^ -> ZN v | NOR4_X1  | 0.010 |   0.094 |    0.068 | 
     | g1870                          | A1 v -> ZN ^ | AOI22_X1 | 0.011 |   0.105 |    0.079 | 
     | g1865                          | B2 ^ -> ZN v | OAI21_X1 | 0.021 |   0.126 |    0.100 | 
     | FE_OFC170_IFID_stall           | A v -> ZN ^  | INV_X4   | 0.032 |   0.158 |    0.133 | 
     | datapath/FE_OFC847_IFID_stall  | A ^ -> ZN v  | INV_X2   | 0.017 |   0.175 |    0.150 | 
     | datapath/FE_OFC850_IFID_stall  | A v -> ZN ^  | INV_X4   | 0.027 |   0.202 |    0.176 | 
     | datapath/g43330                | S ^ -> Z ^   | MUX2_X1  | 0.029 |   0.231 |    0.206 | 
     | datapath/g43164                | A2 ^ -> ZN v | NOR2_X1  | 0.007 |   0.238 |    0.212 | 
     | datapath/IFID_pc_reg[15]       | D v          | DFFR_X1  | 0.000 |   0.238 |    0.212 | 
     +---------------------------------------------------------------------------------------+ 
Path 30: MET Hold Check with Pin datapath/EXMEM_aluResult_reg[4]/CK 
Endpoint:   datapath/EXMEM_aluResult_reg[4]/D (v) checked with  leading edge of 
'clk'
Beginpoint: datapath/IDEX_operation_reg[2]/QN (v) triggered by  leading edge of 
'clk'
Path Groups: {reg2reg}
Analysis View: BC_VIEW
Other End Arrival Time          0.088
+ Hold                          0.005
+ Phase Shift                   0.000
- CPPR Adjustment               0.000
+ Uncertainty                   0.020
= Required Time                 0.113
  Arrival Time                  0.140
  Slack Time                    0.027
     Clock Rise Edge                 0.000
     + Clock Network Latency (Prop)  -0.035
     = Beginpoint Arrival Time       -0.035
     +-----------------------------------------------------------------------------------------------------------+ 
     |                      Instance                      |     Arc      |   Cell   | Delay | Arrival | Required | 
     |                                                    |              |          |       |  Time   |   Time   | 
     |----------------------------------------------------+--------------+----------+-------+---------+----------| 
     | datapath/IDEX_operation_reg[2]                     | CK ^         |          |       |  -0.035 |   -0.061 | 
     | datapath/IDEX_operation_reg[2]                     | CK ^ -> QN v | DFFR_X1  | 0.043 |   0.008 |   -0.019 | 
     | datapath/g33827                                    | A1 v -> ZN ^ | NAND2_X2 | 0.018 |   0.025 |   -0.001 | 
     | datapath/FE_OFC926_n_646                           | A ^ -> Z ^   | BUF_X4   | 0.023 |   0.048 |    0.022 | 
     | datapath/g33439                                    | B ^ -> Z ^   | MUX2_X1  | 0.032 |   0.080 |    0.053 | 
     | datapath/FE_RC_356_0                               | A3 ^ -> ZN v | NAND3_X2 | 0.020 |   0.100 |    0.073 | 
     | datapath/g32832                                    | A1 v -> ZN v | AND2_X1  | 0.019 |   0.119 |    0.092 | 
     | datapath/ALU_ALU_GEN[4].slice_i_resultMux/g132__61 | A1 v -> ZN ^ | AOI22_X1 | 0.011 |   0.130 |    0.103 | 
     | 61                                                 |              |          |       |         |          | 
     | datapath/ALU_ALU_GEN[4].slice_i_resultMux/g130__74 | B1 ^ -> ZN v | OAI21_X1 | 0.010 |   0.140 |    0.113 | 
     | 82                                                 |              |          |       |         |          | 
     | datapath/EXMEM_aluResult_reg[4]                    | D v          | DFFR_X1  | 0.000 |   0.140 |    0.113 | 
     +-----------------------------------------------------------------------------------------------------------+ 
Path 31: MET Hold Check with Pin datapath/IDEX_imm_reg[5]/CK 
Endpoint:   datapath/IDEX_imm_reg[5]/D    (v) checked with  leading edge of 
'clk'
Beginpoint: datapath/IFID_instr_reg[25]/Q (v) triggered by  leading edge of 
'clk'
Path Groups: {reg2reg}
Analysis View: BC_VIEW
Other End Arrival Time          0.096
+ Hold                          0.004
+ Phase Shift                   0.000
- CPPR Adjustment               0.000
+ Uncertainty                   0.020
= Required Time                 0.120
  Arrival Time                  0.147
  Slack Time                    0.027
     Clock Rise Edge                 0.000
     + Clock Network Latency (Prop)  0.051
     = Beginpoint Arrival Time       0.051
     +----------------------------------------------------------------------------------------------+ 
     |                Instance                |     Arc      |  Cell   | Delay | Arrival | Required | 
     |                                        |              |         |       |  Time   |   Time   | 
     |----------------------------------------+--------------+---------+-------+---------+----------| 
     | datapath/IFID_instr_reg[25]            | CK ^         |         |       |   0.051 |    0.024 | 
     | datapath/IFID_instr_reg[25]            | CK ^ -> Q v  | DFFR_X1 | 0.062 |   0.113 |    0.085 | 
     | datapath/immediate_generation/g2__6417 | A2 v -> ZN v | AND2_X4 | 0.018 |   0.131 |    0.103 | 
     | datapath/g43435                        | A2 v -> ZN v | AND2_X1 | 0.017 |   0.147 |    0.120 | 
     | datapath/IDEX_imm_reg[5]               | D v          | DFFR_X1 | 0.000 |   0.147 |    0.120 | 
     +----------------------------------------------------------------------------------------------+ 
Path 32: MET Hold Check with Pin datapath/EXMEM_aluResult_reg[18]/CK 
Endpoint:   datapath/EXMEM_aluResult_reg[18]/D (v) checked with  leading edge 
of 'clk'
Beginpoint: datapath/IDEX_operation_reg[2]/QN  (v) triggered by  leading edge 
of 'clk'
Path Groups: {reg2reg}
Analysis View: BC_VIEW
Other End Arrival Time          0.066
+ Hold                          0.005
+ Phase Shift                   0.000
- CPPR Adjustment               0.000
+ Uncertainty                   0.020
= Required Time                 0.091
  Arrival Time                  0.119
  Slack Time                    0.028
     Clock Rise Edge                 0.000
     + Clock Network Latency (Prop)  -0.035
     = Beginpoint Arrival Time       -0.035
     +------------------------------------------------------------------------------------------------------------+ 
     |                      Instance                      |     Arc      |   Cell    | Delay | Arrival | Required | 
     |                                                    |              |           |       |  Time   |   Time   | 
     |----------------------------------------------------+--------------+-----------+-------+---------+----------| 
     | datapath/IDEX_operation_reg[2]                     | CK ^         |           |       |  -0.035 |   -0.063 | 
     | datapath/IDEX_operation_reg[2]                     | CK ^ -> QN v | DFFR_X1   | 0.043 |   0.008 |   -0.020 | 
     | datapath/g33827                                    | A1 v -> ZN ^ | NAND2_X2  | 0.018 |   0.025 |   -0.003 | 
     | datapath/g33448                                    | B ^ -> Z ^   | MUX2_X1   | 0.028 |   0.053 |    0.025 | 
     | datapath/g32850                                    | A ^ -> ZN v  | OAI221_X2 | 0.015 |   0.068 |    0.040 | 
     | datapath/g32808                                    | A1 v -> ZN v | AND2_X1   | 0.018 |   0.086 |    0.058 | 
     | datapath/ALU_ALU_GEN[18].slice_i_resultMux/g146__2 | B1 v -> ZN ^ | OAI221_X1 | 0.023 |   0.109 |    0.081 | 
     | 346                                                |              |           |       |         |          | 
     | datapath/ALU_ALU_GEN[18].slice_i_resultMux/g145__2 | A2 ^ -> ZN v | NAND2_X1  | 0.010 |   0.119 |    0.091 | 
     | 883                                                |              |           |       |         |          | 
     | datapath/EXMEM_aluResult_reg[18]                   | D v          | DFFR_X1   | 0.000 |   0.119 |    0.091 | 
     +------------------------------------------------------------------------------------------------------------+ 
Path 33: MET Hold Check with Pin datapath/IFID_instr_reg[3]/CK 
Endpoint:   datapath/IFID_instr_reg[3]/D  (v) checked with  leading edge of 
'clk'
Beginpoint: datapath/IFID_instr_reg[3]/QN (^) triggered by  leading edge of 
'clk'
Path Groups: {reg2reg}
Analysis View: BC_VIEW
Other End Arrival Time          0.052
+ Hold                          0.004
+ Phase Shift                   0.000
- CPPR Adjustment               0.000
+ Uncertainty                   0.020
= Required Time                 0.076
  Arrival Time                  0.104
  Slack Time                    0.028
     Clock Rise Edge                 0.000
     + Clock Network Latency (Prop)  0.052
     = Beginpoint Arrival Time       0.052
     +-----------------------------------------------------------------------------------+ 
     |          Instance          |     Arc      |   Cell   | Delay | Arrival | Required | 
     |                            |              |          |       |  Time   |   Time   | 
     |----------------------------+--------------+----------+-------+---------+----------| 
     | datapath/IFID_instr_reg[3] | CK ^         |          |       |   0.052 |    0.024 | 
     | datapath/IFID_instr_reg[3] | CK ^ -> QN ^ | DFFR_X1  | 0.043 |   0.095 |    0.067 | 
     | datapath/FE_RC_1229_0      | A2 ^ -> ZN v | OAI22_X1 | 0.009 |   0.104 |    0.076 | 
     | datapath/IFID_instr_reg[3] | D v          | DFFR_X1  | 0.000 |   0.104 |    0.076 | 
     +-----------------------------------------------------------------------------------+ 
Path 34: MET Hold Check with Pin datapath/EXMEM_aluResult_reg[28]/CK 
Endpoint:   datapath/EXMEM_aluResult_reg[28]/D (^) checked with  leading edge 
of 'clk'
Beginpoint: datapath/IDEX_operation_reg[2]/QN  (v) triggered by  leading edge 
of 'clk'
Path Groups: {reg2reg}
Analysis View: BC_VIEW
Other End Arrival Time          0.105
+ Hold                          0.003
+ Phase Shift                   0.000
- CPPR Adjustment               0.000
+ Uncertainty                   0.020
= Required Time                 0.128
  Arrival Time                  0.157
  Slack Time                    0.029
     Clock Rise Edge                 0.000
     + Clock Network Latency (Prop)  -0.035
     = Beginpoint Arrival Time       -0.035
     +------------------------------------------------------------------------------------------------------------+ 
     |                      Instance                      |     Arc      |   Cell    | Delay | Arrival | Required | 
     |                                                    |              |           |       |  Time   |   Time   | 
     |----------------------------------------------------+--------------+-----------+-------+---------+----------| 
     | datapath/IDEX_operation_reg[2]                     | CK ^         |           |       |  -0.035 |   -0.064 | 
     | datapath/IDEX_operation_reg[2]                     | CK ^ -> QN v | DFFR_X1   | 0.043 |   0.008 |   -0.021 | 
     | datapath/g33827                                    | A1 v -> ZN ^ | NAND2_X2  | 0.018 |   0.025 |   -0.004 | 
     | datapath/FE_OFC926_n_646                           | A ^ -> Z ^   | BUF_X4    | 0.023 |   0.048 |    0.020 | 
     | datapath/g33459                                    | B ^ -> Z ^   | MUX2_X1   | 0.029 |   0.078 |    0.049 | 
     | datapath/g32858                                    | A ^ -> ZN v  | OAI221_X1 | 0.019 |   0.097 |    0.068 | 
     | datapath/ALU_ALU_GEN[28].slice_i_bitAdder/g161__47 | A v -> S ^   | HA_X1     | 0.018 |   0.114 |    0.085 | 
     | 33                                                 |              |           |       |         |          | 
     | datapath/ALU_ALU_GEN[28].slice_i_bitAdder/g159     | A ^ -> ZN v  | INV_X1    | 0.008 |   0.123 |    0.094 | 
     | datapath/ALU_ALU_GEN[28].slice_i_bitAdder/FE_RC_95 | B2 v -> ZN ^ | OAI21_X1  | 0.016 |   0.139 |    0.110 | 
     | 3_0                                                |              |           |       |         |          | 
     | datapath/ALU_ALU_GEN[28].slice_i_resultMux/g150__2 | A1 ^ -> ZN v | NAND2_X1  | 0.009 |   0.148 |    0.119 | 
     | 883                                                |              |           |       |         |          | 
     | datapath/ALU_ALU_GEN[28].slice_i_resultMux/g148__9 | A1 v -> ZN ^ | NAND2_X1  | 0.009 |   0.157 |    0.128 | 
     | 315                                                |              |           |       |         |          | 
     | datapath/EXMEM_aluResult_reg[28]                   | D ^          | DFFR_X1   | 0.000 |   0.157 |    0.128 | 
     +------------------------------------------------------------------------------------------------------------+ 
Path 35: MET Hold Check with Pin datapath/IFID_instr_reg[26]/CK 
Endpoint:   datapath/IFID_instr_reg[26]/D  (v) checked with  leading edge of 
'clk'
Beginpoint: datapath/IFID_instr_reg[26]/QN (^) triggered by  leading edge of 
'clk'
Path Groups: {reg2reg}
Analysis View: BC_VIEW
Other End Arrival Time          0.096
+ Hold                          0.004
+ Phase Shift                   0.000
- CPPR Adjustment               0.000
+ Uncertainty                   0.020
= Required Time                 0.120
  Arrival Time                  0.149
  Slack Time                    0.029
     Clock Rise Edge                 0.000
     + Clock Network Latency (Prop)  0.095
     = Beginpoint Arrival Time       0.095
     +------------------------------------------------------------------------------------+ 
     |          Instance           |     Arc      |   Cell   | Delay | Arrival | Required | 
     |                             |              |          |       |  Time   |   Time   | 
     |-----------------------------+--------------+----------+-------+---------+----------| 
     | datapath/IFID_instr_reg[26] | CK ^         |          |       |   0.095 |    0.066 | 
     | datapath/IFID_instr_reg[26] | CK ^ -> QN ^ | DFFR_X1  | 0.043 |   0.139 |    0.109 | 
     | datapath/g45615             | B2 ^ -> ZN v | OAI22_X1 | 0.011 |   0.149 |    0.120 | 
     | datapath/IFID_instr_reg[26] | D v          | DFFR_X1  | 0.000 |   0.149 |    0.120 | 
     +------------------------------------------------------------------------------------+ 
Path 36: MET Hold Check with Pin datapath/IFID_instr_reg[1]/CK 
Endpoint:   datapath/IFID_instr_reg[1]/D  (v) checked with  leading edge of 
'clk'
Beginpoint: datapath/IFID_instr_reg[1]/QN (^) triggered by  leading edge of 
'clk'
Path Groups: {reg2reg}
Analysis View: BC_VIEW
Other End Arrival Time          0.052
+ Hold                          0.004
+ Phase Shift                   0.000
- CPPR Adjustment               0.000
+ Uncertainty                   0.020
= Required Time                 0.076
  Arrival Time                  0.106
  Slack Time                    0.030
     Clock Rise Edge                 0.000
     + Clock Network Latency (Prop)  0.052
     = Beginpoint Arrival Time       0.052
     +-----------------------------------------------------------------------------------+ 
     |          Instance          |     Arc      |   Cell   | Delay | Arrival | Required | 
     |                            |              |          |       |  Time   |   Time   | 
     |----------------------------+--------------+----------+-------+---------+----------| 
     | datapath/IFID_instr_reg[1] | CK ^         |          |       |   0.052 |    0.022 | 
     | datapath/IFID_instr_reg[1] | CK ^ -> QN ^ | DFFR_X1  | 0.043 |   0.095 |    0.065 | 
     | datapath/g45629            | B2 ^ -> ZN v | OAI22_X1 | 0.011 |   0.106 |    0.076 | 
     | datapath/IFID_instr_reg[1] | D v          | DFFR_X1  | 0.000 |   0.106 |    0.076 | 
     +-----------------------------------------------------------------------------------+ 
Path 37: MET Hold Check with Pin datapath/IDEX_rd_reg[2]/CK 
Endpoint:   datapath/IDEX_rd_reg[2]/D     (v) checked with  leading edge of 
'clk'
Beginpoint: datapath/IFID_instr_reg[9]/QN (^) triggered by  leading edge of 
'clk'
Path Groups: {reg2reg}
Analysis View: BC_VIEW
Other End Arrival Time          0.042
+ Hold                          0.005
+ Phase Shift                   0.000
- CPPR Adjustment               0.000
+ Uncertainty                   0.020
= Required Time                 0.067
  Arrival Time                  0.097
  Slack Time                    0.030
     Clock Rise Edge                 0.000
     + Clock Network Latency (Prop)  0.042
     = Beginpoint Arrival Time       0.042
     +----------------------------------------------------------------------------------+ 
     |          Instance          |     Arc      |  Cell   | Delay | Arrival | Required | 
     |                            |              |         |       |  Time   |   Time   | 
     |----------------------------+--------------+---------+-------+---------+----------| 
     | datapath/IFID_instr_reg[9] | CK ^         |         |       |   0.042 |    0.012 | 
     | datapath/IFID_instr_reg[9] | CK ^ -> QN ^ | DFFR_X1 | 0.048 |   0.090 |    0.060 | 
     | datapath/g43405            | A2 ^ -> ZN v | NOR2_X1 | 0.007 |   0.097 |    0.067 | 
     | datapath/IDEX_rd_reg[2]    | D v          | DFFR_X1 | 0.000 |   0.097 |    0.067 | 
     +----------------------------------------------------------------------------------+ 
Path 38: MET Hold Check with Pin datapath/IFID_instr_reg[27]/CK 
Endpoint:   datapath/IFID_instr_reg[27]/D  (v) checked with  leading edge of 
'clk'
Beginpoint: datapath/IFID_instr_reg[27]/QN (^) triggered by  leading edge of 
'clk'
Path Groups: {reg2reg}
Analysis View: BC_VIEW
Other End Arrival Time          0.096
+ Hold                          0.004
+ Phase Shift                   0.000
- CPPR Adjustment               0.000
+ Uncertainty                   0.020
= Required Time                 0.120
  Arrival Time                  0.150
  Slack Time                    0.030
     Clock Rise Edge                 0.000
     + Clock Network Latency (Prop)  0.095
     = Beginpoint Arrival Time       0.095
     +------------------------------------------------------------------------------------+ 
     |          Instance           |     Arc      |   Cell   | Delay | Arrival | Required | 
     |                             |              |          |       |  Time   |   Time   | 
     |-----------------------------+--------------+----------+-------+---------+----------| 
     | datapath/IFID_instr_reg[27] | CK ^         |          |       |   0.095 |    0.065 | 
     | datapath/IFID_instr_reg[27] | CK ^ -> QN ^ | DFFR_X1  | 0.043 |   0.139 |    0.109 | 
     | datapath/g45611             | B2 ^ -> ZN v | OAI22_X1 | 0.011 |   0.150 |    0.120 | 
     | datapath/IFID_instr_reg[27] | D v          | DFFR_X1  | 0.000 |   0.150 |    0.120 | 
     +------------------------------------------------------------------------------------+ 
Path 39: MET Hold Check with Pin datapath/IFID_instr_reg[25]/CK 
Endpoint:   datapath/IFID_instr_reg[25]/D  (v) checked with  leading edge of 
'clk'
Beginpoint: datapath/IFID_instr_reg[25]/QN (^) triggered by  leading edge of 
'clk'
Path Groups: {reg2reg}
Analysis View: BC_VIEW
Other End Arrival Time          0.052
+ Hold                          0.005
+ Phase Shift                   0.000
- CPPR Adjustment               0.000
+ Uncertainty                   0.020
= Required Time                 0.076
  Arrival Time                  0.106
  Slack Time                    0.030
     Clock Rise Edge                 0.000
     + Clock Network Latency (Prop)  0.051
     = Beginpoint Arrival Time       0.051
     +------------------------------------------------------------------------------------+ 
     |          Instance           |     Arc      |   Cell   | Delay | Arrival | Required | 
     |                             |              |          |       |  Time   |   Time   | 
     |-----------------------------+--------------+----------+-------+---------+----------| 
     | datapath/IFID_instr_reg[25] | CK ^         |          |       |   0.051 |    0.021 | 
     | datapath/IFID_instr_reg[25] | CK ^ -> QN ^ | DFFR_X1  | 0.044 |   0.096 |    0.065 | 
     | datapath/g45617             | B2 ^ -> ZN v | OAI22_X1 | 0.011 |   0.106 |    0.076 | 
     | datapath/IFID_instr_reg[25] | D v          | DFFR_X1  | 0.000 |   0.106 |    0.076 | 
     +------------------------------------------------------------------------------------+ 
Path 40: MET Hold Check with Pin datapath/IFID_instr_reg[28]/CK 
Endpoint:   datapath/IFID_instr_reg[28]/D  (v) checked with  leading edge of 
'clk'
Beginpoint: datapath/IFID_instr_reg[28]/QN (^) triggered by  leading edge of 
'clk'
Path Groups: {reg2reg}
Analysis View: BC_VIEW
Other End Arrival Time          0.052
+ Hold                          0.005
+ Phase Shift                   0.000
- CPPR Adjustment               0.000
+ Uncertainty                   0.020
= Required Time                 0.076
  Arrival Time                  0.106
  Slack Time                    0.030
     Clock Rise Edge                 0.000
     + Clock Network Latency (Prop)  0.051
     = Beginpoint Arrival Time       0.051
     +------------------------------------------------------------------------------------+ 
     |          Instance           |     Arc      |   Cell   | Delay | Arrival | Required | 
     |                             |              |          |       |  Time   |   Time   | 
     |-----------------------------+--------------+----------+-------+---------+----------| 
     | datapath/IFID_instr_reg[28] | CK ^         |          |       |   0.051 |    0.021 | 
     | datapath/IFID_instr_reg[28] | CK ^ -> QN ^ | DFFR_X1  | 0.045 |   0.096 |    0.066 | 
     | datapath/g45609             | B2 ^ -> ZN v | OAI22_X1 | 0.011 |   0.106 |    0.076 | 
     | datapath/IFID_instr_reg[28] | D v          | DFFR_X1  | 0.000 |   0.106 |    0.076 | 
     +------------------------------------------------------------------------------------+ 
Path 41: MET Hold Check with Pin datapath/IFID_instr_reg[22]/CK 
Endpoint:   datapath/IFID_instr_reg[22]/D  (v) checked with  leading edge of 
'clk'
Beginpoint: datapath/IFID_instr_reg[22]/QN (^) triggered by  leading edge of 
'clk'
Path Groups: {reg2reg}
Analysis View: BC_VIEW
Other End Arrival Time          0.042
+ Hold                          0.005
+ Phase Shift                   0.000
- CPPR Adjustment               0.000
+ Uncertainty                   0.020
= Required Time                 0.067
  Arrival Time                  0.097
  Slack Time                    0.030
     Clock Rise Edge                 0.000
     + Clock Network Latency (Prop)  0.042
     = Beginpoint Arrival Time       0.042
     +------------------------------------------------------------------------------------+ 
     |          Instance           |     Arc      |   Cell   | Delay | Arrival | Required | 
     |                             |              |          |       |  Time   |   Time   | 
     |-----------------------------+--------------+----------+-------+---------+----------| 
     | datapath/IFID_instr_reg[22] | CK ^         |          |       |   0.042 |    0.012 | 
     | datapath/IFID_instr_reg[22] | CK ^ -> QN ^ | DFFR_X1  | 0.044 |   0.086 |    0.056 | 
     | datapath/g45630             | B2 ^ -> ZN v | OAI22_X1 | 0.011 |   0.097 |    0.067 | 
     | datapath/IFID_instr_reg[22] | D v          | DFFR_X1  | 0.000 |   0.097 |    0.067 | 
     +------------------------------------------------------------------------------------+ 
Path 42: MET Hold Check with Pin datapath/IFID_instr_reg[2]/CK 
Endpoint:   datapath/IFID_instr_reg[2]/D  (v) checked with  leading edge of 
'clk'
Beginpoint: datapath/IFID_instr_reg[2]/QN (^) triggered by  leading edge of 
'clk'
Path Groups: {reg2reg}
Analysis View: BC_VIEW
Other End Arrival Time          0.014
+ Hold                          0.004
+ Phase Shift                   0.000
- CPPR Adjustment               0.000
+ Uncertainty                   0.020
= Required Time                 0.038
  Arrival Time                  0.069
  Slack Time                    0.030
     Clock Rise Edge                 0.000
     + Clock Network Latency (Prop)  0.014
     = Beginpoint Arrival Time       0.014
     +-----------------------------------------------------------------------------------+ 
     |          Instance          |     Arc      |   Cell   | Delay | Arrival | Required | 
     |                            |              |          |       |  Time   |   Time   | 
     |----------------------------+--------------+----------+-------+---------+----------| 
     | datapath/IFID_instr_reg[2] | CK ^         |          |       |   0.014 |   -0.017 | 
     | datapath/IFID_instr_reg[2] | CK ^ -> QN ^ | DFFR_X1  | 0.044 |   0.058 |    0.028 | 
     | datapath/FE_RC_647_0       | B2 ^ -> ZN v | OAI21_X1 | 0.011 |   0.069 |    0.038 | 
     | datapath/IFID_instr_reg[2] | D v          | DFFR_X1  | 0.000 |   0.069 |    0.038 | 
     +-----------------------------------------------------------------------------------+ 
Path 43: MET Hold Check with Pin datapath/IFID_instr_reg[13]/CK 
Endpoint:   datapath/IFID_instr_reg[13]/D  (v) checked with  leading edge of 
'clk'
Beginpoint: datapath/IFID_instr_reg[13]/QN (^) triggered by  leading edge of 
'clk'
Path Groups: {reg2reg}
Analysis View: BC_VIEW
Other End Arrival Time          0.044
+ Hold                          0.005
+ Phase Shift                   0.000
- CPPR Adjustment               0.000
+ Uncertainty                   0.020
= Required Time                 0.068
  Arrival Time                  0.099
  Slack Time                    0.030
     Clock Rise Edge                 0.000
     + Clock Network Latency (Prop)  0.044
     = Beginpoint Arrival Time       0.044
     +------------------------------------------------------------------------------------+ 
     |          Instance           |     Arc      |   Cell   | Delay | Arrival | Required | 
     |                             |              |          |       |  Time   |   Time   | 
     |-----------------------------+--------------+----------+-------+---------+----------| 
     | datapath/IFID_instr_reg[13] | CK ^         |          |       |   0.044 |    0.013 | 
     | datapath/IFID_instr_reg[13] | CK ^ -> QN ^ | DFFR_X1  | 0.045 |   0.088 |    0.058 | 
     | datapath/g45610             | B2 ^ -> ZN v | OAI22_X1 | 0.011 |   0.099 |    0.068 | 
     | datapath/IFID_instr_reg[13] | D v          | DFFR_X1  | 0.000 |   0.099 |    0.068 | 
     +------------------------------------------------------------------------------------+ 
Path 44: MET Hold Check with Pin datapath/IFID_instr_reg[31]/CK 
Endpoint:   datapath/IFID_instr_reg[31]/D  (v) checked with  leading edge of 
'clk'
Beginpoint: datapath/IFID_instr_reg[31]/QN (^) triggered by  leading edge of 
'clk'
Path Groups: {reg2reg}
Analysis View: BC_VIEW
Other End Arrival Time          0.043
+ Hold                          0.005
+ Phase Shift                   0.000
- CPPR Adjustment               0.000
+ Uncertainty                   0.020
= Required Time                 0.068
  Arrival Time                  0.098
  Slack Time                    0.031
     Clock Rise Edge                 0.000
     + Clock Network Latency (Prop)  0.043
     = Beginpoint Arrival Time       0.043
     +------------------------------------------------------------------------------------+ 
     |          Instance           |     Arc      |   Cell   | Delay | Arrival | Required | 
     |                             |              |          |       |  Time   |   Time   | 
     |-----------------------------+--------------+----------+-------+---------+----------| 
     | datapath/IFID_instr_reg[31] | CK ^         |          |       |   0.043 |    0.013 | 
     | datapath/IFID_instr_reg[31] | CK ^ -> QN ^ | DFFR_X1  | 0.045 |   0.088 |    0.057 | 
     | datapath/g45633             | B2 ^ -> ZN v | OAI22_X1 | 0.011 |   0.098 |    0.068 | 
     | datapath/IFID_instr_reg[31] | D v          | DFFR_X1  | 0.000 |   0.098 |    0.068 | 
     +------------------------------------------------------------------------------------+ 
Path 45: MET Hold Check with Pin datapath/IFID_instr_reg[29]/CK 
Endpoint:   datapath/IFID_instr_reg[29]/D  (v) checked with  leading edge of 
'clk'
Beginpoint: datapath/IFID_instr_reg[29]/QN (^) triggered by  leading edge of 
'clk'
Path Groups: {reg2reg}
Analysis View: BC_VIEW
Other End Arrival Time          0.052
+ Hold                          0.005
+ Phase Shift                   0.000
- CPPR Adjustment               0.000
+ Uncertainty                   0.020
= Required Time                 0.076
  Arrival Time                  0.107
  Slack Time                    0.031
     Clock Rise Edge                 0.000
     + Clock Network Latency (Prop)  0.051
     = Beginpoint Arrival Time       0.051
     +------------------------------------------------------------------------------------+ 
     |          Instance           |     Arc      |   Cell   | Delay | Arrival | Required | 
     |                             |              |          |       |  Time   |   Time   | 
     |-----------------------------+--------------+----------+-------+---------+----------| 
     | datapath/IFID_instr_reg[29] | CK ^         |          |       |   0.051 |    0.021 | 
     | datapath/IFID_instr_reg[29] | CK ^ -> QN ^ | DFFR_X1  | 0.045 |   0.096 |    0.065 | 
     | datapath/g45613             | B2 ^ -> ZN v | OAI22_X1 | 0.011 |   0.107 |    0.076 | 
     | datapath/IFID_instr_reg[29] | D v          | DFFR_X1  | 0.000 |   0.107 |    0.076 | 
     +------------------------------------------------------------------------------------+ 
Path 46: MET Hold Check with Pin datapath/IFID_instr_reg[4]/CK 
Endpoint:   datapath/IFID_instr_reg[4]/D  (v) checked with  leading edge of 
'clk'
Beginpoint: datapath/IFID_instr_reg[4]/QN (^) triggered by  leading edge of 
'clk'
Path Groups: {reg2reg}
Analysis View: BC_VIEW
Other End Arrival Time          0.044
+ Hold                          0.005
+ Phase Shift                   0.000
- CPPR Adjustment               0.000
+ Uncertainty                   0.020
= Required Time                 0.068
  Arrival Time                  0.099
  Slack Time                    0.031
     Clock Rise Edge                 0.000
     + Clock Network Latency (Prop)  0.044
     = Beginpoint Arrival Time       0.044
     +-----------------------------------------------------------------------------------+ 
     |          Instance          |     Arc      |   Cell   | Delay | Arrival | Required | 
     |                            |              |          |       |  Time   |   Time   | 
     |----------------------------+--------------+----------+-------+---------+----------| 
     | datapath/IFID_instr_reg[4] | CK ^         |          |       |   0.044 |    0.013 | 
     | datapath/IFID_instr_reg[4] | CK ^ -> QN ^ | DFFR_X1  | 0.045 |   0.088 |    0.058 | 
     | datapath/g45634            | B2 ^ -> ZN v | OAI22_X1 | 0.011 |   0.099 |    0.068 | 
     | datapath/IFID_instr_reg[4] | D v          | DFFR_X1  | 0.000 |   0.099 |    0.068 | 
     +-----------------------------------------------------------------------------------+ 
Path 47: MET Hold Check with Pin datapath/EXMEM_aluResult_reg[21]/CK 
Endpoint:   datapath/EXMEM_aluResult_reg[21]/D (^) checked with  leading edge 
of 'clk'
Beginpoint: datapath/IDEX_ALUsrc_reg/QN        (^) triggered by  leading edge 
of 'clk'
Path Groups: {reg2reg}
Analysis View: BC_VIEW
Other End Arrival Time          0.066
+ Hold                          0.004
+ Phase Shift                   0.000
- CPPR Adjustment               0.000
+ Uncertainty                   0.020
= Required Time                 0.090
  Arrival Time                  0.121
  Slack Time                    0.031
     Clock Rise Edge                 0.000
     + Clock Network Latency (Prop)  -0.035
     = Beginpoint Arrival Time       -0.035
     +------------------------------------------------------------------------------------------------------------+ 
     |                      Instance                      |     Arc      |   Cell    | Delay | Arrival | Required | 
     |                                                    |              |           |       |  Time   |   Time   | 
     |----------------------------------------------------+--------------+-----------+-------+---------+----------| 
     | datapath/IDEX_ALUsrc_reg                           | CK ^         |           |       |  -0.035 |   -0.066 | 
     | datapath/IDEX_ALUsrc_reg                           | CK ^ -> QN ^ | DFFR_X1   | 0.049 |   0.014 |   -0.017 | 
     | datapath/g33833                                    | A1 ^ -> ZN v | NAND2_X1  | 0.012 |   0.026 |   -0.004 | 
     | datapath/FE_OFC213_n_787_dup                       | A v -> Z v   | BUF_X4    | 0.020 |   0.046 |    0.015 | 
     | datapath/g32852                                    | C2 v -> ZN ^ | OAI221_X1 | 0.021 |   0.067 |    0.036 | 
     | datapath/FE_OFC125_ALU_ALU_GEN_21__slice_i_bMuxOut | A ^ -> Z ^   | BUF_X2    | 0.017 |   0.084 |    0.054 | 
     | datapath/g32785                                    | A1 ^ -> ZN ^ | OR2_X1    | 0.015 |   0.099 |    0.068 | 
     | datapath/ALU_ALU_GEN[21].slice_i_resultMux/g146__6 | C1 ^ -> ZN v | OAI221_X1 | 0.011 |   0.110 |    0.080 | 
     | 161                                                |              |           |       |         |          | 
     | datapath/ALU_ALU_GEN[21].slice_i_resultMux/g145__4 | A2 v -> ZN ^ | NAND2_X1  | 0.010 |   0.121 |    0.090 | 
     | 733                                                |              |           |       |         |          | 
     | datapath/EXMEM_aluResult_reg[21]                   | D ^          | DFFR_X1   | 0.000 |   0.121 |    0.090 | 
     +------------------------------------------------------------------------------------------------------------+ 
Path 48: MET Hold Check with Pin datapath/EXMEM_memWrite_reg/CK 
Endpoint:   datapath/EXMEM_memWrite_reg/D (v) checked with  leading edge of 
'clk'
Beginpoint: datapath/IDEX_memWrite_reg/Q  (v) triggered by  leading edge of 
'clk'
Path Groups: {reg2reg}
Analysis View: BC_VIEW
Other End Arrival Time          0.042
+ Hold                          0.005
+ Phase Shift                   0.000
- CPPR Adjustment               0.000
+ Uncertainty                   0.020
= Required Time                 0.067
  Arrival Time                  0.098
  Slack Time                    0.031
     Clock Rise Edge                 0.000
     + Clock Network Latency (Prop)  0.042
     = Beginpoint Arrival Time       0.042
     +----------------------------------------------------------------------------------+ 
     |          Instance           |     Arc     |  Cell   | Delay | Arrival | Required | 
     |                             |             |         |       |  Time   |   Time   | 
     |-----------------------------+-------------+---------+-------+---------+----------| 
     | datapath/IDEX_memWrite_reg  | CK ^        |         |       |   0.042 |    0.011 | 
     | datapath/IDEX_memWrite_reg  | CK ^ -> Q v | DFFR_X1 | 0.055 |   0.098 |    0.067 | 
     | datapath/EXMEM_memWrite_reg | D v         | DFFR_X1 | 0.000 |   0.098 |    0.067 | 
     +----------------------------------------------------------------------------------+ 
Path 49: MET Hold Check with Pin datapath/EXMEM_storeData_reg[2]/CK 
Endpoint:   datapath/EXMEM_storeData_reg[2]/D (v) checked with  leading edge of 
'clk'
Beginpoint: datapath/IDEX_readData2_reg[2]/QN (^) triggered by  leading edge of 
'clk'
Path Groups: {reg2reg}
Analysis View: BC_VIEW
Other End Arrival Time          0.052
+ Hold                          0.005
+ Phase Shift                   0.000
- CPPR Adjustment               0.000
+ Uncertainty                   0.020
= Required Time                 0.077
  Arrival Time                  0.108
  Slack Time                    0.031
     Clock Rise Edge                 0.000
     + Clock Network Latency (Prop)  0.052
     = Beginpoint Arrival Time       0.052
     +----------------------------------------------------------------------------------------+ 
     |            Instance             |     Arc      |   Cell   | Delay | Arrival | Required | 
     |                                 |              |          |       |  Time   |   Time   | 
     |---------------------------------+--------------+----------+-------+---------+----------| 
     | datapath/IDEX_readData2_reg[2]  | CK ^         |          |       |   0.052 |    0.021 | 
     | datapath/IDEX_readData2_reg[2]  | CK ^ -> QN ^ | DFFR_X1  | 0.044 |   0.096 |    0.066 | 
     | datapath/g33004                 | B2 ^ -> ZN v | OAI21_X1 | 0.011 |   0.108 |    0.077 | 
     | datapath/EXMEM_storeData_reg[2] | D v          | DFFR_X1  | 0.000 |   0.108 |    0.077 | 
     +----------------------------------------------------------------------------------------+ 
Path 50: MET Hold Check with Pin datapath/IFID_instr_reg[14]/CK 
Endpoint:   datapath/IFID_instr_reg[14]/D  (v) checked with  leading edge of 
'clk'
Beginpoint: datapath/IFID_instr_reg[14]/QN (^) triggered by  leading edge of 
'clk'
Path Groups: {reg2reg}
Analysis View: BC_VIEW
Other End Arrival Time          0.044
+ Hold                          0.005
+ Phase Shift                   0.000
- CPPR Adjustment               0.000
+ Uncertainty                   0.020
= Required Time                 0.068
  Arrival Time                  0.099
  Slack Time                    0.031
     Clock Rise Edge                 0.000
     + Clock Network Latency (Prop)  0.044
     = Beginpoint Arrival Time       0.044
     +------------------------------------------------------------------------------------+ 
     |          Instance           |     Arc      |   Cell   | Delay | Arrival | Required | 
     |                             |              |          |       |  Time   |   Time   | 
     |-----------------------------+--------------+----------+-------+---------+----------| 
     | datapath/IFID_instr_reg[14] | CK ^         |          |       |   0.044 |    0.013 | 
     | datapath/IFID_instr_reg[14] | CK ^ -> QN ^ | DFFR_X1  | 0.045 |   0.089 |    0.058 | 
     | datapath/g45631             | B2 ^ -> ZN v | OAI22_X1 | 0.011 |   0.099 |    0.068 | 
     | datapath/IFID_instr_reg[14] | D v          | DFFR_X1  | 0.000 |   0.099 |    0.068 | 
     +------------------------------------------------------------------------------------+ 

