###############################################################
#  Generated by:      Cadence Innovus 23.12-s091_1
#  OS:                Linux x86_64(Host ID nanohub-2907376-4)
#  Generated on:      Mon Aug 10 03:05:19 2026
#  Design:            pipelined_cpu_core
#  Command:           report_timing -late  -max_paths 50 -nworst 1 > reports/40_final_setup.rpt
###############################################################
Path 1: VIOLATED Setup Check with Pin datapath/EXMEM_aluResult_reg[0]/CK 
Endpoint:   datapath/EXMEM_aluResult_reg[0]/D (^) checked with  leading edge of 
'clk'
Beginpoint: datapath/EXMEM_aluResult_reg[0]/Q (^) triggered by  leading edge of 
'clk'
Path Groups: {reg2reg}
Analysis View: WC_VIEW
Other End Arrival Time          0.284
- Setup                         0.070
+ Phase Shift                   3.900
+ CPPR Adjustment               0.000
- Uncertainty                   0.100
= Required Time                 4.014
- Arrival Time                  4.080
= Slack Time                   -0.066
     Clock Rise Edge                 0.000
     + Clock Network Latency (Prop)  0.285
     = Beginpoint Arrival Time       0.285
     +-----------------------------------------------------------------------------------------------------------+ 
     |                      Instance                      |     Arc      |   Cell   | Delay | Arrival | Required | 
     |                                                    |              |          |       |  Time   |   Time   | 
     |----------------------------------------------------+--------------+----------+-------+---------+----------| 
     | datapath/EXMEM_aluResult_reg[0]                    | CK ^         |          |       |   0.285 |    0.219 | 
     | datapath/EXMEM_aluResult_reg[0]                    | CK ^ -> Q ^  | DFFR_X1  | 0.400 |   0.685 |    0.619 | 
     | datapath/g33507                                    | A1 ^ -> ZN v | NAND2_X2 | 0.057 |   0.742 |    0.676 | 
     | datapath/g32672                                    | A1 v -> ZN ^ | NAND2_X4 | 0.055 |   0.797 |    0.731 | 
     | datapath/g32576_dup                                | A1 ^ -> ZN v | NAND2_X4 | 0.038 |   0.835 |    0.769 | 
     | datapath/FE_RC_320_0                               | A1 v -> ZN ^ | NAND2_X4 | 0.045 |   0.880 |    0.814 | 
     | datapath/FE_RC_319_0                               | A1 ^ -> ZN v | NAND2_X4 | 0.036 |   0.916 |    0.850 | 
     | datapath/FE_RC_318_0                               | A1 v -> ZN ^ | NAND3_X4 | 0.054 |   0.971 |    0.905 | 
     | datapath/ALU_ALU_GEN[0].slice_i_bitAdder/FE_RC_191 | A1 ^ -> ZN v | NAND2_X2 | 0.049 |   1.020 |    0.954 | 
     | _0                                                 |              |          |       |         |          | 
     | datapath/ALU_ALU_GEN[0].slice_i_bitAdder/FE_RC_189 | A2 v -> ZN ^ | NAND2_X4 | 0.058 |   1.077 |    1.011 | 
     | _0                                                 |              |          |       |         |          | 
     | datapath/ALU_ALU_GEN[1].slice_i_bitAdder/g184__552 | A1 ^ -> ZN v | NAND2_X4 | 0.035 |   1.113 |    1.047 | 
     | 6                                                  |              |          |       |         |          | 
     | datapath/ALU_ALU_GEN[1].slice_i_bitAdder/g182__431 | A1 v -> ZN ^ | NAND2_X4 | 0.045 |   1.157 |    1.091 | 
     | 9                                                  |              |          |       |         |          | 
     | datapath/ALU_ALU_GEN[2].slice_i_bitAdder/FE_RC_299 | A1 ^ -> ZN v | NAND2_X4 | 0.036 |   1.193 |    1.127 | 
     | _0                                                 |              |          |       |         |          | 
     | datapath/ALU_ALU_GEN[2].slice_i_bitAdder/g153__824 | A1 v -> ZN ^ | NAND2_X4 | 0.051 |   1.244 |    1.178 | 
     | 6                                                  |              |          |       |         |          | 
     | datapath/ALU_ALU_GEN[3].slice_i_bitAdder/FE_RC_174 | A1 ^ -> ZN v | NAND2_X4 | 0.038 |   1.282 |    1.216 | 
     | _0                                                 |              |          |       |         |          | 
     | datapath/ALU_ALU_GEN[3].slice_i_bitAdder/g156__994 | A1 v -> ZN ^ | NAND2_X4 | 0.046 |   1.328 |    1.262 | 
     | 5                                                  |              |          |       |         |          | 
     | datapath/ALU_ALU_GEN[4].slice_i_bitAdder/FE_RC_141 | A1 ^ -> ZN v | NAND2_X4 | 0.036 |   1.364 |    1.298 | 
     | _0                                                 |              |          |       |         |          | 
     | datapath/ALU_ALU_GEN[4].slice_i_bitAdder/g153__510 | A1 v -> ZN ^ | NAND2_X4 | 0.048 |   1.411 |    1.345 | 
     | 7                                                  |              |          |       |         |          | 
     | datapath/ALU_ALU_GEN[5].slice_i_bitAdder/g155__824 | A1 ^ -> ZN v | NAND2_X4 | 0.037 |   1.448 |    1.382 | 
     | 6                                                  |              |          |       |         |          | 
     | datapath/ALU_ALU_GEN[5].slice_i_bitAdder/g153__170 | A1 v -> ZN ^ | NAND2_X4 | 0.044 |   1.493 |    1.427 | 
     | 5                                                  |              |          |       |         |          | 
     | datapath/ALU_ALU_GEN[6].slice_i_bitAdder/g155__994 | A1 ^ -> ZN v | NAND2_X4 | 0.035 |   1.528 |    1.462 | 
     | 5                                                  |              |          |       |         |          | 
     | datapath/ALU_ALU_GEN[6].slice_i_bitAdder/g153__616 | A1 v -> ZN ^ | NAND2_X4 | 0.044 |   1.572 |    1.506 | 
     | 1                                                  |              |          |       |         |          | 
     | datapath/ALU_ALU_GEN[7].slice_i_bitAdder/g155__626 | A1 ^ -> ZN v | NAND2_X4 | 0.035 |   1.607 |    1.541 | 
     | 0                                                  |              |          |       |         |          | 
     | datapath/ALU_ALU_GEN[7].slice_i_bitAdder/g153__239 | A1 v -> ZN ^ | NAND2_X4 | 0.047 |   1.655 |    1.589 | 
     | 8                                                  |              |          |       |         |          | 
     | datapath/ALU_ALU_GEN[8].slice_i_bitAdder/FE_RC_301 | A1 ^ -> ZN v | NAND2_X4 | 0.037 |   1.692 |    1.626 | 
     | _0                                                 |              |          |       |         |          | 
     | datapath/ALU_ALU_GEN[8].slice_i_bitAdder/FE_RC_300 | A1 v -> ZN ^ | NAND2_X4 | 0.049 |   1.741 |    1.675 | 
     | _0                                                 |              |          |       |         |          | 
     | datapath/ALU_ALU_GEN[9].slice_i_bitAdder/g158__473 | A1 ^ -> ZN v | NAND2_X4 | 0.038 |   1.779 |    1.712 | 
     | 3                                                  |              |          |       |         |          | 
     | datapath/ALU_ALU_GEN[9].slice_i_bitAdder/g156__511 | A1 v -> ZN ^ | NAND2_X4 | 0.048 |   1.826 |    1.760 | 
     | 5                                                  |              |          |       |         |          | 
     | datapath/ALU_ALU_GEN[10].slice_i_bitAdder/g155__64 | A1 ^ -> ZN v | NAND2_X4 | 0.037 |   1.863 |    1.797 | 
     | 17                                                 |              |          |       |         |          | 
     | datapath/ALU_ALU_GEN[10].slice_i_bitAdder/g153__16 | A1 v -> ZN ^ | NAND2_X4 | 0.044 |   1.907 |    1.841 | 
     | 66                                                 |              |          |       |         |          | 
     | datapath/ALU_ALU_GEN[11].slice_i_bitAdder/g158__67 | A1 ^ -> ZN v | NAND2_X4 | 0.036 |   1.943 |    1.877 | 
     | 83                                                 |              |          |       |         |          | 
     | datapath/ALU_ALU_GEN[11].slice_i_bitAdder/g156__84 | A1 v -> ZN ^ | NAND2_X4 | 0.058 |   2.001 |    1.935 | 
     | 28                                                 |              |          |       |         |          | 
     | datapath/ALU_ALU_GEN[12].slice_i_bitAdder/FE_RC_30 | A1 ^ -> ZN v | NAND2_X4 | 0.040 |   2.041 |    1.975 | 
     | 7_0                                                |              |          |       |         |          | 
     | datapath/ALU_ALU_GEN[12].slice_i_bitAdder/FE_RC_30 | A1 v -> ZN ^ | NAND2_X4 | 0.045 |   2.086 |    2.019 | 
     | 6_0                                                |              |          |       |         |          | 
     | datapath/ALU_ALU_GEN[13].slice_i_bitAdder/g158__28 | A1 ^ -> ZN v | NAND2_X4 | 0.035 |   2.121 |    2.055 | 
     | 83                                                 |              |          |       |         |          | 
     | datapath/ALU_ALU_GEN[13].slice_i_bitAdder/g156__93 | A1 v -> ZN ^ | NAND2_X4 | 0.044 |   2.165 |    2.099 | 
     | 15                                                 |              |          |       |         |          | 
     | datapath/ALU_ALU_GEN[14].slice_i_bitAdder/g158__62 | A1 ^ -> ZN v | NAND2_X4 | 0.035 |   2.201 |    2.135 | 
     | 60                                                 |              |          |       |         |          | 
     | datapath/ALU_ALU_GEN[14].slice_i_bitAdder/g156__23 | A1 v -> ZN ^ | NAND2_X4 | 0.056 |   2.257 |    2.191 | 
     | 98                                                 |              |          |       |         |          | 
     | datapath/ALU_ALU_GEN[15].slice_i_bitAdder/g158__17 | A1 ^ -> ZN v | NAND2_X4 | 0.042 |   2.299 |    2.233 | 
     | 05                                                 |              |          |       |         |          | 
     | datapath/ALU_ALU_GEN[15].slice_i_bitAdder/g156__16 | A1 v -> ZN ^ | NAND2_X4 | 0.046 |   2.345 |    2.279 | 
     | 17                                                 |              |          |       |         |          | 
     | datapath/ALU_ALU_GEN[16].slice_i_bitAdder/g158__47 | A1 ^ -> ZN v | NAND2_X4 | 0.036 |   2.381 |    2.315 | 
     | 33                                                 |              |          |       |         |          | 
     | datapath/ALU_ALU_GEN[16].slice_i_bitAdder/g156__51 | A1 v -> ZN ^ | NAND2_X4 | 0.045 |   2.426 |    2.360 | 
     | 15                                                 |              |          |       |         |          | 
     | datapath/ALU_ALU_GEN[17].slice_i_bitAdder/g158__64 | A1 ^ -> ZN v | NAND2_X4 | 0.037 |   2.463 |    2.397 | 
     | 17                                                 |              |          |       |         |          | 
     | datapath/ALU_ALU_GEN[17].slice_i_bitAdder/g156__16 | A1 v -> ZN ^ | NAND2_X4 | 0.051 |   2.514 |    2.448 | 
     | 66                                                 |              |          |       |         |          | 
     | datapath/ALU_ALU_GEN[18].slice_i_bitAdder/g158__67 | A1 ^ -> ZN v | NAND2_X4 | 0.038 |   2.552 |    2.486 | 
     | 83                                                 |              |          |       |         |          | 
     | datapath/ALU_ALU_GEN[18].slice_i_bitAdder/g156__84 | A1 v -> ZN ^ | NAND2_X4 | 0.045 |   2.597 |    2.531 | 
     | 28                                                 |              |          |       |         |          | 
     | datapath/ALU_ALU_GEN[19].slice_i_bitAdder/g158__61 | A1 ^ -> ZN v | NAND2_X4 | 0.036 |   2.633 |    2.567 | 
     | 31                                                 |              |          |       |         |          | 
     | datapath/ALU_ALU_GEN[19].slice_i_bitAdder/g156__82 | A1 v -> ZN ^ | NAND2_X4 | 0.045 |   2.678 |    2.612 | 
     | 46                                                 |              |          |       |         |          | 
     | datapath/ALU_ALU_GEN[20].slice_i_bitAdder/g158__99 | A1 ^ -> ZN v | NAND2_X4 | 0.036 |   2.714 |    2.648 | 
     | 45                                                 |              |          |       |         |          | 
     | datapath/ALU_ALU_GEN[20].slice_i_bitAdder/g156__93 | A1 v -> ZN ^ | NAND2_X4 | 0.054 |   2.768 |    2.702 | 
     | 15                                                 |              |          |       |         |          | 
     | datapath/ALU_ALU_GEN[21].slice_i_bitAdder/g158__62 | A1 ^ -> ZN v | NAND2_X4 | 0.040 |   2.808 |    2.742 | 
     | 60                                                 |              |          |       |         |          | 
     | datapath/ALU_ALU_GEN[21].slice_i_bitAdder/g156__51 | A1 v -> ZN ^ | NAND2_X4 | 0.045 |   2.853 |    2.787 | 
     | 07                                                 |              |          |       |         |          | 
     | datapath/ALU_ALU_GEN[22].slice_i_bitAdder/g155__51 | A1 ^ -> ZN v | NAND2_X4 | 0.036 |   2.888 |    2.822 | 
     | 22                                                 |              |          |       |         |          | 
     | datapath/ALU_ALU_GEN[22].slice_i_bitAdder/g153__17 | A1 v -> ZN ^ | NAND2_X4 | 0.045 |   2.933 |    2.867 | 
     | 05                                                 |              |          |       |         |          | 
     | datapath/ALU_ALU_GEN[23].slice_i_bitAdder/g158__93 | A1 ^ -> ZN v | NAND2_X4 | 0.035 |   2.969 |    2.903 | 
     | 15                                                 |              |          |       |         |          | 
     | datapath/ALU_ALU_GEN[23].slice_i_bitAdder/g156__61 | A1 v -> ZN ^ | NAND2_X4 | 0.058 |   3.026 |    2.960 | 
     | 61                                                 |              |          |       |         |          | 
     | datapath/ALU_ALU_GEN[24].slice_i_bitAdder/g158__51 | A1 ^ -> ZN v | NAND2_X4 | 0.042 |   3.068 |    3.002 | 
     | 07                                                 |              |          |       |         |          | 
     | datapath/ALU_ALU_GEN[24].slice_i_bitAdder/g156__23 | A1 v -> ZN ^ | NAND2_X4 | 0.045 |   3.114 |    3.048 | 
     | 98                                                 |              |          |       |         |          | 
     | datapath/ALU_ALU_GEN[25].slice_i_bitAdder/g158__51 | A1 ^ -> ZN v | NAND2_X4 | 0.035 |   3.149 |    3.083 | 
     | 22                                                 |              |          |       |         |          | 
     | datapath/ALU_ALU_GEN[25].slice_i_bitAdder/g156__28 | A1 v -> ZN ^ | NAND2_X4 | 0.044 |   3.193 |    3.127 | 
     | 02                                                 |              |          |       |         |          | 
     | datapath/ALU_ALU_GEN[26].slice_i_bitAdder/g155__61 | A1 ^ -> ZN v | NAND2_X4 | 0.035 |   3.229 |    3.163 | 
     | 61                                                 |              |          |       |         |          | 
     | datapath/ALU_ALU_GEN[26].slice_i_bitAdder/g153__47 | A1 v -> ZN ^ | NAND2_X4 | 0.049 |   3.278 |    3.212 | 
     | 33                                                 |              |          |       |         |          | 
     | datapath/ALU_ALU_GEN[27].slice_i_bitAdder/g158__23 | A1 ^ -> ZN v | NAND2_X4 | 0.037 |   3.315 |    3.249 | 
     | 98                                                 |              |          |       |         |          | 
     | datapath/ALU_ALU_GEN[27].slice_i_bitAdder/g156__64 | A1 v -> ZN ^ | NAND2_X4 | 0.045 |   3.360 |    3.294 | 
     | 17                                                 |              |          |       |         |          | 
     | datapath/ALU_ALU_GEN[28].slice_i_bitAdder/g158__17 | A1 ^ -> ZN v | NAND2_X4 | 0.035 |   3.395 |    3.329 | 
     | 05                                                 |              |          |       |         |          | 
     | datapath/ALU_ALU_GEN[28].slice_i_bitAdder/g156__16 | A1 v -> ZN ^ | NAND2_X4 | 0.045 |   3.440 |    3.374 | 
     | 17                                                 |              |          |       |         |          | 
     | datapath/ALU_ALU_GEN[29].slice_i_bitAdder/g158__93 | A1 ^ -> ZN v | NAND2_X4 | 0.036 |   3.476 |    3.410 | 
     | 15                                                 |              |          |       |         |          | 
     | datapath/ALU_ALU_GEN[29].slice_i_bitAdder/g156__47 | A1 v -> ZN ^ | NAND2_X4 | 0.049 |   3.525 |    3.459 | 
     | 33                                                 |              |          |       |         |          | 
     | datapath/ALU_ALU_GEN[30].slice_i_bitAdder/g158__62 | A1 ^ -> ZN v | NAND2_X4 | 0.038 |   3.563 |    3.497 | 
     | 60                                                 |              |          |       |         |          | 
     | datapath/ALU_ALU_GEN[30].slice_i_bitAdder/g156__23 | A1 v -> ZN ^ | NAND2_X4 | 0.060 |   3.623 |    3.557 | 
     | 98                                                 |              |          |       |         |          | 
     | datapath/ALU_msb_bitAdder/g119__8246               | A1 ^ -> ZN v | NAND2_X4 | 0.042 |   3.665 |    3.599 | 
     | datapath/ALU_msb_bitAdder/g117__1705               | A1 v -> ZN ^ | NAND2_X4 | 0.044 |   3.709 |    3.643 | 
     | datapath/FE_RC_118_0                               | A1 ^ -> ZN v | NAND2_X2 | 0.036 |   3.745 |    3.679 | 
     | datapath/FE_RC_117_0                               | A v -> ZN ^  | OAI21_X2 | 0.068 |   3.813 |    3.747 | 
     | datapath/g22497                                    | A ^ -> ZN ^  | XNOR2_X2 | 0.155 |   3.968 |    3.902 | 
     | datapath/ALU_ALU_GEN[0].slice_i_resultMux/g187__54 | A1 ^ -> ZN v | NAND2_X4 | 0.062 |   4.030 |    3.964 | 
     | 77                                                 |              |          |       |         |          | 
     | datapath/ALU_ALU_GEN[0].slice_i_resultMux/g185__74 | A1 v -> ZN ^ | NAND2_X2 | 0.050 |   4.080 |    4.014 | 
     | 10                                                 |              |          |       |         |          | 
     | datapath/EXMEM_aluResult_reg[0]                    | D ^          | DFFR_X1  | 0.000 |   4.080 |    4.014 | 
     +-----------------------------------------------------------------------------------------------------------+ 
Path 2: VIOLATED Setup Check with Pin datapath/IFID_instr_reg[7]/CK 
Endpoint:   datapath/IFID_instr_reg[7]/D        (^) checked with  leading edge 
of 'clk'
Beginpoint: datapath/registers_RF_reg[17][19]/Q (v) triggered by trailing edge 
of 'clk'
Path Groups: {reg2reg}
Analysis View: WC_VIEW
Other End Arrival Time          0.136
- Setup                         0.096
+ Phase Shift                   3.900
+ CPPR Adjustment               0.000
- Uncertainty                   0.100
= Required Time                 3.840
- Arrival Time                  3.898
= Slack Time                   -0.058
     Clock Fall Edge                 1.950
     + Clock Network Latency (Prop)  0.054
     = Beginpoint Arrival Time       2.004
     +-------------------------------------------------------------------------------------------+ 
     |             Instance              |     Arc      |   Cell    | Delay | Arrival | Required | 
     |                                   |              |           |       |  Time   |   Time   | 
     |-----------------------------------+--------------+-----------+-------+---------+----------| 
     | datapath/registers_RF_reg[17][19] | CK ^         |           |       |   2.004 |    1.945 | 
     | datapath/registers_RF_reg[17][19] | CK ^ -> Q v  | SDFF_X1   | 0.297 |   2.301 |    2.243 | 
     | datapath/g4106                    | A1 v -> ZN ^ | NAND2_X2  | 0.067 |   2.367 |    2.309 | 
     | datapath/FE_RC_797_0              | A2 ^ -> ZN v | NAND2_X2  | 0.054 |   2.422 |    2.364 | 
     | datapath/FE_RC_795_0              | A2 v -> ZN ^ | NOR2_X4   | 0.092 |   2.514 |    2.456 | 
     | datapath/g3480__1666              | A1 ^ -> ZN ^ | AND2_X4   | 0.099 |   2.613 |    2.555 | 
     | datapath/FE_RC_2225_0             | A4 ^ -> ZN v | NAND4_X4  | 0.088 |   2.701 |    2.642 | 
     | datapath/g33530                   | A v -> ZN ^  | INV_X4    | 0.059 |   2.759 |    2.701 | 
     | datapath/g32738                   | B1 ^ -> ZN v | AOI21_X2  | 0.046 |   2.805 |    2.747 | 
     | datapath/FE_OCPC513_n_1227        | A v -> Z v   | BUF_X1    | 0.102 |   2.907 |    2.849 | 
     | datapath/g32547                   | C1 v -> ZN ^ | OAI221_X1 | 0.185 |   3.092 |    3.033 | 
     | datapath/g32522                   | A1 ^ -> ZN v | NOR2_X2   | 0.036 |   3.128 |    3.070 | 
     | datapath/FE_RC_679_0              | A2 v -> ZN ^ | NAND2_X1  | 0.077 |   3.205 |    3.147 | 
     | datapath/FE_RC_680_0              | A ^ -> ZN v  | INV_X2    | 0.033 |   3.239 |    3.181 | 
     | datapath/FE_RC_2147_0             | A3 v -> ZN ^ | NAND4_X4  | 0.076 |   3.315 |    3.256 | 
     | datapath/g32426                   | A1 ^ -> ZN v | NAND2_X1  | 0.055 |   3.369 |    3.311 | 
     | datapath/g32425                   | A v -> ZN ^  | OAI21_X2  | 0.080 |   3.449 |    3.391 | 
     | datapath/g22498                   | A2 ^ -> ZN v | NAND2_X4  | 0.072 |   3.522 |    3.463 | 
     | g1064                             | A1 v -> ZN ^ | NAND2_X4  | 0.073 |   3.595 |    3.537 | 
     | datapath/g43454                   | A1 ^ -> ZN v | NAND2_X4  | 0.051 |   3.646 |    3.588 | 
     | datapath/FE_OCPC425_n_301         | A v -> Z v   | BUF_X8    | 0.102 |   3.747 |    3.689 | 
     | datapath/g43204                   | B1 v -> ZN ^ | OAI22_X1  | 0.151 |   3.898 |    3.840 | 
     | datapath/IFID_instr_reg[7]        | D ^          | DFFR_X2   | 0.000 |   3.898 |    3.840 | 
     +-------------------------------------------------------------------------------------------+ 
Path 3: VIOLATED Setup Check with Pin datapath/IFID_instr_reg[8]/CK 
Endpoint:   datapath/IFID_instr_reg[8]/D        (^) checked with  leading edge 
of 'clk'
Beginpoint: datapath/registers_RF_reg[17][19]/Q (v) triggered by trailing edge 
of 'clk'
Path Groups: {reg2reg}
Analysis View: WC_VIEW
Other End Arrival Time          0.136
- Setup                         0.096
+ Phase Shift                   3.900
+ CPPR Adjustment               0.000
- Uncertainty                   0.100
= Required Time                 3.840
- Arrival Time                  3.898
= Slack Time                   -0.058
     Clock Fall Edge                 1.950
     + Clock Network Latency (Prop)  0.054
     = Beginpoint Arrival Time       2.004
     +-------------------------------------------------------------------------------------------+ 
     |             Instance              |     Arc      |   Cell    | Delay | Arrival | Required | 
     |                                   |              |           |       |  Time   |   Time   | 
     |-----------------------------------+--------------+-----------+-------+---------+----------| 
     | datapath/registers_RF_reg[17][19] | CK ^         |           |       |   2.004 |    1.946 | 
     | datapath/registers_RF_reg[17][19] | CK ^ -> Q v  | SDFF_X1   | 0.297 |   2.301 |    2.243 | 
     | datapath/g4106                    | A1 v -> ZN ^ | NAND2_X2  | 0.067 |   2.367 |    2.310 | 
     | datapath/FE_RC_797_0              | A2 ^ -> ZN v | NAND2_X2  | 0.054 |   2.422 |    2.364 | 
     | datapath/FE_RC_795_0              | A2 v -> ZN ^ | NOR2_X4   | 0.092 |   2.514 |    2.456 | 
     | datapath/g3480__1666              | A1 ^ -> ZN ^ | AND2_X4   | 0.099 |   2.613 |    2.555 | 
     | datapath/FE_RC_2225_0             | A4 ^ -> ZN v | NAND4_X4  | 0.088 |   2.701 |    2.643 | 
     | datapath/g33530                   | A v -> ZN ^  | INV_X4    | 0.059 |   2.759 |    2.702 | 
     | datapath/g32738                   | B1 ^ -> ZN v | AOI21_X2  | 0.046 |   2.805 |    2.747 | 
     | datapath/FE_OCPC513_n_1227        | A v -> Z v   | BUF_X1    | 0.102 |   2.907 |    2.849 | 
     | datapath/g32547                   | C1 v -> ZN ^ | OAI221_X1 | 0.185 |   3.092 |    3.034 | 
     | datapath/g32522                   | A1 ^ -> ZN v | NOR2_X2   | 0.036 |   3.128 |    3.070 | 
     | datapath/FE_RC_679_0              | A2 v -> ZN ^ | NAND2_X1  | 0.077 |   3.205 |    3.148 | 
     | datapath/FE_RC_680_0              | A ^ -> ZN v  | INV_X2    | 0.033 |   3.239 |    3.181 | 
     | datapath/FE_RC_2147_0             | A3 v -> ZN ^ | NAND4_X4  | 0.076 |   3.315 |    3.257 | 
     | datapath/g32426                   | A1 ^ -> ZN v | NAND2_X1  | 0.055 |   3.369 |    3.312 | 
     | datapath/g32425                   | A v -> ZN ^  | OAI21_X2  | 0.080 |   3.449 |    3.392 | 
     | datapath/g22498                   | A2 ^ -> ZN v | NAND2_X4  | 0.072 |   3.522 |    3.464 | 
     | g1064                             | A1 v -> ZN ^ | NAND2_X4  | 0.073 |   3.595 |    3.537 | 
     | datapath/g43454                   | A1 ^ -> ZN v | NAND2_X4  | 0.051 |   3.646 |    3.588 | 
     | datapath/FE_OCPC425_n_301         | A v -> Z v   | BUF_X8    | 0.102 |   3.747 |    3.690 | 
     | datapath/g43198                   | B1 v -> ZN ^ | OAI22_X1  | 0.150 |   3.898 |    3.840 | 
     | datapath/IFID_instr_reg[8]        | D ^          | DFFR_X2   | 0.000 |   3.898 |    3.840 | 
     +-------------------------------------------------------------------------------------------+ 
Path 4: VIOLATED Setup Check with Pin datapath/IFID_instr_reg[17]/CK 
Endpoint:   datapath/IFID_instr_reg[17]/D       (^) checked with  leading edge 
of 'clk'
Beginpoint: datapath/registers_RF_reg[17][19]/Q (v) triggered by trailing edge 
of 'clk'
Path Groups: {reg2reg}
Analysis View: WC_VIEW
Other End Arrival Time          0.135
- Setup                         0.095
+ Phase Shift                   3.900
+ CPPR Adjustment               0.000
- Uncertainty                   0.100
= Required Time                 3.841
- Arrival Time                  3.896
= Slack Time                   -0.056
     Clock Fall Edge                 1.950
     + Clock Network Latency (Prop)  0.054
     = Beginpoint Arrival Time       2.004
     +-------------------------------------------------------------------------------------------+ 
     |             Instance              |     Arc      |   Cell    | Delay | Arrival | Required | 
     |                                   |              |           |       |  Time   |   Time   | 
     |-----------------------------------+--------------+-----------+-------+---------+----------| 
     | datapath/registers_RF_reg[17][19] | CK ^         |           |       |   2.004 |    1.948 | 
     | datapath/registers_RF_reg[17][19] | CK ^ -> Q v  | SDFF_X1   | 0.297 |   2.301 |    2.245 | 
     | datapath/g4106                    | A1 v -> ZN ^ | NAND2_X2  | 0.067 |   2.367 |    2.312 | 
     | datapath/FE_RC_797_0              | A2 ^ -> ZN v | NAND2_X2  | 0.054 |   2.422 |    2.366 | 
     | datapath/FE_RC_795_0              | A2 v -> ZN ^ | NOR2_X4   | 0.092 |   2.514 |    2.458 | 
     | datapath/g3480__1666              | A1 ^ -> ZN ^ | AND2_X4   | 0.099 |   2.613 |    2.557 | 
     | datapath/FE_RC_2225_0             | A4 ^ -> ZN v | NAND4_X4  | 0.088 |   2.701 |    2.645 | 
     | datapath/g33530                   | A v -> ZN ^  | INV_X4    | 0.059 |   2.759 |    2.704 | 
     | datapath/g32738                   | B1 ^ -> ZN v | AOI21_X2  | 0.046 |   2.805 |    2.749 | 
     | datapath/FE_OCPC513_n_1227        | A v -> Z v   | BUF_X1    | 0.102 |   2.907 |    2.851 | 
     | datapath/g32547                   | C1 v -> ZN ^ | OAI221_X1 | 0.185 |   3.092 |    3.036 | 
     | datapath/g32522                   | A1 ^ -> ZN v | NOR2_X2   | 0.036 |   3.128 |    3.072 | 
     | datapath/FE_RC_679_0              | A2 v -> ZN ^ | NAND2_X1  | 0.077 |   3.205 |    3.150 | 
     | datapath/FE_RC_680_0              | A ^ -> ZN v  | INV_X2    | 0.033 |   3.239 |    3.183 | 
     | datapath/FE_RC_2147_0             | A3 v -> ZN ^ | NAND4_X4  | 0.076 |   3.315 |    3.259 | 
     | datapath/g32426                   | A1 ^ -> ZN v | NAND2_X1  | 0.055 |   3.369 |    3.313 | 
     | datapath/g32425                   | A v -> ZN ^  | OAI21_X2  | 0.080 |   3.449 |    3.394 | 
     | datapath/g22498                   | A2 ^ -> ZN v | NAND2_X4  | 0.072 |   3.522 |    3.466 | 
     | g1064                             | A1 v -> ZN ^ | NAND2_X4  | 0.073 |   3.595 |    3.539 | 
     | datapath/g43454                   | A1 ^ -> ZN v | NAND2_X4  | 0.051 |   3.646 |    3.590 | 
     | datapath/FE_OCPC425_n_301         | A v -> Z v   | BUF_X8    | 0.102 |   3.747 |    3.692 | 
     | datapath/g43202                   | B1 v -> ZN ^ | OAI22_X1  | 0.149 |   3.896 |    3.841 | 
     | datapath/IFID_instr_reg[17]       | D ^          | DFFR_X2   | 0.000 |   3.896 |    3.841 | 
     +-------------------------------------------------------------------------------------------+ 
Path 5: VIOLATED Setup Check with Pin datapath/IFID_instr_reg[10]/CK 
Endpoint:   datapath/IFID_instr_reg[10]/D       (^) checked with  leading edge 
of 'clk'
Beginpoint: datapath/registers_RF_reg[17][19]/Q (v) triggered by trailing edge 
of 'clk'
Path Groups: {reg2reg}
Analysis View: WC_VIEW
Other End Arrival Time          0.136
- Setup                         0.095
+ Phase Shift                   3.900
+ CPPR Adjustment               0.000
- Uncertainty                   0.100
= Required Time                 3.841
- Arrival Time                  3.896
= Slack Time                   -0.055
     Clock Fall Edge                 1.950
     + Clock Network Latency (Prop)  0.054
     = Beginpoint Arrival Time       2.004
     +-------------------------------------------------------------------------------------------+ 
     |             Instance              |     Arc      |   Cell    | Delay | Arrival | Required | 
     |                                   |              |           |       |  Time   |   Time   | 
     |-----------------------------------+--------------+-----------+-------+---------+----------| 
     | datapath/registers_RF_reg[17][19] | CK ^         |           |       |   2.004 |    1.948 | 
     | datapath/registers_RF_reg[17][19] | CK ^ -> Q v  | SDFF_X1   | 0.297 |   2.301 |    2.246 | 
     | datapath/g4106                    | A1 v -> ZN ^ | NAND2_X2  | 0.067 |   2.367 |    2.312 | 
     | datapath/FE_RC_797_0              | A2 ^ -> ZN v | NAND2_X2  | 0.054 |   2.422 |    2.367 | 
     | datapath/FE_RC_795_0              | A2 v -> ZN ^ | NOR2_X4   | 0.092 |   2.514 |    2.459 | 
     | datapath/g3480__1666              | A1 ^ -> ZN ^ | AND2_X4   | 0.099 |   2.613 |    2.558 | 
     | datapath/FE_RC_2225_0             | A4 ^ -> ZN v | NAND4_X4  | 0.088 |   2.701 |    2.645 | 
     | datapath/g33530                   | A v -> ZN ^  | INV_X4    | 0.059 |   2.759 |    2.704 | 
     | datapath/g32738                   | B1 ^ -> ZN v | AOI21_X2  | 0.046 |   2.805 |    2.750 | 
     | datapath/FE_OCPC513_n_1227        | A v -> Z v   | BUF_X1    | 0.102 |   2.907 |    2.852 | 
     | datapath/g32547                   | C1 v -> ZN ^ | OAI221_X1 | 0.185 |   3.092 |    3.036 | 
     | datapath/g32522                   | A1 ^ -> ZN v | NOR2_X2   | 0.036 |   3.128 |    3.073 | 
     | datapath/FE_RC_679_0              | A2 v -> ZN ^ | NAND2_X1  | 0.077 |   3.205 |    3.150 | 
     | datapath/FE_RC_680_0              | A ^ -> ZN v  | INV_X2    | 0.033 |   3.239 |    3.184 | 
     | datapath/FE_RC_2147_0             | A3 v -> ZN ^ | NAND4_X4  | 0.076 |   3.315 |    3.259 | 
     | datapath/g32426                   | A1 ^ -> ZN v | NAND2_X1  | 0.055 |   3.369 |    3.314 | 
     | datapath/g32425                   | A v -> ZN ^  | OAI21_X2  | 0.080 |   3.449 |    3.394 | 
     | datapath/g22498                   | A2 ^ -> ZN v | NAND2_X4  | 0.072 |   3.522 |    3.466 | 
     | g1064                             | A1 v -> ZN ^ | NAND2_X4  | 0.073 |   3.595 |    3.540 | 
     | datapath/g43454                   | A1 ^ -> ZN v | NAND2_X4  | 0.051 |   3.646 |    3.591 | 
     | datapath/FE_OCPC425_n_301         | A v -> Z v   | BUF_X8    | 0.102 |   3.747 |    3.692 | 
     | datapath/g43206                   | B1 v -> ZN ^ | OAI22_X1  | 0.149 |   3.896 |    3.841 | 
     | datapath/IFID_instr_reg[10]       | D ^          | DFFR_X2   | 0.000 |   3.896 |    3.841 | 
     +-------------------------------------------------------------------------------------------+ 
Path 6: VIOLATED Setup Check with Pin datapath/IFID_instr_reg[4]/CK 
Endpoint:   datapath/IFID_instr_reg[4]/D        (^) checked with  leading edge 
of 'clk'
Beginpoint: datapath/registers_RF_reg[17][19]/Q (v) triggered by trailing edge 
of 'clk'
Path Groups: {reg2reg}
Analysis View: WC_VIEW
Other End Arrival Time          0.136
- Setup                         0.097
+ Phase Shift                   3.900
+ CPPR Adjustment               0.000
- Uncertainty                   0.100
= Required Time                 3.838
- Arrival Time                  3.893
= Slack Time                   -0.054
     Clock Fall Edge                 1.950
     + Clock Network Latency (Prop)  0.054
     = Beginpoint Arrival Time       2.004
     +-------------------------------------------------------------------------------------------+ 
     |             Instance              |     Arc      |   Cell    | Delay | Arrival | Required | 
     |                                   |              |           |       |  Time   |   Time   | 
     |-----------------------------------+--------------+-----------+-------+---------+----------| 
     | datapath/registers_RF_reg[17][19] | CK ^         |           |       |   2.004 |    1.949 | 
     | datapath/registers_RF_reg[17][19] | CK ^ -> Q v  | SDFF_X1   | 0.297 |   2.301 |    2.247 | 
     | datapath/g4106                    | A1 v -> ZN ^ | NAND2_X2  | 0.067 |   2.367 |    2.313 | 
     | datapath/FE_RC_797_0              | A2 ^ -> ZN v | NAND2_X2  | 0.054 |   2.422 |    2.368 | 
     | datapath/FE_RC_795_0              | A2 v -> ZN ^ | NOR2_X4   | 0.092 |   2.514 |    2.460 | 
     | datapath/g3480__1666              | A1 ^ -> ZN ^ | AND2_X4   | 0.099 |   2.613 |    2.559 | 
     | datapath/FE_RC_2225_0             | A4 ^ -> ZN v | NAND4_X4  | 0.088 |   2.701 |    2.646 | 
     | datapath/g33530                   | A v -> ZN ^  | INV_X4    | 0.059 |   2.759 |    2.705 | 
     | datapath/g32738                   | B1 ^ -> ZN v | AOI21_X2  | 0.046 |   2.805 |    2.751 | 
     | datapath/FE_OCPC513_n_1227        | A v -> Z v   | BUF_X1    | 0.102 |   2.907 |    2.853 | 
     | datapath/g32547                   | C1 v -> ZN ^ | OAI221_X1 | 0.185 |   3.092 |    3.037 | 
     | datapath/g32522                   | A1 ^ -> ZN v | NOR2_X2   | 0.036 |   3.128 |    3.074 | 
     | datapath/FE_RC_679_0              | A2 v -> ZN ^ | NAND2_X1  | 0.077 |   3.205 |    3.151 | 
     | datapath/FE_RC_680_0              | A ^ -> ZN v  | INV_X2    | 0.033 |   3.239 |    3.185 | 
     | datapath/FE_RC_2147_0             | A3 v -> ZN ^ | NAND4_X4  | 0.076 |   3.315 |    3.260 | 
     | datapath/g32426                   | A1 ^ -> ZN v | NAND2_X1  | 0.055 |   3.369 |    3.315 | 
     | datapath/g32425                   | A v -> ZN ^  | OAI21_X2  | 0.080 |   3.449 |    3.395 | 
     | datapath/g22498                   | A2 ^ -> ZN v | NAND2_X4  | 0.072 |   3.522 |    3.467 | 
     | g1064                             | A1 v -> ZN ^ | NAND2_X4  | 0.073 |   3.595 |    3.541 | 
     | datapath/g43454                   | A1 ^ -> ZN v | NAND2_X4  | 0.051 |   3.646 |    3.592 | 
     | datapath/FE_OCPC425_n_301         | A v -> Z v   | BUF_X8    | 0.102 |   3.747 |    3.693 | 
     | datapath/g43195                   | B1 v -> ZN ^ | OAI22_X1  | 0.145 |   3.893 |    3.838 | 
     | datapath/IFID_instr_reg[4]        | D ^          | DFFR_X1   | 0.000 |   3.893 |    3.838 | 
     +-------------------------------------------------------------------------------------------+ 
Path 7: VIOLATED Setup Check with Pin datapath/IF_pc_reg[22]/CK 
Endpoint:   datapath/IF_pc_reg[22]/D            (^) checked with  leading edge 
of 'clk'
Beginpoint: datapath/registers_RF_reg[17][19]/Q (v) triggered by trailing edge 
of 'clk'
Path Groups: {reg2reg}
Analysis View: WC_VIEW
Other End Arrival Time          0.137
- Setup                         0.085
+ Phase Shift                   3.900
+ CPPR Adjustment               0.000
- Uncertainty                   0.100
= Required Time                 3.852
- Arrival Time                  3.905
= Slack Time                   -0.053
     Clock Fall Edge                 1.950
     + Clock Network Latency (Prop)  0.054
     = Beginpoint Arrival Time       2.004
     +------------------------------------------------------------------------------------------------------------+ 
     |                      Instance                      |     Arc      |   Cell    | Delay | Arrival | Required | 
     |                                                    |              |           |       |  Time   |   Time   | 
     |----------------------------------------------------+--------------+-----------+-------+---------+----------| 
     | datapath/registers_RF_reg[17][19]                  | CK ^         |           |       |   2.004 |    1.951 | 
     | datapath/registers_RF_reg[17][19]                  | CK ^ -> Q v  | SDFF_X1   | 0.297 |   2.301 |    2.248 | 
     | datapath/g4106                                     | A1 v -> ZN ^ | NAND2_X2  | 0.067 |   2.367 |    2.315 | 
     | datapath/FE_RC_797_0                               | A2 ^ -> ZN v | NAND2_X2  | 0.054 |   2.422 |    2.369 | 
     | datapath/FE_RC_795_0                               | A2 v -> ZN ^ | NOR2_X4   | 0.092 |   2.514 |    2.461 | 
     | datapath/g3480__1666                               | A1 ^ -> ZN ^ | AND2_X4   | 0.099 |   2.613 |    2.560 | 
     | datapath/FE_RC_2225_0                              | A4 ^ -> ZN v | NAND4_X4  | 0.088 |   2.701 |    2.648 | 
     | datapath/g33530                                    | A v -> ZN ^  | INV_X4    | 0.059 |   2.759 |    2.707 | 
     | datapath/g32738                                    | B1 ^ -> ZN v | AOI21_X2  | 0.046 |   2.805 |    2.752 | 
     | datapath/FE_OCPC513_n_1227                         | A v -> Z v   | BUF_X1    | 0.102 |   2.907 |    2.854 | 
     | datapath/g32547                                    | C1 v -> ZN ^ | OAI221_X1 | 0.185 |   3.092 |    3.039 | 
     | datapath/g32522                                    | A1 ^ -> ZN v | NOR2_X2   | 0.036 |   3.128 |    3.075 | 
     | datapath/FE_RC_679_0                               | A2 v -> ZN ^ | NAND2_X1  | 0.077 |   3.205 |    3.153 | 
     | datapath/FE_RC_680_0                               | A ^ -> ZN v  | INV_X2    | 0.033 |   3.239 |    3.186 | 
     | datapath/FE_RC_2147_0                              | A3 v -> ZN ^ | NAND4_X4  | 0.076 |   3.315 |    3.262 | 
     | datapath/g32426                                    | A1 ^ -> ZN v | NAND2_X1  | 0.055 |   3.369 |    3.317 | 
     | datapath/g32425                                    | A v -> ZN ^  | OAI21_X2  | 0.080 |   3.449 |    3.397 | 
     | datapath/g22498                                    | A2 ^ -> ZN v | NAND2_X4  | 0.072 |   3.522 |    3.469 | 
     | datapath/branch_or_inc_4/FE_OCPC266_IFID_takeBranc | A v -> ZN ^  | INV_X4    | 0.087 |   3.609 |    3.556 | 
     | h                                                  |              |           |       |         |          | 
     | datapath/branch_or_inc_4/FE_OCPC269_IFID_takeBranc | A ^ -> ZN v  | INV_X8    | 0.052 |   3.661 |    3.609 | 
     | h                                                  |              |           |       |         |          | 
     | datapath/branch_or_inc_4/FE_OCPC286_IFID_takeBranc | A v -> ZN ^  | INV_X1    | 0.046 |   3.707 |    3.655 | 
     | h                                                  |              |           |       |         |          | 
     | datapath/branch_or_inc_4/g869__1881                | A1 ^ -> ZN v | NAND2_X1  | 0.034 |   3.741 |    3.689 | 
     | datapath/branch_or_inc_4/g833__3680                | A1 v -> ZN ^ | NAND2_X1  | 0.048 |   3.789 |    3.736 | 
     | datapath/g43624                                    | A ^ -> ZN v  | INV_X1    | 0.023 |   3.812 |    3.760 | 
     | datapath/g43322                                    | B1 v -> ZN ^ | OAI21_X1  | 0.092 |   3.905 |    3.852 | 
     | datapath/IF_pc_reg[22]                             | D ^          | DFFR_X1   | 0.000 |   3.905 |    3.852 | 
     +------------------------------------------------------------------------------------------------------------+ 
Path 8: VIOLATED Setup Check with Pin datapath/IF_pc_reg[20]/CK 
Endpoint:   datapath/IF_pc_reg[20]/D            (^) checked with  leading edge 
of 'clk'
Beginpoint: datapath/registers_RF_reg[17][19]/Q (v) triggered by trailing edge 
of 'clk'
Path Groups: {reg2reg}
Analysis View: WC_VIEW
Other End Arrival Time          0.137
- Setup                         0.085
+ Phase Shift                   3.900
+ CPPR Adjustment               0.000
- Uncertainty                   0.100
= Required Time                 3.852
- Arrival Time                  3.904
= Slack Time                   -0.051
     Clock Fall Edge                 1.950
     + Clock Network Latency (Prop)  0.054
     = Beginpoint Arrival Time       2.004
     +------------------------------------------------------------------------------------------------------------+ 
     |                      Instance                      |     Arc      |   Cell    | Delay | Arrival | Required | 
     |                                                    |              |           |       |  Time   |   Time   | 
     |----------------------------------------------------+--------------+-----------+-------+---------+----------| 
     | datapath/registers_RF_reg[17][19]                  | CK ^         |           |       |   2.004 |    1.952 | 
     | datapath/registers_RF_reg[17][19]                  | CK ^ -> Q v  | SDFF_X1   | 0.297 |   2.301 |    2.249 | 
     | datapath/g4106                                     | A1 v -> ZN ^ | NAND2_X2  | 0.067 |   2.367 |    2.316 | 
     | datapath/FE_RC_797_0                               | A2 ^ -> ZN v | NAND2_X2  | 0.054 |   2.422 |    2.371 | 
     | datapath/FE_RC_795_0                               | A2 v -> ZN ^ | NOR2_X4   | 0.092 |   2.514 |    2.463 | 
     | datapath/g3480__1666                               | A1 ^ -> ZN ^ | AND2_X4   | 0.099 |   2.613 |    2.562 | 
     | datapath/FE_RC_2225_0                              | A4 ^ -> ZN v | NAND4_X4  | 0.088 |   2.701 |    2.649 | 
     | datapath/g33530                                    | A v -> ZN ^  | INV_X4    | 0.059 |   2.759 |    2.708 | 
     | datapath/g32738                                    | B1 ^ -> ZN v | AOI21_X2  | 0.046 |   2.805 |    2.754 | 
     | datapath/FE_OCPC513_n_1227                         | A v -> Z v   | BUF_X1    | 0.102 |   2.907 |    2.855 | 
     | datapath/g32547                                    | C1 v -> ZN ^ | OAI221_X1 | 0.185 |   3.092 |    3.040 | 
     | datapath/g32522                                    | A1 ^ -> ZN v | NOR2_X2   | 0.036 |   3.128 |    3.077 | 
     | datapath/FE_RC_679_0                               | A2 v -> ZN ^ | NAND2_X1  | 0.077 |   3.205 |    3.154 | 
     | datapath/FE_RC_680_0                               | A ^ -> ZN v  | INV_X2    | 0.033 |   3.239 |    3.188 | 
     | datapath/FE_RC_2147_0                              | A3 v -> ZN ^ | NAND4_X4  | 0.076 |   3.315 |    3.263 | 
     | datapath/g32426                                    | A1 ^ -> ZN v | NAND2_X1  | 0.055 |   3.369 |    3.318 | 
     | datapath/g32425                                    | A v -> ZN ^  | OAI21_X2  | 0.080 |   3.449 |    3.398 | 
     | datapath/g22498                                    | A2 ^ -> ZN v | NAND2_X4  | 0.072 |   3.522 |    3.470 | 
     | datapath/branch_or_inc_4/FE_OCPC266_IFID_takeBranc | A v -> ZN ^  | INV_X4    | 0.087 |   3.609 |    3.558 | 
     | h                                                  |              |           |       |         |          | 
     | datapath/branch_or_inc_4/FE_OCPC269_IFID_takeBranc | A ^ -> ZN v  | INV_X8    | 0.052 |   3.661 |    3.610 | 
     | h                                                  |              |           |       |         |          | 
     | datapath/branch_or_inc_4/FE_OCPC288_IFID_takeBranc | A v -> ZN ^  | INV_X4    | 0.051 |   3.712 |    3.661 | 
     | h                                                  |              |           |       |         |          | 
     | datapath/branch_or_inc_4/g876__2883                | A1 ^ -> ZN v | NAND2_X2  | 0.030 |   3.742 |    3.691 | 
     | datapath/branch_or_inc_4/g842__5115                | A1 v -> ZN ^ | NAND2_X1  | 0.048 |   3.790 |    3.739 | 
     | datapath/g43495                                    | A ^ -> ZN v  | INV_X1    | 0.024 |   3.814 |    3.763 | 
     | datapath/g43319                                    | B1 v -> ZN ^ | OAI21_X1  | 0.089 |   3.904 |    3.852 | 
     | datapath/IF_pc_reg[20]                             | D ^          | DFFR_X1   | 0.000 |   3.904 |    3.852 | 
     +------------------------------------------------------------------------------------------------------------+ 
Path 9: VIOLATED Setup Check with Pin datapath/IFID_instr_reg[9]/CK 
Endpoint:   datapath/IFID_instr_reg[9]/D        (^) checked with  leading edge 
of 'clk'
Beginpoint: datapath/registers_RF_reg[17][19]/Q (v) triggered by trailing edge 
of 'clk'
Path Groups: {reg2reg}
Analysis View: WC_VIEW
Other End Arrival Time          0.142
- Setup                         0.094
+ Phase Shift                   3.900
+ CPPR Adjustment               0.000
- Uncertainty                   0.100
= Required Time                 3.847
- Arrival Time                  3.898
= Slack Time                   -0.051
     Clock Fall Edge                 1.950
     + Clock Network Latency (Prop)  0.054
     = Beginpoint Arrival Time       2.004
     +-------------------------------------------------------------------------------------------+ 
     |             Instance              |     Arc      |   Cell    | Delay | Arrival | Required | 
     |                                   |              |           |       |  Time   |   Time   | 
     |-----------------------------------+--------------+-----------+-------+---------+----------| 
     | datapath/registers_RF_reg[17][19] | CK ^         |           |       |   2.004 |    1.953 | 
     | datapath/registers_RF_reg[17][19] | CK ^ -> Q v  | SDFF_X1   | 0.297 |   2.301 |    2.250 | 
     | datapath/g4106                    | A1 v -> ZN ^ | NAND2_X2  | 0.067 |   2.367 |    2.317 | 
     | datapath/FE_RC_797_0              | A2 ^ -> ZN v | NAND2_X2  | 0.054 |   2.422 |    2.371 | 
     | datapath/FE_RC_795_0              | A2 v -> ZN ^ | NOR2_X4   | 0.092 |   2.514 |    2.463 | 
     | datapath/g3480__1666              | A1 ^ -> ZN ^ | AND2_X4   | 0.099 |   2.613 |    2.562 | 
     | datapath/FE_RC_2225_0             | A4 ^ -> ZN v | NAND4_X4  | 0.088 |   2.701 |    2.650 | 
     | datapath/g33530                   | A v -> ZN ^  | INV_X4    | 0.059 |   2.759 |    2.708 | 
     | datapath/g32738                   | B1 ^ -> ZN v | AOI21_X2  | 0.046 |   2.805 |    2.754 | 
     | datapath/FE_OCPC513_n_1227        | A v -> Z v   | BUF_X1    | 0.102 |   2.907 |    2.856 | 
     | datapath/g32547                   | C1 v -> ZN ^ | OAI221_X1 | 0.185 |   3.092 |    3.041 | 
     | datapath/g32522                   | A1 ^ -> ZN v | NOR2_X2   | 0.036 |   3.128 |    3.077 | 
     | datapath/FE_RC_679_0              | A2 v -> ZN ^ | NAND2_X1  | 0.077 |   3.205 |    3.155 | 
     | datapath/FE_RC_680_0              | A ^ -> ZN v  | INV_X2    | 0.033 |   3.239 |    3.188 | 
     | datapath/FE_RC_2147_0             | A3 v -> ZN ^ | NAND4_X4  | 0.076 |   3.315 |    3.264 | 
     | datapath/g32426                   | A1 ^ -> ZN v | NAND2_X1  | 0.055 |   3.369 |    3.318 | 
     | datapath/g32425                   | A v -> ZN ^  | OAI21_X2  | 0.080 |   3.449 |    3.399 | 
     | datapath/g22498                   | A2 ^ -> ZN v | NAND2_X4  | 0.072 |   3.522 |    3.471 | 
     | g1064                             | A1 v -> ZN ^ | NAND2_X4  | 0.073 |   3.595 |    3.544 | 
     | datapath/g43454                   | A1 ^ -> ZN v | NAND2_X4  | 0.051 |   3.646 |    3.595 | 
     | datapath/FE_OCPC425_n_301         | A v -> Z v   | BUF_X8    | 0.102 |   3.747 |    3.697 | 
     | datapath/g43180                   | B1 v -> ZN ^ | OAI22_X1  | 0.151 |   3.898 |    3.847 | 
     | datapath/IFID_instr_reg[9]        | D ^          | DFFR_X2   | 0.000 |   3.898 |    3.847 | 
     +-------------------------------------------------------------------------------------------+ 
Path 10: VIOLATED Setup Check with Pin datapath/IFID_instr_reg[0]/CK 
Endpoint:   datapath/IFID_instr_reg[0]/D        (^) checked with  leading edge 
of 'clk'
Beginpoint: datapath/registers_RF_reg[17][19]/Q (v) triggered by trailing edge 
of 'clk'
Path Groups: {reg2reg}
Analysis View: WC_VIEW
Other End Arrival Time          0.142
- Setup                         0.097
+ Phase Shift                   3.900
+ CPPR Adjustment               0.000
- Uncertainty                   0.100
= Required Time                 3.845
- Arrival Time                  3.895
= Slack Time                   -0.051
     Clock Fall Edge                 1.950
     + Clock Network Latency (Prop)  0.054
     = Beginpoint Arrival Time       2.004
     +-------------------------------------------------------------------------------------------+ 
     |             Instance              |     Arc      |   Cell    | Delay | Arrival | Required | 
     |                                   |              |           |       |  Time   |   Time   | 
     |-----------------------------------+--------------+-----------+-------+---------+----------| 
     | datapath/registers_RF_reg[17][19] | CK ^         |           |       |   2.004 |    1.953 | 
     | datapath/registers_RF_reg[17][19] | CK ^ -> Q v  | SDFF_X1   | 0.297 |   2.301 |    2.250 | 
     | datapath/g4106                    | A1 v -> ZN ^ | NAND2_X2  | 0.067 |   2.367 |    2.317 | 
     | datapath/FE_RC_797_0              | A2 ^ -> ZN v | NAND2_X2  | 0.054 |   2.422 |    2.371 | 
     | datapath/FE_RC_795_0              | A2 v -> ZN ^ | NOR2_X4   | 0.092 |   2.514 |    2.463 | 
     | datapath/g3480__1666              | A1 ^ -> ZN ^ | AND2_X4   | 0.099 |   2.613 |    2.563 | 
     | datapath/FE_RC_2225_0             | A4 ^ -> ZN v | NAND4_X4  | 0.088 |   2.701 |    2.650 | 
     | datapath/g33530                   | A v -> ZN ^  | INV_X4    | 0.059 |   2.759 |    2.709 | 
     | datapath/g32738                   | B1 ^ -> ZN v | AOI21_X2  | 0.046 |   2.805 |    2.755 | 
     | datapath/FE_OCPC513_n_1227        | A v -> Z v   | BUF_X1    | 0.102 |   2.907 |    2.856 | 
     | datapath/g32547                   | C1 v -> ZN ^ | OAI221_X1 | 0.185 |   3.092 |    3.041 | 
     | datapath/g32522                   | A1 ^ -> ZN v | NOR2_X2   | 0.036 |   3.128 |    3.077 | 
     | datapath/FE_RC_679_0              | A2 v -> ZN ^ | NAND2_X1  | 0.077 |   3.205 |    3.155 | 
     | datapath/FE_RC_680_0              | A ^ -> ZN v  | INV_X2    | 0.033 |   3.239 |    3.188 | 
     | datapath/FE_RC_2147_0             | A3 v -> ZN ^ | NAND4_X4  | 0.076 |   3.315 |    3.264 | 
     | datapath/g32426                   | A1 ^ -> ZN v | NAND2_X1  | 0.055 |   3.369 |    3.319 | 
     | datapath/g32425                   | A v -> ZN ^  | OAI21_X2  | 0.080 |   3.449 |    3.399 | 
     | datapath/g22498                   | A2 ^ -> ZN v | NAND2_X4  | 0.072 |   3.522 |    3.471 | 
     | g1064                             | A1 v -> ZN ^ | NAND2_X4  | 0.073 |   3.595 |    3.544 | 
     | datapath/g43454                   | A1 ^ -> ZN v | NAND2_X4  | 0.051 |   3.646 |    3.595 | 
     | datapath/FE_OCPC425_n_301         | A v -> Z v   | BUF_X8    | 0.102 |   3.747 |    3.697 | 
     | datapath/g43201                   | B1 v -> ZN ^ | OAI22_X1  | 0.148 |   3.895 |    3.845 | 
     | datapath/IFID_instr_reg[0]        | D ^          | DFFR_X1   | 0.000 |   3.895 |    3.845 | 
     +-------------------------------------------------------------------------------------------+ 
Path 11: VIOLATED Setup Check with Pin datapath/IF_pc_reg[21]/CK 
Endpoint:   datapath/IF_pc_reg[21]/D            (^) checked with  leading edge 
of 'clk'
Beginpoint: datapath/registers_RF_reg[17][19]/Q (v) triggered by trailing edge 
of 'clk'
Path Groups: {reg2reg}
Analysis View: WC_VIEW
Other End Arrival Time          0.137
- Setup                         0.085
+ Phase Shift                   3.900
+ CPPR Adjustment               0.000
- Uncertainty                   0.100
= Required Time                 3.852
- Arrival Time                  3.902
= Slack Time                   -0.050
     Clock Fall Edge                 1.950
     + Clock Network Latency (Prop)  0.054
     = Beginpoint Arrival Time       2.004
     +------------------------------------------------------------------------------------------------------------+ 
     |                      Instance                      |     Arc      |   Cell    | Delay | Arrival | Required | 
     |                                                    |              |           |       |  Time   |   Time   | 
     |----------------------------------------------------+--------------+-----------+-------+---------+----------| 
     | datapath/registers_RF_reg[17][19]                  | CK ^         |           |       |   2.004 |    1.954 | 
     | datapath/registers_RF_reg[17][19]                  | CK ^ -> Q v  | SDFF_X1   | 0.297 |   2.301 |    2.251 | 
     | datapath/g4106                                     | A1 v -> ZN ^ | NAND2_X2  | 0.067 |   2.367 |    2.318 | 
     | datapath/FE_RC_797_0                               | A2 ^ -> ZN v | NAND2_X2  | 0.054 |   2.422 |    2.372 | 
     | datapath/FE_RC_795_0                               | A2 v -> ZN ^ | NOR2_X4   | 0.092 |   2.514 |    2.464 | 
     | datapath/g3480__1666                               | A1 ^ -> ZN ^ | AND2_X4   | 0.099 |   2.613 |    2.563 | 
     | datapath/FE_RC_2225_0                              | A4 ^ -> ZN v | NAND4_X4  | 0.088 |   2.701 |    2.651 | 
     | datapath/g33530                                    | A v -> ZN ^  | INV_X4    | 0.059 |   2.759 |    2.710 | 
     | datapath/g32738                                    | B1 ^ -> ZN v | AOI21_X2  | 0.046 |   2.805 |    2.755 | 
     | datapath/FE_OCPC513_n_1227                         | A v -> Z v   | BUF_X1    | 0.102 |   2.907 |    2.857 | 
     | datapath/g32547                                    | C1 v -> ZN ^ | OAI221_X1 | 0.185 |   3.092 |    3.042 | 
     | datapath/g32522                                    | A1 ^ -> ZN v | NOR2_X2   | 0.036 |   3.128 |    3.078 | 
     | datapath/FE_RC_679_0                               | A2 v -> ZN ^ | NAND2_X1  | 0.077 |   3.205 |    3.156 | 
     | datapath/FE_RC_680_0                               | A ^ -> ZN v  | INV_X2    | 0.033 |   3.239 |    3.189 | 
     | datapath/FE_RC_2147_0                              | A3 v -> ZN ^ | NAND4_X4  | 0.076 |   3.315 |    3.265 | 
     | datapath/g32426                                    | A1 ^ -> ZN v | NAND2_X1  | 0.055 |   3.369 |    3.319 | 
     | datapath/g32425                                    | A v -> ZN ^  | OAI21_X2  | 0.080 |   3.449 |    3.400 | 
     | datapath/g22498                                    | A2 ^ -> ZN v | NAND2_X4  | 0.072 |   3.522 |    3.472 | 
     | datapath/branch_or_inc_4/FE_OCPC266_IFID_takeBranc | A v -> ZN ^  | INV_X4    | 0.087 |   3.609 |    3.559 | 
     | h                                                  |              |           |       |         |          | 
     | datapath/branch_or_inc_4/FE_OCPC269_IFID_takeBranc | A ^ -> ZN v  | INV_X8    | 0.052 |   3.661 |    3.611 | 
     | h                                                  |              |           |       |         |          | 
     | datapath/branch_or_inc_4/FE_OCPC287_IFID_takeBranc | A v -> ZN ^  | INV_X2    | 0.046 |   3.707 |    3.657 | 
     | h                                                  |              |           |       |         |          | 
     | datapath/branch_or_inc_4/g871__7482                | A1 ^ -> ZN v | NAND2_X1  | 0.034 |   3.741 |    3.691 | 
     | datapath/branch_or_inc_4/g840__6131                | A1 v -> ZN ^ | NAND2_X1  | 0.048 |   3.788 |    3.739 | 
     | datapath/g43585                                    | A ^ -> ZN v  | INV_X1    | 0.023 |   3.812 |    3.762 | 
     | datapath/g43321                                    | B1 v -> ZN ^ | OAI21_X1  | 0.090 |   3.902 |    3.852 | 
     | datapath/IF_pc_reg[21]                             | D ^          | DFFR_X1   | 0.000 |   3.902 |    3.852 | 
     +------------------------------------------------------------------------------------------------------------+ 
Path 12: VIOLATED Setup Check with Pin datapath/IFID_instr_reg[2]/CK 
Endpoint:   datapath/IFID_instr_reg[2]/D        (^) checked with  leading edge 
of 'clk'
Beginpoint: datapath/registers_RF_reg[17][19]/Q (v) triggered by trailing edge 
of 'clk'
Path Groups: {reg2reg}
Analysis View: WC_VIEW
Other End Arrival Time          0.136
- Setup                         0.093
+ Phase Shift                   3.900
+ CPPR Adjustment               0.000
- Uncertainty                   0.100
= Required Time                 3.843
- Arrival Time                  3.892
= Slack Time                   -0.049
     Clock Fall Edge                 1.950
     + Clock Network Latency (Prop)  0.054
     = Beginpoint Arrival Time       2.004
     +-------------------------------------------------------------------------------------------+ 
     |             Instance              |     Arc      |   Cell    | Delay | Arrival | Required | 
     |                                   |              |           |       |  Time   |   Time   | 
     |-----------------------------------+--------------+-----------+-------+---------+----------| 
     | datapath/registers_RF_reg[17][19] | CK ^         |           |       |   2.004 |    1.955 | 
     | datapath/registers_RF_reg[17][19] | CK ^ -> Q v  | SDFF_X1   | 0.297 |   2.301 |    2.252 | 
     | datapath/g4106                    | A1 v -> ZN ^ | NAND2_X2  | 0.067 |   2.367 |    2.319 | 
     | datapath/FE_RC_797_0              | A2 ^ -> ZN v | NAND2_X2  | 0.054 |   2.422 |    2.373 | 
     | datapath/FE_RC_795_0              | A2 v -> ZN ^ | NOR2_X4   | 0.092 |   2.514 |    2.465 | 
     | datapath/g3480__1666              | A1 ^ -> ZN ^ | AND2_X4   | 0.099 |   2.613 |    2.564 | 
     | datapath/FE_RC_2225_0             | A4 ^ -> ZN v | NAND4_X4  | 0.088 |   2.701 |    2.652 | 
     | datapath/g33530                   | A v -> ZN ^  | INV_X4    | 0.059 |   2.759 |    2.710 | 
     | datapath/g32738                   | B1 ^ -> ZN v | AOI21_X2  | 0.046 |   2.805 |    2.756 | 
     | datapath/FE_OCPC513_n_1227        | A v -> Z v   | BUF_X1    | 0.102 |   2.907 |    2.858 | 
     | datapath/g32547                   | C1 v -> ZN ^ | OAI221_X1 | 0.185 |   3.092 |    3.043 | 
     | datapath/g32522                   | A1 ^ -> ZN v | NOR2_X2   | 0.036 |   3.128 |    3.079 | 
     | datapath/FE_RC_679_0              | A2 v -> ZN ^ | NAND2_X1  | 0.077 |   3.205 |    3.156 | 
     | datapath/FE_RC_680_0              | A ^ -> ZN v  | INV_X2    | 0.033 |   3.239 |    3.190 | 
     | datapath/FE_RC_2147_0             | A3 v -> ZN ^ | NAND4_X4  | 0.076 |   3.315 |    3.266 | 
     | datapath/g32426                   | A1 ^ -> ZN v | NAND2_X1  | 0.055 |   3.369 |    3.320 | 
     | datapath/g32425                   | A v -> ZN ^  | OAI21_X2  | 0.080 |   3.449 |    3.401 | 
     | datapath/g22498                   | A2 ^ -> ZN v | NAND2_X4  | 0.072 |   3.522 |    3.473 | 
     | g1064                             | A1 v -> ZN ^ | NAND2_X4  | 0.073 |   3.595 |    3.546 | 
     | datapath/g43454                   | A1 ^ -> ZN v | NAND2_X4  | 0.051 |   3.646 |    3.597 | 
     | datapath/FE_OCPC425_n_301         | A v -> Z v   | BUF_X8    | 0.102 |   3.747 |    3.698 | 
     | datapath/g43199                   | B1 v -> ZN ^ | OAI22_X1  | 0.144 |   3.892 |    3.843 | 
     | datapath/IFID_instr_reg[2]        | D ^          | DFFR_X2   | 0.000 |   3.892 |    3.843 | 
     +-------------------------------------------------------------------------------------------+ 
Path 13: VIOLATED Setup Check with Pin datapath/IFID_instr_reg[24]/CK 
Endpoint:   datapath/IFID_instr_reg[24]/D       (^) checked with  leading edge 
of 'clk'
Beginpoint: datapath/registers_RF_reg[17][19]/Q (v) triggered by trailing edge 
of 'clk'
Path Groups: {reg2reg}
Analysis View: WC_VIEW
Other End Arrival Time          0.142
- Setup                         0.093
+ Phase Shift                   3.900
+ CPPR Adjustment               0.000
- Uncertainty                   0.100
= Required Time                 3.849
- Arrival Time                  3.894
= Slack Time                   -0.045
     Clock Fall Edge                 1.950
     + Clock Network Latency (Prop)  0.054
     = Beginpoint Arrival Time       2.004
     +-------------------------------------------------------------------------------------------+ 
     |             Instance              |     Arc      |   Cell    | Delay | Arrival | Required | 
     |                                   |              |           |       |  Time   |   Time   | 
     |-----------------------------------+--------------+-----------+-------+---------+----------| 
     | datapath/registers_RF_reg[17][19] | CK ^         |           |       |   2.004 |    1.959 | 
     | datapath/registers_RF_reg[17][19] | CK ^ -> Q v  | SDFF_X1   | 0.297 |   2.301 |    2.256 | 
     | datapath/g4106                    | A1 v -> ZN ^ | NAND2_X2  | 0.067 |   2.367 |    2.322 | 
     | datapath/FE_RC_797_0              | A2 ^ -> ZN v | NAND2_X2  | 0.054 |   2.422 |    2.377 | 
     | datapath/FE_RC_795_0              | A2 v -> ZN ^ | NOR2_X4   | 0.092 |   2.514 |    2.469 | 
     | datapath/g3480__1666              | A1 ^ -> ZN ^ | AND2_X4   | 0.099 |   2.613 |    2.568 | 
     | datapath/FE_RC_2225_0             | A4 ^ -> ZN v | NAND4_X4  | 0.088 |   2.701 |    2.656 | 
     | datapath/g33530                   | A v -> ZN ^  | INV_X4    | 0.059 |   2.759 |    2.714 | 
     | datapath/g32738                   | B1 ^ -> ZN v | AOI21_X2  | 0.046 |   2.805 |    2.760 | 
     | datapath/FE_OCPC513_n_1227        | A v -> Z v   | BUF_X1    | 0.102 |   2.907 |    2.862 | 
     | datapath/g32547                   | C1 v -> ZN ^ | OAI221_X1 | 0.185 |   3.092 |    3.047 | 
     | datapath/g32522                   | A1 ^ -> ZN v | NOR2_X2   | 0.036 |   3.128 |    3.083 | 
     | datapath/FE_RC_679_0              | A2 v -> ZN ^ | NAND2_X1  | 0.077 |   3.205 |    3.160 | 
     | datapath/FE_RC_680_0              | A ^ -> ZN v  | INV_X2    | 0.033 |   3.239 |    3.194 | 
     | datapath/FE_RC_2147_0             | A3 v -> ZN ^ | NAND4_X4  | 0.076 |   3.315 |    3.270 | 
     | datapath/g32426                   | A1 ^ -> ZN v | NAND2_X1  | 0.055 |   3.369 |    3.324 | 
     | datapath/g32425                   | A v -> ZN ^  | OAI21_X2  | 0.080 |   3.449 |    3.404 | 
     | datapath/g22498                   | A2 ^ -> ZN v | NAND2_X4  | 0.072 |   3.522 |    3.477 | 
     | g1064                             | A1 v -> ZN ^ | NAND2_X4  | 0.073 |   3.595 |    3.550 | 
     | datapath/g43454                   | A1 ^ -> ZN v | NAND2_X4  | 0.051 |   3.646 |    3.601 | 
     | datapath/FE_OCPC425_n_301         | A v -> Z v   | BUF_X8    | 0.102 |   3.747 |    3.702 | 
     | datapath/g43187                   | B1 v -> ZN ^ | OAI22_X1  | 0.146 |   3.894 |    3.849 | 
     | datapath/IFID_instr_reg[24]       | D ^          | DFFR_X2   | 0.000 |   3.894 |    3.849 | 
     +-------------------------------------------------------------------------------------------+ 
Path 14: VIOLATED Setup Check with Pin datapath/IF_pc_reg[23]/CK 
Endpoint:   datapath/IF_pc_reg[23]/D            (v) checked with  leading edge 
of 'clk'
Beginpoint: datapath/registers_RF_reg[30][17]/Q (v) triggered by trailing edge 
of 'clk'
Path Groups: {reg2reg}
Analysis View: WC_VIEW
Other End Arrival Time          0.137
- Setup                         0.147
+ Phase Shift                   3.900
+ CPPR Adjustment               0.000
- Uncertainty                   0.100
= Required Time                 3.790
- Arrival Time                  3.835
= Slack Time                   -0.045
     Clock Fall Edge                 1.950
     + Clock Network Latency (Prop)  0.055
     = Beginpoint Arrival Time       2.005
     +------------------------------------------------------------------------------------------------------------+ 
     |                      Instance                      |     Arc      |   Cell    | Delay | Arrival | Required | 
     |                                                    |              |           |       |  Time   |   Time   | 
     |----------------------------------------------------+--------------+-----------+-------+---------+----------| 
     | datapath/registers_RF_reg[30][17]                  | CK ^         |           |       |   2.005 |    1.960 | 
     | datapath/registers_RF_reg[30][17]                  | CK ^ -> Q v  | SDFF_X1   | 0.279 |   2.284 |    2.239 | 
     | datapath/g4313                                     | A1 v -> ZN ^ | NAND2_X1  | 0.066 |   2.350 |    2.305 | 
     | datapath/FE_RC_1423_0                              | A2 ^ -> ZN v | NAND2_X1  | 0.051 |   2.400 |    2.355 | 
     | datapath/FE_RC_1421_0                              | A2 v -> ZN ^ | NOR2_X2   | 0.088 |   2.488 |    2.443 | 
     | datapath/g3506__2883                               | A2 ^ -> ZN ^ | AND2_X2   | 0.110 |   2.598 |    2.553 | 
     | datapath/g3406__1617                               | A3 ^ -> ZN v | NAND4_X4  | 0.103 |   2.700 |    2.655 | 
     | datapath/FE_RC_501_0                               | A v -> ZN ^  | INV_X4    | 0.051 |   2.751 |    2.706 | 
     | datapath/FE_RC_499_0                               | B1 ^ -> ZN v | AOI21_X2  | 0.041 |   2.793 |    2.748 | 
     | datapath/g32617                                    | B v -> ZN ^  | XNOR2_X2  | 0.116 |   2.909 |    2.864 | 
     | datapath/g32547                                    | A ^ -> ZN v  | OAI221_X1 | 0.118 |   3.027 |    2.983 | 
     | datapath/g32522                                    | A1 v -> ZN ^ | NOR2_X2   | 0.086 |   3.114 |    3.069 | 
     | datapath/FE_RC_679_0                               | A2 ^ -> ZN v | NAND2_X1  | 0.052 |   3.166 |    3.121 | 
     | datapath/FE_RC_680_0                               | A v -> ZN ^  | INV_X2    | 0.053 |   3.219 |    3.174 | 
     | datapath/FE_RC_2147_0                              | A3 ^ -> ZN v | NAND4_X4  | 0.092 |   3.311 |    3.266 | 
     | datapath/g32426                                    | A1 v -> ZN ^ | NAND2_X1  | 0.074 |   3.385 |    3.340 | 
     | datapath/g32425                                    | A ^ -> ZN v  | OAI21_X2  | 0.060 |   3.446 |    3.401 | 
     | datapath/g22498                                    | A2 v -> ZN ^ | NAND2_X4  | 0.074 |   3.520 |    3.475 | 
     | datapath/branch_or_inc_4/FE_OCPC266_IFID_takeBranc | A ^ -> ZN v  | INV_X4    | 0.046 |   3.565 |    3.521 | 
     | h                                                  |              |           |       |         |          | 
     | datapath/branch_or_inc_4/FE_OCPC269_IFID_takeBranc | A v -> ZN ^  | INV_X8    | 0.080 |   3.646 |    3.601 | 
     | h                                                  |              |           |       |         |          | 
     | datapath/branch_or_inc_4/FE_OCPC283_IFID_takeBranc | A ^ -> ZN v  | INV_X1    | 0.032 |   3.678 |    3.633 | 
     | h                                                  |              |           |       |         |          | 
     | datapath/branch_or_inc_4/g863__2802                | A1 v -> ZN ^ | NAND2_X1  | 0.046 |   3.724 |    3.679 | 
     | datapath/branch_or_inc_4/g830__8428                | A1 ^ -> ZN v | NAND2_X1  | 0.038 |   3.762 |    3.717 | 
     | datapath/g43592                                    | A v -> ZN ^  | INV_X1    | 0.040 |   3.802 |    3.757 | 
     | datapath/g43323                                    | B1 ^ -> ZN v | OAI21_X1  | 0.033 |   3.835 |    3.790 | 
     | datapath/IF_pc_reg[23]                             | D v          | DFFR_X1   | 0.000 |   3.835 |    3.790 | 
     +------------------------------------------------------------------------------------------------------------+ 
Path 15: VIOLATED Setup Check with Pin datapath/IF_pc_reg[15]/CK 
Endpoint:   datapath/IF_pc_reg[15]/D            (v) checked with  leading edge 
of 'clk'
Beginpoint: datapath/registers_RF_reg[30][17]/Q (v) triggered by trailing edge 
of 'clk'
Path Groups: {reg2reg}
Analysis View: WC_VIEW
Other End Arrival Time          0.137
- Setup                         0.129
+ Phase Shift                   3.900
+ CPPR Adjustment               0.000
- Uncertainty                   0.100
= Required Time                 3.808
- Arrival Time                  3.849
= Slack Time                   -0.041
     Clock Fall Edge                 1.950
     + Clock Network Latency (Prop)  0.055
     = Beginpoint Arrival Time       2.005
     +------------------------------------------------------------------------------------------------------------+ 
     |                      Instance                      |     Arc      |   Cell    | Delay | Arrival | Required | 
     |                                                    |              |           |       |  Time   |   Time   | 
     |----------------------------------------------------+--------------+-----------+-------+---------+----------| 
     | datapath/registers_RF_reg[30][17]                  | CK ^         |           |       |   2.005 |    1.964 | 
     | datapath/registers_RF_reg[30][17]                  | CK ^ -> Q v  | SDFF_X1   | 0.279 |   2.284 |    2.243 | 
     | datapath/g4313                                     | A1 v -> ZN ^ | NAND2_X1  | 0.066 |   2.350 |    2.308 | 
     | datapath/FE_RC_1423_0                              | A2 ^ -> ZN v | NAND2_X1  | 0.051 |   2.400 |    2.359 | 
     | datapath/FE_RC_1421_0                              | A2 v -> ZN ^ | NOR2_X2   | 0.088 |   2.488 |    2.447 | 
     | datapath/g3506__2883                               | A2 ^ -> ZN ^ | AND2_X2   | 0.110 |   2.598 |    2.557 | 
     | datapath/g3406__1617                               | A3 ^ -> ZN v | NAND4_X4  | 0.103 |   2.700 |    2.659 | 
     | datapath/FE_RC_501_0                               | A v -> ZN ^  | INV_X4    | 0.051 |   2.751 |    2.710 | 
     | datapath/FE_RC_499_0                               | B1 ^ -> ZN v | AOI21_X2  | 0.041 |   2.793 |    2.752 | 
     | datapath/g32617                                    | B v -> ZN ^  | XNOR2_X2  | 0.116 |   2.909 |    2.868 | 
     | datapath/g32547                                    | A ^ -> ZN v  | OAI221_X1 | 0.118 |   3.027 |    2.986 | 
     | datapath/g32522                                    | A1 v -> ZN ^ | NOR2_X2   | 0.086 |   3.114 |    3.073 | 
     | datapath/FE_RC_679_0                               | A2 ^ -> ZN v | NAND2_X1  | 0.052 |   3.166 |    3.125 | 
     | datapath/FE_RC_680_0                               | A v -> ZN ^  | INV_X2    | 0.053 |   3.219 |    3.178 | 
     | datapath/FE_RC_2147_0                              | A3 ^ -> ZN v | NAND4_X4  | 0.092 |   3.311 |    3.270 | 
     | datapath/g32426                                    | A1 v -> ZN ^ | NAND2_X1  | 0.074 |   3.385 |    3.344 | 
     | datapath/g32425                                    | A ^ -> ZN v  | OAI21_X2  | 0.060 |   3.446 |    3.405 | 
     | datapath/g22498                                    | A2 v -> ZN ^ | NAND2_X4  | 0.074 |   3.520 |    3.479 | 
     | datapath/branch_or_inc_4/FE_OCPC266_IFID_takeBranc | A ^ -> ZN v  | INV_X4    | 0.046 |   3.565 |    3.524 | 
     | h                                                  |              |           |       |         |          | 
     | datapath/branch_or_inc_4/FE_OCPC269_IFID_takeBranc | A v -> ZN ^  | INV_X8    | 0.080 |   3.646 |    3.605 | 
     | h                                                  |              |           |       |         |          | 
     | datapath/branch_or_inc_4/FE_OCPC287_IFID_takeBranc | A ^ -> ZN v  | INV_X2    | 0.034 |   3.679 |    3.638 | 
     | h                                                  |              |           |       |         |          | 
     | datapath/branch_or_inc_4/g861__3680                | A1 v -> ZN ^ | NAND2_X1  | 0.048 |   3.727 |    3.686 | 
     | datapath/branch_or_inc_4/g831__5526                | A1 ^ -> ZN v | NAND2_X1  | 0.038 |   3.765 |    3.724 | 
     | datapath/g43411                                    | A1 v -> ZN ^ | NAND2_X1  | 0.045 |   3.810 |    3.768 | 
     | datapath/g43268                                    | A1 ^ -> ZN v | NAND2_X1  | 0.039 |   3.849 |    3.808 | 
     | datapath/IF_pc_reg[15]                             | D v          | DFFR_X1   | 0.000 |   3.849 |    3.808 | 
     +------------------------------------------------------------------------------------------------------------+ 
Path 16: VIOLATED Setup Check with Pin datapath/IFID_instr_reg[11]/CK 
Endpoint:   datapath/IFID_instr_reg[11]/D       (^) checked with  leading edge 
of 'clk'
Beginpoint: datapath/registers_RF_reg[17][19]/Q (v) triggered by trailing edge 
of 'clk'
Path Groups: {reg2reg}
Analysis View: WC_VIEW
Other End Arrival Time          0.142
- Setup                         0.092
+ Phase Shift                   3.900
+ CPPR Adjustment               0.000
- Uncertainty                   0.100
= Required Time                 3.850
- Arrival Time                  3.891
= Slack Time                   -0.041
     Clock Fall Edge                 1.950
     + Clock Network Latency (Prop)  0.054
     = Beginpoint Arrival Time       2.004
     +-------------------------------------------------------------------------------------------+ 
     |             Instance              |     Arc      |   Cell    | Delay | Arrival | Required | 
     |                                   |              |           |       |  Time   |   Time   | 
     |-----------------------------------+--------------+-----------+-------+---------+----------| 
     | datapath/registers_RF_reg[17][19] | CK ^         |           |       |   2.004 |    1.963 | 
     | datapath/registers_RF_reg[17][19] | CK ^ -> Q v  | SDFF_X1   | 0.297 |   2.301 |    2.260 | 
     | datapath/g4106                    | A1 v -> ZN ^ | NAND2_X2  | 0.067 |   2.367 |    2.327 | 
     | datapath/FE_RC_797_0              | A2 ^ -> ZN v | NAND2_X2  | 0.054 |   2.422 |    2.381 | 
     | datapath/FE_RC_795_0              | A2 v -> ZN ^ | NOR2_X4   | 0.092 |   2.514 |    2.473 | 
     | datapath/g3480__1666              | A1 ^ -> ZN ^ | AND2_X4   | 0.099 |   2.613 |    2.572 | 
     | datapath/FE_RC_2225_0             | A4 ^ -> ZN v | NAND4_X4  | 0.088 |   2.701 |    2.660 | 
     | datapath/g33530                   | A v -> ZN ^  | INV_X4    | 0.059 |   2.759 |    2.719 | 
     | datapath/g32738                   | B1 ^ -> ZN v | AOI21_X2  | 0.046 |   2.805 |    2.764 | 
     | datapath/FE_OCPC513_n_1227        | A v -> Z v   | BUF_X1    | 0.102 |   2.907 |    2.866 | 
     | datapath/g32547                   | C1 v -> ZN ^ | OAI221_X1 | 0.185 |   3.092 |    3.051 | 
     | datapath/g32522                   | A1 ^ -> ZN v | NOR2_X2   | 0.036 |   3.128 |    3.087 | 
     | datapath/FE_RC_679_0              | A2 v -> ZN ^ | NAND2_X1  | 0.077 |   3.205 |    3.165 | 
     | datapath/FE_RC_680_0              | A ^ -> ZN v  | INV_X2    | 0.033 |   3.239 |    3.198 | 
     | datapath/FE_RC_2147_0             | A3 v -> ZN ^ | NAND4_X4  | 0.076 |   3.315 |    3.274 | 
     | datapath/g32426                   | A1 ^ -> ZN v | NAND2_X1  | 0.055 |   3.369 |    3.328 | 
     | datapath/g32425                   | A v -> ZN ^  | OAI21_X2  | 0.080 |   3.449 |    3.409 | 
     | datapath/g22498                   | A2 ^ -> ZN v | NAND2_X4  | 0.072 |   3.522 |    3.481 | 
     | g1064                             | A1 v -> ZN ^ | NAND2_X4  | 0.073 |   3.595 |    3.554 | 
     | datapath/g43454                   | A1 ^ -> ZN v | NAND2_X4  | 0.051 |   3.646 |    3.605 | 
     | datapath/FE_OCPC425_n_301         | A v -> Z v   | BUF_X8    | 0.102 |   3.747 |    3.707 | 
     | datapath/g43178                   | B1 v -> ZN ^ | OAI22_X1  | 0.143 |   3.891 |    3.850 | 
     | datapath/IFID_instr_reg[11]       | D ^          | DFFR_X2   | 0.000 |   3.891 |    3.850 | 
     +-------------------------------------------------------------------------------------------+ 
Path 17: VIOLATED Setup Check with Pin datapath/IFID_instr_reg[1]/CK 
Endpoint:   datapath/IFID_instr_reg[1]/D        (^) checked with  leading edge 
of 'clk'
Beginpoint: datapath/registers_RF_reg[17][19]/Q (v) triggered by trailing edge 
of 'clk'
Path Groups: {reg2reg}
Analysis View: WC_VIEW
Other End Arrival Time          0.136
- Setup                         0.093
+ Phase Shift                   3.900
+ CPPR Adjustment               0.000
- Uncertainty                   0.100
= Required Time                 3.843
- Arrival Time                  3.882
= Slack Time                   -0.039
     Clock Fall Edge                 1.950
     + Clock Network Latency (Prop)  0.054
     = Beginpoint Arrival Time       2.004
     +-------------------------------------------------------------------------------------------+ 
     |             Instance              |     Arc      |   Cell    | Delay | Arrival | Required | 
     |                                   |              |           |       |  Time   |   Time   | 
     |-----------------------------------+--------------+-----------+-------+---------+----------| 
     | datapath/registers_RF_reg[17][19] | CK ^         |           |       |   2.004 |    1.964 | 
     | datapath/registers_RF_reg[17][19] | CK ^ -> Q v  | SDFF_X1   | 0.297 |   2.301 |    2.261 | 
     | datapath/g4106                    | A1 v -> ZN ^ | NAND2_X2  | 0.067 |   2.367 |    2.328 | 
     | datapath/FE_RC_797_0              | A2 ^ -> ZN v | NAND2_X2  | 0.054 |   2.422 |    2.382 | 
     | datapath/FE_RC_795_0              | A2 v -> ZN ^ | NOR2_X4   | 0.092 |   2.514 |    2.474 | 
     | datapath/g3480__1666              | A1 ^ -> ZN ^ | AND2_X4   | 0.099 |   2.613 |    2.574 | 
     | datapath/FE_RC_2225_0             | A4 ^ -> ZN v | NAND4_X4  | 0.088 |   2.701 |    2.661 | 
     | datapath/g33530                   | A v -> ZN ^  | INV_X4    | 0.059 |   2.759 |    2.720 | 
     | datapath/g32738                   | B1 ^ -> ZN v | AOI21_X2  | 0.046 |   2.805 |    2.766 | 
     | datapath/FE_OCPC513_n_1227        | A v -> Z v   | BUF_X1    | 0.102 |   2.907 |    2.867 | 
     | datapath/g32547                   | C1 v -> ZN ^ | OAI221_X1 | 0.185 |   3.092 |    3.052 | 
     | datapath/g32522                   | A1 ^ -> ZN v | NOR2_X2   | 0.036 |   3.128 |    3.089 | 
     | datapath/FE_RC_679_0              | A2 v -> ZN ^ | NAND2_X1  | 0.077 |   3.205 |    3.166 | 
     | datapath/FE_RC_680_0              | A ^ -> ZN v  | INV_X2    | 0.033 |   3.239 |    3.199 | 
     | datapath/FE_RC_2147_0             | A3 v -> ZN ^ | NAND4_X4  | 0.076 |   3.315 |    3.275 | 
     | datapath/g32426                   | A1 ^ -> ZN v | NAND2_X1  | 0.055 |   3.369 |    3.330 | 
     | datapath/g32425                   | A v -> ZN ^  | OAI21_X2  | 0.080 |   3.449 |    3.410 | 
     | datapath/g22498                   | A2 ^ -> ZN v | NAND2_X4  | 0.072 |   3.522 |    3.482 | 
     | g1064                             | A1 v -> ZN ^ | NAND2_X4  | 0.073 |   3.595 |    3.555 | 
     | datapath/g43454                   | A1 ^ -> ZN v | NAND2_X4  | 0.051 |   3.646 |    3.606 | 
     | datapath/FE_OCPC425_n_301         | A v -> Z v   | BUF_X8    | 0.102 |   3.747 |    3.708 | 
     | datapath/g43203                   | B1 v -> ZN ^ | OAI22_X2  | 0.135 |   3.882 |    3.843 | 
     | datapath/IFID_instr_reg[1]        | D ^          | DFFR_X1   | 0.000 |   3.882 |    3.843 | 
     +-------------------------------------------------------------------------------------------+ 
Path 18: VIOLATED Setup Check with Pin datapath/IF_pc_reg[2]/CK 
Endpoint:   datapath/IF_pc_reg[2]/D             (v) checked with  leading edge 
of 'clk'
Beginpoint: datapath/registers_RF_reg[30][17]/Q (v) triggered by trailing edge 
of 'clk'
Path Groups: {reg2reg}
Analysis View: WC_VIEW
Other End Arrival Time          0.137
- Setup                         0.129
+ Phase Shift                   3.900
+ CPPR Adjustment               0.000
- Uncertainty                   0.100
= Required Time                 3.808
- Arrival Time                  3.846
= Slack Time                   -0.038
     Clock Fall Edge                 1.950
     + Clock Network Latency (Prop)  0.055
     = Beginpoint Arrival Time       2.005
     +------------------------------------------------------------------------------------------------------------+ 
     |                      Instance                      |     Arc      |   Cell    | Delay | Arrival | Required | 
     |                                                    |              |           |       |  Time   |   Time   | 
     |----------------------------------------------------+--------------+-----------+-------+---------+----------| 
     | datapath/registers_RF_reg[30][17]                  | CK ^         |           |       |   2.005 |    1.967 | 
     | datapath/registers_RF_reg[30][17]                  | CK ^ -> Q v  | SDFF_X1   | 0.279 |   2.284 |    2.246 | 
     | datapath/g4313                                     | A1 v -> ZN ^ | NAND2_X1  | 0.066 |   2.350 |    2.312 | 
     | datapath/FE_RC_1423_0                              | A2 ^ -> ZN v | NAND2_X1  | 0.051 |   2.400 |    2.363 | 
     | datapath/FE_RC_1421_0                              | A2 v -> ZN ^ | NOR2_X2   | 0.088 |   2.488 |    2.450 | 
     | datapath/g3506__2883                               | A2 ^ -> ZN ^ | AND2_X2   | 0.110 |   2.598 |    2.560 | 
     | datapath/g3406__1617                               | A3 ^ -> ZN v | NAND4_X4  | 0.103 |   2.700 |    2.663 | 
     | datapath/FE_RC_501_0                               | A v -> ZN ^  | INV_X4    | 0.051 |   2.751 |    2.714 | 
     | datapath/FE_RC_499_0                               | B1 ^ -> ZN v | AOI21_X2  | 0.041 |   2.793 |    2.755 | 
     | datapath/g32617                                    | B v -> ZN ^  | XNOR2_X2  | 0.116 |   2.909 |    2.871 | 
     | datapath/g32547                                    | A ^ -> ZN v  | OAI221_X1 | 0.118 |   3.027 |    2.990 | 
     | datapath/g32522                                    | A1 v -> ZN ^ | NOR2_X2   | 0.086 |   3.114 |    3.076 | 
     | datapath/FE_RC_679_0                               | A2 ^ -> ZN v | NAND2_X1  | 0.052 |   3.166 |    3.128 | 
     | datapath/FE_RC_680_0                               | A v -> ZN ^  | INV_X2    | 0.053 |   3.219 |    3.182 | 
     | datapath/FE_RC_2147_0                              | A3 ^ -> ZN v | NAND4_X4  | 0.092 |   3.311 |    3.274 | 
     | datapath/g32426                                    | A1 v -> ZN ^ | NAND2_X1  | 0.074 |   3.385 |    3.348 | 
     | datapath/g32425                                    | A ^ -> ZN v  | OAI21_X2  | 0.060 |   3.446 |    3.408 | 
     | datapath/g22498                                    | A2 v -> ZN ^ | NAND2_X4  | 0.074 |   3.520 |    3.482 | 
     | datapath/branch_or_inc_4/FE_OCPC266_IFID_takeBranc | A ^ -> ZN v  | INV_X4    | 0.046 |   3.565 |    3.528 | 
     | h                                                  |              |           |       |         |          | 
     | datapath/branch_or_inc_4/FE_OCPC269_IFID_takeBranc | A v -> ZN ^  | INV_X8    | 0.080 |   3.646 |    3.608 | 
     | h                                                  |              |           |       |         |          | 
     | datapath/branch_or_inc_4/FE_OCPC285_IFID_takeBranc | A ^ -> ZN v  | INV_X1    | 0.033 |   3.678 |    3.641 | 
     | h                                                  |              |           |       |         |          | 
     | datapath/branch_or_inc_4/g857__4319                | A1 v -> ZN ^ | NAND2_X1  | 0.046 |   3.724 |    3.687 | 
     | datapath/branch_or_inc_4/g826__2398                | A1 ^ -> ZN v | NAND2_X1  | 0.039 |   3.763 |    3.726 | 
     | datapath/g43378                                    | A1 v -> ZN ^ | NAND2_X1  | 0.045 |   3.808 |    3.770 | 
     | datapath/g43311                                    | A1 ^ -> ZN v | NAND2_X1  | 0.038 |   3.846 |    3.808 | 
     | datapath/IF_pc_reg[2]                              | D v          | DFFR_X1   | 0.000 |   3.846 |    3.808 | 
     +------------------------------------------------------------------------------------------------------------+ 
Path 19: VIOLATED Setup Check with Pin datapath/IFID_instr_reg[23]/CK 
Endpoint:   datapath/IFID_instr_reg[23]/D       (^) checked with  leading edge 
of 'clk'
Beginpoint: datapath/registers_RF_reg[17][19]/Q (v) triggered by trailing edge 
of 'clk'
Path Groups: {reg2reg}
Analysis View: WC_VIEW
Other End Arrival Time          0.180
- Setup                         0.107
+ Phase Shift                   3.900
+ CPPR Adjustment               0.000
- Uncertainty                   0.100
= Required Time                 3.873
- Arrival Time                  3.910
= Slack Time                   -0.037
     Clock Fall Edge                 1.950
     + Clock Network Latency (Prop)  0.054
     = Beginpoint Arrival Time       2.004
     +-------------------------------------------------------------------------------------------+ 
     |             Instance              |     Arc      |   Cell    | Delay | Arrival | Required | 
     |                                   |              |           |       |  Time   |   Time   | 
     |-----------------------------------+--------------+-----------+-------+---------+----------| 
     | datapath/registers_RF_reg[17][19] | CK ^         |           |       |   2.004 |    1.966 | 
     | datapath/registers_RF_reg[17][19] | CK ^ -> Q v  | SDFF_X1   | 0.297 |   2.301 |    2.263 | 
     | datapath/g4106                    | A1 v -> ZN ^ | NAND2_X2  | 0.067 |   2.367 |    2.330 | 
     | datapath/FE_RC_797_0              | A2 ^ -> ZN v | NAND2_X2  | 0.054 |   2.422 |    2.385 | 
     | datapath/FE_RC_795_0              | A2 v -> ZN ^ | NOR2_X4   | 0.092 |   2.514 |    2.477 | 
     | datapath/g3480__1666              | A1 ^ -> ZN ^ | AND2_X4   | 0.099 |   2.613 |    2.576 | 
     | datapath/FE_RC_2225_0             | A4 ^ -> ZN v | NAND4_X4  | 0.088 |   2.701 |    2.663 | 
     | datapath/g33530                   | A v -> ZN ^  | INV_X4    | 0.059 |   2.759 |    2.722 | 
     | datapath/g32738                   | B1 ^ -> ZN v | AOI21_X2  | 0.046 |   2.805 |    2.768 | 
     | datapath/FE_OCPC513_n_1227        | A v -> Z v   | BUF_X1    | 0.102 |   2.907 |    2.869 | 
     | datapath/g32547                   | C1 v -> ZN ^ | OAI221_X1 | 0.185 |   3.092 |    3.054 | 
     | datapath/g32522                   | A1 ^ -> ZN v | NOR2_X2   | 0.036 |   3.128 |    3.091 | 
     | datapath/FE_RC_679_0              | A2 v -> ZN ^ | NAND2_X1  | 0.077 |   3.205 |    3.168 | 
     | datapath/FE_RC_680_0              | A ^ -> ZN v  | INV_X2    | 0.033 |   3.239 |    3.202 | 
     | datapath/FE_RC_2147_0             | A3 v -> ZN ^ | NAND4_X4  | 0.076 |   3.315 |    3.277 | 
     | datapath/g32426                   | A1 ^ -> ZN v | NAND2_X1  | 0.055 |   3.369 |    3.332 | 
     | datapath/g32425                   | A v -> ZN ^  | OAI21_X2  | 0.080 |   3.449 |    3.412 | 
     | datapath/g22498                   | A2 ^ -> ZN v | NAND2_X4  | 0.072 |   3.522 |    3.484 | 
     | g1064                             | A1 v -> ZN ^ | NAND2_X4  | 0.073 |   3.595 |    3.558 | 
     | datapath/g43454                   | A1 ^ -> ZN v | NAND2_X4  | 0.051 |   3.646 |    3.608 | 
     | datapath/FE_OCPC425_n_301         | A v -> Z v   | BUF_X8    | 0.102 |   3.747 |    3.710 | 
     | datapath/g43190                   | B1 v -> ZN ^ | OAI22_X1  | 0.163 |   3.910 |    3.873 | 
     | datapath/IFID_instr_reg[23]       | D ^          | DFFR_X1   | 0.000 |   3.910 |    3.873 | 
     +-------------------------------------------------------------------------------------------+ 
Path 20: VIOLATED Setup Check with Pin datapath/IFID_instr_reg[19]/CK 
Endpoint:   datapath/IFID_instr_reg[19]/D       (^) checked with  leading edge 
of 'clk'
Beginpoint: datapath/registers_RF_reg[17][19]/Q (v) triggered by trailing edge 
of 'clk'
Path Groups: {reg2reg}
Analysis View: WC_VIEW
Other End Arrival Time          0.180
- Setup                         0.106
+ Phase Shift                   3.900
+ CPPR Adjustment               0.000
- Uncertainty                   0.100
= Required Time                 3.874
- Arrival Time                  3.909
= Slack Time                   -0.034
     Clock Fall Edge                 1.950
     + Clock Network Latency (Prop)  0.054
     = Beginpoint Arrival Time       2.004
     +-------------------------------------------------------------------------------------------+ 
     |             Instance              |     Arc      |   Cell    | Delay | Arrival | Required | 
     |                                   |              |           |       |  Time   |   Time   | 
     |-----------------------------------+--------------+-----------+-------+---------+----------| 
     | datapath/registers_RF_reg[17][19] | CK ^         |           |       |   2.004 |    1.969 | 
     | datapath/registers_RF_reg[17][19] | CK ^ -> Q v  | SDFF_X1   | 0.297 |   2.301 |    2.266 | 
     | datapath/g4106                    | A1 v -> ZN ^ | NAND2_X2  | 0.067 |   2.367 |    2.333 | 
     | datapath/FE_RC_797_0              | A2 ^ -> ZN v | NAND2_X2  | 0.054 |   2.422 |    2.387 | 
     | datapath/FE_RC_795_0              | A2 v -> ZN ^ | NOR2_X4   | 0.092 |   2.514 |    2.479 | 
     | datapath/g3480__1666              | A1 ^ -> ZN ^ | AND2_X4   | 0.099 |   2.613 |    2.579 | 
     | datapath/FE_RC_2225_0             | A4 ^ -> ZN v | NAND4_X4  | 0.088 |   2.701 |    2.666 | 
     | datapath/g33530                   | A v -> ZN ^  | INV_X4    | 0.059 |   2.759 |    2.725 | 
     | datapath/g32738                   | B1 ^ -> ZN v | AOI21_X2  | 0.046 |   2.805 |    2.771 | 
     | datapath/FE_OCPC513_n_1227        | A v -> Z v   | BUF_X1    | 0.102 |   2.907 |    2.872 | 
     | datapath/g32547                   | C1 v -> ZN ^ | OAI221_X1 | 0.185 |   3.092 |    3.057 | 
     | datapath/g32522                   | A1 ^ -> ZN v | NOR2_X2   | 0.036 |   3.128 |    3.094 | 
     | datapath/FE_RC_679_0              | A2 v -> ZN ^ | NAND2_X1  | 0.077 |   3.205 |    3.171 | 
     | datapath/FE_RC_680_0              | A ^ -> ZN v  | INV_X2    | 0.033 |   3.239 |    3.204 | 
     | datapath/FE_RC_2147_0             | A3 v -> ZN ^ | NAND4_X4  | 0.076 |   3.315 |    3.280 | 
     | datapath/g32426                   | A1 ^ -> ZN v | NAND2_X1  | 0.055 |   3.369 |    3.335 | 
     | datapath/g32425                   | A v -> ZN ^  | OAI21_X2  | 0.080 |   3.449 |    3.415 | 
     | datapath/g22498                   | A2 ^ -> ZN v | NAND2_X4  | 0.072 |   3.522 |    3.487 | 
     | g1064                             | A1 v -> ZN ^ | NAND2_X4  | 0.073 |   3.595 |    3.560 | 
     | datapath/g43454                   | A1 ^ -> ZN v | NAND2_X4  | 0.051 |   3.646 |    3.611 | 
     | datapath/FE_OCPC425_n_301         | A v -> Z v   | BUF_X8    | 0.102 |   3.747 |    3.713 | 
     | datapath/g43194                   | B1 v -> ZN ^ | OAI22_X1  | 0.161 |   3.909 |    3.874 | 
     | datapath/IFID_instr_reg[19]       | D ^          | DFFR_X1   | 0.000 |   3.909 |    3.874 | 
     +-------------------------------------------------------------------------------------------+ 
Path 21: VIOLATED Setup Check with Pin datapath/EXMEM_aluResult_reg[31]/CK 
Endpoint:   datapath/EXMEM_aluResult_reg[31]/D (v) checked with  leading edge 
of 'clk'
Beginpoint: datapath/EXMEM_aluResult_reg[0]/Q  (^) triggered by  leading edge 
of 'clk'
Path Groups: {reg2reg}
Analysis View: WC_VIEW
Other End Arrival Time          0.213
- Setup                         0.138
+ Phase Shift                   3.900
+ CPPR Adjustment               0.000
- Uncertainty                   0.100
= Required Time                 3.876
- Arrival Time                  3.910
= Slack Time                   -0.034
     Clock Rise Edge                 0.000
     + Clock Network Latency (Prop)  0.285
     = Beginpoint Arrival Time       0.285
     +------------------------------------------------------------------------------------------------------------+ 
     |                      Instance                      |     Arc      |   Cell    | Delay | Arrival | Required | 
     |                                                    |              |           |       |  Time   |   Time   | 
     |----------------------------------------------------+--------------+-----------+-------+---------+----------| 
     | datapath/EXMEM_aluResult_reg[0]                    | CK ^         |           |       |   0.285 |    0.251 | 
     | datapath/EXMEM_aluResult_reg[0]                    | CK ^ -> Q ^  | DFFR_X1   | 0.400 |   0.685 |    0.651 | 
     | datapath/g33507                                    | A1 ^ -> ZN v | NAND2_X2  | 0.057 |   0.742 |    0.708 | 
     | datapath/g32672                                    | A1 v -> ZN ^ | NAND2_X4  | 0.055 |   0.797 |    0.764 | 
     | datapath/g32576                                    | A1 ^ -> ZN v | NAND2_X2  | 0.051 |   0.848 |    0.814 | 
     | datapath/FE_RC_153_0                               | A1 v -> ZN ^ | NAND3_X4  | 0.057 |   0.905 |    0.871 | 
     | datapath/FE_RC_318_0                               | A2 ^ -> ZN v | NAND3_X4  | 0.063 |   0.968 |    0.934 | 
     | datapath/ALU_ALU_GEN[0].slice_i_bitAdder/FE_RC_190 | B1 v -> ZN ^ | OAI21_X2  | 0.128 |   1.095 |    1.061 | 
     | _0                                                 |              |           |       |         |          | 
     | datapath/ALU_ALU_GEN[0].slice_i_bitAdder/FE_RC_189 | A1 ^ -> ZN v | NAND2_X4  | 0.055 |   1.150 |    1.116 | 
     | _0                                                 |              |           |       |         |          | 
     | datapath/ALU_ALU_GEN[1].slice_i_bitAdder/g184__552 | A1 v -> ZN ^ | NAND2_X4  | 0.050 |   1.200 |    1.167 | 
     | 6                                                  |              |           |       |         |          | 
     | datapath/ALU_ALU_GEN[1].slice_i_bitAdder/g182__431 | A1 ^ -> ZN v | NAND2_X4  | 0.036 |   1.237 |    1.203 | 
     | 9                                                  |              |           |       |         |          | 
     | datapath/ALU_ALU_GEN[2].slice_i_bitAdder/FE_RC_299 | A1 v -> ZN ^ | NAND2_X4  | 0.042 |   1.279 |    1.245 | 
     | _0                                                 |              |           |       |         |          | 
     | datapath/ALU_ALU_GEN[2].slice_i_bitAdder/g153__824 | A1 ^ -> ZN v | NAND2_X4  | 0.040 |   1.319 |    1.285 | 
     | 6                                                  |              |           |       |         |          | 
     | datapath/ALU_ALU_GEN[3].slice_i_bitAdder/FE_RC_174 | A1 v -> ZN ^ | NAND2_X4  | 0.045 |   1.364 |    1.330 | 
     | _0                                                 |              |           |       |         |          | 
     | datapath/ALU_ALU_GEN[3].slice_i_bitAdder/g156__994 | A1 ^ -> ZN v | NAND2_X4  | 0.036 |   1.401 |    1.367 | 
     | 5                                                  |              |           |       |         |          | 
     | datapath/ALU_ALU_GEN[4].slice_i_bitAdder/FE_RC_141 | A1 v -> ZN ^ | NAND2_X4  | 0.042 |   1.443 |    1.409 | 
     | _0                                                 |              |           |       |         |          | 
     | datapath/ALU_ALU_GEN[4].slice_i_bitAdder/g153__510 | A1 ^ -> ZN v | NAND2_X4  | 0.038 |   1.481 |    1.447 | 
     | 7                                                  |              |           |       |         |          | 
     | datapath/ALU_ALU_GEN[5].slice_i_bitAdder/g155__824 | A1 v -> ZN ^ | NAND2_X4  | 0.044 |   1.525 |    1.492 | 
     | 6                                                  |              |           |       |         |          | 
     | datapath/ALU_ALU_GEN[5].slice_i_bitAdder/g153__170 | A1 ^ -> ZN v | NAND2_X4  | 0.036 |   1.561 |    1.527 | 
     | 5                                                  |              |           |       |         |          | 
     | datapath/ALU_ALU_GEN[6].slice_i_bitAdder/g155__994 | A1 v -> ZN ^ | NAND2_X4  | 0.043 |   1.604 |    1.570 | 
     | 5                                                  |              |           |       |         |          | 
     | datapath/ALU_ALU_GEN[6].slice_i_bitAdder/g153__616 | A1 ^ -> ZN v | NAND2_X4  | 0.036 |   1.640 |    1.606 | 
     | 1                                                  |              |           |       |         |          | 
     | datapath/ALU_ALU_GEN[7].slice_i_bitAdder/g155__626 | A1 v -> ZN ^ | NAND2_X4  | 0.044 |   1.684 |    1.650 | 
     | 0                                                  |              |           |       |         |          | 
     | datapath/ALU_ALU_GEN[7].slice_i_bitAdder/g153__239 | A1 ^ -> ZN v | NAND2_X4  | 0.038 |   1.721 |    1.688 | 
     | 8                                                  |              |           |       |         |          | 
     | datapath/ALU_ALU_GEN[8].slice_i_bitAdder/FE_RC_301 | A1 v -> ZN ^ | NAND2_X4  | 0.043 |   1.764 |    1.730 | 
     | _0                                                 |              |           |       |         |          | 
     | datapath/ALU_ALU_GEN[8].slice_i_bitAdder/FE_RC_300 | A1 ^ -> ZN v | NAND2_X4  | 0.039 |   1.803 |    1.769 | 
     | _0                                                 |              |           |       |         |          | 
     | datapath/ALU_ALU_GEN[9].slice_i_bitAdder/g158__473 | A1 v -> ZN ^ | NAND2_X4  | 0.043 |   1.846 |    1.812 | 
     | 3                                                  |              |           |       |         |          | 
     | datapath/ALU_ALU_GEN[9].slice_i_bitAdder/g156__511 | A1 ^ -> ZN v | NAND2_X4  | 0.038 |   1.884 |    1.850 | 
     | 5                                                  |              |           |       |         |          | 
     | datapath/ALU_ALU_GEN[10].slice_i_bitAdder/g155__64 | A1 v -> ZN ^ | NAND2_X4  | 0.044 |   1.928 |    1.894 | 
     | 17                                                 |              |           |       |         |          | 
     | datapath/ALU_ALU_GEN[10].slice_i_bitAdder/g153__16 | A1 ^ -> ZN v | NAND2_X4  | 0.036 |   1.963 |    1.929 | 
     | 66                                                 |              |           |       |         |          | 
     | datapath/ALU_ALU_GEN[11].slice_i_bitAdder/g158__67 | A1 v -> ZN ^ | NAND2_X4  | 0.044 |   2.007 |    1.973 | 
     | 83                                                 |              |           |       |         |          | 
     | datapath/ALU_ALU_GEN[11].slice_i_bitAdder/g156__84 | A1 ^ -> ZN v | NAND2_X4  | 0.043 |   2.050 |    2.016 | 
     | 28                                                 |              |           |       |         |          | 
     | datapath/ALU_ALU_GEN[12].slice_i_bitAdder/FE_RC_30 | A1 v -> ZN ^ | NAND2_X4  | 0.046 |   2.096 |    2.062 | 
     | 7_0                                                |              |           |       |         |          | 
     | datapath/ALU_ALU_GEN[12].slice_i_bitAdder/FE_RC_30 | A1 ^ -> ZN v | NAND2_X4  | 0.036 |   2.132 |    2.098 | 
     | 6_0                                                |              |           |       |         |          | 
     | datapath/ALU_ALU_GEN[13].slice_i_bitAdder/g158__28 | A1 v -> ZN ^ | NAND2_X4  | 0.043 |   2.175 |    2.141 | 
     | 83                                                 |              |           |       |         |          | 
     | datapath/ALU_ALU_GEN[13].slice_i_bitAdder/g156__93 | A1 ^ -> ZN v | NAND2_X4  | 0.036 |   2.210 |    2.177 | 
     | 15                                                 |              |           |       |         |          | 
     | datapath/ALU_ALU_GEN[14].slice_i_bitAdder/g158__62 | A1 v -> ZN ^ | NAND2_X4  | 0.043 |   2.254 |    2.220 | 
     | 60                                                 |              |           |       |         |          | 
     | datapath/ALU_ALU_GEN[14].slice_i_bitAdder/g156__23 | A1 ^ -> ZN v | NAND2_X4  | 0.044 |   2.297 |    2.263 | 
     | 98                                                 |              |           |       |         |          | 
     | datapath/ALU_ALU_GEN[15].slice_i_bitAdder/g158__17 | A1 v -> ZN ^ | NAND2_X4  | 0.047 |   2.345 |    2.311 | 
     | 05                                                 |              |           |       |         |          | 
     | datapath/ALU_ALU_GEN[15].slice_i_bitAdder/g156__16 | A1 ^ -> ZN v | NAND2_X4  | 0.037 |   2.381 |    2.347 | 
     | 17                                                 |              |           |       |         |          | 
     | datapath/ALU_ALU_GEN[16].slice_i_bitAdder/g158__47 | A1 v -> ZN ^ | NAND2_X4  | 0.043 |   2.424 |    2.390 | 
     | 33                                                 |              |           |       |         |          | 
     | datapath/ALU_ALU_GEN[16].slice_i_bitAdder/g156__51 | A1 ^ -> ZN v | NAND2_X4  | 0.036 |   2.461 |    2.427 | 
     | 15                                                 |              |           |       |         |          | 
     | datapath/ALU_ALU_GEN[17].slice_i_bitAdder/g158__64 | A1 v -> ZN ^ | NAND2_X4  | 0.045 |   2.506 |    2.472 | 
     | 17                                                 |              |           |       |         |          | 
     | datapath/ALU_ALU_GEN[17].slice_i_bitAdder/g156__16 | A1 ^ -> ZN v | NAND2_X4  | 0.040 |   2.546 |    2.513 | 
     | 66                                                 |              |           |       |         |          | 
     | datapath/ALU_ALU_GEN[18].slice_i_bitAdder/g158__67 | A1 v -> ZN ^ | NAND2_X4  | 0.045 |   2.592 |    2.558 | 
     | 83                                                 |              |           |       |         |          | 
     | datapath/ALU_ALU_GEN[18].slice_i_bitAdder/g156__84 | A1 ^ -> ZN v | NAND2_X4  | 0.036 |   2.628 |    2.594 | 
     | 28                                                 |              |           |       |         |          | 
     | datapath/ALU_ALU_GEN[19].slice_i_bitAdder/g158__61 | A1 v -> ZN ^ | NAND2_X4  | 0.044 |   2.672 |    2.638 | 
     | 31                                                 |              |           |       |         |          | 
     | datapath/ALU_ALU_GEN[19].slice_i_bitAdder/g156__82 | A1 ^ -> ZN v | NAND2_X4  | 0.036 |   2.708 |    2.674 | 
     | 46                                                 |              |           |       |         |          | 
     | datapath/ALU_ALU_GEN[20].slice_i_bitAdder/g158__99 | A1 v -> ZN ^ | NAND2_X4  | 0.045 |   2.753 |    2.719 | 
     | 45                                                 |              |           |       |         |          | 
     | datapath/ALU_ALU_GEN[20].slice_i_bitAdder/g156__93 | A1 ^ -> ZN v | NAND2_X4  | 0.042 |   2.795 |    2.761 | 
     | 15                                                 |              |           |       |         |          | 
     | datapath/ALU_ALU_GEN[21].slice_i_bitAdder/g158__62 | A1 v -> ZN ^ | NAND2_X4  | 0.045 |   2.840 |    2.806 | 
     | 60                                                 |              |           |       |         |          | 
     | datapath/ALU_ALU_GEN[21].slice_i_bitAdder/g156__51 | A1 ^ -> ZN v | NAND2_X4  | 0.036 |   2.876 |    2.842 | 
     | 07                                                 |              |           |       |         |          | 
     | datapath/ALU_ALU_GEN[22].slice_i_bitAdder/g155__51 | A1 v -> ZN ^ | NAND2_X4  | 0.043 |   2.919 |    2.885 | 
     | 22                                                 |              |           |       |         |          | 
     | datapath/ALU_ALU_GEN[22].slice_i_bitAdder/g153__17 | A1 ^ -> ZN v | NAND2_X4  | 0.036 |   2.955 |    2.921 | 
     | 05                                                 |              |           |       |         |          | 
     | datapath/ALU_ALU_GEN[23].slice_i_bitAdder/g158__93 | A1 v -> ZN ^ | NAND2_X4  | 0.043 |   2.998 |    2.964 | 
     | 15                                                 |              |           |       |         |          | 
     | datapath/ALU_ALU_GEN[23].slice_i_bitAdder/g156__61 | A1 ^ -> ZN v | NAND2_X4  | 0.044 |   3.042 |    3.008 | 
     | 61                                                 |              |           |       |         |          | 
     | datapath/ALU_ALU_GEN[24].slice_i_bitAdder/g158__51 | A1 v -> ZN ^ | NAND2_X4  | 0.047 |   3.090 |    3.056 | 
     | 07                                                 |              |           |       |         |          | 
     | datapath/ALU_ALU_GEN[24].slice_i_bitAdder/g156__23 | A1 ^ -> ZN v | NAND2_X4  | 0.036 |   3.125 |    3.092 | 
     | 98                                                 |              |           |       |         |          | 
     | datapath/ALU_ALU_GEN[25].slice_i_bitAdder/g158__51 | A1 v -> ZN ^ | NAND2_X4  | 0.043 |   3.168 |    3.134 | 
     | 22                                                 |              |           |       |         |          | 
     | datapath/ALU_ALU_GEN[25].slice_i_bitAdder/g156__28 | A1 ^ -> ZN v | NAND2_X4  | 0.036 |   3.204 |    3.170 | 
     | 02                                                 |              |           |       |         |          | 
     | datapath/ALU_ALU_GEN[26].slice_i_bitAdder/g155__61 | A1 v -> ZN ^ | NAND2_X4  | 0.043 |   3.247 |    3.213 | 
     | 61                                                 |              |           |       |         |          | 
     | datapath/ALU_ALU_GEN[26].slice_i_bitAdder/g153__47 | A1 ^ -> ZN v | NAND2_X4  | 0.039 |   3.286 |    3.252 | 
     | 33                                                 |              |           |       |         |          | 
     | datapath/ALU_ALU_GEN[27].slice_i_bitAdder/g158__23 | A1 v -> ZN ^ | NAND2_X4  | 0.044 |   3.329 |    3.296 | 
     | 98                                                 |              |           |       |         |          | 
     | datapath/ALU_ALU_GEN[27].slice_i_bitAdder/g156__64 | A1 ^ -> ZN v | NAND2_X4  | 0.036 |   3.365 |    3.331 | 
     | 17                                                 |              |           |       |         |          | 
     | datapath/ALU_ALU_GEN[28].slice_i_bitAdder/g158__17 | A1 v -> ZN ^ | NAND2_X4  | 0.043 |   3.408 |    3.374 | 
     | 05                                                 |              |           |       |         |          | 
     | datapath/ALU_ALU_GEN[28].slice_i_bitAdder/g156__16 | A1 ^ -> ZN v | NAND2_X4  | 0.036 |   3.444 |    3.410 | 
     | 17                                                 |              |           |       |         |          | 
     | datapath/ALU_ALU_GEN[29].slice_i_bitAdder/g158__93 | A1 v -> ZN ^ | NAND2_X4  | 0.044 |   3.488 |    3.454 | 
     | 15                                                 |              |           |       |         |          | 
     | datapath/ALU_ALU_GEN[29].slice_i_bitAdder/g156__47 | A1 ^ -> ZN v | NAND2_X4  | 0.039 |   3.527 |    3.493 | 
     | 33                                                 |              |           |       |         |          | 
     | datapath/ALU_ALU_GEN[30].slice_i_bitAdder/g158__62 | A1 v -> ZN ^ | NAND2_X4  | 0.044 |   3.571 |    3.537 | 
     | 60                                                 |              |           |       |         |          | 
     | datapath/ALU_ALU_GEN[30].slice_i_bitAdder/g156__23 | A1 ^ -> ZN v | NAND2_X4  | 0.045 |   3.616 |    3.582 | 
     | 98                                                 |              |           |       |         |          | 
     | datapath/ALU_msb_bitAdder/g118__5122               | A v -> ZN v  | XNOR2_X2  | 0.114 |   3.730 |    3.696 | 
     | datapath/FE_OCPC321_ALU_msb_aADDb                  | A v -> Z v   | CLKBUF_X1 | 0.095 |   3.825 |    3.792 | 
     | datapath/ALU_msb_resultMux/FE_RC_2820_0            | A1 v -> ZN ^ | NAND2_X1  | 0.047 |   3.872 |    3.838 | 
     | datapath/ALU_msb_resultMux/FE_RC_2819_0            | A1 ^ -> ZN v | NAND2_X1  | 0.037 |   3.909 |    3.876 | 
     | datapath/EXMEM_aluResult_reg[31]                   | D v          | DFFR_X1   | 0.000 |   3.910 |    3.876 | 
     +------------------------------------------------------------------------------------------------------------+ 
Path 22: VIOLATED Setup Check with Pin datapath/IF_pc_reg[3]/CK 
Endpoint:   datapath/IF_pc_reg[3]/D             (v) checked with  leading edge 
of 'clk'
Beginpoint: datapath/registers_RF_reg[30][17]/Q (v) triggered by trailing edge 
of 'clk'
Path Groups: {reg2reg}
Analysis View: WC_VIEW
Other End Arrival Time          0.137
- Setup                         0.129
+ Phase Shift                   3.900
+ CPPR Adjustment               0.000
- Uncertainty                   0.100
= Required Time                 3.808
- Arrival Time                  3.842
= Slack Time                   -0.034
     Clock Fall Edge                 1.950
     + Clock Network Latency (Prop)  0.055
     = Beginpoint Arrival Time       2.005
     +------------------------------------------------------------------------------------------------------------+ 
     |                      Instance                      |     Arc      |   Cell    | Delay | Arrival | Required | 
     |                                                    |              |           |       |  Time   |   Time   | 
     |----------------------------------------------------+--------------+-----------+-------+---------+----------| 
     | datapath/registers_RF_reg[30][17]                  | CK ^         |           |       |   2.005 |    1.971 | 
     | datapath/registers_RF_reg[30][17]                  | CK ^ -> Q v  | SDFF_X1   | 0.279 |   2.284 |    2.250 | 
     | datapath/g4313                                     | A1 v -> ZN ^ | NAND2_X1  | 0.066 |   2.350 |    2.316 | 
     | datapath/FE_RC_1423_0                              | A2 ^ -> ZN v | NAND2_X1  | 0.051 |   2.400 |    2.366 | 
     | datapath/FE_RC_1421_0                              | A2 v -> ZN ^ | NOR2_X2   | 0.088 |   2.488 |    2.454 | 
     | datapath/g3506__2883                               | A2 ^ -> ZN ^ | AND2_X2   | 0.110 |   2.598 |    2.564 | 
     | datapath/g3406__1617                               | A3 ^ -> ZN v | NAND4_X4  | 0.103 |   2.700 |    2.667 | 
     | datapath/FE_RC_501_0                               | A v -> ZN ^  | INV_X4    | 0.051 |   2.751 |    2.718 | 
     | datapath/FE_RC_499_0                               | B1 ^ -> ZN v | AOI21_X2  | 0.041 |   2.793 |    2.759 | 
     | datapath/g32617                                    | B v -> ZN ^  | XNOR2_X2  | 0.116 |   2.909 |    2.875 | 
     | datapath/g32547                                    | A ^ -> ZN v  | OAI221_X1 | 0.118 |   3.027 |    2.994 | 
     | datapath/g32522                                    | A1 v -> ZN ^ | NOR2_X2   | 0.086 |   3.114 |    3.080 | 
     | datapath/FE_RC_679_0                               | A2 ^ -> ZN v | NAND2_X1  | 0.052 |   3.166 |    3.132 | 
     | datapath/FE_RC_680_0                               | A v -> ZN ^  | INV_X2    | 0.053 |   3.219 |    3.186 | 
     | datapath/FE_RC_2147_0                              | A3 ^ -> ZN v | NAND4_X4  | 0.092 |   3.311 |    3.277 | 
     | datapath/g32426                                    | A1 v -> ZN ^ | NAND2_X1  | 0.074 |   3.385 |    3.351 | 
     | datapath/g32425                                    | A ^ -> ZN v  | OAI21_X2  | 0.060 |   3.446 |    3.412 | 
     | datapath/g22498                                    | A2 v -> ZN ^ | NAND2_X4  | 0.074 |   3.520 |    3.486 | 
     | datapath/branch_or_inc_4/FE_OCPC266_IFID_takeBranc | A ^ -> ZN v  | INV_X4    | 0.046 |   3.565 |    3.532 | 
     | h                                                  |              |           |       |         |          | 
     | datapath/branch_or_inc_4/FE_OCPC269_IFID_takeBranc | A v -> ZN ^  | INV_X8    | 0.080 |   3.646 |    3.612 | 
     | h                                                  |              |           |       |         |          | 
     | datapath/branch_or_inc_4/FE_OCPC282_IFID_takeBranc | A ^ -> ZN v  | INV_X1    | 0.040 |   3.685 |    3.651 | 
     | h                                                  |              |           |       |         |          | 
     | datapath/branch_or_inc_4/g855__5107                | A1 v -> ZN ^ | NAND2_X2  | 0.039 |   3.724 |    3.690 | 
     | datapath/branch_or_inc_4/g823__7410                | A1 ^ -> ZN v | NAND2_X1  | 0.034 |   3.758 |    3.724 | 
     | datapath/g43405                                    | A1 v -> ZN ^ | NAND2_X1  | 0.046 |   3.803 |    3.770 | 
     | datapath/g43312                                    | A1 ^ -> ZN v | NAND2_X1  | 0.038 |   3.842 |    3.808 | 
     | datapath/IF_pc_reg[3]                              | D v          | DFFR_X1   | 0.000 |   3.842 |    3.808 | 
     +------------------------------------------------------------------------------------------------------------+ 
Path 23: VIOLATED Setup Check with Pin datapath/IFID_instr_reg[15]/CK 
Endpoint:   datapath/IFID_instr_reg[15]/D       (^) checked with  leading edge 
of 'clk'
Beginpoint: datapath/registers_RF_reg[17][19]/Q (v) triggered by trailing edge 
of 'clk'
Path Groups: {reg2reg}
Analysis View: WC_VIEW
Other End Arrival Time          0.180
- Setup                         0.105
+ Phase Shift                   3.900
+ CPPR Adjustment               0.000
- Uncertainty                   0.100
= Required Time                 3.874
- Arrival Time                  3.902
= Slack Time                   -0.028
     Clock Fall Edge                 1.950
     + Clock Network Latency (Prop)  0.054
     = Beginpoint Arrival Time       2.004
     +-------------------------------------------------------------------------------------------+ 
     |             Instance              |     Arc      |   Cell    | Delay | Arrival | Required | 
     |                                   |              |           |       |  Time   |   Time   | 
     |-----------------------------------+--------------+-----------+-------+---------+----------| 
     | datapath/registers_RF_reg[17][19] | CK ^         |           |       |   2.004 |    1.975 | 
     | datapath/registers_RF_reg[17][19] | CK ^ -> Q v  | SDFF_X1   | 0.297 |   2.301 |    2.273 | 
     | datapath/g4106                    | A1 v -> ZN ^ | NAND2_X2  | 0.067 |   2.367 |    2.339 | 
     | datapath/FE_RC_797_0              | A2 ^ -> ZN v | NAND2_X2  | 0.054 |   2.422 |    2.394 | 
     | datapath/FE_RC_795_0              | A2 v -> ZN ^ | NOR2_X4   | 0.092 |   2.514 |    2.486 | 
     | datapath/g3480__1666              | A1 ^ -> ZN ^ | AND2_X4   | 0.099 |   2.613 |    2.585 | 
     | datapath/FE_RC_2225_0             | A4 ^ -> ZN v | NAND4_X4  | 0.088 |   2.701 |    2.672 | 
     | datapath/g33530                   | A v -> ZN ^  | INV_X4    | 0.059 |   2.759 |    2.731 | 
     | datapath/g32738                   | B1 ^ -> ZN v | AOI21_X2  | 0.046 |   2.805 |    2.777 | 
     | datapath/FE_OCPC513_n_1227        | A v -> Z v   | BUF_X1    | 0.102 |   2.907 |    2.879 | 
     | datapath/g32547                   | C1 v -> ZN ^ | OAI221_X1 | 0.185 |   3.092 |    3.063 | 
     | datapath/g32522                   | A1 ^ -> ZN v | NOR2_X2   | 0.036 |   3.128 |    3.100 | 
     | datapath/FE_RC_679_0              | A2 v -> ZN ^ | NAND2_X1  | 0.077 |   3.205 |    3.177 | 
     | datapath/FE_RC_680_0              | A ^ -> ZN v  | INV_X2    | 0.033 |   3.239 |    3.211 | 
     | datapath/FE_RC_2147_0             | A3 v -> ZN ^ | NAND4_X4  | 0.076 |   3.315 |    3.286 | 
     | datapath/g32426                   | A1 ^ -> ZN v | NAND2_X1  | 0.055 |   3.369 |    3.341 | 
     | datapath/g32425                   | A v -> ZN ^  | OAI21_X2  | 0.080 |   3.449 |    3.421 | 
     | datapath/g22498                   | A2 ^ -> ZN v | NAND2_X4  | 0.072 |   3.522 |    3.493 | 
     | g1064                             | A1 v -> ZN ^ | NAND2_X4  | 0.073 |   3.595 |    3.567 | 
     | datapath/g43454                   | A1 ^ -> ZN v | NAND2_X4  | 0.051 |   3.646 |    3.618 | 
     | datapath/FE_OCPC425_n_301         | A v -> Z v   | BUF_X8    | 0.102 |   3.747 |    3.719 | 
     | datapath/g43208                   | B1 v -> ZN ^ | OAI22_X1  | 0.155 |   3.902 |    3.874 | 
     | datapath/IFID_instr_reg[15]       | D ^          | DFFR_X1   | 0.000 |   3.902 |    3.874 | 
     +-------------------------------------------------------------------------------------------+ 
Path 24: VIOLATED Setup Check with Pin datapath/IFID_instr_reg[21]/CK 
Endpoint:   datapath/IFID_instr_reg[21]/D       (v) checked with  leading edge 
of 'clk'
Beginpoint: datapath/registers_RF_reg[30][17]/Q (v) triggered by trailing edge 
of 'clk'
Path Groups: {reg2reg}
Analysis View: WC_VIEW
Other End Arrival Time          0.142
- Setup                         0.142
+ Phase Shift                   3.900
+ CPPR Adjustment               0.000
- Uncertainty                   0.100
= Required Time                 3.800
- Arrival Time                  3.827
= Slack Time                   -0.027
     Clock Fall Edge                 1.950
     + Clock Network Latency (Prop)  0.055
     = Beginpoint Arrival Time       2.005
     +-------------------------------------------------------------------------------------------+ 
     |             Instance              |     Arc      |   Cell    | Delay | Arrival | Required | 
     |                                   |              |           |       |  Time   |   Time   | 
     |-----------------------------------+--------------+-----------+-------+---------+----------| 
     | datapath/registers_RF_reg[30][17] | CK ^         |           |       |   2.005 |    1.978 | 
     | datapath/registers_RF_reg[30][17] | CK ^ -> Q v  | SDFF_X1   | 0.279 |   2.284 |    2.257 | 
     | datapath/g4313                    | A1 v -> ZN ^ | NAND2_X1  | 0.066 |   2.350 |    2.323 | 
     | datapath/FE_RC_1423_0             | A2 ^ -> ZN v | NAND2_X1  | 0.051 |   2.400 |    2.373 | 
     | datapath/FE_RC_1421_0             | A2 v -> ZN ^ | NOR2_X2   | 0.088 |   2.488 |    2.461 | 
     | datapath/g3506__2883              | A2 ^ -> ZN ^ | AND2_X2   | 0.110 |   2.598 |    2.571 | 
     | datapath/g3406__1617              | A3 ^ -> ZN v | NAND4_X4  | 0.103 |   2.700 |    2.673 | 
     | datapath/FE_RC_501_0              | A v -> ZN ^  | INV_X4    | 0.051 |   2.751 |    2.724 | 
     | datapath/FE_RC_499_0              | B1 ^ -> ZN v | AOI21_X2  | 0.041 |   2.793 |    2.766 | 
     | datapath/g32617                   | B v -> ZN ^  | XNOR2_X2  | 0.116 |   2.909 |    2.882 | 
     | datapath/g32547                   | A ^ -> ZN v  | OAI221_X1 | 0.118 |   3.027 |    3.000 | 
     | datapath/g32522                   | A1 v -> ZN ^ | NOR2_X2   | 0.086 |   3.114 |    3.087 | 
     | datapath/FE_RC_679_0              | A2 ^ -> ZN v | NAND2_X1  | 0.052 |   3.166 |    3.139 | 
     | datapath/FE_RC_680_0              | A v -> ZN ^  | INV_X2    | 0.053 |   3.219 |    3.192 | 
     | datapath/FE_RC_2147_0             | A3 ^ -> ZN v | NAND4_X4  | 0.092 |   3.311 |    3.284 | 
     | datapath/g32426                   | A1 v -> ZN ^ | NAND2_X1  | 0.074 |   3.385 |    3.358 | 
     | datapath/g32425                   | A ^ -> ZN v  | OAI21_X2  | 0.060 |   3.446 |    3.419 | 
     | datapath/g22498                   | A2 v -> ZN ^ | NAND2_X4  | 0.074 |   3.520 |    3.493 | 
     | g1064                             | A1 ^ -> ZN v | NAND2_X4  | 0.057 |   3.576 |    3.549 | 
     | datapath/g43454                   | A1 v -> ZN ^ | NAND2_X4  | 0.068 |   3.644 |    3.617 | 
     | datapath/FE_OCPC425_n_301         | A ^ -> Z ^   | BUF_X8    | 0.116 |   3.760 |    3.733 | 
     | datapath/FE_RC_2843_0             | A1 ^ -> ZN v | OAI22_X2  | 0.067 |   3.827 |    3.800 | 
     | datapath/IFID_instr_reg[21]       | D v          | DFFR_X1   | 0.000 |   3.827 |    3.800 | 
     +-------------------------------------------------------------------------------------------+ 
Path 25: VIOLATED Setup Check with Pin datapath/IF_pc_reg[18]/CK 
Endpoint:   datapath/IF_pc_reg[18]/D            (^) checked with  leading edge 
of 'clk'
Beginpoint: datapath/registers_RF_reg[17][19]/Q (v) triggered by trailing edge 
of 'clk'
Path Groups: {reg2reg}
Analysis View: WC_VIEW
Other End Arrival Time          0.187
- Setup                         0.087
+ Phase Shift                   3.900
+ CPPR Adjustment               0.000
- Uncertainty                   0.100
= Required Time                 3.900
- Arrival Time                  3.925
= Slack Time                   -0.025
     Clock Fall Edge                 1.950
     + Clock Network Latency (Prop)  0.054
     = Beginpoint Arrival Time       2.004
     +------------------------------------------------------------------------------------------------------------+ 
     |                      Instance                      |     Arc      |   Cell    | Delay | Arrival | Required | 
     |                                                    |              |           |       |  Time   |   Time   | 
     |----------------------------------------------------+--------------+-----------+-------+---------+----------| 
     | datapath/registers_RF_reg[17][19]                  | CK ^         |           |       |   2.004 |    1.979 | 
     | datapath/registers_RF_reg[17][19]                  | CK ^ -> Q v  | SDFF_X1   | 0.297 |   2.301 |    2.276 | 
     | datapath/g4106                                     | A1 v -> ZN ^ | NAND2_X2  | 0.067 |   2.367 |    2.343 | 
     | datapath/FE_RC_797_0                               | A2 ^ -> ZN v | NAND2_X2  | 0.054 |   2.422 |    2.397 | 
     | datapath/FE_RC_795_0                               | A2 v -> ZN ^ | NOR2_X4   | 0.092 |   2.514 |    2.489 | 
     | datapath/g3480__1666                               | A1 ^ -> ZN ^ | AND2_X4   | 0.099 |   2.613 |    2.588 | 
     | datapath/FE_RC_2225_0                              | A4 ^ -> ZN v | NAND4_X4  | 0.088 |   2.701 |    2.676 | 
     | datapath/g33530                                    | A v -> ZN ^  | INV_X4    | 0.059 |   2.759 |    2.734 | 
     | datapath/g32738                                    | B1 ^ -> ZN v | AOI21_X2  | 0.046 |   2.805 |    2.780 | 
     | datapath/FE_OCPC513_n_1227                         | A v -> Z v   | BUF_X1    | 0.102 |   2.907 |    2.882 | 
     | datapath/g32547                                    | C1 v -> ZN ^ | OAI221_X1 | 0.185 |   3.092 |    3.067 | 
     | datapath/g32522                                    | A1 ^ -> ZN v | NOR2_X2   | 0.036 |   3.128 |    3.103 | 
     | datapath/FE_RC_679_0                               | A2 v -> ZN ^ | NAND2_X1  | 0.077 |   3.205 |    3.180 | 
     | datapath/FE_RC_680_0                               | A ^ -> ZN v  | INV_X2    | 0.033 |   3.239 |    3.214 | 
     | datapath/FE_RC_2147_0                              | A3 v -> ZN ^ | NAND4_X4  | 0.076 |   3.315 |    3.290 | 
     | datapath/g32426                                    | A1 ^ -> ZN v | NAND2_X1  | 0.055 |   3.369 |    3.344 | 
     | datapath/g32425                                    | A v -> ZN ^  | OAI21_X2  | 0.080 |   3.449 |    3.425 | 
     | datapath/g22498                                    | A2 ^ -> ZN v | NAND2_X4  | 0.072 |   3.522 |    3.497 | 
     | datapath/branch_or_inc_4/FE_OCPC266_IFID_takeBranc | A v -> ZN ^  | INV_X4    | 0.087 |   3.609 |    3.584 | 
     | h                                                  |              |           |       |         |          | 
     | datapath/branch_or_inc_4/FE_OCPC269_IFID_takeBranc | A ^ -> ZN v  | INV_X8    | 0.052 |   3.661 |    3.636 | 
     | h                                                  |              |           |       |         |          | 
     | datapath/branch_or_inc_4/FE_OCPC289_IFID_takeBranc | A v -> ZN ^  | INV_X1    | 0.063 |   3.724 |    3.699 | 
     | h                                                  |              |           |       |         |          | 
     | datapath/branch_or_inc_4/g854__2398                | A1 ^ -> ZN v | NAND2_X1  | 0.040 |   3.764 |    3.740 | 
     | datapath/branch_or_inc_4/g820__2883                | A1 v -> ZN ^ | NAND2_X1  | 0.048 |   3.812 |    3.787 | 
     | datapath/g43478                                    | A ^ -> ZN v  | INV_X1    | 0.024 |   3.836 |    3.811 | 
     | datapath/g43320                                    | B1 v -> ZN ^ | OAI21_X1  | 0.088 |   3.925 |    3.900 | 
     | datapath/IF_pc_reg[18]                             | D ^          | DFFR_X1   | 0.000 |   3.925 |    3.900 | 
     +------------------------------------------------------------------------------------------------------------+ 
Path 26: VIOLATED Setup Check with Pin datapath/IFID_instr_reg[20]/CK 
Endpoint:   datapath/IFID_instr_reg[20]/D       (^) checked with  leading edge 
of 'clk'
Beginpoint: datapath/registers_RF_reg[17][19]/Q (v) triggered by trailing edge 
of 'clk'
Path Groups: {reg2reg}
Analysis View: WC_VIEW
Other End Arrival Time          0.180
- Setup                         0.104
+ Phase Shift                   3.900
+ CPPR Adjustment               0.000
- Uncertainty                   0.100
= Required Time                 3.875
- Arrival Time                  3.900
= Slack Time                   -0.024
     Clock Fall Edge                 1.950
     + Clock Network Latency (Prop)  0.054
     = Beginpoint Arrival Time       2.004
     +-------------------------------------------------------------------------------------------+ 
     |             Instance              |     Arc      |   Cell    | Delay | Arrival | Required | 
     |                                   |              |           |       |  Time   |   Time   | 
     |-----------------------------------+--------------+-----------+-------+---------+----------| 
     | datapath/registers_RF_reg[17][19] | CK ^         |           |       |   2.004 |    1.979 | 
     | datapath/registers_RF_reg[17][19] | CK ^ -> Q v  | SDFF_X1   | 0.297 |   2.301 |    2.276 | 
     | datapath/g4106                    | A1 v -> ZN ^ | NAND2_X2  | 0.067 |   2.367 |    2.343 | 
     | datapath/FE_RC_797_0              | A2 ^ -> ZN v | NAND2_X2  | 0.054 |   2.422 |    2.397 | 
     | datapath/FE_RC_795_0              | A2 v -> ZN ^ | NOR2_X4   | 0.092 |   2.514 |    2.489 | 
     | datapath/g3480__1666              | A1 ^ -> ZN ^ | AND2_X4   | 0.099 |   2.613 |    2.589 | 
     | datapath/FE_RC_2225_0             | A4 ^ -> ZN v | NAND4_X4  | 0.088 |   2.701 |    2.676 | 
     | datapath/g33530                   | A v -> ZN ^  | INV_X4    | 0.059 |   2.759 |    2.735 | 
     | datapath/g32738                   | B1 ^ -> ZN v | AOI21_X2  | 0.046 |   2.805 |    2.781 | 
     | datapath/FE_OCPC513_n_1227        | A v -> Z v   | BUF_X1    | 0.102 |   2.907 |    2.882 | 
     | datapath/g32547                   | C1 v -> ZN ^ | OAI221_X1 | 0.185 |   3.092 |    3.067 | 
     | datapath/g32522                   | A1 ^ -> ZN v | NOR2_X2   | 0.036 |   3.128 |    3.104 | 
     | datapath/FE_RC_679_0              | A2 v -> ZN ^ | NAND2_X1  | 0.077 |   3.205 |    3.181 | 
     | datapath/FE_RC_680_0              | A ^ -> ZN v  | INV_X2    | 0.033 |   3.239 |    3.214 | 
     | datapath/FE_RC_2147_0             | A3 v -> ZN ^ | NAND4_X4  | 0.076 |   3.315 |    3.290 | 
     | datapath/g32426                   | A1 ^ -> ZN v | NAND2_X1  | 0.055 |   3.369 |    3.345 | 
     | datapath/g32425                   | A v -> ZN ^  | OAI21_X2  | 0.080 |   3.449 |    3.425 | 
     | datapath/g22498                   | A2 ^ -> ZN v | NAND2_X4  | 0.072 |   3.522 |    3.497 | 
     | g1064                             | A1 v -> ZN ^ | NAND2_X4  | 0.073 |   3.595 |    3.570 | 
     | datapath/g43454                   | A1 ^ -> ZN v | NAND2_X4  | 0.051 |   3.646 |    3.621 | 
     | datapath/FE_OCPC425_n_301         | A v -> Z v   | BUF_X8    | 0.102 |   3.747 |    3.723 | 
     | datapath/g43193                   | B1 v -> ZN ^ | OAI22_X1  | 0.152 |   3.900 |    3.875 | 
     | datapath/IFID_instr_reg[20]       | D ^          | DFFR_X1   | 0.000 |   3.900 |    3.875 | 
     +-------------------------------------------------------------------------------------------+ 
Path 27: VIOLATED Setup Check with Pin datapath/IFID_instr_reg[18]/CK 
Endpoint:   datapath/IFID_instr_reg[18]/D       (^) checked with  leading edge 
of 'clk'
Beginpoint: datapath/registers_RF_reg[17][19]/Q (v) triggered by trailing edge 
of 'clk'
Path Groups: {reg2reg}
Analysis View: WC_VIEW
Other End Arrival Time          0.180
- Setup                         0.104
+ Phase Shift                   3.900
+ CPPR Adjustment               0.000
- Uncertainty                   0.100
= Required Time                 3.876
- Arrival Time                  3.899
= Slack Time                   -0.023
     Clock Fall Edge                 1.950
     + Clock Network Latency (Prop)  0.054
     = Beginpoint Arrival Time       2.004
     +-------------------------------------------------------------------------------------------+ 
     |             Instance              |     Arc      |   Cell    | Delay | Arrival | Required | 
     |                                   |              |           |       |  Time   |   Time   | 
     |-----------------------------------+--------------+-----------+-------+---------+----------| 
     | datapath/registers_RF_reg[17][19] | CK ^         |           |       |   2.004 |    1.980 | 
     | datapath/registers_RF_reg[17][19] | CK ^ -> Q v  | SDFF_X1   | 0.297 |   2.301 |    2.277 | 
     | datapath/g4106                    | A1 v -> ZN ^ | NAND2_X2  | 0.067 |   2.367 |    2.344 | 
     | datapath/FE_RC_797_0              | A2 ^ -> ZN v | NAND2_X2  | 0.054 |   2.422 |    2.399 | 
     | datapath/FE_RC_795_0              | A2 v -> ZN ^ | NOR2_X4   | 0.092 |   2.514 |    2.491 | 
     | datapath/g3480__1666              | A1 ^ -> ZN ^ | AND2_X4   | 0.099 |   2.613 |    2.590 | 
     | datapath/FE_RC_2225_0             | A4 ^ -> ZN v | NAND4_X4  | 0.088 |   2.701 |    2.677 | 
     | datapath/g33530                   | A v -> ZN ^  | INV_X4    | 0.059 |   2.759 |    2.736 | 
     | datapath/g32738                   | B1 ^ -> ZN v | AOI21_X2  | 0.046 |   2.805 |    2.782 | 
     | datapath/FE_OCPC513_n_1227        | A v -> Z v   | BUF_X1    | 0.102 |   2.907 |    2.883 | 
     | datapath/g32547                   | C1 v -> ZN ^ | OAI221_X1 | 0.185 |   3.092 |    3.068 | 
     | datapath/g32522                   | A1 ^ -> ZN v | NOR2_X2   | 0.036 |   3.128 |    3.105 | 
     | datapath/FE_RC_679_0              | A2 v -> ZN ^ | NAND2_X1  | 0.077 |   3.205 |    3.182 | 
     | datapath/FE_RC_680_0              | A ^ -> ZN v  | INV_X2    | 0.033 |   3.239 |    3.216 | 
     | datapath/FE_RC_2147_0             | A3 v -> ZN ^ | NAND4_X4  | 0.076 |   3.315 |    3.291 | 
     | datapath/g32426                   | A1 ^ -> ZN v | NAND2_X1  | 0.055 |   3.369 |    3.346 | 
     | datapath/g32425                   | A v -> ZN ^  | OAI21_X2  | 0.080 |   3.449 |    3.426 | 
     | datapath/g22498                   | A2 ^ -> ZN v | NAND2_X4  | 0.072 |   3.522 |    3.498 | 
     | g1064                             | A1 v -> ZN ^ | NAND2_X4  | 0.073 |   3.595 |    3.572 | 
     | datapath/g43454                   | A1 ^ -> ZN v | NAND2_X4  | 0.051 |   3.646 |    3.622 | 
     | datapath/FE_OCPC425_n_301         | A v -> Z v   | BUF_X8    | 0.102 |   3.747 |    3.724 | 
     | datapath/FE_RC_602_0              | B1 v -> ZN ^ | OAI22_X1  | 0.152 |   3.899 |    3.876 | 
     | datapath/IFID_instr_reg[18]       | D ^          | DFFR_X1   | 0.000 |   3.899 |    3.876 | 
     +-------------------------------------------------------------------------------------------+ 
Path 28: VIOLATED Setup Check with Pin datapath/IFID_pc_reg[22]/CK 
Endpoint:   datapath/IFID_pc_reg[22]/D          (v) checked with  leading edge 
of 'clk'
Beginpoint: datapath/registers_RF_reg[30][17]/Q (v) triggered by trailing edge 
of 'clk'
Path Groups: {reg2reg}
Analysis View: WC_VIEW
Other End Arrival Time          0.137
- Setup                         0.133
+ Phase Shift                   3.900
+ CPPR Adjustment               0.000
- Uncertainty                   0.100
= Required Time                 3.804
- Arrival Time                  3.825
= Slack Time                   -0.021
     Clock Fall Edge                 1.950
     + Clock Network Latency (Prop)  0.055
     = Beginpoint Arrival Time       2.005
     +-----------------------------------------------------------------------------------------------------+ 
     |                  Instance                   |     Arc      |   Cell    | Delay | Arrival | Required | 
     |                                             |              |           |       |  Time   |   Time   | 
     |---------------------------------------------+--------------+-----------+-------+---------+----------| 
     | datapath/registers_RF_reg[30][17]           | CK ^         |           |       |   2.005 |    1.984 | 
     | datapath/registers_RF_reg[30][17]           | CK ^ -> Q v  | SDFF_X1   | 0.279 |   2.284 |    2.263 | 
     | datapath/g4313                              | A1 v -> ZN ^ | NAND2_X1  | 0.066 |   2.350 |    2.329 | 
     | datapath/FE_RC_1423_0                       | A2 ^ -> ZN v | NAND2_X1  | 0.051 |   2.400 |    2.379 | 
     | datapath/FE_RC_1421_0                       | A2 v -> ZN ^ | NOR2_X2   | 0.088 |   2.488 |    2.467 | 
     | datapath/g3506__2883                        | A2 ^ -> ZN ^ | AND2_X2   | 0.110 |   2.598 |    2.577 | 
     | datapath/g3406__1617                        | A3 ^ -> ZN v | NAND4_X4  | 0.103 |   2.700 |    2.680 | 
     | datapath/FE_RC_501_0                        | A v -> ZN ^  | INV_X4    | 0.051 |   2.751 |    2.731 | 
     | datapath/FE_RC_499_0                        | B1 ^ -> ZN v | AOI21_X2  | 0.041 |   2.793 |    2.772 | 
     | datapath/g32617                             | B v -> ZN ^  | XNOR2_X2  | 0.116 |   2.909 |    2.888 | 
     | datapath/g32547                             | A ^ -> ZN v  | OAI221_X1 | 0.118 |   3.027 |    3.007 | 
     | datapath/g32522                             | A1 v -> ZN ^ | NOR2_X2   | 0.086 |   3.114 |    3.093 | 
     | datapath/FE_RC_679_0                        | A2 ^ -> ZN v | NAND2_X1  | 0.052 |   3.166 |    3.145 | 
     | datapath/FE_RC_680_0                        | A v -> ZN ^  | INV_X2    | 0.053 |   3.219 |    3.199 | 
     | datapath/FE_RC_2147_0                       | A3 ^ -> ZN v | NAND4_X4  | 0.092 |   3.311 |    3.290 | 
     | datapath/g32426                             | A1 v -> ZN ^ | NAND2_X1  | 0.074 |   3.385 |    3.364 | 
     | datapath/g32425                             | A ^ -> ZN v  | OAI21_X2  | 0.060 |   3.446 |    3.425 | 
     | datapath/g22498                             | A2 v -> ZN ^ | NAND2_X4  | 0.074 |   3.520 |    3.499 | 
     | g1064                                       | A1 ^ -> ZN v | NAND2_X4  | 0.057 |   3.576 |    3.556 | 
     | datapath/FE_RC_2172_0                       | A v -> ZN ^  | INV_X2    | 0.056 |   3.633 |    3.612 | 
     | datapath/FE_OFC1605_FE_DBTN5_IFID_flush_BAR | A ^ -> ZN v  | INV_X2    | 0.038 |   3.670 |    3.650 | 
     | datapath/FE_OFC1606_FE_DBTN5_IFID_flush_BAR | A v -> ZN ^  | INV_X2    | 0.114 |   3.785 |    3.764 | 
     | datapath/g43137                             | A1 ^ -> ZN v | NOR2_X1   | 0.040 |   3.825 |    3.804 | 
     | datapath/IFID_pc_reg[22]                    | D v          | DFFR_X1   | 0.000 |   3.825 |    3.804 | 
     +-----------------------------------------------------------------------------------------------------+ 
Path 29: VIOLATED Setup Check with Pin datapath/IFID_pc_reg[20]/CK 
Endpoint:   datapath/IFID_pc_reg[20]/D          (v) checked with  leading edge 
of 'clk'
Beginpoint: datapath/registers_RF_reg[30][17]/Q (v) triggered by trailing edge 
of 'clk'
Path Groups: {reg2reg}
Analysis View: WC_VIEW
Other End Arrival Time          0.137
- Setup                         0.133
+ Phase Shift                   3.900
+ CPPR Adjustment               0.000
- Uncertainty                   0.100
= Required Time                 3.804
- Arrival Time                  3.825
= Slack Time                   -0.021
     Clock Fall Edge                 1.950
     + Clock Network Latency (Prop)  0.055
     = Beginpoint Arrival Time       2.005
     +-----------------------------------------------------------------------------------------------------+ 
     |                  Instance                   |     Arc      |   Cell    | Delay | Arrival | Required | 
     |                                             |              |           |       |  Time   |   Time   | 
     |---------------------------------------------+--------------+-----------+-------+---------+----------| 
     | datapath/registers_RF_reg[30][17]           | CK ^         |           |       |   2.005 |    1.984 | 
     | datapath/registers_RF_reg[30][17]           | CK ^ -> Q v  | SDFF_X1   | 0.279 |   2.284 |    2.263 | 
     | datapath/g4313                              | A1 v -> ZN ^ | NAND2_X1  | 0.066 |   2.350 |    2.329 | 
     | datapath/FE_RC_1423_0                       | A2 ^ -> ZN v | NAND2_X1  | 0.051 |   2.400 |    2.380 | 
     | datapath/FE_RC_1421_0                       | A2 v -> ZN ^ | NOR2_X2   | 0.088 |   2.488 |    2.467 | 
     | datapath/g3506__2883                        | A2 ^ -> ZN ^ | AND2_X2   | 0.110 |   2.598 |    2.577 | 
     | datapath/g3406__1617                        | A3 ^ -> ZN v | NAND4_X4  | 0.103 |   2.700 |    2.680 | 
     | datapath/FE_RC_501_0                        | A v -> ZN ^  | INV_X4    | 0.051 |   2.751 |    2.731 | 
     | datapath/FE_RC_499_0                        | B1 ^ -> ZN v | AOI21_X2  | 0.041 |   2.793 |    2.772 | 
     | datapath/g32617                             | B v -> ZN ^  | XNOR2_X2  | 0.116 |   2.909 |    2.888 | 
     | datapath/g32547                             | A ^ -> ZN v  | OAI221_X1 | 0.118 |   3.027 |    3.007 | 
     | datapath/g32522                             | A1 v -> ZN ^ | NOR2_X2   | 0.086 |   3.114 |    3.093 | 
     | datapath/FE_RC_679_0                        | A2 ^ -> ZN v | NAND2_X1  | 0.052 |   3.166 |    3.145 | 
     | datapath/FE_RC_680_0                        | A v -> ZN ^  | INV_X2    | 0.053 |   3.219 |    3.199 | 
     | datapath/FE_RC_2147_0                       | A3 ^ -> ZN v | NAND4_X4  | 0.092 |   3.311 |    3.291 | 
     | datapath/g32426                             | A1 v -> ZN ^ | NAND2_X1  | 0.074 |   3.385 |    3.365 | 
     | datapath/g32425                             | A ^ -> ZN v  | OAI21_X2  | 0.060 |   3.446 |    3.425 | 
     | datapath/g22498                             | A2 v -> ZN ^ | NAND2_X4  | 0.074 |   3.520 |    3.499 | 
     | g1064                                       | A1 ^ -> ZN v | NAND2_X4  | 0.057 |   3.576 |    3.556 | 
     | datapath/FE_RC_2172_0                       | A v -> ZN ^  | INV_X2    | 0.056 |   3.633 |    3.612 | 
     | datapath/FE_OFC1605_FE_DBTN5_IFID_flush_BAR | A ^ -> ZN v  | INV_X2    | 0.038 |   3.670 |    3.650 | 
     | datapath/FE_OFC1606_FE_DBTN5_IFID_flush_BAR | A v -> ZN ^  | INV_X2    | 0.114 |   3.785 |    3.764 | 
     | datapath/g43138                             | A1 ^ -> ZN v | NOR2_X1   | 0.040 |   3.825 |    3.804 | 
     | datapath/IFID_pc_reg[20]                    | D v          | DFFR_X1   | 0.000 |   3.825 |    3.804 | 
     +-----------------------------------------------------------------------------------------------------+ 
Path 30: VIOLATED Setup Check with Pin datapath/IFID_pc_reg[21]/CK 
Endpoint:   datapath/IFID_pc_reg[21]/D          (v) checked with  leading edge 
of 'clk'
Beginpoint: datapath/registers_RF_reg[30][17]/Q (v) triggered by trailing edge 
of 'clk'
Path Groups: {reg2reg}
Analysis View: WC_VIEW
Other End Arrival Time          0.137
- Setup                         0.133
+ Phase Shift                   3.900
+ CPPR Adjustment               0.000
- Uncertainty                   0.100
= Required Time                 3.804
- Arrival Time                  3.824
= Slack Time                   -0.020
     Clock Fall Edge                 1.950
     + Clock Network Latency (Prop)  0.055
     = Beginpoint Arrival Time       2.005
     +-----------------------------------------------------------------------------------------------------+ 
     |                  Instance                   |     Arc      |   Cell    | Delay | Arrival | Required | 
     |                                             |              |           |       |  Time   |   Time   | 
     |---------------------------------------------+--------------+-----------+-------+---------+----------| 
     | datapath/registers_RF_reg[30][17]           | CK ^         |           |       |   2.005 |    1.984 | 
     | datapath/registers_RF_reg[30][17]           | CK ^ -> Q v  | SDFF_X1   | 0.279 |   2.284 |    2.264 | 
     | datapath/g4313                              | A1 v -> ZN ^ | NAND2_X1  | 0.066 |   2.350 |    2.329 | 
     | datapath/FE_RC_1423_0                       | A2 ^ -> ZN v | NAND2_X1  | 0.051 |   2.400 |    2.380 | 
     | datapath/FE_RC_1421_0                       | A2 v -> ZN ^ | NOR2_X2   | 0.088 |   2.488 |    2.467 | 
     | datapath/g3506__2883                        | A2 ^ -> ZN ^ | AND2_X2   | 0.110 |   2.598 |    2.577 | 
     | datapath/g3406__1617                        | A3 ^ -> ZN v | NAND4_X4  | 0.103 |   2.700 |    2.680 | 
     | datapath/FE_RC_501_0                        | A v -> ZN ^  | INV_X4    | 0.051 |   2.751 |    2.731 | 
     | datapath/FE_RC_499_0                        | B1 ^ -> ZN v | AOI21_X2  | 0.041 |   2.793 |    2.772 | 
     | datapath/g32617                             | B v -> ZN ^  | XNOR2_X2  | 0.116 |   2.909 |    2.889 | 
     | datapath/g32547                             | A ^ -> ZN v  | OAI221_X1 | 0.118 |   3.027 |    3.007 | 
     | datapath/g32522                             | A1 v -> ZN ^ | NOR2_X2   | 0.086 |   3.114 |    3.093 | 
     | datapath/FE_RC_679_0                        | A2 ^ -> ZN v | NAND2_X1  | 0.052 |   3.166 |    3.146 | 
     | datapath/FE_RC_680_0                        | A v -> ZN ^  | INV_X2    | 0.053 |   3.219 |    3.199 | 
     | datapath/FE_RC_2147_0                       | A3 ^ -> ZN v | NAND4_X4  | 0.092 |   3.311 |    3.291 | 
     | datapath/g32426                             | A1 v -> ZN ^ | NAND2_X1  | 0.074 |   3.385 |    3.365 | 
     | datapath/g32425                             | A ^ -> ZN v  | OAI21_X2  | 0.060 |   3.446 |    3.425 | 
     | datapath/g22498                             | A2 v -> ZN ^ | NAND2_X4  | 0.074 |   3.520 |    3.499 | 
     | g1064                                       | A1 ^ -> ZN v | NAND2_X4  | 0.057 |   3.576 |    3.556 | 
     | datapath/FE_RC_2172_0                       | A v -> ZN ^  | INV_X2    | 0.056 |   3.633 |    3.612 | 
     | datapath/FE_OFC1605_FE_DBTN5_IFID_flush_BAR | A ^ -> ZN v  | INV_X2    | 0.038 |   3.670 |    3.650 | 
     | datapath/FE_OFC1606_FE_DBTN5_IFID_flush_BAR | A v -> ZN ^  | INV_X2    | 0.114 |   3.785 |    3.764 | 
     | datapath/g43139                             | A1 ^ -> ZN v | NOR2_X1   | 0.039 |   3.824 |    3.804 | 
     | datapath/IFID_pc_reg[21]                    | D v          | DFFR_X1   | 0.000 |   3.824 |    3.804 | 
     +-----------------------------------------------------------------------------------------------------+ 
Path 31: VIOLATED Setup Check with Pin datapath/IFID_pc_reg[15]/CK 
Endpoint:   datapath/IFID_pc_reg[15]/D          (v) checked with  leading edge 
of 'clk'
Beginpoint: datapath/registers_RF_reg[30][17]/Q (v) triggered by trailing edge 
of 'clk'
Path Groups: {reg2reg}
Analysis View: WC_VIEW
Other End Arrival Time          0.137
- Setup                         0.133
+ Phase Shift                   3.900
+ CPPR Adjustment               0.000
- Uncertainty                   0.100
= Required Time                 3.804
- Arrival Time                  3.824
= Slack Time                   -0.019
     Clock Fall Edge                 1.950
     + Clock Network Latency (Prop)  0.055
     = Beginpoint Arrival Time       2.005
     +-----------------------------------------------------------------------------------------------------+ 
     |                  Instance                   |     Arc      |   Cell    | Delay | Arrival | Required | 
     |                                             |              |           |       |  Time   |   Time   | 
     |---------------------------------------------+--------------+-----------+-------+---------+----------| 
     | datapath/registers_RF_reg[30][17]           | CK ^         |           |       |   2.005 |    1.985 | 
     | datapath/registers_RF_reg[30][17]           | CK ^ -> Q v  | SDFF_X1   | 0.279 |   2.284 |    2.265 | 
     | datapath/g4313                              | A1 v -> ZN ^ | NAND2_X1  | 0.066 |   2.350 |    2.330 | 
     | datapath/FE_RC_1423_0                       | A2 ^ -> ZN v | NAND2_X1  | 0.051 |   2.400 |    2.381 | 
     | datapath/FE_RC_1421_0                       | A2 v -> ZN ^ | NOR2_X2   | 0.088 |   2.488 |    2.469 | 
     | datapath/g3506__2883                        | A2 ^ -> ZN ^ | AND2_X2   | 0.110 |   2.598 |    2.579 | 
     | datapath/g3406__1617                        | A3 ^ -> ZN v | NAND4_X4  | 0.103 |   2.700 |    2.681 | 
     | datapath/FE_RC_501_0                        | A v -> ZN ^  | INV_X4    | 0.051 |   2.751 |    2.732 | 
     | datapath/FE_RC_499_0                        | B1 ^ -> ZN v | AOI21_X2  | 0.041 |   2.793 |    2.773 | 
     | datapath/g32617                             | B v -> ZN ^  | XNOR2_X2  | 0.116 |   2.909 |    2.890 | 
     | datapath/g32547                             | A ^ -> ZN v  | OAI221_X1 | 0.118 |   3.027 |    3.008 | 
     | datapath/g32522                             | A1 v -> ZN ^ | NOR2_X2   | 0.086 |   3.114 |    3.095 | 
     | datapath/FE_RC_679_0                        | A2 ^ -> ZN v | NAND2_X1  | 0.052 |   3.166 |    3.147 | 
     | datapath/FE_RC_680_0                        | A v -> ZN ^  | INV_X2    | 0.053 |   3.219 |    3.200 | 
     | datapath/FE_RC_2147_0                       | A3 ^ -> ZN v | NAND4_X4  | 0.092 |   3.311 |    3.292 | 
     | datapath/g32426                             | A1 v -> ZN ^ | NAND2_X1  | 0.074 |   3.385 |    3.366 | 
     | datapath/g32425                             | A ^ -> ZN v  | OAI21_X2  | 0.060 |   3.446 |    3.426 | 
     | datapath/g22498                             | A2 v -> ZN ^ | NAND2_X4  | 0.074 |   3.520 |    3.501 | 
     | g1064                                       | A1 ^ -> ZN v | NAND2_X4  | 0.057 |   3.576 |    3.557 | 
     | datapath/FE_RC_2172_0                       | A v -> ZN ^  | INV_X2    | 0.056 |   3.633 |    3.614 | 
     | datapath/FE_OFC1605_FE_DBTN5_IFID_flush_BAR | A ^ -> ZN v  | INV_X2    | 0.038 |   3.670 |    3.651 | 
     | datapath/FE_OFC1606_FE_DBTN5_IFID_flush_BAR | A v -> ZN ^  | INV_X2    | 0.114 |   3.785 |    3.766 | 
     | datapath/g43133                             | A1 ^ -> ZN v | NOR2_X1   | 0.039 |   3.824 |    3.804 | 
     | datapath/IFID_pc_reg[15]                    | D v          | DFFR_X1   | 0.000 |   3.824 |    3.804 | 
     +-----------------------------------------------------------------------------------------------------+ 
Path 32: VIOLATED Setup Check with Pin datapath/IFID_pc_reg[2]/CK 
Endpoint:   datapath/IFID_pc_reg[2]/D           (v) checked with  leading edge 
of 'clk'
Beginpoint: datapath/registers_RF_reg[30][17]/Q (v) triggered by trailing edge 
of 'clk'
Path Groups: {reg2reg}
Analysis View: WC_VIEW
Other End Arrival Time          0.137
- Setup                         0.132
+ Phase Shift                   3.900
+ CPPR Adjustment               0.000
- Uncertainty                   0.100
= Required Time                 3.805
- Arrival Time                  3.824
= Slack Time                   -0.019
     Clock Fall Edge                 1.950
     + Clock Network Latency (Prop)  0.055
     = Beginpoint Arrival Time       2.005
     +-----------------------------------------------------------------------------------------------------+ 
     |                  Instance                   |     Arc      |   Cell    | Delay | Arrival | Required | 
     |                                             |              |           |       |  Time   |   Time   | 
     |---------------------------------------------+--------------+-----------+-------+---------+----------| 
     | datapath/registers_RF_reg[30][17]           | CK ^         |           |       |   2.005 |    1.986 | 
     | datapath/registers_RF_reg[30][17]           | CK ^ -> Q v  | SDFF_X1   | 0.279 |   2.284 |    2.265 | 
     | datapath/g4313                              | A1 v -> ZN ^ | NAND2_X1  | 0.066 |   2.350 |    2.330 | 
     | datapath/FE_RC_1423_0                       | A2 ^ -> ZN v | NAND2_X1  | 0.051 |   2.400 |    2.381 | 
     | datapath/FE_RC_1421_0                       | A2 v -> ZN ^ | NOR2_X2   | 0.088 |   2.488 |    2.469 | 
     | datapath/g3506__2883                        | A2 ^ -> ZN ^ | AND2_X2   | 0.110 |   2.598 |    2.579 | 
     | datapath/g3406__1617                        | A3 ^ -> ZN v | NAND4_X4  | 0.103 |   2.700 |    2.681 | 
     | datapath/FE_RC_501_0                        | A v -> ZN ^  | INV_X4    | 0.051 |   2.751 |    2.732 | 
     | datapath/FE_RC_499_0                        | B1 ^ -> ZN v | AOI21_X2  | 0.041 |   2.793 |    2.774 | 
     | datapath/g32617                             | B v -> ZN ^  | XNOR2_X2  | 0.116 |   2.909 |    2.890 | 
     | datapath/g32547                             | A ^ -> ZN v  | OAI221_X1 | 0.118 |   3.027 |    3.008 | 
     | datapath/g32522                             | A1 v -> ZN ^ | NOR2_X2   | 0.086 |   3.114 |    3.095 | 
     | datapath/FE_RC_679_0                        | A2 ^ -> ZN v | NAND2_X1  | 0.052 |   3.166 |    3.147 | 
     | datapath/FE_RC_680_0                        | A v -> ZN ^  | INV_X2    | 0.053 |   3.219 |    3.200 | 
     | datapath/FE_RC_2147_0                       | A3 ^ -> ZN v | NAND4_X4  | 0.092 |   3.311 |    3.292 | 
     | datapath/g32426                             | A1 v -> ZN ^ | NAND2_X1  | 0.074 |   3.385 |    3.366 | 
     | datapath/g32425                             | A ^ -> ZN v  | OAI21_X2  | 0.060 |   3.446 |    3.427 | 
     | datapath/g22498                             | A2 v -> ZN ^ | NAND2_X4  | 0.074 |   3.520 |    3.501 | 
     | g1064                                       | A1 ^ -> ZN v | NAND2_X4  | 0.057 |   3.576 |    3.557 | 
     | datapath/FE_RC_2172_0                       | A v -> ZN ^  | INV_X2    | 0.056 |   3.633 |    3.614 | 
     | datapath/FE_OFC1605_FE_DBTN5_IFID_flush_BAR | A ^ -> ZN v  | INV_X2    | 0.038 |   3.670 |    3.651 | 
     | datapath/FE_OFC1606_FE_DBTN5_IFID_flush_BAR | A v -> ZN ^  | INV_X2    | 0.114 |   3.785 |    3.766 | 
     | datapath/g43121                             | A1 ^ -> ZN v | NOR2_X1   | 0.039 |   3.824 |    3.805 | 
     | datapath/IFID_pc_reg[2]                     | D v          | DFFR_X1   | 0.000 |   3.824 |    3.805 | 
     +-----------------------------------------------------------------------------------------------------+ 
Path 33: VIOLATED Setup Check with Pin datapath/IF_pc_reg[27]/CK 
Endpoint:   datapath/IF_pc_reg[27]/D            (^) checked with  leading edge 
of 'clk'
Beginpoint: datapath/registers_RF_reg[17][19]/Q (v) triggered by trailing edge 
of 'clk'
Path Groups: {reg2reg}
Analysis View: WC_VIEW
Other End Arrival Time          0.173
- Setup                         0.080
+ Phase Shift                   3.900
+ CPPR Adjustment               0.000
- Uncertainty                   0.100
= Required Time                 3.893
- Arrival Time                  3.911
= Slack Time                   -0.019
     Clock Fall Edge                 1.950
     + Clock Network Latency (Prop)  0.054
     = Beginpoint Arrival Time       2.004
     +------------------------------------------------------------------------------------------------------------+ 
     |                      Instance                      |     Arc      |   Cell    | Delay | Arrival | Required | 
     |                                                    |              |           |       |  Time   |   Time   | 
     |----------------------------------------------------+--------------+-----------+-------+---------+----------| 
     | datapath/registers_RF_reg[17][19]                  | CK ^         |           |       |   2.004 |    1.985 | 
     | datapath/registers_RF_reg[17][19]                  | CK ^ -> Q v  | SDFF_X1   | 0.297 |   2.301 |    2.282 | 
     | datapath/g4106                                     | A1 v -> ZN ^ | NAND2_X2  | 0.067 |   2.367 |    2.349 | 
     | datapath/FE_RC_797_0                               | A2 ^ -> ZN v | NAND2_X2  | 0.054 |   2.422 |    2.403 | 
     | datapath/FE_RC_795_0                               | A2 v -> ZN ^ | NOR2_X4   | 0.092 |   2.514 |    2.495 | 
     | datapath/g3480__1666                               | A1 ^ -> ZN ^ | AND2_X4   | 0.099 |   2.613 |    2.594 | 
     | datapath/FE_RC_2225_0                              | A4 ^ -> ZN v | NAND4_X4  | 0.088 |   2.701 |    2.682 | 
     | datapath/g33530                                    | A v -> ZN ^  | INV_X4    | 0.059 |   2.759 |    2.741 | 
     | datapath/g32738                                    | B1 ^ -> ZN v | AOI21_X2  | 0.046 |   2.805 |    2.786 | 
     | datapath/FE_OCPC513_n_1227                         | A v -> Z v   | BUF_X1    | 0.102 |   2.907 |    2.888 | 
     | datapath/g32547                                    | C1 v -> ZN ^ | OAI221_X1 | 0.185 |   3.092 |    3.073 | 
     | datapath/g32522                                    | A1 ^ -> ZN v | NOR2_X2   | 0.036 |   3.128 |    3.109 | 
     | datapath/FE_RC_679_0                               | A2 v -> ZN ^ | NAND2_X1  | 0.077 |   3.205 |    3.187 | 
     | datapath/FE_RC_680_0                               | A ^ -> ZN v  | INV_X2    | 0.033 |   3.239 |    3.220 | 
     | datapath/FE_RC_2147_0                              | A3 v -> ZN ^ | NAND4_X4  | 0.076 |   3.315 |    3.296 | 
     | datapath/g32426                                    | A1 ^ -> ZN v | NAND2_X1  | 0.055 |   3.369 |    3.351 | 
     | datapath/g32425                                    | A v -> ZN ^  | OAI21_X2  | 0.080 |   3.449 |    3.431 | 
     | datapath/g22498                                    | A2 ^ -> ZN v | NAND2_X4  | 0.072 |   3.522 |    3.503 | 
     | datapath/branch_or_inc_4/FE_OCPC266_IFID_takeBranc | A v -> ZN ^  | INV_X4    | 0.087 |   3.609 |    3.590 | 
     | h                                                  |              |           |       |         |          | 
     | datapath/branch_or_inc_4/FE_OCPC268_IFID_takeBranc | A ^ -> ZN v  | INV_X8    | 0.051 |   3.660 |    3.642 | 
     | h                                                  |              |           |       |         |          | 
     | datapath/branch_or_inc_4/FE_OCPC1597_FE_OFN179_n_0 | A v -> ZN ^  | INV_X2    | 0.059 |   3.719 |    3.700 | 
     | datapath/branch_or_inc_4/g867__7098                | A1 ^ -> ZN v | NAND2_X2  | 0.032 |   3.751 |    3.732 | 
     | datapath/branch_or_inc_4/g829__4319                | A1 v -> ZN ^ | NAND2_X1  | 0.047 |   3.798 |    3.779 | 
     | datapath/g43617                                    | A ^ -> ZN v  | INV_X1    | 0.024 |   3.822 |    3.803 | 
     | datapath/g43326                                    | B1 v -> ZN ^ | OAI21_X1  | 0.089 |   3.911 |    3.893 | 
     | datapath/IF_pc_reg[27]                             | D ^          | DFFR_X2   | 0.000 |   3.911 |    3.893 | 
     +------------------------------------------------------------------------------------------------------------+ 
Path 34: VIOLATED Setup Check with Pin datapath/IFID_instr_reg[5]/CK 
Endpoint:   datapath/IFID_instr_reg[5]/D        (^) checked with  leading edge 
of 'clk'
Beginpoint: datapath/registers_RF_reg[17][19]/Q (v) triggered by trailing edge 
of 'clk'
Path Groups: {reg2reg}
Analysis View: WC_VIEW
Other End Arrival Time          0.187
- Setup                         0.103
+ Phase Shift                   3.900
+ CPPR Adjustment               0.000
- Uncertainty                   0.100
= Required Time                 3.884
- Arrival Time                  3.900
= Slack Time                   -0.015
     Clock Fall Edge                 1.950
     + Clock Network Latency (Prop)  0.054
     = Beginpoint Arrival Time       2.004
     +-------------------------------------------------------------------------------------------+ 
     |             Instance              |     Arc      |   Cell    | Delay | Arrival | Required | 
     |                                   |              |           |       |  Time   |   Time   | 
     |-----------------------------------+--------------+-----------+-------+---------+----------| 
     | datapath/registers_RF_reg[17][19] | CK ^         |           |       |   2.004 |    1.988 | 
     | datapath/registers_RF_reg[17][19] | CK ^ -> Q v  | SDFF_X1   | 0.297 |   2.301 |    2.285 | 
     | datapath/g4106                    | A1 v -> ZN ^ | NAND2_X2  | 0.067 |   2.367 |    2.352 | 
     | datapath/FE_RC_797_0              | A2 ^ -> ZN v | NAND2_X2  | 0.054 |   2.422 |    2.406 | 
     | datapath/FE_RC_795_0              | A2 v -> ZN ^ | NOR2_X4   | 0.092 |   2.514 |    2.498 | 
     | datapath/g3480__1666              | A1 ^ -> ZN ^ | AND2_X4   | 0.099 |   2.613 |    2.598 | 
     | datapath/FE_RC_2225_0             | A4 ^ -> ZN v | NAND4_X4  | 0.088 |   2.701 |    2.685 | 
     | datapath/g33530                   | A v -> ZN ^  | INV_X4    | 0.059 |   2.759 |    2.744 | 
     | datapath/g32738                   | B1 ^ -> ZN v | AOI21_X2  | 0.046 |   2.805 |    2.790 | 
     | datapath/FE_OCPC513_n_1227        | A v -> Z v   | BUF_X1    | 0.102 |   2.907 |    2.891 | 
     | datapath/g32547                   | C1 v -> ZN ^ | OAI221_X1 | 0.185 |   3.092 |    3.076 | 
     | datapath/g32522                   | A1 ^ -> ZN v | NOR2_X2   | 0.036 |   3.128 |    3.112 | 
     | datapath/FE_RC_679_0              | A2 v -> ZN ^ | NAND2_X1  | 0.077 |   3.205 |    3.190 | 
     | datapath/FE_RC_680_0              | A ^ -> ZN v  | INV_X2    | 0.033 |   3.239 |    3.223 | 
     | datapath/FE_RC_2147_0             | A3 v -> ZN ^ | NAND4_X4  | 0.076 |   3.315 |    3.299 | 
     | datapath/g32426                   | A1 ^ -> ZN v | NAND2_X1  | 0.055 |   3.369 |    3.354 | 
     | datapath/g32425                   | A v -> ZN ^  | OAI21_X2  | 0.080 |   3.449 |    3.434 | 
     | datapath/g22498                   | A2 ^ -> ZN v | NAND2_X4  | 0.072 |   3.522 |    3.506 | 
     | g1064                             | A1 v -> ZN ^ | NAND2_X4  | 0.073 |   3.595 |    3.579 | 
     | datapath/g43454                   | A1 ^ -> ZN v | NAND2_X4  | 0.051 |   3.646 |    3.630 | 
     | datapath/FE_OCPC425_n_301         | A v -> Z v   | BUF_X8    | 0.102 |   3.747 |    3.732 | 
     | datapath/g43197                   | B1 v -> ZN ^ | OAI22_X1  | 0.152 |   3.900 |    3.884 | 
     | datapath/IFID_instr_reg[5]        | D ^          | DFFR_X1   | 0.000 |   3.900 |    3.884 | 
     +-------------------------------------------------------------------------------------------+ 
Path 35: VIOLATED Setup Check with Pin datapath/IFID_instr_reg[31]/CK 
Endpoint:   datapath/IFID_instr_reg[31]/D       (^) checked with  leading edge 
of 'clk'
Beginpoint: datapath/registers_RF_reg[17][19]/Q (v) triggered by trailing edge 
of 'clk'
Path Groups: {reg2reg}
Analysis View: WC_VIEW
Other End Arrival Time          0.184
- Setup                         0.098
+ Phase Shift                   3.900
+ CPPR Adjustment               0.000
- Uncertainty                   0.100
= Required Time                 3.886
- Arrival Time                  3.894
= Slack Time                   -0.009
     Clock Fall Edge                 1.950
     + Clock Network Latency (Prop)  0.054
     = Beginpoint Arrival Time       2.004
     +-------------------------------------------------------------------------------------------+ 
     |             Instance              |     Arc      |   Cell    | Delay | Arrival | Required | 
     |                                   |              |           |       |  Time   |   Time   | 
     |-----------------------------------+--------------+-----------+-------+---------+----------| 
     | datapath/registers_RF_reg[17][19] | CK ^         |           |       |   2.004 |    1.995 | 
     | datapath/registers_RF_reg[17][19] | CK ^ -> Q v  | SDFF_X1   | 0.297 |   2.301 |    2.292 | 
     | datapath/g4106                    | A1 v -> ZN ^ | NAND2_X2  | 0.067 |   2.367 |    2.359 | 
     | datapath/FE_RC_797_0              | A2 ^ -> ZN v | NAND2_X2  | 0.054 |   2.422 |    2.413 | 
     | datapath/FE_RC_795_0              | A2 v -> ZN ^ | NOR2_X4   | 0.092 |   2.514 |    2.505 | 
     | datapath/g3480__1666              | A1 ^ -> ZN ^ | AND2_X4   | 0.099 |   2.613 |    2.605 | 
     | datapath/FE_RC_2225_0             | A4 ^ -> ZN v | NAND4_X4  | 0.088 |   2.701 |    2.692 | 
     | datapath/g33530                   | A v -> ZN ^  | INV_X4    | 0.059 |   2.759 |    2.751 | 
     | datapath/g32738                   | B1 ^ -> ZN v | AOI21_X2  | 0.046 |   2.805 |    2.797 | 
     | datapath/FE_OCPC513_n_1227        | A v -> Z v   | BUF_X1    | 0.102 |   2.907 |    2.898 | 
     | datapath/g32547                   | C1 v -> ZN ^ | OAI221_X1 | 0.185 |   3.092 |    3.083 | 
     | datapath/g32522                   | A1 ^ -> ZN v | NOR2_X2   | 0.036 |   3.128 |    3.119 | 
     | datapath/FE_RC_679_0              | A2 v -> ZN ^ | NAND2_X1  | 0.077 |   3.205 |    3.197 | 
     | datapath/FE_RC_680_0              | A ^ -> ZN v  | INV_X2    | 0.033 |   3.239 |    3.230 | 
     | datapath/FE_RC_2147_0             | A3 v -> ZN ^ | NAND4_X4  | 0.076 |   3.315 |    3.306 | 
     | datapath/g32426                   | A1 ^ -> ZN v | NAND2_X1  | 0.055 |   3.369 |    3.361 | 
     | datapath/g32425                   | A v -> ZN ^  | OAI21_X2  | 0.080 |   3.449 |    3.441 | 
     | datapath/g22498                   | A2 ^ -> ZN v | NAND2_X4  | 0.072 |   3.522 |    3.513 | 
     | g1064                             | A1 v -> ZN ^ | NAND2_X4  | 0.073 |   3.595 |    3.586 | 
     | datapath/g43454                   | A1 ^ -> ZN v | NAND2_X4  | 0.051 |   3.646 |    3.637 | 
     | datapath/FE_OCPC425_n_301         | A v -> Z v   | BUF_X8    | 0.102 |   3.747 |    3.739 | 
     | datapath/g43183                   | B1 v -> ZN ^ | OAI22_X1  | 0.147 |   3.894 |    3.886 | 
     | datapath/IFID_instr_reg[31]       | D ^          | DFFR_X2   | 0.000 |   3.894 |    3.886 | 
     +-------------------------------------------------------------------------------------------+ 
Path 36: VIOLATED Setup Check with Pin datapath/IFID_instr_reg[16]/CK 
Endpoint:   datapath/IFID_instr_reg[16]/D       (^) checked with  leading edge 
of 'clk'
Beginpoint: datapath/registers_RF_reg[17][19]/Q (v) triggered by trailing edge 
of 'clk'
Path Groups: {reg2reg}
Analysis View: WC_VIEW
Other End Arrival Time          0.180
- Setup                         0.101
+ Phase Shift                   3.900
+ CPPR Adjustment               0.000
- Uncertainty                   0.100
= Required Time                 3.879
- Arrival Time                  3.886
= Slack Time                   -0.007
     Clock Fall Edge                 1.950
     + Clock Network Latency (Prop)  0.054
     = Beginpoint Arrival Time       2.004
     +-------------------------------------------------------------------------------------------+ 
     |             Instance              |     Arc      |   Cell    | Delay | Arrival | Required | 
     |                                   |              |           |       |  Time   |   Time   | 
     |-----------------------------------+--------------+-----------+-------+---------+----------| 
     | datapath/registers_RF_reg[17][19] | CK ^         |           |       |   2.004 |    1.996 | 
     | datapath/registers_RF_reg[17][19] | CK ^ -> Q v  | SDFF_X1   | 0.297 |   2.301 |    2.293 | 
     | datapath/g4106                    | A1 v -> ZN ^ | NAND2_X2  | 0.067 |   2.367 |    2.360 | 
     | datapath/FE_RC_797_0              | A2 ^ -> ZN v | NAND2_X2  | 0.054 |   2.422 |    2.414 | 
     | datapath/FE_RC_795_0              | A2 v -> ZN ^ | NOR2_X4   | 0.092 |   2.514 |    2.506 | 
     | datapath/g3480__1666              | A1 ^ -> ZN ^ | AND2_X4   | 0.099 |   2.613 |    2.606 | 
     | datapath/FE_RC_2225_0             | A4 ^ -> ZN v | NAND4_X4  | 0.088 |   2.701 |    2.693 | 
     | datapath/g33530                   | A v -> ZN ^  | INV_X4    | 0.059 |   2.759 |    2.752 | 
     | datapath/g32738                   | B1 ^ -> ZN v | AOI21_X2  | 0.046 |   2.805 |    2.798 | 
     | datapath/FE_OCPC513_n_1227        | A v -> Z v   | BUF_X1    | 0.102 |   2.907 |    2.899 | 
     | datapath/g32547                   | C1 v -> ZN ^ | OAI221_X1 | 0.185 |   3.092 |    3.084 | 
     | datapath/g32522                   | A1 ^ -> ZN v | NOR2_X2   | 0.036 |   3.128 |    3.121 | 
     | datapath/FE_RC_679_0              | A2 v -> ZN ^ | NAND2_X1  | 0.077 |   3.205 |    3.198 | 
     | datapath/FE_RC_680_0              | A ^ -> ZN v  | INV_X2    | 0.033 |   3.239 |    3.231 | 
     | datapath/FE_RC_2147_0             | A3 v -> ZN ^ | NAND4_X4  | 0.076 |   3.315 |    3.307 | 
     | datapath/g32426                   | A1 ^ -> ZN v | NAND2_X1  | 0.055 |   3.369 |    3.362 | 
     | datapath/g32425                   | A v -> ZN ^  | OAI21_X2  | 0.080 |   3.449 |    3.442 | 
     | datapath/g22498                   | A2 ^ -> ZN v | NAND2_X4  | 0.072 |   3.522 |    3.514 | 
     | g1064                             | A1 v -> ZN ^ | NAND2_X4  | 0.073 |   3.595 |    3.587 | 
     | datapath/FE_RC_2171_0             | A1 ^ -> ZN v | NAND2_X4  | 0.054 |   3.648 |    3.641 | 
     | datapath/FE_RC_2170_0             | A v -> ZN ^  | INV_X8    | 0.056 |   3.705 |    3.697 | 
     | datapath/g43395_0                 | A ^ -> ZN v  | INV_X16   | 0.034 |   3.738 |    3.731 | 
     | datapath/FE_RC_2260_0             | B1 v -> ZN ^ | OAI22_X1  | 0.148 |   3.886 |    3.879 | 
     | datapath/IFID_instr_reg[16]       | D ^          | DFFR_X2   | 0.000 |   3.886 |    3.879 | 
     +-------------------------------------------------------------------------------------------+ 
Path 37: VIOLATED Setup Check with Pin datapath/IFID_instr_reg[3]/CK 
Endpoint:   datapath/IFID_instr_reg[3]/D        (^) checked with  leading edge 
of 'clk'
Beginpoint: datapath/registers_RF_reg[17][19]/Q (v) triggered by trailing edge 
of 'clk'
Path Groups: {reg2reg}
Analysis View: WC_VIEW
Other End Arrival Time          0.187
- Setup                         0.100
+ Phase Shift                   3.900
+ CPPR Adjustment               0.000
- Uncertainty                   0.100
= Required Time                 3.887
- Arrival Time                  3.893
= Slack Time                   -0.006
     Clock Fall Edge                 1.950
     + Clock Network Latency (Prop)  0.054
     = Beginpoint Arrival Time       2.004
     +-------------------------------------------------------------------------------------------+ 
     |             Instance              |     Arc      |   Cell    | Delay | Arrival | Required | 
     |                                   |              |           |       |  Time   |   Time   | 
     |-----------------------------------+--------------+-----------+-------+---------+----------| 
     | datapath/registers_RF_reg[17][19] | CK ^         |           |       |   2.004 |    1.998 | 
     | datapath/registers_RF_reg[17][19] | CK ^ -> Q v  | SDFF_X1   | 0.297 |   2.301 |    2.295 | 
     | datapath/g4106                    | A1 v -> ZN ^ | NAND2_X2  | 0.067 |   2.367 |    2.362 | 
     | datapath/FE_RC_797_0              | A2 ^ -> ZN v | NAND2_X2  | 0.054 |   2.422 |    2.416 | 
     | datapath/FE_RC_795_0              | A2 v -> ZN ^ | NOR2_X4   | 0.092 |   2.514 |    2.508 | 
     | datapath/g3480__1666              | A1 ^ -> ZN ^ | AND2_X4   | 0.099 |   2.613 |    2.607 | 
     | datapath/FE_RC_2225_0             | A4 ^ -> ZN v | NAND4_X4  | 0.088 |   2.701 |    2.695 | 
     | datapath/g33530                   | A v -> ZN ^  | INV_X4    | 0.059 |   2.759 |    2.753 | 
     | datapath/g32738                   | B1 ^ -> ZN v | AOI21_X2  | 0.046 |   2.805 |    2.799 | 
     | datapath/FE_OCPC513_n_1227        | A v -> Z v   | BUF_X1    | 0.102 |   2.907 |    2.901 | 
     | datapath/g32547                   | C1 v -> ZN ^ | OAI221_X1 | 0.185 |   3.092 |    3.086 | 
     | datapath/g32522                   | A1 ^ -> ZN v | NOR2_X2   | 0.036 |   3.128 |    3.122 | 
     | datapath/FE_RC_679_0              | A2 v -> ZN ^ | NAND2_X1  | 0.077 |   3.205 |    3.200 | 
     | datapath/FE_RC_680_0              | A ^ -> ZN v  | INV_X2    | 0.033 |   3.239 |    3.233 | 
     | datapath/FE_RC_2147_0             | A3 v -> ZN ^ | NAND4_X4  | 0.076 |   3.315 |    3.309 | 
     | datapath/g32426                   | A1 ^ -> ZN v | NAND2_X1  | 0.055 |   3.369 |    3.363 | 
     | datapath/g32425                   | A v -> ZN ^  | OAI21_X2  | 0.080 |   3.449 |    3.444 | 
     | datapath/g22498                   | A2 ^ -> ZN v | NAND2_X4  | 0.072 |   3.522 |    3.516 | 
     | g1064                             | A1 v -> ZN ^ | NAND2_X4  | 0.073 |   3.595 |    3.589 | 
     | datapath/g43454                   | A1 ^ -> ZN v | NAND2_X4  | 0.051 |   3.646 |    3.640 | 
     | datapath/FE_OCPC425_n_301         | A v -> Z v   | BUF_X8    | 0.102 |   3.747 |    3.742 | 
     | datapath/g43179                   | B1 v -> ZN ^ | OAI22_X1  | 0.145 |   3.893 |    3.887 | 
     | datapath/IFID_instr_reg[3]        | D ^          | DFFR_X1   | 0.000 |   3.893 |    3.887 | 
     +-------------------------------------------------------------------------------------------+ 
Path 38: VIOLATED Setup Check with Pin datapath/IFID_instr_reg[6]/CK 
Endpoint:   datapath/IFID_instr_reg[6]/D        (^) checked with  leading edge 
of 'clk'
Beginpoint: datapath/registers_RF_reg[17][19]/Q (v) triggered by trailing edge 
of 'clk'
Path Groups: {reg2reg}
Analysis View: WC_VIEW
Other End Arrival Time          0.187
- Setup                         0.100
+ Phase Shift                   3.900
+ CPPR Adjustment               0.000
- Uncertainty                   0.100
= Required Time                 3.887
- Arrival Time                  3.892
= Slack Time                   -0.005
     Clock Fall Edge                 1.950
     + Clock Network Latency (Prop)  0.054
     = Beginpoint Arrival Time       2.004
     +-------------------------------------------------------------------------------------------+ 
     |             Instance              |     Arc      |   Cell    | Delay | Arrival | Required | 
     |                                   |              |           |       |  Time   |   Time   | 
     |-----------------------------------+--------------+-----------+-------+---------+----------| 
     | datapath/registers_RF_reg[17][19] | CK ^         |           |       |   2.004 |    1.999 | 
     | datapath/registers_RF_reg[17][19] | CK ^ -> Q v  | SDFF_X1   | 0.297 |   2.301 |    2.296 | 
     | datapath/g4106                    | A1 v -> ZN ^ | NAND2_X2  | 0.067 |   2.367 |    2.363 | 
     | datapath/FE_RC_797_0              | A2 ^ -> ZN v | NAND2_X2  | 0.054 |   2.422 |    2.417 | 
     | datapath/FE_RC_795_0              | A2 v -> ZN ^ | NOR2_X4   | 0.092 |   2.514 |    2.509 | 
     | datapath/g3480__1666              | A1 ^ -> ZN ^ | AND2_X4   | 0.099 |   2.613 |    2.608 | 
     | datapath/FE_RC_2225_0             | A4 ^ -> ZN v | NAND4_X4  | 0.088 |   2.701 |    2.696 | 
     | datapath/g33530                   | A v -> ZN ^  | INV_X4    | 0.059 |   2.759 |    2.754 | 
     | datapath/g32738                   | B1 ^ -> ZN v | AOI21_X2  | 0.046 |   2.805 |    2.800 | 
     | datapath/FE_OCPC513_n_1227        | A v -> Z v   | BUF_X1    | 0.102 |   2.907 |    2.902 | 
     | datapath/g32547                   | C1 v -> ZN ^ | OAI221_X1 | 0.185 |   3.092 |    3.087 | 
     | datapath/g32522                   | A1 ^ -> ZN v | NOR2_X2   | 0.036 |   3.128 |    3.123 | 
     | datapath/FE_RC_679_0              | A2 v -> ZN ^ | NAND2_X1  | 0.077 |   3.205 |    3.200 | 
     | datapath/FE_RC_680_0              | A ^ -> ZN v  | INV_X2    | 0.033 |   3.239 |    3.234 | 
     | datapath/FE_RC_2147_0             | A3 v -> ZN ^ | NAND4_X4  | 0.076 |   3.315 |    3.310 | 
     | datapath/g32426                   | A1 ^ -> ZN v | NAND2_X1  | 0.055 |   3.369 |    3.364 | 
     | datapath/g32425                   | A v -> ZN ^  | OAI21_X2  | 0.080 |   3.449 |    3.445 | 
     | datapath/g22498                   | A2 ^ -> ZN v | NAND2_X4  | 0.072 |   3.522 |    3.517 | 
     | g1064                             | A1 v -> ZN ^ | NAND2_X4  | 0.073 |   3.595 |    3.590 | 
     | datapath/g43454                   | A1 ^ -> ZN v | NAND2_X4  | 0.051 |   3.646 |    3.641 | 
     | datapath/FE_OCPC425_n_301         | A v -> Z v   | BUF_X8    | 0.102 |   3.747 |    3.742 | 
     | datapath/g43182                   | B1 v -> ZN ^ | OAI22_X1  | 0.145 |   3.892 |    3.887 | 
     | datapath/IFID_instr_reg[6]        | D ^          | DFFR_X1   | 0.000 |   3.892 |    3.887 | 
     +-------------------------------------------------------------------------------------------+ 
Path 39: VIOLATED Setup Check with Pin datapath/IFID_instr_reg[22]/CK 
Endpoint:   datapath/IFID_instr_reg[22]/D       (^) checked with  leading edge 
of 'clk'
Beginpoint: datapath/registers_RF_reg[17][19]/Q (v) triggered by trailing edge 
of 'clk'
Path Groups: {reg2reg}
Analysis View: WC_VIEW
Other End Arrival Time          0.184
- Setup                         0.097
+ Phase Shift                   3.900
+ CPPR Adjustment               0.000
- Uncertainty                   0.100
= Required Time                 3.887
- Arrival Time                  3.891
= Slack Time                   -0.004
     Clock Fall Edge                 1.950
     + Clock Network Latency (Prop)  0.054
     = Beginpoint Arrival Time       2.004
     +-------------------------------------------------------------------------------------------+ 
     |             Instance              |     Arc      |   Cell    | Delay | Arrival | Required | 
     |                                   |              |           |       |  Time   |   Time   | 
     |-----------------------------------+--------------+-----------+-------+---------+----------| 
     | datapath/registers_RF_reg[17][19] | CK ^         |           |       |   2.004 |    1.999 | 
     | datapath/registers_RF_reg[17][19] | CK ^ -> Q v  | SDFF_X1   | 0.297 |   2.301 |    2.296 | 
     | datapath/g4106                    | A1 v -> ZN ^ | NAND2_X2  | 0.067 |   2.367 |    2.363 | 
     | datapath/FE_RC_797_0              | A2 ^ -> ZN v | NAND2_X2  | 0.054 |   2.422 |    2.417 | 
     | datapath/FE_RC_795_0              | A2 v -> ZN ^ | NOR2_X4   | 0.092 |   2.514 |    2.509 | 
     | datapath/g3480__1666              | A1 ^ -> ZN ^ | AND2_X4   | 0.099 |   2.613 |    2.609 | 
     | datapath/FE_RC_2225_0             | A4 ^ -> ZN v | NAND4_X4  | 0.088 |   2.701 |    2.696 | 
     | datapath/g33530                   | A v -> ZN ^  | INV_X4    | 0.059 |   2.759 |    2.755 | 
     | datapath/g32738                   | B1 ^ -> ZN v | AOI21_X2  | 0.046 |   2.805 |    2.801 | 
     | datapath/FE_OCPC513_n_1227        | A v -> Z v   | BUF_X1    | 0.102 |   2.907 |    2.902 | 
     | datapath/g32547                   | C1 v -> ZN ^ | OAI221_X1 | 0.185 |   3.092 |    3.087 | 
     | datapath/g32522                   | A1 ^ -> ZN v | NOR2_X2   | 0.036 |   3.128 |    3.124 | 
     | datapath/FE_RC_679_0              | A2 v -> ZN ^ | NAND2_X1  | 0.077 |   3.205 |    3.201 | 
     | datapath/FE_RC_680_0              | A ^ -> ZN v  | INV_X2    | 0.033 |   3.239 |    3.234 | 
     | datapath/FE_RC_2147_0             | A3 v -> ZN ^ | NAND4_X4  | 0.076 |   3.315 |    3.310 | 
     | datapath/g32426                   | A1 ^ -> ZN v | NAND2_X1  | 0.055 |   3.369 |    3.365 | 
     | datapath/g32425                   | A v -> ZN ^  | OAI21_X2  | 0.080 |   3.449 |    3.445 | 
     | datapath/g22498                   | A2 ^ -> ZN v | NAND2_X4  | 0.072 |   3.522 |    3.517 | 
     | g1064                             | A1 v -> ZN ^ | NAND2_X4  | 0.073 |   3.595 |    3.590 | 
     | datapath/g43454                   | A1 ^ -> ZN v | NAND2_X4  | 0.051 |   3.646 |    3.641 | 
     | datapath/FE_OCPC425_n_301         | A v -> Z v   | BUF_X8    | 0.102 |   3.747 |    3.743 | 
     | datapath/g43191                   | B1 v -> ZN ^ | OAI22_X1  | 0.144 |   3.891 |    3.887 | 
     | datapath/IFID_instr_reg[22]       | D ^          | DFFR_X2   | 0.000 |   3.891 |    3.887 | 
     +-------------------------------------------------------------------------------------------+ 
Path 40: VIOLATED Setup Check with Pin datapath/IFID_instr_reg[14]/CK 
Endpoint:   datapath/IFID_instr_reg[14]/D       (^) checked with  leading edge 
of 'clk'
Beginpoint: datapath/registers_RF_reg[17][19]/Q (v) triggered by trailing edge 
of 'clk'
Path Groups: {reg2reg}
Analysis View: WC_VIEW
Other End Arrival Time          0.184
- Setup                         0.098
+ Phase Shift                   3.900
+ CPPR Adjustment               0.000
- Uncertainty                   0.100
= Required Time                 3.886
- Arrival Time                  3.890
= Slack Time                   -0.004
     Clock Fall Edge                 1.950
     + Clock Network Latency (Prop)  0.054
     = Beginpoint Arrival Time       2.004
     +-------------------------------------------------------------------------------------------+ 
     |             Instance              |     Arc      |   Cell    | Delay | Arrival | Required | 
     |                                   |              |           |       |  Time   |   Time   | 
     |-----------------------------------+--------------+-----------+-------+---------+----------| 
     | datapath/registers_RF_reg[17][19] | CK ^         |           |       |   2.004 |    2.000 | 
     | datapath/registers_RF_reg[17][19] | CK ^ -> Q v  | SDFF_X1   | 0.297 |   2.301 |    2.297 | 
     | datapath/g4106                    | A1 v -> ZN ^ | NAND2_X2  | 0.067 |   2.367 |    2.364 | 
     | datapath/FE_RC_797_0              | A2 ^ -> ZN v | NAND2_X2  | 0.054 |   2.422 |    2.418 | 
     | datapath/FE_RC_795_0              | A2 v -> ZN ^ | NOR2_X4   | 0.092 |   2.514 |    2.510 | 
     | datapath/g3480__1666              | A1 ^ -> ZN ^ | AND2_X4   | 0.099 |   2.613 |    2.609 | 
     | datapath/FE_RC_2225_0             | A4 ^ -> ZN v | NAND4_X4  | 0.088 |   2.701 |    2.697 | 
     | datapath/g33530                   | A v -> ZN ^  | INV_X4    | 0.059 |   2.759 |    2.755 | 
     | datapath/g32738                   | B1 ^ -> ZN v | AOI21_X2  | 0.046 |   2.805 |    2.801 | 
     | datapath/FE_OCPC513_n_1227        | A v -> Z v   | BUF_X1    | 0.102 |   2.907 |    2.903 | 
     | datapath/g32547                   | C1 v -> ZN ^ | OAI221_X1 | 0.185 |   3.092 |    3.088 | 
     | datapath/g32522                   | A1 ^ -> ZN v | NOR2_X2   | 0.036 |   3.128 |    3.124 | 
     | datapath/FE_RC_679_0              | A2 v -> ZN ^ | NAND2_X1  | 0.077 |   3.205 |    3.202 | 
     | datapath/FE_RC_680_0              | A ^ -> ZN v  | INV_X2    | 0.033 |   3.239 |    3.235 | 
     | datapath/FE_RC_2147_0             | A3 v -> ZN ^ | NAND4_X4  | 0.076 |   3.315 |    3.311 | 
     | datapath/g32426                   | A1 ^ -> ZN v | NAND2_X1  | 0.055 |   3.369 |    3.365 | 
     | datapath/g32425                   | A v -> ZN ^  | OAI21_X2  | 0.080 |   3.449 |    3.446 | 
     | datapath/g22498                   | A2 ^ -> ZN v | NAND2_X4  | 0.072 |   3.522 |    3.518 | 
     | g1064                             | A1 v -> ZN ^ | NAND2_X4  | 0.073 |   3.595 |    3.591 | 
     | datapath/g43454                   | A1 ^ -> ZN v | NAND2_X4  | 0.051 |   3.646 |    3.642 | 
     | datapath/FE_OCPC425_n_301         | A v -> Z v   | BUF_X8    | 0.102 |   3.747 |    3.744 | 
     | datapath/g43207                   | B1 v -> ZN ^ | OAI22_X1  | 0.142 |   3.890 |    3.886 | 
     | datapath/IFID_instr_reg[14]       | D ^          | DFFR_X2   | 0.000 |   3.890 |    3.886 | 
     +-------------------------------------------------------------------------------------------+ 
Path 41: VIOLATED Setup Check with Pin datapath/IF_pc_reg[19]/CK 
Endpoint:   datapath/IF_pc_reg[19]/D            (^) checked with  leading edge 
of 'clk'
Beginpoint: datapath/registers_RF_reg[17][19]/Q (v) triggered by trailing edge 
of 'clk'
Path Groups: {reg2reg}
Analysis View: WC_VIEW
Other End Arrival Time          0.187
- Setup                         0.087
+ Phase Shift                   3.900
+ CPPR Adjustment               0.000
- Uncertainty                   0.100
= Required Time                 3.900
- Arrival Time                  3.903
= Slack Time                   -0.003
     Clock Fall Edge                 1.950
     + Clock Network Latency (Prop)  0.054
     = Beginpoint Arrival Time       2.004
     +------------------------------------------------------------------------------------------------------------+ 
     |                      Instance                      |     Arc      |   Cell    | Delay | Arrival | Required | 
     |                                                    |              |           |       |  Time   |   Time   | 
     |----------------------------------------------------+--------------+-----------+-------+---------+----------| 
     | datapath/registers_RF_reg[17][19]                  | CK ^         |           |       |   2.004 |    2.000 | 
     | datapath/registers_RF_reg[17][19]                  | CK ^ -> Q v  | SDFF_X1   | 0.297 |   2.301 |    2.297 | 
     | datapath/g4106                                     | A1 v -> ZN ^ | NAND2_X2  | 0.067 |   2.367 |    2.364 | 
     | datapath/FE_RC_797_0                               | A2 ^ -> ZN v | NAND2_X2  | 0.054 |   2.422 |    2.418 | 
     | datapath/FE_RC_795_0                               | A2 v -> ZN ^ | NOR2_X4   | 0.092 |   2.514 |    2.510 | 
     | datapath/g3480__1666                               | A1 ^ -> ZN ^ | AND2_X4   | 0.099 |   2.613 |    2.610 | 
     | datapath/FE_RC_2225_0                              | A4 ^ -> ZN v | NAND4_X4  | 0.088 |   2.701 |    2.697 | 
     | datapath/g33530                                    | A v -> ZN ^  | INV_X4    | 0.059 |   2.759 |    2.756 | 
     | datapath/g32738                                    | B1 ^ -> ZN v | AOI21_X2  | 0.046 |   2.805 |    2.802 | 
     | datapath/FE_OCPC513_n_1227                         | A v -> Z v   | BUF_X1    | 0.102 |   2.907 |    2.903 | 
     | datapath/g32547                                    | C1 v -> ZN ^ | OAI221_X1 | 0.185 |   3.092 |    3.088 | 
     | datapath/g32522                                    | A1 ^ -> ZN v | NOR2_X2   | 0.036 |   3.128 |    3.125 | 
     | datapath/FE_RC_679_0                               | A2 v -> ZN ^ | NAND2_X1  | 0.077 |   3.205 |    3.202 | 
     | datapath/FE_RC_680_0                               | A ^ -> ZN v  | INV_X2    | 0.033 |   3.239 |    3.235 | 
     | datapath/FE_RC_2147_0                              | A3 v -> ZN ^ | NAND4_X4  | 0.076 |   3.315 |    3.311 | 
     | datapath/g32426                                    | A1 ^ -> ZN v | NAND2_X1  | 0.055 |   3.369 |    3.366 | 
     | datapath/g32425                                    | A v -> ZN ^  | OAI21_X2  | 0.080 |   3.449 |    3.446 | 
     | datapath/g22498                                    | A2 ^ -> ZN v | NAND2_X4  | 0.072 |   3.522 |    3.518 | 
     | datapath/branch_or_inc_4/FE_OCPC266_IFID_takeBranc | A v -> ZN ^  | INV_X4    | 0.087 |   3.609 |    3.606 | 
     | h                                                  |              |           |       |         |          | 
     | datapath/branch_or_inc_4/FE_OCPC269_IFID_takeBranc | A ^ -> ZN v  | INV_X8    | 0.052 |   3.661 |    3.658 | 
     | h                                                  |              |           |       |         |          | 
     | datapath/branch_or_inc_4/FE_OCPC288_IFID_takeBranc | A v -> ZN ^  | INV_X4    | 0.051 |   3.712 |    3.709 | 
     | h                                                  |              |           |       |         |          | 
     | datapath/branch_or_inc_4/g850__1666                | A1 ^ -> ZN v | NAND2_X2  | 0.030 |   3.742 |    3.739 | 
     | datapath/branch_or_inc_4/g845__6161                | A1 v -> ZN ^ | NAND2_X1  | 0.049 |   3.791 |    3.787 | 
     | datapath/g43612                                    | A ^ -> ZN v  | INV_X1    | 0.024 |   3.814 |    3.811 | 
     | datapath/g43270                                    | B1 v -> ZN ^ | OAI21_X1  | 0.089 |   3.903 |    3.900 | 
     | datapath/IF_pc_reg[19]                             | D ^          | DFFR_X1   | 0.000 |   3.903 |    3.900 | 
     +------------------------------------------------------------------------------------------------------------+ 
Path 42: VIOLATED Setup Check with Pin datapath/IF_pc_reg[17]/CK 
Endpoint:   datapath/IF_pc_reg[17]/D            (v) checked with  leading edge 
of 'clk'
Beginpoint: datapath/registers_RF_reg[30][17]/Q (v) triggered by trailing edge 
of 'clk'
Path Groups: {reg2reg}
Analysis View: WC_VIEW
Other End Arrival Time          0.187
- Setup                         0.135
+ Phase Shift                   3.900
+ CPPR Adjustment               0.000
- Uncertainty                   0.100
= Required Time                 3.852
- Arrival Time                  3.855
= Slack Time                   -0.003
     Clock Fall Edge                 1.950
     + Clock Network Latency (Prop)  0.055
     = Beginpoint Arrival Time       2.005
     +------------------------------------------------------------------------------------------------------------+ 
     |                      Instance                      |     Arc      |   Cell    | Delay | Arrival | Required | 
     |                                                    |              |           |       |  Time   |   Time   | 
     |----------------------------------------------------+--------------+-----------+-------+---------+----------| 
     | datapath/registers_RF_reg[30][17]                  | CK ^         |           |       |   2.005 |    2.002 | 
     | datapath/registers_RF_reg[30][17]                  | CK ^ -> Q v  | SDFF_X1   | 0.279 |   2.284 |    2.281 | 
     | datapath/g4313                                     | A1 v -> ZN ^ | NAND2_X1  | 0.066 |   2.350 |    2.347 | 
     | datapath/FE_RC_1423_0                              | A2 ^ -> ZN v | NAND2_X1  | 0.051 |   2.400 |    2.397 | 
     | datapath/FE_RC_1421_0                              | A2 v -> ZN ^ | NOR2_X2   | 0.088 |   2.488 |    2.485 | 
     | datapath/g3506__2883                               | A2 ^ -> ZN ^ | AND2_X2   | 0.110 |   2.598 |    2.595 | 
     | datapath/g3406__1617                               | A3 ^ -> ZN v | NAND4_X4  | 0.103 |   2.700 |    2.698 | 
     | datapath/FE_RC_501_0                               | A v -> ZN ^  | INV_X4    | 0.051 |   2.751 |    2.749 | 
     | datapath/FE_RC_499_0                               | B1 ^ -> ZN v | AOI21_X2  | 0.041 |   2.793 |    2.790 | 
     | datapath/g32617                                    | B v -> ZN ^  | XNOR2_X2  | 0.116 |   2.909 |    2.906 | 
     | datapath/g32547                                    | A ^ -> ZN v  | OAI221_X1 | 0.118 |   3.027 |    3.025 | 
     | datapath/g32522                                    | A1 v -> ZN ^ | NOR2_X2   | 0.086 |   3.114 |    3.111 | 
     | datapath/FE_RC_679_0                               | A2 ^ -> ZN v | NAND2_X1  | 0.052 |   3.166 |    3.163 | 
     | datapath/FE_RC_680_0                               | A v -> ZN ^  | INV_X2    | 0.053 |   3.219 |    3.217 | 
     | datapath/FE_RC_2147_0                              | A3 ^ -> ZN v | NAND4_X4  | 0.092 |   3.311 |    3.308 | 
     | datapath/g32426                                    | A1 v -> ZN ^ | NAND2_X1  | 0.074 |   3.385 |    3.382 | 
     | datapath/g32425                                    | A ^ -> ZN v  | OAI21_X2  | 0.060 |   3.446 |    3.443 | 
     | datapath/g22498                                    | A2 v -> ZN ^ | NAND2_X4  | 0.074 |   3.520 |    3.517 | 
     | datapath/branch_or_inc_4/FE_OCPC266_IFID_takeBranc | A ^ -> ZN v  | INV_X4    | 0.046 |   3.565 |    3.563 | 
     | h                                                  |              |           |       |         |          | 
     | datapath/branch_or_inc_4/FE_OCPC269_IFID_takeBranc | A v -> ZN ^  | INV_X8    | 0.080 |   3.646 |    3.643 | 
     | h                                                  |              |           |       |         |          | 
     | datapath/branch_or_inc_4/FE_OCPC289_IFID_takeBranc | A ^ -> ZN v  | INV_X1    | 0.044 |   3.690 |    3.687 | 
     | h                                                  |              |           |       |         |          | 
     | datapath/branch_or_inc_4/g856__6260                | A1 v -> ZN ^ | NAND2_X1  | 0.046 |   3.736 |    3.733 | 
     | datapath/branch_or_inc_4/g825__5477                | A1 ^ -> ZN v | NAND2_X1  | 0.037 |   3.773 |    3.770 | 
     | datapath/g43381                                    | A1 v -> ZN ^ | NAND2_X1  | 0.044 |   3.817 |    3.815 | 
     | datapath/g43272                                    | A1 ^ -> ZN v | NAND2_X1  | 0.037 |   3.855 |    3.852 | 
     | datapath/IF_pc_reg[17]                             | D v          | DFFR_X1   | 0.000 |   3.855 |    3.852 | 
     +------------------------------------------------------------------------------------------------------------+ 
Path 43: VIOLATED Setup Check with Pin datapath/EXMEM_aluResult_reg[30]/CK 
Endpoint:   datapath/EXMEM_aluResult_reg[30]/D (v) checked with  leading edge 
of 'clk'
Beginpoint: datapath/EXMEM_aluResult_reg[0]/Q  (^) triggered by  leading edge 
of 'clk'
Path Groups: {reg2reg}
Analysis View: WC_VIEW
Other End Arrival Time          0.141
- Setup                         0.129
+ Phase Shift                   3.900
+ CPPR Adjustment               0.000
- Uncertainty                   0.100
= Required Time                 3.812
- Arrival Time                  3.813
= Slack Time                   -0.001
     Clock Rise Edge                 0.000
     + Clock Network Latency (Prop)  0.285
     = Beginpoint Arrival Time       0.285
     +-----------------------------------------------------------------------------------------------------------+ 
     |                      Instance                      |     Arc      |   Cell   | Delay | Arrival | Required | 
     |                                                    |              |          |       |  Time   |   Time   | 
     |----------------------------------------------------+--------------+----------+-------+---------+----------| 
     | datapath/EXMEM_aluResult_reg[0]                    | CK ^         |          |       |   0.285 |    0.284 | 
     | datapath/EXMEM_aluResult_reg[0]                    | CK ^ -> Q ^  | DFFR_X1  | 0.400 |   0.685 |    0.685 | 
     | datapath/g33507                                    | A1 ^ -> ZN v | NAND2_X2 | 0.057 |   0.742 |    0.742 | 
     | datapath/g32672                                    | A1 v -> ZN ^ | NAND2_X4 | 0.055 |   0.797 |    0.797 | 
     | datapath/g32576                                    | A1 ^ -> ZN v | NAND2_X2 | 0.051 |   0.848 |    0.847 | 
     | datapath/FE_RC_153_0                               | A1 v -> ZN ^ | NAND3_X4 | 0.057 |   0.905 |    0.904 | 
     | datapath/FE_RC_318_0                               | A2 ^ -> ZN v | NAND3_X4 | 0.063 |   0.968 |    0.967 | 
     | datapath/ALU_ALU_GEN[0].slice_i_bitAdder/FE_RC_190 | B1 v -> ZN ^ | OAI21_X2 | 0.128 |   1.095 |    1.095 | 
     | _0                                                 |              |          |       |         |          | 
     | datapath/ALU_ALU_GEN[0].slice_i_bitAdder/FE_RC_189 | A1 ^ -> ZN v | NAND2_X4 | 0.055 |   1.150 |    1.149 | 
     | _0                                                 |              |          |       |         |          | 
     | datapath/ALU_ALU_GEN[1].slice_i_bitAdder/g184__552 | A1 v -> ZN ^ | NAND2_X4 | 0.050 |   1.200 |    1.200 | 
     | 6                                                  |              |          |       |         |          | 
     | datapath/ALU_ALU_GEN[1].slice_i_bitAdder/g182__431 | A1 ^ -> ZN v | NAND2_X4 | 0.036 |   1.237 |    1.236 | 
     | 9                                                  |              |          |       |         |          | 
     | datapath/ALU_ALU_GEN[2].slice_i_bitAdder/FE_RC_299 | A1 v -> ZN ^ | NAND2_X4 | 0.042 |   1.279 |    1.278 | 
     | _0                                                 |              |          |       |         |          | 
     | datapath/ALU_ALU_GEN[2].slice_i_bitAdder/g153__824 | A1 ^ -> ZN v | NAND2_X4 | 0.040 |   1.319 |    1.318 | 
     | 6                                                  |              |          |       |         |          | 
     | datapath/ALU_ALU_GEN[3].slice_i_bitAdder/FE_RC_174 | A1 v -> ZN ^ | NAND2_X4 | 0.045 |   1.364 |    1.364 | 
     | _0                                                 |              |          |       |         |          | 
     | datapath/ALU_ALU_GEN[3].slice_i_bitAdder/g156__994 | A1 ^ -> ZN v | NAND2_X4 | 0.036 |   1.401 |    1.400 | 
     | 5                                                  |              |          |       |         |          | 
     | datapath/ALU_ALU_GEN[4].slice_i_bitAdder/FE_RC_141 | A1 v -> ZN ^ | NAND2_X4 | 0.042 |   1.443 |    1.442 | 
     | _0                                                 |              |          |       |         |          | 
     | datapath/ALU_ALU_GEN[4].slice_i_bitAdder/g153__510 | A1 ^ -> ZN v | NAND2_X4 | 0.038 |   1.481 |    1.480 | 
     | 7                                                  |              |          |       |         |          | 
     | datapath/ALU_ALU_GEN[5].slice_i_bitAdder/g155__824 | A1 v -> ZN ^ | NAND2_X4 | 0.044 |   1.525 |    1.525 | 
     | 6                                                  |              |          |       |         |          | 
     | datapath/ALU_ALU_GEN[5].slice_i_bitAdder/g153__170 | A1 ^ -> ZN v | NAND2_X4 | 0.036 |   1.561 |    1.560 | 
     | 5                                                  |              |          |       |         |          | 
     | datapath/ALU_ALU_GEN[6].slice_i_bitAdder/g155__994 | A1 v -> ZN ^ | NAND2_X4 | 0.043 |   1.604 |    1.604 | 
     | 5                                                  |              |          |       |         |          | 
     | datapath/ALU_ALU_GEN[6].slice_i_bitAdder/g153__616 | A1 ^ -> ZN v | NAND2_X4 | 0.036 |   1.640 |    1.639 | 
     | 1                                                  |              |          |       |         |          | 
     | datapath/ALU_ALU_GEN[7].slice_i_bitAdder/g155__626 | A1 v -> ZN ^ | NAND2_X4 | 0.044 |   1.684 |    1.683 | 
     | 0                                                  |              |          |       |         |          | 
     | datapath/ALU_ALU_GEN[7].slice_i_bitAdder/g153__239 | A1 ^ -> ZN v | NAND2_X4 | 0.038 |   1.721 |    1.721 | 
     | 8                                                  |              |          |       |         |          | 
     | datapath/ALU_ALU_GEN[8].slice_i_bitAdder/FE_RC_301 | A1 v -> ZN ^ | NAND2_X4 | 0.043 |   1.764 |    1.764 | 
     | _0                                                 |              |          |       |         |          | 
     | datapath/ALU_ALU_GEN[8].slice_i_bitAdder/FE_RC_300 | A1 ^ -> ZN v | NAND2_X4 | 0.039 |   1.803 |    1.802 | 
     | _0                                                 |              |          |       |         |          | 
     | datapath/ALU_ALU_GEN[9].slice_i_bitAdder/g158__473 | A1 v -> ZN ^ | NAND2_X4 | 0.043 |   1.846 |    1.846 | 
     | 3                                                  |              |          |       |         |          | 
     | datapath/ALU_ALU_GEN[9].slice_i_bitAdder/g156__511 | A1 ^ -> ZN v | NAND2_X4 | 0.038 |   1.884 |    1.883 | 
     | 5                                                  |              |          |       |         |          | 
     | datapath/ALU_ALU_GEN[10].slice_i_bitAdder/g155__64 | A1 v -> ZN ^ | NAND2_X4 | 0.044 |   1.928 |    1.927 | 
     | 17                                                 |              |          |       |         |          | 
     | datapath/ALU_ALU_GEN[10].slice_i_bitAdder/g153__16 | A1 ^ -> ZN v | NAND2_X4 | 0.036 |   1.963 |    1.963 | 
     | 66                                                 |              |          |       |         |          | 
     | datapath/ALU_ALU_GEN[11].slice_i_bitAdder/g158__67 | A1 v -> ZN ^ | NAND2_X4 | 0.044 |   2.007 |    2.006 | 
     | 83                                                 |              |          |       |         |          | 
     | datapath/ALU_ALU_GEN[11].slice_i_bitAdder/g156__84 | A1 ^ -> ZN v | NAND2_X4 | 0.043 |   2.050 |    2.050 | 
     | 28                                                 |              |          |       |         |          | 
     | datapath/ALU_ALU_GEN[12].slice_i_bitAdder/FE_RC_30 | A1 v -> ZN ^ | NAND2_X4 | 0.046 |   2.096 |    2.095 | 
     | 7_0                                                |              |          |       |         |          | 
     | datapath/ALU_ALU_GEN[12].slice_i_bitAdder/FE_RC_30 | A1 ^ -> ZN v | NAND2_X4 | 0.036 |   2.132 |    2.131 | 
     | 6_0                                                |              |          |       |         |          | 
     | datapath/ALU_ALU_GEN[13].slice_i_bitAdder/g158__28 | A1 v -> ZN ^ | NAND2_X4 | 0.043 |   2.175 |    2.174 | 
     | 83                                                 |              |          |       |         |          | 
     | datapath/ALU_ALU_GEN[13].slice_i_bitAdder/g156__93 | A1 ^ -> ZN v | NAND2_X4 | 0.036 |   2.210 |    2.210 | 
     | 15                                                 |              |          |       |         |          | 
     | datapath/ALU_ALU_GEN[14].slice_i_bitAdder/g158__62 | A1 v -> ZN ^ | NAND2_X4 | 0.043 |   2.254 |    2.253 | 
     | 60                                                 |              |          |       |         |          | 
     | datapath/ALU_ALU_GEN[14].slice_i_bitAdder/g156__23 | A1 ^ -> ZN v | NAND2_X4 | 0.044 |   2.297 |    2.297 | 
     | 98                                                 |              |          |       |         |          | 
     | datapath/ALU_ALU_GEN[15].slice_i_bitAdder/g158__17 | A1 v -> ZN ^ | NAND2_X4 | 0.047 |   2.345 |    2.344 | 
     | 05                                                 |              |          |       |         |          | 
     | datapath/ALU_ALU_GEN[15].slice_i_bitAdder/g156__16 | A1 ^ -> ZN v | NAND2_X4 | 0.037 |   2.381 |    2.381 | 
     | 17                                                 |              |          |       |         |          | 
     | datapath/ALU_ALU_GEN[16].slice_i_bitAdder/g158__47 | A1 v -> ZN ^ | NAND2_X4 | 0.043 |   2.424 |    2.424 | 
     | 33                                                 |              |          |       |         |          | 
     | datapath/ALU_ALU_GEN[16].slice_i_bitAdder/g156__51 | A1 ^ -> ZN v | NAND2_X4 | 0.036 |   2.461 |    2.460 | 
     | 15                                                 |              |          |       |         |          | 
     | datapath/ALU_ALU_GEN[17].slice_i_bitAdder/g158__64 | A1 v -> ZN ^ | NAND2_X4 | 0.045 |   2.506 |    2.505 | 
     | 17                                                 |              |          |       |         |          | 
     | datapath/ALU_ALU_GEN[17].slice_i_bitAdder/g156__16 | A1 ^ -> ZN v | NAND2_X4 | 0.040 |   2.546 |    2.546 | 
     | 66                                                 |              |          |       |         |          | 
     | datapath/ALU_ALU_GEN[18].slice_i_bitAdder/g158__67 | A1 v -> ZN ^ | NAND2_X4 | 0.045 |   2.592 |    2.591 | 
     | 83                                                 |              |          |       |         |          | 
     | datapath/ALU_ALU_GEN[18].slice_i_bitAdder/g156__84 | A1 ^ -> ZN v | NAND2_X4 | 0.036 |   2.628 |    2.627 | 
     | 28                                                 |              |          |       |         |          | 
     | datapath/ALU_ALU_GEN[19].slice_i_bitAdder/g158__61 | A1 v -> ZN ^ | NAND2_X4 | 0.044 |   2.672 |    2.671 | 
     | 31                                                 |              |          |       |         |          | 
     | datapath/ALU_ALU_GEN[19].slice_i_bitAdder/g156__82 | A1 ^ -> ZN v | NAND2_X4 | 0.036 |   2.708 |    2.707 | 
     | 46                                                 |              |          |       |         |          | 
     | datapath/ALU_ALU_GEN[20].slice_i_bitAdder/g158__99 | A1 v -> ZN ^ | NAND2_X4 | 0.045 |   2.753 |    2.752 | 
     | 45                                                 |              |          |       |         |          | 
     | datapath/ALU_ALU_GEN[20].slice_i_bitAdder/g156__93 | A1 ^ -> ZN v | NAND2_X4 | 0.042 |   2.795 |    2.794 | 
     | 15                                                 |              |          |       |         |          | 
     | datapath/ALU_ALU_GEN[21].slice_i_bitAdder/g158__62 | A1 v -> ZN ^ | NAND2_X4 | 0.045 |   2.840 |    2.839 | 
     | 60                                                 |              |          |       |         |          | 
     | datapath/ALU_ALU_GEN[21].slice_i_bitAdder/g156__51 | A1 ^ -> ZN v | NAND2_X4 | 0.036 |   2.876 |    2.875 | 
     | 07                                                 |              |          |       |         |          | 
     | datapath/ALU_ALU_GEN[22].slice_i_bitAdder/g155__51 | A1 v -> ZN ^ | NAND2_X4 | 0.043 |   2.919 |    2.918 | 
     | 22                                                 |              |          |       |         |          | 
     | datapath/ALU_ALU_GEN[22].slice_i_bitAdder/g153__17 | A1 ^ -> ZN v | NAND2_X4 | 0.036 |   2.955 |    2.954 | 
     | 05                                                 |              |          |       |         |          | 
     | datapath/ALU_ALU_GEN[23].slice_i_bitAdder/g158__93 | A1 v -> ZN ^ | NAND2_X4 | 0.043 |   2.998 |    2.997 | 
     | 15                                                 |              |          |       |         |          | 
     | datapath/ALU_ALU_GEN[23].slice_i_bitAdder/g156__61 | A1 ^ -> ZN v | NAND2_X4 | 0.044 |   3.042 |    3.041 | 
     | 61                                                 |              |          |       |         |          | 
     | datapath/ALU_ALU_GEN[24].slice_i_bitAdder/g158__51 | A1 v -> ZN ^ | NAND2_X4 | 0.047 |   3.090 |    3.089 | 
     | 07                                                 |              |          |       |         |          | 
     | datapath/ALU_ALU_GEN[24].slice_i_bitAdder/g156__23 | A1 ^ -> ZN v | NAND2_X4 | 0.036 |   3.125 |    3.125 | 
     | 98                                                 |              |          |       |         |          | 
     | datapath/ALU_ALU_GEN[25].slice_i_bitAdder/g158__51 | A1 v -> ZN ^ | NAND2_X4 | 0.043 |   3.168 |    3.168 | 
     | 22                                                 |              |          |       |         |          | 
     | datapath/ALU_ALU_GEN[25].slice_i_bitAdder/g156__28 | A1 ^ -> ZN v | NAND2_X4 | 0.036 |   3.204 |    3.203 | 
     | 02                                                 |              |          |       |         |          | 
     | datapath/ALU_ALU_GEN[26].slice_i_bitAdder/g155__61 | A1 v -> ZN ^ | NAND2_X4 | 0.043 |   3.247 |    3.246 | 
     | 61                                                 |              |          |       |         |          | 
     | datapath/ALU_ALU_GEN[26].slice_i_bitAdder/g153__47 | A1 ^ -> ZN v | NAND2_X4 | 0.039 |   3.286 |    3.285 | 
     | 33                                                 |              |          |       |         |          | 
     | datapath/ALU_ALU_GEN[27].slice_i_bitAdder/g158__23 | A1 v -> ZN ^ | NAND2_X4 | 0.044 |   3.329 |    3.329 | 
     | 98                                                 |              |          |       |         |          | 
     | datapath/ALU_ALU_GEN[27].slice_i_bitAdder/g156__64 | A1 ^ -> ZN v | NAND2_X4 | 0.036 |   3.365 |    3.365 | 
     | 17                                                 |              |          |       |         |          | 
     | datapath/ALU_ALU_GEN[28].slice_i_bitAdder/g158__17 | A1 v -> ZN ^ | NAND2_X4 | 0.043 |   3.408 |    3.407 | 
     | 05                                                 |              |          |       |         |          | 
     | datapath/ALU_ALU_GEN[28].slice_i_bitAdder/g156__16 | A1 ^ -> ZN v | NAND2_X4 | 0.036 |   3.444 |    3.443 | 
     | 17                                                 |              |          |       |         |          | 
     | datapath/ALU_ALU_GEN[29].slice_i_bitAdder/g158__93 | A1 v -> ZN ^ | NAND2_X4 | 0.044 |   3.488 |    3.487 | 
     | 15                                                 |              |          |       |         |          | 
     | datapath/ALU_ALU_GEN[29].slice_i_bitAdder/g156__47 | A1 ^ -> ZN v | NAND2_X4 | 0.039 |   3.527 |    3.526 | 
     | 33                                                 |              |          |       |         |          | 
     | datapath/FE_OCPC310_ALU_cout_30                    | A v -> Z v   | BUF_X1   | 0.095 |   3.622 |    3.621 | 
     | datapath/ALU_ALU_GEN[30].slice_i_bitAdder/FE_RC_28 | A1 v -> ZN ^ | NAND2_X1 | 0.048 |   3.670 |    3.669 | 
     | 08_0                                               |              |          |       |         |          | 
     | datapath/ALU_ALU_GEN[30].slice_i_bitAdder/FE_RC_28 | A ^ -> ZN v  | OAI21_X1 | 0.053 |   3.723 |    3.722 | 
     | 07_0                                               |              |          |       |         |          | 
     | datapath/ALU_ALU_GEN[30].slice_i_resultMux/g153__3 | A1 v -> ZN ^ | NAND2_X1 | 0.049 |   3.772 |    3.771 | 
     | 680                                                |              |          |       |         |          | 
     | datapath/ALU_ALU_GEN[30].slice_i_resultMux/g151__5 | A1 ^ -> ZN v | NAND2_X1 | 0.041 |   3.813 |    3.812 | 
     | 526                                                |              |          |       |         |          | 
     | datapath/EXMEM_aluResult_reg[30]                   | D v          | DFFR_X1  | 0.000 |   3.813 |    3.812 | 
     +-----------------------------------------------------------------------------------------------------------+ 
Path 44: VIOLATED Setup Check with Pin datapath/IFID_pc_reg[3]/CK 
Endpoint:   datapath/IFID_pc_reg[3]/D           (^) checked with  leading edge 
of 'clk'
Beginpoint: datapath/registers_RF_reg[17][19]/Q (v) triggered by trailing edge 
of 'clk'
Path Groups: {reg2reg}
Analysis View: WC_VIEW
Other End Arrival Time          0.137
- Setup                         0.080
+ Phase Shift                   3.900
+ CPPR Adjustment               0.000
- Uncertainty                   0.100
= Required Time                 3.857
- Arrival Time                  3.857
= Slack Time                   -0.001
     Clock Fall Edge                 1.950
     + Clock Network Latency (Prop)  0.054
     = Beginpoint Arrival Time       2.004
     +-----------------------------------------------------------------------------------------------------+ 
     |                  Instance                   |     Arc      |   Cell    | Delay | Arrival | Required | 
     |                                             |              |           |       |  Time   |   Time   | 
     |---------------------------------------------+--------------+-----------+-------+---------+----------| 
     | datapath/registers_RF_reg[17][19]           | CK ^         |           |       |   2.004 |    2.003 | 
     | datapath/registers_RF_reg[17][19]           | CK ^ -> Q v  | SDFF_X1   | 0.297 |   2.301 |    2.300 | 
     | datapath/g4106                              | A1 v -> ZN ^ | NAND2_X2  | 0.067 |   2.367 |    2.367 | 
     | datapath/FE_RC_797_0                        | A2 ^ -> ZN v | NAND2_X2  | 0.054 |   2.422 |    2.421 | 
     | datapath/FE_RC_795_0                        | A2 v -> ZN ^ | NOR2_X4   | 0.092 |   2.514 |    2.513 | 
     | datapath/g3480__1666                        | A1 ^ -> ZN ^ | AND2_X4   | 0.099 |   2.613 |    2.613 | 
     | datapath/FE_RC_2225_0                       | A4 ^ -> ZN v | NAND4_X4  | 0.088 |   2.701 |    2.700 | 
     | datapath/g33530                             | A v -> ZN ^  | INV_X4    | 0.059 |   2.759 |    2.759 | 
     | datapath/g32738                             | B1 ^ -> ZN v | AOI21_X2  | 0.046 |   2.805 |    2.805 | 
     | datapath/FE_OCPC513_n_1227                  | A v -> Z v   | BUF_X1    | 0.102 |   2.907 |    2.906 | 
     | datapath/g32547                             | C1 v -> ZN ^ | OAI221_X1 | 0.185 |   3.092 |    3.091 | 
     | datapath/g32522                             | A1 ^ -> ZN v | NOR2_X2   | 0.036 |   3.128 |    3.127 | 
     | datapath/FE_RC_679_0                        | A2 v -> ZN ^ | NAND2_X1  | 0.077 |   3.205 |    3.205 | 
     | datapath/FE_RC_680_0                        | A ^ -> ZN v  | INV_X2    | 0.033 |   3.239 |    3.238 | 
     | datapath/FE_RC_2147_0                       | A3 v -> ZN ^ | NAND4_X4  | 0.076 |   3.315 |    3.314 | 
     | datapath/g32426                             | A1 ^ -> ZN v | NAND2_X1  | 0.055 |   3.369 |    3.369 | 
     | datapath/g32425                             | A v -> ZN ^  | OAI21_X2  | 0.080 |   3.449 |    3.449 | 
     | datapath/g22498                             | A2 ^ -> ZN v | NAND2_X4  | 0.072 |   3.522 |    3.521 | 
     | g1064                                       | A1 v -> ZN ^ | NAND2_X4  | 0.073 |   3.595 |    3.594 | 
     | datapath/FE_RC_2172_0                       | A ^ -> ZN v  | INV_X2    | 0.031 |   3.626 |    3.625 | 
     | datapath/FE_OFC1605_FE_DBTN5_IFID_flush_BAR | A v -> ZN ^  | INV_X2    | 0.092 |   3.718 |    3.717 | 
     | datapath/FE_OFC1608_FE_DBTN5_IFID_flush_BAR | A ^ -> ZN v  | INV_X4    | 0.054 |   3.772 |    3.771 | 
     | datapath/g43122                             | A1 v -> ZN ^ | NOR2_X1   | 0.086 |   3.857 |    3.857 | 
     | datapath/IFID_pc_reg[3]                     | D ^          | DFFR_X1   | 0.000 |   3.857 |    3.857 | 
     +-----------------------------------------------------------------------------------------------------+ 
Path 45: VIOLATED Setup Check with Pin datapath/IFID_instr_reg[13]/CK 
Endpoint:   datapath/IFID_instr_reg[13]/D       (^) checked with  leading edge 
of 'clk'
Beginpoint: datapath/registers_RF_reg[17][19]/Q (v) triggered by trailing edge 
of 'clk'
Path Groups: {reg2reg}
Analysis View: WC_VIEW
Other End Arrival Time          0.184
- Setup                         0.096
+ Phase Shift                   3.900
+ CPPR Adjustment               0.000
- Uncertainty                   0.100
= Required Time                 3.888
- Arrival Time                  3.888
= Slack Time                   -0.000
     Clock Fall Edge                 1.950
     + Clock Network Latency (Prop)  0.054
     = Beginpoint Arrival Time       2.004
     +-------------------------------------------------------------------------------------------+ 
     |             Instance              |     Arc      |   Cell    | Delay | Arrival | Required | 
     |                                   |              |           |       |  Time   |   Time   | 
     |-----------------------------------+--------------+-----------+-------+---------+----------| 
     | datapath/registers_RF_reg[17][19] | CK ^         |           |       |   2.004 |    2.003 | 
     | datapath/registers_RF_reg[17][19] | CK ^ -> Q v  | SDFF_X1   | 0.297 |   2.301 |    2.300 | 
     | datapath/g4106                    | A1 v -> ZN ^ | NAND2_X2  | 0.067 |   2.367 |    2.367 | 
     | datapath/FE_RC_797_0              | A2 ^ -> ZN v | NAND2_X2  | 0.054 |   2.422 |    2.422 | 
     | datapath/FE_RC_795_0              | A2 v -> ZN ^ | NOR2_X4   | 0.092 |   2.514 |    2.514 | 
     | datapath/g3480__1666              | A1 ^ -> ZN ^ | AND2_X4   | 0.099 |   2.613 |    2.613 | 
     | datapath/FE_RC_2225_0             | A4 ^ -> ZN v | NAND4_X4  | 0.088 |   2.701 |    2.700 | 
     | datapath/g33530                   | A v -> ZN ^  | INV_X4    | 0.059 |   2.759 |    2.759 | 
     | datapath/g32738                   | B1 ^ -> ZN v | AOI21_X2  | 0.046 |   2.805 |    2.805 | 
     | datapath/FE_OCPC513_n_1227        | A v -> Z v   | BUF_X1    | 0.102 |   2.907 |    2.906 | 
     | datapath/g32547                   | C1 v -> ZN ^ | OAI221_X1 | 0.185 |   3.092 |    3.091 | 
     | datapath/g32522                   | A1 ^ -> ZN v | NOR2_X2   | 0.036 |   3.128 |    3.128 | 
     | datapath/FE_RC_679_0              | A2 v -> ZN ^ | NAND2_X1  | 0.077 |   3.205 |    3.205 | 
     | datapath/FE_RC_680_0              | A ^ -> ZN v  | INV_X2    | 0.033 |   3.239 |    3.239 | 
     | datapath/FE_RC_2147_0             | A3 v -> ZN ^ | NAND4_X4  | 0.076 |   3.315 |    3.314 | 
     | datapath/g32426                   | A1 ^ -> ZN v | NAND2_X1  | 0.055 |   3.369 |    3.369 | 
     | datapath/g32425                   | A v -> ZN ^  | OAI21_X2  | 0.080 |   3.449 |    3.449 | 
     | datapath/g22498                   | A2 ^ -> ZN v | NAND2_X4  | 0.072 |   3.522 |    3.521 | 
     | g1064                             | A1 v -> ZN ^ | NAND2_X4  | 0.073 |   3.595 |    3.595 | 
     | datapath/g43454                   | A1 ^ -> ZN v | NAND2_X4  | 0.051 |   3.646 |    3.645 | 
     | datapath/FE_OCPC425_n_301         | A v -> Z v   | BUF_X8    | 0.102 |   3.747 |    3.747 | 
     | datapath/g43196                   | B1 v -> ZN ^ | OAI22_X1  | 0.141 |   3.888 |    3.888 | 
     | datapath/IFID_instr_reg[13]       | D ^          | DFFR_X2   | 0.000 |   3.888 |    3.888 | 
     +-------------------------------------------------------------------------------------------+ 
Path 46: MET Setup Check with Pin datapath/IFID_pc_reg[28]/CK 
Endpoint:   datapath/IFID_pc_reg[28]/D          (v) checked with  leading edge 
of 'clk'
Beginpoint: datapath/registers_RF_reg[30][17]/Q (v) triggered by trailing edge 
of 'clk'
Path Groups: {reg2reg}
Analysis View: WC_VIEW
Other End Arrival Time          0.173
- Setup                         0.133
+ Phase Shift                   3.900
+ CPPR Adjustment               0.000
- Uncertainty                   0.100
= Required Time                 3.839
- Arrival Time                  3.839
= Slack Time                    0.000
     Clock Fall Edge                 1.950
     + Clock Network Latency (Prop)  0.055
     = Beginpoint Arrival Time       2.005
     +-----------------------------------------------------------------------------------------------------+ 
     |                  Instance                   |     Arc      |   Cell    | Delay | Arrival | Required | 
     |                                             |              |           |       |  Time   |   Time   | 
     |---------------------------------------------+--------------+-----------+-------+---------+----------| 
     | datapath/registers_RF_reg[30][17]           | CK ^         |           |       |   2.005 |    2.005 | 
     | datapath/registers_RF_reg[30][17]           | CK ^ -> Q v  | SDFF_X1   | 0.279 |   2.284 |    2.284 | 
     | datapath/g4313                              | A1 v -> ZN ^ | NAND2_X1  | 0.066 |   2.350 |    2.350 | 
     | datapath/FE_RC_1423_0                       | A2 ^ -> ZN v | NAND2_X1  | 0.051 |   2.400 |    2.400 | 
     | datapath/FE_RC_1421_0                       | A2 v -> ZN ^ | NOR2_X2   | 0.088 |   2.488 |    2.488 | 
     | datapath/g3506__2883                        | A2 ^ -> ZN ^ | AND2_X2   | 0.110 |   2.598 |    2.598 | 
     | datapath/g3406__1617                        | A3 ^ -> ZN v | NAND4_X4  | 0.103 |   2.700 |    2.701 | 
     | datapath/FE_RC_501_0                        | A v -> ZN ^  | INV_X4    | 0.051 |   2.751 |    2.752 | 
     | datapath/FE_RC_499_0                        | B1 ^ -> ZN v | AOI21_X2  | 0.041 |   2.793 |    2.793 | 
     | datapath/g32617                             | B v -> ZN ^  | XNOR2_X2  | 0.116 |   2.909 |    2.909 | 
     | datapath/g32547                             | A ^ -> ZN v  | OAI221_X1 | 0.118 |   3.027 |    3.028 | 
     | datapath/g32522                             | A1 v -> ZN ^ | NOR2_X2   | 0.086 |   3.114 |    3.114 | 
     | datapath/FE_RC_679_0                        | A2 ^ -> ZN v | NAND2_X1  | 0.052 |   3.166 |    3.166 | 
     | datapath/FE_RC_680_0                        | A v -> ZN ^  | INV_X2    | 0.053 |   3.219 |    3.220 | 
     | datapath/FE_RC_2147_0                       | A3 ^ -> ZN v | NAND4_X4  | 0.092 |   3.311 |    3.311 | 
     | datapath/g32426                             | A1 v -> ZN ^ | NAND2_X1  | 0.074 |   3.385 |    3.385 | 
     | datapath/g32425                             | A ^ -> ZN v  | OAI21_X2  | 0.060 |   3.446 |    3.446 | 
     | datapath/g22498                             | A2 v -> ZN ^ | NAND2_X4  | 0.074 |   3.520 |    3.520 | 
     | g1064                                       | A1 ^ -> ZN v | NAND2_X4  | 0.057 |   3.576 |    3.577 | 
     | datapath/FE_RC_2172_0                       | A v -> ZN ^  | INV_X2    | 0.056 |   3.633 |    3.633 | 
     | datapath/FE_OFC1605_FE_DBTN5_IFID_flush_BAR | A ^ -> ZN v  | INV_X2    | 0.038 |   3.670 |    3.671 | 
     | datapath/FE_OFC1607_FE_DBTN5_IFID_flush_BAR | A v -> ZN ^  | INV_X2    | 0.123 |   3.793 |    3.794 | 
     | datapath/g43144                             | A1 ^ -> ZN v | NOR2_X1   | 0.046 |   3.839 |    3.839 | 
     | datapath/IFID_pc_reg[28]                    | D v          | DFFR_X1   | 0.000 |   3.839 |    3.839 | 
     +-----------------------------------------------------------------------------------------------------+ 
Path 47: MET Setup Check with Pin datapath/IF_pc_reg[16]/CK 
Endpoint:   datapath/IF_pc_reg[16]/D            (v) checked with  leading edge 
of 'clk'
Beginpoint: datapath/registers_RF_reg[30][17]/Q (v) triggered by trailing edge 
of 'clk'
Path Groups: {reg2reg}
Analysis View: WC_VIEW
Other End Arrival Time          0.187
- Setup                         0.136
+ Phase Shift                   3.900
+ CPPR Adjustment               0.000
- Uncertainty                   0.100
= Required Time                 3.851
- Arrival Time                  3.850
= Slack Time                    0.001
     Clock Fall Edge                 1.950
     + Clock Network Latency (Prop)  0.055
     = Beginpoint Arrival Time       2.005
     +------------------------------------------------------------------------------------------------------------+ 
     |                      Instance                      |     Arc      |   Cell    | Delay | Arrival | Required | 
     |                                                    |              |           |       |  Time   |   Time   | 
     |----------------------------------------------------+--------------+-----------+-------+---------+----------| 
     | datapath/registers_RF_reg[30][17]                  | CK ^         |           |       |   2.005 |    2.006 | 
     | datapath/registers_RF_reg[30][17]                  | CK ^ -> Q v  | SDFF_X1   | 0.279 |   2.284 |    2.285 | 
     | datapath/g4313                                     | A1 v -> ZN ^ | NAND2_X1  | 0.066 |   2.350 |    2.351 | 
     | datapath/FE_RC_1423_0                              | A2 ^ -> ZN v | NAND2_X1  | 0.051 |   2.400 |    2.401 | 
     | datapath/FE_RC_1421_0                              | A2 v -> ZN ^ | NOR2_X2   | 0.088 |   2.488 |    2.489 | 
     | datapath/g3506__2883                               | A2 ^ -> ZN ^ | AND2_X2   | 0.110 |   2.598 |    2.599 | 
     | datapath/g3406__1617                               | A3 ^ -> ZN v | NAND4_X4  | 0.103 |   2.700 |    2.701 | 
     | datapath/FE_RC_501_0                               | A v -> ZN ^  | INV_X4    | 0.051 |   2.751 |    2.752 | 
     | datapath/FE_RC_499_0                               | B1 ^ -> ZN v | AOI21_X2  | 0.041 |   2.793 |    2.794 | 
     | datapath/g32617                                    | B v -> ZN ^  | XNOR2_X2  | 0.116 |   2.909 |    2.910 | 
     | datapath/g32547                                    | A ^ -> ZN v  | OAI221_X1 | 0.118 |   3.027 |    3.029 | 
     | datapath/g32522                                    | A1 v -> ZN ^ | NOR2_X2   | 0.086 |   3.114 |    3.115 | 
     | datapath/FE_RC_679_0                               | A2 ^ -> ZN v | NAND2_X1  | 0.052 |   3.166 |    3.167 | 
     | datapath/FE_RC_680_0                               | A v -> ZN ^  | INV_X2    | 0.053 |   3.219 |    3.220 | 
     | datapath/FE_RC_2147_0                              | A3 ^ -> ZN v | NAND4_X4  | 0.092 |   3.311 |    3.312 | 
     | datapath/g32426                                    | A1 v -> ZN ^ | NAND2_X1  | 0.074 |   3.385 |    3.386 | 
     | datapath/g32425                                    | A ^ -> ZN v  | OAI21_X2  | 0.060 |   3.446 |    3.447 | 
     | datapath/g22498                                    | A2 v -> ZN ^ | NAND2_X4  | 0.074 |   3.520 |    3.521 | 
     | datapath/branch_or_inc_4/FE_OCPC266_IFID_takeBranc | A ^ -> ZN v  | INV_X4    | 0.046 |   3.565 |    3.567 | 
     | h                                                  |              |           |       |         |          | 
     | datapath/branch_or_inc_4/FE_OCPC269_IFID_takeBranc | A v -> ZN ^  | INV_X8    | 0.080 |   3.646 |    3.647 | 
     | h                                                  |              |           |       |         |          | 
     | datapath/branch_or_inc_4/FE_OCPC288_IFID_takeBranc | A ^ -> ZN v  | INV_X4    | 0.037 |   3.683 |    3.684 | 
     | h                                                  |              |           |       |         |          | 
     | datapath/branch_or_inc_4/g859__5526                | A1 v -> ZN ^ | NAND2_X1  | 0.045 |   3.728 |    3.729 | 
     | datapath/branch_or_inc_4/g827__5107                | A1 ^ -> ZN v | NAND2_X1  | 0.036 |   3.764 |    3.765 | 
     | datapath/g43382                                    | A1 v -> ZN ^ | NAND2_X1  | 0.046 |   3.810 |    3.811 | 
     | datapath/g43318                                    | A1 ^ -> ZN v | NAND2_X1  | 0.040 |   3.850 |    3.851 | 
     | datapath/IF_pc_reg[16]                             | D v          | DFFR_X1   | 0.000 |   3.850 |    3.851 | 
     +------------------------------------------------------------------------------------------------------------+ 
Path 48: MET Setup Check with Pin datapath/IFID_instr_reg[12]/CK 
Endpoint:   datapath/IFID_instr_reg[12]/D       (^) checked with  leading edge 
of 'clk'
Beginpoint: datapath/registers_RF_reg[17][19]/Q (v) triggered by trailing edge 
of 'clk'
Path Groups: {reg2reg}
Analysis View: WC_VIEW
Other End Arrival Time          0.184
- Setup                         0.096
+ Phase Shift                   3.900
+ CPPR Adjustment               0.000
- Uncertainty                   0.100
= Required Time                 3.888
- Arrival Time                  3.886
= Slack Time                    0.002
     Clock Fall Edge                 1.950
     + Clock Network Latency (Prop)  0.054
     = Beginpoint Arrival Time       2.004
     +-------------------------------------------------------------------------------------------+ 
     |             Instance              |     Arc      |   Cell    | Delay | Arrival | Required | 
     |                                   |              |           |       |  Time   |   Time   | 
     |-----------------------------------+--------------+-----------+-------+---------+----------| 
     | datapath/registers_RF_reg[17][19] | CK ^         |           |       |   2.004 |    2.005 | 
     | datapath/registers_RF_reg[17][19] | CK ^ -> Q v  | SDFF_X1   | 0.297 |   2.301 |    2.303 | 
     | datapath/g4106                    | A1 v -> ZN ^ | NAND2_X2  | 0.067 |   2.367 |    2.369 | 
     | datapath/FE_RC_797_0              | A2 ^ -> ZN v | NAND2_X2  | 0.054 |   2.422 |    2.424 | 
     | datapath/FE_RC_795_0              | A2 v -> ZN ^ | NOR2_X4   | 0.092 |   2.514 |    2.516 | 
     | datapath/g3480__1666              | A1 ^ -> ZN ^ | AND2_X4   | 0.099 |   2.613 |    2.615 | 
     | datapath/FE_RC_2225_0             | A4 ^ -> ZN v | NAND4_X4  | 0.088 |   2.701 |    2.702 | 
     | datapath/g33530                   | A v -> ZN ^  | INV_X4    | 0.059 |   2.759 |    2.761 | 
     | datapath/g32738                   | B1 ^ -> ZN v | AOI21_X2  | 0.046 |   2.805 |    2.807 | 
     | datapath/FE_OCPC513_n_1227        | A v -> Z v   | BUF_X1    | 0.102 |   2.907 |    2.909 | 
     | datapath/g32547                   | C1 v -> ZN ^ | OAI221_X1 | 0.185 |   3.092 |    3.093 | 
     | datapath/g32522                   | A1 ^ -> ZN v | NOR2_X2   | 0.036 |   3.128 |    3.130 | 
     | datapath/FE_RC_679_0              | A2 v -> ZN ^ | NAND2_X1  | 0.077 |   3.205 |    3.207 | 
     | datapath/FE_RC_680_0              | A ^ -> ZN v  | INV_X2    | 0.033 |   3.239 |    3.241 | 
     | datapath/FE_RC_2147_0             | A3 v -> ZN ^ | NAND4_X4  | 0.076 |   3.315 |    3.316 | 
     | datapath/g32426                   | A1 ^ -> ZN v | NAND2_X1  | 0.055 |   3.369 |    3.371 | 
     | datapath/g32425                   | A v -> ZN ^  | OAI21_X2  | 0.080 |   3.449 |    3.451 | 
     | datapath/g22498                   | A2 ^ -> ZN v | NAND2_X4  | 0.072 |   3.522 |    3.523 | 
     | g1064                             | A1 v -> ZN ^ | NAND2_X4  | 0.073 |   3.595 |    3.597 | 
     | datapath/g43454                   | A1 ^ -> ZN v | NAND2_X4  | 0.051 |   3.646 |    3.648 | 
     | datapath/FE_OCPC425_n_301         | A v -> Z v   | BUF_X8    | 0.102 |   3.747 |    3.749 | 
     | datapath/g43209                   | B1 v -> ZN ^ | OAI22_X1  | 0.138 |   3.886 |    3.888 | 
     | datapath/IFID_instr_reg[12]       | D ^          | DFFR_X2   | 0.000 |   3.886 |    3.888 | 
     +-------------------------------------------------------------------------------------------+ 
Path 49: MET Setup Check with Pin datapath/IF_pc_reg[1]/CK 
Endpoint:   datapath/IF_pc_reg[1]/D             (v) checked with  leading edge 
of 'clk'
Beginpoint: datapath/registers_RF_reg[30][17]/Q (v) triggered by trailing edge 
of 'clk'
Path Groups: {reg2reg}
Analysis View: WC_VIEW
Other End Arrival Time          0.187
- Setup                         0.136
+ Phase Shift                   3.900
+ CPPR Adjustment               0.000
- Uncertainty                   0.100
= Required Time                 3.851
- Arrival Time                  3.849
= Slack Time                    0.003
     Clock Fall Edge                 1.950
     + Clock Network Latency (Prop)  0.055
     = Beginpoint Arrival Time       2.005
     +------------------------------------------------------------------------------------------------------------+ 
     |                      Instance                      |     Arc      |   Cell    | Delay | Arrival | Required | 
     |                                                    |              |           |       |  Time   |   Time   | 
     |----------------------------------------------------+--------------+-----------+-------+---------+----------| 
     | datapath/registers_RF_reg[30][17]                  | CK ^         |           |       |   2.005 |    2.007 | 
     | datapath/registers_RF_reg[30][17]                  | CK ^ -> Q v  | SDFF_X1   | 0.279 |   2.284 |    2.287 | 
     | datapath/g4313                                     | A1 v -> ZN ^ | NAND2_X1  | 0.066 |   2.350 |    2.352 | 
     | datapath/FE_RC_1423_0                              | A2 ^ -> ZN v | NAND2_X1  | 0.051 |   2.400 |    2.403 | 
     | datapath/FE_RC_1421_0                              | A2 v -> ZN ^ | NOR2_X2   | 0.088 |   2.488 |    2.490 | 
     | datapath/g3506__2883                               | A2 ^ -> ZN ^ | AND2_X2   | 0.110 |   2.598 |    2.600 | 
     | datapath/g3406__1617                               | A3 ^ -> ZN v | NAND4_X4  | 0.103 |   2.700 |    2.703 | 
     | datapath/FE_RC_501_0                               | A v -> ZN ^  | INV_X4    | 0.051 |   2.751 |    2.754 | 
     | datapath/FE_RC_499_0                               | B1 ^ -> ZN v | AOI21_X2  | 0.041 |   2.793 |    2.795 | 
     | datapath/g32617                                    | B v -> ZN ^  | XNOR2_X2  | 0.116 |   2.909 |    2.912 | 
     | datapath/g32547                                    | A ^ -> ZN v  | OAI221_X1 | 0.118 |   3.027 |    3.030 | 
     | datapath/g32522                                    | A1 v -> ZN ^ | NOR2_X2   | 0.086 |   3.114 |    3.116 | 
     | datapath/FE_RC_679_0                               | A2 ^ -> ZN v | NAND2_X1  | 0.052 |   3.166 |    3.169 | 
     | datapath/FE_RC_680_0                               | A v -> ZN ^  | INV_X2    | 0.053 |   3.219 |    3.222 | 
     | datapath/FE_RC_2147_0                              | A3 ^ -> ZN v | NAND4_X4  | 0.092 |   3.311 |    3.314 | 
     | datapath/g32426                                    | A1 v -> ZN ^ | NAND2_X1  | 0.074 |   3.385 |    3.388 | 
     | datapath/g32425                                    | A ^ -> ZN v  | OAI21_X2  | 0.060 |   3.446 |    3.448 | 
     | datapath/g22498                                    | A2 v -> ZN ^ | NAND2_X4  | 0.074 |   3.520 |    3.522 | 
     | datapath/branch_or_inc_4/FE_OCPC266_IFID_takeBranc | A ^ -> ZN v  | INV_X4    | 0.046 |   3.565 |    3.568 | 
     | h                                                  |              |           |       |         |          | 
     | datapath/branch_or_inc_4/FE_OCPC269_IFID_takeBranc | A v -> ZN ^  | INV_X8    | 0.080 |   3.646 |    3.648 | 
     | h                                                  |              |           |       |         |          | 
     | datapath/branch_or_inc_4/FE_OCPC290_IFID_takeBranc | A ^ -> ZN v  | INV_X1    | 0.034 |   3.680 |    3.682 | 
     | h                                                  |              |           |       |         |          | 
     | datapath/branch_or_inc_4/g858__8428                | A1 v -> ZN ^ | NAND2_X1  | 0.045 |   3.725 |    3.728 | 
     | datapath/branch_or_inc_4/g828__6260                | A1 ^ -> ZN v | NAND2_X1  | 0.037 |   3.762 |    3.765 | 
     | datapath/g43379                                    | A1 v -> ZN ^ | NAND2_X1  | 0.047 |   3.809 |    3.812 | 
     | datapath/g43259                                    | A1 ^ -> ZN v | NAND2_X1  | 0.040 |   3.849 |    3.851 | 
     | datapath/IF_pc_reg[1]                              | D v          | DFFR_X1   | 0.000 |   3.849 |    3.851 | 
     +------------------------------------------------------------------------------------------------------------+ 
Path 50: MET Setup Check with Pin datapath/registers_RF_reg[18][25]/CK 
Endpoint:   datapath/registers_RF_reg[18][25]/D (v) checked with trailing edge 
of 'clk'
Beginpoint: datapath/MEMWB_memToReg_reg/QN      (v) triggered by  leading edge 
of 'clk'
Path Groups: {reg2reg}
Analysis View: WC_VIEW
Other End Arrival Time          1.738
- Setup                         0.264
+ Phase Shift                   0.000
+ CPPR Adjustment               0.000
- Uncertainty                   0.100
= Required Time                 1.374
- Arrival Time                  1.351
= Slack Time                    0.023
     Clock Rise Edge                 0.000
     + Clock Network Latency (Prop)  0.143
     = Beginpoint Arrival Time       0.143
     +-------------------------------------------------------------------------------------------+ 
     |             Instance              |     Arc      |   Cell    | Delay | Arrival | Required | 
     |                                   |              |           |       |  Time   |   Time   | 
     |-----------------------------------+--------------+-----------+-------+---------+----------| 
     | datapath/MEMWB_memToReg_reg       | CK ^         |           |       |   0.143 |    0.165 | 
     | datapath/MEMWB_memToReg_reg       | CK ^ -> QN v | DFFR_X1   | 0.307 |   0.449 |    0.472 | 
     | datapath/FE_OCPC432_n_500         | A v -> ZN ^  | INV_X4    | 0.088 |   0.537 |    0.560 | 
     | datapath/FE_OCPC435_n_500         | A ^ -> Z ^   | CLKBUF_X3 | 0.140 |   0.677 |    0.699 | 
     | datapath/FE_OCPC438_n_500         | A ^ -> Z ^   | BUF_X4    | 0.097 |   0.774 |    0.797 | 
     | datapath/FE_OCPC1271_n_500        | A ^ -> Z ^   | CLKBUF_X1 | 0.158 |   0.932 |    0.954 | 
     | datapath/FE_RC_2804_0             | A ^ -> ZN v  | INV_X1    | 0.040 |   0.972 |    0.994 | 
     | datapath/FE_RC_2802_0             | B1 v -> ZN ^ | AOI22_X1  | 0.243 |   1.214 |    1.237 | 
     | datapath/FE_OFC1760_FE_RN_1446_0  | A ^ -> ZN v  | INV_X4    | 0.122 |   1.337 |    1.359 | 
     | datapath/registers_RF_reg[18][25] | D v          | SDFF_X1   | 0.015 |   1.351 |    1.374 | 
     +-------------------------------------------------------------------------------------------+ 

