###############################################################
#  Generated by:      Cadence Innovus 23.12-s091_1
#  OS:                Linux x86_64(Host ID nanohub-2907570-14)
#  Generated on:      Mon Aug 10 15:33:04 2026
#  Design:            pipelined_cpu_core
#  Command:           report_timing -late  -view RPT_TYP -max_paths 50 -nworst 1 > reports/40_setup_typ.rpt
###############################################################
Path 1: MET Setup Check with Pin datapath/registers_RF_reg[19][25]/CK 
Endpoint:   datapath/registers_RF_reg[19][25]/D (v) checked with trailing edge 
of 'clk'
Beginpoint: datapath/MEMWB_memToReg_reg/QN      (v) triggered by  leading edge 
of 'clk'
Path Groups: {reg2reg}
Analysis View: RPT_TYP
Other End Arrival Time          2.064
- Setup                         0.086
+ Phase Shift                   0.000
+ CPPR Adjustment               0.000
- Uncertainty                   0.100
= Required Time                 1.879
- Arrival Time                  0.622
= Slack Time                    1.256
     Clock Rise Edge                 0.000
     + Clock Network Latency (Prop)  0.255
     = Beginpoint Arrival Time       0.255
     +-------------------------------------------------------------------------------------------+ 
     |             Instance              |     Arc      |   Cell    | Delay | Arrival | Required | 
     |                                   |              |           |       |  Time   |   Time   | 
     |-----------------------------------+--------------+-----------+-------+---------+----------| 
     | datapath/MEMWB_memToReg_reg       | CK ^         |           |       |   0.254 |    1.511 | 
     | datapath/MEMWB_memToReg_reg       | CK ^ -> QN v | DFFR_X1   | 0.089 |   0.344 |    1.600 | 
     | datapath/FE_OCPC432_n_500         | A v -> ZN ^  | INV_X4    | 0.026 |   0.370 |    1.626 | 
     | datapath/FE_OCPC435_n_500         | A ^ -> Z ^   | CLKBUF_X3 | 0.046 |   0.415 |    1.672 | 
     | datapath/FE_OCPC438_n_500         | A ^ -> Z ^   | BUF_X4    | 0.031 |   0.446 |    1.702 | 
     | datapath/FE_OCPC1271_n_500        | A ^ -> Z ^   | CLKBUF_X1 | 0.052 |   0.498 |    1.754 | 
     | datapath/FE_RC_2804_0             | A ^ -> ZN v  | INV_X1    | 0.011 |   0.509 |    1.766 | 
     | datapath/FE_RC_2802_0             | B1 v -> ZN ^ | AOI22_X1  | 0.065 |   0.574 |    1.830 | 
     | datapath/FE_OFC1760_FE_RN_1446_0  | A ^ -> ZN v  | INV_X4    | 0.033 |   0.607 |    1.864 | 
     | datapath/registers_RF_reg[19][25] | D v          | SDFF_X1   | 0.015 |   0.622 |    1.879 | 
     +-------------------------------------------------------------------------------------------+ 
Path 2: MET Setup Check with Pin datapath/registers_RF_reg[18][25]/CK 
Endpoint:   datapath/registers_RF_reg[18][25]/D (v) checked with trailing edge 
of 'clk'
Beginpoint: datapath/MEMWB_memToReg_reg/QN      (v) triggered by  leading edge 
of 'clk'
Path Groups: {reg2reg}
Analysis View: RPT_TYP
Other End Arrival Time          2.064
- Setup                         0.086
+ Phase Shift                   0.000
+ CPPR Adjustment               0.000
- Uncertainty                   0.100
= Required Time                 1.879
- Arrival Time                  0.622
= Slack Time                    1.256
     Clock Rise Edge                 0.000
     + Clock Network Latency (Prop)  0.255
     = Beginpoint Arrival Time       0.255
     +-------------------------------------------------------------------------------------------+ 
     |             Instance              |     Arc      |   Cell    | Delay | Arrival | Required | 
     |                                   |              |           |       |  Time   |   Time   | 
     |-----------------------------------+--------------+-----------+-------+---------+----------| 
     | datapath/MEMWB_memToReg_reg       | CK ^         |           |       |   0.254 |    1.511 | 
     | datapath/MEMWB_memToReg_reg       | CK ^ -> QN v | DFFR_X1   | 0.089 |   0.344 |    1.600 | 
     | datapath/FE_OCPC432_n_500         | A v -> ZN ^  | INV_X4    | 0.026 |   0.370 |    1.626 | 
     | datapath/FE_OCPC435_n_500         | A ^ -> Z ^   | CLKBUF_X3 | 0.046 |   0.415 |    1.672 | 
     | datapath/FE_OCPC438_n_500         | A ^ -> Z ^   | BUF_X4    | 0.031 |   0.446 |    1.702 | 
     | datapath/FE_OCPC1271_n_500        | A ^ -> Z ^   | CLKBUF_X1 | 0.052 |   0.498 |    1.754 | 
     | datapath/FE_RC_2804_0             | A ^ -> ZN v  | INV_X1    | 0.011 |   0.509 |    1.766 | 
     | datapath/FE_RC_2802_0             | B1 v -> ZN ^ | AOI22_X1  | 0.065 |   0.574 |    1.830 | 
     | datapath/FE_OFC1760_FE_RN_1446_0  | A ^ -> ZN v  | INV_X4    | 0.033 |   0.607 |    1.864 | 
     | datapath/registers_RF_reg[18][25] | D v          | SDFF_X1   | 0.015 |   0.622 |    1.879 | 
     +-------------------------------------------------------------------------------------------+ 
Path 3: MET Setup Check with Pin datapath/registers_RF_reg[17][25]/CK 
Endpoint:   datapath/registers_RF_reg[17][25]/D (v) checked with trailing edge 
of 'clk'
Beginpoint: datapath/MEMWB_memToReg_reg/QN      (v) triggered by  leading edge 
of 'clk'
Path Groups: {reg2reg}
Analysis View: RPT_TYP
Other End Arrival Time          2.064
- Setup                         0.086
+ Phase Shift                   0.000
+ CPPR Adjustment               0.000
- Uncertainty                   0.100
= Required Time                 1.879
- Arrival Time                  0.622
= Slack Time                    1.256
     Clock Rise Edge                 0.000
     + Clock Network Latency (Prop)  0.255
     = Beginpoint Arrival Time       0.255
     +-------------------------------------------------------------------------------------------+ 
     |             Instance              |     Arc      |   Cell    | Delay | Arrival | Required | 
     |                                   |              |           |       |  Time   |   Time   | 
     |-----------------------------------+--------------+-----------+-------+---------+----------| 
     | datapath/MEMWB_memToReg_reg       | CK ^         |           |       |   0.254 |    1.511 | 
     | datapath/MEMWB_memToReg_reg       | CK ^ -> QN v | DFFR_X1   | 0.089 |   0.344 |    1.600 | 
     | datapath/FE_OCPC432_n_500         | A v -> ZN ^  | INV_X4    | 0.026 |   0.370 |    1.626 | 
     | datapath/FE_OCPC435_n_500         | A ^ -> Z ^   | CLKBUF_X3 | 0.046 |   0.415 |    1.672 | 
     | datapath/FE_OCPC438_n_500         | A ^ -> Z ^   | BUF_X4    | 0.031 |   0.446 |    1.702 | 
     | datapath/FE_OCPC1271_n_500        | A ^ -> Z ^   | CLKBUF_X1 | 0.052 |   0.498 |    1.754 | 
     | datapath/FE_RC_2804_0             | A ^ -> ZN v  | INV_X1    | 0.011 |   0.509 |    1.766 | 
     | datapath/FE_RC_2802_0             | B1 v -> ZN ^ | AOI22_X1  | 0.065 |   0.574 |    1.830 | 
     | datapath/FE_OFC1760_FE_RN_1446_0  | A ^ -> ZN v  | INV_X4    | 0.033 |   0.607 |    1.864 | 
     | datapath/registers_RF_reg[17][25] | D v          | SDFF_X1   | 0.015 |   0.622 |    1.879 | 
     +-------------------------------------------------------------------------------------------+ 
Path 4: MET Setup Check with Pin datapath/registers_RF_reg[31][27]/CK 
Endpoint:   datapath/registers_RF_reg[31][27]/D (^) checked with trailing edge 
of 'clk'
Beginpoint: datapath/MEMWB_memToReg_reg/QN      (^) triggered by  leading edge 
of 'clk'
Path Groups: {reg2reg}
Analysis View: RPT_TYP
Other End Arrival Time          2.094
- Setup                         0.081
+ Phase Shift                   0.000
+ CPPR Adjustment               0.000
- Uncertainty                   0.100
= Required Time                 1.914
- Arrival Time                  0.647
= Slack Time                    1.267
     Clock Rise Edge                 0.000
     + Clock Network Latency (Prop)  0.255
     = Beginpoint Arrival Time       0.255
     +-------------------------------------------------------------------------------------------+ 
     |             Instance              |     Arc      |   Cell    | Delay | Arrival | Required | 
     |                                   |              |           |       |  Time   |   Time   | 
     |-----------------------------------+--------------+-----------+-------+---------+----------| 
     | datapath/MEMWB_memToReg_reg       | CK ^         |           |       |   0.255 |    1.521 | 
     | datapath/MEMWB_memToReg_reg       | CK ^ -> QN ^ | DFFR_X1   | 0.096 |   0.350 |    1.617 | 
     | datapath/FE_OCPC432_n_500         | A ^ -> ZN v  | INV_X4    | 0.017 |   0.367 |    1.634 | 
     | datapath/FE_OCPC435_n_500         | A v -> Z v   | CLKBUF_X3 | 0.047 |   0.414 |    1.681 | 
     | datapath/FE_OCPC438_n_500         | A v -> Z v   | BUF_X4    | 0.035 |   0.449 |    1.716 | 
     | datapath/FE_OCPC1271_n_500        | A v -> Z v   | CLKBUF_X1 | 0.051 |   0.500 |    1.766 | 
     | datapath/g33136                   | S v -> Z ^   | MUX2_X2   | 0.134 |   0.634 |    1.901 | 
     | datapath/registers_RF_reg[31][27] | D ^          | SDFF_X1   | 0.013 |   0.647 |    1.914 | 
     +-------------------------------------------------------------------------------------------+ 
Path 5: MET Setup Check with Pin datapath/IFID_instr_reg[7]/CK 
Endpoint:   datapath/IFID_instr_reg[7]/D       (^) checked with  leading edge 
of 'clk'
Beginpoint: datapath/registers_RF_reg[9][17]/Q (v) triggered by trailing edge 
of 'clk'
Path Groups: {reg2reg}
Analysis View: RPT_TYP
Other End Arrival Time          0.252
- Setup                         0.036
+ Phase Shift                   3.900
+ CPPR Adjustment               0.000
- Uncertainty                   0.100
= Required Time                 4.016
- Arrival Time                  2.747
= Slack Time                    1.269
     Clock Fall Edge                 1.950
     + Clock Network Latency (Prop)  0.199
     = Beginpoint Arrival Time       2.149
     +------------------------------------------------------------------------------------------+ 
     |             Instance             |     Arc      |   Cell    | Delay | Arrival | Required | 
     |                                  |              |           |       |  Time   |   Time   | 
     |----------------------------------+--------------+-----------+-------+---------+----------| 
     | datapath/registers_RF_reg[9][17] | CK ^         |           |       |   2.149 |    3.419 | 
     | datapath/registers_RF_reg[9][17] | CK ^ -> Q v  | SDFF_X1   | 0.076 |   2.226 |    3.495 | 
     | datapath/g4255                   | A1 v -> ZN ^ | NAND2_X1  | 0.018 |   2.244 |    3.513 | 
     | datapath/FE_RC_2495_0            | A2 ^ -> ZN v | NAND3_X1  | 0.023 |   2.267 |    3.536 | 
     | datapath/FE_RC_2496_0            | A v -> ZN ^  | INV_X1    | 0.015 |   2.282 |    3.551 | 
     | datapath/FE_RC_2857_0            | A3 ^ -> ZN v | NAND3_X1  | 0.026 |   2.308 |    3.577 | 
     | datapath/FE_RC_1786_0            | A v -> ZN ^  | INV_X2    | 0.020 |   2.328 |    3.598 | 
     | datapath/g3406__1617             | A4 ^ -> ZN v | NAND4_X4  | 0.038 |   2.367 |    3.636 | 
     | datapath/FE_RC_501_0             | A v -> ZN ^  | INV_X4    | 0.016 |   2.383 |    3.652 | 
     | datapath/FE_RC_499_0             | B1 ^ -> ZN v | AOI21_X2  | 0.016 |   2.399 |    3.668 | 
     | datapath/g32617                  | B v -> ZN ^  | XNOR2_X2  | 0.031 |   2.430 |    3.700 | 
     | datapath/g32547                  | A ^ -> ZN v  | OAI221_X1 | 0.043 |   2.473 |    3.743 | 
     | datapath/g32522                  | A1 v -> ZN ^ | NOR2_X2   | 0.026 |   2.499 |    3.769 | 
     | datapath/FE_RC_679_0             | A2 ^ -> ZN v | NAND2_X1  | 0.018 |   2.517 |    3.787 | 
     | datapath/FE_RC_680_0             | A v -> ZN ^  | INV_X2    | 0.016 |   2.534 |    3.803 | 
     | datapath/FE_RC_2147_0            | A3 ^ -> ZN v | NAND4_X4  | 0.033 |   2.566 |    3.836 | 
     | datapath/g32425                  | B1 v -> ZN ^ | OAI21_X2  | 0.039 |   2.605 |    3.874 | 
     | datapath/g22498                  | A2 ^ -> ZN v | NAND2_X4  | 0.022 |   2.627 |    3.896 | 
     | g1064                            | A1 v -> ZN ^ | NAND2_X4  | 0.022 |   2.649 |    3.918 | 
     | datapath/g43454                  | A1 ^ -> ZN v | NAND2_X4  | 0.018 |   2.667 |    3.936 | 
     | datapath/FE_OCPC425_n_301        | A v -> Z v   | BUF_X8    | 0.031 |   2.697 |    3.967 | 
     | datapath/g43204                  | B1 v -> ZN ^ | OAI22_X1  | 0.049 |   2.747 |    4.016 | 
     | datapath/IFID_instr_reg[7]       | D ^          | DFFR_X2   | 0.000 |   2.747 |    4.016 | 
     +------------------------------------------------------------------------------------------+ 
Path 6: MET Setup Check with Pin datapath/IFID_instr_reg[8]/CK 
Endpoint:   datapath/IFID_instr_reg[8]/D       (^) checked with  leading edge 
of 'clk'
Beginpoint: datapath/registers_RF_reg[9][17]/Q (v) triggered by trailing edge 
of 'clk'
Path Groups: {reg2reg}
Analysis View: RPT_TYP
Other End Arrival Time          0.252
- Setup                         0.036
+ Phase Shift                   3.900
+ CPPR Adjustment               0.000
- Uncertainty                   0.100
= Required Time                 4.016
- Arrival Time                  2.747
= Slack Time                    1.269
     Clock Fall Edge                 1.950
     + Clock Network Latency (Prop)  0.199
     = Beginpoint Arrival Time       2.149
     +------------------------------------------------------------------------------------------+ 
     |             Instance             |     Arc      |   Cell    | Delay | Arrival | Required | 
     |                                  |              |           |       |  Time   |   Time   | 
     |----------------------------------+--------------+-----------+-------+---------+----------| 
     | datapath/registers_RF_reg[9][17] | CK ^         |           |       |   2.149 |    3.419 | 
     | datapath/registers_RF_reg[9][17] | CK ^ -> Q v  | SDFF_X1   | 0.076 |   2.226 |    3.495 | 
     | datapath/g4255                   | A1 v -> ZN ^ | NAND2_X1  | 0.018 |   2.244 |    3.513 | 
     | datapath/FE_RC_2495_0            | A2 ^ -> ZN v | NAND3_X1  | 0.023 |   2.267 |    3.536 | 
     | datapath/FE_RC_2496_0            | A v -> ZN ^  | INV_X1    | 0.015 |   2.282 |    3.551 | 
     | datapath/FE_RC_2857_0            | A3 ^ -> ZN v | NAND3_X1  | 0.026 |   2.308 |    3.577 | 
     | datapath/FE_RC_1786_0            | A v -> ZN ^  | INV_X2    | 0.020 |   2.328 |    3.598 | 
     | datapath/g3406__1617             | A4 ^ -> ZN v | NAND4_X4  | 0.038 |   2.367 |    3.636 | 
     | datapath/FE_RC_501_0             | A v -> ZN ^  | INV_X4    | 0.016 |   2.383 |    3.652 | 
     | datapath/FE_RC_499_0             | B1 ^ -> ZN v | AOI21_X2  | 0.016 |   2.399 |    3.668 | 
     | datapath/g32617                  | B v -> ZN ^  | XNOR2_X2  | 0.031 |   2.430 |    3.700 | 
     | datapath/g32547                  | A ^ -> ZN v  | OAI221_X1 | 0.043 |   2.473 |    3.743 | 
     | datapath/g32522                  | A1 v -> ZN ^ | NOR2_X2   | 0.026 |   2.499 |    3.769 | 
     | datapath/FE_RC_679_0             | A2 ^ -> ZN v | NAND2_X1  | 0.018 |   2.517 |    3.787 | 
     | datapath/FE_RC_680_0             | A v -> ZN ^  | INV_X2    | 0.016 |   2.534 |    3.803 | 
     | datapath/FE_RC_2147_0            | A3 ^ -> ZN v | NAND4_X4  | 0.033 |   2.566 |    3.836 | 
     | datapath/g32425                  | B1 v -> ZN ^ | OAI21_X2  | 0.039 |   2.605 |    3.875 | 
     | datapath/g22498                  | A2 ^ -> ZN v | NAND2_X4  | 0.022 |   2.627 |    3.896 | 
     | g1064                            | A1 v -> ZN ^ | NAND2_X4  | 0.022 |   2.649 |    3.918 | 
     | datapath/g43454                  | A1 ^ -> ZN v | NAND2_X4  | 0.018 |   2.667 |    3.936 | 
     | datapath/FE_OCPC425_n_301        | A v -> Z v   | BUF_X8    | 0.031 |   2.697 |    3.967 | 
     | datapath/g43198                  | B1 v -> ZN ^ | OAI22_X1  | 0.049 |   2.747 |    4.016 | 
     | datapath/IFID_instr_reg[8]       | D ^          | DFFR_X2   | 0.000 |   2.747 |    4.016 | 
     +------------------------------------------------------------------------------------------+ 
Path 7: MET Setup Check with Pin datapath/IFID_instr_reg[17]/CK 
Endpoint:   datapath/IFID_instr_reg[17]/D      (^) checked with  leading edge 
of 'clk'
Beginpoint: datapath/registers_RF_reg[9][17]/Q (v) triggered by trailing edge 
of 'clk'
Path Groups: {reg2reg}
Analysis View: RPT_TYP
Other End Arrival Time          0.252
- Setup                         0.036
+ Phase Shift                   3.900
+ CPPR Adjustment               0.000
- Uncertainty                   0.100
= Required Time                 4.016
- Arrival Time                  2.746
= Slack Time                    1.270
     Clock Fall Edge                 1.950
     + Clock Network Latency (Prop)  0.199
     = Beginpoint Arrival Time       2.149
     +------------------------------------------------------------------------------------------+ 
     |             Instance             |     Arc      |   Cell    | Delay | Arrival | Required | 
     |                                  |              |           |       |  Time   |   Time   | 
     |----------------------------------+--------------+-----------+-------+---------+----------| 
     | datapath/registers_RF_reg[9][17] | CK ^         |           |       |   2.149 |    3.419 | 
     | datapath/registers_RF_reg[9][17] | CK ^ -> Q v  | SDFF_X1   | 0.076 |   2.226 |    3.495 | 
     | datapath/g4255                   | A1 v -> ZN ^ | NAND2_X1  | 0.018 |   2.244 |    3.513 | 
     | datapath/FE_RC_2495_0            | A2 ^ -> ZN v | NAND3_X1  | 0.023 |   2.267 |    3.536 | 
     | datapath/FE_RC_2496_0            | A v -> ZN ^  | INV_X1    | 0.015 |   2.282 |    3.551 | 
     | datapath/FE_RC_2857_0            | A3 ^ -> ZN v | NAND3_X1  | 0.026 |   2.308 |    3.577 | 
     | datapath/FE_RC_1786_0            | A v -> ZN ^  | INV_X2    | 0.020 |   2.328 |    3.598 | 
     | datapath/g3406__1617             | A4 ^ -> ZN v | NAND4_X4  | 0.038 |   2.367 |    3.636 | 
     | datapath/FE_RC_501_0             | A v -> ZN ^  | INV_X4    | 0.016 |   2.383 |    3.652 | 
     | datapath/FE_RC_499_0             | B1 ^ -> ZN v | AOI21_X2  | 0.016 |   2.399 |    3.669 | 
     | datapath/g32617                  | B v -> ZN ^  | XNOR2_X2  | 0.031 |   2.430 |    3.700 | 
     | datapath/g32547                  | A ^ -> ZN v  | OAI221_X1 | 0.043 |   2.473 |    3.743 | 
     | datapath/g32522                  | A1 v -> ZN ^ | NOR2_X2   | 0.026 |   2.499 |    3.769 | 
     | datapath/FE_RC_679_0             | A2 ^ -> ZN v | NAND2_X1  | 0.018 |   2.517 |    3.787 | 
     | datapath/FE_RC_680_0             | A v -> ZN ^  | INV_X2    | 0.016 |   2.534 |    3.803 | 
     | datapath/FE_RC_2147_0            | A3 ^ -> ZN v | NAND4_X4  | 0.033 |   2.566 |    3.836 | 
     | datapath/g32425                  | B1 v -> ZN ^ | OAI21_X2  | 0.039 |   2.605 |    3.875 | 
     | datapath/g22498                  | A2 ^ -> ZN v | NAND2_X4  | 0.022 |   2.627 |    3.896 | 
     | g1064                            | A1 v -> ZN ^ | NAND2_X4  | 0.022 |   2.649 |    3.919 | 
     | datapath/g43454                  | A1 ^ -> ZN v | NAND2_X4  | 0.018 |   2.667 |    3.936 | 
     | datapath/FE_OCPC425_n_301        | A v -> Z v   | BUF_X8    | 0.031 |   2.697 |    3.967 | 
     | datapath/g43202                  | B1 v -> ZN ^ | OAI22_X1  | 0.049 |   2.746 |    4.016 | 
     | datapath/IFID_instr_reg[17]      | D ^          | DFFR_X2   | 0.000 |   2.746 |    4.016 | 
     +------------------------------------------------------------------------------------------+ 
Path 8: MET Setup Check with Pin datapath/IFID_instr_reg[10]/CK 
Endpoint:   datapath/IFID_instr_reg[10]/D      (^) checked with  leading edge 
of 'clk'
Beginpoint: datapath/registers_RF_reg[9][17]/Q (v) triggered by trailing edge 
of 'clk'
Path Groups: {reg2reg}
Analysis View: RPT_TYP
Other End Arrival Time          0.252
- Setup                         0.036
+ Phase Shift                   3.900
+ CPPR Adjustment               0.000
- Uncertainty                   0.100
= Required Time                 4.016
- Arrival Time                  2.746
= Slack Time                    1.270
     Clock Fall Edge                 1.950
     + Clock Network Latency (Prop)  0.199
     = Beginpoint Arrival Time       2.149
     +------------------------------------------------------------------------------------------+ 
     |             Instance             |     Arc      |   Cell    | Delay | Arrival | Required | 
     |                                  |              |           |       |  Time   |   Time   | 
     |----------------------------------+--------------+-----------+-------+---------+----------| 
     | datapath/registers_RF_reg[9][17] | CK ^         |           |       |   2.149 |    3.419 | 
     | datapath/registers_RF_reg[9][17] | CK ^ -> Q v  | SDFF_X1   | 0.076 |   2.226 |    3.496 | 
     | datapath/g4255                   | A1 v -> ZN ^ | NAND2_X1  | 0.018 |   2.244 |    3.514 | 
     | datapath/FE_RC_2495_0            | A2 ^ -> ZN v | NAND3_X1  | 0.023 |   2.267 |    3.537 | 
     | datapath/FE_RC_2496_0            | A v -> ZN ^  | INV_X1    | 0.015 |   2.282 |    3.552 | 
     | datapath/FE_RC_2857_0            | A3 ^ -> ZN v | NAND3_X1  | 0.026 |   2.308 |    3.578 | 
     | datapath/FE_RC_1786_0            | A v -> ZN ^  | INV_X2    | 0.020 |   2.328 |    3.598 | 
     | datapath/g3406__1617             | A4 ^ -> ZN v | NAND4_X4  | 0.038 |   2.367 |    3.637 | 
     | datapath/FE_RC_501_0             | A v -> ZN ^  | INV_X4    | 0.016 |   2.383 |    3.653 | 
     | datapath/FE_RC_499_0             | B1 ^ -> ZN v | AOI21_X2  | 0.016 |   2.399 |    3.669 | 
     | datapath/g32617                  | B v -> ZN ^  | XNOR2_X2  | 0.031 |   2.430 |    3.700 | 
     | datapath/g32547                  | A ^ -> ZN v  | OAI221_X1 | 0.043 |   2.473 |    3.743 | 
     | datapath/g32522                  | A1 v -> ZN ^ | NOR2_X2   | 0.026 |   2.499 |    3.769 | 
     | datapath/FE_RC_679_0             | A2 ^ -> ZN v | NAND2_X1  | 0.018 |   2.517 |    3.787 | 
     | datapath/FE_RC_680_0             | A v -> ZN ^  | INV_X2    | 0.016 |   2.534 |    3.803 | 
     | datapath/FE_RC_2147_0            | A3 ^ -> ZN v | NAND4_X4  | 0.033 |   2.566 |    3.836 | 
     | datapath/g32425                  | B1 v -> ZN ^ | OAI21_X2  | 0.039 |   2.605 |    3.875 | 
     | datapath/g22498                  | A2 ^ -> ZN v | NAND2_X4  | 0.022 |   2.627 |    3.897 | 
     | g1064                            | A1 v -> ZN ^ | NAND2_X4  | 0.022 |   2.649 |    3.919 | 
     | datapath/g43454                  | A1 ^ -> ZN v | NAND2_X4  | 0.018 |   2.667 |    3.937 | 
     | datapath/FE_OCPC425_n_301        | A v -> Z v   | BUF_X8    | 0.031 |   2.697 |    3.967 | 
     | datapath/g43206                  | B1 v -> ZN ^ | OAI22_X1  | 0.049 |   2.746 |    4.016 | 
     | datapath/IFID_instr_reg[10]      | D ^          | DFFR_X2   | 0.000 |   2.746 |    4.016 | 
     +------------------------------------------------------------------------------------------+ 
Path 9: MET Setup Check with Pin datapath/IFID_instr_reg[4]/CK 
Endpoint:   datapath/IFID_instr_reg[4]/D       (^) checked with  leading edge 
of 'clk'
Beginpoint: datapath/registers_RF_reg[9][17]/Q (v) triggered by trailing edge 
of 'clk'
Path Groups: {reg2reg}
Analysis View: RPT_TYP
Other End Arrival Time          0.252
- Setup                         0.036
+ Phase Shift                   3.900
+ CPPR Adjustment               0.000
- Uncertainty                   0.100
= Required Time                 4.016
- Arrival Time                  2.745
= Slack Time                    1.270
     Clock Fall Edge                 1.950
     + Clock Network Latency (Prop)  0.199
     = Beginpoint Arrival Time       2.149
     +------------------------------------------------------------------------------------------+ 
     |             Instance             |     Arc      |   Cell    | Delay | Arrival | Required | 
     |                                  |              |           |       |  Time   |   Time   | 
     |----------------------------------+--------------+-----------+-------+---------+----------| 
     | datapath/registers_RF_reg[9][17] | CK ^         |           |       |   2.149 |    3.420 | 
     | datapath/registers_RF_reg[9][17] | CK ^ -> Q v  | SDFF_X1   | 0.076 |   2.226 |    3.496 | 
     | datapath/g4255                   | A1 v -> ZN ^ | NAND2_X1  | 0.018 |   2.244 |    3.514 | 
     | datapath/FE_RC_2495_0            | A2 ^ -> ZN v | NAND3_X1  | 0.023 |   2.267 |    3.537 | 
     | datapath/FE_RC_2496_0            | A v -> ZN ^  | INV_X1    | 0.015 |   2.282 |    3.552 | 
     | datapath/FE_RC_2857_0            | A3 ^ -> ZN v | NAND3_X1  | 0.026 |   2.308 |    3.578 | 
     | datapath/FE_RC_1786_0            | A v -> ZN ^  | INV_X2    | 0.020 |   2.328 |    3.599 | 
     | datapath/g3406__1617             | A4 ^ -> ZN v | NAND4_X4  | 0.038 |   2.367 |    3.637 | 
     | datapath/FE_RC_501_0             | A v -> ZN ^  | INV_X4    | 0.016 |   2.383 |    3.653 | 
     | datapath/FE_RC_499_0             | B1 ^ -> ZN v | AOI21_X2  | 0.016 |   2.399 |    3.669 | 
     | datapath/g32617                  | B v -> ZN ^  | XNOR2_X2  | 0.031 |   2.430 |    3.701 | 
     | datapath/g32547                  | A ^ -> ZN v  | OAI221_X1 | 0.043 |   2.473 |    3.744 | 
     | datapath/g32522                  | A1 v -> ZN ^ | NOR2_X2   | 0.026 |   2.499 |    3.769 | 
     | datapath/FE_RC_679_0             | A2 ^ -> ZN v | NAND2_X1  | 0.018 |   2.517 |    3.787 | 
     | datapath/FE_RC_680_0             | A v -> ZN ^  | INV_X2    | 0.016 |   2.534 |    3.804 | 
     | datapath/FE_RC_2147_0            | A3 ^ -> ZN v | NAND4_X4  | 0.033 |   2.566 |    3.837 | 
     | datapath/g32425                  | B1 v -> ZN ^ | OAI21_X2  | 0.039 |   2.605 |    3.875 | 
     | datapath/g22498                  | A2 ^ -> ZN v | NAND2_X4  | 0.022 |   2.627 |    3.897 | 
     | g1064                            | A1 v -> ZN ^ | NAND2_X4  | 0.022 |   2.649 |    3.919 | 
     | datapath/g43454                  | A1 ^ -> ZN v | NAND2_X4  | 0.018 |   2.667 |    3.937 | 
     | datapath/FE_OCPC425_n_301        | A v -> Z v   | BUF_X8    | 0.031 |   2.697 |    3.968 | 
     | datapath/g43195                  | B1 v -> ZN ^ | OAI22_X1  | 0.048 |   2.745 |    4.016 | 
     | datapath/IFID_instr_reg[4]       | D ^          | DFFR_X1   | 0.000 |   2.745 |    4.016 | 
     +------------------------------------------------------------------------------------------+ 
Path 10: MET Setup Check with Pin datapath/IFID_instr_reg[9]/CK 
Endpoint:   datapath/IFID_instr_reg[9]/D       (^) checked with  leading edge 
of 'clk'
Beginpoint: datapath/registers_RF_reg[9][17]/Q (v) triggered by trailing edge 
of 'clk'
Path Groups: {reg2reg}
Analysis View: RPT_TYP
Other End Arrival Time          0.254
- Setup                         0.036
+ Phase Shift                   3.900
+ CPPR Adjustment               0.000
- Uncertainty                   0.100
= Required Time                 4.018
- Arrival Time                  2.747
= Slack Time                    1.271
     Clock Fall Edge                 1.950
     + Clock Network Latency (Prop)  0.199
     = Beginpoint Arrival Time       2.149
     +------------------------------------------------------------------------------------------+ 
     |             Instance             |     Arc      |   Cell    | Delay | Arrival | Required | 
     |                                  |              |           |       |  Time   |   Time   | 
     |----------------------------------+--------------+-----------+-------+---------+----------| 
     | datapath/registers_RF_reg[9][17] | CK ^         |           |       |   2.149 |    3.420 | 
     | datapath/registers_RF_reg[9][17] | CK ^ -> Q v  | SDFF_X1   | 0.076 |   2.226 |    3.497 | 
     | datapath/g4255                   | A1 v -> ZN ^ | NAND2_X1  | 0.018 |   2.244 |    3.515 | 
     | datapath/FE_RC_2495_0            | A2 ^ -> ZN v | NAND3_X1  | 0.023 |   2.267 |    3.538 | 
     | datapath/FE_RC_2496_0            | A v -> ZN ^  | INV_X1    | 0.015 |   2.282 |    3.553 | 
     | datapath/FE_RC_2857_0            | A3 ^ -> ZN v | NAND3_X1  | 0.026 |   2.308 |    3.579 | 
     | datapath/FE_RC_1786_0            | A v -> ZN ^  | INV_X2    | 0.020 |   2.328 |    3.599 | 
     | datapath/g3406__1617             | A4 ^ -> ZN v | NAND4_X4  | 0.038 |   2.367 |    3.638 | 
     | datapath/FE_RC_501_0             | A v -> ZN ^  | INV_X4    | 0.016 |   2.383 |    3.654 | 
     | datapath/FE_RC_499_0             | B1 ^ -> ZN v | AOI21_X2  | 0.016 |   2.399 |    3.670 | 
     | datapath/g32617                  | B v -> ZN ^  | XNOR2_X2  | 0.031 |   2.430 |    3.701 | 
     | datapath/g32547                  | A ^ -> ZN v  | OAI221_X1 | 0.043 |   2.473 |    3.745 | 
     | datapath/g32522                  | A1 v -> ZN ^ | NOR2_X2   | 0.026 |   2.499 |    3.770 | 
     | datapath/FE_RC_679_0             | A2 ^ -> ZN v | NAND2_X1  | 0.018 |   2.517 |    3.788 | 
     | datapath/FE_RC_680_0             | A v -> ZN ^  | INV_X2    | 0.016 |   2.534 |    3.805 | 
     | datapath/FE_RC_2147_0            | A3 ^ -> ZN v | NAND4_X4  | 0.033 |   2.566 |    3.838 | 
     | datapath/g32425                  | B1 v -> ZN ^ | OAI21_X2  | 0.039 |   2.605 |    3.876 | 
     | datapath/g22498                  | A2 ^ -> ZN v | NAND2_X4  | 0.022 |   2.627 |    3.898 | 
     | g1064                            | A1 v -> ZN ^ | NAND2_X4  | 0.022 |   2.649 |    3.920 | 
     | datapath/g43454                  | A1 ^ -> ZN v | NAND2_X4  | 0.018 |   2.667 |    3.938 | 
     | datapath/FE_OCPC425_n_301        | A v -> Z v   | BUF_X8    | 0.031 |   2.697 |    3.969 | 
     | datapath/g43180                  | B1 v -> ZN ^ | OAI22_X1  | 0.049 |   2.747 |    4.018 | 
     | datapath/IFID_instr_reg[9]       | D ^          | DFFR_X2   | 0.000 |   2.747 |    4.018 | 
     +------------------------------------------------------------------------------------------+ 
Path 11: MET Setup Check with Pin datapath/IFID_instr_reg[2]/CK 
Endpoint:   datapath/IFID_instr_reg[2]/D       (^) checked with  leading edge 
of 'clk'
Beginpoint: datapath/registers_RF_reg[9][17]/Q (v) triggered by trailing edge 
of 'clk'
Path Groups: {reg2reg}
Analysis View: RPT_TYP
Other End Arrival Time          0.252
- Setup                         0.036
+ Phase Shift                   3.900
+ CPPR Adjustment               0.000
- Uncertainty                   0.100
= Required Time                 4.017
- Arrival Time                  2.745
= Slack Time                    1.271
     Clock Fall Edge                 1.950
     + Clock Network Latency (Prop)  0.199
     = Beginpoint Arrival Time       2.149
     +------------------------------------------------------------------------------------------+ 
     |             Instance             |     Arc      |   Cell    | Delay | Arrival | Required | 
     |                                  |              |           |       |  Time   |   Time   | 
     |----------------------------------+--------------+-----------+-------+---------+----------| 
     | datapath/registers_RF_reg[9][17] | CK ^         |           |       |   2.149 |    3.421 | 
     | datapath/registers_RF_reg[9][17] | CK ^ -> Q v  | SDFF_X1   | 0.076 |   2.226 |    3.497 | 
     | datapath/g4255                   | A1 v -> ZN ^ | NAND2_X1  | 0.018 |   2.244 |    3.515 | 
     | datapath/FE_RC_2495_0            | A2 ^ -> ZN v | NAND3_X1  | 0.023 |   2.267 |    3.538 | 
     | datapath/FE_RC_2496_0            | A v -> ZN ^  | INV_X1    | 0.015 |   2.282 |    3.553 | 
     | datapath/FE_RC_2857_0            | A3 ^ -> ZN v | NAND3_X1  | 0.026 |   2.308 |    3.579 | 
     | datapath/FE_RC_1786_0            | A v -> ZN ^  | INV_X2    | 0.020 |   2.328 |    3.600 | 
     | datapath/g3406__1617             | A4 ^ -> ZN v | NAND4_X4  | 0.038 |   2.367 |    3.638 | 
     | datapath/FE_RC_501_0             | A v -> ZN ^  | INV_X4    | 0.016 |   2.383 |    3.654 | 
     | datapath/FE_RC_499_0             | B1 ^ -> ZN v | AOI21_X2  | 0.016 |   2.399 |    3.670 | 
     | datapath/g32617                  | B v -> ZN ^  | XNOR2_X2  | 0.031 |   2.430 |    3.702 | 
     | datapath/g32547                  | A ^ -> ZN v  | OAI221_X1 | 0.043 |   2.473 |    3.745 | 
     | datapath/g32522                  | A1 v -> ZN ^ | NOR2_X2   | 0.026 |   2.499 |    3.770 | 
     | datapath/FE_RC_679_0             | A2 ^ -> ZN v | NAND2_X1  | 0.018 |   2.517 |    3.788 | 
     | datapath/FE_RC_680_0             | A v -> ZN ^  | INV_X2    | 0.016 |   2.534 |    3.805 | 
     | datapath/FE_RC_2147_0            | A3 ^ -> ZN v | NAND4_X4  | 0.033 |   2.566 |    3.838 | 
     | datapath/g32425                  | B1 v -> ZN ^ | OAI21_X2  | 0.039 |   2.605 |    3.876 | 
     | datapath/g22498                  | A2 ^ -> ZN v | NAND2_X4  | 0.022 |   2.627 |    3.898 | 
     | g1064                            | A1 v -> ZN ^ | NAND2_X4  | 0.022 |   2.649 |    3.920 | 
     | datapath/g43454                  | A1 ^ -> ZN v | NAND2_X4  | 0.018 |   2.667 |    3.938 | 
     | datapath/FE_OCPC425_n_301        | A v -> Z v   | BUF_X8    | 0.031 |   2.697 |    3.969 | 
     | datapath/g43199                  | B1 v -> ZN ^ | OAI22_X1  | 0.048 |   2.745 |    4.017 | 
     | datapath/IFID_instr_reg[2]       | D ^          | DFFR_X2   | 0.000 |   2.745 |    4.017 | 
     +------------------------------------------------------------------------------------------+ 
Path 12: MET Setup Check with Pin datapath/IFID_instr_reg[0]/CK 
Endpoint:   datapath/IFID_instr_reg[0]/D       (^) checked with  leading edge 
of 'clk'
Beginpoint: datapath/registers_RF_reg[9][17]/Q (v) triggered by trailing edge 
of 'clk'
Path Groups: {reg2reg}
Analysis View: RPT_TYP
Other End Arrival Time          0.254
- Setup                         0.036
+ Phase Shift                   3.900
+ CPPR Adjustment               0.000
- Uncertainty                   0.100
= Required Time                 4.017
- Arrival Time                  2.746
= Slack Time                    1.271
     Clock Fall Edge                 1.950
     + Clock Network Latency (Prop)  0.199
     = Beginpoint Arrival Time       2.149
     +------------------------------------------------------------------------------------------+ 
     |             Instance             |     Arc      |   Cell    | Delay | Arrival | Required | 
     |                                  |              |           |       |  Time   |   Time   | 
     |----------------------------------+--------------+-----------+-------+---------+----------| 
     | datapath/registers_RF_reg[9][17] | CK ^         |           |       |   2.149 |    3.421 | 
     | datapath/registers_RF_reg[9][17] | CK ^ -> Q v  | SDFF_X1   | 0.076 |   2.226 |    3.497 | 
     | datapath/g4255                   | A1 v -> ZN ^ | NAND2_X1  | 0.018 |   2.244 |    3.515 | 
     | datapath/FE_RC_2495_0            | A2 ^ -> ZN v | NAND3_X1  | 0.023 |   2.267 |    3.538 | 
     | datapath/FE_RC_2496_0            | A v -> ZN ^  | INV_X1    | 0.015 |   2.282 |    3.553 | 
     | datapath/FE_RC_2857_0            | A3 ^ -> ZN v | NAND3_X1  | 0.026 |   2.308 |    3.579 | 
     | datapath/FE_RC_1786_0            | A v -> ZN ^  | INV_X2    | 0.020 |   2.328 |    3.600 | 
     | datapath/g3406__1617             | A4 ^ -> ZN v | NAND4_X4  | 0.038 |   2.367 |    3.638 | 
     | datapath/FE_RC_501_0             | A v -> ZN ^  | INV_X4    | 0.016 |   2.383 |    3.654 | 
     | datapath/FE_RC_499_0             | B1 ^ -> ZN v | AOI21_X2  | 0.016 |   2.399 |    3.670 | 
     | datapath/g32617                  | B v -> ZN ^  | XNOR2_X2  | 0.031 |   2.430 |    3.702 | 
     | datapath/g32547                  | A ^ -> ZN v  | OAI221_X1 | 0.043 |   2.473 |    3.745 | 
     | datapath/g32522                  | A1 v -> ZN ^ | NOR2_X2   | 0.026 |   2.499 |    3.770 | 
     | datapath/FE_RC_679_0             | A2 ^ -> ZN v | NAND2_X1  | 0.018 |   2.517 |    3.788 | 
     | datapath/FE_RC_680_0             | A v -> ZN ^  | INV_X2    | 0.016 |   2.534 |    3.805 | 
     | datapath/FE_RC_2147_0            | A3 ^ -> ZN v | NAND4_X4  | 0.033 |   2.566 |    3.838 | 
     | datapath/g32425                  | B1 v -> ZN ^ | OAI21_X2  | 0.039 |   2.605 |    3.876 | 
     | datapath/g22498                  | A2 ^ -> ZN v | NAND2_X4  | 0.022 |   2.627 |    3.898 | 
     | g1064                            | A1 v -> ZN ^ | NAND2_X4  | 0.022 |   2.649 |    3.920 | 
     | datapath/g43454                  | A1 ^ -> ZN v | NAND2_X4  | 0.018 |   2.667 |    3.938 | 
     | datapath/FE_OCPC425_n_301        | A v -> Z v   | BUF_X8    | 0.031 |   2.697 |    3.969 | 
     | datapath/g43201                  | B1 v -> ZN ^ | OAI22_X1  | 0.049 |   2.746 |    4.017 | 
     | datapath/IFID_instr_reg[0]       | D ^          | DFFR_X1   | 0.000 |   2.746 |    4.017 | 
     +------------------------------------------------------------------------------------------+ 
Path 13: MET Setup Check with Pin datapath/IF_pc_reg[20]/CK 
Endpoint:   datapath/IF_pc_reg[20]/D           (^) checked with  leading edge 
of 'clk'
Beginpoint: datapath/registers_RF_reg[9][17]/Q (v) triggered by trailing edge 
of 'clk'
Path Groups: {reg2reg}
Analysis View: RPT_TYP
Other End Arrival Time          0.252
- Setup                         0.035
+ Phase Shift                   3.900
+ CPPR Adjustment               0.000
- Uncertainty                   0.100
= Required Time                 4.017
- Arrival Time                  2.745
= Slack Time                    1.272
     Clock Fall Edge                 1.950
     + Clock Network Latency (Prop)  0.199
     = Beginpoint Arrival Time       2.149
     +------------------------------------------------------------------------------------------------------------+ 
     |                      Instance                      |     Arc      |   Cell    | Delay | Arrival | Required | 
     |                                                    |              |           |       |  Time   |   Time   | 
     |----------------------------------------------------+--------------+-----------+-------+---------+----------| 
     | datapath/registers_RF_reg[9][17]                   | CK ^         |           |       |   2.149 |    3.422 | 
     | datapath/registers_RF_reg[9][17]                   | CK ^ -> Q v  | SDFF_X1   | 0.076 |   2.226 |    3.498 | 
     | datapath/g4255                                     | A1 v -> ZN ^ | NAND2_X1  | 0.018 |   2.244 |    3.516 | 
     | datapath/FE_RC_2495_0                              | A2 ^ -> ZN v | NAND3_X1  | 0.023 |   2.267 |    3.539 | 
     | datapath/FE_RC_2496_0                              | A v -> ZN ^  | INV_X1    | 0.015 |   2.282 |    3.554 | 
     | datapath/FE_RC_2857_0                              | A3 ^ -> ZN v | NAND3_X1  | 0.026 |   2.308 |    3.580 | 
     | datapath/FE_RC_1786_0                              | A v -> ZN ^  | INV_X2    | 0.020 |   2.328 |    3.601 | 
     | datapath/g3406__1617                               | A4 ^ -> ZN v | NAND4_X4  | 0.038 |   2.367 |    3.639 | 
     | datapath/FE_RC_501_0                               | A v -> ZN ^  | INV_X4    | 0.016 |   2.383 |    3.655 | 
     | datapath/FE_RC_499_0                               | B1 ^ -> ZN v | AOI21_X2  | 0.016 |   2.399 |    3.671 | 
     | datapath/g32617                                    | B v -> ZN ^  | XNOR2_X2  | 0.031 |   2.430 |    3.703 | 
     | datapath/g32547                                    | A ^ -> ZN v  | OAI221_X1 | 0.043 |   2.473 |    3.746 | 
     | datapath/g32522                                    | A1 v -> ZN ^ | NOR2_X2   | 0.026 |   2.499 |    3.772 | 
     | datapath/FE_RC_679_0                               | A2 ^ -> ZN v | NAND2_X1  | 0.018 |   2.517 |    3.790 | 
     | datapath/FE_RC_680_0                               | A v -> ZN ^  | INV_X2    | 0.016 |   2.534 |    3.806 | 
     | datapath/FE_RC_2147_0                              | A3 ^ -> ZN v | NAND4_X4  | 0.033 |   2.566 |    3.839 | 
     | datapath/g32425                                    | B1 v -> ZN ^ | OAI21_X2  | 0.039 |   2.605 |    3.877 | 
     | datapath/g22498                                    | A2 ^ -> ZN v | NAND2_X4  | 0.022 |   2.627 |    3.899 | 
     | datapath/branch_or_inc_4/FE_OCPC266_IFID_takeBranc | A v -> ZN ^  | INV_X4    | 0.026 |   2.653 |    3.925 | 
     | h                                                  |              |           |       |         |          | 
     | datapath/branch_or_inc_4/FE_OCPC269_IFID_takeBranc | A ^ -> ZN v  | INV_X8    | 0.017 |   2.670 |    3.943 | 
     | h                                                  |              |           |       |         |          | 
     | datapath/branch_or_inc_4/FE_OCPC288_IFID_takeBranc | A v -> ZN ^  | INV_X4    | 0.019 |   2.689 |    3.961 | 
     | h                                                  |              |           |       |         |          | 
     | datapath/branch_or_inc_4/g876__2883                | A1 ^ -> ZN v | NAND2_X2  | 0.010 |   2.699 |    3.972 | 
     | datapath/branch_or_inc_4/g842__5115                | A1 v -> ZN ^ | NAND2_X1  | 0.014 |   2.714 |    3.986 | 
     | datapath/g43495                                    | A ^ -> ZN v  | INV_X1    | 0.008 |   2.721 |    3.994 | 
     | datapath/g43319                                    | B1 v -> ZN ^ | OAI21_X1  | 0.024 |   2.745 |    4.017 | 
     | datapath/IF_pc_reg[20]                             | D ^          | DFFR_X1   | 0.000 |   2.745 |    4.017 | 
     +------------------------------------------------------------------------------------------------------------+ 
Path 14: MET Setup Check with Pin datapath/IF_pc_reg[21]/CK 
Endpoint:   datapath/IF_pc_reg[21]/D           (^) checked with  leading edge 
of 'clk'
Beginpoint: datapath/registers_RF_reg[9][17]/Q (v) triggered by trailing edge 
of 'clk'
Path Groups: {reg2reg}
Analysis View: RPT_TYP
Other End Arrival Time          0.252
- Setup                         0.035
+ Phase Shift                   3.900
+ CPPR Adjustment               0.000
- Uncertainty                   0.100
= Required Time                 4.017
- Arrival Time                  2.745
= Slack Time                    1.273
     Clock Fall Edge                 1.950
     + Clock Network Latency (Prop)  0.199
     = Beginpoint Arrival Time       2.149
     +------------------------------------------------------------------------------------------------------------+ 
     |                      Instance                      |     Arc      |   Cell    | Delay | Arrival | Required | 
     |                                                    |              |           |       |  Time   |   Time   | 
     |----------------------------------------------------+--------------+-----------+-------+---------+----------| 
     | datapath/registers_RF_reg[9][17]                   | CK ^         |           |       |   2.149 |    3.422 | 
     | datapath/registers_RF_reg[9][17]                   | CK ^ -> Q v  | SDFF_X1   | 0.076 |   2.226 |    3.498 | 
     | datapath/g4255                                     | A1 v -> ZN ^ | NAND2_X1  | 0.018 |   2.244 |    3.516 | 
     | datapath/FE_RC_2495_0                              | A2 ^ -> ZN v | NAND3_X1  | 0.023 |   2.267 |    3.540 | 
     | datapath/FE_RC_2496_0                              | A v -> ZN ^  | INV_X1    | 0.015 |   2.282 |    3.554 | 
     | datapath/FE_RC_2857_0                              | A3 ^ -> ZN v | NAND3_X1  | 0.026 |   2.308 |    3.581 | 
     | datapath/FE_RC_1786_0                              | A v -> ZN ^  | INV_X2    | 0.020 |   2.328 |    3.601 | 
     | datapath/g3406__1617                               | A4 ^ -> ZN v | NAND4_X4  | 0.038 |   2.367 |    3.639 | 
     | datapath/FE_RC_501_0                               | A v -> ZN ^  | INV_X4    | 0.016 |   2.383 |    3.655 | 
     | datapath/FE_RC_499_0                               | B1 ^ -> ZN v | AOI21_X2  | 0.016 |   2.399 |    3.672 | 
     | datapath/g32617                                    | B v -> ZN ^  | XNOR2_X2  | 0.031 |   2.430 |    3.703 | 
     | datapath/g32547                                    | A ^ -> ZN v  | OAI221_X1 | 0.043 |   2.473 |    3.746 | 
     | datapath/g32522                                    | A1 v -> ZN ^ | NOR2_X2   | 0.026 |   2.499 |    3.772 | 
     | datapath/FE_RC_679_0                               | A2 ^ -> ZN v | NAND2_X1  | 0.018 |   2.517 |    3.790 | 
     | datapath/FE_RC_680_0                               | A v -> ZN ^  | INV_X2    | 0.016 |   2.534 |    3.806 | 
     | datapath/FE_RC_2147_0                              | A3 ^ -> ZN v | NAND4_X4  | 0.033 |   2.566 |    3.839 | 
     | datapath/g32425                                    | B1 v -> ZN ^ | OAI21_X2  | 0.039 |   2.605 |    3.878 | 
     | datapath/g22498                                    | A2 ^ -> ZN v | NAND2_X4  | 0.022 |   2.627 |    3.900 | 
     | datapath/branch_or_inc_4/FE_OCPC266_IFID_takeBranc | A v -> ZN ^  | INV_X4    | 0.026 |   2.653 |    3.926 | 
     | h                                                  |              |           |       |         |          | 
     | datapath/branch_or_inc_4/FE_OCPC269_IFID_takeBranc | A ^ -> ZN v  | INV_X8    | 0.017 |   2.670 |    3.943 | 
     | h                                                  |              |           |       |         |          | 
     | datapath/branch_or_inc_4/FE_OCPC287_IFID_takeBranc | A v -> ZN ^  | INV_X2    | 0.016 |   2.686 |    3.959 | 
     | h                                                  |              |           |       |         |          | 
     | datapath/branch_or_inc_4/g871__7482                | A1 ^ -> ZN v | NAND2_X1  | 0.013 |   2.699 |    3.972 | 
     | datapath/branch_or_inc_4/g840__6131                | A1 v -> ZN ^ | NAND2_X1  | 0.014 |   2.713 |    3.986 | 
     | datapath/g43585                                    | A ^ -> ZN v  | INV_X1    | 0.008 |   2.721 |    3.994 | 
     | datapath/g43321                                    | B1 v -> ZN ^ | OAI21_X1  | 0.024 |   2.745 |    4.017 | 
     | datapath/IF_pc_reg[21]                             | D ^          | DFFR_X1   | 0.000 |   2.745 |    4.017 | 
     +------------------------------------------------------------------------------------------------------------+ 
Path 15: MET Setup Check with Pin datapath/IFID_instr_reg[24]/CK 
Endpoint:   datapath/IFID_instr_reg[24]/D      (^) checked with  leading edge 
of 'clk'
Beginpoint: datapath/registers_RF_reg[9][17]/Q (v) triggered by trailing edge 
of 'clk'
Path Groups: {reg2reg}
Analysis View: RPT_TYP
Other End Arrival Time          0.254
- Setup                         0.036
+ Phase Shift                   3.900
+ CPPR Adjustment               0.000
- Uncertainty                   0.100
= Required Time                 4.018
- Arrival Time                  2.745
= Slack Time                    1.273
     Clock Fall Edge                 1.950
     + Clock Network Latency (Prop)  0.199
     = Beginpoint Arrival Time       2.149
     +------------------------------------------------------------------------------------------+ 
     |             Instance             |     Arc      |   Cell    | Delay | Arrival | Required | 
     |                                  |              |           |       |  Time   |   Time   | 
     |----------------------------------+--------------+-----------+-------+---------+----------| 
     | datapath/registers_RF_reg[9][17] | CK ^         |           |       |   2.149 |    3.423 | 
     | datapath/registers_RF_reg[9][17] | CK ^ -> Q v  | SDFF_X1   | 0.076 |   2.226 |    3.499 | 
     | datapath/g4255                   | A1 v -> ZN ^ | NAND2_X1  | 0.018 |   2.244 |    3.517 | 
     | datapath/FE_RC_2495_0            | A2 ^ -> ZN v | NAND3_X1  | 0.023 |   2.267 |    3.540 | 
     | datapath/FE_RC_2496_0            | A v -> ZN ^  | INV_X1    | 0.015 |   2.282 |    3.555 | 
     | datapath/FE_RC_2857_0            | A3 ^ -> ZN v | NAND3_X1  | 0.026 |   2.308 |    3.581 | 
     | datapath/FE_RC_1786_0            | A v -> ZN ^  | INV_X2    | 0.020 |   2.328 |    3.602 | 
     | datapath/g3406__1617             | A4 ^ -> ZN v | NAND4_X4  | 0.038 |   2.367 |    3.640 | 
     | datapath/FE_RC_501_0             | A v -> ZN ^  | INV_X4    | 0.016 |   2.383 |    3.656 | 
     | datapath/FE_RC_499_0             | B1 ^ -> ZN v | AOI21_X2  | 0.016 |   2.399 |    3.672 | 
     | datapath/g32617                  | B v -> ZN ^  | XNOR2_X2  | 0.031 |   2.430 |    3.704 | 
     | datapath/g32547                  | A ^ -> ZN v  | OAI221_X1 | 0.043 |   2.473 |    3.747 | 
     | datapath/g32522                  | A1 v -> ZN ^ | NOR2_X2   | 0.026 |   2.499 |    3.773 | 
     | datapath/FE_RC_679_0             | A2 ^ -> ZN v | NAND2_X1  | 0.018 |   2.517 |    3.791 | 
     | datapath/FE_RC_680_0             | A v -> ZN ^  | INV_X2    | 0.016 |   2.534 |    3.807 | 
     | datapath/FE_RC_2147_0            | A3 ^ -> ZN v | NAND4_X4  | 0.033 |   2.566 |    3.840 | 
     | datapath/g32425                  | B1 v -> ZN ^ | OAI21_X2  | 0.039 |   2.605 |    3.878 | 
     | datapath/g22498                  | A2 ^ -> ZN v | NAND2_X4  | 0.022 |   2.627 |    3.900 | 
     | g1064                            | A1 v -> ZN ^ | NAND2_X4  | 0.022 |   2.649 |    3.922 | 
     | datapath/g43454                  | A1 ^ -> ZN v | NAND2_X4  | 0.018 |   2.667 |    3.940 | 
     | datapath/FE_OCPC425_n_301        | A v -> Z v   | BUF_X8    | 0.031 |   2.697 |    3.971 | 
     | datapath/g43187                  | B1 v -> ZN ^ | OAI22_X1  | 0.047 |   2.745 |    4.018 | 
     | datapath/IFID_instr_reg[24]      | D ^          | DFFR_X2   | 0.000 |   2.745 |    4.018 | 
     +------------------------------------------------------------------------------------------+ 
Path 16: MET Setup Check with Pin datapath/IFID_instr_reg[1]/CK 
Endpoint:   datapath/IFID_instr_reg[1]/D       (^) checked with  leading edge 
of 'clk'
Beginpoint: datapath/registers_RF_reg[9][17]/Q (v) triggered by trailing edge 
of 'clk'
Path Groups: {reg2reg}
Analysis View: RPT_TYP
Other End Arrival Time          0.252
- Setup                         0.036
+ Phase Shift                   3.900
+ CPPR Adjustment               0.000
- Uncertainty                   0.100
= Required Time                 4.016
- Arrival Time                  2.743
= Slack Time                    1.274
     Clock Fall Edge                 1.950
     + Clock Network Latency (Prop)  0.199
     = Beginpoint Arrival Time       2.149
     +------------------------------------------------------------------------------------------+ 
     |             Instance             |     Arc      |   Cell    | Delay | Arrival | Required | 
     |                                  |              |           |       |  Time   |   Time   | 
     |----------------------------------+--------------+-----------+-------+---------+----------| 
     | datapath/registers_RF_reg[9][17] | CK ^         |           |       |   2.149 |    3.423 | 
     | datapath/registers_RF_reg[9][17] | CK ^ -> Q v  | SDFF_X1   | 0.076 |   2.226 |    3.500 | 
     | datapath/g4255                   | A1 v -> ZN ^ | NAND2_X1  | 0.018 |   2.244 |    3.518 | 
     | datapath/FE_RC_2495_0            | A2 ^ -> ZN v | NAND3_X1  | 0.023 |   2.267 |    3.541 | 
     | datapath/FE_RC_2496_0            | A v -> ZN ^  | INV_X1    | 0.015 |   2.282 |    3.556 | 
     | datapath/FE_RC_2857_0            | A3 ^ -> ZN v | NAND3_X1  | 0.026 |   2.308 |    3.582 | 
     | datapath/FE_RC_1786_0            | A v -> ZN ^  | INV_X2    | 0.020 |   2.328 |    3.602 | 
     | datapath/g3406__1617             | A4 ^ -> ZN v | NAND4_X4  | 0.038 |   2.367 |    3.641 | 
     | datapath/FE_RC_501_0             | A v -> ZN ^  | INV_X4    | 0.016 |   2.383 |    3.657 | 
     | datapath/FE_RC_499_0             | B1 ^ -> ZN v | AOI21_X2  | 0.016 |   2.399 |    3.673 | 
     | datapath/g32617                  | B v -> ZN ^  | XNOR2_X2  | 0.031 |   2.430 |    3.704 | 
     | datapath/g32547                  | A ^ -> ZN v  | OAI221_X1 | 0.043 |   2.473 |    3.747 | 
     | datapath/g32522                  | A1 v -> ZN ^ | NOR2_X2   | 0.026 |   2.499 |    3.773 | 
     | datapath/FE_RC_679_0             | A2 ^ -> ZN v | NAND2_X1  | 0.018 |   2.517 |    3.791 | 
     | datapath/FE_RC_680_0             | A v -> ZN ^  | INV_X2    | 0.016 |   2.534 |    3.807 | 
     | datapath/FE_RC_2147_0            | A3 ^ -> ZN v | NAND4_X4  | 0.033 |   2.566 |    3.840 | 
     | datapath/g32425                  | B1 v -> ZN ^ | OAI21_X2  | 0.039 |   2.605 |    3.879 | 
     | datapath/g22498                  | A2 ^ -> ZN v | NAND2_X4  | 0.022 |   2.627 |    3.901 | 
     | g1064                            | A1 v -> ZN ^ | NAND2_X4  | 0.022 |   2.649 |    3.923 | 
     | datapath/g43454                  | A1 ^ -> ZN v | NAND2_X4  | 0.018 |   2.667 |    3.941 | 
     | datapath/FE_OCPC425_n_301        | A v -> Z v   | BUF_X8    | 0.031 |   2.697 |    3.971 | 
     | datapath/g43203                  | B1 v -> ZN ^ | OAI22_X2  | 0.045 |   2.743 |    4.016 | 
     | datapath/IFID_instr_reg[1]       | D ^          | DFFR_X1   | 0.000 |   2.743 |    4.016 | 
     +------------------------------------------------------------------------------------------+ 
Path 17: MET Setup Check with Pin datapath/IF_pc_reg[22]/CK 
Endpoint:   datapath/IF_pc_reg[22]/D           (^) checked with  leading edge 
of 'clk'
Beginpoint: datapath/registers_RF_reg[9][17]/Q (v) triggered by trailing edge 
of 'clk'
Path Groups: {reg2reg}
Analysis View: RPT_TYP
Other End Arrival Time          0.253
- Setup                         0.034
+ Phase Shift                   3.900
+ CPPR Adjustment               0.000
- Uncertainty                   0.100
= Required Time                 4.018
- Arrival Time                  2.744
= Slack Time                    1.274
     Clock Fall Edge                 1.950
     + Clock Network Latency (Prop)  0.199
     = Beginpoint Arrival Time       2.149
     +------------------------------------------------------------------------------------------------------------+ 
     |                      Instance                      |     Arc      |   Cell    | Delay | Arrival | Required | 
     |                                                    |              |           |       |  Time   |   Time   | 
     |----------------------------------------------------+--------------+-----------+-------+---------+----------| 
     | datapath/registers_RF_reg[9][17]                   | CK ^         |           |       |   2.149 |    3.423 | 
     | datapath/registers_RF_reg[9][17]                   | CK ^ -> Q v  | SDFF_X1   | 0.076 |   2.226 |    3.500 | 
     | datapath/g4255                                     | A1 v -> ZN ^ | NAND2_X1  | 0.018 |   2.244 |    3.518 | 
     | datapath/FE_RC_2495_0                              | A2 ^ -> ZN v | NAND3_X1  | 0.023 |   2.267 |    3.541 | 
     | datapath/FE_RC_2496_0                              | A v -> ZN ^  | INV_X1    | 0.015 |   2.282 |    3.556 | 
     | datapath/FE_RC_2857_0                              | A3 ^ -> ZN v | NAND3_X1  | 0.026 |   2.308 |    3.582 | 
     | datapath/FE_RC_1786_0                              | A v -> ZN ^  | INV_X2    | 0.020 |   2.328 |    3.602 | 
     | datapath/g3406__1617                               | A4 ^ -> ZN v | NAND4_X4  | 0.038 |   2.367 |    3.641 | 
     | datapath/FE_RC_501_0                               | A v -> ZN ^  | INV_X4    | 0.016 |   2.383 |    3.657 | 
     | datapath/FE_RC_499_0                               | B1 ^ -> ZN v | AOI21_X2  | 0.016 |   2.399 |    3.673 | 
     | datapath/g32617                                    | B v -> ZN ^  | XNOR2_X2  | 0.031 |   2.430 |    3.704 | 
     | datapath/g32547                                    | A ^ -> ZN v  | OAI221_X1 | 0.043 |   2.473 |    3.748 | 
     | datapath/g32522                                    | A1 v -> ZN ^ | NOR2_X2   | 0.026 |   2.499 |    3.773 | 
     | datapath/FE_RC_679_0                               | A2 ^ -> ZN v | NAND2_X1  | 0.018 |   2.517 |    3.791 | 
     | datapath/FE_RC_680_0                               | A v -> ZN ^  | INV_X2    | 0.016 |   2.534 |    3.808 | 
     | datapath/FE_RC_2147_0                              | A3 ^ -> ZN v | NAND4_X4  | 0.033 |   2.566 |    3.841 | 
     | datapath/g32425                                    | B1 v -> ZN ^ | OAI21_X2  | 0.039 |   2.605 |    3.879 | 
     | datapath/g22498                                    | A2 ^ -> ZN v | NAND2_X4  | 0.022 |   2.627 |    3.901 | 
     | datapath/branch_or_inc_4/FE_OCPC266_IFID_takeBranc | A v -> ZN ^  | INV_X4    | 0.026 |   2.653 |    3.927 | 
     | h                                                  |              |           |       |         |          | 
     | datapath/branch_or_inc_4/FE_OCPC269_IFID_takeBranc | A ^ -> ZN v  | INV_X8    | 0.017 |   2.670 |    3.944 | 
     | h                                                  |              |           |       |         |          | 
     | datapath/branch_or_inc_4/FE_OCPC286_IFID_takeBranc | A v -> ZN ^  | INV_X1    | 0.016 |   2.686 |    3.960 | 
     | h                                                  |              |           |       |         |          | 
     | datapath/branch_or_inc_4/g869__1881                | A1 ^ -> ZN v | NAND2_X1  | 0.012 |   2.698 |    3.972 | 
     | datapath/branch_or_inc_4/g833__3680                | A1 v -> ZN ^ | NAND2_X1  | 0.014 |   2.712 |    3.986 | 
     | datapath/g43624                                    | A ^ -> ZN v  | INV_X1    | 0.008 |   2.720 |    3.994 | 
     | datapath/g43322                                    | B1 v -> ZN ^ | OAI21_X1  | 0.024 |   2.744 |    4.018 | 
     | datapath/IF_pc_reg[22]                             | D ^          | DFFR_X1   | 0.000 |   2.744 |    4.018 | 
     +------------------------------------------------------------------------------------------------------------+ 
Path 18: MET Setup Check with Pin datapath/IFID_instr_reg[11]/CK 
Endpoint:   datapath/IFID_instr_reg[11]/D      (^) checked with  leading edge 
of 'clk'
Beginpoint: datapath/registers_RF_reg[9][17]/Q (v) triggered by trailing edge 
of 'clk'
Path Groups: {reg2reg}
Analysis View: RPT_TYP
Other End Arrival Time          0.254
- Setup                         0.035
+ Phase Shift                   3.900
+ CPPR Adjustment               0.000
- Uncertainty                   0.100
= Required Time                 4.018
- Arrival Time                  2.744
= Slack Time                    1.274
     Clock Fall Edge                 1.950
     + Clock Network Latency (Prop)  0.199
     = Beginpoint Arrival Time       2.149
     +------------------------------------------------------------------------------------------+ 
     |             Instance             |     Arc      |   Cell    | Delay | Arrival | Required | 
     |                                  |              |           |       |  Time   |   Time   | 
     |----------------------------------+--------------+-----------+-------+---------+----------| 
     | datapath/registers_RF_reg[9][17] | CK ^         |           |       |   2.149 |    3.424 | 
     | datapath/registers_RF_reg[9][17] | CK ^ -> Q v  | SDFF_X1   | 0.076 |   2.226 |    3.500 | 
     | datapath/g4255                   | A1 v -> ZN ^ | NAND2_X1  | 0.018 |   2.244 |    3.518 | 
     | datapath/FE_RC_2495_0            | A2 ^ -> ZN v | NAND3_X1  | 0.023 |   2.267 |    3.541 | 
     | datapath/FE_RC_2496_0            | A v -> ZN ^  | INV_X1    | 0.015 |   2.282 |    3.556 | 
     | datapath/FE_RC_2857_0            | A3 ^ -> ZN v | NAND3_X1  | 0.026 |   2.308 |    3.582 | 
     | datapath/FE_RC_1786_0            | A v -> ZN ^  | INV_X2    | 0.020 |   2.328 |    3.603 | 
     | datapath/g3406__1617             | A4 ^ -> ZN v | NAND4_X4  | 0.038 |   2.367 |    3.641 | 
     | datapath/FE_RC_501_0             | A v -> ZN ^  | INV_X4    | 0.016 |   2.383 |    3.657 | 
     | datapath/FE_RC_499_0             | B1 ^ -> ZN v | AOI21_X2  | 0.016 |   2.399 |    3.673 | 
     | datapath/g32617                  | B v -> ZN ^  | XNOR2_X2  | 0.031 |   2.430 |    3.705 | 
     | datapath/g32547                  | A ^ -> ZN v  | OAI221_X1 | 0.043 |   2.473 |    3.748 | 
     | datapath/g32522                  | A1 v -> ZN ^ | NOR2_X2   | 0.026 |   2.499 |    3.773 | 
     | datapath/FE_RC_679_0             | A2 ^ -> ZN v | NAND2_X1  | 0.018 |   2.517 |    3.791 | 
     | datapath/FE_RC_680_0             | A v -> ZN ^  | INV_X2    | 0.016 |   2.534 |    3.808 | 
     | datapath/FE_RC_2147_0            | A3 ^ -> ZN v | NAND4_X4  | 0.033 |   2.566 |    3.841 | 
     | datapath/g32425                  | B1 v -> ZN ^ | OAI21_X2  | 0.039 |   2.605 |    3.879 | 
     | datapath/g22498                  | A2 ^ -> ZN v | NAND2_X4  | 0.022 |   2.627 |    3.901 | 
     | g1064                            | A1 v -> ZN ^ | NAND2_X4  | 0.022 |   2.649 |    3.923 | 
     | datapath/g43454                  | A1 ^ -> ZN v | NAND2_X4  | 0.018 |   2.667 |    3.941 | 
     | datapath/FE_OCPC425_n_301        | A v -> Z v   | BUF_X8    | 0.031 |   2.697 |    3.972 | 
     | datapath/g43178                  | B1 v -> ZN ^ | OAI22_X1  | 0.047 |   2.744 |    4.018 | 
     | datapath/IFID_instr_reg[11]      | D ^          | DFFR_X2   | 0.000 |   2.744 |    4.018 | 
     +------------------------------------------------------------------------------------------+ 
Path 19: MET Setup Check with Pin datapath/IFID_instr_reg[23]/CK 
Endpoint:   datapath/IFID_instr_reg[23]/D      (^) checked with  leading edge 
of 'clk'
Beginpoint: datapath/registers_RF_reg[9][17]/Q (v) triggered by trailing edge 
of 'clk'
Path Groups: {reg2reg}
Analysis View: RPT_TYP
Other End Arrival Time          0.266
- Setup                         0.038
+ Phase Shift                   3.900
+ CPPR Adjustment               0.000
- Uncertainty                   0.100
= Required Time                 4.028
- Arrival Time                  2.753
= Slack Time                    1.275
     Clock Fall Edge                 1.950
     + Clock Network Latency (Prop)  0.199
     = Beginpoint Arrival Time       2.149
     +------------------------------------------------------------------------------------------+ 
     |             Instance             |     Arc      |   Cell    | Delay | Arrival | Required | 
     |                                  |              |           |       |  Time   |   Time   | 
     |----------------------------------+--------------+-----------+-------+---------+----------| 
     | datapath/registers_RF_reg[9][17] | CK ^         |           |       |   2.149 |    3.425 | 
     | datapath/registers_RF_reg[9][17] | CK ^ -> Q v  | SDFF_X1   | 0.076 |   2.226 |    3.501 | 
     | datapath/g4255                   | A1 v -> ZN ^ | NAND2_X1  | 0.018 |   2.244 |    3.519 | 
     | datapath/FE_RC_2495_0            | A2 ^ -> ZN v | NAND3_X1  | 0.023 |   2.267 |    3.542 | 
     | datapath/FE_RC_2496_0            | A v -> ZN ^  | INV_X1    | 0.015 |   2.282 |    3.557 | 
     | datapath/FE_RC_2857_0            | A3 ^ -> ZN v | NAND3_X1  | 0.026 |   2.308 |    3.583 | 
     | datapath/FE_RC_1786_0            | A v -> ZN ^  | INV_X2    | 0.020 |   2.328 |    3.604 | 
     | datapath/g3406__1617             | A4 ^ -> ZN v | NAND4_X4  | 0.038 |   2.367 |    3.642 | 
     | datapath/FE_RC_501_0             | A v -> ZN ^  | INV_X4    | 0.016 |   2.383 |    3.658 | 
     | datapath/FE_RC_499_0             | B1 ^ -> ZN v | AOI21_X2  | 0.016 |   2.399 |    3.674 | 
     | datapath/g32617                  | B v -> ZN ^  | XNOR2_X2  | 0.031 |   2.430 |    3.706 | 
     | datapath/g32547                  | A ^ -> ZN v  | OAI221_X1 | 0.043 |   2.473 |    3.749 | 
     | datapath/g32522                  | A1 v -> ZN ^ | NOR2_X2   | 0.026 |   2.499 |    3.774 | 
     | datapath/FE_RC_679_0             | A2 ^ -> ZN v | NAND2_X1  | 0.018 |   2.517 |    3.792 | 
     | datapath/FE_RC_680_0             | A v -> ZN ^  | INV_X2    | 0.016 |   2.534 |    3.809 | 
     | datapath/FE_RC_2147_0            | A3 ^ -> ZN v | NAND4_X4  | 0.033 |   2.566 |    3.842 | 
     | datapath/g32425                  | B1 v -> ZN ^ | OAI21_X2  | 0.039 |   2.605 |    3.880 | 
     | datapath/g22498                  | A2 ^ -> ZN v | NAND2_X4  | 0.022 |   2.627 |    3.902 | 
     | g1064                            | A1 v -> ZN ^ | NAND2_X4  | 0.022 |   2.649 |    3.924 | 
     | datapath/g43454                  | A1 ^ -> ZN v | NAND2_X4  | 0.018 |   2.667 |    3.942 | 
     | datapath/FE_OCPC425_n_301        | A v -> Z v   | BUF_X8    | 0.031 |   2.697 |    3.973 | 
     | datapath/g43190                  | B1 v -> ZN ^ | OAI22_X1  | 0.055 |   2.753 |    4.028 | 
     | datapath/IFID_instr_reg[23]      | D ^          | DFFR_X1   | 0.000 |   2.753 |    4.028 | 
     +------------------------------------------------------------------------------------------+ 
Path 20: MET Setup Check with Pin datapath/IF_pc_reg[15]/CK 
Endpoint:   datapath/IF_pc_reg[15]/D           (v) checked with  leading edge 
of 'clk'
Beginpoint: datapath/registers_RF_reg[9][17]/Q (v) triggered by trailing edge 
of 'clk'
Path Groups: {reg2reg}
Analysis View: RPT_TYP
Other End Arrival Time          0.252
- Setup                         0.035
+ Phase Shift                   3.900
+ CPPR Adjustment               0.000
- Uncertainty                   0.100
= Required Time                 4.018
- Arrival Time                  2.741
= Slack Time                    1.276
     Clock Fall Edge                 1.950
     + Clock Network Latency (Prop)  0.199
     = Beginpoint Arrival Time       2.149
     +------------------------------------------------------------------------------------------------------------+ 
     |                      Instance                      |     Arc      |   Cell    | Delay | Arrival | Required | 
     |                                                    |              |           |       |  Time   |   Time   | 
     |----------------------------------------------------+--------------+-----------+-------+---------+----------| 
     | datapath/registers_RF_reg[9][17]                   | CK ^         |           |       |   2.149 |    3.425 | 
     | datapath/registers_RF_reg[9][17]                   | CK ^ -> Q v  | SDFF_X1   | 0.076 |   2.226 |    3.502 | 
     | datapath/g4255                                     | A1 v -> ZN ^ | NAND2_X1  | 0.018 |   2.244 |    3.520 | 
     | datapath/FE_RC_2495_0                              | A2 ^ -> ZN v | NAND3_X1  | 0.023 |   2.267 |    3.543 | 
     | datapath/FE_RC_2496_0                              | A v -> ZN ^  | INV_X1    | 0.015 |   2.282 |    3.558 | 
     | datapath/FE_RC_2857_0                              | A3 ^ -> ZN v | NAND3_X1  | 0.026 |   2.308 |    3.584 | 
     | datapath/FE_RC_1786_0                              | A v -> ZN ^  | INV_X2    | 0.020 |   2.328 |    3.604 | 
     | datapath/g3406__1617                               | A4 ^ -> ZN v | NAND4_X4  | 0.038 |   2.367 |    3.643 | 
     | datapath/FE_RC_501_0                               | A v -> ZN ^  | INV_X4    | 0.016 |   2.383 |    3.659 | 
     | datapath/FE_RC_499_0                               | B1 ^ -> ZN v | AOI21_X2  | 0.016 |   2.399 |    3.675 | 
     | datapath/g32617                                    | B v -> ZN ^  | XNOR2_X2  | 0.031 |   2.430 |    3.706 | 
     | datapath/g32547                                    | A ^ -> ZN v  | OAI221_X1 | 0.043 |   2.473 |    3.750 | 
     | datapath/g32522                                    | A1 v -> ZN ^ | NOR2_X2   | 0.026 |   2.499 |    3.775 | 
     | datapath/FE_RC_679_0                               | A2 ^ -> ZN v | NAND2_X1  | 0.018 |   2.517 |    3.793 | 
     | datapath/FE_RC_680_0                               | A v -> ZN ^  | INV_X2    | 0.016 |   2.534 |    3.810 | 
     | datapath/FE_RC_2147_0                              | A3 ^ -> ZN v | NAND4_X4  | 0.033 |   2.566 |    3.843 | 
     | datapath/g32426                                    | A1 v -> ZN ^ | NAND2_X1  | 0.023 |   2.590 |    3.866 | 
     | datapath/g32425                                    | A ^ -> ZN v  | OAI21_X2  | 0.022 |   2.612 |    3.888 | 
     | datapath/g22498                                    | A2 v -> ZN ^ | NAND2_X4  | 0.023 |   2.635 |    3.911 | 
     | datapath/branch_or_inc_4/FE_OCPC266_IFID_takeBranc | A ^ -> ZN v  | INV_X4    | 0.016 |   2.651 |    3.927 | 
     | h                                                  |              |           |       |         |          | 
     | datapath/branch_or_inc_4/FE_OCPC269_IFID_takeBranc | A v -> ZN ^  | INV_X8    | 0.024 |   2.675 |    3.951 | 
     | h                                                  |              |           |       |         |          | 
     | datapath/branch_or_inc_4/FE_OCPC287_IFID_takeBranc | A ^ -> ZN v  | INV_X2    | 0.012 |   2.687 |    3.963 | 
     | h                                                  |              |           |       |         |          | 
     | datapath/branch_or_inc_4/g861__3680                | A1 v -> ZN ^ | NAND2_X1  | 0.014 |   2.701 |    3.977 | 
     | datapath/branch_or_inc_4/g831__5526                | A1 ^ -> ZN v | NAND2_X1  | 0.013 |   2.714 |    3.990 | 
     | datapath/g43411                                    | A1 v -> ZN ^ | NAND2_X1  | 0.014 |   2.728 |    4.004 | 
     | datapath/g43268                                    | A1 ^ -> ZN v | NAND2_X1  | 0.014 |   2.741 |    4.018 | 
     | datapath/IF_pc_reg[15]                             | D v          | DFFR_X1   | 0.000 |   2.741 |    4.018 | 
     +------------------------------------------------------------------------------------------------------------+ 
Path 21: MET Setup Check with Pin datapath/IF_pc_reg[23]/CK 
Endpoint:   datapath/IF_pc_reg[23]/D           (^) checked with  leading edge 
of 'clk'
Beginpoint: datapath/registers_RF_reg[9][17]/Q (v) triggered by trailing edge 
of 'clk'
Path Groups: {reg2reg}
Analysis View: RPT_TYP
Other End Arrival Time          0.253
- Setup                         0.034
+ Phase Shift                   3.900
+ CPPR Adjustment               0.000
- Uncertainty                   0.100
= Required Time                 4.019
- Arrival Time                  2.743
= Slack Time                    1.276
     Clock Fall Edge                 1.950
     + Clock Network Latency (Prop)  0.199
     = Beginpoint Arrival Time       2.149
     +------------------------------------------------------------------------------------------------------------+ 
     |                      Instance                      |     Arc      |   Cell    | Delay | Arrival | Required | 
     |                                                    |              |           |       |  Time   |   Time   | 
     |----------------------------------------------------+--------------+-----------+-------+---------+----------| 
     | datapath/registers_RF_reg[9][17]                   | CK ^         |           |       |   2.149 |    3.426 | 
     | datapath/registers_RF_reg[9][17]                   | CK ^ -> Q v  | SDFF_X1   | 0.076 |   2.226 |    3.502 | 
     | datapath/g4255                                     | A1 v -> ZN ^ | NAND2_X1  | 0.018 |   2.244 |    3.520 | 
     | datapath/FE_RC_2495_0                              | A2 ^ -> ZN v | NAND3_X1  | 0.023 |   2.267 |    3.543 | 
     | datapath/FE_RC_2496_0                              | A v -> ZN ^  | INV_X1    | 0.015 |   2.282 |    3.558 | 
     | datapath/FE_RC_2857_0                              | A3 ^ -> ZN v | NAND3_X1  | 0.026 |   2.308 |    3.584 | 
     | datapath/FE_RC_1786_0                              | A v -> ZN ^  | INV_X2    | 0.020 |   2.328 |    3.605 | 
     | datapath/g3406__1617                               | A4 ^ -> ZN v | NAND4_X4  | 0.038 |   2.367 |    3.643 | 
     | datapath/FE_RC_501_0                               | A v -> ZN ^  | INV_X4    | 0.016 |   2.383 |    3.659 | 
     | datapath/FE_RC_499_0                               | B1 ^ -> ZN v | AOI21_X2  | 0.016 |   2.399 |    3.675 | 
     | datapath/g32617                                    | B v -> ZN ^  | XNOR2_X2  | 0.031 |   2.430 |    3.707 | 
     | datapath/g32547                                    | A ^ -> ZN v  | OAI221_X1 | 0.043 |   2.473 |    3.750 | 
     | datapath/g32522                                    | A1 v -> ZN ^ | NOR2_X2   | 0.026 |   2.499 |    3.775 | 
     | datapath/FE_RC_679_0                               | A2 ^ -> ZN v | NAND2_X1  | 0.018 |   2.517 |    3.793 | 
     | datapath/FE_RC_680_0                               | A v -> ZN ^  | INV_X2    | 0.016 |   2.534 |    3.810 | 
     | datapath/FE_RC_2147_0                              | A3 ^ -> ZN v | NAND4_X4  | 0.033 |   2.566 |    3.843 | 
     | datapath/g32425                                    | B1 v -> ZN ^ | OAI21_X2  | 0.039 |   2.605 |    3.881 | 
     | datapath/g22498                                    | A2 ^ -> ZN v | NAND2_X4  | 0.022 |   2.627 |    3.903 | 
     | datapath/branch_or_inc_4/FE_OCPC266_IFID_takeBranc | A v -> ZN ^  | INV_X4    | 0.026 |   2.653 |    3.929 | 
     | h                                                  |              |           |       |         |          | 
     | datapath/branch_or_inc_4/FE_OCPC269_IFID_takeBranc | A ^ -> ZN v  | INV_X8    | 0.017 |   2.670 |    3.946 | 
     | h                                                  |              |           |       |         |          | 
     | datapath/branch_or_inc_4/FE_OCPC283_IFID_takeBranc | A v -> ZN ^  | INV_X1    | 0.015 |   2.685 |    3.961 | 
     | h                                                  |              |           |       |         |          | 
     | datapath/branch_or_inc_4/g863__2802                | A1 ^ -> ZN v | NAND2_X1  | 0.012 |   2.697 |    3.974 | 
     | datapath/branch_or_inc_4/g830__8428                | A1 v -> ZN ^ | NAND2_X1  | 0.015 |   2.712 |    3.988 | 
     | datapath/g43592                                    | A ^ -> ZN v  | INV_X1    | 0.008 |   2.720 |    3.996 | 
     | datapath/g43323                                    | B1 v -> ZN ^ | OAI21_X1  | 0.023 |   2.743 |    4.019 | 
     | datapath/IF_pc_reg[23]                             | D ^          | DFFR_X1   | 0.000 |   2.743 |    4.019 | 
     +------------------------------------------------------------------------------------------------------------+ 
Path 22: MET Setup Check with Pin datapath/IF_pc_reg[2]/CK 
Endpoint:   datapath/IF_pc_reg[2]/D            (v) checked with  leading edge 
of 'clk'
Beginpoint: datapath/registers_RF_reg[9][17]/Q (v) triggered by trailing edge 
of 'clk'
Path Groups: {reg2reg}
Analysis View: RPT_TYP
Other End Arrival Time          0.252
- Setup                         0.035
+ Phase Shift                   3.900
+ CPPR Adjustment               0.000
- Uncertainty                   0.100
= Required Time                 4.018
- Arrival Time                  2.740
= Slack Time                    1.278
     Clock Fall Edge                 1.950
     + Clock Network Latency (Prop)  0.199
     = Beginpoint Arrival Time       2.149
     +------------------------------------------------------------------------------------------------------------+ 
     |                      Instance                      |     Arc      |   Cell    | Delay | Arrival | Required | 
     |                                                    |              |           |       |  Time   |   Time   | 
     |----------------------------------------------------+--------------+-----------+-------+---------+----------| 
     | datapath/registers_RF_reg[9][17]                   | CK ^         |           |       |   2.149 |    3.427 | 
     | datapath/registers_RF_reg[9][17]                   | CK ^ -> Q v  | SDFF_X1   | 0.076 |   2.226 |    3.503 | 
     | datapath/g4255                                     | A1 v -> ZN ^ | NAND2_X1  | 0.018 |   2.244 |    3.521 | 
     | datapath/FE_RC_2495_0                              | A2 ^ -> ZN v | NAND3_X1  | 0.023 |   2.267 |    3.544 | 
     | datapath/FE_RC_2496_0                              | A v -> ZN ^  | INV_X1    | 0.015 |   2.282 |    3.559 | 
     | datapath/FE_RC_2857_0                              | A3 ^ -> ZN v | NAND3_X1  | 0.026 |   2.308 |    3.585 | 
     | datapath/FE_RC_1786_0                              | A v -> ZN ^  | INV_X2    | 0.020 |   2.328 |    3.606 | 
     | datapath/g3406__1617                               | A4 ^ -> ZN v | NAND4_X4  | 0.038 |   2.367 |    3.644 | 
     | datapath/FE_RC_501_0                               | A v -> ZN ^  | INV_X4    | 0.016 |   2.383 |    3.660 | 
     | datapath/FE_RC_499_0                               | B1 ^ -> ZN v | AOI21_X2  | 0.016 |   2.399 |    3.677 | 
     | datapath/g32617                                    | B v -> ZN ^  | XNOR2_X2  | 0.031 |   2.430 |    3.708 | 
     | datapath/g32547                                    | A ^ -> ZN v  | OAI221_X1 | 0.043 |   2.473 |    3.751 | 
     | datapath/g32522                                    | A1 v -> ZN ^ | NOR2_X2   | 0.026 |   2.499 |    3.777 | 
     | datapath/FE_RC_679_0                               | A2 ^ -> ZN v | NAND2_X1  | 0.018 |   2.517 |    3.795 | 
     | datapath/FE_RC_680_0                               | A v -> ZN ^  | INV_X2    | 0.016 |   2.534 |    3.811 | 
     | datapath/FE_RC_2147_0                              | A3 ^ -> ZN v | NAND4_X4  | 0.033 |   2.566 |    3.844 | 
     | datapath/g32426                                    | A1 v -> ZN ^ | NAND2_X1  | 0.023 |   2.590 |    3.868 | 
     | datapath/g32425                                    | A ^ -> ZN v  | OAI21_X2  | 0.022 |   2.612 |    3.889 | 
     | datapath/g22498                                    | A2 v -> ZN ^ | NAND2_X4  | 0.023 |   2.635 |    3.912 | 
     | datapath/branch_or_inc_4/FE_OCPC266_IFID_takeBranc | A ^ -> ZN v  | INV_X4    | 0.016 |   2.651 |    3.928 | 
     | h                                                  |              |           |       |         |          | 
     | datapath/branch_or_inc_4/FE_OCPC269_IFID_takeBranc | A v -> ZN ^  | INV_X8    | 0.024 |   2.675 |    3.953 | 
     | h                                                  |              |           |       |         |          | 
     | datapath/branch_or_inc_4/FE_OCPC285_IFID_takeBranc | A ^ -> ZN v  | INV_X1    | 0.011 |   2.686 |    3.964 | 
     | h                                                  |              |           |       |         |          | 
     | datapath/branch_or_inc_4/g857__4319                | A1 v -> ZN ^ | NAND2_X1  | 0.014 |   2.700 |    3.977 | 
     | datapath/branch_or_inc_4/g826__2398                | A1 ^ -> ZN v | NAND2_X1  | 0.013 |   2.713 |    3.991 | 
     | datapath/g43378                                    | A1 v -> ZN ^ | NAND2_X1  | 0.014 |   2.727 |    4.004 | 
     | datapath/g43311                                    | A1 ^ -> ZN v | NAND2_X1  | 0.013 |   2.740 |    4.018 | 
     | datapath/IF_pc_reg[2]                              | D v          | DFFR_X1   | 0.000 |   2.740 |    4.018 | 
     +------------------------------------------------------------------------------------------------------------+ 
Path 23: MET Setup Check with Pin datapath/IFID_instr_reg[21]/CK 
Endpoint:   datapath/IFID_instr_reg[21]/D      (v) checked with  leading edge 
of 'clk'
Beginpoint: datapath/registers_RF_reg[9][17]/Q (v) triggered by trailing edge 
of 'clk'
Path Groups: {reg2reg}
Analysis View: RPT_TYP
Other End Arrival Time          0.254
- Setup                         0.038
+ Phase Shift                   3.900
+ CPPR Adjustment               0.000
- Uncertainty                   0.100
= Required Time                 4.016
- Arrival Time                  2.738
= Slack Time                    1.278
     Clock Fall Edge                 1.950
     + Clock Network Latency (Prop)  0.199
     = Beginpoint Arrival Time       2.149
     +------------------------------------------------------------------------------------------+ 
     |             Instance             |     Arc      |   Cell    | Delay | Arrival | Required | 
     |                                  |              |           |       |  Time   |   Time   | 
     |----------------------------------+--------------+-----------+-------+---------+----------| 
     | datapath/registers_RF_reg[9][17] | CK ^         |           |       |   2.149 |    3.427 | 
     | datapath/registers_RF_reg[9][17] | CK ^ -> Q v  | SDFF_X1   | 0.076 |   2.226 |    3.503 | 
     | datapath/g4255                   | A1 v -> ZN ^ | NAND2_X1  | 0.018 |   2.244 |    3.521 | 
     | datapath/FE_RC_2495_0            | A2 ^ -> ZN v | NAND3_X1  | 0.023 |   2.267 |    3.545 | 
     | datapath/FE_RC_2496_0            | A v -> ZN ^  | INV_X1    | 0.015 |   2.282 |    3.559 | 
     | datapath/FE_RC_2857_0            | A3 ^ -> ZN v | NAND3_X1  | 0.026 |   2.308 |    3.586 | 
     | datapath/FE_RC_1786_0            | A v -> ZN ^  | INV_X2    | 0.020 |   2.328 |    3.606 | 
     | datapath/g3406__1617             | A4 ^ -> ZN v | NAND4_X4  | 0.038 |   2.367 |    3.644 | 
     | datapath/FE_RC_501_0             | A v -> ZN ^  | INV_X4    | 0.016 |   2.383 |    3.660 | 
     | datapath/FE_RC_499_0             | B1 ^ -> ZN v | AOI21_X2  | 0.016 |   2.399 |    3.677 | 
     | datapath/g32617                  | B v -> ZN ^  | XNOR2_X2  | 0.031 |   2.430 |    3.708 | 
     | datapath/g32547                  | A ^ -> ZN v  | OAI221_X1 | 0.043 |   2.473 |    3.751 | 
     | datapath/g32522                  | A1 v -> ZN ^ | NOR2_X2   | 0.026 |   2.499 |    3.777 | 
     | datapath/FE_RC_679_0             | A2 ^ -> ZN v | NAND2_X1  | 0.018 |   2.517 |    3.795 | 
     | datapath/FE_RC_680_0             | A v -> ZN ^  | INV_X2    | 0.016 |   2.534 |    3.811 | 
     | datapath/FE_RC_2147_0            | A3 ^ -> ZN v | NAND4_X4  | 0.033 |   2.566 |    3.844 | 
     | datapath/g32426                  | A1 v -> ZN ^ | NAND2_X1  | 0.023 |   2.590 |    3.868 | 
     | datapath/g32425                  | A ^ -> ZN v  | OAI21_X2  | 0.022 |   2.612 |    3.890 | 
     | datapath/g22498                  | A2 v -> ZN ^ | NAND2_X4  | 0.023 |   2.635 |    3.912 | 
     | g1064                            | A1 ^ -> ZN v | NAND2_X4  | 0.020 |   2.655 |    3.932 | 
     | datapath/g43454                  | A1 v -> ZN ^ | NAND2_X4  | 0.021 |   2.676 |    3.953 | 
     | datapath/FE_OCPC425_n_301        | A ^ -> Z ^   | BUF_X8    | 0.033 |   2.709 |    3.987 | 
     | datapath/FE_RC_2843_0            | A1 ^ -> ZN v | OAI22_X2  | 0.029 |   2.738 |    4.016 | 
     | datapath/IFID_instr_reg[21]      | D v          | DFFR_X1   | 0.000 |   2.738 |    4.016 | 
     +------------------------------------------------------------------------------------------+ 
Path 24: MET Setup Check with Pin datapath/IF_pc_reg[3]/CK 
Endpoint:   datapath/IF_pc_reg[3]/D            (v) checked with  leading edge 
of 'clk'
Beginpoint: datapath/registers_RF_reg[9][17]/Q (v) triggered by trailing edge 
of 'clk'
Path Groups: {reg2reg}
Analysis View: RPT_TYP
Other End Arrival Time          0.252
- Setup                         0.035
+ Phase Shift                   3.900
+ CPPR Adjustment               0.000
- Uncertainty                   0.100
= Required Time                 4.018
- Arrival Time                  2.740
= Slack Time                    1.278
     Clock Fall Edge                 1.950
     + Clock Network Latency (Prop)  0.199
     = Beginpoint Arrival Time       2.149
     +------------------------------------------------------------------------------------------------------------+ 
     |                      Instance                      |     Arc      |   Cell    | Delay | Arrival | Required | 
     |                                                    |              |           |       |  Time   |   Time   | 
     |----------------------------------------------------+--------------+-----------+-------+---------+----------| 
     | datapath/registers_RF_reg[9][17]                   | CK ^         |           |       |   2.149 |    3.427 | 
     | datapath/registers_RF_reg[9][17]                   | CK ^ -> Q v  | SDFF_X1   | 0.076 |   2.226 |    3.504 | 
     | datapath/g4255                                     | A1 v -> ZN ^ | NAND2_X1  | 0.018 |   2.244 |    3.522 | 
     | datapath/FE_RC_2495_0                              | A2 ^ -> ZN v | NAND3_X1  | 0.023 |   2.267 |    3.545 | 
     | datapath/FE_RC_2496_0                              | A v -> ZN ^  | INV_X1    | 0.015 |   2.282 |    3.560 | 
     | datapath/FE_RC_2857_0                              | A3 ^ -> ZN v | NAND3_X1  | 0.026 |   2.308 |    3.586 | 
     | datapath/FE_RC_1786_0                              | A v -> ZN ^  | INV_X2    | 0.020 |   2.328 |    3.606 | 
     | datapath/g3406__1617                               | A4 ^ -> ZN v | NAND4_X4  | 0.038 |   2.367 |    3.645 | 
     | datapath/FE_RC_501_0                               | A v -> ZN ^  | INV_X4    | 0.016 |   2.383 |    3.661 | 
     | datapath/FE_RC_499_0                               | B1 ^ -> ZN v | AOI21_X2  | 0.016 |   2.399 |    3.677 | 
     | datapath/g32617                                    | B v -> ZN ^  | XNOR2_X2  | 0.031 |   2.430 |    3.708 | 
     | datapath/g32547                                    | A ^ -> ZN v  | OAI221_X1 | 0.043 |   2.473 |    3.751 | 
     | datapath/g32522                                    | A1 v -> ZN ^ | NOR2_X2   | 0.026 |   2.499 |    3.777 | 
     | datapath/FE_RC_679_0                               | A2 ^ -> ZN v | NAND2_X1  | 0.018 |   2.517 |    3.795 | 
     | datapath/FE_RC_680_0                               | A v -> ZN ^  | INV_X2    | 0.016 |   2.534 |    3.811 | 
     | datapath/FE_RC_2147_0                              | A3 ^ -> ZN v | NAND4_X4  | 0.033 |   2.566 |    3.844 | 
     | datapath/g32426                                    | A1 v -> ZN ^ | NAND2_X1  | 0.023 |   2.590 |    3.868 | 
     | datapath/g32425                                    | A ^ -> ZN v  | OAI21_X2  | 0.022 |   2.612 |    3.890 | 
     | datapath/g22498                                    | A2 v -> ZN ^ | NAND2_X4  | 0.023 |   2.635 |    3.913 | 
     | datapath/branch_or_inc_4/FE_OCPC266_IFID_takeBranc | A ^ -> ZN v  | INV_X4    | 0.016 |   2.651 |    3.929 | 
     | h                                                  |              |           |       |         |          | 
     | datapath/branch_or_inc_4/FE_OCPC269_IFID_takeBranc | A v -> ZN ^  | INV_X8    | 0.024 |   2.675 |    3.953 | 
     | h                                                  |              |           |       |         |          | 
     | datapath/branch_or_inc_4/FE_OCPC282_IFID_takeBranc | A ^ -> ZN v  | INV_X1    | 0.014 |   2.689 |    3.967 | 
     | h                                                  |              |           |       |         |          | 
     | datapath/branch_or_inc_4/g855__5107                | A1 v -> ZN ^ | NAND2_X2  | 0.012 |   2.701 |    3.978 | 
     | datapath/branch_or_inc_4/g823__7410                | A1 ^ -> ZN v | NAND2_X1  | 0.012 |   2.713 |    3.991 | 
     | datapath/g43405                                    | A1 v -> ZN ^ | NAND2_X1  | 0.014 |   2.726 |    4.004 | 
     | datapath/g43312                                    | A1 ^ -> ZN v | NAND2_X1  | 0.013 |   2.740 |    4.018 | 
     | datapath/IF_pc_reg[3]                              | D v          | DFFR_X1   | 0.000 |   2.740 |    4.018 | 
     +------------------------------------------------------------------------------------------------------------+ 
Path 25: MET Setup Check with Pin datapath/registers_RF_reg[22][7]/CK 
Endpoint:   datapath/registers_RF_reg[22][7]/D (v) checked with trailing edge 
of 'clk'
Beginpoint: datapath/MEMWB_memToReg_reg/QN     (^) triggered by  leading edge 
of 'clk'
Path Groups: {reg2reg}
Analysis View: RPT_TYP
Other End Arrival Time          2.068
- Setup                         0.098
+ Phase Shift                   0.000
+ CPPR Adjustment               0.000
- Uncertainty                   0.100
= Required Time                 1.870
- Arrival Time                  0.592
= Slack Time                    1.278
     Clock Rise Edge                 0.000
     + Clock Network Latency (Prop)  0.255
     = Beginpoint Arrival Time       0.255
     +---------------------------------------------------------------------------------------------+ 
     |              Instance               |     Arc      |   Cell    | Delay | Arrival | Required | 
     |                                     |              |           |       |  Time   |   Time   | 
     |-------------------------------------+--------------+-----------+-------+---------+----------| 
     | datapath/MEMWB_memToReg_reg         | CK ^         |           |       |   0.254 |    1.533 | 
     | datapath/MEMWB_memToReg_reg         | CK ^ -> QN ^ | DFFR_X1   | 0.096 |   0.350 |    1.628 | 
     | datapath/FE_OCPC430_n_500           | A ^ -> ZN v  | INV_X1    | 0.020 |   0.370 |    1.648 | 
     | datapath/FE_OFC1449_FE_RN_194_0     | A v -> ZN ^  | INV_X4    | 0.027 |   0.397 |    1.675 | 
     | datapath/FE_OCPC1572_FE_OFN62_n_500 | A ^ -> Z ^   | BUF_X1    | 0.031 |   0.428 |    1.706 | 
     | datapath/FE_OFC1450_FE_RN_194_0     | A ^ -> ZN v  | INV_X1    | 0.008 |   0.435 |    1.714 | 
     | datapath/FE_RC_917_0                | A1 v -> ZN ^ | AOI22_X1  | 0.033 |   0.469 |    1.747 | 
     | datapath/FE_OFC1384_FE_RN_397_0     | A ^ -> ZN v  | INV_X1    | 0.019 |   0.488 |    1.766 | 
     | datapath/FE_OFC1386_FE_RN_397_0     | A v -> Z v   | CLKBUF_X2 | 0.093 |   0.581 |    1.859 | 
     | datapath/registers_RF_reg[22][7]    | D v          | SDFF_X1   | 0.011 |   0.592 |    1.870 | 
     +---------------------------------------------------------------------------------------------+ 
Path 26: MET Setup Check with Pin datapath/registers_RF_reg[20][7]/CK 
Endpoint:   datapath/registers_RF_reg[20][7]/D (v) checked with trailing edge 
of 'clk'
Beginpoint: datapath/MEMWB_memToReg_reg/QN     (^) triggered by  leading edge 
of 'clk'
Path Groups: {reg2reg}
Analysis View: RPT_TYP
Other End Arrival Time          2.068
- Setup                         0.098
+ Phase Shift                   0.000
+ CPPR Adjustment               0.000
- Uncertainty                   0.100
= Required Time                 1.870
- Arrival Time                  0.592
= Slack Time                    1.278
     Clock Rise Edge                 0.000
     + Clock Network Latency (Prop)  0.255
     = Beginpoint Arrival Time       0.255
     +---------------------------------------------------------------------------------------------+ 
     |              Instance               |     Arc      |   Cell    | Delay | Arrival | Required | 
     |                                     |              |           |       |  Time   |   Time   | 
     |-------------------------------------+--------------+-----------+-------+---------+----------| 
     | datapath/MEMWB_memToReg_reg         | CK ^         |           |       |   0.254 |    1.533 | 
     | datapath/MEMWB_memToReg_reg         | CK ^ -> QN ^ | DFFR_X1   | 0.096 |   0.350 |    1.628 | 
     | datapath/FE_OCPC430_n_500           | A ^ -> ZN v  | INV_X1    | 0.020 |   0.370 |    1.648 | 
     | datapath/FE_OFC1449_FE_RN_194_0     | A v -> ZN ^  | INV_X4    | 0.027 |   0.397 |    1.675 | 
     | datapath/FE_OCPC1572_FE_OFN62_n_500 | A ^ -> Z ^   | BUF_X1    | 0.031 |   0.428 |    1.706 | 
     | datapath/FE_OFC1450_FE_RN_194_0     | A ^ -> ZN v  | INV_X1    | 0.008 |   0.435 |    1.714 | 
     | datapath/FE_RC_917_0                | A1 v -> ZN ^ | AOI22_X1  | 0.033 |   0.469 |    1.747 | 
     | datapath/FE_OFC1384_FE_RN_397_0     | A ^ -> ZN v  | INV_X1    | 0.019 |   0.488 |    1.766 | 
     | datapath/FE_OFC1386_FE_RN_397_0     | A v -> Z v   | CLKBUF_X2 | 0.093 |   0.581 |    1.859 | 
     | datapath/registers_RF_reg[20][7]    | D v          | SDFF_X1   | 0.011 |   0.592 |    1.870 | 
     +---------------------------------------------------------------------------------------------+ 
Path 27: MET Setup Check with Pin datapath/IFID_instr_reg[19]/CK 
Endpoint:   datapath/IFID_instr_reg[19]/D      (^) checked with  leading edge 
of 'clk'
Beginpoint: datapath/registers_RF_reg[9][17]/Q (v) triggered by trailing edge 
of 'clk'
Path Groups: {reg2reg}
Analysis View: RPT_TYP
Other End Arrival Time          0.266
- Setup                         0.038
+ Phase Shift                   3.900
+ CPPR Adjustment               0.000
- Uncertainty                   0.100
= Required Time                 4.028
- Arrival Time                  2.750
= Slack Time                    1.278
     Clock Fall Edge                 1.950
     + Clock Network Latency (Prop)  0.199
     = Beginpoint Arrival Time       2.149
     +------------------------------------------------------------------------------------------+ 
     |             Instance             |     Arc      |   Cell    | Delay | Arrival | Required | 
     |                                  |              |           |       |  Time   |   Time   | 
     |----------------------------------+--------------+-----------+-------+---------+----------| 
     | datapath/registers_RF_reg[9][17] | CK ^         |           |       |   2.149 |    3.428 | 
     | datapath/registers_RF_reg[9][17] | CK ^ -> Q v  | SDFF_X1   | 0.076 |   2.226 |    3.504 | 
     | datapath/g4255                   | A1 v -> ZN ^ | NAND2_X1  | 0.018 |   2.244 |    3.522 | 
     | datapath/FE_RC_2495_0            | A2 ^ -> ZN v | NAND3_X1  | 0.023 |   2.267 |    3.545 | 
     | datapath/FE_RC_2496_0            | A v -> ZN ^  | INV_X1    | 0.015 |   2.282 |    3.560 | 
     | datapath/FE_RC_2857_0            | A3 ^ -> ZN v | NAND3_X1  | 0.026 |   2.308 |    3.586 | 
     | datapath/FE_RC_1786_0            | A v -> ZN ^  | INV_X2    | 0.020 |   2.328 |    3.607 | 
     | datapath/g3406__1617             | A4 ^ -> ZN v | NAND4_X4  | 0.038 |   2.367 |    3.645 | 
     | datapath/FE_RC_501_0             | A v -> ZN ^  | INV_X4    | 0.016 |   2.383 |    3.661 | 
     | datapath/FE_RC_499_0             | B1 ^ -> ZN v | AOI21_X2  | 0.016 |   2.399 |    3.677 | 
     | datapath/g32617                  | B v -> ZN ^  | XNOR2_X2  | 0.031 |   2.430 |    3.709 | 
     | datapath/g32547                  | A ^ -> ZN v  | OAI221_X1 | 0.043 |   2.473 |    3.752 | 
     | datapath/g32522                  | A1 v -> ZN ^ | NOR2_X2   | 0.026 |   2.499 |    3.778 | 
     | datapath/FE_RC_679_0             | A2 ^ -> ZN v | NAND2_X1  | 0.018 |   2.517 |    3.796 | 
     | datapath/FE_RC_680_0             | A v -> ZN ^  | INV_X2    | 0.016 |   2.534 |    3.812 | 
     | datapath/FE_RC_2147_0            | A3 ^ -> ZN v | NAND4_X4  | 0.033 |   2.566 |    3.845 | 
     | datapath/g32425                  | B1 v -> ZN ^ | OAI21_X2  | 0.039 |   2.605 |    3.884 | 
     | datapath/g22498                  | A2 ^ -> ZN v | NAND2_X4  | 0.022 |   2.627 |    3.905 | 
     | g1064                            | A1 v -> ZN ^ | NAND2_X4  | 0.022 |   2.649 |    3.927 | 
     | datapath/g43454                  | A1 ^ -> ZN v | NAND2_X4  | 0.018 |   2.667 |    3.945 | 
     | datapath/FE_OCPC425_n_301        | A v -> Z v   | BUF_X8    | 0.031 |   2.697 |    3.976 | 
     | datapath/g43194                  | B1 v -> ZN ^ | OAI22_X1  | 0.052 |   2.750 |    4.028 | 
     | datapath/IFID_instr_reg[19]      | D ^          | DFFR_X1   | 0.000 |   2.750 |    4.028 | 
     +------------------------------------------------------------------------------------------+ 
Path 28: MET Setup Check with Pin datapath/IFID_instr_reg[15]/CK 
Endpoint:   datapath/IFID_instr_reg[15]/D      (^) checked with  leading edge 
of 'clk'
Beginpoint: datapath/registers_RF_reg[9][17]/Q (v) triggered by trailing edge 
of 'clk'
Path Groups: {reg2reg}
Analysis View: RPT_TYP
Other End Arrival Time          0.266
- Setup                         0.038
+ Phase Shift                   3.900
+ CPPR Adjustment               0.000
- Uncertainty                   0.100
= Required Time                 4.028
- Arrival Time                  2.750
= Slack Time                    1.279
     Clock Fall Edge                 1.950
     + Clock Network Latency (Prop)  0.199
     = Beginpoint Arrival Time       2.149
     +------------------------------------------------------------------------------------------+ 
     |             Instance             |     Arc      |   Cell    | Delay | Arrival | Required | 
     |                                  |              |           |       |  Time   |   Time   | 
     |----------------------------------+--------------+-----------+-------+---------+----------| 
     | datapath/registers_RF_reg[9][17] | CK ^         |           |       |   2.149 |    3.428 | 
     | datapath/registers_RF_reg[9][17] | CK ^ -> Q v  | SDFF_X1   | 0.076 |   2.226 |    3.505 | 
     | datapath/g4255                   | A1 v -> ZN ^ | NAND2_X1  | 0.018 |   2.244 |    3.522 | 
     | datapath/FE_RC_2495_0            | A2 ^ -> ZN v | NAND3_X1  | 0.023 |   2.267 |    3.546 | 
     | datapath/FE_RC_2496_0            | A v -> ZN ^  | INV_X1    | 0.015 |   2.282 |    3.561 | 
     | datapath/FE_RC_2857_0            | A3 ^ -> ZN v | NAND3_X1  | 0.026 |   2.308 |    3.587 | 
     | datapath/FE_RC_1786_0            | A v -> ZN ^  | INV_X2    | 0.020 |   2.328 |    3.607 | 
     | datapath/g3406__1617             | A4 ^ -> ZN v | NAND4_X4  | 0.038 |   2.367 |    3.645 | 
     | datapath/FE_RC_501_0             | A v -> ZN ^  | INV_X4    | 0.016 |   2.383 |    3.662 | 
     | datapath/FE_RC_499_0             | B1 ^ -> ZN v | AOI21_X2  | 0.016 |   2.399 |    3.678 | 
     | datapath/g32617                  | B v -> ZN ^  | XNOR2_X2  | 0.031 |   2.430 |    3.709 | 
     | datapath/g32547                  | A ^ -> ZN v  | OAI221_X1 | 0.043 |   2.473 |    3.752 | 
     | datapath/g32522                  | A1 v -> ZN ^ | NOR2_X2   | 0.026 |   2.499 |    3.778 | 
     | datapath/FE_RC_679_0             | A2 ^ -> ZN v | NAND2_X1  | 0.018 |   2.517 |    3.796 | 
     | datapath/FE_RC_680_0             | A v -> ZN ^  | INV_X2    | 0.016 |   2.534 |    3.812 | 
     | datapath/FE_RC_2147_0            | A3 ^ -> ZN v | NAND4_X4  | 0.033 |   2.566 |    3.845 | 
     | datapath/g32425                  | B1 v -> ZN ^ | OAI21_X2  | 0.039 |   2.605 |    3.884 | 
     | datapath/g22498                  | A2 ^ -> ZN v | NAND2_X4  | 0.022 |   2.627 |    3.906 | 
     | g1064                            | A1 v -> ZN ^ | NAND2_X4  | 0.022 |   2.649 |    3.928 | 
     | datapath/g43454                  | A1 ^ -> ZN v | NAND2_X4  | 0.018 |   2.667 |    3.946 | 
     | datapath/FE_OCPC425_n_301        | A v -> Z v   | BUF_X8    | 0.031 |   2.697 |    3.976 | 
     | datapath/g43208                  | B1 v -> ZN ^ | OAI22_X1  | 0.052 |   2.750 |    4.028 | 
     | datapath/IFID_instr_reg[15]      | D ^          | DFFR_X1   | 0.000 |   2.750 |    4.028 | 
     +------------------------------------------------------------------------------------------+ 
Path 29: MET Setup Check with Pin datapath/IFID_instr_reg[20]/CK 
Endpoint:   datapath/IFID_instr_reg[20]/D      (^) checked with  leading edge 
of 'clk'
Beginpoint: datapath/registers_RF_reg[9][17]/Q (v) triggered by trailing edge 
of 'clk'
Path Groups: {reg2reg}
Analysis View: RPT_TYP
Other End Arrival Time          0.266
- Setup                         0.038
+ Phase Shift                   3.900
+ CPPR Adjustment               0.000
- Uncertainty                   0.100
= Required Time                 4.029
- Arrival Time                  2.748
= Slack Time                    1.281
     Clock Fall Edge                 1.950
     + Clock Network Latency (Prop)  0.199
     = Beginpoint Arrival Time       2.149
     +------------------------------------------------------------------------------------------+ 
     |             Instance             |     Arc      |   Cell    | Delay | Arrival | Required | 
     |                                  |              |           |       |  Time   |   Time   | 
     |----------------------------------+--------------+-----------+-------+---------+----------| 
     | datapath/registers_RF_reg[9][17] | CK ^         |           |       |   2.149 |    3.430 | 
     | datapath/registers_RF_reg[9][17] | CK ^ -> Q v  | SDFF_X1   | 0.076 |   2.226 |    3.507 | 
     | datapath/g4255                   | A1 v -> ZN ^ | NAND2_X1  | 0.018 |   2.244 |    3.525 | 
     | datapath/FE_RC_2495_0            | A2 ^ -> ZN v | NAND3_X1  | 0.023 |   2.267 |    3.548 | 
     | datapath/FE_RC_2496_0            | A v -> ZN ^  | INV_X1    | 0.015 |   2.282 |    3.563 | 
     | datapath/FE_RC_2857_0            | A3 ^ -> ZN v | NAND3_X1  | 0.026 |   2.308 |    3.589 | 
     | datapath/FE_RC_1786_0            | A v -> ZN ^  | INV_X2    | 0.020 |   2.328 |    3.609 | 
     | datapath/g3406__1617             | A4 ^ -> ZN v | NAND4_X4  | 0.038 |   2.367 |    3.648 | 
     | datapath/FE_RC_501_0             | A v -> ZN ^  | INV_X4    | 0.016 |   2.383 |    3.664 | 
     | datapath/FE_RC_499_0             | B1 ^ -> ZN v | AOI21_X2  | 0.016 |   2.399 |    3.680 | 
     | datapath/g32617                  | B v -> ZN ^  | XNOR2_X2  | 0.031 |   2.430 |    3.711 | 
     | datapath/g32547                  | A ^ -> ZN v  | OAI221_X1 | 0.043 |   2.473 |    3.754 | 
     | datapath/g32522                  | A1 v -> ZN ^ | NOR2_X2   | 0.026 |   2.499 |    3.780 | 
     | datapath/FE_RC_679_0             | A2 ^ -> ZN v | NAND2_X1  | 0.018 |   2.517 |    3.798 | 
     | datapath/FE_RC_680_0             | A v -> ZN ^  | INV_X2    | 0.016 |   2.534 |    3.814 | 
     | datapath/FE_RC_2147_0            | A3 ^ -> ZN v | NAND4_X4  | 0.033 |   2.566 |    3.847 | 
     | datapath/g32425                  | B1 v -> ZN ^ | OAI21_X2  | 0.039 |   2.605 |    3.886 | 
     | datapath/g22498                  | A2 ^ -> ZN v | NAND2_X4  | 0.022 |   2.627 |    3.908 | 
     | g1064                            | A1 v -> ZN ^ | NAND2_X4  | 0.022 |   2.649 |    3.930 | 
     | datapath/g43454                  | A1 ^ -> ZN v | NAND2_X4  | 0.018 |   2.667 |    3.948 | 
     | datapath/FE_OCPC425_n_301        | A v -> Z v   | BUF_X8    | 0.031 |   2.697 |    3.978 | 
     | datapath/g43193                  | B1 v -> ZN ^ | OAI22_X1  | 0.050 |   2.748 |    4.028 | 
     | datapath/IFID_instr_reg[20]      | D ^          | DFFR_X1   | 0.000 |   2.748 |    4.029 | 
     +------------------------------------------------------------------------------------------+ 
Path 30: MET Setup Check with Pin datapath/IF_pc_reg[27]/CK 
Endpoint:   datapath/IF_pc_reg[27]/D           (^) checked with  leading edge 
of 'clk'
Beginpoint: datapath/registers_RF_reg[9][17]/Q (v) triggered by trailing edge 
of 'clk'
Path Groups: {reg2reg}
Analysis View: RPT_TYP
Other End Arrival Time          0.265
- Setup                         0.033
+ Phase Shift                   3.900
+ CPPR Adjustment               0.000
- Uncertainty                   0.100
= Required Time                 4.031
- Arrival Time                  2.750
= Slack Time                    1.281
     Clock Fall Edge                 1.950
     + Clock Network Latency (Prop)  0.199
     = Beginpoint Arrival Time       2.149
     +------------------------------------------------------------------------------------------------------------+ 
     |                      Instance                      |     Arc      |   Cell    | Delay | Arrival | Required | 
     |                                                    |              |           |       |  Time   |   Time   | 
     |----------------------------------------------------+--------------+-----------+-------+---------+----------| 
     | datapath/registers_RF_reg[9][17]                   | CK ^         |           |       |   2.149 |    3.431 | 
     | datapath/registers_RF_reg[9][17]                   | CK ^ -> Q v  | SDFF_X1   | 0.076 |   2.226 |    3.507 | 
     | datapath/g4255                                     | A1 v -> ZN ^ | NAND2_X1  | 0.018 |   2.244 |    3.525 | 
     | datapath/FE_RC_2495_0                              | A2 ^ -> ZN v | NAND3_X1  | 0.023 |   2.267 |    3.548 | 
     | datapath/FE_RC_2496_0                              | A v -> ZN ^  | INV_X1    | 0.015 |   2.282 |    3.563 | 
     | datapath/FE_RC_2857_0                              | A3 ^ -> ZN v | NAND3_X1  | 0.026 |   2.308 |    3.589 | 
     | datapath/FE_RC_1786_0                              | A v -> ZN ^  | INV_X2    | 0.020 |   2.328 |    3.610 | 
     | datapath/g3406__1617                               | A4 ^ -> ZN v | NAND4_X4  | 0.038 |   2.367 |    3.648 | 
     | datapath/FE_RC_501_0                               | A v -> ZN ^  | INV_X4    | 0.016 |   2.383 |    3.664 | 
     | datapath/FE_RC_499_0                               | B1 ^ -> ZN v | AOI21_X2  | 0.016 |   2.399 |    3.680 | 
     | datapath/g32617                                    | B v -> ZN ^  | XNOR2_X2  | 0.031 |   2.430 |    3.712 | 
     | datapath/g32547                                    | A ^ -> ZN v  | OAI221_X1 | 0.043 |   2.473 |    3.755 | 
     | datapath/g32522                                    | A1 v -> ZN ^ | NOR2_X2   | 0.026 |   2.499 |    3.780 | 
     | datapath/FE_RC_679_0                               | A2 ^ -> ZN v | NAND2_X1  | 0.018 |   2.517 |    3.798 | 
     | datapath/FE_RC_680_0                               | A v -> ZN ^  | INV_X2    | 0.016 |   2.534 |    3.815 | 
     | datapath/FE_RC_2147_0                              | A3 ^ -> ZN v | NAND4_X4  | 0.033 |   2.566 |    3.848 | 
     | datapath/g32425                                    | B1 v -> ZN ^ | OAI21_X2  | 0.039 |   2.605 |    3.886 | 
     | datapath/g22498                                    | A2 ^ -> ZN v | NAND2_X4  | 0.022 |   2.627 |    3.908 | 
     | datapath/branch_or_inc_4/FE_OCPC266_IFID_takeBranc | A v -> ZN ^  | INV_X4    | 0.026 |   2.653 |    3.934 | 
     | h                                                  |              |           |       |         |          | 
     | datapath/branch_or_inc_4/FE_OCPC268_IFID_takeBranc | A ^ -> ZN v  | INV_X8    | 0.016 |   2.669 |    3.950 | 
     | h                                                  |              |           |       |         |          | 
     | datapath/branch_or_inc_4/FE_OCPC1597_FE_OFN179_n_0 | A v -> ZN ^  | INV_X2    | 0.024 |   2.693 |    3.974 | 
     | datapath/branch_or_inc_4/g867__7098                | A1 ^ -> ZN v | NAND2_X2  | 0.011 |   2.704 |    3.986 | 
     | datapath/branch_or_inc_4/g829__4319                | A1 v -> ZN ^ | NAND2_X1  | 0.014 |   2.718 |    4.000 | 
     | datapath/g43617                                    | A ^ -> ZN v  | INV_X1    | 0.008 |   2.726 |    4.007 | 
     | datapath/g43326                                    | B1 v -> ZN ^ | OAI21_X1  | 0.024 |   2.750 |    4.031 | 
     | datapath/IF_pc_reg[27]                             | D ^          | DFFR_X2   | 0.000 |   2.750 |    4.031 | 
     +------------------------------------------------------------------------------------------------------------+ 
Path 31: MET Setup Check with Pin datapath/IFID_instr_reg[18]/CK 
Endpoint:   datapath/IFID_instr_reg[18]/D      (^) checked with  leading edge 
of 'clk'
Beginpoint: datapath/registers_RF_reg[9][17]/Q (v) triggered by trailing edge 
of 'clk'
Path Groups: {reg2reg}
Analysis View: RPT_TYP
Other End Arrival Time          0.266
- Setup                         0.037
+ Phase Shift                   3.900
+ CPPR Adjustment               0.000
- Uncertainty                   0.100
= Required Time                 4.029
- Arrival Time                  2.747
= Slack Time                    1.281
     Clock Fall Edge                 1.950
     + Clock Network Latency (Prop)  0.199
     = Beginpoint Arrival Time       2.149
     +------------------------------------------------------------------------------------------+ 
     |             Instance             |     Arc      |   Cell    | Delay | Arrival | Required | 
     |                                  |              |           |       |  Time   |   Time   | 
     |----------------------------------+--------------+-----------+-------+---------+----------| 
     | datapath/registers_RF_reg[9][17] | CK ^         |           |       |   2.149 |    3.431 | 
     | datapath/registers_RF_reg[9][17] | CK ^ -> Q v  | SDFF_X1   | 0.076 |   2.226 |    3.507 | 
     | datapath/g4255                   | A1 v -> ZN ^ | NAND2_X1  | 0.018 |   2.244 |    3.525 | 
     | datapath/FE_RC_2495_0            | A2 ^ -> ZN v | NAND3_X1  | 0.023 |   2.267 |    3.548 | 
     | datapath/FE_RC_2496_0            | A v -> ZN ^  | INV_X1    | 0.015 |   2.282 |    3.563 | 
     | datapath/FE_RC_2857_0            | A3 ^ -> ZN v | NAND3_X1  | 0.026 |   2.308 |    3.589 | 
     | datapath/FE_RC_1786_0            | A v -> ZN ^  | INV_X2    | 0.020 |   2.328 |    3.610 | 
     | datapath/g3406__1617             | A4 ^ -> ZN v | NAND4_X4  | 0.038 |   2.367 |    3.648 | 
     | datapath/FE_RC_501_0             | A v -> ZN ^  | INV_X4    | 0.016 |   2.383 |    3.664 | 
     | datapath/FE_RC_499_0             | B1 ^ -> ZN v | AOI21_X2  | 0.016 |   2.399 |    3.680 | 
     | datapath/g32617                  | B v -> ZN ^  | XNOR2_X2  | 0.031 |   2.430 |    3.712 | 
     | datapath/g32547                  | A ^ -> ZN v  | OAI221_X1 | 0.043 |   2.473 |    3.755 | 
     | datapath/g32522                  | A1 v -> ZN ^ | NOR2_X2   | 0.026 |   2.499 |    3.781 | 
     | datapath/FE_RC_679_0             | A2 ^ -> ZN v | NAND2_X1  | 0.018 |   2.517 |    3.799 | 
     | datapath/FE_RC_680_0             | A v -> ZN ^  | INV_X2    | 0.016 |   2.534 |    3.815 | 
     | datapath/FE_RC_2147_0            | A3 ^ -> ZN v | NAND4_X4  | 0.033 |   2.566 |    3.848 | 
     | datapath/g32425                  | B1 v -> ZN ^ | OAI21_X2  | 0.039 |   2.605 |    3.887 | 
     | datapath/g22498                  | A2 ^ -> ZN v | NAND2_X4  | 0.022 |   2.627 |    3.908 | 
     | g1064                            | A1 v -> ZN ^ | NAND2_X4  | 0.022 |   2.649 |    3.930 | 
     | datapath/g43454                  | A1 ^ -> ZN v | NAND2_X4  | 0.018 |   2.667 |    3.948 | 
     | datapath/FE_OCPC425_n_301        | A v -> Z v   | BUF_X8    | 0.031 |   2.697 |    3.979 | 
     | datapath/FE_RC_602_0             | B1 v -> ZN ^ | OAI22_X1  | 0.050 |   2.747 |    4.029 | 
     | datapath/IFID_instr_reg[18]      | D ^          | DFFR_X1   | 0.000 |   2.747 |    4.029 | 
     +------------------------------------------------------------------------------------------+ 
Path 32: MET Setup Check with Pin datapath/registers_RF_reg[18][6]/CK 
Endpoint:   datapath/registers_RF_reg[18][6]/D (v) checked with trailing edge 
of 'clk'
Beginpoint: datapath/MEMWB_memToReg_reg/QN     (^) triggered by  leading edge 
of 'clk'
Path Groups: {reg2reg}
Analysis View: RPT_TYP
Other End Arrival Time          2.059
- Setup                         0.094
+ Phase Shift                   0.000
+ CPPR Adjustment               0.000
- Uncertainty                   0.100
= Required Time                 1.866
- Arrival Time                  0.584
= Slack Time                    1.282
     Clock Rise Edge                 0.000
     + Clock Network Latency (Prop)  0.255
     = Beginpoint Arrival Time       0.255
     +------------------------------------------------------------------------------------------+ 
     |             Instance             |     Arc      |   Cell    | Delay | Arrival | Required | 
     |                                  |              |           |       |  Time   |   Time   | 
     |----------------------------------+--------------+-----------+-------+---------+----------| 
     | datapath/MEMWB_memToReg_reg      | CK ^         |           |       |   0.254 |    1.536 | 
     | datapath/MEMWB_memToReg_reg      | CK ^ -> QN ^ | DFFR_X1   | 0.096 |   0.350 |    1.632 | 
     | datapath/FE_OCPC430_n_500        | A ^ -> ZN v  | INV_X1    | 0.020 |   0.370 |    1.652 | 
     | datapath/FE_OFC1449_FE_RN_194_0  | A v -> ZN ^  | INV_X4    | 0.027 |   0.397 |    1.679 | 
     | datapath/FE_OFC1452_FE_RN_194_0  | A ^ -> Z ^   | BUF_X4    | 0.041 |   0.437 |    1.719 | 
     | datapath/g33139                  | B1 ^ -> ZN v | OAI22_X2  | 0.021 |   0.459 |    1.740 | 
     | FE_OCPC1317_FE_OFN171_n_790      | A v -> Z v   | CLKBUF_X1 | 0.037 |   0.495 |    1.777 | 
     | datapath/FE_OFC176_n_790         | A v -> Z v   | CLKBUF_X3 | 0.078 |   0.574 |    1.856 | 
     | datapath/registers_RF_reg[18][6] | D v          | SDFF_X1   | 0.010 |   0.584 |    1.866 | 
     +------------------------------------------------------------------------------------------+ 
Path 33: MET Setup Check with Pin datapath/IF_pc_reg[18]/CK 
Endpoint:   datapath/IF_pc_reg[18]/D           (^) checked with  leading edge 
of 'clk'
Beginpoint: datapath/registers_RF_reg[9][17]/Q (v) triggered by trailing edge 
of 'clk'
Path Groups: {reg2reg}
Analysis View: RPT_TYP
Other End Arrival Time          0.269
- Setup                         0.035
+ Phase Shift                   3.900
+ CPPR Adjustment               0.000
- Uncertainty                   0.100
= Required Time                 4.033
- Arrival Time                  2.752
= Slack Time                    1.282
     Clock Fall Edge                 1.950
     + Clock Network Latency (Prop)  0.199
     = Beginpoint Arrival Time       2.149
     +------------------------------------------------------------------------------------------------------------+ 
     |                      Instance                      |     Arc      |   Cell    | Delay | Arrival | Required | 
     |                                                    |              |           |       |  Time   |   Time   | 
     |----------------------------------------------------+--------------+-----------+-------+---------+----------| 
     | datapath/registers_RF_reg[9][17]                   | CK ^         |           |       |   2.149 |    3.431 | 
     | datapath/registers_RF_reg[9][17]                   | CK ^ -> Q v  | SDFF_X1   | 0.076 |   2.226 |    3.507 | 
     | datapath/g4255                                     | A1 v -> ZN ^ | NAND2_X1  | 0.018 |   2.244 |    3.525 | 
     | datapath/FE_RC_2495_0                              | A2 ^ -> ZN v | NAND3_X1  | 0.023 |   2.267 |    3.549 | 
     | datapath/FE_RC_2496_0                              | A v -> ZN ^  | INV_X1    | 0.015 |   2.282 |    3.563 | 
     | datapath/FE_RC_2857_0                              | A3 ^ -> ZN v | NAND3_X1  | 0.026 |   2.308 |    3.590 | 
     | datapath/FE_RC_1786_0                              | A v -> ZN ^  | INV_X2    | 0.020 |   2.328 |    3.610 | 
     | datapath/g3406__1617                               | A4 ^ -> ZN v | NAND4_X4  | 0.038 |   2.367 |    3.648 | 
     | datapath/FE_RC_501_0                               | A v -> ZN ^  | INV_X4    | 0.016 |   2.383 |    3.664 | 
     | datapath/FE_RC_499_0                               | B1 ^ -> ZN v | AOI21_X2  | 0.016 |   2.399 |    3.681 | 
     | datapath/g32617                                    | B v -> ZN ^  | XNOR2_X2  | 0.031 |   2.430 |    3.712 | 
     | datapath/g32547                                    | A ^ -> ZN v  | OAI221_X1 | 0.043 |   2.473 |    3.755 | 
     | datapath/g32522                                    | A1 v -> ZN ^ | NOR2_X2   | 0.026 |   2.499 |    3.781 | 
     | datapath/FE_RC_679_0                               | A2 ^ -> ZN v | NAND2_X1  | 0.018 |   2.517 |    3.799 | 
     | datapath/FE_RC_680_0                               | A v -> ZN ^  | INV_X2    | 0.016 |   2.534 |    3.815 | 
     | datapath/FE_RC_2147_0                              | A3 ^ -> ZN v | NAND4_X4  | 0.033 |   2.566 |    3.848 | 
     | datapath/g32425                                    | B1 v -> ZN ^ | OAI21_X2  | 0.039 |   2.605 |    3.887 | 
     | datapath/g22498                                    | A2 ^ -> ZN v | NAND2_X4  | 0.022 |   2.627 |    3.909 | 
     | datapath/branch_or_inc_4/FE_OCPC266_IFID_takeBranc | A v -> ZN ^  | INV_X4    | 0.026 |   2.653 |    3.935 | 
     | h                                                  |              |           |       |         |          | 
     | datapath/branch_or_inc_4/FE_OCPC269_IFID_takeBranc | A ^ -> ZN v  | INV_X8    | 0.017 |   2.670 |    3.952 | 
     | h                                                  |              |           |       |         |          | 
     | datapath/branch_or_inc_4/FE_OCPC289_IFID_takeBranc | A v -> ZN ^  | INV_X1    | 0.022 |   2.692 |    3.974 | 
     | h                                                  |              |           |       |         |          | 
     | datapath/branch_or_inc_4/g854__2398                | A1 ^ -> ZN v | NAND2_X1  | 0.014 |   2.706 |    3.988 | 
     | datapath/branch_or_inc_4/g820__2883                | A1 v -> ZN ^ | NAND2_X1  | 0.014 |   2.720 |    4.002 | 
     | datapath/g43478                                    | A ^ -> ZN v  | INV_X1    | 0.008 |   2.728 |    4.010 | 
     | datapath/g43320                                    | B1 v -> ZN ^ | OAI21_X1  | 0.023 |   2.752 |    4.033 | 
     | datapath/IF_pc_reg[18]                             | D ^          | DFFR_X1   | 0.000 |   2.752 |    4.033 | 
     +------------------------------------------------------------------------------------------------------------+ 
Path 34: MET Setup Check with Pin datapath/IFID_pc_reg[20]/CK 
Endpoint:   datapath/IFID_pc_reg[20]/D         (^) checked with  leading edge 
of 'clk'
Beginpoint: datapath/registers_RF_reg[9][17]/Q (v) triggered by trailing edge 
of 'clk'
Path Groups: {reg2reg}
Analysis View: RPT_TYP
Other End Arrival Time          0.252
- Setup                         0.033
+ Phase Shift                   3.900
+ CPPR Adjustment               0.000
- Uncertainty                   0.100
= Required Time                 4.019
- Arrival Time                  2.736
= Slack Time                    1.284
     Clock Fall Edge                 1.950
     + Clock Network Latency (Prop)  0.199
     = Beginpoint Arrival Time       2.149
     +-----------------------------------------------------------------------------------------------------+ 
     |                  Instance                   |     Arc      |   Cell    | Delay | Arrival | Required | 
     |                                             |              |           |       |  Time   |   Time   | 
     |---------------------------------------------+--------------+-----------+-------+---------+----------| 
     | datapath/registers_RF_reg[9][17]            | CK ^         |           |       |   2.149 |    3.433 | 
     | datapath/registers_RF_reg[9][17]            | CK ^ -> Q v  | SDFF_X1   | 0.076 |   2.226 |    3.509 | 
     | datapath/g4255                              | A1 v -> ZN ^ | NAND2_X1  | 0.018 |   2.244 |    3.527 | 
     | datapath/FE_RC_2495_0                       | A2 ^ -> ZN v | NAND3_X1  | 0.023 |   2.267 |    3.551 | 
     | datapath/FE_RC_2496_0                       | A v -> ZN ^  | INV_X1    | 0.015 |   2.282 |    3.565 | 
     | datapath/FE_RC_2857_0                       | A3 ^ -> ZN v | NAND3_X1  | 0.026 |   2.308 |    3.592 | 
     | datapath/FE_RC_1786_0                       | A v -> ZN ^  | INV_X2    | 0.020 |   2.328 |    3.612 | 
     | datapath/g3406__1617                        | A4 ^ -> ZN v | NAND4_X4  | 0.038 |   2.367 |    3.650 | 
     | datapath/FE_RC_501_0                        | A v -> ZN ^  | INV_X4    | 0.016 |   2.383 |    3.666 | 
     | datapath/FE_RC_499_0                        | B1 ^ -> ZN v | AOI21_X2  | 0.016 |   2.399 |    3.683 | 
     | datapath/g32617                             | B v -> ZN ^  | XNOR2_X2  | 0.031 |   2.430 |    3.714 | 
     | datapath/g32547                             | A ^ -> ZN v  | OAI221_X1 | 0.043 |   2.473 |    3.757 | 
     | datapath/g32522                             | A1 v -> ZN ^ | NOR2_X2   | 0.026 |   2.499 |    3.783 | 
     | datapath/FE_RC_679_0                        | A2 ^ -> ZN v | NAND2_X1  | 0.018 |   2.517 |    3.801 | 
     | datapath/FE_RC_680_0                        | A v -> ZN ^  | INV_X2    | 0.016 |   2.534 |    3.817 | 
     | datapath/FE_RC_2147_0                       | A3 ^ -> ZN v | NAND4_X4  | 0.033 |   2.566 |    3.850 | 
     | datapath/g32425                             | B1 v -> ZN ^ | OAI21_X2  | 0.039 |   2.605 |    3.889 | 
     | datapath/g22498                             | A2 ^ -> ZN v | NAND2_X4  | 0.022 |   2.627 |    3.911 | 
     | g1064                                       | A1 v -> ZN ^ | NAND2_X4  | 0.022 |   2.649 |    3.933 | 
     | datapath/FE_RC_2172_0                       | A ^ -> ZN v  | INV_X2    | 0.010 |   2.659 |    3.943 | 
     | datapath/FE_OFC1605_FE_DBTN5_IFID_flush_BAR | A v -> ZN ^  | INV_X2    | 0.027 |   2.686 |    3.970 | 
     | datapath/FE_OFC1606_FE_DBTN5_IFID_flush_BAR | A ^ -> ZN v  | INV_X2    | 0.024 |   2.710 |    3.994 | 
     | datapath/g43138                             | A1 v -> ZN ^ | NOR2_X1   | 0.026 |   2.736 |    4.019 | 
     | datapath/IFID_pc_reg[20]                    | D ^          | DFFR_X1   | 0.000 |   2.736 |    4.019 | 
     +-----------------------------------------------------------------------------------------------------+ 
Path 35: MET Setup Check with Pin datapath/IFID_instr_reg[5]/CK 
Endpoint:   datapath/IFID_instr_reg[5]/D       (^) checked with  leading edge 
of 'clk'
Beginpoint: datapath/registers_RF_reg[9][17]/Q (v) triggered by trailing edge 
of 'clk'
Path Groups: {reg2reg}
Analysis View: RPT_TYP
Other End Arrival Time          0.269
- Setup                         0.037
+ Phase Shift                   3.900
+ CPPR Adjustment               0.000
- Uncertainty                   0.100
= Required Time                 4.031
- Arrival Time                  2.748
= Slack Time                    1.284
     Clock Fall Edge                 1.950
     + Clock Network Latency (Prop)  0.199
     = Beginpoint Arrival Time       2.149
     +------------------------------------------------------------------------------------------+ 
     |             Instance             |     Arc      |   Cell    | Delay | Arrival | Required | 
     |                                  |              |           |       |  Time   |   Time   | 
     |----------------------------------+--------------+-----------+-------+---------+----------| 
     | datapath/registers_RF_reg[9][17] | CK ^         |           |       |   2.149 |    3.433 | 
     | datapath/registers_RF_reg[9][17] | CK ^ -> Q v  | SDFF_X1   | 0.076 |   2.226 |    3.509 | 
     | datapath/g4255                   | A1 v -> ZN ^ | NAND2_X1  | 0.018 |   2.244 |    3.527 | 
     | datapath/FE_RC_2495_0            | A2 ^ -> ZN v | NAND3_X1  | 0.023 |   2.267 |    3.551 | 
     | datapath/FE_RC_2496_0            | A v -> ZN ^  | INV_X1    | 0.015 |   2.282 |    3.565 | 
     | datapath/FE_RC_2857_0            | A3 ^ -> ZN v | NAND3_X1  | 0.026 |   2.308 |    3.592 | 
     | datapath/FE_RC_1786_0            | A v -> ZN ^  | INV_X2    | 0.020 |   2.328 |    3.612 | 
     | datapath/g3406__1617             | A4 ^ -> ZN v | NAND4_X4  | 0.038 |   2.367 |    3.650 | 
     | datapath/FE_RC_501_0             | A v -> ZN ^  | INV_X4    | 0.016 |   2.383 |    3.666 | 
     | datapath/FE_RC_499_0             | B1 ^ -> ZN v | AOI21_X2  | 0.016 |   2.399 |    3.683 | 
     | datapath/g32617                  | B v -> ZN ^  | XNOR2_X2  | 0.031 |   2.430 |    3.714 | 
     | datapath/g32547                  | A ^ -> ZN v  | OAI221_X1 | 0.043 |   2.473 |    3.757 | 
     | datapath/g32522                  | A1 v -> ZN ^ | NOR2_X2   | 0.026 |   2.499 |    3.783 | 
     | datapath/FE_RC_679_0             | A2 ^ -> ZN v | NAND2_X1  | 0.018 |   2.517 |    3.801 | 
     | datapath/FE_RC_680_0             | A v -> ZN ^  | INV_X2    | 0.016 |   2.534 |    3.817 | 
     | datapath/FE_RC_2147_0            | A3 ^ -> ZN v | NAND4_X4  | 0.033 |   2.566 |    3.850 | 
     | datapath/g32425                  | B1 v -> ZN ^ | OAI21_X2  | 0.039 |   2.605 |    3.889 | 
     | datapath/g22498                  | A2 ^ -> ZN v | NAND2_X4  | 0.022 |   2.627 |    3.911 | 
     | g1064                            | A1 v -> ZN ^ | NAND2_X4  | 0.022 |   2.649 |    3.933 | 
     | datapath/g43454                  | A1 ^ -> ZN v | NAND2_X4  | 0.018 |   2.667 |    3.951 | 
     | datapath/FE_OCPC425_n_301        | A v -> Z v   | BUF_X8    | 0.031 |   2.697 |    3.981 | 
     | datapath/g43197                  | B1 v -> ZN ^ | OAI22_X1  | 0.050 |   2.748 |    4.031 | 
     | datapath/IFID_instr_reg[5]       | D ^          | DFFR_X1   | 0.000 |   2.748 |    4.031 | 
     +------------------------------------------------------------------------------------------+ 
Path 36: MET Setup Check with Pin datapath/IFID_pc_reg[21]/CK 
Endpoint:   datapath/IFID_pc_reg[21]/D         (v) checked with  leading edge 
of 'clk'
Beginpoint: datapath/registers_RF_reg[9][17]/Q (v) triggered by trailing edge 
of 'clk'
Path Groups: {reg2reg}
Analysis View: RPT_TYP
Other End Arrival Time          0.252
- Setup                         0.035
+ Phase Shift                   3.900
+ CPPR Adjustment               0.000
- Uncertainty                   0.100
= Required Time                 4.017
- Arrival Time                  2.733
= Slack Time                    1.284
     Clock Fall Edge                 1.950
     + Clock Network Latency (Prop)  0.199
     = Beginpoint Arrival Time       2.149
     +-----------------------------------------------------------------------------------------------------+ 
     |                  Instance                   |     Arc      |   Cell    | Delay | Arrival | Required | 
     |                                             |              |           |       |  Time   |   Time   | 
     |---------------------------------------------+--------------+-----------+-------+---------+----------| 
     | datapath/registers_RF_reg[9][17]            | CK ^         |           |       |   2.149 |    3.433 | 
     | datapath/registers_RF_reg[9][17]            | CK ^ -> Q v  | SDFF_X1   | 0.076 |   2.226 |    3.510 | 
     | datapath/g4255                              | A1 v -> ZN ^ | NAND2_X1  | 0.018 |   2.244 |    3.527 | 
     | datapath/FE_RC_2495_0                       | A2 ^ -> ZN v | NAND3_X1  | 0.023 |   2.267 |    3.551 | 
     | datapath/FE_RC_2496_0                       | A v -> ZN ^  | INV_X1    | 0.015 |   2.282 |    3.566 | 
     | datapath/FE_RC_2857_0                       | A3 ^ -> ZN v | NAND3_X1  | 0.026 |   2.308 |    3.592 | 
     | datapath/FE_RC_1786_0                       | A v -> ZN ^  | INV_X2    | 0.020 |   2.328 |    3.612 | 
     | datapath/g3406__1617                        | A4 ^ -> ZN v | NAND4_X4  | 0.038 |   2.367 |    3.650 | 
     | datapath/FE_RC_501_0                        | A v -> ZN ^  | INV_X4    | 0.016 |   2.383 |    3.667 | 
     | datapath/FE_RC_499_0                        | B1 ^ -> ZN v | AOI21_X2  | 0.016 |   2.399 |    3.683 | 
     | datapath/g32617                             | B v -> ZN ^  | XNOR2_X2  | 0.031 |   2.430 |    3.714 | 
     | datapath/g32547                             | A ^ -> ZN v  | OAI221_X1 | 0.043 |   2.473 |    3.757 | 
     | datapath/g32522                             | A1 v -> ZN ^ | NOR2_X2   | 0.026 |   2.499 |    3.783 | 
     | datapath/FE_RC_679_0                        | A2 ^ -> ZN v | NAND2_X1  | 0.018 |   2.517 |    3.801 | 
     | datapath/FE_RC_680_0                        | A v -> ZN ^  | INV_X2    | 0.016 |   2.534 |    3.817 | 
     | datapath/FE_RC_2147_0                       | A3 ^ -> ZN v | NAND4_X4  | 0.033 |   2.566 |    3.850 | 
     | datapath/g32426                             | A1 v -> ZN ^ | NAND2_X1  | 0.023 |   2.590 |    3.874 | 
     | datapath/g32425                             | A ^ -> ZN v  | OAI21_X2  | 0.022 |   2.612 |    3.896 | 
     | datapath/g22498                             | A2 v -> ZN ^ | NAND2_X4  | 0.023 |   2.635 |    3.919 | 
     | g1064                                       | A1 ^ -> ZN v | NAND2_X4  | 0.020 |   2.655 |    3.939 | 
     | datapath/FE_RC_2172_0                       | A v -> ZN ^  | INV_X2    | 0.017 |   2.672 |    3.956 | 
     | datapath/FE_OFC1605_FE_DBTN5_IFID_flush_BAR | A ^ -> ZN v  | INV_X2    | 0.016 |   2.688 |    3.972 | 
     | datapath/FE_OFC1606_FE_DBTN5_IFID_flush_BAR | A v -> ZN ^  | INV_X2    | 0.034 |   2.722 |    4.005 | 
     | datapath/g43139                             | A1 ^ -> ZN v | NOR2_X1   | 0.012 |   2.733 |    4.017 | 
     | datapath/IFID_pc_reg[21]                    | D v          | DFFR_X1   | 0.000 |   2.733 |    4.017 | 
     +-----------------------------------------------------------------------------------------------------+ 
Path 37: MET Setup Check with Pin datapath/IFID_pc_reg[22]/CK 
Endpoint:   datapath/IFID_pc_reg[22]/D         (^) checked with  leading edge 
of 'clk'
Beginpoint: datapath/registers_RF_reg[9][17]/Q (v) triggered by trailing edge 
of 'clk'
Path Groups: {reg2reg}
Analysis View: RPT_TYP
Other End Arrival Time          0.253
- Setup                         0.033
+ Phase Shift                   3.900
+ CPPR Adjustment               0.000
- Uncertainty                   0.100
= Required Time                 4.019
- Arrival Time                  2.735
= Slack Time                    1.284
     Clock Fall Edge                 1.950
     + Clock Network Latency (Prop)  0.199
     = Beginpoint Arrival Time       2.149
     +-----------------------------------------------------------------------------------------------------+ 
     |                  Instance                   |     Arc      |   Cell    | Delay | Arrival | Required | 
     |                                             |              |           |       |  Time   |   Time   | 
     |---------------------------------------------+--------------+-----------+-------+---------+----------| 
     | datapath/registers_RF_reg[9][17]            | CK ^         |           |       |   2.149 |    3.434 | 
     | datapath/registers_RF_reg[9][17]            | CK ^ -> Q v  | SDFF_X1   | 0.076 |   2.226 |    3.510 | 
     | datapath/g4255                              | A1 v -> ZN ^ | NAND2_X1  | 0.018 |   2.244 |    3.528 | 
     | datapath/FE_RC_2495_0                       | A2 ^ -> ZN v | NAND3_X1  | 0.023 |   2.267 |    3.551 | 
     | datapath/FE_RC_2496_0                       | A v -> ZN ^  | INV_X1    | 0.015 |   2.282 |    3.566 | 
     | datapath/FE_RC_2857_0                       | A3 ^ -> ZN v | NAND3_X1  | 0.026 |   2.308 |    3.592 | 
     | datapath/FE_RC_1786_0                       | A v -> ZN ^  | INV_X2    | 0.020 |   2.328 |    3.613 | 
     | datapath/g3406__1617                        | A4 ^ -> ZN v | NAND4_X4  | 0.038 |   2.367 |    3.651 | 
     | datapath/FE_RC_501_0                        | A v -> ZN ^  | INV_X4    | 0.016 |   2.383 |    3.667 | 
     | datapath/FE_RC_499_0                        | B1 ^ -> ZN v | AOI21_X2  | 0.016 |   2.399 |    3.683 | 
     | datapath/g32617                             | B v -> ZN ^  | XNOR2_X2  | 0.031 |   2.430 |    3.715 | 
     | datapath/g32547                             | A ^ -> ZN v  | OAI221_X1 | 0.043 |   2.473 |    3.758 | 
     | datapath/g32522                             | A1 v -> ZN ^ | NOR2_X2   | 0.026 |   2.499 |    3.783 | 
     | datapath/FE_RC_679_0                        | A2 ^ -> ZN v | NAND2_X1  | 0.018 |   2.517 |    3.801 | 
     | datapath/FE_RC_680_0                        | A v -> ZN ^  | INV_X2    | 0.016 |   2.534 |    3.818 | 
     | datapath/FE_RC_2147_0                       | A3 ^ -> ZN v | NAND4_X4  | 0.033 |   2.566 |    3.851 | 
     | datapath/g32425                             | B1 v -> ZN ^ | OAI21_X2  | 0.039 |   2.605 |    3.889 | 
     | datapath/g22498                             | A2 ^ -> ZN v | NAND2_X4  | 0.022 |   2.627 |    3.911 | 
     | g1064                                       | A1 v -> ZN ^ | NAND2_X4  | 0.022 |   2.649 |    3.933 | 
     | datapath/FE_RC_2172_0                       | A ^ -> ZN v  | INV_X2    | 0.010 |   2.659 |    3.943 | 
     | datapath/FE_OFC1605_FE_DBTN5_IFID_flush_BAR | A v -> ZN ^  | INV_X2    | 0.027 |   2.686 |    3.970 | 
     | datapath/FE_OFC1606_FE_DBTN5_IFID_flush_BAR | A ^ -> ZN v  | INV_X2    | 0.024 |   2.710 |    3.994 | 
     | datapath/g43137                             | A1 v -> ZN ^ | NOR2_X1   | 0.025 |   2.735 |    4.019 | 
     | datapath/IFID_pc_reg[22]                    | D ^          | DFFR_X1   | 0.000 |   2.735 |    4.019 | 
     +-----------------------------------------------------------------------------------------------------+ 
Path 38: MET Setup Check with Pin datapath/IFID_pc_reg[15]/CK 
Endpoint:   datapath/IFID_pc_reg[15]/D         (v) checked with  leading edge 
of 'clk'
Beginpoint: datapath/registers_RF_reg[9][17]/Q (v) triggered by trailing edge 
of 'clk'
Path Groups: {reg2reg}
Analysis View: RPT_TYP
Other End Arrival Time          0.252
- Setup                         0.035
+ Phase Shift                   3.900
+ CPPR Adjustment               0.000
- Uncertainty                   0.100
= Required Time                 4.017
- Arrival Time                  2.733
= Slack Time                    1.284
     Clock Fall Edge                 1.950
     + Clock Network Latency (Prop)  0.199
     = Beginpoint Arrival Time       2.149
     +-----------------------------------------------------------------------------------------------------+ 
     |                  Instance                   |     Arc      |   Cell    | Delay | Arrival | Required | 
     |                                             |              |           |       |  Time   |   Time   | 
     |---------------------------------------------+--------------+-----------+-------+---------+----------| 
     | datapath/registers_RF_reg[9][17]            | CK ^         |           |       |   2.149 |    3.434 | 
     | datapath/registers_RF_reg[9][17]            | CK ^ -> Q v  | SDFF_X1   | 0.076 |   2.226 |    3.510 | 
     | datapath/g4255                              | A1 v -> ZN ^ | NAND2_X1  | 0.018 |   2.244 |    3.528 | 
     | datapath/FE_RC_2495_0                       | A2 ^ -> ZN v | NAND3_X1  | 0.023 |   2.267 |    3.551 | 
     | datapath/FE_RC_2496_0                       | A v -> ZN ^  | INV_X1    | 0.015 |   2.282 |    3.566 | 
     | datapath/FE_RC_2857_0                       | A3 ^ -> ZN v | NAND3_X1  | 0.026 |   2.308 |    3.592 | 
     | datapath/FE_RC_1786_0                       | A v -> ZN ^  | INV_X2    | 0.020 |   2.328 |    3.613 | 
     | datapath/g3406__1617                        | A4 ^ -> ZN v | NAND4_X4  | 0.038 |   2.367 |    3.651 | 
     | datapath/FE_RC_501_0                        | A v -> ZN ^  | INV_X4    | 0.016 |   2.383 |    3.667 | 
     | datapath/FE_RC_499_0                        | B1 ^ -> ZN v | AOI21_X2  | 0.016 |   2.399 |    3.683 | 
     | datapath/g32617                             | B v -> ZN ^  | XNOR2_X2  | 0.031 |   2.430 |    3.715 | 
     | datapath/g32547                             | A ^ -> ZN v  | OAI221_X1 | 0.043 |   2.473 |    3.758 | 
     | datapath/g32522                             | A1 v -> ZN ^ | NOR2_X2   | 0.026 |   2.499 |    3.784 | 
     | datapath/FE_RC_679_0                        | A2 ^ -> ZN v | NAND2_X1  | 0.018 |   2.517 |    3.802 | 
     | datapath/FE_RC_680_0                        | A v -> ZN ^  | INV_X2    | 0.016 |   2.534 |    3.818 | 
     | datapath/FE_RC_2147_0                       | A3 ^ -> ZN v | NAND4_X4  | 0.033 |   2.566 |    3.851 | 
     | datapath/g32426                             | A1 v -> ZN ^ | NAND2_X1  | 0.023 |   2.590 |    3.874 | 
     | datapath/g32425                             | A ^ -> ZN v  | OAI21_X2  | 0.022 |   2.612 |    3.896 | 
     | datapath/g22498                             | A2 v -> ZN ^ | NAND2_X4  | 0.023 |   2.635 |    3.919 | 
     | g1064                                       | A1 ^ -> ZN v | NAND2_X4  | 0.020 |   2.655 |    3.939 | 
     | datapath/FE_RC_2172_0                       | A v -> ZN ^  | INV_X2    | 0.017 |   2.672 |    3.957 | 
     | datapath/FE_OFC1605_FE_DBTN5_IFID_flush_BAR | A ^ -> ZN v  | INV_X2    | 0.016 |   2.688 |    3.972 | 
     | datapath/FE_OFC1606_FE_DBTN5_IFID_flush_BAR | A v -> ZN ^  | INV_X2    | 0.034 |   2.722 |    4.006 | 
     | datapath/g43133                             | A1 ^ -> ZN v | NOR2_X1   | 0.011 |   2.733 |    4.017 | 
     | datapath/IFID_pc_reg[15]                    | D v          | DFFR_X1   | 0.000 |   2.733 |    4.017 | 
     +-----------------------------------------------------------------------------------------------------+ 
Path 39: MET Setup Check with Pin datapath/IFID_pc_reg[2]/CK 
Endpoint:   datapath/IFID_pc_reg[2]/D          (^) checked with  leading edge 
of 'clk'
Beginpoint: datapath/registers_RF_reg[9][17]/Q (v) triggered by trailing edge 
of 'clk'
Path Groups: {reg2reg}
Analysis View: RPT_TYP
Other End Arrival Time          0.252
- Setup                         0.033
+ Phase Shift                   3.900
+ CPPR Adjustment               0.000
- Uncertainty                   0.100
= Required Time                 4.020
- Arrival Time                  2.735
= Slack Time                    1.285
     Clock Fall Edge                 1.950
     + Clock Network Latency (Prop)  0.199
     = Beginpoint Arrival Time       2.149
     +-----------------------------------------------------------------------------------------------------+ 
     |                  Instance                   |     Arc      |   Cell    | Delay | Arrival | Required | 
     |                                             |              |           |       |  Time   |   Time   | 
     |---------------------------------------------+--------------+-----------+-------+---------+----------| 
     | datapath/registers_RF_reg[9][17]            | CK ^         |           |       |   2.149 |    3.434 | 
     | datapath/registers_RF_reg[9][17]            | CK ^ -> Q v  | SDFF_X1   | 0.076 |   2.226 |    3.511 | 
     | datapath/g4255                              | A1 v -> ZN ^ | NAND2_X1  | 0.018 |   2.244 |    3.529 | 
     | datapath/FE_RC_2495_0                       | A2 ^ -> ZN v | NAND3_X1  | 0.023 |   2.267 |    3.552 | 
     | datapath/FE_RC_2496_0                       | A v -> ZN ^  | INV_X1    | 0.015 |   2.282 |    3.567 | 
     | datapath/FE_RC_2857_0                       | A3 ^ -> ZN v | NAND3_X1  | 0.026 |   2.308 |    3.593 | 
     | datapath/FE_RC_1786_0                       | A v -> ZN ^  | INV_X2    | 0.020 |   2.328 |    3.613 | 
     | datapath/g3406__1617                        | A4 ^ -> ZN v | NAND4_X4  | 0.038 |   2.367 |    3.652 | 
     | datapath/FE_RC_501_0                        | A v -> ZN ^  | INV_X4    | 0.016 |   2.383 |    3.668 | 
     | datapath/FE_RC_499_0                        | B1 ^ -> ZN v | AOI21_X2  | 0.016 |   2.399 |    3.684 | 
     | datapath/g32617                             | B v -> ZN ^  | XNOR2_X2  | 0.031 |   2.430 |    3.715 | 
     | datapath/g32547                             | A ^ -> ZN v  | OAI221_X1 | 0.043 |   2.473 |    3.758 | 
     | datapath/g32522                             | A1 v -> ZN ^ | NOR2_X2   | 0.026 |   2.499 |    3.784 | 
     | datapath/FE_RC_679_0                        | A2 ^ -> ZN v | NAND2_X1  | 0.018 |   2.517 |    3.802 | 
     | datapath/FE_RC_680_0                        | A v -> ZN ^  | INV_X2    | 0.016 |   2.534 |    3.819 | 
     | datapath/FE_RC_2147_0                       | A3 ^ -> ZN v | NAND4_X4  | 0.033 |   2.566 |    3.851 | 
     | datapath/g32425                             | B1 v -> ZN ^ | OAI21_X2  | 0.039 |   2.605 |    3.890 | 
     | datapath/g22498                             | A2 ^ -> ZN v | NAND2_X4  | 0.022 |   2.627 |    3.912 | 
     | g1064                                       | A1 v -> ZN ^ | NAND2_X4  | 0.022 |   2.649 |    3.934 | 
     | datapath/FE_RC_2172_0                       | A ^ -> ZN v  | INV_X2    | 0.010 |   2.659 |    3.944 | 
     | datapath/FE_OFC1605_FE_DBTN5_IFID_flush_BAR | A v -> ZN ^  | INV_X2    | 0.027 |   2.686 |    3.971 | 
     | datapath/FE_OFC1606_FE_DBTN5_IFID_flush_BAR | A ^ -> ZN v  | INV_X2    | 0.024 |   2.710 |    3.995 | 
     | datapath/g43121                             | A1 v -> ZN ^ | NOR2_X1   | 0.025 |   2.735 |    4.020 | 
     | datapath/IFID_pc_reg[2]                     | D ^          | DFFR_X1   | 0.000 |   2.735 |    4.020 | 
     +-----------------------------------------------------------------------------------------------------+ 
Path 40: MET Setup Check with Pin datapath/IFID_instr_reg[16]/CK 
Endpoint:   datapath/IFID_instr_reg[16]/D      (v) checked with  leading edge 
of 'clk'
Beginpoint: datapath/registers_RF_reg[9][17]/Q (v) triggered by trailing edge 
of 'clk'
Path Groups: {reg2reg}
Analysis View: RPT_TYP
Other End Arrival Time          0.266
- Setup                         0.039
+ Phase Shift                   3.900
+ CPPR Adjustment               0.000
- Uncertainty                   0.100
= Required Time                 4.027
- Arrival Time                  2.741
= Slack Time                    1.286
     Clock Fall Edge                 1.950
     + Clock Network Latency (Prop)  0.199
     = Beginpoint Arrival Time       2.149
     +------------------------------------------------------------------------------------------+ 
     |             Instance             |     Arc      |   Cell    | Delay | Arrival | Required | 
     |                                  |              |           |       |  Time   |   Time   | 
     |----------------------------------+--------------+-----------+-------+---------+----------| 
     | datapath/registers_RF_reg[9][17] | CK ^         |           |       |   2.149 |    3.435 | 
     | datapath/registers_RF_reg[9][17] | CK ^ -> Q v  | SDFF_X1   | 0.076 |   2.226 |    3.512 | 
     | datapath/g4255                   | A1 v -> ZN ^ | NAND2_X1  | 0.018 |   2.244 |    3.530 | 
     | datapath/FE_RC_2495_0            | A2 ^ -> ZN v | NAND3_X1  | 0.023 |   2.267 |    3.553 | 
     | datapath/FE_RC_2496_0            | A v -> ZN ^  | INV_X1    | 0.015 |   2.282 |    3.568 | 
     | datapath/FE_RC_2857_0            | A3 ^ -> ZN v | NAND3_X1  | 0.026 |   2.308 |    3.594 | 
     | datapath/FE_RC_1786_0            | A v -> ZN ^  | INV_X2    | 0.020 |   2.328 |    3.614 | 
     | datapath/g3406__1617             | A4 ^ -> ZN v | NAND4_X4  | 0.038 |   2.367 |    3.653 | 
     | datapath/FE_RC_501_0             | A v -> ZN ^  | INV_X4    | 0.016 |   2.383 |    3.669 | 
     | datapath/FE_RC_499_0             | B1 ^ -> ZN v | AOI21_X2  | 0.016 |   2.399 |    3.685 | 
     | datapath/g32617                  | B v -> ZN ^  | XNOR2_X2  | 0.031 |   2.430 |    3.716 | 
     | datapath/g32547                  | A ^ -> ZN v  | OAI221_X1 | 0.043 |   2.473 |    3.759 | 
     | datapath/g32522                  | A1 v -> ZN ^ | NOR2_X2   | 0.026 |   2.499 |    3.785 | 
     | datapath/FE_RC_679_0             | A2 ^ -> ZN v | NAND2_X1  | 0.018 |   2.517 |    3.803 | 
     | datapath/FE_RC_680_0             | A v -> ZN ^  | INV_X2    | 0.016 |   2.534 |    3.820 | 
     | datapath/FE_RC_2147_0            | A3 ^ -> ZN v | NAND4_X4  | 0.033 |   2.566 |    3.852 | 
     | datapath/g32426                  | A1 v -> ZN ^ | NAND2_X1  | 0.023 |   2.590 |    3.876 | 
     | datapath/g32425                  | A ^ -> ZN v  | OAI21_X2  | 0.022 |   2.612 |    3.898 | 
     | datapath/g22498                  | A2 v -> ZN ^ | NAND2_X4  | 0.023 |   2.635 |    3.921 | 
     | g1064                            | A1 ^ -> ZN v | NAND2_X4  | 0.020 |   2.655 |    3.941 | 
     | datapath/g43454                  | A1 v -> ZN ^ | NAND2_X4  | 0.021 |   2.676 |    3.962 | 
     | datapath/FE_OCPC425_n_301        | A ^ -> Z ^   | BUF_X8    | 0.033 |   2.709 |    3.995 | 
     | datapath/FE_RC_2260_0            | A1 ^ -> ZN v | OAI22_X1  | 0.032 |   2.741 |    4.027 | 
     | datapath/IFID_instr_reg[16]      | D v          | DFFR_X2   | 0.000 |   2.741 |    4.027 | 
     +------------------------------------------------------------------------------------------+ 
Path 41: MET Setup Check with Pin datapath/IFID_instr_reg[3]/CK 
Endpoint:   datapath/IFID_instr_reg[3]/D       (^) checked with  leading edge 
of 'clk'
Beginpoint: datapath/registers_RF_reg[9][17]/Q (v) triggered by trailing edge 
of 'clk'
Path Groups: {reg2reg}
Analysis View: RPT_TYP
Other End Arrival Time          0.269
- Setup                         0.037
+ Phase Shift                   3.900
+ CPPR Adjustment               0.000
- Uncertainty                   0.100
= Required Time                 4.032
- Arrival Time                  2.746
= Slack Time                    1.286
     Clock Fall Edge                 1.950
     + Clock Network Latency (Prop)  0.199
     = Beginpoint Arrival Time       2.149
     +------------------------------------------------------------------------------------------+ 
     |             Instance             |     Arc      |   Cell    | Delay | Arrival | Required | 
     |                                  |              |           |       |  Time   |   Time   | 
     |----------------------------------+--------------+-----------+-------+---------+----------| 
     | datapath/registers_RF_reg[9][17] | CK ^         |           |       |   2.149 |    3.436 | 
     | datapath/registers_RF_reg[9][17] | CK ^ -> Q v  | SDFF_X1   | 0.076 |   2.226 |    3.512 | 
     | datapath/g4255                   | A1 v -> ZN ^ | NAND2_X1  | 0.018 |   2.244 |    3.530 | 
     | datapath/FE_RC_2495_0            | A2 ^ -> ZN v | NAND3_X1  | 0.023 |   2.267 |    3.553 | 
     | datapath/FE_RC_2496_0            | A v -> ZN ^  | INV_X1    | 0.015 |   2.282 |    3.568 | 
     | datapath/FE_RC_2857_0            | A3 ^ -> ZN v | NAND3_X1  | 0.026 |   2.308 |    3.594 | 
     | datapath/FE_RC_1786_0            | A v -> ZN ^  | INV_X2    | 0.020 |   2.328 |    3.615 | 
     | datapath/g3406__1617             | A4 ^ -> ZN v | NAND4_X4  | 0.038 |   2.367 |    3.653 | 
     | datapath/FE_RC_501_0             | A v -> ZN ^  | INV_X4    | 0.016 |   2.383 |    3.669 | 
     | datapath/FE_RC_499_0             | B1 ^ -> ZN v | AOI21_X2  | 0.016 |   2.399 |    3.685 | 
     | datapath/g32617                  | B v -> ZN ^  | XNOR2_X2  | 0.031 |   2.430 |    3.717 | 
     | datapath/g32547                  | A ^ -> ZN v  | OAI221_X1 | 0.043 |   2.473 |    3.760 | 
     | datapath/g32522                  | A1 v -> ZN ^ | NOR2_X2   | 0.026 |   2.499 |    3.786 | 
     | datapath/FE_RC_679_0             | A2 ^ -> ZN v | NAND2_X1  | 0.018 |   2.517 |    3.804 | 
     | datapath/FE_RC_680_0             | A v -> ZN ^  | INV_X2    | 0.016 |   2.534 |    3.820 | 
     | datapath/FE_RC_2147_0            | A3 ^ -> ZN v | NAND4_X4  | 0.033 |   2.566 |    3.853 | 
     | datapath/g32425                  | B1 v -> ZN ^ | OAI21_X2  | 0.039 |   2.605 |    3.891 | 
     | datapath/g22498                  | A2 ^ -> ZN v | NAND2_X4  | 0.022 |   2.627 |    3.913 | 
     | g1064                            | A1 v -> ZN ^ | NAND2_X4  | 0.022 |   2.649 |    3.935 | 
     | datapath/g43454                  | A1 ^ -> ZN v | NAND2_X4  | 0.018 |   2.667 |    3.953 | 
     | datapath/FE_OCPC425_n_301        | A v -> Z v   | BUF_X8    | 0.031 |   2.697 |    3.984 | 
     | datapath/g43179                  | B1 v -> ZN ^ | OAI22_X1  | 0.048 |   2.746 |    4.032 | 
     | datapath/IFID_instr_reg[3]       | D ^          | DFFR_X1   | 0.000 |   2.746 |    4.032 | 
     +------------------------------------------------------------------------------------------+ 
Path 42: MET Setup Check with Pin datapath/IFID_instr_reg[6]/CK 
Endpoint:   datapath/IFID_instr_reg[6]/D       (^) checked with  leading edge 
of 'clk'
Beginpoint: datapath/registers_RF_reg[9][17]/Q (v) triggered by trailing edge 
of 'clk'
Path Groups: {reg2reg}
Analysis View: RPT_TYP
Other End Arrival Time          0.269
- Setup                         0.037
+ Phase Shift                   3.900
+ CPPR Adjustment               0.000
- Uncertainty                   0.100
= Required Time                 4.032
- Arrival Time                  2.745
= Slack Time                    1.287
     Clock Fall Edge                 1.950
     + Clock Network Latency (Prop)  0.199
     = Beginpoint Arrival Time       2.149
     +------------------------------------------------------------------------------------------+ 
     |             Instance             |     Arc      |   Cell    | Delay | Arrival | Required | 
     |                                  |              |           |       |  Time   |   Time   | 
     |----------------------------------+--------------+-----------+-------+---------+----------| 
     | datapath/registers_RF_reg[9][17] | CK ^         |           |       |   2.149 |    3.436 | 
     | datapath/registers_RF_reg[9][17] | CK ^ -> Q v  | SDFF_X1   | 0.076 |   2.226 |    3.512 | 
     | datapath/g4255                   | A1 v -> ZN ^ | NAND2_X1  | 0.018 |   2.244 |    3.530 | 
     | datapath/FE_RC_2495_0            | A2 ^ -> ZN v | NAND3_X1  | 0.023 |   2.267 |    3.553 | 
     | datapath/FE_RC_2496_0            | A v -> ZN ^  | INV_X1    | 0.015 |   2.282 |    3.568 | 
     | datapath/FE_RC_2857_0            | A3 ^ -> ZN v | NAND3_X1  | 0.026 |   2.308 |    3.594 | 
     | datapath/FE_RC_1786_0            | A v -> ZN ^  | INV_X2    | 0.020 |   2.328 |    3.615 | 
     | datapath/g3406__1617             | A4 ^ -> ZN v | NAND4_X4  | 0.038 |   2.367 |    3.653 | 
     | datapath/FE_RC_501_0             | A v -> ZN ^  | INV_X4    | 0.016 |   2.383 |    3.669 | 
     | datapath/FE_RC_499_0             | B1 ^ -> ZN v | AOI21_X2  | 0.016 |   2.399 |    3.686 | 
     | datapath/g32617                  | B v -> ZN ^  | XNOR2_X2  | 0.031 |   2.430 |    3.717 | 
     | datapath/g32547                  | A ^ -> ZN v  | OAI221_X1 | 0.043 |   2.473 |    3.760 | 
     | datapath/g32522                  | A1 v -> ZN ^ | NOR2_X2   | 0.026 |   2.499 |    3.786 | 
     | datapath/FE_RC_679_0             | A2 ^ -> ZN v | NAND2_X1  | 0.018 |   2.517 |    3.804 | 
     | datapath/FE_RC_680_0             | A v -> ZN ^  | INV_X2    | 0.016 |   2.534 |    3.820 | 
     | datapath/FE_RC_2147_0            | A3 ^ -> ZN v | NAND4_X4  | 0.033 |   2.566 |    3.853 | 
     | datapath/g32425                  | B1 v -> ZN ^ | OAI21_X2  | 0.039 |   2.605 |    3.892 | 
     | datapath/g22498                  | A2 ^ -> ZN v | NAND2_X4  | 0.022 |   2.627 |    3.913 | 
     | g1064                            | A1 v -> ZN ^ | NAND2_X4  | 0.022 |   2.649 |    3.936 | 
     | datapath/g43454                  | A1 ^ -> ZN v | NAND2_X4  | 0.018 |   2.667 |    3.953 | 
     | datapath/FE_OCPC425_n_301        | A v -> Z v   | BUF_X8    | 0.031 |   2.697 |    3.984 | 
     | datapath/g43182                  | B1 v -> ZN ^ | OAI22_X1  | 0.048 |   2.745 |    4.032 | 
     | datapath/IFID_instr_reg[6]       | D ^          | DFFR_X1   | 0.000 |   2.745 |    4.032 | 
     +------------------------------------------------------------------------------------------+ 
Path 43: MET Setup Check with Pin datapath/IFID_instr_reg[31]/CK 
Endpoint:   datapath/IFID_instr_reg[31]/D      (^) checked with  leading edge 
of 'clk'
Beginpoint: datapath/registers_RF_reg[9][17]/Q (v) triggered by trailing edge 
of 'clk'
Path Groups: {reg2reg}
Analysis View: RPT_TYP
Other End Arrival Time          0.267
- Setup                         0.036
+ Phase Shift                   3.900
+ CPPR Adjustment               0.000
- Uncertainty                   0.100
= Required Time                 4.031
- Arrival Time                  2.744
= Slack Time                    1.287
     Clock Fall Edge                 1.950
     + Clock Network Latency (Prop)  0.199
     = Beginpoint Arrival Time       2.149
     +------------------------------------------------------------------------------------------+ 
     |             Instance             |     Arc      |   Cell    | Delay | Arrival | Required | 
     |                                  |              |           |       |  Time   |   Time   | 
     |----------------------------------+--------------+-----------+-------+---------+----------| 
     | datapath/registers_RF_reg[9][17] | CK ^         |           |       |   2.149 |    3.436 | 
     | datapath/registers_RF_reg[9][17] | CK ^ -> Q v  | SDFF_X1   | 0.076 |   2.226 |    3.513 | 
     | datapath/g4255                   | A1 v -> ZN ^ | NAND2_X1  | 0.018 |   2.244 |    3.531 | 
     | datapath/FE_RC_2495_0            | A2 ^ -> ZN v | NAND3_X1  | 0.023 |   2.267 |    3.554 | 
     | datapath/FE_RC_2496_0            | A v -> ZN ^  | INV_X1    | 0.015 |   2.282 |    3.569 | 
     | datapath/FE_RC_2857_0            | A3 ^ -> ZN v | NAND3_X1  | 0.026 |   2.308 |    3.595 | 
     | datapath/FE_RC_1786_0            | A v -> ZN ^  | INV_X2    | 0.020 |   2.328 |    3.615 | 
     | datapath/g3406__1617             | A4 ^ -> ZN v | NAND4_X4  | 0.038 |   2.367 |    3.654 | 
     | datapath/FE_RC_501_0             | A v -> ZN ^  | INV_X4    | 0.016 |   2.383 |    3.670 | 
     | datapath/FE_RC_499_0             | B1 ^ -> ZN v | AOI21_X2  | 0.016 |   2.399 |    3.686 | 
     | datapath/g32617                  | B v -> ZN ^  | XNOR2_X2  | 0.031 |   2.430 |    3.717 | 
     | datapath/g32547                  | A ^ -> ZN v  | OAI221_X1 | 0.043 |   2.473 |    3.761 | 
     | datapath/g32522                  | A1 v -> ZN ^ | NOR2_X2   | 0.026 |   2.499 |    3.786 | 
     | datapath/FE_RC_679_0             | A2 ^ -> ZN v | NAND2_X1  | 0.018 |   2.517 |    3.804 | 
     | datapath/FE_RC_680_0             | A v -> ZN ^  | INV_X2    | 0.016 |   2.534 |    3.821 | 
     | datapath/FE_RC_2147_0            | A3 ^ -> ZN v | NAND4_X4  | 0.033 |   2.566 |    3.854 | 
     | datapath/g32425                  | B1 v -> ZN ^ | OAI21_X2  | 0.039 |   2.605 |    3.892 | 
     | datapath/g22498                  | A2 ^ -> ZN v | NAND2_X4  | 0.022 |   2.627 |    3.914 | 
     | g1064                            | A1 v -> ZN ^ | NAND2_X4  | 0.022 |   2.649 |    3.936 | 
     | datapath/g43454                  | A1 ^ -> ZN v | NAND2_X4  | 0.018 |   2.667 |    3.954 | 
     | datapath/FE_OCPC425_n_301        | A v -> Z v   | BUF_X8    | 0.031 |   2.697 |    3.985 | 
     | datapath/g43183                  | B1 v -> ZN ^ | OAI22_X1  | 0.046 |   2.744 |    4.031 | 
     | datapath/IFID_instr_reg[31]      | D ^          | DFFR_X2   | 0.000 |   2.744 |    4.031 | 
     +------------------------------------------------------------------------------------------+ 
Path 44: MET Setup Check with Pin datapath/IF_pc_reg[17]/CK 
Endpoint:   datapath/IF_pc_reg[17]/D           (v) checked with  leading edge 
of 'clk'
Beginpoint: datapath/registers_RF_reg[9][17]/Q (v) triggered by trailing edge 
of 'clk'
Path Groups: {reg2reg}
Analysis View: RPT_TYP
Other End Arrival Time          0.269
- Setup                         0.036
+ Phase Shift                   3.900
+ CPPR Adjustment               0.000
- Uncertainty                   0.100
= Required Time                 4.033
- Arrival Time                  2.745
= Slack Time                    1.287
     Clock Fall Edge                 1.950
     + Clock Network Latency (Prop)  0.199
     = Beginpoint Arrival Time       2.149
     +------------------------------------------------------------------------------------------------------------+ 
     |                      Instance                      |     Arc      |   Cell    | Delay | Arrival | Required | 
     |                                                    |              |           |       |  Time   |   Time   | 
     |----------------------------------------------------+--------------+-----------+-------+---------+----------| 
     | datapath/registers_RF_reg[9][17]                   | CK ^         |           |       |   2.149 |    3.437 | 
     | datapath/registers_RF_reg[9][17]                   | CK ^ -> Q v  | SDFF_X1   | 0.076 |   2.226 |    3.513 | 
     | datapath/g4255                                     | A1 v -> ZN ^ | NAND2_X1  | 0.018 |   2.244 |    3.531 | 
     | datapath/FE_RC_2495_0                              | A2 ^ -> ZN v | NAND3_X1  | 0.023 |   2.267 |    3.554 | 
     | datapath/FE_RC_2496_0                              | A v -> ZN ^  | INV_X1    | 0.015 |   2.282 |    3.569 | 
     | datapath/FE_RC_2857_0                              | A3 ^ -> ZN v | NAND3_X1  | 0.026 |   2.308 |    3.595 | 
     | datapath/FE_RC_1786_0                              | A v -> ZN ^  | INV_X2    | 0.020 |   2.328 |    3.616 | 
     | datapath/g3406__1617                               | A4 ^ -> ZN v | NAND4_X4  | 0.038 |   2.367 |    3.654 | 
     | datapath/FE_RC_501_0                               | A v -> ZN ^  | INV_X4    | 0.016 |   2.383 |    3.670 | 
     | datapath/FE_RC_499_0                               | B1 ^ -> ZN v | AOI21_X2  | 0.016 |   2.399 |    3.686 | 
     | datapath/g32617                                    | B v -> ZN ^  | XNOR2_X2  | 0.031 |   2.430 |    3.718 | 
     | datapath/g32547                                    | A ^ -> ZN v  | OAI221_X1 | 0.043 |   2.473 |    3.761 | 
     | datapath/g32522                                    | A1 v -> ZN ^ | NOR2_X2   | 0.026 |   2.499 |    3.786 | 
     | datapath/FE_RC_679_0                               | A2 ^ -> ZN v | NAND2_X1  | 0.018 |   2.517 |    3.804 | 
     | datapath/FE_RC_680_0                               | A v -> ZN ^  | INV_X2    | 0.016 |   2.534 |    3.821 | 
     | datapath/FE_RC_2147_0                              | A3 ^ -> ZN v | NAND4_X4  | 0.033 |   2.566 |    3.854 | 
     | datapath/g32426                                    | A1 v -> ZN ^ | NAND2_X1  | 0.023 |   2.590 |    3.877 | 
     | datapath/g32425                                    | A ^ -> ZN v  | OAI21_X2  | 0.022 |   2.612 |    3.899 | 
     | datapath/g22498                                    | A2 v -> ZN ^ | NAND2_X4  | 0.023 |   2.635 |    3.922 | 
     | datapath/branch_or_inc_4/FE_OCPC266_IFID_takeBranc | A ^ -> ZN v  | INV_X4    | 0.016 |   2.651 |    3.938 | 
     | h                                                  |              |           |       |         |          | 
     | datapath/branch_or_inc_4/FE_OCPC269_IFID_takeBranc | A v -> ZN ^  | INV_X8    | 0.024 |   2.675 |    3.963 | 
     | h                                                  |              |           |       |         |          | 
     | datapath/branch_or_inc_4/FE_OCPC289_IFID_takeBranc | A ^ -> ZN v  | INV_X1    | 0.017 |   2.692 |    3.979 | 
     | h                                                  |              |           |       |         |          | 
     | datapath/branch_or_inc_4/g856__6260                | A1 v -> ZN ^ | NAND2_X1  | 0.014 |   2.706 |    3.993 | 
     | datapath/branch_or_inc_4/g825__5477                | A1 ^ -> ZN v | NAND2_X1  | 0.013 |   2.719 |    4.006 | 
     | datapath/g43381                                    | A1 v -> ZN ^ | NAND2_X1  | 0.013 |   2.732 |    4.020 | 
     | datapath/g43272                                    | A1 ^ -> ZN v | NAND2_X1  | 0.013 |   2.745 |    4.033 | 
     | datapath/IF_pc_reg[17]                             | D v          | DFFR_X1   | 0.000 |   2.745 |    4.033 | 
     +------------------------------------------------------------------------------------------------------------+ 
Path 45: MET Setup Check with Pin datapath/registers_RF_reg[28][25]/CK 
Endpoint:   datapath/registers_RF_reg[28][25]/D (v) checked with trailing edge 
of 'clk'
Beginpoint: datapath/MEMWB_memToReg_reg/QN      (v) triggered by  leading edge 
of 'clk'
Path Groups: {reg2reg}
Analysis View: RPT_TYP
Other End Arrival Time          2.092
- Setup                         0.086
+ Phase Shift                   0.000
+ CPPR Adjustment               0.000
- Uncertainty                   0.100
= Required Time                 1.906
- Arrival Time                  0.618
= Slack Time                    1.288
     Clock Rise Edge                 0.000
     + Clock Network Latency (Prop)  0.255
     = Beginpoint Arrival Time       0.255
     +-------------------------------------------------------------------------------------------+ 
     |             Instance              |     Arc      |   Cell    | Delay | Arrival | Required | 
     |                                   |              |           |       |  Time   |   Time   | 
     |-----------------------------------+--------------+-----------+-------+---------+----------| 
     | datapath/MEMWB_memToReg_reg       | CK ^         |           |       |   0.254 |    1.542 | 
     | datapath/MEMWB_memToReg_reg       | CK ^ -> QN v | DFFR_X1   | 0.089 |   0.344 |    1.631 | 
     | datapath/FE_OCPC432_n_500         | A v -> ZN ^  | INV_X4    | 0.026 |   0.370 |    1.657 | 
     | datapath/FE_OCPC435_n_500         | A ^ -> Z ^   | CLKBUF_X3 | 0.046 |   0.415 |    1.703 | 
     | datapath/FE_OCPC438_n_500         | A ^ -> Z ^   | BUF_X4    | 0.031 |   0.446 |    1.734 | 
     | datapath/FE_OCPC1271_n_500        | A ^ -> Z ^   | CLKBUF_X1 | 0.052 |   0.498 |    1.786 | 
     | datapath/FE_RC_2804_0             | A ^ -> ZN v  | INV_X1    | 0.011 |   0.509 |    1.797 | 
     | datapath/FE_RC_2802_0             | B1 v -> ZN ^ | AOI22_X1  | 0.065 |   0.574 |    1.862 | 
     | datapath/FE_OFC1760_FE_RN_1446_0  | A ^ -> ZN v  | INV_X4    | 0.033 |   0.607 |    1.895 | 
     | datapath/registers_RF_reg[28][25] | D v          | SDFF_X1   | 0.011 |   0.618 |    1.906 | 
     +-------------------------------------------------------------------------------------------+ 
Path 46: MET Setup Check with Pin datapath/IF_pc_reg[19]/CK 
Endpoint:   datapath/IF_pc_reg[19]/D           (^) checked with  leading edge 
of 'clk'
Beginpoint: datapath/registers_RF_reg[9][17]/Q (v) triggered by trailing edge 
of 'clk'
Path Groups: {reg2reg}
Analysis View: RPT_TYP
Other End Arrival Time          0.269
- Setup                         0.035
+ Phase Shift                   3.900
+ CPPR Adjustment               0.000
- Uncertainty                   0.100
= Required Time                 4.033
- Arrival Time                  2.745
= Slack Time                    1.288
     Clock Fall Edge                 1.950
     + Clock Network Latency (Prop)  0.199
     = Beginpoint Arrival Time       2.149
     +------------------------------------------------------------------------------------------------------------+ 
     |                      Instance                      |     Arc      |   Cell    | Delay | Arrival | Required | 
     |                                                    |              |           |       |  Time   |   Time   | 
     |----------------------------------------------------+--------------+-----------+-------+---------+----------| 
     | datapath/registers_RF_reg[9][17]                   | CK ^         |           |       |   2.149 |    3.438 | 
     | datapath/registers_RF_reg[9][17]                   | CK ^ -> Q v  | SDFF_X1   | 0.076 |   2.226 |    3.514 | 
     | datapath/g4255                                     | A1 v -> ZN ^ | NAND2_X1  | 0.018 |   2.244 |    3.532 | 
     | datapath/FE_RC_2495_0                              | A2 ^ -> ZN v | NAND3_X1  | 0.023 |   2.267 |    3.555 | 
     | datapath/FE_RC_2496_0                              | A v -> ZN ^  | INV_X1    | 0.015 |   2.282 |    3.570 | 
     | datapath/FE_RC_2857_0                              | A3 ^ -> ZN v | NAND3_X1  | 0.026 |   2.308 |    3.596 | 
     | datapath/FE_RC_1786_0                              | A v -> ZN ^  | INV_X2    | 0.020 |   2.328 |    3.617 | 
     | datapath/g3406__1617                               | A4 ^ -> ZN v | NAND4_X4  | 0.038 |   2.367 |    3.655 | 
     | datapath/FE_RC_501_0                               | A v -> ZN ^  | INV_X4    | 0.016 |   2.383 |    3.671 | 
     | datapath/FE_RC_499_0                               | B1 ^ -> ZN v | AOI21_X2  | 0.016 |   2.399 |    3.687 | 
     | datapath/g32617                                    | B v -> ZN ^  | XNOR2_X2  | 0.031 |   2.430 |    3.719 | 
     | datapath/g32547                                    | A ^ -> ZN v  | OAI221_X1 | 0.043 |   2.473 |    3.762 | 
     | datapath/g32522                                    | A1 v -> ZN ^ | NOR2_X2   | 0.026 |   2.499 |    3.787 | 
     | datapath/FE_RC_679_0                               | A2 ^ -> ZN v | NAND2_X1  | 0.018 |   2.517 |    3.805 | 
     | datapath/FE_RC_680_0                               | A v -> ZN ^  | INV_X2    | 0.016 |   2.534 |    3.822 | 
     | datapath/FE_RC_2147_0                              | A3 ^ -> ZN v | NAND4_X4  | 0.033 |   2.566 |    3.855 | 
     | datapath/g32425                                    | B1 v -> ZN ^ | OAI21_X2  | 0.039 |   2.605 |    3.893 | 
     | datapath/g22498                                    | A2 ^ -> ZN v | NAND2_X4  | 0.022 |   2.627 |    3.915 | 
     | datapath/branch_or_inc_4/FE_OCPC266_IFID_takeBranc | A v -> ZN ^  | INV_X4    | 0.026 |   2.653 |    3.941 | 
     | h                                                  |              |           |       |         |          | 
     | datapath/branch_or_inc_4/FE_OCPC269_IFID_takeBranc | A ^ -> ZN v  | INV_X8    | 0.017 |   2.670 |    3.958 | 
     | h                                                  |              |           |       |         |          | 
     | datapath/branch_or_inc_4/FE_OCPC288_IFID_takeBranc | A v -> ZN ^  | INV_X4    | 0.019 |   2.689 |    3.977 | 
     | h                                                  |              |           |       |         |          | 
     | datapath/branch_or_inc_4/g850__1666                | A1 ^ -> ZN v | NAND2_X2  | 0.011 |   2.699 |    3.988 | 
     | datapath/branch_or_inc_4/g845__6161                | A1 v -> ZN ^ | NAND2_X1  | 0.014 |   2.714 |    4.002 | 
     | datapath/g43612                                    | A ^ -> ZN v  | INV_X1    | 0.008 |   2.721 |    4.010 | 
     | datapath/g43270                                    | B1 v -> ZN ^ | OAI21_X1  | 0.023 |   2.745 |    4.033 | 
     | datapath/IF_pc_reg[19]                             | D ^          | DFFR_X1   | 0.000 |   2.745 |    4.033 | 
     +------------------------------------------------------------------------------------------------------------+ 
Path 47: MET Setup Check with Pin datapath/IFID_instr_reg[22]/CK 
Endpoint:   datapath/IFID_instr_reg[22]/D      (^) checked with  leading edge 
of 'clk'
Beginpoint: datapath/registers_RF_reg[9][17]/Q (v) triggered by trailing edge 
of 'clk'
Path Groups: {reg2reg}
Analysis View: RPT_TYP
Other End Arrival Time          0.267
- Setup                         0.036
+ Phase Shift                   3.900
+ CPPR Adjustment               0.000
- Uncertainty                   0.100
= Required Time                 4.031
- Arrival Time                  2.742
= Slack Time                    1.288
     Clock Fall Edge                 1.950
     + Clock Network Latency (Prop)  0.199
     = Beginpoint Arrival Time       2.149
     +------------------------------------------------------------------------------------------+ 
     |             Instance             |     Arc      |   Cell    | Delay | Arrival | Required | 
     |                                  |              |           |       |  Time   |   Time   | 
     |----------------------------------+--------------+-----------+-------+---------+----------| 
     | datapath/registers_RF_reg[9][17] | CK ^         |           |       |   2.149 |    3.438 | 
     | datapath/registers_RF_reg[9][17] | CK ^ -> Q v  | SDFF_X1   | 0.076 |   2.226 |    3.514 | 
     | datapath/g4255                   | A1 v -> ZN ^ | NAND2_X1  | 0.018 |   2.244 |    3.532 | 
     | datapath/FE_RC_2495_0            | A2 ^ -> ZN v | NAND3_X1  | 0.023 |   2.267 |    3.555 | 
     | datapath/FE_RC_2496_0            | A v -> ZN ^  | INV_X1    | 0.015 |   2.282 |    3.570 | 
     | datapath/FE_RC_2857_0            | A3 ^ -> ZN v | NAND3_X1  | 0.026 |   2.308 |    3.596 | 
     | datapath/FE_RC_1786_0            | A v -> ZN ^  | INV_X2    | 0.020 |   2.328 |    3.617 | 
     | datapath/g3406__1617             | A4 ^ -> ZN v | NAND4_X4  | 0.038 |   2.367 |    3.655 | 
     | datapath/FE_RC_501_0             | A v -> ZN ^  | INV_X4    | 0.016 |   2.383 |    3.671 | 
     | datapath/FE_RC_499_0             | B1 ^ -> ZN v | AOI21_X2  | 0.016 |   2.399 |    3.687 | 
     | datapath/g32617                  | B v -> ZN ^  | XNOR2_X2  | 0.031 |   2.430 |    3.719 | 
     | datapath/g32547                  | A ^ -> ZN v  | OAI221_X1 | 0.043 |   2.473 |    3.762 | 
     | datapath/g32522                  | A1 v -> ZN ^ | NOR2_X2   | 0.026 |   2.499 |    3.788 | 
     | datapath/FE_RC_679_0             | A2 ^ -> ZN v | NAND2_X1  | 0.018 |   2.517 |    3.806 | 
     | datapath/FE_RC_680_0             | A v -> ZN ^  | INV_X2    | 0.016 |   2.534 |    3.822 | 
     | datapath/FE_RC_2147_0            | A3 ^ -> ZN v | NAND4_X4  | 0.033 |   2.566 |    3.855 | 
     | datapath/g32425                  | B1 v -> ZN ^ | OAI21_X2  | 0.039 |   2.605 |    3.894 | 
     | datapath/g22498                  | A2 ^ -> ZN v | NAND2_X4  | 0.022 |   2.627 |    3.915 | 
     | g1064                            | A1 v -> ZN ^ | NAND2_X4  | 0.022 |   2.649 |    3.937 | 
     | datapath/g43454                  | A1 ^ -> ZN v | NAND2_X4  | 0.018 |   2.667 |    3.955 | 
     | datapath/FE_OCPC425_n_301        | A v -> Z v   | BUF_X8    | 0.031 |   2.697 |    3.986 | 
     | datapath/g43191                  | B1 v -> ZN ^ | OAI22_X1  | 0.045 |   2.742 |    4.031 | 
     | datapath/IFID_instr_reg[22]      | D ^          | DFFR_X2   | 0.000 |   2.742 |    4.031 | 
     +------------------------------------------------------------------------------------------+ 
Path 48: MET Setup Check with Pin datapath/IF_pc_reg[16]/CK 
Endpoint:   datapath/IF_pc_reg[16]/D           (v) checked with  leading edge 
of 'clk'
Beginpoint: datapath/registers_RF_reg[9][17]/Q (v) triggered by trailing edge 
of 'clk'
Path Groups: {reg2reg}
Analysis View: RPT_TYP
Other End Arrival Time          0.269
- Setup                         0.036
+ Phase Shift                   3.900
+ CPPR Adjustment               0.000
- Uncertainty                   0.100
= Required Time                 4.032
- Arrival Time                  2.743
= Slack Time                    1.289
     Clock Fall Edge                 1.950
     + Clock Network Latency (Prop)  0.199
     = Beginpoint Arrival Time       2.149
     +------------------------------------------------------------------------------------------------------------+ 
     |                      Instance                      |     Arc      |   Cell    | Delay | Arrival | Required | 
     |                                                    |              |           |       |  Time   |   Time   | 
     |----------------------------------------------------+--------------+-----------+-------+---------+----------| 
     | datapath/registers_RF_reg[9][17]                   | CK ^         |           |       |   2.149 |    3.438 | 
     | datapath/registers_RF_reg[9][17]                   | CK ^ -> Q v  | SDFF_X1   | 0.076 |   2.226 |    3.515 | 
     | datapath/g4255                                     | A1 v -> ZN ^ | NAND2_X1  | 0.018 |   2.244 |    3.533 | 
     | datapath/FE_RC_2495_0                              | A2 ^ -> ZN v | NAND3_X1  | 0.023 |   2.267 |    3.556 | 
     | datapath/FE_RC_2496_0                              | A v -> ZN ^  | INV_X1    | 0.015 |   2.282 |    3.571 | 
     | datapath/FE_RC_2857_0                              | A3 ^ -> ZN v | NAND3_X1  | 0.026 |   2.308 |    3.597 | 
     | datapath/FE_RC_1786_0                              | A v -> ZN ^  | INV_X2    | 0.020 |   2.328 |    3.617 | 
     | datapath/g3406__1617                               | A4 ^ -> ZN v | NAND4_X4  | 0.038 |   2.367 |    3.656 | 
     | datapath/FE_RC_501_0                               | A v -> ZN ^  | INV_X4    | 0.016 |   2.383 |    3.672 | 
     | datapath/FE_RC_499_0                               | B1 ^ -> ZN v | AOI21_X2  | 0.016 |   2.399 |    3.688 | 
     | datapath/g32617                                    | B v -> ZN ^  | XNOR2_X2  | 0.031 |   2.430 |    3.719 | 
     | datapath/g32547                                    | A ^ -> ZN v  | OAI221_X1 | 0.043 |   2.473 |    3.762 | 
     | datapath/g32522                                    | A1 v -> ZN ^ | NOR2_X2   | 0.026 |   2.499 |    3.788 | 
     | datapath/FE_RC_679_0                               | A2 ^ -> ZN v | NAND2_X1  | 0.018 |   2.517 |    3.806 | 
     | datapath/FE_RC_680_0                               | A v -> ZN ^  | INV_X2    | 0.016 |   2.534 |    3.822 | 
     | datapath/FE_RC_2147_0                              | A3 ^ -> ZN v | NAND4_X4  | 0.033 |   2.566 |    3.855 | 
     | datapath/g32426                                    | A1 v -> ZN ^ | NAND2_X1  | 0.023 |   2.590 |    3.879 | 
     | datapath/g32425                                    | A ^ -> ZN v  | OAI21_X2  | 0.022 |   2.612 |    3.901 | 
     | datapath/g22498                                    | A2 v -> ZN ^ | NAND2_X4  | 0.023 |   2.635 |    3.924 | 
     | datapath/branch_or_inc_4/FE_OCPC266_IFID_takeBranc | A ^ -> ZN v  | INV_X4    | 0.016 |   2.651 |    3.940 | 
     | h                                                  |              |           |       |         |          | 
     | datapath/branch_or_inc_4/FE_OCPC269_IFID_takeBranc | A v -> ZN ^  | INV_X8    | 0.024 |   2.675 |    3.964 | 
     | h                                                  |              |           |       |         |          | 
     | datapath/branch_or_inc_4/FE_OCPC288_IFID_takeBranc | A ^ -> ZN v  | INV_X4    | 0.014 |   2.689 |    3.978 | 
     | h                                                  |              |           |       |         |          | 
     | datapath/branch_or_inc_4/g859__5526                | A1 v -> ZN ^ | NAND2_X1  | 0.013 |   2.703 |    3.992 | 
     | datapath/branch_or_inc_4/g827__5107                | A1 ^ -> ZN v | NAND2_X1  | 0.013 |   2.715 |    4.004 | 
     | datapath/g43382                                    | A1 v -> ZN ^ | NAND2_X1  | 0.014 |   2.729 |    4.018 | 
     | datapath/g43318                                    | A1 ^ -> ZN v | NAND2_X1  | 0.014 |   2.743 |    4.032 | 
     | datapath/IF_pc_reg[16]                             | D v          | DFFR_X1   | 0.000 |   2.743 |    4.032 | 
     +------------------------------------------------------------------------------------------------------------+ 
Path 49: MET Setup Check with Pin datapath/registers_RF_reg[27][25]/CK 
Endpoint:   datapath/registers_RF_reg[27][25]/D (v) checked with trailing edge 
of 'clk'
Beginpoint: datapath/MEMWB_memToReg_reg/QN      (v) triggered by  leading edge 
of 'clk'
Path Groups: {reg2reg}
Analysis View: RPT_TYP
Other End Arrival Time          2.094
- Setup                         0.086
+ Phase Shift                   0.000
+ CPPR Adjustment               0.000
- Uncertainty                   0.100
= Required Time                 1.908
- Arrival Time                  0.618
= Slack Time                    1.290
     Clock Rise Edge                 0.000
     + Clock Network Latency (Prop)  0.255
     = Beginpoint Arrival Time       0.255
     +-------------------------------------------------------------------------------------------+ 
     |             Instance              |     Arc      |   Cell    | Delay | Arrival | Required | 
     |                                   |              |           |       |  Time   |   Time   | 
     |-----------------------------------+--------------+-----------+-------+---------+----------| 
     | datapath/MEMWB_memToReg_reg       | CK ^         |           |       |   0.254 |    1.544 | 
     | datapath/MEMWB_memToReg_reg       | CK ^ -> QN v | DFFR_X1   | 0.089 |   0.344 |    1.634 | 
     | datapath/FE_OCPC432_n_500         | A v -> ZN ^  | INV_X4    | 0.026 |   0.370 |    1.660 | 
     | datapath/FE_OCPC435_n_500         | A ^ -> Z ^   | CLKBUF_X3 | 0.046 |   0.415 |    1.705 | 
     | datapath/FE_OCPC438_n_500         | A ^ -> Z ^   | BUF_X4    | 0.031 |   0.446 |    1.736 | 
     | datapath/FE_OCPC1271_n_500        | A ^ -> Z ^   | CLKBUF_X1 | 0.052 |   0.498 |    1.788 | 
     | datapath/FE_RC_2804_0             | A ^ -> ZN v  | INV_X1    | 0.011 |   0.509 |    1.799 | 
     | datapath/FE_RC_2802_0             | B1 v -> ZN ^ | AOI22_X1  | 0.065 |   0.574 |    1.864 | 
     | datapath/FE_OFC1760_FE_RN_1446_0  | A ^ -> ZN v  | INV_X4    | 0.033 |   0.607 |    1.897 | 
     | datapath/registers_RF_reg[27][25] | D v          | SDFF_X1   | 0.011 |   0.618 |    1.908 | 
     +-------------------------------------------------------------------------------------------+ 
Path 50: MET Setup Check with Pin datapath/IFID_pc_reg[28]/CK 
Endpoint:   datapath/IFID_pc_reg[28]/D         (^) checked with  leading edge 
of 'clk'
Beginpoint: datapath/registers_RF_reg[9][17]/Q (v) triggered by trailing edge 
of 'clk'
Path Groups: {reg2reg}
Analysis View: RPT_TYP
Other End Arrival Time          0.265
- Setup                         0.034
+ Phase Shift                   3.900
+ CPPR Adjustment               0.000
- Uncertainty                   0.100
= Required Time                 4.031
- Arrival Time                  2.741
= Slack Time                    1.290
     Clock Fall Edge                 1.950
     + Clock Network Latency (Prop)  0.199
     = Beginpoint Arrival Time       2.149
     +-----------------------------------------------------------------------------------------------------+ 
     |                  Instance                   |     Arc      |   Cell    | Delay | Arrival | Required | 
     |                                             |              |           |       |  Time   |   Time   | 
     |---------------------------------------------+--------------+-----------+-------+---------+----------| 
     | datapath/registers_RF_reg[9][17]            | CK ^         |           |       |   2.149 |    3.439 | 
     | datapath/registers_RF_reg[9][17]            | CK ^ -> Q v  | SDFF_X1   | 0.076 |   2.226 |    3.516 | 
     | datapath/g4255                              | A1 v -> ZN ^ | NAND2_X1  | 0.018 |   2.244 |    3.534 | 
     | datapath/FE_RC_2495_0                       | A2 ^ -> ZN v | NAND3_X1  | 0.023 |   2.267 |    3.557 | 
     | datapath/FE_RC_2496_0                       | A v -> ZN ^  | INV_X1    | 0.015 |   2.282 |    3.572 | 
     | datapath/FE_RC_2857_0                       | A3 ^ -> ZN v | NAND3_X1  | 0.026 |   2.308 |    3.598 | 
     | datapath/FE_RC_1786_0                       | A v -> ZN ^  | INV_X2    | 0.020 |   2.328 |    3.618 | 
     | datapath/g3406__1617                        | A4 ^ -> ZN v | NAND4_X4  | 0.038 |   2.367 |    3.657 | 
     | datapath/FE_RC_501_0                        | A v -> ZN ^  | INV_X4    | 0.016 |   2.383 |    3.673 | 
     | datapath/FE_RC_499_0                        | B1 ^ -> ZN v | AOI21_X2  | 0.016 |   2.399 |    3.689 | 
     | datapath/g32617                             | B v -> ZN ^  | XNOR2_X2  | 0.031 |   2.430 |    3.720 | 
     | datapath/g32547                             | A ^ -> ZN v  | OAI221_X1 | 0.043 |   2.473 |    3.764 | 
     | datapath/g32522                             | A1 v -> ZN ^ | NOR2_X2   | 0.026 |   2.499 |    3.789 | 
     | datapath/FE_RC_679_0                        | A2 ^ -> ZN v | NAND2_X1  | 0.018 |   2.517 |    3.807 | 
     | datapath/FE_RC_680_0                        | A v -> ZN ^  | INV_X2    | 0.016 |   2.534 |    3.824 | 
     | datapath/FE_RC_2147_0                       | A3 ^ -> ZN v | NAND4_X4  | 0.033 |   2.566 |    3.857 | 
     | datapath/g32425                             | B1 v -> ZN ^ | OAI21_X2  | 0.039 |   2.605 |    3.895 | 
     | datapath/g22498                             | A2 ^ -> ZN v | NAND2_X4  | 0.022 |   2.627 |    3.917 | 
     | g1064                                       | A1 v -> ZN ^ | NAND2_X4  | 0.022 |   2.649 |    3.939 | 
     | datapath/FE_RC_2172_0                       | A ^ -> ZN v  | INV_X2    | 0.010 |   2.659 |    3.949 | 
     | datapath/FE_OFC1605_FE_DBTN5_IFID_flush_BAR | A v -> ZN ^  | INV_X2    | 0.027 |   2.686 |    3.976 | 
     | datapath/FE_OFC1607_FE_DBTN5_IFID_flush_BAR | A ^ -> ZN v  | INV_X2    | 0.025 |   2.711 |    4.001 | 
     | datapath/g43144                             | A1 v -> ZN ^ | NOR2_X1   | 0.030 |   2.741 |    4.031 | 
     | datapath/IFID_pc_reg[28]                    | D ^          | DFFR_X1   | 0.000 |   2.741 |    4.031 | 
     +-----------------------------------------------------------------------------------------------------+ 

