###############################################################
#  Generated by:      Cadence Innovus 23.12-s091_1
#  OS:                Linux x86_64(Host ID nanohub-2907376-4)
#  Generated on:      Mon Aug 10 01:44:37 2026
#  Design:            pipelined_cpu_core
#  Command:           report_timing -late  -max_paths 50 -nworst 1 > reports/40_final_setup.rpt
###############################################################
Path 1: VIOLATED Setup Check with Pin datapath/EXMEM_aluResult_reg[0]/CK 
Endpoint:   datapath/EXMEM_aluResult_reg[0]/D (^) checked with  leading edge of 
'clk'
Beginpoint: datapath/EXMEM_aluResult_reg[0]/Q (^) triggered by  leading edge of 
'clk'
Path Groups: {reg2reg}
Analysis View: WC_VIEW
Other End Arrival Time          0.789
- Setup                         0.074
+ Phase Shift                   2.800
+ CPPR Adjustment               0.001
- Uncertainty                   0.100
= Required Time                 3.416
- Arrival Time                  4.384
= Slack Time                   -0.968
     Clock Rise Edge                 0.000
     + Clock Network Latency (Prop)  0.790
     = Beginpoint Arrival Time       0.790
     +-----------------------------------------------------------------------------------------------------------+ 
     |                      Instance                      |     Arc      |   Cell   | Delay | Arrival | Required | 
     |                                                    |              |          |       |  Time   |   Time   | 
     |----------------------------------------------------+--------------+----------+-------+---------+----------| 
     | datapath/EXMEM_aluResult_reg[0]                    | CK ^         |          |       |   0.790 |   -0.177 | 
     | datapath/EXMEM_aluResult_reg[0]                    | CK ^ -> Q ^  | DFFR_X1  | 0.429 |   1.220 |    0.252 | 
     | datapath/FE_RC_3165_0                              | B1 ^ -> ZN v | OAI21_X2 | 0.077 |   1.297 |    0.329 | 
     | datapath/FE_RC_3157_0                              | A v -> ZN ^  | INV_X4   | 0.055 |   1.352 |    0.385 | 
     | datapath/ALU_ALU_GEN[0].slice_i_bitAdder/FE_RC_318 | A1 ^ -> ZN v | NAND2_X2 | 0.041 |   1.393 |    0.426 | 
     | 5_0                                                |              |          |       |         |          | 
     | datapath/ALU_ALU_GEN[0].slice_i_bitAdder/FE_RC_318 | A2 v -> ZN ^ | NAND2_X4 | 0.056 |   1.449 |    0.482 | 
     | 3_0                                                |              |          |       |         |          | 
     | datapath/ALU_ALU_GEN[1].slice_i_bitAdder/FE_RC_319 | A1 ^ -> ZN v | NAND2_X4 | 0.036 |   1.485 |    0.518 | 
     | 0_0                                                |              |          |       |         |          | 
     | datapath/ALU_ALU_GEN[1].slice_i_bitAdder/FE_RC_132 | A1 v -> ZN ^ | NAND2_X4 | 0.049 |   1.534 |    0.566 | 
     | 7_0                                                |              |          |       |         |          | 
     | datapath/ALU_ALU_GEN[2].slice_i_bitAdder/FE_RC_367 | A1 ^ -> ZN v | NAND2_X4 | 0.038 |   1.572 |    0.604 | 
     | _0                                                 |              |          |       |         |          | 
     | datapath/ALU_ALU_GEN[2].slice_i_bitAdder/g77__6260 | A1 v -> ZN ^ | NAND2_X4 | 0.045 |   1.617 |    0.650 | 
     | datapath/ALU_ALU_GEN[3].slice_i_bitAdder/FE_RC_166 | A1 ^ -> ZN v | NAND2_X4 | 0.036 |   1.653 |    0.685 | 
     | 5_0                                                |              |          |       |         |          | 
     | datapath/ALU_ALU_GEN[3].slice_i_bitAdder/FE_RC_152 | A1 v -> ZN ^ | NAND2_X4 | 0.050 |   1.703 |    0.735 | 
     | 5_0                                                |              |          |       |         |          | 
     | datapath/ALU_ALU_GEN[4].slice_i_bitAdder/FE_RC_127 | A1 ^ -> ZN v | NAND2_X4 | 0.038 |   1.741 |    0.773 | 
     | 2_0                                                |              |          |       |         |          | 
     | datapath/ALU_ALU_GEN[4].slice_i_bitAdder/FE_RC_127 | A1 v -> ZN ^ | NAND2_X4 | 0.045 |   1.786 |    0.819 | 
     | 1_0                                                |              |          |       |         |          | 
     | datapath/ALU_ALU_GEN[5].slice_i_bitAdder/FE_RC_160 | A1 ^ -> ZN v | NAND2_X4 | 0.036 |   1.822 |    0.854 | 
     | 3_0                                                |              |          |       |         |          | 
     | datapath/ALU_ALU_GEN[5].slice_i_bitAdder/g77__1666 | A1 v -> ZN ^ | NAND2_X4 | 0.044 |   1.865 |    0.898 | 
     | datapath/ALU_ALU_GEN[6].slice_i_bitAdder/FE_RC_166 | A1 ^ -> ZN v | NAND2_X4 | 0.035 |   1.901 |    0.933 | 
     | 4_0                                                |              |          |       |         |          | 
     | datapath/ALU_ALU_GEN[6].slice_i_bitAdder/FE_RC_124 | A1 v -> ZN ^ | NAND2_X4 | 0.044 |   1.945 |    0.978 | 
     | 0_0                                                |              |          |       |         |          | 
     | datapath/ALU_ALU_GEN[7].slice_i_bitAdder/FE_RC_136 | A1 ^ -> ZN v | NAND2_X4 | 0.036 |   1.981 |    1.014 | 
     | 2_0                                                |              |          |       |         |          | 
     | datapath/ALU_ALU_GEN[7].slice_i_bitAdder/g77__5122 | A1 v -> ZN ^ | NAND2_X4 | 0.044 |   2.025 |    1.057 | 
     | datapath/ALU_ALU_GEN[8].slice_i_bitAdder/FE_RC_132 | A1 ^ -> ZN v | NAND2_X4 | 0.036 |   2.061 |    1.093 | 
     | 5_0                                                |              |          |       |         |          | 
     | datapath/ALU_ALU_GEN[8].slice_i_bitAdder/FE_RC_124 | A1 v -> ZN ^ | NAND2_X4 | 0.045 |   2.106 |    1.138 | 
     | 4_0                                                |              |          |       |         |          | 
     | datapath/ALU_ALU_GEN[9].slice_i_bitAdder/FE_RC_158 | A1 ^ -> ZN v | NAND2_X4 | 0.036 |   2.141 |    1.174 | 
     | 7_0                                                |              |          |       |         |          | 
     | datapath/ALU_ALU_GEN[9].slice_i_bitAdder/FE_RC_124 | A1 v -> ZN ^ | NAND2_X4 | 0.046 |   2.187 |    1.219 | 
     | 8_0                                                |              |          |       |         |          | 
     | datapath/ALU_ALU_GEN[10].slice_i_bitAdder/FE_RC_20 | A1 ^ -> ZN v | NAND2_X4 | 0.036 |   2.223 |    1.255 | 
     | 11_0                                               |              |          |       |         |          | 
     | datapath/ALU_ALU_GEN[10].slice_i_bitAdder/FE_RC_20 | A1 v -> ZN ^ | NAND2_X4 | 0.044 |   2.267 |    1.300 | 
     | 10_0                                               |              |          |       |         |          | 
     | datapath/ALU_ALU_GEN[11].slice_i_bitAdder/FE_RC_15 | A1 ^ -> ZN v | NAND2_X4 | 0.036 |   2.303 |    1.336 | 
     | 99_0                                               |              |          |       |         |          | 
     | datapath/ALU_ALU_GEN[11].slice_i_bitAdder/FE_RC_15 | A1 v -> ZN ^ | NAND2_X4 | 0.048 |   2.351 |    1.384 | 
     | 98_0                                               |              |          |       |         |          | 
     | datapath/ALU_ALU_GEN[12].slice_i_bitAdder/FE_RC_17 | A1 ^ -> ZN v | NAND2_X4 | 0.037 |   2.388 |    1.420 | 
     | 73_0                                               |              |          |       |         |          | 
     | datapath/ALU_ALU_GEN[12].slice_i_bitAdder/FE_RC_17 | A1 v -> ZN ^ | NAND2_X4 | 0.044 |   2.432 |    1.464 | 
     | 72_0                                               |              |          |       |         |          | 
     | datapath/ALU_ALU_GEN[13].slice_i_bitAdder/FE_RC_17 | A1 ^ -> ZN v | NAND2_X4 | 0.037 |   2.469 |    1.501 | 
     | 43_0                                               |              |          |       |         |          | 
     | datapath/ALU_ALU_GEN[13].slice_i_bitAdder/g77__510 | A1 v -> ZN ^ | NAND2_X4 | 0.044 |   2.513 |    1.546 | 
     | 7                                                  |              |          |       |         |          | 
     | datapath/ALU_ALU_GEN[14].slice_i_bitAdder/FE_RC_16 | A1 ^ -> ZN v | NAND2_X4 | 0.035 |   2.549 |    1.581 | 
     | 02_0                                               |              |          |       |         |          | 
     | datapath/ALU_ALU_GEN[14].slice_i_bitAdder/g77__280 | A1 v -> ZN ^ | NAND2_X4 | 0.045 |   2.593 |    1.626 | 
     | 2                                                  |              |          |       |         |          | 
     | datapath/ALU_ALU_GEN[15].slice_i_bitAdder/FE_RC_11 | A1 ^ -> ZN v | NAND2_X4 | 0.035 |   2.629 |    1.661 | 
     | 44_0                                               |              |          |       |         |          | 
     | datapath/ALU_ALU_GEN[15].slice_i_bitAdder/FE_RC_11 | A1 v -> ZN ^ | NAND2_X4 | 0.053 |   2.681 |    1.714 | 
     | 43_0                                               |              |          |       |         |          | 
     | datapath/ALU_ALU_GEN[16].slice_i_bitAdder/FE_RC_23 | A1 ^ -> ZN v | NAND2_X4 | 0.039 |   2.720 |    1.753 | 
     | 1_0                                                |              |          |       |         |          | 
     | datapath/ALU_ALU_GEN[16].slice_i_bitAdder/g77__166 | A1 v -> ZN ^ | NAND2_X4 | 0.046 |   2.766 |    1.799 | 
     | 6                                                  |              |          |       |         |          | 
     | datapath/ALU_ALU_GEN[17].slice_i_bitAdder/FE_RC_13 | A1 ^ -> ZN v | NAND2_X4 | 0.036 |   2.802 |    1.834 | 
     | 26_0                                               |              |          |       |         |          | 
     | datapath/ALU_ALU_GEN[17].slice_i_bitAdder/FE_RC_11 | A1 v -> ZN ^ | NAND2_X4 | 0.045 |   2.846 |    1.879 | 
     | 75_0                                               |              |          |       |         |          | 
     | datapath/ALU_ALU_GEN[18].slice_i_bitAdder/FE_RC_11 | A1 ^ -> ZN v | NAND2_X4 | 0.035 |   2.882 |    1.914 | 
     | 72_0                                               |              |          |       |         |          | 
     | datapath/ALU_ALU_GEN[18].slice_i_bitAdder/FE_RC_11 | A1 v -> ZN ^ | NAND2_X4 | 0.044 |   2.926 |    1.958 | 
     | 71_0                                               |              |          |       |         |          | 
     | datapath/ALU_ALU_GEN[19].slice_i_bitAdder/FE_RC_11 | A1 ^ -> ZN v | NAND2_X4 | 0.036 |   2.961 |    1.994 | 
     | 40_0                                               |              |          |       |         |          | 
     | datapath/ALU_ALU_GEN[19].slice_i_bitAdder/FE_RC_11 | A1 v -> ZN ^ | NAND2_X4 | 0.048 |   3.010 |    2.042 | 
     | 39_0                                               |              |          |       |         |          | 
     | datapath/ALU_ALU_GEN[20].slice_i_bitAdder/FE_RC_25 | A1 ^ -> ZN v | NAND2_X4 | 0.037 |   3.047 |    2.080 | 
     | 8_0                                                |              |          |       |         |          | 
     | datapath/ALU_ALU_GEN[20].slice_i_bitAdder/g77__741 | A1 v -> ZN ^ | NAND2_X4 | 0.044 |   3.092 |    2.124 | 
     | 0                                                  |              |          |       |         |          | 
     | datapath/ALU_ALU_GEN[21].slice_i_bitAdder/FE_RC_12 | A1 ^ -> ZN v | NAND2_X4 | 0.035 |   3.127 |    2.159 | 
     | 33_0                                               |              |          |       |         |          | 
     | datapath/ALU_ALU_GEN[21].slice_i_bitAdder/FE_RC_12 | A1 v -> ZN ^ | NAND2_X4 | 0.044 |   3.171 |    2.204 | 
     | 32_0                                               |              |          |       |         |          | 
     | datapath/ALU_ALU_GEN[22].slice_i_bitAdder/FE_RC_17 | A1 ^ -> ZN v | NAND2_X4 | 0.036 |   3.207 |    2.240 | 
     | 3_0                                                |              |          |       |         |          | 
     | datapath/ALU_ALU_GEN[22].slice_i_bitAdder/FE_RC_17 | A1 v -> ZN ^ | NAND2_X4 | 0.045 |   3.253 |    2.285 | 
     | 2_0                                                |              |          |       |         |          | 
     | datapath/ALU_ALU_GEN[23].slice_i_bitAdder/FE_RC_11 | A1 ^ -> ZN v | NAND2_X4 | 0.036 |   3.289 |    2.321 | 
     | 68_0                                               |              |          |       |         |          | 
     | datapath/ALU_ALU_GEN[23].slice_i_bitAdder/FE_RC_11 | A1 v -> ZN ^ | NAND2_X4 | 0.047 |   3.335 |    2.368 | 
     | 67_0                                               |              |          |       |         |          | 
     | datapath/ALU_ALU_GEN[24].slice_i_bitAdder/FE_RC_14 | A1 ^ -> ZN v | NAND2_X4 | 0.039 |   3.374 |    2.406 | 
     | 1_0                                                |              |          |       |         |          | 
     | datapath/ALU_ALU_GEN[24].slice_i_bitAdder/FE_RC_14 | A1 v -> ZN ^ | NAND2_X4 | 0.046 |   3.420 |    2.452 | 
     | 0_0                                                |              |          |       |         |          | 
     | datapath/ALU_ALU_GEN[25].slice_i_bitAdder/FE_RC_11 | A1 ^ -> ZN v | NAND2_X4 | 0.036 |   3.455 |    2.488 | 
     | 36_0                                               |              |          |       |         |          | 
     | datapath/ALU_ALU_GEN[25].slice_i_bitAdder/FE_RC_11 | A1 v -> ZN ^ | NAND2_X4 | 0.047 |   3.503 |    2.535 | 
     | 35_0                                               |              |          |       |         |          | 
     | datapath/ALU_ALU_GEN[26].slice_i_bitAdder/FE_RC_10 | A1 ^ -> ZN v | NAND2_X4 | 0.038 |   3.541 |    2.573 | 
     | 9_0                                                |              |          |       |         |          | 
     | datapath/ALU_ALU_GEN[26].slice_i_bitAdder/FE_RC_10 | A1 v -> ZN ^ | NAND2_X4 | 0.048 |   3.589 |    2.622 | 
     | 8_0                                                |              |          |       |         |          | 
     | datapath/ALU_ALU_GEN[27].slice_i_bitAdder/FE_RC_92 | A1 ^ -> ZN v | NAND2_X4 | 0.038 |   3.627 |    2.660 | 
     | _0                                                 |              |          |       |         |          | 
     | datapath/ALU_ALU_GEN[27].slice_i_bitAdder/FE_RC_91 | A1 v -> ZN ^ | NAND2_X4 | 0.047 |   3.674 |    2.707 | 
     | _0                                                 |              |          |       |         |          | 
     | datapath/ALU_ALU_GEN[28].slice_i_bitAdder/FE_RC_11 | A1 ^ -> ZN v | NAND2_X4 | 0.038 |   3.712 |    2.745 | 
     | 48_0                                               |              |          |       |         |          | 
     | datapath/ALU_ALU_GEN[28].slice_i_bitAdder/FE_RC_11 | A1 v -> ZN ^ | NAND2_X4 | 0.047 |   3.760 |    2.792 | 
     | 47_0                                               |              |          |       |         |          | 
     | datapath/ALU_ALU_GEN[29].slice_i_bitAdder/FE_RC_12 | A1 ^ -> ZN v | NAND2_X4 | 0.039 |   3.799 |    2.831 | 
     | 37_0                                               |              |          |       |         |          | 
     | datapath/ALU_ALU_GEN[29].slice_i_bitAdder/FE_RC_12 | A1 v -> ZN ^ | NAND2_X4 | 0.048 |   3.846 |    2.879 | 
     | 36_0                                               |              |          |       |         |          | 
     | datapath/ALU_ALU_GEN[30].slice_i_bitAdder/FE_RC_12 | A1 ^ -> ZN v | NAND2_X4 | 0.038 |   3.884 |    2.917 | 
     | 11_0                                               |              |          |       |         |          | 
     | datapath/ALU_ALU_GEN[30].slice_i_bitAdder/FE_RC_12 | A1 v -> ZN ^ | NAND2_X4 | 0.062 |   3.947 |    2.979 | 
     | 10_0                                               |              |          |       |         |          | 
     | datapath/ALU_msb_bitAdder/FE_RC_1361_0             | A1 ^ -> ZN v | NAND2_X4 | 0.043 |   3.989 |    3.022 | 
     | datapath/ALU_msb_bitAdder/FE_RC_1281_0             | A1 v -> ZN ^ | NAND2_X4 | 0.046 |   4.035 |    3.067 | 
     | datapath/FE_RC_3181_0                              | A1 ^ -> ZN v | NAND2_X2 | 0.039 |   4.074 |    3.106 | 
     | datapath/FE_RC_3180_0                              | A v -> ZN ^  | OAI21_X2 | 0.067 |   4.141 |    3.173 | 
     | datapath/FE_RC_1109_0                              | A ^ -> ZN ^  | XNOR2_X2 | 0.143 |   4.284 |    3.317 | 
     | datapath/ALU_ALU_GEN[0].slice_i_resultMux/FE_RC_15 | A1 ^ -> ZN v | NAND2_X2 | 0.055 |   4.340 |    3.372 | 
     | 92_0                                               |              |          |       |         |          | 
     | datapath/ALU_ALU_GEN[0].slice_i_resultMux/FE_RC_15 | A1 v -> ZN ^ | NAND2_X2 | 0.044 |   4.384 |    3.416 | 
     | 91_0                                               |              |          |       |         |          | 
     | datapath/EXMEM_aluResult_reg[0]                    | D ^          | DFFR_X1  | 0.000 |   4.384 |    3.416 | 
     +-----------------------------------------------------------------------------------------------------------+ 
Path 2: VIOLATED Setup Check with Pin datapath/EXMEM_aluResult_reg[29]/CK 
Endpoint:   datapath/EXMEM_aluResult_reg[29]/D (^) checked with  leading edge 
of 'clk'
Beginpoint: datapath/EXMEM_aluResult_reg[0]/Q  (^) triggered by  leading edge 
of 'clk'
Path Groups: {reg2reg}
Analysis View: WC_VIEW
Other End Arrival Time          0.700
- Setup                         0.090
+ Phase Shift                   2.800
+ CPPR Adjustment               0.000
- Uncertainty                   0.100
= Required Time                 3.310
- Arrival Time                  4.073
= Slack Time                   -0.763
     Clock Rise Edge                 0.000
     + Clock Network Latency (Prop)  0.790
     = Beginpoint Arrival Time       0.790
     +------------------------------------------------------------------------------------------------------------+ 
     |                      Instance                      |     Arc      |   Cell    | Delay | Arrival | Required | 
     |                                                    |              |           |       |  Time   |   Time   | 
     |----------------------------------------------------+--------------+-----------+-------+---------+----------| 
     | datapath/EXMEM_aluResult_reg[0]                    | CK ^         |           |       |   0.790 |    0.027 | 
     | datapath/EXMEM_aluResult_reg[0]                    | CK ^ -> Q ^  | DFFR_X1   | 0.429 |   1.220 |    0.456 | 
     | datapath/FE_RC_3165_0                              | B1 ^ -> ZN v | OAI21_X2  | 0.077 |   1.297 |    0.534 | 
     | datapath/FE_RC_3157_0                              | A v -> ZN ^  | INV_X4    | 0.055 |   1.352 |    0.589 | 
     | datapath/ALU_ALU_GEN[0].slice_i_bitAdder/FE_RC_318 | A1 ^ -> ZN v | NAND2_X2  | 0.041 |   1.393 |    0.630 | 
     | 5_0                                                |              |           |       |         |          | 
     | datapath/ALU_ALU_GEN[0].slice_i_bitAdder/FE_RC_318 | A2 v -> ZN ^ | NAND2_X4  | 0.056 |   1.449 |    0.686 | 
     | 3_0                                                |              |           |       |         |          | 
     | datapath/ALU_ALU_GEN[1].slice_i_bitAdder/FE_RC_319 | A1 ^ -> ZN v | NAND2_X4  | 0.036 |   1.485 |    0.722 | 
     | 0_0                                                |              |           |       |         |          | 
     | datapath/ALU_ALU_GEN[1].slice_i_bitAdder/FE_RC_132 | A1 v -> ZN ^ | NAND2_X4  | 0.049 |   1.534 |    0.771 | 
     | 7_0                                                |              |           |       |         |          | 
     | datapath/ALU_ALU_GEN[2].slice_i_bitAdder/FE_RC_367 | A1 ^ -> ZN v | NAND2_X4  | 0.038 |   1.572 |    0.809 | 
     | _0                                                 |              |           |       |         |          | 
     | datapath/ALU_ALU_GEN[2].slice_i_bitAdder/g77__6260 | A1 v -> ZN ^ | NAND2_X4  | 0.045 |   1.617 |    0.854 | 
     | datapath/ALU_ALU_GEN[3].slice_i_bitAdder/FE_RC_166 | A1 ^ -> ZN v | NAND2_X4  | 0.036 |   1.653 |    0.889 | 
     | 5_0                                                |              |           |       |         |          | 
     | datapath/ALU_ALU_GEN[3].slice_i_bitAdder/FE_RC_152 | A1 v -> ZN ^ | NAND2_X4  | 0.050 |   1.703 |    0.939 | 
     | 5_0                                                |              |           |       |         |          | 
     | datapath/ALU_ALU_GEN[4].slice_i_bitAdder/FE_RC_127 | A1 ^ -> ZN v | NAND2_X4  | 0.038 |   1.741 |    0.977 | 
     | 2_0                                                |              |           |       |         |          | 
     | datapath/ALU_ALU_GEN[4].slice_i_bitAdder/FE_RC_127 | A1 v -> ZN ^ | NAND2_X4  | 0.045 |   1.786 |    1.023 | 
     | 1_0                                                |              |           |       |         |          | 
     | datapath/ALU_ALU_GEN[5].slice_i_bitAdder/FE_RC_160 | A1 ^ -> ZN v | NAND2_X4  | 0.036 |   1.822 |    1.058 | 
     | 3_0                                                |              |           |       |         |          | 
     | datapath/ALU_ALU_GEN[5].slice_i_bitAdder/g77__1666 | A1 v -> ZN ^ | NAND2_X4  | 0.044 |   1.865 |    1.102 | 
     | datapath/ALU_ALU_GEN[6].slice_i_bitAdder/FE_RC_166 | A1 ^ -> ZN v | NAND2_X4  | 0.035 |   1.901 |    1.137 | 
     | 4_0                                                |              |           |       |         |          | 
     | datapath/ALU_ALU_GEN[6].slice_i_bitAdder/FE_RC_124 | A1 v -> ZN ^ | NAND2_X4  | 0.044 |   1.945 |    1.182 | 
     | 0_0                                                |              |           |       |         |          | 
     | datapath/ALU_ALU_GEN[7].slice_i_bitAdder/FE_RC_136 | A1 ^ -> ZN v | NAND2_X4  | 0.036 |   1.981 |    1.218 | 
     | 2_0                                                |              |           |       |         |          | 
     | datapath/ALU_ALU_GEN[7].slice_i_bitAdder/g77__5122 | A1 v -> ZN ^ | NAND2_X4  | 0.044 |   2.025 |    1.262 | 
     | datapath/ALU_ALU_GEN[8].slice_i_bitAdder/FE_RC_132 | A1 ^ -> ZN v | NAND2_X4  | 0.036 |   2.061 |    1.298 | 
     | 5_0                                                |              |           |       |         |          | 
     | datapath/ALU_ALU_GEN[8].slice_i_bitAdder/FE_RC_124 | A1 v -> ZN ^ | NAND2_X4  | 0.045 |   2.106 |    1.342 | 
     | 4_0                                                |              |           |       |         |          | 
     | datapath/ALU_ALU_GEN[9].slice_i_bitAdder/FE_RC_158 | A1 ^ -> ZN v | NAND2_X4  | 0.036 |   2.141 |    1.378 | 
     | 7_0                                                |              |           |       |         |          | 
     | datapath/ALU_ALU_GEN[9].slice_i_bitAdder/FE_RC_124 | A1 v -> ZN ^ | NAND2_X4  | 0.046 |   2.187 |    1.424 | 
     | 8_0                                                |              |           |       |         |          | 
     | datapath/ALU_ALU_GEN[10].slice_i_bitAdder/FE_RC_20 | A1 ^ -> ZN v | NAND2_X4  | 0.036 |   2.223 |    1.460 | 
     | 11_0                                               |              |           |       |         |          | 
     | datapath/ALU_ALU_GEN[10].slice_i_bitAdder/FE_RC_20 | A1 v -> ZN ^ | NAND2_X4  | 0.044 |   2.267 |    1.504 | 
     | 10_0                                               |              |           |       |         |          | 
     | datapath/ALU_ALU_GEN[11].slice_i_bitAdder/FE_RC_15 | A1 ^ -> ZN v | NAND2_X4  | 0.036 |   2.303 |    1.540 | 
     | 99_0                                               |              |           |       |         |          | 
     | datapath/ALU_ALU_GEN[11].slice_i_bitAdder/FE_RC_15 | A1 v -> ZN ^ | NAND2_X4  | 0.048 |   2.351 |    1.588 | 
     | 98_0                                               |              |           |       |         |          | 
     | datapath/ALU_ALU_GEN[12].slice_i_bitAdder/FE_RC_17 | A1 ^ -> ZN v | NAND2_X4  | 0.037 |   2.388 |    1.624 | 
     | 73_0                                               |              |           |       |         |          | 
     | datapath/ALU_ALU_GEN[12].slice_i_bitAdder/FE_RC_17 | A1 v -> ZN ^ | NAND2_X4  | 0.044 |   2.432 |    1.668 | 
     | 72_0                                               |              |           |       |         |          | 
     | datapath/ALU_ALU_GEN[13].slice_i_bitAdder/FE_RC_17 | A1 ^ -> ZN v | NAND2_X4  | 0.037 |   2.469 |    1.706 | 
     | 43_0                                               |              |           |       |         |          | 
     | datapath/ALU_ALU_GEN[13].slice_i_bitAdder/g77__510 | A1 v -> ZN ^ | NAND2_X4  | 0.044 |   2.513 |    1.750 | 
     | 7                                                  |              |           |       |         |          | 
     | datapath/ALU_ALU_GEN[14].slice_i_bitAdder/FE_RC_16 | A1 ^ -> ZN v | NAND2_X4  | 0.035 |   2.549 |    1.785 | 
     | 02_0                                               |              |           |       |         |          | 
     | datapath/ALU_ALU_GEN[14].slice_i_bitAdder/g77__280 | A1 v -> ZN ^ | NAND2_X4  | 0.045 |   2.593 |    1.830 | 
     | 2                                                  |              |           |       |         |          | 
     | datapath/ALU_ALU_GEN[15].slice_i_bitAdder/FE_RC_11 | A1 ^ -> ZN v | NAND2_X4  | 0.035 |   2.629 |    1.866 | 
     | 44_0                                               |              |           |       |         |          | 
     | datapath/ALU_ALU_GEN[15].slice_i_bitAdder/FE_RC_11 | A1 v -> ZN ^ | NAND2_X4  | 0.053 |   2.681 |    1.918 | 
     | 43_0                                               |              |           |       |         |          | 
     | datapath/ALU_ALU_GEN[16].slice_i_bitAdder/FE_RC_23 | A1 ^ -> ZN v | NAND2_X4  | 0.039 |   2.720 |    1.957 | 
     | 1_0                                                |              |           |       |         |          | 
     | datapath/ALU_ALU_GEN[16].slice_i_bitAdder/g77__166 | A1 v -> ZN ^ | NAND2_X4  | 0.046 |   2.766 |    2.003 | 
     | 6                                                  |              |           |       |         |          | 
     | datapath/ALU_ALU_GEN[17].slice_i_bitAdder/FE_RC_13 | A1 ^ -> ZN v | NAND2_X4  | 0.036 |   2.802 |    2.038 | 
     | 26_0                                               |              |           |       |         |          | 
     | datapath/ALU_ALU_GEN[17].slice_i_bitAdder/FE_RC_11 | A1 v -> ZN ^ | NAND2_X4  | 0.045 |   2.846 |    2.083 | 
     | 75_0                                               |              |           |       |         |          | 
     | datapath/ALU_ALU_GEN[18].slice_i_bitAdder/FE_RC_11 | A1 ^ -> ZN v | NAND2_X4  | 0.035 |   2.882 |    2.119 | 
     | 72_0                                               |              |           |       |         |          | 
     | datapath/ALU_ALU_GEN[18].slice_i_bitAdder/FE_RC_11 | A1 v -> ZN ^ | NAND2_X4  | 0.044 |   2.926 |    2.163 | 
     | 71_0                                               |              |           |       |         |          | 
     | datapath/ALU_ALU_GEN[19].slice_i_bitAdder/FE_RC_11 | A1 ^ -> ZN v | NAND2_X4  | 0.036 |   2.961 |    2.198 | 
     | 40_0                                               |              |           |       |         |          | 
     | datapath/ALU_ALU_GEN[19].slice_i_bitAdder/FE_RC_11 | A1 v -> ZN ^ | NAND2_X4  | 0.048 |   3.010 |    2.247 | 
     | 39_0                                               |              |           |       |         |          | 
     | datapath/ALU_ALU_GEN[20].slice_i_bitAdder/FE_RC_25 | A1 ^ -> ZN v | NAND2_X4  | 0.037 |   3.047 |    2.284 | 
     | 8_0                                                |              |           |       |         |          | 
     | datapath/ALU_ALU_GEN[20].slice_i_bitAdder/g77__741 | A1 v -> ZN ^ | NAND2_X4  | 0.044 |   3.092 |    2.328 | 
     | 0                                                  |              |           |       |         |          | 
     | datapath/ALU_ALU_GEN[21].slice_i_bitAdder/FE_RC_12 | A1 ^ -> ZN v | NAND2_X4  | 0.035 |   3.127 |    2.364 | 
     | 33_0                                               |              |           |       |         |          | 
     | datapath/ALU_ALU_GEN[21].slice_i_bitAdder/FE_RC_12 | A1 v -> ZN ^ | NAND2_X4  | 0.044 |   3.171 |    2.408 | 
     | 32_0                                               |              |           |       |         |          | 
     | datapath/ALU_ALU_GEN[22].slice_i_bitAdder/FE_RC_17 | A1 ^ -> ZN v | NAND2_X4  | 0.036 |   3.207 |    2.444 | 
     | 3_0                                                |              |           |       |         |          | 
     | datapath/ALU_ALU_GEN[22].slice_i_bitAdder/FE_RC_17 | A1 v -> ZN ^ | NAND2_X4  | 0.045 |   3.253 |    2.489 | 
     | 2_0                                                |              |           |       |         |          | 
     | datapath/ALU_ALU_GEN[23].slice_i_bitAdder/FE_RC_11 | A1 ^ -> ZN v | NAND2_X4  | 0.036 |   3.289 |    2.525 | 
     | 68_0                                               |              |           |       |         |          | 
     | datapath/ALU_ALU_GEN[23].slice_i_bitAdder/FE_RC_11 | A1 v -> ZN ^ | NAND2_X4  | 0.047 |   3.335 |    2.572 | 
     | 67_0                                               |              |           |       |         |          | 
     | datapath/ALU_ALU_GEN[24].slice_i_bitAdder/FE_RC_14 | A1 ^ -> ZN v | NAND2_X4  | 0.039 |   3.374 |    2.611 | 
     | 1_0                                                |              |           |       |         |          | 
     | datapath/ALU_ALU_GEN[24].slice_i_bitAdder/FE_RC_14 | A1 v -> ZN ^ | NAND2_X4  | 0.046 |   3.420 |    2.656 | 
     | 0_0                                                |              |           |       |         |          | 
     | datapath/ALU_ALU_GEN[25].slice_i_bitAdder/FE_RC_11 | A1 ^ -> ZN v | NAND2_X4  | 0.036 |   3.455 |    2.692 | 
     | 36_0                                               |              |           |       |         |          | 
     | datapath/ALU_ALU_GEN[25].slice_i_bitAdder/FE_RC_11 | A1 v -> ZN ^ | NAND2_X4  | 0.047 |   3.503 |    2.740 | 
     | 35_0                                               |              |           |       |         |          | 
     | datapath/ALU_ALU_GEN[26].slice_i_bitAdder/FE_RC_10 | A1 ^ -> ZN v | NAND2_X4  | 0.038 |   3.541 |    2.778 | 
     | 9_0                                                |              |           |       |         |          | 
     | datapath/ALU_ALU_GEN[26].slice_i_bitAdder/FE_RC_10 | A1 v -> ZN ^ | NAND2_X4  | 0.048 |   3.589 |    2.826 | 
     | 8_0                                                |              |           |       |         |          | 
     | datapath/ALU_ALU_GEN[27].slice_i_bitAdder/FE_RC_92 | A1 ^ -> ZN v | NAND2_X4  | 0.038 |   3.627 |    2.864 | 
     | _0                                                 |              |           |       |         |          | 
     | datapath/ALU_ALU_GEN[27].slice_i_bitAdder/FE_RC_91 | A1 v -> ZN ^ | NAND2_X4  | 0.047 |   3.674 |    2.911 | 
     | _0                                                 |              |           |       |         |          | 
     | datapath/ALU_ALU_GEN[28].slice_i_bitAdder/FE_RC_11 | A1 ^ -> ZN v | NAND2_X4  | 0.038 |   3.712 |    2.949 | 
     | 48_0                                               |              |           |       |         |          | 
     | datapath/ALU_ALU_GEN[28].slice_i_bitAdder/FE_RC_11 | A1 v -> ZN ^ | NAND2_X4  | 0.047 |   3.760 |    2.997 | 
     | 47_0                                               |              |           |       |         |          | 
     | datapath/FE_OCPC1047_ALU_cout_29                   | A ^ -> Z ^   | CLKBUF_X1 | 0.090 |   3.850 |    3.087 | 
     | datapath/ALU_ALU_GEN[29].slice_i_bitAdder/FE_RC_24 | A1 ^ -> ZN v | NAND2_X1  | 0.041 |   3.890 |    3.127 | 
     | 33_0                                               |              |           |       |         |          | 
     | datapath/ALU_ALU_GEN[29].slice_i_bitAdder/FE_RC_24 | A v -> ZN ^  | OAI21_X2  | 0.066 |   3.957 |    3.193 | 
     | 32_0                                               |              |           |       |         |          | 
     | datapath/ALU_ALU_GEN[29].slice_i_resultMux/FE_RC_2 | A ^ -> ZN v  | INV_X2    | 0.032 |   3.988 |    3.225 | 
     | 397_0                                              |              |           |       |         |          | 
     | datapath/ALU_ALU_GEN[29].slice_i_resultMux/FE_RC_2 | B1 v -> ZN ^ | OAI21_X2  | 0.085 |   4.073 |    3.310 | 
     | 395_0                                              |              |           |       |         |          | 
     | datapath/EXMEM_aluResult_reg[29]                   | D ^          | DFFR_X1   | 0.000 |   4.073 |    3.310 | 
     +------------------------------------------------------------------------------------------------------------+ 
Path 3: VIOLATED Setup Check with Pin datapath/EXMEM_aluResult_reg[28]/CK 
Endpoint:   datapath/EXMEM_aluResult_reg[28]/D (v) checked with  leading edge 
of 'clk'
Beginpoint: datapath/EXMEM_aluResult_reg[0]/Q  (v) triggered by  leading edge 
of 'clk'
Path Groups: {reg2reg}
Analysis View: WC_VIEW
Other End Arrival Time          0.618
- Setup                         0.138
+ Phase Shift                   2.800
+ CPPR Adjustment               0.000
- Uncertainty                   0.100
= Required Time                 3.181
- Arrival Time                  3.935
= Slack Time                   -0.754
     Clock Rise Edge                 0.000
     + Clock Network Latency (Prop)  0.790
     = Beginpoint Arrival Time       0.790
     +------------------------------------------------------------------------------------------------------------+ 
     |                      Instance                      |     Arc      |   Cell    | Delay | Arrival | Required | 
     |                                                    |              |           |       |  Time   |   Time   | 
     |----------------------------------------------------+--------------+-----------+-------+---------+----------| 
     | datapath/EXMEM_aluResult_reg[0]                    | CK ^         |           |       |   0.790 |    0.036 | 
     | datapath/EXMEM_aluResult_reg[0]                    | CK ^ -> Q v  | DFFR_X1   | 0.308 |   1.098 |    0.344 | 
     | datapath/FE_RC_3165_0                              | B1 v -> ZN ^ | OAI21_X2  | 0.145 |   1.243 |    0.489 | 
     | datapath/FE_RC_3157_0                              | A ^ -> ZN v  | INV_X4    | 0.040 |   1.283 |    0.529 | 
     | datapath/ALU_ALU_GEN[0].slice_i_bitAdder/FE_RC_318 | B1 v -> ZN ^ | OAI21_X2  | 0.128 |   1.411 |    0.657 | 
     | 4_0                                                |              |           |       |         |          | 
     | datapath/ALU_ALU_GEN[0].slice_i_bitAdder/FE_RC_318 | A1 ^ -> ZN v | NAND2_X4  | 0.056 |   1.467 |    0.713 | 
     | 3_0                                                |              |           |       |         |          | 
     | datapath/ALU_ALU_GEN[1].slice_i_bitAdder/FE_RC_319 | A1 v -> ZN ^ | NAND2_X4  | 0.051 |   1.518 |    0.764 | 
     | 0_0                                                |              |           |       |         |          | 
     | datapath/ALU_ALU_GEN[1].slice_i_bitAdder/FE_RC_132 | A1 ^ -> ZN v | NAND2_X4  | 0.039 |   1.557 |    0.803 | 
     | 7_0                                                |              |           |       |         |          | 
     | datapath/ALU_ALU_GEN[2].slice_i_bitAdder/FE_RC_367 | A1 v -> ZN ^ | NAND2_X4  | 0.044 |   1.600 |    0.846 | 
     | _0                                                 |              |           |       |         |          | 
     | datapath/ALU_ALU_GEN[2].slice_i_bitAdder/g77__6260 | A1 ^ -> ZN v | NAND2_X4  | 0.036 |   1.637 |    0.883 | 
     | datapath/ALU_ALU_GEN[3].slice_i_bitAdder/FE_RC_166 | A1 v -> ZN ^ | NAND2_X4  | 0.042 |   1.679 |    0.925 | 
     | 5_0                                                |              |           |       |         |          | 
     | datapath/ALU_ALU_GEN[3].slice_i_bitAdder/FE_RC_152 | A1 ^ -> ZN v | NAND2_X4  | 0.039 |   1.718 |    0.964 | 
     | 5_0                                                |              |           |       |         |          | 
     | datapath/ALU_ALU_GEN[4].slice_i_bitAdder/FE_RC_127 | A1 v -> ZN ^ | NAND2_X4  | 0.045 |   1.764 |    1.010 | 
     | 2_0                                                |              |           |       |         |          | 
     | datapath/ALU_ALU_GEN[4].slice_i_bitAdder/FE_RC_127 | A1 ^ -> ZN v | NAND2_X4  | 0.036 |   1.800 |    1.046 | 
     | 1_0                                                |              |           |       |         |          | 
     | datapath/ALU_ALU_GEN[5].slice_i_bitAdder/FE_RC_160 | A1 v -> ZN ^ | NAND2_X4  | 0.042 |   1.842 |    1.088 | 
     | 3_0                                                |              |           |       |         |          | 
     | datapath/ALU_ALU_GEN[5].slice_i_bitAdder/g77__1666 | A1 ^ -> ZN v | NAND2_X4  | 0.036 |   1.878 |    1.124 | 
     | datapath/ALU_ALU_GEN[6].slice_i_bitAdder/FE_RC_166 | A1 v -> ZN ^ | NAND2_X4  | 0.043 |   1.920 |    1.166 | 
     | 4_0                                                |              |           |       |         |          | 
     | datapath/ALU_ALU_GEN[6].slice_i_bitAdder/FE_RC_124 | A1 ^ -> ZN v | NAND2_X4  | 0.036 |   1.956 |    1.202 | 
     | 0_0                                                |              |           |       |         |          | 
     | datapath/ALU_ALU_GEN[7].slice_i_bitAdder/FE_RC_136 | A1 v -> ZN ^ | NAND2_X4  | 0.043 |   1.999 |    1.245 | 
     | 2_0                                                |              |           |       |         |          | 
     | datapath/ALU_ALU_GEN[7].slice_i_bitAdder/g77__5122 | A1 ^ -> ZN v | NAND2_X4  | 0.036 |   2.035 |    1.281 | 
     | datapath/ALU_ALU_GEN[8].slice_i_bitAdder/FE_RC_132 | A1 v -> ZN ^ | NAND2_X4  | 0.044 |   2.079 |    1.325 | 
     | 5_0                                                |              |           |       |         |          | 
     | datapath/ALU_ALU_GEN[8].slice_i_bitAdder/FE_RC_124 | A1 ^ -> ZN v | NAND2_X4  | 0.037 |   2.115 |    1.361 | 
     | 4_0                                                |              |           |       |         |          | 
     | datapath/ALU_ALU_GEN[9].slice_i_bitAdder/FE_RC_158 | A1 v -> ZN ^ | NAND2_X4  | 0.043 |   2.158 |    1.404 | 
     | 7_0                                                |              |           |       |         |          | 
     | datapath/ALU_ALU_GEN[9].slice_i_bitAdder/FE_RC_124 | A1 ^ -> ZN v | NAND2_X4  | 0.037 |   2.195 |    1.441 | 
     | 8_0                                                |              |           |       |         |          | 
     | datapath/ALU_ALU_GEN[10].slice_i_bitAdder/FE_RC_20 | A1 v -> ZN ^ | NAND2_X4  | 0.043 |   2.237 |    1.483 | 
     | 11_0                                               |              |           |       |         |          | 
     | datapath/ALU_ALU_GEN[10].slice_i_bitAdder/FE_RC_20 | A1 ^ -> ZN v | NAND2_X4  | 0.036 |   2.273 |    1.519 | 
     | 10_0                                               |              |           |       |         |          | 
     | datapath/ALU_ALU_GEN[11].slice_i_bitAdder/FE_RC_15 | A1 v -> ZN ^ | NAND2_X4  | 0.043 |   2.316 |    1.562 | 
     | 99_0                                               |              |           |       |         |          | 
     | datapath/ALU_ALU_GEN[11].slice_i_bitAdder/FE_RC_15 | A1 ^ -> ZN v | NAND2_X4  | 0.038 |   2.354 |    1.600 | 
     | 98_0                                               |              |           |       |         |          | 
     | datapath/ALU_ALU_GEN[12].slice_i_bitAdder/FE_RC_17 | A1 v -> ZN ^ | NAND2_X4  | 0.044 |   2.397 |    1.643 | 
     | 73_0                                               |              |           |       |         |          | 
     | datapath/ALU_ALU_GEN[12].slice_i_bitAdder/FE_RC_17 | A1 ^ -> ZN v | NAND2_X4  | 0.035 |   2.433 |    1.679 | 
     | 72_0                                               |              |           |       |         |          | 
     | datapath/ALU_ALU_GEN[13].slice_i_bitAdder/FE_RC_17 | A1 v -> ZN ^ | NAND2_X4  | 0.044 |   2.476 |    1.722 | 
     | 43_0                                               |              |           |       |         |          | 
     | datapath/ALU_ALU_GEN[13].slice_i_bitAdder/g77__510 | A1 ^ -> ZN v | NAND2_X4  | 0.036 |   2.512 |    1.758 | 
     | 7                                                  |              |           |       |         |          | 
     | datapath/ALU_ALU_GEN[14].slice_i_bitAdder/FE_RC_16 | A1 v -> ZN ^ | NAND2_X4  | 0.043 |   2.555 |    1.801 | 
     | 02_0                                               |              |           |       |         |          | 
     | datapath/ALU_ALU_GEN[14].slice_i_bitAdder/g77__280 | A1 ^ -> ZN v | NAND2_X4  | 0.035 |   2.590 |    1.836 | 
     | 2                                                  |              |           |       |         |          | 
     | datapath/ALU_ALU_GEN[15].slice_i_bitAdder/FE_RC_11 | A1 v -> ZN ^ | NAND2_X4  | 0.043 |   2.633 |    1.879 | 
     | 44_0                                               |              |           |       |         |          | 
     | datapath/ALU_ALU_GEN[15].slice_i_bitAdder/FE_RC_11 | A1 ^ -> ZN v | NAND2_X4  | 0.040 |   2.674 |    1.920 | 
     | 43_0                                               |              |           |       |         |          | 
     | datapath/ALU_ALU_GEN[16].slice_i_bitAdder/FE_RC_23 | A1 v -> ZN ^ | NAND2_X4  | 0.045 |   2.719 |    1.965 | 
     | 1_0                                                |              |           |       |         |          | 
     | datapath/ALU_ALU_GEN[16].slice_i_bitAdder/g77__166 | A1 ^ -> ZN v | NAND2_X4  | 0.036 |   2.755 |    2.001 | 
     | 6                                                  |              |           |       |         |          | 
     | datapath/ALU_ALU_GEN[17].slice_i_bitAdder/FE_RC_13 | A1 v -> ZN ^ | NAND2_X4  | 0.043 |   2.798 |    2.044 | 
     | 26_0                                               |              |           |       |         |          | 
     | datapath/ALU_ALU_GEN[17].slice_i_bitAdder/FE_RC_11 | A1 ^ -> ZN v | NAND2_X4  | 0.036 |   2.834 |    2.080 | 
     | 75_0                                               |              |           |       |         |          | 
     | datapath/ALU_ALU_GEN[18].slice_i_bitAdder/FE_RC_11 | A1 v -> ZN ^ | NAND2_X4  | 0.044 |   2.877 |    2.123 | 
     | 72_0                                               |              |           |       |         |          | 
     | datapath/ALU_ALU_GEN[18].slice_i_bitAdder/FE_RC_11 | A1 ^ -> ZN v | NAND2_X4  | 0.036 |   2.913 |    2.159 | 
     | 71_0                                               |              |           |       |         |          | 
     | datapath/ALU_ALU_GEN[19].slice_i_bitAdder/FE_RC_11 | A1 v -> ZN ^ | NAND2_X4  | 0.043 |   2.956 |    2.202 | 
     | 40_0                                               |              |           |       |         |          | 
     | datapath/ALU_ALU_GEN[19].slice_i_bitAdder/FE_RC_11 | A1 ^ -> ZN v | NAND2_X4  | 0.038 |   2.995 |    2.241 | 
     | 39_0                                               |              |           |       |         |          | 
     | datapath/ALU_ALU_GEN[20].slice_i_bitAdder/FE_RC_25 | A1 v -> ZN ^ | NAND2_X4  | 0.043 |   3.038 |    2.284 | 
     | 8_0                                                |              |           |       |         |          | 
     | datapath/ALU_ALU_GEN[20].slice_i_bitAdder/g77__741 | A1 ^ -> ZN v | NAND2_X4  | 0.036 |   3.074 |    2.320 | 
     | 0                                                  |              |           |       |         |          | 
     | datapath/ALU_ALU_GEN[21].slice_i_bitAdder/FE_RC_12 | A1 v -> ZN ^ | NAND2_X4  | 0.043 |   3.116 |    2.362 | 
     | 33_0                                               |              |           |       |         |          | 
     | datapath/ALU_ALU_GEN[21].slice_i_bitAdder/FE_RC_12 | A1 ^ -> ZN v | NAND2_X4  | 0.036 |   3.152 |    2.398 | 
     | 32_0                                               |              |           |       |         |          | 
     | datapath/ALU_ALU_GEN[22].slice_i_bitAdder/FE_RC_17 | A1 v -> ZN ^ | NAND2_X4  | 0.043 |   3.196 |    2.442 | 
     | 3_0                                                |              |           |       |         |          | 
     | datapath/ALU_ALU_GEN[22].slice_i_bitAdder/FE_RC_17 | A1 ^ -> ZN v | NAND2_X4  | 0.037 |   3.232 |    2.478 | 
     | 2_0                                                |              |           |       |         |          | 
     | datapath/ALU_ALU_GEN[23].slice_i_bitAdder/FE_RC_11 | A1 v -> ZN ^ | NAND2_X4  | 0.044 |   3.276 |    2.522 | 
     | 68_0                                               |              |           |       |         |          | 
     | datapath/ALU_ALU_GEN[23].slice_i_bitAdder/FE_RC_11 | A1 ^ -> ZN v | NAND2_X4  | 0.037 |   3.313 |    2.559 | 
     | 67_0                                               |              |           |       |         |          | 
     | datapath/ALU_ALU_GEN[24].slice_i_bitAdder/FE_RC_14 | A1 v -> ZN ^ | NAND2_X4  | 0.044 |   3.357 |    2.603 | 
     | 1_0                                                |              |           |       |         |          | 
     | datapath/ALU_ALU_GEN[24].slice_i_bitAdder/FE_RC_14 | A1 ^ -> ZN v | NAND2_X4  | 0.036 |   3.394 |    2.640 | 
     | 0_0                                                |              |           |       |         |          | 
     | datapath/ALU_ALU_GEN[25].slice_i_bitAdder/FE_RC_11 | A1 v -> ZN ^ | NAND2_X4  | 0.044 |   3.438 |    2.684 | 
     | 36_0                                               |              |           |       |         |          | 
     | datapath/ALU_ALU_GEN[25].slice_i_bitAdder/FE_RC_11 | A1 ^ -> ZN v | NAND2_X4  | 0.038 |   3.476 |    2.722 | 
     | 35_0                                               |              |           |       |         |          | 
     | datapath/ALU_ALU_GEN[26].slice_i_bitAdder/FE_RC_10 | A1 v -> ZN ^ | NAND2_X4  | 0.044 |   3.520 |    2.766 | 
     | 9_0                                                |              |           |       |         |          | 
     | datapath/ALU_ALU_GEN[26].slice_i_bitAdder/FE_RC_10 | A1 ^ -> ZN v | NAND2_X4  | 0.038 |   3.558 |    2.804 | 
     | 8_0                                                |              |           |       |         |          | 
     | datapath/ALU_ALU_GEN[27].slice_i_bitAdder/FE_RC_92 | A1 v -> ZN ^ | NAND2_X4  | 0.045 |   3.603 |    2.849 | 
     | _0                                                 |              |           |       |         |          | 
     | datapath/ALU_ALU_GEN[27].slice_i_bitAdder/FE_RC_91 | A1 ^ -> ZN v | NAND2_X4  | 0.037 |   3.641 |    2.887 | 
     | _0                                                 |              |           |       |         |          | 
     | datapath/FE_OCPC1045_ALU_cout_28                   | A v -> Z v   | CLKBUF_X1 | 0.102 |   3.743 |    2.989 | 
     | datapath/ALU_ALU_GEN[28].slice_i_bitAdder/FE_RC_26 | A1 v -> ZN ^ | NAND2_X1  | 0.051 |   3.794 |    3.040 | 
     | 00_0                                               |              |           |       |         |          | 
     | datapath/ALU_ALU_GEN[28].slice_i_bitAdder/FE_RC_27 | A ^ -> ZN v  | OAI21_X1  | 0.051 |   3.845 |    3.091 | 
     | 81_0                                               |              |           |       |         |          | 
     | datapath/ALU_ALU_GEN[28].slice_i_resultMux/FE_RC_2 | A1 v -> ZN ^ | NAND2_X1  | 0.050 |   3.895 |    3.141 | 
     | 415_0                                              |              |           |       |         |          | 
     | datapath/ALU_ALU_GEN[28].slice_i_resultMux/FE_RC_2 | A1 ^ -> ZN v | NAND2_X1  | 0.040 |   3.934 |    3.180 | 
     | 414_0                                              |              |           |       |         |          | 
     | datapath/EXMEM_aluResult_reg[28]                   | D v          | DFFR_X1   | 0.000 |   3.935 |    3.181 | 
     +------------------------------------------------------------------------------------------------------------+ 
Path 4: VIOLATED Setup Check with Pin datapath/IF_pc_reg[21]/CK 
Endpoint:   datapath/IF_pc_reg[21]/D            (v) checked with  leading edge 
of 'clk'
Beginpoint: datapath/registers_RF_reg[24][15]/Q (v) triggered by trailing edge 
of 'clk'
Path Groups: {reg2reg}
Analysis View: WC_VIEW
Other End Arrival Time          0.543
- Setup                         0.238
+ Phase Shift                   2.800
+ CPPR Adjustment               0.000
- Uncertainty                   0.100
= Required Time                 3.005
- Arrival Time                  3.748
= Slack Time                   -0.743
     Clock Fall Edge                 1.400
     + Clock Network Latency (Prop)  0.340
     = Beginpoint Arrival Time       1.740
     +---------------------------------------------------------------------------------------------+ 
     |              Instance               |     Arc      |   Cell    | Delay | Arrival | Required | 
     |                                     |              |           |       |  Time   |   Time   | 
     |-------------------------------------+--------------+-----------+-------+---------+----------| 
     | datapath/registers_RF_reg[24][15]   | CK ^         |           |       |   1.740 |    0.996 | 
     | datapath/registers_RF_reg[24][15]   | CK ^ -> Q v  | SDFF_X1   | 0.277 |   2.016 |    1.273 | 
     | datapath/g3891                      | B2 v -> ZN ^ | AOI22_X1  | 0.188 |   2.204 |    1.461 | 
     | datapath/FE_RC_2540_0               | A1 ^ -> ZN ^ | AND2_X2   | 0.120 |   2.324 |    1.581 | 
     | datapath/FE_RC_2538_0               | A2 ^ -> ZN v | NAND2_X2  | 0.062 |   2.386 |    1.643 | 
     | datapath/FE_RC_843_0                | A1 v -> ZN ^ | NOR2_X2   | 0.093 |   2.479 |    1.736 | 
     | datapath/FE_RC_2981_0               | A1 ^ -> ZN v | NAND3_X1  | 0.095 |   2.574 |    1.831 | 
     | datapath/FE_RC_841_0                | A v -> ZN ^  | INV_X2    | 0.066 |   2.640 |    1.896 | 
     | datapath/g28102                     | B1 ^ -> ZN v | AOI21_X2  | 0.054 |   2.694 |    1.951 | 
     | datapath/g28048                     | A v -> ZN ^  | XNOR2_X1  | 0.116 |   2.810 |    2.067 | 
     | datapath/g27919                     | A4 ^ -> ZN v | NAND4_X1  | 0.122 |   2.932 |    2.188 | 
     | datapath/FE_RC_2094_0               | A v -> ZN ^  | INV_X2    | 0.082 |   3.014 |    2.271 | 
     | datapath/FE_RC_2305_0               | A1 ^ -> ZN v | NAND3_X2  | 0.053 |   3.067 |    2.324 | 
     | datapath/FE_RC_2091_0               | A1 v -> ZN ^ | NOR2_X2   | 0.120 |   3.187 |    2.444 | 
     | datapath/FE_RC_3067_0               | A1 ^ -> ZN ^ | OR2_X2    | 0.092 |   3.279 |    2.536 | 
     | datapath/FE_RC_3064_0               | B ^ -> ZN v  | OAI211_X2 | 0.082 |   3.361 |    2.617 | 
     | datapath/g19650                     | A2 v -> ZN ^ | NAND2_X4  | 0.080 |   3.440 |    2.697 | 
     | datapath/FE_OFC1013_IFID_takeBranch | A ^ -> Z ^   | BUF_X16   | 0.084 |   3.524 |    2.781 | 
     | datapath/branch_or_inc_4/g832__4733 | S ^ -> Z v   | MUX2_X1   | 0.224 |   3.748 |    3.005 | 
     | datapath/IF_pc_reg[21]              | D v          | SDFFR_X2  | 0.000 |   3.748 |    3.005 | 
     +---------------------------------------------------------------------------------------------+ 
Path 5: VIOLATED Setup Check with Pin datapath/IF_pc_reg[19]/CK 
Endpoint:   datapath/IF_pc_reg[19]/D            (v) checked with  leading edge 
of 'clk'
Beginpoint: datapath/registers_RF_reg[24][15]/Q (v) triggered by trailing edge 
of 'clk'
Path Groups: {reg2reg}
Analysis View: WC_VIEW
Other End Arrival Time          0.546
- Setup                         0.238
+ Phase Shift                   2.800
+ CPPR Adjustment               0.000
- Uncertainty                   0.100
= Required Time                 3.008
- Arrival Time                  3.747
= Slack Time                   -0.739
     Clock Fall Edge                 1.400
     + Clock Network Latency (Prop)  0.340
     = Beginpoint Arrival Time       1.740
     +---------------------------------------------------------------------------------------------+ 
     |              Instance               |     Arc      |   Cell    | Delay | Arrival | Required | 
     |                                     |              |           |       |  Time   |   Time   | 
     |-------------------------------------+--------------+-----------+-------+---------+----------| 
     | datapath/registers_RF_reg[24][15]   | CK ^         |           |       |   1.740 |    1.000 | 
     | datapath/registers_RF_reg[24][15]   | CK ^ -> Q v  | SDFF_X1   | 0.277 |   2.016 |    1.277 | 
     | datapath/g3891                      | B2 v -> ZN ^ | AOI22_X1  | 0.188 |   2.204 |    1.465 | 
     | datapath/FE_RC_2540_0               | A1 ^ -> ZN ^ | AND2_X2   | 0.120 |   2.324 |    1.584 | 
     | datapath/FE_RC_2538_0               | A2 ^ -> ZN v | NAND2_X2  | 0.062 |   2.386 |    1.647 | 
     | datapath/FE_RC_843_0                | A1 v -> ZN ^ | NOR2_X2   | 0.093 |   2.479 |    1.740 | 
     | datapath/FE_RC_2981_0               | A1 ^ -> ZN v | NAND3_X1  | 0.095 |   2.574 |    1.835 | 
     | datapath/FE_RC_841_0                | A v -> ZN ^  | INV_X2    | 0.066 |   2.640 |    1.900 | 
     | datapath/g28102                     | B1 ^ -> ZN v | AOI21_X2  | 0.054 |   2.694 |    1.955 | 
     | datapath/g28048                     | A v -> ZN ^  | XNOR2_X1  | 0.116 |   2.810 |    2.071 | 
     | datapath/g27919                     | A4 ^ -> ZN v | NAND4_X1  | 0.122 |   2.932 |    2.192 | 
     | datapath/FE_RC_2094_0               | A v -> ZN ^  | INV_X2    | 0.082 |   3.014 |    2.275 | 
     | datapath/FE_RC_2305_0               | A1 ^ -> ZN v | NAND3_X2  | 0.053 |   3.067 |    2.328 | 
     | datapath/FE_RC_2091_0               | A1 v -> ZN ^ | NOR2_X2   | 0.120 |   3.187 |    2.448 | 
     | datapath/FE_RC_3067_0               | A1 ^ -> ZN ^ | OR2_X2    | 0.092 |   3.279 |    2.540 | 
     | datapath/FE_RC_3064_0               | B ^ -> ZN v  | OAI211_X2 | 0.082 |   3.361 |    2.621 | 
     | datapath/g19650                     | A2 v -> ZN ^ | NAND2_X4  | 0.080 |   3.440 |    2.701 | 
     | datapath/FE_OFC1013_IFID_takeBranch | A ^ -> Z ^   | BUF_X16   | 0.084 |   3.524 |    2.784 | 
     | datapath/branch_or_inc_4/g837__2346 | S ^ -> Z v   | MUX2_X1   | 0.223 |   3.747 |    3.008 | 
     | datapath/IF_pc_reg[19]              | D v          | SDFFR_X2  | 0.000 |   3.747 |    3.008 | 
     +---------------------------------------------------------------------------------------------+ 
Path 6: VIOLATED Setup Check with Pin datapath/IF_pc_reg[16]/CK 
Endpoint:   datapath/IF_pc_reg[16]/D            (v) checked with  leading edge 
of 'clk'
Beginpoint: datapath/registers_RF_reg[24][15]/Q (v) triggered by trailing edge 
of 'clk'
Path Groups: {reg2reg}
Analysis View: WC_VIEW
Other End Arrival Time          0.543
- Setup                         0.238
+ Phase Shift                   2.800
+ CPPR Adjustment               0.000
- Uncertainty                   0.100
= Required Time                 3.006
- Arrival Time                  3.744
= Slack Time                   -0.738
     Clock Fall Edge                 1.400
     + Clock Network Latency (Prop)  0.340
     = Beginpoint Arrival Time       1.740
     +---------------------------------------------------------------------------------------------+ 
     |              Instance               |     Arc      |   Cell    | Delay | Arrival | Required | 
     |                                     |              |           |       |  Time   |   Time   | 
     |-------------------------------------+--------------+-----------+-------+---------+----------| 
     | datapath/registers_RF_reg[24][15]   | CK ^         |           |       |   1.740 |    1.002 | 
     | datapath/registers_RF_reg[24][15]   | CK ^ -> Q v  | SDFF_X1   | 0.277 |   2.016 |    1.278 | 
     | datapath/g3891                      | B2 v -> ZN ^ | AOI22_X1  | 0.188 |   2.204 |    1.466 | 
     | datapath/FE_RC_2540_0               | A1 ^ -> ZN ^ | AND2_X2   | 0.120 |   2.324 |    1.586 | 
     | datapath/FE_RC_2538_0               | A2 ^ -> ZN v | NAND2_X2  | 0.062 |   2.386 |    1.648 | 
     | datapath/FE_RC_843_0                | A1 v -> ZN ^ | NOR2_X2   | 0.093 |   2.479 |    1.741 | 
     | datapath/FE_RC_2981_0               | A1 ^ -> ZN v | NAND3_X1  | 0.095 |   2.574 |    1.836 | 
     | datapath/FE_RC_841_0                | A v -> ZN ^  | INV_X2    | 0.066 |   2.640 |    1.902 | 
     | datapath/g28102                     | B1 ^ -> ZN v | AOI21_X2  | 0.054 |   2.694 |    1.956 | 
     | datapath/g28048                     | A v -> ZN ^  | XNOR2_X1  | 0.116 |   2.810 |    2.072 | 
     | datapath/g27919                     | A4 ^ -> ZN v | NAND4_X1  | 0.122 |   2.932 |    2.194 | 
     | datapath/FE_RC_2094_0               | A v -> ZN ^  | INV_X2    | 0.082 |   3.014 |    2.276 | 
     | datapath/FE_RC_2305_0               | A1 ^ -> ZN v | NAND3_X2  | 0.053 |   3.067 |    2.329 | 
     | datapath/FE_RC_2091_0               | A1 v -> ZN ^ | NOR2_X2   | 0.120 |   3.187 |    2.449 | 
     | datapath/FE_RC_3067_0               | A1 ^ -> ZN ^ | OR2_X2    | 0.092 |   3.279 |    2.541 | 
     | datapath/FE_RC_3064_0               | B ^ -> ZN v  | OAI211_X2 | 0.082 |   3.361 |    2.623 | 
     | datapath/g19650                     | A2 v -> ZN ^ | NAND2_X4  | 0.080 |   3.440 |    2.702 | 
     | datapath/FE_OFC1013_IFID_takeBranch | A ^ -> Z ^   | BUF_X16   | 0.084 |   3.524 |    2.786 | 
     | datapath/branch_or_inc_4/g819__5526 | S ^ -> Z v   | MUX2_X1   | 0.220 |   3.744 |    3.006 | 
     | datapath/IF_pc_reg[16]              | D v          | SDFFR_X2  | 0.000 |   3.744 |    3.006 | 
     +---------------------------------------------------------------------------------------------+ 
Path 7: VIOLATED Setup Check with Pin datapath/IF_pc_reg[18]/CK 
Endpoint:   datapath/IF_pc_reg[18]/D            (v) checked with  leading edge 
of 'clk'
Beginpoint: datapath/registers_RF_reg[24][15]/Q (v) triggered by trailing edge 
of 'clk'
Path Groups: {reg2reg}
Analysis View: WC_VIEW
Other End Arrival Time          0.546
- Setup                         0.238
+ Phase Shift                   2.800
+ CPPR Adjustment               0.000
- Uncertainty                   0.100
= Required Time                 3.008
- Arrival Time                  3.745
= Slack Time                   -0.737
     Clock Fall Edge                 1.400
     + Clock Network Latency (Prop)  0.340
     = Beginpoint Arrival Time       1.740
     +---------------------------------------------------------------------------------------------+ 
     |              Instance               |     Arc      |   Cell    | Delay | Arrival | Required | 
     |                                     |              |           |       |  Time   |   Time   | 
     |-------------------------------------+--------------+-----------+-------+---------+----------| 
     | datapath/registers_RF_reg[24][15]   | CK ^         |           |       |   1.740 |    1.002 | 
     | datapath/registers_RF_reg[24][15]   | CK ^ -> Q v  | SDFF_X1   | 0.277 |   2.016 |    1.279 | 
     | datapath/g3891                      | B2 v -> ZN ^ | AOI22_X1  | 0.188 |   2.204 |    1.467 | 
     | datapath/FE_RC_2540_0               | A1 ^ -> ZN ^ | AND2_X2   | 0.120 |   2.324 |    1.586 | 
     | datapath/FE_RC_2538_0               | A2 ^ -> ZN v | NAND2_X2  | 0.062 |   2.386 |    1.649 | 
     | datapath/FE_RC_843_0                | A1 v -> ZN ^ | NOR2_X2   | 0.093 |   2.479 |    1.742 | 
     | datapath/FE_RC_2981_0               | A1 ^ -> ZN v | NAND3_X1  | 0.095 |   2.574 |    1.837 | 
     | datapath/FE_RC_841_0                | A v -> ZN ^  | INV_X2    | 0.066 |   2.640 |    1.902 | 
     | datapath/g28102                     | B1 ^ -> ZN v | AOI21_X2  | 0.054 |   2.694 |    1.957 | 
     | datapath/g28048                     | A v -> ZN ^  | XNOR2_X1  | 0.116 |   2.810 |    2.073 | 
     | datapath/g27919                     | A4 ^ -> ZN v | NAND4_X1  | 0.122 |   2.932 |    2.194 | 
     | datapath/FE_RC_2094_0               | A v -> ZN ^  | INV_X2    | 0.082 |   3.014 |    2.277 | 
     | datapath/FE_RC_2305_0               | A1 ^ -> ZN v | NAND3_X2  | 0.053 |   3.067 |    2.330 | 
     | datapath/FE_RC_2091_0               | A1 v -> ZN ^ | NOR2_X2   | 0.120 |   3.187 |    2.450 | 
     | datapath/FE_RC_3067_0               | A1 ^ -> ZN ^ | OR2_X2    | 0.092 |   3.279 |    2.542 | 
     | datapath/FE_RC_3064_0               | B ^ -> ZN v  | OAI211_X2 | 0.082 |   3.361 |    2.623 | 
     | datapath/g19650                     | A2 v -> ZN ^ | NAND2_X4  | 0.080 |   3.440 |    2.703 | 
     | datapath/FE_OFC1013_IFID_takeBranch | A ^ -> Z ^   | BUF_X16   | 0.084 |   3.524 |    2.786 | 
     | datapath/branch_or_inc_4/g812__6417 | S ^ -> Z v   | MUX2_X1   | 0.221 |   3.745 |    3.008 | 
     | datapath/IF_pc_reg[18]              | D v          | SDFFR_X2  | 0.000 |   3.745 |    3.008 | 
     +---------------------------------------------------------------------------------------------+ 
Path 8: VIOLATED Setup Check with Pin datapath/IF_pc_reg[17]/CK 
Endpoint:   datapath/IF_pc_reg[17]/D            (v) checked with  leading edge 
of 'clk'
Beginpoint: datapath/registers_RF_reg[24][15]/Q (v) triggered by trailing edge 
of 'clk'
Path Groups: {reg2reg}
Analysis View: WC_VIEW
Other End Arrival Time          0.546
- Setup                         0.238
+ Phase Shift                   2.800
+ CPPR Adjustment               0.000
- Uncertainty                   0.100
= Required Time                 3.008
- Arrival Time                  3.744
= Slack Time                   -0.736
     Clock Fall Edge                 1.400
     + Clock Network Latency (Prop)  0.340
     = Beginpoint Arrival Time       1.740
     +---------------------------------------------------------------------------------------------+ 
     |              Instance               |     Arc      |   Cell    | Delay | Arrival | Required | 
     |                                     |              |           |       |  Time   |   Time   | 
     |-------------------------------------+--------------+-----------+-------+---------+----------| 
     | datapath/registers_RF_reg[24][15]   | CK ^         |           |       |   1.740 |    1.003 | 
     | datapath/registers_RF_reg[24][15]   | CK ^ -> Q v  | SDFF_X1   | 0.277 |   2.016 |    1.280 | 
     | datapath/g3891                      | B2 v -> ZN ^ | AOI22_X1  | 0.188 |   2.204 |    1.468 | 
     | datapath/FE_RC_2540_0               | A1 ^ -> ZN ^ | AND2_X2   | 0.120 |   2.324 |    1.588 | 
     | datapath/FE_RC_2538_0               | A2 ^ -> ZN v | NAND2_X2  | 0.062 |   2.386 |    1.650 | 
     | datapath/FE_RC_843_0                | A1 v -> ZN ^ | NOR2_X2   | 0.093 |   2.479 |    1.743 | 
     | datapath/FE_RC_2981_0               | A1 ^ -> ZN v | NAND3_X1  | 0.095 |   2.574 |    1.838 | 
     | datapath/FE_RC_841_0                | A v -> ZN ^  | INV_X2    | 0.066 |   2.640 |    1.904 | 
     | datapath/g28102                     | B1 ^ -> ZN v | AOI21_X2  | 0.054 |   2.694 |    1.958 | 
     | datapath/g28048                     | A v -> ZN ^  | XNOR2_X1  | 0.116 |   2.810 |    2.074 | 
     | datapath/g27919                     | A4 ^ -> ZN v | NAND4_X1  | 0.122 |   2.932 |    2.196 | 
     | datapath/FE_RC_2094_0               | A v -> ZN ^  | INV_X2    | 0.082 |   3.014 |    2.278 | 
     | datapath/FE_RC_2305_0               | A1 ^ -> ZN v | NAND3_X2  | 0.053 |   3.067 |    2.331 | 
     | datapath/FE_RC_2091_0               | A1 v -> ZN ^ | NOR2_X2   | 0.120 |   3.187 |    2.451 | 
     | datapath/FE_RC_3067_0               | A1 ^ -> ZN ^ | OR2_X2    | 0.092 |   3.279 |    2.543 | 
     | datapath/FE_RC_3064_0               | B ^ -> ZN v  | OAI211_X2 | 0.082 |   3.361 |    2.624 | 
     | datapath/g19650                     | A2 v -> ZN ^ | NAND2_X4  | 0.080 |   3.440 |    2.704 | 
     | datapath/FE_OFC1013_IFID_takeBranch | A ^ -> Z ^   | BUF_X16   | 0.084 |   3.524 |    2.788 | 
     | datapath/branch_or_inc_4/g817__4319 | S ^ -> Z v   | MUX2_X1   | 0.220 |   3.744 |    3.008 | 
     | datapath/IF_pc_reg[17]              | D v          | SDFFR_X2  | 0.000 |   3.744 |    3.008 | 
     +---------------------------------------------------------------------------------------------+ 
Path 9: VIOLATED Setup Check with Pin datapath/IF_pc_reg[3]/CK 
Endpoint:   datapath/IF_pc_reg[3]/D             (v) checked with  leading edge 
of 'clk'
Beginpoint: datapath/registers_RF_reg[24][15]/Q (v) triggered by trailing edge 
of 'clk'
Path Groups: {reg2reg}
Analysis View: WC_VIEW
Other End Arrival Time          0.578
- Setup                         0.239
+ Phase Shift                   2.800
+ CPPR Adjustment               0.000
- Uncertainty                   0.100
= Required Time                 3.039
- Arrival Time                  3.747
= Slack Time                   -0.708
     Clock Fall Edge                 1.400
     + Clock Network Latency (Prop)  0.340
     = Beginpoint Arrival Time       1.740
     +---------------------------------------------------------------------------------------------+ 
     |              Instance               |     Arc      |   Cell    | Delay | Arrival | Required | 
     |                                     |              |           |       |  Time   |   Time   | 
     |-------------------------------------+--------------+-----------+-------+---------+----------| 
     | datapath/registers_RF_reg[24][15]   | CK ^         |           |       |   1.740 |    1.032 | 
     | datapath/registers_RF_reg[24][15]   | CK ^ -> Q v  | SDFF_X1   | 0.277 |   2.016 |    1.309 | 
     | datapath/g3891                      | B2 v -> ZN ^ | AOI22_X1  | 0.188 |   2.204 |    1.496 | 
     | datapath/FE_RC_2540_0               | A1 ^ -> ZN ^ | AND2_X2   | 0.120 |   2.324 |    1.616 | 
     | datapath/FE_RC_2538_0               | A2 ^ -> ZN v | NAND2_X2  | 0.062 |   2.386 |    1.678 | 
     | datapath/FE_RC_843_0                | A1 v -> ZN ^ | NOR2_X2   | 0.093 |   2.479 |    1.772 | 
     | datapath/FE_RC_2981_0               | A1 ^ -> ZN v | NAND3_X1  | 0.095 |   2.574 |    1.866 | 
     | datapath/FE_RC_841_0                | A v -> ZN ^  | INV_X2    | 0.066 |   2.640 |    1.932 | 
     | datapath/g28102                     | B1 ^ -> ZN v | AOI21_X2  | 0.054 |   2.694 |    1.986 | 
     | datapath/g28048                     | A v -> ZN ^  | XNOR2_X1  | 0.116 |   2.810 |    2.102 | 
     | datapath/g27919                     | A4 ^ -> ZN v | NAND4_X1  | 0.122 |   2.932 |    2.224 | 
     | datapath/FE_RC_2094_0               | A v -> ZN ^  | INV_X2    | 0.082 |   3.014 |    2.307 | 
     | datapath/FE_RC_2305_0               | A1 ^ -> ZN v | NAND3_X2  | 0.053 |   3.067 |    2.360 | 
     | datapath/FE_RC_2091_0               | A1 v -> ZN ^ | NOR2_X2   | 0.120 |   3.187 |    2.479 | 
     | datapath/FE_RC_3067_0               | A1 ^ -> ZN ^ | OR2_X2    | 0.092 |   3.279 |    2.571 | 
     | datapath/FE_RC_3064_0               | B ^ -> ZN v  | OAI211_X2 | 0.082 |   3.361 |    2.653 | 
     | datapath/g19650                     | A2 v -> ZN ^ | NAND2_X4  | 0.080 |   3.440 |    2.733 | 
     | datapath/FE_OFC1013_IFID_takeBranch | A ^ -> Z ^   | BUF_X16   | 0.084 |   3.524 |    2.816 | 
     | datapath/branch_or_inc_4/g815__5107 | S ^ -> Z v   | MUX2_X1   | 0.223 |   3.747 |    3.039 | 
     | datapath/IF_pc_reg[3]               | D v          | SDFFR_X2  | 0.000 |   3.747 |    3.039 | 
     +---------------------------------------------------------------------------------------------+ 
Path 10: VIOLATED Setup Check with Pin datapath/IF_pc_reg[2]/CK 
Endpoint:   datapath/IF_pc_reg[2]/D             (v) checked with  leading edge 
of 'clk'
Beginpoint: datapath/registers_RF_reg[24][15]/Q (v) triggered by trailing edge 
of 'clk'
Path Groups: {reg2reg}
Analysis View: WC_VIEW
Other End Arrival Time          0.578
- Setup                         0.238
+ Phase Shift                   2.800
+ CPPR Adjustment               0.000
- Uncertainty                   0.100
= Required Time                 3.039
- Arrival Time                  3.747
= Slack Time                   -0.707
     Clock Fall Edge                 1.400
     + Clock Network Latency (Prop)  0.340
     = Beginpoint Arrival Time       1.740
     +---------------------------------------------------------------------------------------------+ 
     |              Instance               |     Arc      |   Cell    | Delay | Arrival | Required | 
     |                                     |              |           |       |  Time   |   Time   | 
     |-------------------------------------+--------------+-----------+-------+---------+----------| 
     | datapath/registers_RF_reg[24][15]   | CK ^         |           |       |   1.740 |    1.032 | 
     | datapath/registers_RF_reg[24][15]   | CK ^ -> Q v  | SDFF_X1   | 0.277 |   2.016 |    1.309 | 
     | datapath/g3891                      | B2 v -> ZN ^ | AOI22_X1  | 0.188 |   2.204 |    1.497 | 
     | datapath/FE_RC_2540_0               | A1 ^ -> ZN ^ | AND2_X2   | 0.120 |   2.324 |    1.616 | 
     | datapath/FE_RC_2538_0               | A2 ^ -> ZN v | NAND2_X2  | 0.062 |   2.386 |    1.679 | 
     | datapath/FE_RC_843_0                | A1 v -> ZN ^ | NOR2_X2   | 0.093 |   2.479 |    1.772 | 
     | datapath/FE_RC_2981_0               | A1 ^ -> ZN v | NAND3_X1  | 0.095 |   2.574 |    1.866 | 
     | datapath/FE_RC_841_0                | A v -> ZN ^  | INV_X2    | 0.066 |   2.640 |    1.932 | 
     | datapath/g28102                     | B1 ^ -> ZN v | AOI21_X2  | 0.054 |   2.694 |    1.987 | 
     | datapath/g28048                     | A v -> ZN ^  | XNOR2_X1  | 0.116 |   2.810 |    2.102 | 
     | datapath/g27919                     | A4 ^ -> ZN v | NAND4_X1  | 0.122 |   2.932 |    2.224 | 
     | datapath/FE_RC_2094_0               | A v -> ZN ^  | INV_X2    | 0.082 |   3.014 |    2.307 | 
     | datapath/FE_RC_2305_0               | A1 ^ -> ZN v | NAND3_X2  | 0.053 |   3.067 |    2.360 | 
     | datapath/FE_RC_2091_0               | A1 v -> ZN ^ | NOR2_X2   | 0.120 |   3.187 |    2.480 | 
     | datapath/FE_RC_3067_0               | A1 ^ -> ZN ^ | OR2_X2    | 0.092 |   3.279 |    2.572 | 
     | datapath/FE_RC_3064_0               | B ^ -> ZN v  | OAI211_X2 | 0.082 |   3.361 |    2.653 | 
     | datapath/g19650                     | A2 v -> ZN ^ | NAND2_X4  | 0.080 |   3.440 |    2.733 | 
     | datapath/FE_OFC1013_IFID_takeBranch | A ^ -> Z ^   | BUF_X16   | 0.084 |   3.524 |    2.816 | 
     | datapath/branch_or_inc_4/g818__8428 | S ^ -> Z v   | MUX2_X1   | 0.223 |   3.747 |    3.039 | 
     | datapath/IF_pc_reg[2]               | D v          | SDFFR_X2  | 0.000 |   3.747 |    3.039 | 
     +---------------------------------------------------------------------------------------------+ 
Path 11: VIOLATED Setup Check with Pin datapath/IF_pc_reg[15]/CK 
Endpoint:   datapath/IF_pc_reg[15]/D            (v) checked with  leading edge 
of 'clk'
Beginpoint: datapath/registers_RF_reg[24][15]/Q (v) triggered by trailing edge 
of 'clk'
Path Groups: {reg2reg}
Analysis View: WC_VIEW
Other End Arrival Time          0.578
- Setup                         0.238
+ Phase Shift                   2.800
+ CPPR Adjustment               0.000
- Uncertainty                   0.100
= Required Time                 3.039
- Arrival Time                  3.745
= Slack Time                   -0.706
     Clock Fall Edge                 1.400
     + Clock Network Latency (Prop)  0.340
     = Beginpoint Arrival Time       1.740
     +---------------------------------------------------------------------------------------------+ 
     |              Instance               |     Arc      |   Cell    | Delay | Arrival | Required | 
     |                                     |              |           |       |  Time   |   Time   | 
     |-------------------------------------+--------------+-----------+-------+---------+----------| 
     | datapath/registers_RF_reg[24][15]   | CK ^         |           |       |   1.740 |    1.034 | 
     | datapath/registers_RF_reg[24][15]   | CK ^ -> Q v  | SDFF_X1   | 0.277 |   2.016 |    1.310 | 
     | datapath/g3891                      | B2 v -> ZN ^ | AOI22_X1  | 0.188 |   2.204 |    1.498 | 
     | datapath/FE_RC_2540_0               | A1 ^ -> ZN ^ | AND2_X2   | 0.120 |   2.324 |    1.618 | 
     | datapath/FE_RC_2538_0               | A2 ^ -> ZN v | NAND2_X2  | 0.062 |   2.386 |    1.680 | 
     | datapath/FE_RC_843_0                | A1 v -> ZN ^ | NOR2_X2   | 0.093 |   2.479 |    1.773 | 
     | datapath/FE_RC_2981_0               | A1 ^ -> ZN v | NAND3_X1  | 0.095 |   2.574 |    1.868 | 
     | datapath/FE_RC_841_0                | A v -> ZN ^  | INV_X2    | 0.066 |   2.640 |    1.934 | 
     | datapath/g28102                     | B1 ^ -> ZN v | AOI21_X2  | 0.054 |   2.694 |    1.988 | 
     | datapath/g28048                     | A v -> ZN ^  | XNOR2_X1  | 0.116 |   2.810 |    2.104 | 
     | datapath/g27919                     | A4 ^ -> ZN v | NAND4_X1  | 0.122 |   2.932 |    2.226 | 
     | datapath/FE_RC_2094_0               | A v -> ZN ^  | INV_X2    | 0.082 |   3.014 |    2.308 | 
     | datapath/FE_RC_2305_0               | A1 ^ -> ZN v | NAND3_X2  | 0.053 |   3.067 |    2.361 | 
     | datapath/FE_RC_2091_0               | A1 v -> ZN ^ | NOR2_X2   | 0.120 |   3.187 |    2.481 | 
     | datapath/FE_RC_3067_0               | A1 ^ -> ZN ^ | OR2_X2    | 0.092 |   3.279 |    2.573 | 
     | datapath/FE_RC_3064_0               | B ^ -> ZN v  | OAI211_X2 | 0.082 |   3.361 |    2.655 | 
     | datapath/g19650                     | A2 v -> ZN ^ | NAND2_X4  | 0.080 |   3.440 |    2.734 | 
     | datapath/FE_OFC1013_IFID_takeBranch | A ^ -> Z ^   | BUF_X16   | 0.084 |   3.524 |    2.818 | 
     | datapath/branch_or_inc_4/g823__2802 | S ^ -> Z v   | MUX2_X1   | 0.221 |   3.745 |    3.039 | 
     | datapath/IF_pc_reg[15]              | D v          | SDFFR_X2  | 0.000 |   3.745 |    3.039 | 
     +---------------------------------------------------------------------------------------------+ 
Path 12: VIOLATED Setup Check with Pin datapath/EXMEM_aluResult_reg[31]/CK 
Endpoint:   datapath/EXMEM_aluResult_reg[31]/D (v) checked with  leading edge 
of 'clk'
Beginpoint: datapath/EXMEM_aluResult_reg[0]/Q  (v) triggered by  leading edge 
of 'clk'
Path Groups: {reg2reg}
Analysis View: WC_VIEW
Other End Arrival Time          0.952
- Setup                         0.128
+ Phase Shift                   2.800
+ CPPR Adjustment               0.000
- Uncertainty                   0.100
= Required Time                 3.525
- Arrival Time                  4.229
= Slack Time                   -0.705
     Clock Rise Edge                 0.000
     + Clock Network Latency (Prop)  0.790
     = Beginpoint Arrival Time       0.790
     +-----------------------------------------------------------------------------------------------------------+ 
     |                      Instance                      |     Arc      |   Cell   | Delay | Arrival | Required | 
     |                                                    |              |          |       |  Time   |   Time   | 
     |----------------------------------------------------+--------------+----------+-------+---------+----------| 
     | datapath/EXMEM_aluResult_reg[0]                    | CK ^         |          |       |   0.790 |    0.085 | 
     | datapath/EXMEM_aluResult_reg[0]                    | CK ^ -> Q v  | DFFR_X1  | 0.308 |   1.098 |    0.394 | 
     | datapath/FE_RC_3165_0                              | B1 v -> ZN ^ | OAI21_X2 | 0.145 |   1.243 |    0.539 | 
     | datapath/FE_RC_3157_0                              | A ^ -> ZN v  | INV_X4   | 0.040 |   1.283 |    0.578 | 
     | datapath/ALU_ALU_GEN[0].slice_i_bitAdder/FE_RC_318 | B1 v -> ZN ^ | OAI21_X2 | 0.128 |   1.411 |    0.706 | 
     | 4_0                                                |              |          |       |         |          | 
     | datapath/ALU_ALU_GEN[0].slice_i_bitAdder/FE_RC_318 | A1 ^ -> ZN v | NAND2_X4 | 0.056 |   1.467 |    0.762 | 
     | 3_0                                                |              |          |       |         |          | 
     | datapath/ALU_ALU_GEN[1].slice_i_bitAdder/FE_RC_319 | A1 v -> ZN ^ | NAND2_X4 | 0.051 |   1.518 |    0.813 | 
     | 0_0                                                |              |          |       |         |          | 
     | datapath/ALU_ALU_GEN[1].slice_i_bitAdder/FE_RC_132 | A1 ^ -> ZN v | NAND2_X4 | 0.039 |   1.557 |    0.852 | 
     | 7_0                                                |              |          |       |         |          | 
     | datapath/ALU_ALU_GEN[2].slice_i_bitAdder/FE_RC_367 | A1 v -> ZN ^ | NAND2_X4 | 0.044 |   1.600 |    0.896 | 
     | _0                                                 |              |          |       |         |          | 
     | datapath/ALU_ALU_GEN[2].slice_i_bitAdder/g77__6260 | A1 ^ -> ZN v | NAND2_X4 | 0.036 |   1.637 |    0.932 | 
     | datapath/ALU_ALU_GEN[3].slice_i_bitAdder/FE_RC_166 | A1 v -> ZN ^ | NAND2_X4 | 0.042 |   1.679 |    0.974 | 
     | 5_0                                                |              |          |       |         |          | 
     | datapath/ALU_ALU_GEN[3].slice_i_bitAdder/FE_RC_152 | A1 ^ -> ZN v | NAND2_X4 | 0.039 |   1.718 |    1.014 | 
     | 5_0                                                |              |          |       |         |          | 
     | datapath/ALU_ALU_GEN[4].slice_i_bitAdder/FE_RC_127 | A1 v -> ZN ^ | NAND2_X4 | 0.045 |   1.764 |    1.059 | 
     | 2_0                                                |              |          |       |         |          | 
     | datapath/ALU_ALU_GEN[4].slice_i_bitAdder/FE_RC_127 | A1 ^ -> ZN v | NAND2_X4 | 0.036 |   1.800 |    1.095 | 
     | 1_0                                                |              |          |       |         |          | 
     | datapath/ALU_ALU_GEN[5].slice_i_bitAdder/FE_RC_160 | A1 v -> ZN ^ | NAND2_X4 | 0.042 |   1.842 |    1.138 | 
     | 3_0                                                |              |          |       |         |          | 
     | datapath/ALU_ALU_GEN[5].slice_i_bitAdder/g77__1666 | A1 ^ -> ZN v | NAND2_X4 | 0.036 |   1.878 |    1.173 | 
     | datapath/ALU_ALU_GEN[6].slice_i_bitAdder/FE_RC_166 | A1 v -> ZN ^ | NAND2_X4 | 0.043 |   1.920 |    1.216 | 
     | 4_0                                                |              |          |       |         |          | 
     | datapath/ALU_ALU_GEN[6].slice_i_bitAdder/FE_RC_124 | A1 ^ -> ZN v | NAND2_X4 | 0.036 |   1.956 |    1.252 | 
     | 0_0                                                |              |          |       |         |          | 
     | datapath/ALU_ALU_GEN[7].slice_i_bitAdder/FE_RC_136 | A1 v -> ZN ^ | NAND2_X4 | 0.043 |   1.999 |    1.294 | 
     | 2_0                                                |              |          |       |         |          | 
     | datapath/ALU_ALU_GEN[7].slice_i_bitAdder/g77__5122 | A1 ^ -> ZN v | NAND2_X4 | 0.036 |   2.035 |    1.330 | 
     | datapath/ALU_ALU_GEN[8].slice_i_bitAdder/FE_RC_132 | A1 v -> ZN ^ | NAND2_X4 | 0.044 |   2.079 |    1.374 | 
     | 5_0                                                |              |          |       |         |          | 
     | datapath/ALU_ALU_GEN[8].slice_i_bitAdder/FE_RC_124 | A1 ^ -> ZN v | NAND2_X4 | 0.037 |   2.115 |    1.410 | 
     | 4_0                                                |              |          |       |         |          | 
     | datapath/ALU_ALU_GEN[9].slice_i_bitAdder/FE_RC_158 | A1 v -> ZN ^ | NAND2_X4 | 0.043 |   2.158 |    1.454 | 
     | 7_0                                                |              |          |       |         |          | 
     | datapath/ALU_ALU_GEN[9].slice_i_bitAdder/FE_RC_124 | A1 ^ -> ZN v | NAND2_X4 | 0.037 |   2.195 |    1.490 | 
     | 8_0                                                |              |          |       |         |          | 
     | datapath/ALU_ALU_GEN[10].slice_i_bitAdder/FE_RC_20 | A1 v -> ZN ^ | NAND2_X4 | 0.043 |   2.237 |    1.533 | 
     | 11_0                                               |              |          |       |         |          | 
     | datapath/ALU_ALU_GEN[10].slice_i_bitAdder/FE_RC_20 | A1 ^ -> ZN v | NAND2_X4 | 0.036 |   2.273 |    1.568 | 
     | 10_0                                               |              |          |       |         |          | 
     | datapath/ALU_ALU_GEN[11].slice_i_bitAdder/FE_RC_15 | A1 v -> ZN ^ | NAND2_X4 | 0.043 |   2.316 |    1.611 | 
     | 99_0                                               |              |          |       |         |          | 
     | datapath/ALU_ALU_GEN[11].slice_i_bitAdder/FE_RC_15 | A1 ^ -> ZN v | NAND2_X4 | 0.038 |   2.354 |    1.649 | 
     | 98_0                                               |              |          |       |         |          | 
     | datapath/ALU_ALU_GEN[12].slice_i_bitAdder/FE_RC_17 | A1 v -> ZN ^ | NAND2_X4 | 0.044 |   2.397 |    1.693 | 
     | 73_0                                               |              |          |       |         |          | 
     | datapath/ALU_ALU_GEN[12].slice_i_bitAdder/FE_RC_17 | A1 ^ -> ZN v | NAND2_X4 | 0.035 |   2.433 |    1.728 | 
     | 72_0                                               |              |          |       |         |          | 
     | datapath/ALU_ALU_GEN[13].slice_i_bitAdder/FE_RC_17 | A1 v -> ZN ^ | NAND2_X4 | 0.044 |   2.476 |    1.772 | 
     | 43_0                                               |              |          |       |         |          | 
     | datapath/ALU_ALU_GEN[13].slice_i_bitAdder/g77__510 | A1 ^ -> ZN v | NAND2_X4 | 0.036 |   2.512 |    1.808 | 
     | 7                                                  |              |          |       |         |          | 
     | datapath/ALU_ALU_GEN[14].slice_i_bitAdder/FE_RC_16 | A1 v -> ZN ^ | NAND2_X4 | 0.043 |   2.555 |    1.850 | 
     | 02_0                                               |              |          |       |         |          | 
     | datapath/ALU_ALU_GEN[14].slice_i_bitAdder/g77__280 | A1 ^ -> ZN v | NAND2_X4 | 0.035 |   2.590 |    1.886 | 
     | 2                                                  |              |          |       |         |          | 
     | datapath/ALU_ALU_GEN[15].slice_i_bitAdder/FE_RC_11 | A1 v -> ZN ^ | NAND2_X4 | 0.043 |   2.633 |    1.929 | 
     | 44_0                                               |              |          |       |         |          | 
     | datapath/ALU_ALU_GEN[15].slice_i_bitAdder/FE_RC_11 | A1 ^ -> ZN v | NAND2_X4 | 0.040 |   2.674 |    1.969 | 
     | 43_0                                               |              |          |       |         |          | 
     | datapath/ALU_ALU_GEN[16].slice_i_bitAdder/FE_RC_23 | A1 v -> ZN ^ | NAND2_X4 | 0.045 |   2.719 |    2.014 | 
     | 1_0                                                |              |          |       |         |          | 
     | datapath/ALU_ALU_GEN[16].slice_i_bitAdder/g77__166 | A1 ^ -> ZN v | NAND2_X4 | 0.036 |   2.755 |    2.050 | 
     | 6                                                  |              |          |       |         |          | 
     | datapath/ALU_ALU_GEN[17].slice_i_bitAdder/FE_RC_13 | A1 v -> ZN ^ | NAND2_X4 | 0.043 |   2.798 |    2.093 | 
     | 26_0                                               |              |          |       |         |          | 
     | datapath/ALU_ALU_GEN[17].slice_i_bitAdder/FE_RC_11 | A1 ^ -> ZN v | NAND2_X4 | 0.036 |   2.834 |    2.129 | 
     | 75_0                                               |              |          |       |         |          | 
     | datapath/ALU_ALU_GEN[18].slice_i_bitAdder/FE_RC_11 | A1 v -> ZN ^ | NAND2_X4 | 0.044 |   2.877 |    2.173 | 
     | 72_0                                               |              |          |       |         |          | 
     | datapath/ALU_ALU_GEN[18].slice_i_bitAdder/FE_RC_11 | A1 ^ -> ZN v | NAND2_X4 | 0.036 |   2.913 |    2.208 | 
     | 71_0                                               |              |          |       |         |          | 
     | datapath/ALU_ALU_GEN[19].slice_i_bitAdder/FE_RC_11 | A1 v -> ZN ^ | NAND2_X4 | 0.043 |   2.956 |    2.252 | 
     | 40_0                                               |              |          |       |         |          | 
     | datapath/ALU_ALU_GEN[19].slice_i_bitAdder/FE_RC_11 | A1 ^ -> ZN v | NAND2_X4 | 0.038 |   2.995 |    2.290 | 
     | 39_0                                               |              |          |       |         |          | 
     | datapath/ALU_ALU_GEN[20].slice_i_bitAdder/FE_RC_25 | A1 v -> ZN ^ | NAND2_X4 | 0.043 |   3.038 |    2.333 | 
     | 8_0                                                |              |          |       |         |          | 
     | datapath/ALU_ALU_GEN[20].slice_i_bitAdder/g77__741 | A1 ^ -> ZN v | NAND2_X4 | 0.036 |   3.074 |    2.369 | 
     | 0                                                  |              |          |       |         |          | 
     | datapath/ALU_ALU_GEN[21].slice_i_bitAdder/FE_RC_12 | A1 v -> ZN ^ | NAND2_X4 | 0.043 |   3.116 |    2.412 | 
     | 33_0                                               |              |          |       |         |          | 
     | datapath/ALU_ALU_GEN[21].slice_i_bitAdder/FE_RC_12 | A1 ^ -> ZN v | NAND2_X4 | 0.036 |   3.152 |    2.448 | 
     | 32_0                                               |              |          |       |         |          | 
     | datapath/ALU_ALU_GEN[22].slice_i_bitAdder/FE_RC_17 | A1 v -> ZN ^ | NAND2_X4 | 0.043 |   3.196 |    2.491 | 
     | 3_0                                                |              |          |       |         |          | 
     | datapath/ALU_ALU_GEN[22].slice_i_bitAdder/FE_RC_17 | A1 ^ -> ZN v | NAND2_X4 | 0.037 |   3.232 |    2.528 | 
     | 2_0                                                |              |          |       |         |          | 
     | datapath/ALU_ALU_GEN[23].slice_i_bitAdder/FE_RC_11 | A1 v -> ZN ^ | NAND2_X4 | 0.044 |   3.276 |    2.571 | 
     | 68_0                                               |              |          |       |         |          | 
     | datapath/ALU_ALU_GEN[23].slice_i_bitAdder/FE_RC_11 | A1 ^ -> ZN v | NAND2_X4 | 0.037 |   3.313 |    2.608 | 
     | 67_0                                               |              |          |       |         |          | 
     | datapath/ALU_ALU_GEN[24].slice_i_bitAdder/FE_RC_14 | A1 v -> ZN ^ | NAND2_X4 | 0.044 |   3.357 |    2.653 | 
     | 1_0                                                |              |          |       |         |          | 
     | datapath/ALU_ALU_GEN[24].slice_i_bitAdder/FE_RC_14 | A1 ^ -> ZN v | NAND2_X4 | 0.036 |   3.394 |    2.689 | 
     | 0_0                                                |              |          |       |         |          | 
     | datapath/ALU_ALU_GEN[25].slice_i_bitAdder/FE_RC_11 | A1 v -> ZN ^ | NAND2_X4 | 0.044 |   3.438 |    2.733 | 
     | 36_0                                               |              |          |       |         |          | 
     | datapath/ALU_ALU_GEN[25].slice_i_bitAdder/FE_RC_11 | A1 ^ -> ZN v | NAND2_X4 | 0.038 |   3.476 |    2.771 | 
     | 35_0                                               |              |          |       |         |          | 
     | datapath/ALU_ALU_GEN[26].slice_i_bitAdder/FE_RC_10 | A1 v -> ZN ^ | NAND2_X4 | 0.044 |   3.520 |    2.815 | 
     | 9_0                                                |              |          |       |         |          | 
     | datapath/ALU_ALU_GEN[26].slice_i_bitAdder/FE_RC_10 | A1 ^ -> ZN v | NAND2_X4 | 0.038 |   3.558 |    2.853 | 
     | 8_0                                                |              |          |       |         |          | 
     | datapath/ALU_ALU_GEN[27].slice_i_bitAdder/FE_RC_92 | A1 v -> ZN ^ | NAND2_X4 | 0.045 |   3.603 |    2.899 | 
     | _0                                                 |              |          |       |         |          | 
     | datapath/ALU_ALU_GEN[27].slice_i_bitAdder/FE_RC_91 | A1 ^ -> ZN v | NAND2_X4 | 0.037 |   3.641 |    2.936 | 
     | _0                                                 |              |          |       |         |          | 
     | datapath/ALU_ALU_GEN[28].slice_i_bitAdder/FE_RC_11 | A1 v -> ZN ^ | NAND2_X4 | 0.044 |   3.685 |    2.980 | 
     | 48_0                                               |              |          |       |         |          | 
     | datapath/ALU_ALU_GEN[28].slice_i_bitAdder/FE_RC_11 | A1 ^ -> ZN v | NAND2_X4 | 0.037 |   3.722 |    3.018 | 
     | 47_0                                               |              |          |       |         |          | 
     | datapath/ALU_ALU_GEN[29].slice_i_bitAdder/FE_RC_12 | A1 v -> ZN ^ | NAND2_X4 | 0.044 |   3.767 |    3.062 | 
     | 37_0                                               |              |          |       |         |          | 
     | datapath/ALU_ALU_GEN[29].slice_i_bitAdder/FE_RC_12 | A1 ^ -> ZN v | NAND2_X4 | 0.038 |   3.804 |    3.100 | 
     | 36_0                                               |              |          |       |         |          | 
     | datapath/ALU_ALU_GEN[30].slice_i_bitAdder/FE_RC_12 | A1 v -> ZN ^ | NAND2_X4 | 0.045 |   3.849 |    3.144 | 
     | 11_0                                               |              |          |       |         |          | 
     | datapath/ALU_ALU_GEN[30].slice_i_bitAdder/FE_RC_12 | A1 ^ -> ZN v | NAND2_X4 | 0.045 |   3.894 |    3.190 | 
     | 10_0                                               |              |          |       |         |          | 
     | datapath/FE_OCPC556_ALU_cout_31                    | A v -> Z v   | BUF_X2   | 0.092 |   3.986 |    3.281 | 
     | datapath/ALU_msb_bitAdder/FE_RC_1351_0             | A1 v -> ZN ^ | NAND2_X4 | 0.043 |   4.029 |    3.324 | 
     | datapath/ALU_msb_bitAdder/FE_RC_1583_0             | A1 ^ -> ZN v | NAND2_X4 | 0.035 |   4.064 |    3.359 | 
     | datapath/FE_OCPC550_ALU_msb_aADDb                  | A v -> Z v   | BUF_X1   | 0.092 |   4.156 |    3.451 | 
     | datapath/ALU_msb_resultMux/FE_RC_1215_0            | A1 v -> ZN ^ | NAND2_X2 | 0.039 |   4.195 |    3.490 | 
     | datapath/ALU_msb_resultMux/FE_RC_2900_0            | A1 ^ -> ZN v | NAND2_X1 | 0.034 |   4.229 |    3.525 | 
     | datapath/EXMEM_aluResult_reg[31]                   | D v          | DFFR_X1  | 0.000 |   4.229 |    3.525 | 
     +-----------------------------------------------------------------------------------------------------------+ 
Path 13: VIOLATED Setup Check with Pin datapath/IFID_instr_reg[16]/CK 
Endpoint:   datapath/IFID_instr_reg[16]/D       (^) checked with  leading edge 
of 'clk'
Beginpoint: datapath/registers_RF_reg[24][15]/Q (v) triggered by trailing edge 
of 'clk'
Path Groups: {reg2reg}
Analysis View: WC_VIEW
Other End Arrival Time          0.543
- Setup                         0.083
+ Phase Shift                   2.800
+ CPPR Adjustment               0.000
- Uncertainty                   0.100
= Required Time                 3.160
- Arrival Time                  3.864
= Slack Time                   -0.704
     Clock Fall Edge                 1.400
     + Clock Network Latency (Prop)  0.340
     = Beginpoint Arrival Time       1.740
     +---------------------------------------------------------------------------------------------+ 
     |              Instance               |     Arc      |   Cell    | Delay | Arrival | Required | 
     |                                     |              |           |       |  Time   |   Time   | 
     |-------------------------------------+--------------+-----------+-------+---------+----------| 
     | datapath/registers_RF_reg[24][15]   | CK ^         |           |       |   1.740 |    1.036 | 
     | datapath/registers_RF_reg[24][15]   | CK ^ -> Q v  | SDFF_X1   | 0.277 |   2.016 |    1.312 | 
     | datapath/g3891                      | B2 v -> ZN ^ | AOI22_X1  | 0.188 |   2.204 |    1.500 | 
     | datapath/FE_RC_2540_0               | A1 ^ -> ZN ^ | AND2_X2   | 0.120 |   2.324 |    1.620 | 
     | datapath/FE_RC_2538_0               | A2 ^ -> ZN v | NAND2_X2  | 0.062 |   2.386 |    1.682 | 
     | datapath/FE_RC_843_0                | A1 v -> ZN ^ | NOR2_X2   | 0.093 |   2.479 |    1.775 | 
     | datapath/FE_RC_2981_0               | A1 ^ -> ZN v | NAND3_X1  | 0.095 |   2.574 |    1.870 | 
     | datapath/FE_RC_841_0                | A v -> ZN ^  | INV_X2    | 0.066 |   2.640 |    1.936 | 
     | datapath/g28102                     | B1 ^ -> ZN v | AOI21_X2  | 0.054 |   2.694 |    1.990 | 
     | datapath/g28048                     | A v -> ZN ^  | XNOR2_X1  | 0.116 |   2.810 |    2.106 | 
     | datapath/g27919                     | A4 ^ -> ZN v | NAND4_X1  | 0.122 |   2.932 |    2.228 | 
     | datapath/FE_RC_2094_0               | A v -> ZN ^  | INV_X2    | 0.082 |   3.014 |    2.310 | 
     | datapath/FE_RC_2305_0               | A1 ^ -> ZN v | NAND3_X2  | 0.053 |   3.067 |    2.363 | 
     | datapath/FE_RC_2091_0               | A1 v -> ZN ^ | NOR2_X2   | 0.120 |   3.187 |    2.483 | 
     | datapath/FE_RC_3065_0               | A1 ^ -> ZN v | NAND4_X1  | 0.107 |   3.294 |    2.590 | 
     | datapath/FE_RC_3064_0               | A v -> ZN ^  | OAI211_X2 | 0.105 |   3.399 |    2.695 | 
     | datapath/g19650                     | A2 ^ -> ZN v | NAND2_X4  | 0.072 |   3.471 |    2.767 | 
     | datapath/FE_OFC1013_IFID_takeBranch | A v -> Z v   | BUF_X16   | 0.089 |   3.560 |    2.856 | 
     | g1513                               | A1 v -> ZN v | AND2_X4   | 0.112 |   3.672 |    2.968 | 
     | datapath/FE_OCPC869_IFID_flush      | A v -> ZN ^  | INV_X8    | 0.070 |   3.742 |    3.038 | 
     | datapath/FE_OCPC873_IFID_flush      | A ^ -> ZN v  | INV_X8    | 0.038 |   3.780 |    3.076 | 
     | datapath/g37521                     | A1 v -> ZN ^ | NOR2_X1   | 0.085 |   3.864 |    3.160 | 
     | datapath/IFID_instr_reg[16]         | D ^          | DFFR_X1   | 0.000 |   3.864 |    3.160 | 
     +---------------------------------------------------------------------------------------------+ 
Path 14: VIOLATED Setup Check with Pin datapath/IFID_pc_reg[22]/CK 
Endpoint:   datapath/IFID_pc_reg[22]/D          (^) checked with  leading edge 
of 'clk'
Beginpoint: datapath/registers_RF_reg[24][15]/Q (v) triggered by trailing edge 
of 'clk'
Path Groups: {reg2reg}
Analysis View: WC_VIEW
Other End Arrival Time          0.543
- Setup                         0.082
+ Phase Shift                   2.800
+ CPPR Adjustment               0.000
- Uncertainty                   0.100
= Required Time                 3.161
- Arrival Time                  3.865
= Slack Time                   -0.704
     Clock Fall Edge                 1.400
     + Clock Network Latency (Prop)  0.340
     = Beginpoint Arrival Time       1.740
     +---------------------------------------------------------------------------------------------+ 
     |              Instance               |     Arc      |   Cell    | Delay | Arrival | Required | 
     |                                     |              |           |       |  Time   |   Time   | 
     |-------------------------------------+--------------+-----------+-------+---------+----------| 
     | datapath/registers_RF_reg[24][15]   | CK ^         |           |       |   1.740 |    1.036 | 
     | datapath/registers_RF_reg[24][15]   | CK ^ -> Q v  | SDFF_X1   | 0.277 |   2.016 |    1.313 | 
     | datapath/g3891                      | B2 v -> ZN ^ | AOI22_X1  | 0.188 |   2.204 |    1.501 | 
     | datapath/FE_RC_2540_0               | A1 ^ -> ZN ^ | AND2_X2   | 0.120 |   2.324 |    1.620 | 
     | datapath/FE_RC_2538_0               | A2 ^ -> ZN v | NAND2_X2  | 0.062 |   2.386 |    1.683 | 
     | datapath/FE_RC_843_0                | A1 v -> ZN ^ | NOR2_X2   | 0.093 |   2.479 |    1.776 | 
     | datapath/FE_RC_2981_0               | A1 ^ -> ZN v | NAND3_X1  | 0.095 |   2.574 |    1.870 | 
     | datapath/FE_RC_841_0                | A v -> ZN ^  | INV_X2    | 0.066 |   2.640 |    1.936 | 
     | datapath/g28102                     | B1 ^ -> ZN v | AOI21_X2  | 0.054 |   2.694 |    1.991 | 
     | datapath/g28048                     | A v -> ZN ^  | XNOR2_X1  | 0.116 |   2.810 |    2.106 | 
     | datapath/g27919                     | A4 ^ -> ZN v | NAND4_X1  | 0.122 |   2.932 |    2.228 | 
     | datapath/FE_RC_2094_0               | A v -> ZN ^  | INV_X2    | 0.082 |   3.014 |    2.311 | 
     | datapath/FE_RC_2305_0               | A1 ^ -> ZN v | NAND3_X2  | 0.053 |   3.067 |    2.364 | 
     | datapath/FE_RC_2091_0               | A1 v -> ZN ^ | NOR2_X2   | 0.120 |   3.187 |    2.484 | 
     | datapath/FE_RC_3065_0               | A1 ^ -> ZN v | NAND4_X1  | 0.107 |   3.294 |    2.590 | 
     | datapath/FE_RC_3064_0               | A v -> ZN ^  | OAI211_X2 | 0.105 |   3.399 |    2.696 | 
     | datapath/g19650                     | A2 ^ -> ZN v | NAND2_X4  | 0.072 |   3.471 |    2.767 | 
     | datapath/FE_OFC1013_IFID_takeBranch | A v -> Z v   | BUF_X16   | 0.089 |   3.560 |    2.856 | 
     | g1513                               | A1 v -> ZN v | AND2_X4   | 0.112 |   3.672 |    2.968 | 
     | datapath/FE_OCPC869_IFID_flush      | A v -> ZN ^  | INV_X8    | 0.070 |   3.742 |    3.039 | 
     | datapath/FE_OCPC872_IFID_flush      | A ^ -> ZN v  | INV_X16   | 0.038 |   3.781 |    3.077 | 
     | datapath/g37494                     | A1 v -> ZN ^ | NOR2_X1   | 0.084 |   3.865 |    3.161 | 
     | datapath/IFID_pc_reg[22]            | D ^          | DFFR_X1   | 0.000 |   3.865 |    3.161 | 
     +---------------------------------------------------------------------------------------------+ 
Path 15: VIOLATED Setup Check with Pin datapath/IFID_pc_reg[17]/CK 
Endpoint:   datapath/IFID_pc_reg[17]/D          (^) checked with  leading edge 
of 'clk'
Beginpoint: datapath/registers_RF_reg[24][15]/Q (v) triggered by trailing edge 
of 'clk'
Path Groups: {reg2reg}
Analysis View: WC_VIEW
Other End Arrival Time          0.545
- Setup                         0.082
+ Phase Shift                   2.800
+ CPPR Adjustment               0.000
- Uncertainty                   0.100
= Required Time                 3.163
- Arrival Time                  3.864
= Slack Time                   -0.701
     Clock Fall Edge                 1.400
     + Clock Network Latency (Prop)  0.340
     = Beginpoint Arrival Time       1.740
     +---------------------------------------------------------------------------------------------+ 
     |              Instance               |     Arc      |   Cell    | Delay | Arrival | Required | 
     |                                     |              |           |       |  Time   |   Time   | 
     |-------------------------------------+--------------+-----------+-------+---------+----------| 
     | datapath/registers_RF_reg[24][15]   | CK ^         |           |       |   1.740 |    1.038 | 
     | datapath/registers_RF_reg[24][15]   | CK ^ -> Q v  | SDFF_X1   | 0.277 |   2.016 |    1.315 | 
     | datapath/g3891                      | B2 v -> ZN ^ | AOI22_X1  | 0.188 |   2.204 |    1.503 | 
     | datapath/FE_RC_2540_0               | A1 ^ -> ZN ^ | AND2_X2   | 0.120 |   2.324 |    1.623 | 
     | datapath/FE_RC_2538_0               | A2 ^ -> ZN v | NAND2_X2  | 0.062 |   2.386 |    1.685 | 
     | datapath/FE_RC_843_0                | A1 v -> ZN ^ | NOR2_X2   | 0.093 |   2.479 |    1.778 | 
     | datapath/FE_RC_2981_0               | A1 ^ -> ZN v | NAND3_X1  | 0.095 |   2.574 |    1.873 | 
     | datapath/FE_RC_841_0                | A v -> ZN ^  | INV_X2    | 0.066 |   2.640 |    1.939 | 
     | datapath/g28102                     | B1 ^ -> ZN v | AOI21_X2  | 0.054 |   2.694 |    1.993 | 
     | datapath/g28048                     | A v -> ZN ^  | XNOR2_X1  | 0.116 |   2.810 |    2.109 | 
     | datapath/g27919                     | A4 ^ -> ZN v | NAND4_X1  | 0.122 |   2.932 |    2.231 | 
     | datapath/FE_RC_2094_0               | A v -> ZN ^  | INV_X2    | 0.082 |   3.014 |    2.313 | 
     | datapath/FE_RC_2305_0               | A1 ^ -> ZN v | NAND3_X2  | 0.053 |   3.067 |    2.366 | 
     | datapath/FE_RC_2091_0               | A1 v -> ZN ^ | NOR2_X2   | 0.120 |   3.187 |    2.486 | 
     | datapath/FE_RC_3065_0               | A1 ^ -> ZN v | NAND4_X1  | 0.107 |   3.294 |    2.593 | 
     | datapath/FE_RC_3064_0               | A v -> ZN ^  | OAI211_X2 | 0.105 |   3.399 |    2.698 | 
     | datapath/g19650                     | A2 ^ -> ZN v | NAND2_X4  | 0.072 |   3.471 |    2.770 | 
     | datapath/FE_OFC1013_IFID_takeBranch | A v -> Z v   | BUF_X16   | 0.089 |   3.560 |    2.859 | 
     | g1513                               | A1 v -> ZN v | AND2_X4   | 0.112 |   3.672 |    2.971 | 
     | datapath/FE_OCPC869_IFID_flush      | A v -> ZN ^  | INV_X8    | 0.070 |   3.742 |    3.041 | 
     | datapath/FE_OCPC872_IFID_flush      | A ^ -> ZN v  | INV_X16   | 0.038 |   3.781 |    3.079 | 
     | datapath/g37507                     | A1 v -> ZN ^ | NOR2_X1   | 0.084 |   3.864 |    3.163 | 
     | datapath/IFID_pc_reg[17]            | D ^          | DFFR_X1   | 0.000 |   3.864 |    3.163 | 
     +---------------------------------------------------------------------------------------------+ 
Path 16: VIOLATED Setup Check with Pin datapath/IFID_instr_reg[3]/CK 
Endpoint:   datapath/IFID_instr_reg[3]/D        (^) checked with  leading edge 
of 'clk'
Beginpoint: datapath/registers_RF_reg[24][15]/Q (v) triggered by trailing edge 
of 'clk'
Path Groups: {reg2reg}
Analysis View: WC_VIEW
Other End Arrival Time          0.526
- Setup                         0.088
+ Phase Shift                   2.800
+ CPPR Adjustment               0.000
- Uncertainty                   0.100
= Required Time                 3.139
- Arrival Time                  3.840
= Slack Time                   -0.701
     Clock Fall Edge                 1.400
     + Clock Network Latency (Prop)  0.340
     = Beginpoint Arrival Time       1.740
     +---------------------------------------------------------------------------------------------+ 
     |              Instance               |     Arc      |   Cell    | Delay | Arrival | Required | 
     |                                     |              |           |       |  Time   |   Time   | 
     |-------------------------------------+--------------+-----------+-------+---------+----------| 
     | datapath/registers_RF_reg[24][15]   | CK ^         |           |       |   1.740 |    1.039 | 
     | datapath/registers_RF_reg[24][15]   | CK ^ -> Q v  | SDFF_X1   | 0.277 |   2.016 |    1.315 | 
     | datapath/g3891                      | B2 v -> ZN ^ | AOI22_X1  | 0.188 |   2.204 |    1.503 | 
     | datapath/FE_RC_2540_0               | A1 ^ -> ZN ^ | AND2_X2   | 0.120 |   2.324 |    1.623 | 
     | datapath/FE_RC_2538_0               | A2 ^ -> ZN v | NAND2_X2  | 0.062 |   2.386 |    1.685 | 
     | datapath/FE_RC_843_0                | A1 v -> ZN ^ | NOR2_X2   | 0.093 |   2.479 |    1.778 | 
     | datapath/FE_RC_2981_0               | A1 ^ -> ZN v | NAND3_X1  | 0.095 |   2.574 |    1.873 | 
     | datapath/FE_RC_841_0                | A v -> ZN ^  | INV_X2    | 0.066 |   2.640 |    1.939 | 
     | datapath/g28102                     | B1 ^ -> ZN v | AOI21_X2  | 0.054 |   2.694 |    1.993 | 
     | datapath/g28048                     | A v -> ZN ^  | XNOR2_X1  | 0.116 |   2.810 |    2.109 | 
     | datapath/g27919                     | A4 ^ -> ZN v | NAND4_X1  | 0.122 |   2.932 |    2.231 | 
     | datapath/FE_RC_2094_0               | A v -> ZN ^  | INV_X2    | 0.082 |   3.014 |    2.313 | 
     | datapath/FE_RC_2305_0               | A1 ^ -> ZN v | NAND3_X2  | 0.053 |   3.067 |    2.366 | 
     | datapath/FE_RC_2091_0               | A1 v -> ZN ^ | NOR2_X2   | 0.120 |   3.187 |    2.486 | 
     | datapath/FE_RC_3065_0               | A1 ^ -> ZN v | NAND4_X1  | 0.107 |   3.294 |    2.593 | 
     | datapath/FE_RC_3064_0               | A v -> ZN ^  | OAI211_X2 | 0.105 |   3.399 |    2.698 | 
     | datapath/g19650                     | A2 ^ -> ZN v | NAND2_X4  | 0.072 |   3.471 |    2.770 | 
     | datapath/FE_OFC1013_IFID_takeBranch | A v -> Z v   | BUF_X16   | 0.089 |   3.560 |    2.859 | 
     | g1513                               | A1 v -> ZN v | AND2_X4   | 0.112 |   3.672 |    2.971 | 
     | datapath/FE_OCPC1057_IFID_flush     | A v -> Z v   | BUF_X4    | 0.086 |   3.758 |    3.057 | 
     | datapath/g37446                     | A1 v -> ZN ^ | NOR2_X1   | 0.082 |   3.840 |    3.139 | 
     | datapath/IFID_instr_reg[3]          | D ^          | DFFR_X1   | 0.000 |   3.840 |    3.139 | 
     +---------------------------------------------------------------------------------------------+ 
Path 17: VIOLATED Setup Check with Pin datapath/IFID_instr_reg[30]/CK 
Endpoint:   datapath/IFID_instr_reg[30]/D       (v) checked with  leading edge 
of 'clk'
Beginpoint: datapath/registers_RF_reg[24][15]/Q (v) triggered by trailing edge 
of 'clk'
Path Groups: {reg2reg}
Analysis View: WC_VIEW
Other End Arrival Time          0.543
- Setup                         0.137
+ Phase Shift                   2.800
+ CPPR Adjustment               0.000
- Uncertainty                   0.100
= Required Time                 3.106
- Arrival Time                  3.806
= Slack Time                   -0.700
     Clock Fall Edge                 1.400
     + Clock Network Latency (Prop)  0.340
     = Beginpoint Arrival Time       1.740
     +---------------------------------------------------------------------------------------------+ 
     |              Instance               |     Arc      |   Cell    | Delay | Arrival | Required | 
     |                                     |              |           |       |  Time   |   Time   | 
     |-------------------------------------+--------------+-----------+-------+---------+----------| 
     | datapath/registers_RF_reg[24][15]   | CK ^         |           |       |   1.740 |    1.040 | 
     | datapath/registers_RF_reg[24][15]   | CK ^ -> Q v  | SDFF_X1   | 0.277 |   2.016 |    1.316 | 
     | datapath/g3891                      | B2 v -> ZN ^ | AOI22_X1  | 0.188 |   2.204 |    1.504 | 
     | datapath/FE_RC_2540_0               | A1 ^ -> ZN ^ | AND2_X2   | 0.120 |   2.324 |    1.624 | 
     | datapath/FE_RC_2538_0               | A2 ^ -> ZN v | NAND2_X2  | 0.062 |   2.386 |    1.686 | 
     | datapath/FE_RC_843_0                | A1 v -> ZN ^ | NOR2_X2   | 0.093 |   2.479 |    1.779 | 
     | datapath/FE_RC_2981_0               | A1 ^ -> ZN v | NAND3_X1  | 0.095 |   2.574 |    1.874 | 
     | datapath/FE_RC_841_0                | A v -> ZN ^  | INV_X2    | 0.066 |   2.640 |    1.940 | 
     | datapath/g28102                     | B1 ^ -> ZN v | AOI21_X2  | 0.054 |   2.694 |    1.994 | 
     | datapath/g28048                     | A v -> ZN ^  | XNOR2_X1  | 0.116 |   2.810 |    2.110 | 
     | datapath/g27919                     | A4 ^ -> ZN v | NAND4_X1  | 0.122 |   2.932 |    2.232 | 
     | datapath/FE_RC_2094_0               | A v -> ZN ^  | INV_X2    | 0.082 |   3.014 |    2.314 | 
     | datapath/FE_RC_2305_0               | A1 ^ -> ZN v | NAND3_X2  | 0.053 |   3.067 |    2.367 | 
     | datapath/FE_RC_2091_0               | A1 v -> ZN ^ | NOR2_X2   | 0.120 |   3.187 |    2.487 | 
     | datapath/FE_RC_3067_0               | A1 ^ -> ZN ^ | OR2_X2    | 0.092 |   3.279 |    2.579 | 
     | datapath/FE_RC_3064_0               | B ^ -> ZN v  | OAI211_X2 | 0.082 |   3.361 |    2.661 | 
     | datapath/g19650                     | A2 v -> ZN ^ | NAND2_X4  | 0.080 |   3.440 |    2.740 | 
     | datapath/FE_OFC1013_IFID_takeBranch | A ^ -> Z ^   | BUF_X16   | 0.084 |   3.524 |    2.824 | 
     | g1513                               | A1 ^ -> ZN ^ | AND2_X4   | 0.139 |   3.663 |    2.963 | 
     | datapath/FE_OCPC869_IFID_flush      | A ^ -> ZN v  | INV_X8    | 0.046 |   3.710 |    3.010 | 
     | datapath/FE_OCPC872_IFID_flush      | A v -> ZN ^  | INV_X16   | 0.065 |   3.775 |    3.075 | 
     | datapath/g37459                     | A1 ^ -> ZN v | NOR2_X1   | 0.031 |   3.806 |    3.106 | 
     | datapath/IFID_instr_reg[30]         | D v          | DFFR_X1   | 0.000 |   3.806 |    3.106 | 
     +---------------------------------------------------------------------------------------------+ 
Path 18: VIOLATED Setup Check with Pin datapath/IFID_instr_reg[7]/CK 
Endpoint:   datapath/IFID_instr_reg[7]/D        (v) checked with  leading edge 
of 'clk'
Beginpoint: datapath/registers_RF_reg[24][15]/Q (v) triggered by trailing edge 
of 'clk'
Path Groups: {reg2reg}
Analysis View: WC_VIEW
Other End Arrival Time          0.526
- Setup                         0.147
+ Phase Shift                   2.800
+ CPPR Adjustment               0.000
- Uncertainty                   0.100
= Required Time                 3.079
- Arrival Time                  3.779
= Slack Time                   -0.700
     Clock Fall Edge                 1.400
     + Clock Network Latency (Prop)  0.340
     = Beginpoint Arrival Time       1.740
     +---------------------------------------------------------------------------------------------+ 
     |              Instance               |     Arc      |   Cell    | Delay | Arrival | Required | 
     |                                     |              |           |       |  Time   |   Time   | 
     |-------------------------------------+--------------+-----------+-------+---------+----------| 
     | datapath/registers_RF_reg[24][15]   | CK ^         |           |       |   1.740 |    1.040 | 
     | datapath/registers_RF_reg[24][15]   | CK ^ -> Q v  | SDFF_X1   | 0.277 |   2.016 |    1.317 | 
     | datapath/g3891                      | B2 v -> ZN ^ | AOI22_X1  | 0.188 |   2.204 |    1.504 | 
     | datapath/FE_RC_2540_0               | A1 ^ -> ZN ^ | AND2_X2   | 0.120 |   2.324 |    1.624 | 
     | datapath/FE_RC_2538_0               | A2 ^ -> ZN v | NAND2_X2  | 0.062 |   2.386 |    1.686 | 
     | datapath/FE_RC_843_0                | A1 v -> ZN ^ | NOR2_X2   | 0.093 |   2.479 |    1.780 | 
     | datapath/FE_RC_2981_0               | A1 ^ -> ZN v | NAND3_X1  | 0.095 |   2.574 |    1.874 | 
     | datapath/FE_RC_841_0                | A v -> ZN ^  | INV_X2    | 0.066 |   2.640 |    1.940 | 
     | datapath/g28102                     | B1 ^ -> ZN v | AOI21_X2  | 0.054 |   2.694 |    1.994 | 
     | datapath/g28048                     | A v -> ZN ^  | XNOR2_X1  | 0.116 |   2.810 |    2.110 | 
     | datapath/g27919                     | A4 ^ -> ZN v | NAND4_X1  | 0.122 |   2.932 |    2.232 | 
     | datapath/FE_RC_2094_0               | A v -> ZN ^  | INV_X2    | 0.082 |   3.014 |    2.315 | 
     | datapath/FE_RC_2305_0               | A1 ^ -> ZN v | NAND3_X2  | 0.053 |   3.067 |    2.368 | 
     | datapath/FE_RC_2091_0               | A1 v -> ZN ^ | NOR2_X2   | 0.120 |   3.187 |    2.487 | 
     | datapath/FE_RC_3067_0               | A1 ^ -> ZN ^ | OR2_X2    | 0.092 |   3.279 |    2.579 | 
     | datapath/FE_RC_3064_0               | B ^ -> ZN v  | OAI211_X2 | 0.082 |   3.361 |    2.661 | 
     | datapath/g19650                     | A2 v -> ZN ^ | NAND2_X4  | 0.080 |   3.440 |    2.741 | 
     | datapath/FE_OFC1013_IFID_takeBranch | A ^ -> Z ^   | BUF_X16   | 0.084 |   3.524 |    2.824 | 
     | g1513                               | A1 ^ -> ZN ^ | AND2_X4   | 0.139 |   3.663 |    2.964 | 
     | datapath/FE_OCPC870_IFID_flush      | A ^ -> Z ^   | BUF_X4    | 0.090 |   3.753 |    3.054 | 
     | datapath/g37523                     | A1 ^ -> ZN v | NOR2_X1   | 0.026 |   3.779 |    3.079 | 
     | datapath/IFID_instr_reg[7]          | D v          | DFFR_X1   | 0.000 |   3.779 |    3.079 | 
     +---------------------------------------------------------------------------------------------+ 
Path 19: VIOLATED Setup Check with Pin datapath/IFID_instr_reg[18]/CK 
Endpoint:   datapath/IFID_instr_reg[18]/D       (^) checked with  leading edge 
of 'clk'
Beginpoint: datapath/registers_RF_reg[24][15]/Q (v) triggered by trailing edge 
of 'clk'
Path Groups: {reg2reg}
Analysis View: WC_VIEW
Other End Arrival Time          0.543
- Setup                         0.081
+ Phase Shift                   2.800
+ CPPR Adjustment               0.000
- Uncertainty                   0.100
= Required Time                 3.162
- Arrival Time                  3.861
= Slack Time                   -0.699
     Clock Fall Edge                 1.400
     + Clock Network Latency (Prop)  0.340
     = Beginpoint Arrival Time       1.740
     +---------------------------------------------------------------------------------------------+ 
     |              Instance               |     Arc      |   Cell    | Delay | Arrival | Required | 
     |                                     |              |           |       |  Time   |   Time   | 
     |-------------------------------------+--------------+-----------+-------+---------+----------| 
     | datapath/registers_RF_reg[24][15]   | CK ^         |           |       |   1.740 |    1.040 | 
     | datapath/registers_RF_reg[24][15]   | CK ^ -> Q v  | SDFF_X1   | 0.277 |   2.016 |    1.317 | 
     | datapath/g3891                      | B2 v -> ZN ^ | AOI22_X1  | 0.188 |   2.204 |    1.505 | 
     | datapath/FE_RC_2540_0               | A1 ^ -> ZN ^ | AND2_X2   | 0.120 |   2.324 |    1.624 | 
     | datapath/FE_RC_2538_0               | A2 ^ -> ZN v | NAND2_X2  | 0.062 |   2.386 |    1.687 | 
     | datapath/FE_RC_843_0                | A1 v -> ZN ^ | NOR2_X2   | 0.093 |   2.479 |    1.780 | 
     | datapath/FE_RC_2981_0               | A1 ^ -> ZN v | NAND3_X1  | 0.095 |   2.574 |    1.874 | 
     | datapath/FE_RC_841_0                | A v -> ZN ^  | INV_X2    | 0.066 |   2.640 |    1.940 | 
     | datapath/g28102                     | B1 ^ -> ZN v | AOI21_X2  | 0.054 |   2.694 |    1.995 | 
     | datapath/g28048                     | A v -> ZN ^  | XNOR2_X1  | 0.116 |   2.810 |    2.110 | 
     | datapath/g27919                     | A4 ^ -> ZN v | NAND4_X1  | 0.122 |   2.932 |    2.232 | 
     | datapath/FE_RC_2094_0               | A v -> ZN ^  | INV_X2    | 0.082 |   3.014 |    2.315 | 
     | datapath/FE_RC_2305_0               | A1 ^ -> ZN v | NAND3_X2  | 0.053 |   3.067 |    2.368 | 
     | datapath/FE_RC_2091_0               | A1 v -> ZN ^ | NOR2_X2   | 0.120 |   3.187 |    2.488 | 
     | datapath/FE_RC_3065_0               | A1 ^ -> ZN v | NAND4_X1  | 0.107 |   3.294 |    2.594 | 
     | datapath/FE_RC_3064_0               | A v -> ZN ^  | OAI211_X2 | 0.105 |   3.399 |    2.700 | 
     | datapath/g19650                     | A2 ^ -> ZN v | NAND2_X4  | 0.072 |   3.471 |    2.771 | 
     | datapath/FE_OFC1013_IFID_takeBranch | A v -> Z v   | BUF_X16   | 0.089 |   3.560 |    2.860 | 
     | g1513                               | A1 v -> ZN v | AND2_X4   | 0.112 |   3.672 |    2.972 | 
     | datapath/FE_OCPC869_IFID_flush      | A v -> ZN ^  | INV_X8    | 0.070 |   3.742 |    3.043 | 
     | datapath/FE_OCPC873_IFID_flush      | A ^ -> ZN v  | INV_X8    | 0.038 |   3.780 |    3.080 | 
     | datapath/g37435                     | A1 v -> ZN ^ | NOR2_X1   | 0.082 |   3.861 |    3.162 | 
     | datapath/IFID_instr_reg[18]         | D ^          | DFFR_X1   | 0.000 |   3.861 |    3.162 | 
     +---------------------------------------------------------------------------------------------+ 
Path 20: VIOLATED Setup Check with Pin datapath/IFID_pc_reg[21]/CK 
Endpoint:   datapath/IFID_pc_reg[21]/D          (v) checked with  leading edge 
of 'clk'
Beginpoint: datapath/registers_RF_reg[24][15]/Q (v) triggered by trailing edge 
of 'clk'
Path Groups: {reg2reg}
Analysis View: WC_VIEW
Other End Arrival Time          0.543
- Setup                         0.137
+ Phase Shift                   2.800
+ CPPR Adjustment               0.000
- Uncertainty                   0.100
= Required Time                 3.106
- Arrival Time                  3.805
= Slack Time                   -0.699
     Clock Fall Edge                 1.400
     + Clock Network Latency (Prop)  0.340
     = Beginpoint Arrival Time       1.740
     +---------------------------------------------------------------------------------------------+ 
     |              Instance               |     Arc      |   Cell    | Delay | Arrival | Required | 
     |                                     |              |           |       |  Time   |   Time   | 
     |-------------------------------------+--------------+-----------+-------+---------+----------| 
     | datapath/registers_RF_reg[24][15]   | CK ^         |           |       |   1.740 |    1.040 | 
     | datapath/registers_RF_reg[24][15]   | CK ^ -> Q v  | SDFF_X1   | 0.277 |   2.016 |    1.317 | 
     | datapath/g3891                      | B2 v -> ZN ^ | AOI22_X1  | 0.188 |   2.204 |    1.505 | 
     | datapath/FE_RC_2540_0               | A1 ^ -> ZN ^ | AND2_X2   | 0.120 |   2.324 |    1.624 | 
     | datapath/FE_RC_2538_0               | A2 ^ -> ZN v | NAND2_X2  | 0.062 |   2.386 |    1.687 | 
     | datapath/FE_RC_843_0                | A1 v -> ZN ^ | NOR2_X2   | 0.093 |   2.479 |    1.780 | 
     | datapath/FE_RC_2981_0               | A1 ^ -> ZN v | NAND3_X1  | 0.095 |   2.574 |    1.875 | 
     | datapath/FE_RC_841_0                | A v -> ZN ^  | INV_X2    | 0.066 |   2.640 |    1.940 | 
     | datapath/g28102                     | B1 ^ -> ZN v | AOI21_X2  | 0.054 |   2.694 |    1.995 | 
     | datapath/g28048                     | A v -> ZN ^  | XNOR2_X1  | 0.116 |   2.810 |    2.111 | 
     | datapath/g27919                     | A4 ^ -> ZN v | NAND4_X1  | 0.122 |   2.932 |    2.232 | 
     | datapath/FE_RC_2094_0               | A v -> ZN ^  | INV_X2    | 0.082 |   3.014 |    2.315 | 
     | datapath/FE_RC_2305_0               | A1 ^ -> ZN v | NAND3_X2  | 0.053 |   3.067 |    2.368 | 
     | datapath/FE_RC_2091_0               | A1 v -> ZN ^ | NOR2_X2   | 0.120 |   3.187 |    2.488 | 
     | datapath/FE_RC_3067_0               | A1 ^ -> ZN ^ | OR2_X2    | 0.092 |   3.279 |    2.580 | 
     | datapath/FE_RC_3064_0               | B ^ -> ZN v  | OAI211_X2 | 0.082 |   3.361 |    2.661 | 
     | datapath/g19650                     | A2 v -> ZN ^ | NAND2_X4  | 0.080 |   3.440 |    2.741 | 
     | datapath/FE_OFC1013_IFID_takeBranch | A ^ -> Z ^   | BUF_X16   | 0.084 |   3.524 |    2.824 | 
     | g1513                               | A1 ^ -> ZN ^ | AND2_X4   | 0.139 |   3.663 |    2.964 | 
     | datapath/FE_OCPC869_IFID_flush      | A ^ -> ZN v  | INV_X8    | 0.046 |   3.710 |    3.010 | 
     | datapath/FE_OCPC872_IFID_flush      | A v -> ZN ^  | INV_X16   | 0.065 |   3.775 |    3.076 | 
     | datapath/g37511                     | A1 ^ -> ZN v | NOR2_X1   | 0.030 |   3.805 |    3.106 | 
     | datapath/IFID_pc_reg[21]            | D v          | DFFR_X1   | 0.000 |   3.805 |    3.106 | 
     +---------------------------------------------------------------------------------------------+ 
Path 21: VIOLATED Setup Check with Pin datapath/IFID_instr_reg[10]/CK 
Endpoint:   datapath/IFID_instr_reg[10]/D       (v) checked with  leading edge 
of 'clk'
Beginpoint: datapath/registers_RF_reg[24][15]/Q (v) triggered by trailing edge 
of 'clk'
Path Groups: {reg2reg}
Analysis View: WC_VIEW
Other End Arrival Time          0.526
- Setup                         0.147
+ Phase Shift                   2.800
+ CPPR Adjustment               0.000
- Uncertainty                   0.100
= Required Time                 3.079
- Arrival Time                  3.779
= Slack Time                   -0.699
     Clock Fall Edge                 1.400
     + Clock Network Latency (Prop)  0.340
     = Beginpoint Arrival Time       1.740
     +---------------------------------------------------------------------------------------------+ 
     |              Instance               |     Arc      |   Cell    | Delay | Arrival | Required | 
     |                                     |              |           |       |  Time   |   Time   | 
     |-------------------------------------+--------------+-----------+-------+---------+----------| 
     | datapath/registers_RF_reg[24][15]   | CK ^         |           |       |   1.740 |    1.040 | 
     | datapath/registers_RF_reg[24][15]   | CK ^ -> Q v  | SDFF_X1   | 0.277 |   2.016 |    1.317 | 
     | datapath/g3891                      | B2 v -> ZN ^ | AOI22_X1  | 0.188 |   2.204 |    1.505 | 
     | datapath/FE_RC_2540_0               | A1 ^ -> ZN ^ | AND2_X2   | 0.120 |   2.324 |    1.625 | 
     | datapath/FE_RC_2538_0               | A2 ^ -> ZN v | NAND2_X2  | 0.062 |   2.386 |    1.687 | 
     | datapath/FE_RC_843_0                | A1 v -> ZN ^ | NOR2_X2   | 0.093 |   2.479 |    1.780 | 
     | datapath/FE_RC_2981_0               | A1 ^ -> ZN v | NAND3_X1  | 0.095 |   2.574 |    1.875 | 
     | datapath/FE_RC_841_0                | A v -> ZN ^  | INV_X2    | 0.066 |   2.640 |    1.940 | 
     | datapath/g28102                     | B1 ^ -> ZN v | AOI21_X2  | 0.054 |   2.694 |    1.995 | 
     | datapath/g28048                     | A v -> ZN ^  | XNOR2_X1  | 0.116 |   2.810 |    2.111 | 
     | datapath/g27919                     | A4 ^ -> ZN v | NAND4_X1  | 0.122 |   2.932 |    2.232 | 
     | datapath/FE_RC_2094_0               | A v -> ZN ^  | INV_X2    | 0.082 |   3.014 |    2.315 | 
     | datapath/FE_RC_2305_0               | A1 ^ -> ZN v | NAND3_X2  | 0.053 |   3.067 |    2.368 | 
     | datapath/FE_RC_2091_0               | A1 v -> ZN ^ | NOR2_X2   | 0.120 |   3.187 |    2.488 | 
     | datapath/FE_RC_3067_0               | A1 ^ -> ZN ^ | OR2_X2    | 0.092 |   3.279 |    2.580 | 
     | datapath/FE_RC_3064_0               | B ^ -> ZN v  | OAI211_X2 | 0.082 |   3.361 |    2.661 | 
     | datapath/g19650                     | A2 v -> ZN ^ | NAND2_X4  | 0.080 |   3.440 |    2.741 | 
     | datapath/FE_OFC1013_IFID_takeBranch | A ^ -> Z ^   | BUF_X16   | 0.084 |   3.524 |    2.825 | 
     | g1513                               | A1 ^ -> ZN ^ | AND2_X4   | 0.139 |   3.663 |    2.964 | 
     | datapath/FE_OCPC870_IFID_flush      | A ^ -> Z ^   | BUF_X4    | 0.090 |   3.753 |    3.054 | 
     | datapath/g37449                     | A1 ^ -> ZN v | NOR2_X1   | 0.025 |   3.779 |    3.079 | 
     | datapath/IFID_instr_reg[10]         | D v          | DFFR_X1   | 0.000 |   3.779 |    3.079 | 
     +---------------------------------------------------------------------------------------------+ 
Path 22: VIOLATED Setup Check with Pin datapath/IFID_pc_reg[20]/CK 
Endpoint:   datapath/IFID_pc_reg[20]/D          (v) checked with  leading edge 
of 'clk'
Beginpoint: datapath/registers_RF_reg[24][15]/Q (v) triggered by trailing edge 
of 'clk'
Path Groups: {reg2reg}
Analysis View: WC_VIEW
Other End Arrival Time          0.546
- Setup                         0.140
+ Phase Shift                   2.800
+ CPPR Adjustment               0.000
- Uncertainty                   0.100
= Required Time                 3.106
- Arrival Time                  3.804
= Slack Time                   -0.698
     Clock Fall Edge                 1.400
     + Clock Network Latency (Prop)  0.340
     = Beginpoint Arrival Time       1.740
     +---------------------------------------------------------------------------------------------+ 
     |              Instance               |     Arc      |   Cell    | Delay | Arrival | Required | 
     |                                     |              |           |       |  Time   |   Time   | 
     |-------------------------------------+--------------+-----------+-------+---------+----------| 
     | datapath/registers_RF_reg[24][15]   | CK ^         |           |       |   1.740 |    1.041 | 
     | datapath/registers_RF_reg[24][15]   | CK ^ -> Q v  | SDFF_X1   | 0.277 |   2.016 |    1.318 | 
     | datapath/g3891                      | B2 v -> ZN ^ | AOI22_X1  | 0.188 |   2.204 |    1.506 | 
     | datapath/FE_RC_2540_0               | A1 ^ -> ZN ^ | AND2_X2   | 0.120 |   2.324 |    1.625 | 
     | datapath/FE_RC_2538_0               | A2 ^ -> ZN v | NAND2_X2  | 0.062 |   2.386 |    1.688 | 
     | datapath/FE_RC_843_0                | A1 v -> ZN ^ | NOR2_X2   | 0.093 |   2.479 |    1.781 | 
     | datapath/FE_RC_2981_0               | A1 ^ -> ZN v | NAND3_X1  | 0.095 |   2.574 |    1.876 | 
     | datapath/FE_RC_841_0                | A v -> ZN ^  | INV_X2    | 0.066 |   2.640 |    1.941 | 
     | datapath/g28102                     | B1 ^ -> ZN v | AOI21_X2  | 0.054 |   2.694 |    1.996 | 
     | datapath/g28048                     | A v -> ZN ^  | XNOR2_X1  | 0.116 |   2.810 |    2.112 | 
     | datapath/g27919                     | A4 ^ -> ZN v | NAND4_X1  | 0.122 |   2.932 |    2.233 | 
     | datapath/FE_RC_2094_0               | A v -> ZN ^  | INV_X2    | 0.082 |   3.014 |    2.316 | 
     | datapath/FE_RC_2305_0               | A1 ^ -> ZN v | NAND3_X2  | 0.053 |   3.067 |    2.369 | 
     | datapath/FE_RC_2091_0               | A1 v -> ZN ^ | NOR2_X2   | 0.120 |   3.187 |    2.489 | 
     | datapath/FE_RC_3067_0               | A1 ^ -> ZN ^ | OR2_X2    | 0.092 |   3.279 |    2.581 | 
     | datapath/FE_RC_3064_0               | B ^ -> ZN v  | OAI211_X2 | 0.082 |   3.361 |    2.662 | 
     | datapath/g19650                     | A2 v -> ZN ^ | NAND2_X4  | 0.080 |   3.440 |    2.742 | 
     | datapath/FE_OFC1013_IFID_takeBranch | A ^ -> Z ^   | BUF_X16   | 0.084 |   3.524 |    2.825 | 
     | g1513                               | A1 ^ -> ZN ^ | AND2_X4   | 0.139 |   3.663 |    2.965 | 
     | datapath/FE_OCPC869_IFID_flush      | A ^ -> ZN v  | INV_X8    | 0.046 |   3.710 |    3.011 | 
     | datapath/FE_OCPC872_IFID_flush      | A v -> ZN ^  | INV_X16   | 0.065 |   3.775 |    3.077 | 
     | datapath/g37445                     | A1 ^ -> ZN v | NOR2_X2   | 0.029 |   3.804 |    3.106 | 
     | datapath/IFID_pc_reg[20]            | D v          | DFFR_X1   | 0.000 |   3.804 |    3.106 | 
     +---------------------------------------------------------------------------------------------+ 
Path 23: VIOLATED Setup Check with Pin datapath/IFID_instr_reg[19]/CK 
Endpoint:   datapath/IFID_instr_reg[19]/D       (^) checked with  leading edge 
of 'clk'
Beginpoint: datapath/registers_RF_reg[24][15]/Q (v) triggered by trailing edge 
of 'clk'
Path Groups: {reg2reg}
Analysis View: WC_VIEW
Other End Arrival Time          0.543
- Setup                         0.081
+ Phase Shift                   2.800
+ CPPR Adjustment               0.000
- Uncertainty                   0.100
= Required Time                 3.162
- Arrival Time                  3.860
= Slack Time                   -0.698
     Clock Fall Edge                 1.400
     + Clock Network Latency (Prop)  0.340
     = Beginpoint Arrival Time       1.740
     +---------------------------------------------------------------------------------------------+ 
     |              Instance               |     Arc      |   Cell    | Delay | Arrival | Required | 
     |                                     |              |           |       |  Time   |   Time   | 
     |-------------------------------------+--------------+-----------+-------+---------+----------| 
     | datapath/registers_RF_reg[24][15]   | CK ^         |           |       |   1.740 |    1.041 | 
     | datapath/registers_RF_reg[24][15]   | CK ^ -> Q v  | SDFF_X1   | 0.277 |   2.016 |    1.318 | 
     | datapath/g3891                      | B2 v -> ZN ^ | AOI22_X1  | 0.188 |   2.204 |    1.506 | 
     | datapath/FE_RC_2540_0               | A1 ^ -> ZN ^ | AND2_X2   | 0.120 |   2.324 |    1.626 | 
     | datapath/FE_RC_2538_0               | A2 ^ -> ZN v | NAND2_X2  | 0.062 |   2.386 |    1.688 | 
     | datapath/FE_RC_843_0                | A1 v -> ZN ^ | NOR2_X2   | 0.093 |   2.479 |    1.781 | 
     | datapath/FE_RC_2981_0               | A1 ^ -> ZN v | NAND3_X1  | 0.095 |   2.574 |    1.876 | 
     | datapath/FE_RC_841_0                | A v -> ZN ^  | INV_X2    | 0.066 |   2.640 |    1.941 | 
     | datapath/g28102                     | B1 ^ -> ZN v | AOI21_X2  | 0.054 |   2.694 |    1.996 | 
     | datapath/g28048                     | A v -> ZN ^  | XNOR2_X1  | 0.116 |   2.810 |    2.112 | 
     | datapath/g27919                     | A4 ^ -> ZN v | NAND4_X1  | 0.122 |   2.932 |    2.233 | 
     | datapath/FE_RC_2094_0               | A v -> ZN ^  | INV_X2    | 0.082 |   3.014 |    2.316 | 
     | datapath/FE_RC_2305_0               | A1 ^ -> ZN v | NAND3_X2  | 0.053 |   3.067 |    2.369 | 
     | datapath/FE_RC_2091_0               | A1 v -> ZN ^ | NOR2_X2   | 0.120 |   3.187 |    2.489 | 
     | datapath/FE_RC_3065_0               | A1 ^ -> ZN v | NAND4_X1  | 0.107 |   3.294 |    2.596 | 
     | datapath/FE_RC_3064_0               | A v -> ZN ^  | OAI211_X2 | 0.105 |   3.399 |    2.701 | 
     | datapath/g19650                     | A2 ^ -> ZN v | NAND2_X4  | 0.072 |   3.471 |    2.773 | 
     | datapath/FE_OFC1013_IFID_takeBranch | A v -> Z v   | BUF_X16   | 0.089 |   3.560 |    2.862 | 
     | g1513                               | A1 v -> ZN v | AND2_X4   | 0.112 |   3.672 |    2.974 | 
     | datapath/FE_OCPC869_IFID_flush      | A v -> ZN ^  | INV_X8    | 0.070 |   3.742 |    3.044 | 
     | datapath/FE_OCPC873_IFID_flush      | A ^ -> ZN v  | INV_X8    | 0.038 |   3.780 |    3.081 | 
     | datapath/g37434                     | A1 v -> ZN ^ | NOR2_X1   | 0.080 |   3.860 |    3.162 | 
     | datapath/IFID_instr_reg[19]         | D ^          | DFFR_X1   | 0.000 |   3.860 |    3.162 | 
     +---------------------------------------------------------------------------------------------+ 
Path 24: VIOLATED Setup Check with Pin datapath/IFID_instr_reg[1]/CK 
Endpoint:   datapath/IFID_instr_reg[1]/D        (^) checked with  leading edge 
of 'clk'
Beginpoint: datapath/registers_RF_reg[24][15]/Q (v) triggered by trailing edge 
of 'clk'
Path Groups: {reg2reg}
Analysis View: WC_VIEW
Other End Arrival Time          0.526
- Setup                         0.087
+ Phase Shift                   2.800
+ CPPR Adjustment               0.000
- Uncertainty                   0.100
= Required Time                 3.140
- Arrival Time                  3.837
= Slack Time                   -0.698
     Clock Fall Edge                 1.400
     + Clock Network Latency (Prop)  0.340
     = Beginpoint Arrival Time       1.740
     +---------------------------------------------------------------------------------------------+ 
     |              Instance               |     Arc      |   Cell    | Delay | Arrival | Required | 
     |                                     |              |           |       |  Time   |   Time   | 
     |-------------------------------------+--------------+-----------+-------+---------+----------| 
     | datapath/registers_RF_reg[24][15]   | CK ^         |           |       |   1.740 |    1.042 | 
     | datapath/registers_RF_reg[24][15]   | CK ^ -> Q v  | SDFF_X1   | 0.277 |   2.016 |    1.319 | 
     | datapath/g3891                      | B2 v -> ZN ^ | AOI22_X1  | 0.188 |   2.204 |    1.506 | 
     | datapath/FE_RC_2540_0               | A1 ^ -> ZN ^ | AND2_X2   | 0.120 |   2.324 |    1.626 | 
     | datapath/FE_RC_2538_0               | A2 ^ -> ZN v | NAND2_X2  | 0.062 |   2.386 |    1.688 | 
     | datapath/FE_RC_843_0                | A1 v -> ZN ^ | NOR2_X2   | 0.093 |   2.479 |    1.782 | 
     | datapath/FE_RC_2981_0               | A1 ^ -> ZN v | NAND3_X1  | 0.095 |   2.574 |    1.876 | 
     | datapath/FE_RC_841_0                | A v -> ZN ^  | INV_X2    | 0.066 |   2.640 |    1.942 | 
     | datapath/g28102                     | B1 ^ -> ZN v | AOI21_X2  | 0.054 |   2.694 |    1.996 | 
     | datapath/g28048                     | A v -> ZN ^  | XNOR2_X1  | 0.116 |   2.810 |    2.112 | 
     | datapath/g27919                     | A4 ^ -> ZN v | NAND4_X1  | 0.122 |   2.932 |    2.234 | 
     | datapath/FE_RC_2094_0               | A v -> ZN ^  | INV_X2    | 0.082 |   3.014 |    2.317 | 
     | datapath/FE_RC_2305_0               | A1 ^ -> ZN v | NAND3_X2  | 0.053 |   3.067 |    2.370 | 
     | datapath/FE_RC_2091_0               | A1 v -> ZN ^ | NOR2_X2   | 0.120 |   3.187 |    2.489 | 
     | datapath/FE_RC_3065_0               | A1 ^ -> ZN v | NAND4_X1  | 0.107 |   3.294 |    2.596 | 
     | datapath/FE_RC_3064_0               | A v -> ZN ^  | OAI211_X2 | 0.105 |   3.399 |    2.701 | 
     | datapath/g19650                     | A2 ^ -> ZN v | NAND2_X4  | 0.072 |   3.471 |    2.773 | 
     | datapath/FE_OFC1013_IFID_takeBranch | A v -> Z v   | BUF_X16   | 0.089 |   3.560 |    2.862 | 
     | g1513                               | A1 v -> ZN v | AND2_X4   | 0.112 |   3.672 |    2.974 | 
     | datapath/FE_OCPC1057_IFID_flush     | A v -> Z v   | BUF_X4    | 0.086 |   3.758 |    3.060 | 
     | datapath/g37440                     | A1 v -> ZN ^ | NOR2_X1   | 0.079 |   3.837 |    3.140 | 
     | datapath/IFID_instr_reg[1]          | D ^          | DFFR_X1   | 0.000 |   3.837 |    3.140 | 
     +---------------------------------------------------------------------------------------------+ 
Path 25: VIOLATED Setup Check with Pin datapath/IFID_instr_reg[5]/CK 
Endpoint:   datapath/IFID_instr_reg[5]/D        (^) checked with  leading edge 
of 'clk'
Beginpoint: datapath/registers_RF_reg[24][15]/Q (v) triggered by trailing edge 
of 'clk'
Path Groups: {reg2reg}
Analysis View: WC_VIEW
Other End Arrival Time          0.526
- Setup                         0.086
+ Phase Shift                   2.800
+ CPPR Adjustment               0.000
- Uncertainty                   0.100
= Required Time                 3.140
- Arrival Time                  3.837
= Slack Time                   -0.697
     Clock Fall Edge                 1.400
     + Clock Network Latency (Prop)  0.340
     = Beginpoint Arrival Time       1.740
     +---------------------------------------------------------------------------------------------+ 
     |              Instance               |     Arc      |   Cell    | Delay | Arrival | Required | 
     |                                     |              |           |       |  Time   |   Time   | 
     |-------------------------------------+--------------+-----------+-------+---------+----------| 
     | datapath/registers_RF_reg[24][15]   | CK ^         |           |       |   1.740 |    1.042 | 
     | datapath/registers_RF_reg[24][15]   | CK ^ -> Q v  | SDFF_X1   | 0.277 |   2.016 |    1.319 | 
     | datapath/g3891                      | B2 v -> ZN ^ | AOI22_X1  | 0.188 |   2.204 |    1.507 | 
     | datapath/FE_RC_2540_0               | A1 ^ -> ZN ^ | AND2_X2   | 0.120 |   2.324 |    1.626 | 
     | datapath/FE_RC_2538_0               | A2 ^ -> ZN v | NAND2_X2  | 0.062 |   2.386 |    1.689 | 
     | datapath/FE_RC_843_0                | A1 v -> ZN ^ | NOR2_X2   | 0.093 |   2.479 |    1.782 | 
     | datapath/FE_RC_2981_0               | A1 ^ -> ZN v | NAND3_X1  | 0.095 |   2.574 |    1.876 | 
     | datapath/FE_RC_841_0                | A v -> ZN ^  | INV_X2    | 0.066 |   2.640 |    1.942 | 
     | datapath/g28102                     | B1 ^ -> ZN v | AOI21_X2  | 0.054 |   2.694 |    1.997 | 
     | datapath/g28048                     | A v -> ZN ^  | XNOR2_X1  | 0.116 |   2.810 |    2.112 | 
     | datapath/g27919                     | A4 ^ -> ZN v | NAND4_X1  | 0.122 |   2.932 |    2.234 | 
     | datapath/FE_RC_2094_0               | A v -> ZN ^  | INV_X2    | 0.082 |   3.014 |    2.317 | 
     | datapath/FE_RC_2305_0               | A1 ^ -> ZN v | NAND3_X2  | 0.053 |   3.067 |    2.370 | 
     | datapath/FE_RC_2091_0               | A1 v -> ZN ^ | NOR2_X2   | 0.120 |   3.187 |    2.490 | 
     | datapath/FE_RC_3065_0               | A1 ^ -> ZN v | NAND4_X1  | 0.107 |   3.294 |    2.596 | 
     | datapath/FE_RC_3064_0               | A v -> ZN ^  | OAI211_X2 | 0.105 |   3.399 |    2.702 | 
     | datapath/g19650                     | A2 ^ -> ZN v | NAND2_X4  | 0.072 |   3.471 |    2.773 | 
     | datapath/FE_OFC1013_IFID_takeBranch | A v -> Z v   | BUF_X16   | 0.089 |   3.560 |    2.862 | 
     | g1513                               | A1 v -> ZN v | AND2_X4   | 0.112 |   3.672 |    2.974 | 
     | datapath/FE_OCPC1057_IFID_flush     | A v -> Z v   | BUF_X4    | 0.086 |   3.758 |    3.060 | 
     | datapath/g37441                     | A1 v -> ZN ^ | NOR2_X1   | 0.079 |   3.837 |    3.140 | 
     | datapath/IFID_instr_reg[5]          | D ^          | DFFR_X1   | 0.000 |   3.837 |    3.140 | 
     +---------------------------------------------------------------------------------------------+ 
Path 26: VIOLATED Setup Check with Pin datapath/IFID_instr_reg[2]/CK 
Endpoint:   datapath/IFID_instr_reg[2]/D        (^) checked with  leading edge 
of 'clk'
Beginpoint: datapath/registers_RF_reg[24][15]/Q (v) triggered by trailing edge 
of 'clk'
Path Groups: {reg2reg}
Analysis View: WC_VIEW
Other End Arrival Time          0.531
- Setup                         0.087
+ Phase Shift                   2.800
+ CPPR Adjustment               0.000
- Uncertainty                   0.100
= Required Time                 3.144
- Arrival Time                  3.841
= Slack Time                   -0.697
     Clock Fall Edge                 1.400
     + Clock Network Latency (Prop)  0.340
     = Beginpoint Arrival Time       1.740
     +---------------------------------------------------------------------------------------------+ 
     |              Instance               |     Arc      |   Cell    | Delay | Arrival | Required | 
     |                                     |              |           |       |  Time   |   Time   | 
     |-------------------------------------+--------------+-----------+-------+---------+----------| 
     | datapath/registers_RF_reg[24][15]   | CK ^         |           |       |   1.740 |    1.043 | 
     | datapath/registers_RF_reg[24][15]   | CK ^ -> Q v  | SDFF_X1   | 0.277 |   2.016 |    1.319 | 
     | datapath/g3891                      | B2 v -> ZN ^ | AOI22_X1  | 0.188 |   2.204 |    1.507 | 
     | datapath/FE_RC_2540_0               | A1 ^ -> ZN ^ | AND2_X2   | 0.120 |   2.324 |    1.627 | 
     | datapath/FE_RC_2538_0               | A2 ^ -> ZN v | NAND2_X2  | 0.062 |   2.386 |    1.689 | 
     | datapath/FE_RC_843_0                | A1 v -> ZN ^ | NOR2_X2   | 0.093 |   2.479 |    1.782 | 
     | datapath/FE_RC_2981_0               | A1 ^ -> ZN v | NAND3_X1  | 0.095 |   2.574 |    1.877 | 
     | datapath/FE_RC_841_0                | A v -> ZN ^  | INV_X2    | 0.066 |   2.640 |    1.943 | 
     | datapath/g28102                     | B1 ^ -> ZN v | AOI21_X2  | 0.054 |   2.694 |    1.997 | 
     | datapath/g28048                     | A v -> ZN ^  | XNOR2_X1  | 0.116 |   2.810 |    2.113 | 
     | datapath/g27919                     | A4 ^ -> ZN v | NAND4_X1  | 0.122 |   2.932 |    2.235 | 
     | datapath/FE_RC_2094_0               | A v -> ZN ^  | INV_X2    | 0.082 |   3.014 |    2.317 | 
     | datapath/FE_RC_2305_0               | A1 ^ -> ZN v | NAND3_X2  | 0.053 |   3.067 |    2.370 | 
     | datapath/FE_RC_2091_0               | A1 v -> ZN ^ | NOR2_X2   | 0.120 |   3.187 |    2.490 | 
     | datapath/FE_RC_3065_0               | A1 ^ -> ZN v | NAND4_X1  | 0.107 |   3.294 |    2.597 | 
     | datapath/FE_RC_3064_0               | A v -> ZN ^  | OAI211_X2 | 0.105 |   3.399 |    2.702 | 
     | datapath/g19650                     | A2 ^ -> ZN v | NAND2_X4  | 0.072 |   3.471 |    2.774 | 
     | datapath/FE_OFC1013_IFID_takeBranch | A v -> Z v   | BUF_X16   | 0.089 |   3.560 |    2.863 | 
     | g1513                               | A1 v -> ZN v | AND2_X4   | 0.112 |   3.672 |    2.975 | 
     | datapath/FE_OCPC1057_IFID_flush     | A v -> Z v   | BUF_X4    | 0.086 |   3.758 |    3.061 | 
     | datapath/g37443                     | A1 v -> ZN ^ | NOR2_X1   | 0.083 |   3.841 |    3.144 | 
     | datapath/IFID_instr_reg[2]          | D ^          | DFFR_X1   | 0.000 |   3.841 |    3.144 | 
     +---------------------------------------------------------------------------------------------+ 
Path 27: VIOLATED Setup Check with Pin datapath/IFID_instr_reg[20]/CK 
Endpoint:   datapath/IFID_instr_reg[20]/D       (^) checked with  leading edge 
of 'clk'
Beginpoint: datapath/registers_RF_reg[24][15]/Q (v) triggered by trailing edge 
of 'clk'
Path Groups: {reg2reg}
Analysis View: WC_VIEW
Other End Arrival Time          0.543
- Setup                         0.081
+ Phase Shift                   2.800
+ CPPR Adjustment               0.000
- Uncertainty                   0.100
= Required Time                 3.162
- Arrival Time                  3.859
= Slack Time                   -0.696
     Clock Fall Edge                 1.400
     + Clock Network Latency (Prop)  0.340
     = Beginpoint Arrival Time       1.740
     +---------------------------------------------------------------------------------------------+ 
     |              Instance               |     Arc      |   Cell    | Delay | Arrival | Required | 
     |                                     |              |           |       |  Time   |   Time   | 
     |-------------------------------------+--------------+-----------+-------+---------+----------| 
     | datapath/registers_RF_reg[24][15]   | CK ^         |           |       |   1.740 |    1.043 | 
     | datapath/registers_RF_reg[24][15]   | CK ^ -> Q v  | SDFF_X1   | 0.277 |   2.016 |    1.320 | 
     | datapath/g3891                      | B2 v -> ZN ^ | AOI22_X1  | 0.188 |   2.204 |    1.508 | 
     | datapath/FE_RC_2540_0               | A1 ^ -> ZN ^ | AND2_X2   | 0.120 |   2.324 |    1.627 | 
     | datapath/FE_RC_2538_0               | A2 ^ -> ZN v | NAND2_X2  | 0.062 |   2.386 |    1.690 | 
     | datapath/FE_RC_843_0                | A1 v -> ZN ^ | NOR2_X2   | 0.093 |   2.479 |    1.783 | 
     | datapath/FE_RC_2981_0               | A1 ^ -> ZN v | NAND3_X1  | 0.095 |   2.574 |    1.878 | 
     | datapath/FE_RC_841_0                | A v -> ZN ^  | INV_X2    | 0.066 |   2.640 |    1.943 | 
     | datapath/g28102                     | B1 ^ -> ZN v | AOI21_X2  | 0.054 |   2.694 |    1.998 | 
     | datapath/g28048                     | A v -> ZN ^  | XNOR2_X1  | 0.116 |   2.810 |    2.114 | 
     | datapath/g27919                     | A4 ^ -> ZN v | NAND4_X1  | 0.122 |   2.932 |    2.235 | 
     | datapath/FE_RC_2094_0               | A v -> ZN ^  | INV_X2    | 0.082 |   3.014 |    2.318 | 
     | datapath/FE_RC_2305_0               | A1 ^ -> ZN v | NAND3_X2  | 0.053 |   3.067 |    2.371 | 
     | datapath/FE_RC_2091_0               | A1 v -> ZN ^ | NOR2_X2   | 0.120 |   3.187 |    2.491 | 
     | datapath/FE_RC_3065_0               | A1 ^ -> ZN v | NAND4_X1  | 0.107 |   3.294 |    2.598 | 
     | datapath/FE_RC_3064_0               | A v -> ZN ^  | OAI211_X2 | 0.105 |   3.399 |    2.703 | 
     | datapath/g19650                     | A2 ^ -> ZN v | NAND2_X4  | 0.072 |   3.471 |    2.774 | 
     | datapath/FE_OFC1013_IFID_takeBranch | A v -> Z v   | BUF_X16   | 0.089 |   3.560 |    2.863 | 
     | g1513                               | A1 v -> ZN v | AND2_X4   | 0.112 |   3.672 |    2.975 | 
     | datapath/FE_OCPC869_IFID_flush      | A v -> ZN ^  | INV_X8    | 0.070 |   3.742 |    3.046 | 
     | datapath/FE_OCPC873_IFID_flush      | A ^ -> ZN v  | INV_X8    | 0.038 |   3.780 |    3.083 | 
     | datapath/g37433                     | A1 v -> ZN ^ | NOR2_X1   | 0.079 |   3.859 |    3.162 | 
     | datapath/IFID_instr_reg[20]         | D ^          | DFFR_X1   | 0.000 |   3.859 |    3.162 | 
     +---------------------------------------------------------------------------------------------+ 
Path 28: VIOLATED Setup Check with Pin datapath/IFID_pc_reg[18]/CK 
Endpoint:   datapath/IFID_pc_reg[18]/D          (v) checked with  leading edge 
of 'clk'
Beginpoint: datapath/registers_RF_reg[24][15]/Q (v) triggered by trailing edge 
of 'clk'
Path Groups: {reg2reg}
Analysis View: WC_VIEW
Other End Arrival Time          0.546
- Setup                         0.137
+ Phase Shift                   2.800
+ CPPR Adjustment               0.000
- Uncertainty                   0.100
= Required Time                 3.108
- Arrival Time                  3.804
= Slack Time                   -0.696
     Clock Fall Edge                 1.400
     + Clock Network Latency (Prop)  0.340
     = Beginpoint Arrival Time       1.740
     +---------------------------------------------------------------------------------------------+ 
     |              Instance               |     Arc      |   Cell    | Delay | Arrival | Required | 
     |                                     |              |           |       |  Time   |   Time   | 
     |-------------------------------------+--------------+-----------+-------+---------+----------| 
     | datapath/registers_RF_reg[24][15]   | CK ^         |           |       |   1.740 |    1.044 | 
     | datapath/registers_RF_reg[24][15]   | CK ^ -> Q v  | SDFF_X1   | 0.277 |   2.016 |    1.321 | 
     | datapath/g3891                      | B2 v -> ZN ^ | AOI22_X1  | 0.188 |   2.204 |    1.508 | 
     | datapath/FE_RC_2540_0               | A1 ^ -> ZN ^ | AND2_X2   | 0.120 |   2.324 |    1.628 | 
     | datapath/FE_RC_2538_0               | A2 ^ -> ZN v | NAND2_X2  | 0.062 |   2.386 |    1.690 | 
     | datapath/FE_RC_843_0                | A1 v -> ZN ^ | NOR2_X2   | 0.093 |   2.479 |    1.784 | 
     | datapath/FE_RC_2981_0               | A1 ^ -> ZN v | NAND3_X1  | 0.095 |   2.574 |    1.878 | 
     | datapath/FE_RC_841_0                | A v -> ZN ^  | INV_X2    | 0.066 |   2.640 |    1.944 | 
     | datapath/g28102                     | B1 ^ -> ZN v | AOI21_X2  | 0.054 |   2.694 |    1.998 | 
     | datapath/g28048                     | A v -> ZN ^  | XNOR2_X1  | 0.116 |   2.810 |    2.114 | 
     | datapath/g27919                     | A4 ^ -> ZN v | NAND4_X1  | 0.122 |   2.932 |    2.236 | 
     | datapath/FE_RC_2094_0               | A v -> ZN ^  | INV_X2    | 0.082 |   3.014 |    2.319 | 
     | datapath/FE_RC_2305_0               | A1 ^ -> ZN v | NAND3_X2  | 0.053 |   3.067 |    2.372 | 
     | datapath/FE_RC_2091_0               | A1 v -> ZN ^ | NOR2_X2   | 0.120 |   3.187 |    2.491 | 
     | datapath/FE_RC_3067_0               | A1 ^ -> ZN ^ | OR2_X2    | 0.092 |   3.279 |    2.583 | 
     | datapath/FE_RC_3064_0               | B ^ -> ZN v  | OAI211_X2 | 0.082 |   3.361 |    2.665 | 
     | datapath/g19650                     | A2 v -> ZN ^ | NAND2_X4  | 0.080 |   3.440 |    2.745 | 
     | datapath/FE_OFC1013_IFID_takeBranch | A ^ -> Z ^   | BUF_X16   | 0.084 |   3.524 |    2.828 | 
     | g1513                               | A1 ^ -> ZN ^ | AND2_X4   | 0.139 |   3.663 |    2.968 | 
     | datapath/FE_OCPC869_IFID_flush      | A ^ -> ZN v  | INV_X8    | 0.046 |   3.710 |    3.014 | 
     | datapath/FE_OCPC872_IFID_flush      | A v -> ZN ^  | INV_X16   | 0.065 |   3.775 |    3.079 | 
     | datapath/g37508                     | A1 ^ -> ZN v | NOR2_X1   | 0.029 |   3.804 |    3.108 | 
     | datapath/IFID_pc_reg[18]            | D v          | DFFR_X1   | 0.000 |   3.804 |    3.108 | 
     +---------------------------------------------------------------------------------------------+ 
Path 29: VIOLATED Setup Check with Pin datapath/IFID_pc_reg[1]/CK 
Endpoint:   datapath/IFID_pc_reg[1]/D           (^) checked with  leading edge 
of 'clk'
Beginpoint: datapath/registers_RF_reg[24][15]/Q (v) triggered by trailing edge 
of 'clk'
Path Groups: {reg2reg}
Analysis View: WC_VIEW
Other End Arrival Time          0.531
- Setup                         0.087
+ Phase Shift                   2.800
+ CPPR Adjustment               0.000
- Uncertainty                   0.100
= Required Time                 3.144
- Arrival Time                  3.839
= Slack Time                   -0.695
     Clock Fall Edge                 1.400
     + Clock Network Latency (Prop)  0.340
     = Beginpoint Arrival Time       1.740
     +---------------------------------------------------------------------------------------------+ 
     |              Instance               |     Arc      |   Cell    | Delay | Arrival | Required | 
     |                                     |              |           |       |  Time   |   Time   | 
     |-------------------------------------+--------------+-----------+-------+---------+----------| 
     | datapath/registers_RF_reg[24][15]   | CK ^         |           |       |   1.740 |    1.045 | 
     | datapath/registers_RF_reg[24][15]   | CK ^ -> Q v  | SDFF_X1   | 0.277 |   2.016 |    1.321 | 
     | datapath/g3891                      | B2 v -> ZN ^ | AOI22_X1  | 0.188 |   2.204 |    1.509 | 
     | datapath/FE_RC_2540_0               | A1 ^ -> ZN ^ | AND2_X2   | 0.120 |   2.324 |    1.629 | 
     | datapath/FE_RC_2538_0               | A2 ^ -> ZN v | NAND2_X2  | 0.062 |   2.386 |    1.691 | 
     | datapath/FE_RC_843_0                | A1 v -> ZN ^ | NOR2_X2   | 0.093 |   2.479 |    1.784 | 
     | datapath/FE_RC_2981_0               | A1 ^ -> ZN v | NAND3_X1  | 0.095 |   2.574 |    1.879 | 
     | datapath/FE_RC_841_0                | A v -> ZN ^  | INV_X2    | 0.066 |   2.640 |    1.945 | 
     | datapath/g28102                     | B1 ^ -> ZN v | AOI21_X2  | 0.054 |   2.694 |    1.999 | 
     | datapath/g28048                     | A v -> ZN ^  | XNOR2_X1  | 0.116 |   2.810 |    2.115 | 
     | datapath/g27919                     | A4 ^ -> ZN v | NAND4_X1  | 0.122 |   2.932 |    2.237 | 
     | datapath/FE_RC_2094_0               | A v -> ZN ^  | INV_X2    | 0.082 |   3.014 |    2.319 | 
     | datapath/FE_RC_2305_0               | A1 ^ -> ZN v | NAND3_X2  | 0.053 |   3.067 |    2.373 | 
     | datapath/FE_RC_2091_0               | A1 v -> ZN ^ | NOR2_X2   | 0.120 |   3.187 |    2.492 | 
     | datapath/FE_RC_3065_0               | A1 ^ -> ZN v | NAND4_X1  | 0.107 |   3.294 |    2.599 | 
     | datapath/FE_RC_3064_0               | A v -> ZN ^  | OAI211_X2 | 0.105 |   3.399 |    2.704 | 
     | datapath/g19650                     | A2 ^ -> ZN v | NAND2_X4  | 0.072 |   3.471 |    2.776 | 
     | datapath/FE_OFC1013_IFID_takeBranch | A v -> Z v   | BUF_X16   | 0.089 |   3.560 |    2.865 | 
     | g1513                               | A1 v -> ZN v | AND2_X4   | 0.112 |   3.672 |    2.977 | 
     | datapath/FE_OCPC871_IFID_flush      | A v -> Z v   | BUF_X4    | 0.085 |   3.757 |    3.062 | 
     | datapath/g37462                     | A1 v -> ZN ^ | NOR2_X1   | 0.082 |   3.839 |    3.144 | 
     | datapath/IFID_pc_reg[1]             | D ^          | DFFR_X1   | 0.000 |   3.839 |    3.144 | 
     +---------------------------------------------------------------------------------------------+ 
Path 30: VIOLATED Setup Check with Pin datapath/IFID_instr_reg[23]/CK 
Endpoint:   datapath/IFID_instr_reg[23]/D       (^) checked with  leading edge 
of 'clk'
Beginpoint: datapath/registers_RF_reg[24][15]/Q (v) triggered by trailing edge 
of 'clk'
Path Groups: {reg2reg}
Analysis View: WC_VIEW
Other End Arrival Time          0.543
- Setup                         0.080
+ Phase Shift                   2.800
+ CPPR Adjustment               0.000
- Uncertainty                   0.100
= Required Time                 3.163
- Arrival Time                  3.857
= Slack Time                   -0.693
     Clock Fall Edge                 1.400
     + Clock Network Latency (Prop)  0.340
     = Beginpoint Arrival Time       1.740
     +---------------------------------------------------------------------------------------------+ 
     |              Instance               |     Arc      |   Cell    | Delay | Arrival | Required | 
     |                                     |              |           |       |  Time   |   Time   | 
     |-------------------------------------+--------------+-----------+-------+---------+----------| 
     | datapath/registers_RF_reg[24][15]   | CK ^         |           |       |   1.740 |    1.046 | 
     | datapath/registers_RF_reg[24][15]   | CK ^ -> Q v  | SDFF_X1   | 0.277 |   2.016 |    1.323 | 
     | datapath/g3891                      | B2 v -> ZN ^ | AOI22_X1  | 0.188 |   2.204 |    1.511 | 
     | datapath/FE_RC_2540_0               | A1 ^ -> ZN ^ | AND2_X2   | 0.120 |   2.324 |    1.630 | 
     | datapath/FE_RC_2538_0               | A2 ^ -> ZN v | NAND2_X2  | 0.062 |   2.386 |    1.693 | 
     | datapath/FE_RC_843_0                | A1 v -> ZN ^ | NOR2_X2   | 0.093 |   2.479 |    1.786 | 
     | datapath/FE_RC_2981_0               | A1 ^ -> ZN v | NAND3_X1  | 0.095 |   2.574 |    1.880 | 
     | datapath/FE_RC_841_0                | A v -> ZN ^  | INV_X2    | 0.066 |   2.640 |    1.946 | 
     | datapath/g28102                     | B1 ^ -> ZN v | AOI21_X2  | 0.054 |   2.694 |    2.001 | 
     | datapath/g28048                     | A v -> ZN ^  | XNOR2_X1  | 0.116 |   2.810 |    2.116 | 
     | datapath/g27919                     | A4 ^ -> ZN v | NAND4_X1  | 0.122 |   2.932 |    2.238 | 
     | datapath/FE_RC_2094_0               | A v -> ZN ^  | INV_X2    | 0.082 |   3.014 |    2.321 | 
     | datapath/FE_RC_2305_0               | A1 ^ -> ZN v | NAND3_X2  | 0.053 |   3.067 |    2.374 | 
     | datapath/FE_RC_2091_0               | A1 v -> ZN ^ | NOR2_X2   | 0.120 |   3.187 |    2.494 | 
     | datapath/FE_RC_3065_0               | A1 ^ -> ZN v | NAND4_X1  | 0.107 |   3.294 |    2.600 | 
     | datapath/FE_RC_3064_0               | A v -> ZN ^  | OAI211_X2 | 0.105 |   3.399 |    2.706 | 
     | datapath/g19650                     | A2 ^ -> ZN v | NAND2_X4  | 0.072 |   3.471 |    2.777 | 
     | datapath/FE_OFC1013_IFID_takeBranch | A v -> Z v   | BUF_X16   | 0.089 |   3.560 |    2.866 | 
     | g1513                               | A1 v -> ZN v | AND2_X4   | 0.112 |   3.672 |    2.978 | 
     | datapath/FE_OCPC869_IFID_flush      | A v -> ZN ^  | INV_X8    | 0.070 |   3.742 |    3.049 | 
     | datapath/FE_OCPC873_IFID_flush      | A ^ -> ZN v  | INV_X8    | 0.038 |   3.780 |    3.086 | 
     | datapath/g37451                     | A1 v -> ZN ^ | NOR2_X1   | 0.077 |   3.857 |    3.163 | 
     | datapath/IFID_instr_reg[23]         | D ^          | DFFR_X1   | 0.000 |   3.857 |    3.163 | 
     +---------------------------------------------------------------------------------------------+ 
Path 31: VIOLATED Setup Check with Pin datapath/IFID_instr_reg[17]/CK 
Endpoint:   datapath/IFID_instr_reg[17]/D       (v) checked with  leading edge 
of 'clk'
Beginpoint: datapath/registers_RF_reg[24][15]/Q (v) triggered by trailing edge 
of 'clk'
Path Groups: {reg2reg}
Analysis View: WC_VIEW
Other End Arrival Time          0.543
- Setup                         0.140
+ Phase Shift                   2.800
+ CPPR Adjustment               0.000
- Uncertainty                   0.100
= Required Time                 3.104
- Arrival Time                  3.797
= Slack Time                   -0.693
     Clock Fall Edge                 1.400
     + Clock Network Latency (Prop)  0.340
     = Beginpoint Arrival Time       1.740
     +---------------------------------------------------------------------------------------------+ 
     |              Instance               |     Arc      |   Cell    | Delay | Arrival | Required | 
     |                                     |              |           |       |  Time   |   Time   | 
     |-------------------------------------+--------------+-----------+-------+---------+----------| 
     | datapath/registers_RF_reg[24][15]   | CK ^         |           |       |   1.740 |    1.046 | 
     | datapath/registers_RF_reg[24][15]   | CK ^ -> Q v  | SDFF_X1   | 0.277 |   2.016 |    1.323 | 
     | datapath/g3891                      | B2 v -> ZN ^ | AOI22_X1  | 0.188 |   2.204 |    1.511 | 
     | datapath/FE_RC_2540_0               | A1 ^ -> ZN ^ | AND2_X2   | 0.120 |   2.324 |    1.631 | 
     | datapath/FE_RC_2538_0               | A2 ^ -> ZN v | NAND2_X2  | 0.062 |   2.386 |    1.693 | 
     | datapath/FE_RC_843_0                | A1 v -> ZN ^ | NOR2_X2   | 0.093 |   2.479 |    1.786 | 
     | datapath/FE_RC_2981_0               | A1 ^ -> ZN v | NAND3_X1  | 0.095 |   2.574 |    1.881 | 
     | datapath/FE_RC_841_0                | A v -> ZN ^  | INV_X2    | 0.066 |   2.640 |    1.947 | 
     | datapath/g28102                     | B1 ^ -> ZN v | AOI21_X2  | 0.054 |   2.694 |    2.001 | 
     | datapath/g28048                     | A v -> ZN ^  | XNOR2_X1  | 0.116 |   2.810 |    2.117 | 
     | datapath/g27919                     | A4 ^ -> ZN v | NAND4_X1  | 0.122 |   2.932 |    2.239 | 
     | datapath/FE_RC_2094_0               | A v -> ZN ^  | INV_X2    | 0.082 |   3.014 |    2.321 | 
     | datapath/FE_RC_2305_0               | A1 ^ -> ZN v | NAND3_X2  | 0.053 |   3.067 |    2.374 | 
     | datapath/FE_RC_2091_0               | A1 v -> ZN ^ | NOR2_X2   | 0.120 |   3.187 |    2.494 | 
     | datapath/FE_RC_3067_0               | A1 ^ -> ZN ^ | OR2_X2    | 0.092 |   3.279 |    2.586 | 
     | datapath/FE_RC_3064_0               | B ^ -> ZN v  | OAI211_X2 | 0.082 |   3.361 |    2.667 | 
     | datapath/g19650                     | A2 v -> ZN ^ | NAND2_X4  | 0.080 |   3.440 |    2.747 | 
     | datapath/FE_OFC1013_IFID_takeBranch | A ^ -> Z ^   | BUF_X16   | 0.084 |   3.524 |    2.831 | 
     | g1513                               | A1 ^ -> ZN ^ | AND2_X4   | 0.139 |   3.663 |    2.970 | 
     | datapath/FE_OCPC869_IFID_flush      | A ^ -> ZN v  | INV_X8    | 0.046 |   3.710 |    3.017 | 
     | datapath/FE_OCPC873_IFID_flush      | A v -> ZN ^  | INV_X8    | 0.059 |   3.768 |    3.075 | 
     | datapath/g37432                     | A1 ^ -> ZN v | NOR2_X2   | 0.028 |   3.797 |    3.104 | 
     | datapath/IFID_instr_reg[17]         | D v          | DFFR_X1   | 0.000 |   3.797 |    3.104 | 
     +---------------------------------------------------------------------------------------------+ 
Path 32: VIOLATED Setup Check with Pin datapath/IFID_instr_reg[15]/CK 
Endpoint:   datapath/IFID_instr_reg[15]/D       (v) checked with  leading edge 
of 'clk'
Beginpoint: datapath/registers_RF_reg[24][15]/Q (v) triggered by trailing edge 
of 'clk'
Path Groups: {reg2reg}
Analysis View: WC_VIEW
Other End Arrival Time          0.543
- Setup                         0.139
+ Phase Shift                   2.800
+ CPPR Adjustment               0.000
- Uncertainty                   0.100
= Required Time                 3.104
- Arrival Time                  3.796
= Slack Time                   -0.692
     Clock Fall Edge                 1.400
     + Clock Network Latency (Prop)  0.340
     = Beginpoint Arrival Time       1.740
     +---------------------------------------------------------------------------------------------+ 
     |              Instance               |     Arc      |   Cell    | Delay | Arrival | Required | 
     |                                     |              |           |       |  Time   |   Time   | 
     |-------------------------------------+--------------+-----------+-------+---------+----------| 
     | datapath/registers_RF_reg[24][15]   | CK ^         |           |       |   1.740 |    1.048 | 
     | datapath/registers_RF_reg[24][15]   | CK ^ -> Q v  | SDFF_X1   | 0.277 |   2.016 |    1.324 | 
     | datapath/g3891                      | B2 v -> ZN ^ | AOI22_X1  | 0.188 |   2.204 |    1.512 | 
     | datapath/FE_RC_2540_0               | A1 ^ -> ZN ^ | AND2_X2   | 0.120 |   2.324 |    1.632 | 
     | datapath/FE_RC_2538_0               | A2 ^ -> ZN v | NAND2_X2  | 0.062 |   2.386 |    1.694 | 
     | datapath/FE_RC_843_0                | A1 v -> ZN ^ | NOR2_X2   | 0.093 |   2.479 |    1.787 | 
     | datapath/FE_RC_2981_0               | A1 ^ -> ZN v | NAND3_X1  | 0.095 |   2.574 |    1.882 | 
     | datapath/FE_RC_841_0                | A v -> ZN ^  | INV_X2    | 0.066 |   2.640 |    1.948 | 
     | datapath/g28102                     | B1 ^ -> ZN v | AOI21_X2  | 0.054 |   2.694 |    2.002 | 
     | datapath/g28048                     | A v -> ZN ^  | XNOR2_X1  | 0.116 |   2.810 |    2.118 | 
     | datapath/g27919                     | A4 ^ -> ZN v | NAND4_X1  | 0.122 |   2.932 |    2.240 | 
     | datapath/FE_RC_2094_0               | A v -> ZN ^  | INV_X2    | 0.082 |   3.014 |    2.322 | 
     | datapath/FE_RC_2305_0               | A1 ^ -> ZN v | NAND3_X2  | 0.053 |   3.067 |    2.375 | 
     | datapath/FE_RC_2091_0               | A1 v -> ZN ^ | NOR2_X2   | 0.120 |   3.187 |    2.495 | 
     | datapath/FE_RC_3067_0               | A1 ^ -> ZN ^ | OR2_X2    | 0.092 |   3.279 |    2.587 | 
     | datapath/FE_RC_3064_0               | B ^ -> ZN v  | OAI211_X2 | 0.082 |   3.361 |    2.668 | 
     | datapath/g19650                     | A2 v -> ZN ^ | NAND2_X4  | 0.080 |   3.440 |    2.748 | 
     | datapath/FE_OFC1013_IFID_takeBranch | A ^ -> Z ^   | BUF_X16   | 0.084 |   3.524 |    2.832 | 
     | g1513                               | A1 ^ -> ZN ^ | AND2_X4   | 0.139 |   3.663 |    2.971 | 
     | datapath/FE_OCPC869_IFID_flush      | A ^ -> ZN v  | INV_X8    | 0.046 |   3.710 |    3.018 | 
     | datapath/FE_OCPC873_IFID_flush      | A v -> ZN ^  | INV_X8    | 0.059 |   3.768 |    3.076 | 
     | datapath/g37448                     | A1 ^ -> ZN v | NOR2_X2   | 0.028 |   3.796 |    3.104 | 
     | datapath/IFID_instr_reg[15]         | D v          | DFFR_X1   | 0.000 |   3.796 |    3.104 | 
     +---------------------------------------------------------------------------------------------+ 
Path 33: VIOLATED Setup Check with Pin datapath/IFID_instr_reg[24]/CK 
Endpoint:   datapath/IFID_instr_reg[24]/D       (v) checked with  leading edge 
of 'clk'
Beginpoint: datapath/registers_RF_reg[24][15]/Q (v) triggered by trailing edge 
of 'clk'
Path Groups: {reg2reg}
Analysis View: WC_VIEW
Other End Arrival Time          0.543
- Setup                         0.139
+ Phase Shift                   2.800
+ CPPR Adjustment               0.000
- Uncertainty                   0.100
= Required Time                 3.104
- Arrival Time                  3.795
= Slack Time                   -0.691
     Clock Fall Edge                 1.400
     + Clock Network Latency (Prop)  0.340
     = Beginpoint Arrival Time       1.740
     +---------------------------------------------------------------------------------------------+ 
     |              Instance               |     Arc      |   Cell    | Delay | Arrival | Required | 
     |                                     |              |           |       |  Time   |   Time   | 
     |-------------------------------------+--------------+-----------+-------+---------+----------| 
     | datapath/registers_RF_reg[24][15]   | CK ^         |           |       |   1.740 |    1.049 | 
     | datapath/registers_RF_reg[24][15]   | CK ^ -> Q v  | SDFF_X1   | 0.277 |   2.016 |    1.325 | 
     | datapath/g3891                      | B2 v -> ZN ^ | AOI22_X1  | 0.188 |   2.204 |    1.513 | 
     | datapath/FE_RC_2540_0               | A1 ^ -> ZN ^ | AND2_X2   | 0.120 |   2.324 |    1.633 | 
     | datapath/FE_RC_2538_0               | A2 ^ -> ZN v | NAND2_X2  | 0.062 |   2.386 |    1.695 | 
     | datapath/FE_RC_843_0                | A1 v -> ZN ^ | NOR2_X2   | 0.093 |   2.479 |    1.788 | 
     | datapath/FE_RC_2981_0               | A1 ^ -> ZN v | NAND3_X1  | 0.095 |   2.574 |    1.883 | 
     | datapath/FE_RC_841_0                | A v -> ZN ^  | INV_X2    | 0.066 |   2.640 |    1.949 | 
     | datapath/g28102                     | B1 ^ -> ZN v | AOI21_X2  | 0.054 |   2.694 |    2.003 | 
     | datapath/g28048                     | A v -> ZN ^  | XNOR2_X1  | 0.116 |   2.810 |    2.119 | 
     | datapath/g27919                     | A4 ^ -> ZN v | NAND4_X1  | 0.122 |   2.932 |    2.241 | 
     | datapath/FE_RC_2094_0               | A v -> ZN ^  | INV_X2    | 0.082 |   3.014 |    2.323 | 
     | datapath/FE_RC_2305_0               | A1 ^ -> ZN v | NAND3_X2  | 0.053 |   3.067 |    2.377 | 
     | datapath/FE_RC_2091_0               | A1 v -> ZN ^ | NOR2_X2   | 0.120 |   3.187 |    2.496 | 
     | datapath/FE_RC_3067_0               | A1 ^ -> ZN ^ | OR2_X2    | 0.092 |   3.279 |    2.588 | 
     | datapath/FE_RC_3064_0               | B ^ -> ZN v  | OAI211_X2 | 0.082 |   3.361 |    2.670 | 
     | datapath/g19650                     | A2 v -> ZN ^ | NAND2_X4  | 0.080 |   3.440 |    2.749 | 
     | datapath/FE_OFC1013_IFID_takeBranch | A ^ -> Z ^   | BUF_X16   | 0.084 |   3.524 |    2.833 | 
     | g1513                               | A1 ^ -> ZN ^ | AND2_X4   | 0.139 |   3.663 |    2.973 | 
     | datapath/FE_OCPC869_IFID_flush      | A ^ -> ZN v  | INV_X8    | 0.046 |   3.710 |    3.019 | 
     | datapath/FE_OCPC873_IFID_flush      | A v -> ZN ^  | INV_X8    | 0.059 |   3.768 |    3.078 | 
     | datapath/g37452                     | A1 ^ -> ZN v | NOR2_X2   | 0.027 |   3.795 |    3.104 | 
     | datapath/IFID_instr_reg[24]         | D v          | DFFR_X1   | 0.000 |   3.795 |    3.104 | 
     +---------------------------------------------------------------------------------------------+ 
Path 34: VIOLATED Setup Check with Pin datapath/IFID_instr_reg[0]/CK 
Endpoint:   datapath/IFID_instr_reg[0]/D        (v) checked with  leading edge 
of 'clk'
Beginpoint: datapath/registers_RF_reg[24][15]/Q (v) triggered by trailing edge 
of 'clk'
Path Groups: {reg2reg}
Analysis View: WC_VIEW
Other End Arrival Time          0.531
- Setup                         0.146
+ Phase Shift                   2.800
+ CPPR Adjustment               0.000
- Uncertainty                   0.100
= Required Time                 3.084
- Arrival Time                  3.775
= Slack Time                   -0.691
     Clock Fall Edge                 1.400
     + Clock Network Latency (Prop)  0.340
     = Beginpoint Arrival Time       1.740
     +---------------------------------------------------------------------------------------------+ 
     |              Instance               |     Arc      |   Cell    | Delay | Arrival | Required | 
     |                                     |              |           |       |  Time   |   Time   | 
     |-------------------------------------+--------------+-----------+-------+---------+----------| 
     | datapath/registers_RF_reg[24][15]   | CK ^         |           |       |   1.740 |    1.049 | 
     | datapath/registers_RF_reg[24][15]   | CK ^ -> Q v  | SDFF_X1   | 0.277 |   2.016 |    1.325 | 
     | datapath/g3891                      | B2 v -> ZN ^ | AOI22_X1  | 0.188 |   2.204 |    1.513 | 
     | datapath/FE_RC_2540_0               | A1 ^ -> ZN ^ | AND2_X2   | 0.120 |   2.324 |    1.633 | 
     | datapath/FE_RC_2538_0               | A2 ^ -> ZN v | NAND2_X2  | 0.062 |   2.386 |    1.695 | 
     | datapath/FE_RC_843_0                | A1 v -> ZN ^ | NOR2_X2   | 0.093 |   2.479 |    1.788 | 
     | datapath/FE_RC_2981_0               | A1 ^ -> ZN v | NAND3_X1  | 0.095 |   2.574 |    1.883 | 
     | datapath/FE_RC_841_0                | A v -> ZN ^  | INV_X2    | 0.066 |   2.640 |    1.949 | 
     | datapath/g28102                     | B1 ^ -> ZN v | AOI21_X2  | 0.054 |   2.694 |    2.003 | 
     | datapath/g28048                     | A v -> ZN ^  | XNOR2_X1  | 0.116 |   2.810 |    2.119 | 
     | datapath/g27919                     | A4 ^ -> ZN v | NAND4_X1  | 0.122 |   2.932 |    2.241 | 
     | datapath/FE_RC_2094_0               | A v -> ZN ^  | INV_X2    | 0.082 |   3.014 |    2.323 | 
     | datapath/FE_RC_2305_0               | A1 ^ -> ZN v | NAND3_X2  | 0.053 |   3.067 |    2.377 | 
     | datapath/FE_RC_2091_0               | A1 v -> ZN ^ | NOR2_X2   | 0.120 |   3.187 |    2.496 | 
     | datapath/FE_RC_3067_0               | A1 ^ -> ZN ^ | OR2_X2    | 0.092 |   3.279 |    2.588 | 
     | datapath/FE_RC_3064_0               | B ^ -> ZN v  | OAI211_X2 | 0.082 |   3.361 |    2.670 | 
     | datapath/g19650                     | A2 v -> ZN ^ | NAND2_X4  | 0.080 |   3.440 |    2.749 | 
     | datapath/FE_OFC1013_IFID_takeBranch | A ^ -> Z ^   | BUF_X16   | 0.084 |   3.524 |    2.833 | 
     | g1513                               | A1 ^ -> ZN ^ | AND2_X4   | 0.139 |   3.663 |    2.973 | 
     | datapath/FE_OCPC1057_IFID_flush     | A ^ -> Z ^   | BUF_X4    | 0.088 |   3.751 |    3.060 | 
     | datapath/g37515                     | A1 ^ -> ZN v | NOR2_X1   | 0.024 |   3.775 |    3.084 | 
     | datapath/IFID_instr_reg[0]          | D v          | DFFR_X1   | 0.000 |   3.775 |    3.084 | 
     +---------------------------------------------------------------------------------------------+ 
Path 35: VIOLATED Setup Check with Pin datapath/IFID_instr_reg[4]/CK 
Endpoint:   datapath/IFID_instr_reg[4]/D        (^) checked with  leading edge 
of 'clk'
Beginpoint: datapath/registers_RF_reg[24][15]/Q (v) triggered by trailing edge 
of 'clk'
Path Groups: {reg2reg}
Analysis View: WC_VIEW
Other End Arrival Time          0.531
- Setup                         0.085
+ Phase Shift                   2.800
+ CPPR Adjustment               0.000
- Uncertainty                   0.100
= Required Time                 3.145
- Arrival Time                  3.835
= Slack Time                   -0.690
     Clock Fall Edge                 1.400
     + Clock Network Latency (Prop)  0.340
     = Beginpoint Arrival Time       1.740
     +---------------------------------------------------------------------------------------------+ 
     |              Instance               |     Arc      |   Cell    | Delay | Arrival | Required | 
     |                                     |              |           |       |  Time   |   Time   | 
     |-------------------------------------+--------------+-----------+-------+---------+----------| 
     | datapath/registers_RF_reg[24][15]   | CK ^         |           |       |   1.740 |    1.050 | 
     | datapath/registers_RF_reg[24][15]   | CK ^ -> Q v  | SDFF_X1   | 0.277 |   2.016 |    1.327 | 
     | datapath/g3891                      | B2 v -> ZN ^ | AOI22_X1  | 0.188 |   2.204 |    1.514 | 
     | datapath/FE_RC_2540_0               | A1 ^ -> ZN ^ | AND2_X2   | 0.120 |   2.324 |    1.634 | 
     | datapath/FE_RC_2538_0               | A2 ^ -> ZN v | NAND2_X2  | 0.062 |   2.386 |    1.696 | 
     | datapath/FE_RC_843_0                | A1 v -> ZN ^ | NOR2_X2   | 0.093 |   2.479 |    1.790 | 
     | datapath/FE_RC_2981_0               | A1 ^ -> ZN v | NAND3_X1  | 0.095 |   2.574 |    1.884 | 
     | datapath/FE_RC_841_0                | A v -> ZN ^  | INV_X2    | 0.066 |   2.640 |    1.950 | 
     | datapath/g28102                     | B1 ^ -> ZN v | AOI21_X2  | 0.054 |   2.694 |    2.004 | 
     | datapath/g28048                     | A v -> ZN ^  | XNOR2_X1  | 0.116 |   2.810 |    2.120 | 
     | datapath/g27919                     | A4 ^ -> ZN v | NAND4_X1  | 0.122 |   2.932 |    2.242 | 
     | datapath/FE_RC_2094_0               | A v -> ZN ^  | INV_X2    | 0.082 |   3.014 |    2.325 | 
     | datapath/FE_RC_2305_0               | A1 ^ -> ZN v | NAND3_X2  | 0.053 |   3.067 |    2.378 | 
     | datapath/FE_RC_2091_0               | A1 v -> ZN ^ | NOR2_X2   | 0.120 |   3.187 |    2.497 | 
     | datapath/FE_RC_3065_0               | A1 ^ -> ZN v | NAND4_X1  | 0.107 |   3.294 |    2.604 | 
     | datapath/FE_RC_3064_0               | A v -> ZN ^  | OAI211_X2 | 0.105 |   3.399 |    2.709 | 
     | datapath/g19650                     | A2 ^ -> ZN v | NAND2_X4  | 0.072 |   3.471 |    2.781 | 
     | datapath/FE_OFC1013_IFID_takeBranch | A v -> Z v   | BUF_X16   | 0.089 |   3.560 |    2.870 | 
     | g1513                               | A1 v -> ZN v | AND2_X4   | 0.112 |   3.672 |    2.982 | 
     | datapath/FE_OCPC871_IFID_flush      | A v -> Z v   | BUF_X4    | 0.085 |   3.757 |    3.067 | 
     | datapath/g37520                     | A1 v -> ZN ^ | NOR2_X1   | 0.078 |   3.835 |    3.145 | 
     | datapath/IFID_instr_reg[4]          | D ^          | DFFR_X1   | 0.000 |   3.835 |    3.145 | 
     +---------------------------------------------------------------------------------------------+ 
Path 36: VIOLATED Setup Check with Pin datapath/IFID_pc_reg[19]/CK 
Endpoint:   datapath/IFID_pc_reg[19]/D          (v) checked with  leading edge 
of 'clk'
Beginpoint: datapath/registers_RF_reg[24][15]/Q (v) triggered by trailing edge 
of 'clk'
Path Groups: {reg2reg}
Analysis View: WC_VIEW
Other End Arrival Time          0.531
- Setup                         0.146
+ Phase Shift                   2.800
+ CPPR Adjustment               0.000
- Uncertainty                   0.100
= Required Time                 3.085
- Arrival Time                  3.774
= Slack Time                   -0.689
     Clock Fall Edge                 1.400
     + Clock Network Latency (Prop)  0.340
     = Beginpoint Arrival Time       1.740
     +---------------------------------------------------------------------------------------------+ 
     |              Instance               |     Arc      |   Cell    | Delay | Arrival | Required | 
     |                                     |              |           |       |  Time   |   Time   | 
     |-------------------------------------+--------------+-----------+-------+---------+----------| 
     | datapath/registers_RF_reg[24][15]   | CK ^         |           |       |   1.740 |    1.051 | 
     | datapath/registers_RF_reg[24][15]   | CK ^ -> Q v  | SDFF_X1   | 0.277 |   2.016 |    1.327 | 
     | datapath/g3891                      | B2 v -> ZN ^ | AOI22_X1  | 0.188 |   2.204 |    1.515 | 
     | datapath/FE_RC_2540_0               | A1 ^ -> ZN ^ | AND2_X2   | 0.120 |   2.324 |    1.635 | 
     | datapath/FE_RC_2538_0               | A2 ^ -> ZN v | NAND2_X2  | 0.062 |   2.386 |    1.697 | 
     | datapath/FE_RC_843_0                | A1 v -> ZN ^ | NOR2_X2   | 0.093 |   2.479 |    1.790 | 
     | datapath/FE_RC_2981_0               | A1 ^ -> ZN v | NAND3_X1  | 0.095 |   2.574 |    1.885 | 
     | datapath/FE_RC_841_0                | A v -> ZN ^  | INV_X2    | 0.066 |   2.640 |    1.951 | 
     | datapath/g28102                     | B1 ^ -> ZN v | AOI21_X2  | 0.054 |   2.694 |    2.005 | 
     | datapath/g28048                     | A v -> ZN ^  | XNOR2_X1  | 0.116 |   2.810 |    2.121 | 
     | datapath/g27919                     | A4 ^ -> ZN v | NAND4_X1  | 0.122 |   2.932 |    2.243 | 
     | datapath/FE_RC_2094_0               | A v -> ZN ^  | INV_X2    | 0.082 |   3.014 |    2.325 | 
     | datapath/FE_RC_2305_0               | A1 ^ -> ZN v | NAND3_X2  | 0.053 |   3.067 |    2.379 | 
     | datapath/FE_RC_2091_0               | A1 v -> ZN ^ | NOR2_X2   | 0.120 |   3.187 |    2.498 | 
     | datapath/FE_RC_3067_0               | A1 ^ -> ZN ^ | OR2_X2    | 0.092 |   3.279 |    2.590 | 
     | datapath/FE_RC_3064_0               | B ^ -> ZN v  | OAI211_X2 | 0.082 |   3.361 |    2.672 | 
     | datapath/g19650                     | A2 v -> ZN ^ | NAND2_X4  | 0.080 |   3.440 |    2.751 | 
     | datapath/FE_OFC1013_IFID_takeBranch | A ^ -> Z ^   | BUF_X16   | 0.084 |   3.524 |    2.835 | 
     | g1513                               | A1 ^ -> ZN ^ | AND2_X4   | 0.139 |   3.663 |    2.975 | 
     | datapath/FE_OCPC871_IFID_flush      | A ^ -> Z ^   | BUF_X4    | 0.086 |   3.749 |    3.060 | 
     | datapath/g37509                     | A1 ^ -> ZN v | NOR2_X1   | 0.024 |   3.774 |    3.085 | 
     | datapath/IFID_pc_reg[19]            | D v          | DFFR_X1   | 0.000 |   3.774 |    3.085 | 
     +---------------------------------------------------------------------------------------------+ 
Path 37: VIOLATED Setup Check with Pin datapath/IFID_instr_reg[12]/CK 
Endpoint:   datapath/IFID_instr_reg[12]/D       (^) checked with  leading edge 
of 'clk'
Beginpoint: datapath/registers_RF_reg[24][15]/Q (v) triggered by trailing edge 
of 'clk'
Path Groups: {reg2reg}
Analysis View: WC_VIEW
Other End Arrival Time          0.546
- Setup                         0.080
+ Phase Shift                   2.800
+ CPPR Adjustment               0.000
- Uncertainty                   0.100
= Required Time                 3.166
- Arrival Time                  3.854
= Slack Time                   -0.688
     Clock Fall Edge                 1.400
     + Clock Network Latency (Prop)  0.340
     = Beginpoint Arrival Time       1.740
     +---------------------------------------------------------------------------------------------+ 
     |              Instance               |     Arc      |   Cell    | Delay | Arrival | Required | 
     |                                     |              |           |       |  Time   |   Time   | 
     |-------------------------------------+--------------+-----------+-------+---------+----------| 
     | datapath/registers_RF_reg[24][15]   | CK ^         |           |       |   1.740 |    1.051 | 
     | datapath/registers_RF_reg[24][15]   | CK ^ -> Q v  | SDFF_X1   | 0.277 |   2.016 |    1.328 | 
     | datapath/g3891                      | B2 v -> ZN ^ | AOI22_X1  | 0.188 |   2.204 |    1.516 | 
     | datapath/FE_RC_2540_0               | A1 ^ -> ZN ^ | AND2_X2   | 0.120 |   2.324 |    1.635 | 
     | datapath/FE_RC_2538_0               | A2 ^ -> ZN v | NAND2_X2  | 0.062 |   2.386 |    1.698 | 
     | datapath/FE_RC_843_0                | A1 v -> ZN ^ | NOR2_X2   | 0.093 |   2.479 |    1.791 | 
     | datapath/FE_RC_2981_0               | A1 ^ -> ZN v | NAND3_X1  | 0.095 |   2.574 |    1.885 | 
     | datapath/FE_RC_841_0                | A v -> ZN ^  | INV_X2    | 0.066 |   2.640 |    1.951 | 
     | datapath/g28102                     | B1 ^ -> ZN v | AOI21_X2  | 0.054 |   2.694 |    2.006 | 
     | datapath/g28048                     | A v -> ZN ^  | XNOR2_X1  | 0.116 |   2.810 |    2.121 | 
     | datapath/g27919                     | A4 ^ -> ZN v | NAND4_X1  | 0.122 |   2.932 |    2.243 | 
     | datapath/FE_RC_2094_0               | A v -> ZN ^  | INV_X2    | 0.082 |   3.014 |    2.326 | 
     | datapath/FE_RC_2305_0               | A1 ^ -> ZN v | NAND3_X2  | 0.053 |   3.067 |    2.379 | 
     | datapath/FE_RC_2091_0               | A1 v -> ZN ^ | NOR2_X2   | 0.120 |   3.187 |    2.499 | 
     | datapath/FE_RC_3065_0               | A1 ^ -> ZN v | NAND4_X1  | 0.107 |   3.294 |    2.605 | 
     | datapath/FE_RC_3064_0               | A v -> ZN ^  | OAI211_X2 | 0.105 |   3.399 |    2.711 | 
     | datapath/g19650                     | A2 ^ -> ZN v | NAND2_X4  | 0.072 |   3.471 |    2.782 | 
     | datapath/FE_OFC1013_IFID_takeBranch | A v -> Z v   | BUF_X16   | 0.089 |   3.560 |    2.871 | 
     | g1513                               | A1 v -> ZN v | AND2_X4   | 0.112 |   3.672 |    2.983 | 
     | datapath/FE_OCPC869_IFID_flush      | A v -> ZN ^  | INV_X8    | 0.070 |   3.742 |    3.054 | 
     | datapath/FE_OCPC873_IFID_flush      | A ^ -> ZN v  | INV_X8    | 0.038 |   3.780 |    3.091 | 
     | datapath/g37439                     | A1 v -> ZN ^ | NOR2_X1   | 0.075 |   3.854 |    3.166 | 
     | datapath/IFID_instr_reg[12]         | D ^          | DFFR_X1   | 0.000 |   3.854 |    3.166 | 
     +---------------------------------------------------------------------------------------------+ 
Path 38: VIOLATED Setup Check with Pin datapath/IFID_instr_reg[13]/CK 
Endpoint:   datapath/IFID_instr_reg[13]/D       (^) checked with  leading edge 
of 'clk'
Beginpoint: datapath/registers_RF_reg[24][15]/Q (v) triggered by trailing edge 
of 'clk'
Path Groups: {reg2reg}
Analysis View: WC_VIEW
Other End Arrival Time          0.546
- Setup                         0.080
+ Phase Shift                   2.800
+ CPPR Adjustment               0.000
- Uncertainty                   0.100
= Required Time                 3.166
- Arrival Time                  3.854
= Slack Time                   -0.688
     Clock Fall Edge                 1.400
     + Clock Network Latency (Prop)  0.340
     = Beginpoint Arrival Time       1.740
     +---------------------------------------------------------------------------------------------+ 
     |              Instance               |     Arc      |   Cell    | Delay | Arrival | Required | 
     |                                     |              |           |       |  Time   |   Time   | 
     |-------------------------------------+--------------+-----------+-------+---------+----------| 
     | datapath/registers_RF_reg[24][15]   | CK ^         |           |       |   1.740 |    1.051 | 
     | datapath/registers_RF_reg[24][15]   | CK ^ -> Q v  | SDFF_X1   | 0.277 |   2.016 |    1.328 | 
     | datapath/g3891                      | B2 v -> ZN ^ | AOI22_X1  | 0.188 |   2.204 |    1.516 | 
     | datapath/FE_RC_2540_0               | A1 ^ -> ZN ^ | AND2_X2   | 0.120 |   2.324 |    1.635 | 
     | datapath/FE_RC_2538_0               | A2 ^ -> ZN v | NAND2_X2  | 0.062 |   2.386 |    1.698 | 
     | datapath/FE_RC_843_0                | A1 v -> ZN ^ | NOR2_X2   | 0.093 |   2.479 |    1.791 | 
     | datapath/FE_RC_2981_0               | A1 ^ -> ZN v | NAND3_X1  | 0.095 |   2.574 |    1.886 | 
     | datapath/FE_RC_841_0                | A v -> ZN ^  | INV_X2    | 0.066 |   2.640 |    1.951 | 
     | datapath/g28102                     | B1 ^ -> ZN v | AOI21_X2  | 0.054 |   2.694 |    2.006 | 
     | datapath/g28048                     | A v -> ZN ^  | XNOR2_X1  | 0.116 |   2.810 |    2.122 | 
     | datapath/g27919                     | A4 ^ -> ZN v | NAND4_X1  | 0.122 |   2.932 |    2.243 | 
     | datapath/FE_RC_2094_0               | A v -> ZN ^  | INV_X2    | 0.082 |   3.014 |    2.326 | 
     | datapath/FE_RC_2305_0               | A1 ^ -> ZN v | NAND3_X2  | 0.053 |   3.067 |    2.379 | 
     | datapath/FE_RC_2091_0               | A1 v -> ZN ^ | NOR2_X2   | 0.120 |   3.187 |    2.499 | 
     | datapath/FE_RC_3065_0               | A1 ^ -> ZN v | NAND4_X1  | 0.107 |   3.294 |    2.606 | 
     | datapath/FE_RC_3064_0               | A v -> ZN ^  | OAI211_X2 | 0.105 |   3.399 |    2.711 | 
     | datapath/g19650                     | A2 ^ -> ZN v | NAND2_X4  | 0.072 |   3.471 |    2.782 | 
     | datapath/FE_OFC1013_IFID_takeBranch | A v -> Z v   | BUF_X16   | 0.089 |   3.560 |    2.871 | 
     | g1513                               | A1 v -> ZN v | AND2_X4   | 0.112 |   3.672 |    2.983 | 
     | datapath/FE_OCPC869_IFID_flush      | A v -> ZN ^  | INV_X8    | 0.070 |   3.742 |    3.054 | 
     | datapath/FE_OCPC873_IFID_flush      | A ^ -> ZN v  | INV_X8    | 0.038 |   3.780 |    3.091 | 
     | datapath/g37436                     | A1 v -> ZN ^ | NOR2_X1   | 0.074 |   3.854 |    3.166 | 
     | datapath/IFID_instr_reg[13]         | D ^          | DFFR_X1   | 0.000 |   3.854 |    3.166 | 
     +---------------------------------------------------------------------------------------------+ 
Path 39: VIOLATED Setup Check with Pin datapath/IFID_instr_reg[6]/CK 
Endpoint:   datapath/IFID_instr_reg[6]/D        (v) checked with  leading edge 
of 'clk'
Beginpoint: datapath/registers_RF_reg[24][15]/Q (v) triggered by trailing edge 
of 'clk'
Path Groups: {reg2reg}
Analysis View: WC_VIEW
Other End Arrival Time          0.531
- Setup                         0.145
+ Phase Shift                   2.800
+ CPPR Adjustment               0.000
- Uncertainty                   0.100
= Required Time                 3.086
- Arrival Time                  3.774
= Slack Time                   -0.688
     Clock Fall Edge                 1.400
     + Clock Network Latency (Prop)  0.340
     = Beginpoint Arrival Time       1.740
     +---------------------------------------------------------------------------------------------+ 
     |              Instance               |     Arc      |   Cell    | Delay | Arrival | Required | 
     |                                     |              |           |       |  Time   |   Time   | 
     |-------------------------------------+--------------+-----------+-------+---------+----------| 
     | datapath/registers_RF_reg[24][15]   | CK ^         |           |       |   1.740 |    1.052 | 
     | datapath/registers_RF_reg[24][15]   | CK ^ -> Q v  | SDFF_X1   | 0.277 |   2.016 |    1.328 | 
     | datapath/g3891                      | B2 v -> ZN ^ | AOI22_X1  | 0.188 |   2.204 |    1.516 | 
     | datapath/FE_RC_2540_0               | A1 ^ -> ZN ^ | AND2_X2   | 0.120 |   2.324 |    1.636 | 
     | datapath/FE_RC_2538_0               | A2 ^ -> ZN v | NAND2_X2  | 0.062 |   2.386 |    1.698 | 
     | datapath/FE_RC_843_0                | A1 v -> ZN ^ | NOR2_X2   | 0.093 |   2.479 |    1.791 | 
     | datapath/FE_RC_2981_0               | A1 ^ -> ZN v | NAND3_X1  | 0.095 |   2.574 |    1.886 | 
     | datapath/FE_RC_841_0                | A v -> ZN ^  | INV_X2    | 0.066 |   2.640 |    1.952 | 
     | datapath/g28102                     | B1 ^ -> ZN v | AOI21_X2  | 0.054 |   2.694 |    2.006 | 
     | datapath/g28048                     | A v -> ZN ^  | XNOR2_X1  | 0.116 |   2.810 |    2.122 | 
     | datapath/g27919                     | A4 ^ -> ZN v | NAND4_X1  | 0.122 |   2.932 |    2.244 | 
     | datapath/FE_RC_2094_0               | A v -> ZN ^  | INV_X2    | 0.082 |   3.014 |    2.326 | 
     | datapath/FE_RC_2305_0               | A1 ^ -> ZN v | NAND3_X2  | 0.053 |   3.067 |    2.379 | 
     | datapath/FE_RC_2091_0               | A1 v -> ZN ^ | NOR2_X2   | 0.120 |   3.187 |    2.499 | 
     | datapath/FE_RC_3067_0               | A1 ^ -> ZN ^ | OR2_X2    | 0.092 |   3.279 |    2.591 | 
     | datapath/FE_RC_3064_0               | B ^ -> ZN v  | OAI211_X2 | 0.082 |   3.361 |    2.673 | 
     | datapath/g19650                     | A2 v -> ZN ^ | NAND2_X4  | 0.080 |   3.440 |    2.752 | 
     | datapath/FE_OFC1013_IFID_takeBranch | A ^ -> Z ^   | BUF_X16   | 0.084 |   3.524 |    2.836 | 
     | g1513                               | A1 ^ -> ZN ^ | AND2_X4   | 0.139 |   3.663 |    2.975 | 
     | datapath/FE_OCPC871_IFID_flush      | A ^ -> Z ^   | BUF_X4    | 0.086 |   3.749 |    3.061 | 
     | datapath/g37522                     | A1 ^ -> ZN v | NOR2_X1   | 0.024 |   3.774 |    3.086 | 
     | datapath/IFID_instr_reg[6]          | D v          | DFFR_X1   | 0.000 |   3.774 |    3.086 | 
     +---------------------------------------------------------------------------------------------+ 
Path 40: VIOLATED Setup Check with Pin datapath/IFID_instr_reg[9]/CK 
Endpoint:   datapath/IFID_instr_reg[9]/D        (^) checked with  leading edge 
of 'clk'
Beginpoint: datapath/registers_RF_reg[24][15]/Q (v) triggered by trailing edge 
of 'clk'
Path Groups: {reg2reg}
Analysis View: WC_VIEW
Other End Arrival Time          0.544
- Setup                         0.084
+ Phase Shift                   2.800
+ CPPR Adjustment               0.000
- Uncertainty                   0.100
= Required Time                 3.160
- Arrival Time                  3.843
= Slack Time                   -0.683
     Clock Fall Edge                 1.400
     + Clock Network Latency (Prop)  0.340
     = Beginpoint Arrival Time       1.740
     +---------------------------------------------------------------------------------------------+ 
     |              Instance               |     Arc      |   Cell    | Delay | Arrival | Required | 
     |                                     |              |           |       |  Time   |   Time   | 
     |-------------------------------------+--------------+-----------+-------+---------+----------| 
     | datapath/registers_RF_reg[24][15]   | CK ^         |           |       |   1.740 |    1.057 | 
     | datapath/registers_RF_reg[24][15]   | CK ^ -> Q v  | SDFF_X1   | 0.277 |   2.016 |    1.333 | 
     | datapath/g3891                      | B2 v -> ZN ^ | AOI22_X1  | 0.188 |   2.204 |    1.521 | 
     | datapath/FE_RC_2540_0               | A1 ^ -> ZN ^ | AND2_X2   | 0.120 |   2.324 |    1.641 | 
     | datapath/FE_RC_2538_0               | A2 ^ -> ZN v | NAND2_X2  | 0.062 |   2.386 |    1.703 | 
     | datapath/FE_RC_843_0                | A1 v -> ZN ^ | NOR2_X2   | 0.093 |   2.479 |    1.796 | 
     | datapath/FE_RC_2981_0               | A1 ^ -> ZN v | NAND3_X1  | 0.095 |   2.574 |    1.891 | 
     | datapath/FE_RC_841_0                | A v -> ZN ^  | INV_X2    | 0.066 |   2.640 |    1.957 | 
     | datapath/g28102                     | B1 ^ -> ZN v | AOI21_X2  | 0.054 |   2.694 |    2.011 | 
     | datapath/g28048                     | A v -> ZN ^  | XNOR2_X1  | 0.116 |   2.810 |    2.127 | 
     | datapath/g27919                     | A4 ^ -> ZN v | NAND4_X1  | 0.122 |   2.932 |    2.249 | 
     | datapath/FE_RC_2094_0               | A v -> ZN ^  | INV_X2    | 0.082 |   3.014 |    2.331 | 
     | datapath/FE_RC_2305_0               | A1 ^ -> ZN v | NAND3_X2  | 0.053 |   3.067 |    2.384 | 
     | datapath/FE_RC_2091_0               | A1 v -> ZN ^ | NOR2_X2   | 0.120 |   3.187 |    2.504 | 
     | datapath/FE_RC_3065_0               | A1 ^ -> ZN v | NAND4_X1  | 0.107 |   3.294 |    2.611 | 
     | datapath/FE_RC_3064_0               | A v -> ZN ^  | OAI211_X2 | 0.105 |   3.399 |    2.716 | 
     | datapath/g19650                     | A2 ^ -> ZN v | NAND2_X4  | 0.072 |   3.471 |    2.788 | 
     | datapath/FE_OFC1013_IFID_takeBranch | A v -> Z v   | BUF_X16   | 0.089 |   3.560 |    2.877 | 
     | g1513                               | A1 v -> ZN v | AND2_X4   | 0.112 |   3.672 |    2.989 | 
     | datapath/FE_OCPC870_IFID_flush      | A v -> Z v   | BUF_X4    | 0.087 |   3.759 |    3.076 | 
     | datapath/g37444                     | A1 v -> ZN ^ | NOR2_X1   | 0.084 |   3.843 |    3.160 | 
     | datapath/IFID_instr_reg[9]          | D ^          | DFFR_X1   | 0.000 |   3.843 |    3.160 | 
     +---------------------------------------------------------------------------------------------+ 
Path 41: VIOLATED Setup Check with Pin datapath/IFID_pc_reg[15]/CK 
Endpoint:   datapath/IFID_pc_reg[15]/D          (^) checked with  leading edge 
of 'clk'
Beginpoint: datapath/registers_RF_reg[24][15]/Q (v) triggered by trailing edge 
of 'clk'
Path Groups: {reg2reg}
Analysis View: WC_VIEW
Other End Arrival Time          0.571
- Setup                         0.084
+ Phase Shift                   2.800
+ CPPR Adjustment               0.000
- Uncertainty                   0.100
= Required Time                 3.187
- Arrival Time                  3.869
= Slack Time                   -0.682
     Clock Fall Edge                 1.400
     + Clock Network Latency (Prop)  0.340
     = Beginpoint Arrival Time       1.740
     +---------------------------------------------------------------------------------------------+ 
     |              Instance               |     Arc      |   Cell    | Delay | Arrival | Required | 
     |                                     |              |           |       |  Time   |   Time   | 
     |-------------------------------------+--------------+-----------+-------+---------+----------| 
     | datapath/registers_RF_reg[24][15]   | CK ^         |           |       |   1.740 |    1.058 | 
     | datapath/registers_RF_reg[24][15]   | CK ^ -> Q v  | SDFF_X1   | 0.277 |   2.016 |    1.335 | 
     | datapath/g3891                      | B2 v -> ZN ^ | AOI22_X1  | 0.188 |   2.204 |    1.522 | 
     | datapath/FE_RC_2540_0               | A1 ^ -> ZN ^ | AND2_X2   | 0.120 |   2.324 |    1.642 | 
     | datapath/FE_RC_2538_0               | A2 ^ -> ZN v | NAND2_X2  | 0.062 |   2.386 |    1.704 | 
     | datapath/FE_RC_843_0                | A1 v -> ZN ^ | NOR2_X2   | 0.093 |   2.479 |    1.798 | 
     | datapath/FE_RC_2981_0               | A1 ^ -> ZN v | NAND3_X1  | 0.095 |   2.574 |    1.892 | 
     | datapath/FE_RC_841_0                | A v -> ZN ^  | INV_X2    | 0.066 |   2.640 |    1.958 | 
     | datapath/g28102                     | B1 ^ -> ZN v | AOI21_X2  | 0.054 |   2.694 |    2.012 | 
     | datapath/g28048                     | A v -> ZN ^  | XNOR2_X1  | 0.116 |   2.810 |    2.128 | 
     | datapath/g27919                     | A4 ^ -> ZN v | NAND4_X1  | 0.122 |   2.932 |    2.250 | 
     | datapath/FE_RC_2094_0               | A v -> ZN ^  | INV_X2    | 0.082 |   3.014 |    2.333 | 
     | datapath/FE_RC_2305_0               | A1 ^ -> ZN v | NAND3_X2  | 0.053 |   3.067 |    2.386 | 
     | datapath/FE_RC_2091_0               | A1 v -> ZN ^ | NOR2_X2   | 0.120 |   3.187 |    2.505 | 
     | datapath/FE_RC_3065_0               | A1 ^ -> ZN v | NAND4_X1  | 0.107 |   3.294 |    2.612 | 
     | datapath/FE_RC_3064_0               | A v -> ZN ^  | OAI211_X2 | 0.105 |   3.399 |    2.717 | 
     | datapath/g19650                     | A2 ^ -> ZN v | NAND2_X4  | 0.072 |   3.471 |    2.789 | 
     | datapath/FE_OFC1013_IFID_takeBranch | A v -> Z v   | BUF_X16   | 0.089 |   3.560 |    2.878 | 
     | g1513                               | A1 v -> ZN v | AND2_X4   | 0.112 |   3.672 |    2.990 | 
     | datapath/FE_OCPC869_IFID_flush      | A v -> ZN ^  | INV_X8    | 0.070 |   3.742 |    3.061 | 
     | datapath/FE_OCPC872_IFID_flush      | A ^ -> ZN v  | INV_X16   | 0.038 |   3.781 |    3.099 | 
     | datapath/g37506                     | A1 v -> ZN ^ | NOR2_X1   | 0.088 |   3.869 |    3.187 | 
     | datapath/IFID_pc_reg[15]            | D ^          | DFFR_X1   | 0.000 |   3.869 |    3.187 | 
     +---------------------------------------------------------------------------------------------+ 
Path 42: VIOLATED Setup Check with Pin datapath/EXMEM_aluResult_reg[26]/CK 
Endpoint:   datapath/EXMEM_aluResult_reg[26]/D (v) checked with  leading edge 
of 'clk'
Beginpoint: datapath/EXMEM_aluResult_reg[0]/Q  (v) triggered by  leading edge 
of 'clk'
Path Groups: {reg2reg}
Analysis View: WC_VIEW
Other End Arrival Time          0.513
- Setup                         0.131
+ Phase Shift                   2.800
+ CPPR Adjustment               0.000
- Uncertainty                   0.100
= Required Time                 3.082
- Arrival Time                  3.763
= Slack Time                   -0.681
     Clock Rise Edge                 0.000
     + Clock Network Latency (Prop)  0.790
     = Beginpoint Arrival Time       0.790
     +------------------------------------------------------------------------------------------------------------+ 
     |                      Instance                      |     Arc      |   Cell    | Delay | Arrival | Required | 
     |                                                    |              |           |       |  Time   |   Time   | 
     |----------------------------------------------------+--------------+-----------+-------+---------+----------| 
     | datapath/EXMEM_aluResult_reg[0]                    | CK ^         |           |       |   0.790 |    0.109 | 
     | datapath/EXMEM_aluResult_reg[0]                    | CK ^ -> Q v  | DFFR_X1   | 0.308 |   1.098 |    0.418 | 
     | datapath/FE_RC_3165_0                              | B1 v -> ZN ^ | OAI21_X2  | 0.145 |   1.243 |    0.562 | 
     | datapath/FE_RC_3157_0                              | A ^ -> ZN v  | INV_X4    | 0.040 |   1.283 |    0.602 | 
     | datapath/ALU_ALU_GEN[0].slice_i_bitAdder/FE_RC_318 | B1 v -> ZN ^ | OAI21_X2  | 0.128 |   1.411 |    0.730 | 
     | 4_0                                                |              |           |       |         |          | 
     | datapath/ALU_ALU_GEN[0].slice_i_bitAdder/FE_RC_318 | A1 ^ -> ZN v | NAND2_X4  | 0.056 |   1.467 |    0.786 | 
     | 3_0                                                |              |           |       |         |          | 
     | datapath/ALU_ALU_GEN[1].slice_i_bitAdder/FE_RC_319 | A1 v -> ZN ^ | NAND2_X4  | 0.051 |   1.518 |    0.837 | 
     | 0_0                                                |              |           |       |         |          | 
     | datapath/ALU_ALU_GEN[1].slice_i_bitAdder/FE_RC_132 | A1 ^ -> ZN v | NAND2_X4  | 0.039 |   1.557 |    0.876 | 
     | 7_0                                                |              |           |       |         |          | 
     | datapath/ALU_ALU_GEN[2].slice_i_bitAdder/FE_RC_367 | A1 v -> ZN ^ | NAND2_X4  | 0.044 |   1.600 |    0.920 | 
     | _0                                                 |              |           |       |         |          | 
     | datapath/ALU_ALU_GEN[2].slice_i_bitAdder/g77__6260 | A1 ^ -> ZN v | NAND2_X4  | 0.036 |   1.637 |    0.956 | 
     | datapath/ALU_ALU_GEN[3].slice_i_bitAdder/FE_RC_166 | A1 v -> ZN ^ | NAND2_X4  | 0.042 |   1.679 |    0.998 | 
     | 5_0                                                |              |           |       |         |          | 
     | datapath/ALU_ALU_GEN[3].slice_i_bitAdder/FE_RC_152 | A1 ^ -> ZN v | NAND2_X4  | 0.039 |   1.718 |    1.038 | 
     | 5_0                                                |              |           |       |         |          | 
     | datapath/ALU_ALU_GEN[4].slice_i_bitAdder/FE_RC_127 | A1 v -> ZN ^ | NAND2_X4  | 0.045 |   1.764 |    1.083 | 
     | 2_0                                                |              |           |       |         |          | 
     | datapath/ALU_ALU_GEN[4].slice_i_bitAdder/FE_RC_127 | A1 ^ -> ZN v | NAND2_X4  | 0.036 |   1.800 |    1.119 | 
     | 1_0                                                |              |           |       |         |          | 
     | datapath/ALU_ALU_GEN[5].slice_i_bitAdder/FE_RC_160 | A1 v -> ZN ^ | NAND2_X4  | 0.042 |   1.842 |    1.161 | 
     | 3_0                                                |              |           |       |         |          | 
     | datapath/ALU_ALU_GEN[5].slice_i_bitAdder/g77__1666 | A1 ^ -> ZN v | NAND2_X4  | 0.036 |   1.878 |    1.197 | 
     | datapath/ALU_ALU_GEN[6].slice_i_bitAdder/FE_RC_166 | A1 v -> ZN ^ | NAND2_X4  | 0.043 |   1.920 |    1.240 | 
     | 4_0                                                |              |           |       |         |          | 
     | datapath/ALU_ALU_GEN[6].slice_i_bitAdder/FE_RC_124 | A1 ^ -> ZN v | NAND2_X4  | 0.036 |   1.956 |    1.276 | 
     | 0_0                                                |              |           |       |         |          | 
     | datapath/ALU_ALU_GEN[7].slice_i_bitAdder/FE_RC_136 | A1 v -> ZN ^ | NAND2_X4  | 0.043 |   1.999 |    1.318 | 
     | 2_0                                                |              |           |       |         |          | 
     | datapath/ALU_ALU_GEN[7].slice_i_bitAdder/g77__5122 | A1 ^ -> ZN v | NAND2_X4  | 0.036 |   2.035 |    1.354 | 
     | datapath/ALU_ALU_GEN[8].slice_i_bitAdder/FE_RC_132 | A1 v -> ZN ^ | NAND2_X4  | 0.044 |   2.079 |    1.398 | 
     | 5_0                                                |              |           |       |         |          | 
     | datapath/ALU_ALU_GEN[8].slice_i_bitAdder/FE_RC_124 | A1 ^ -> ZN v | NAND2_X4  | 0.037 |   2.115 |    1.434 | 
     | 4_0                                                |              |           |       |         |          | 
     | datapath/ALU_ALU_GEN[9].slice_i_bitAdder/FE_RC_158 | A1 v -> ZN ^ | NAND2_X4  | 0.043 |   2.158 |    1.477 | 
     | 7_0                                                |              |           |       |         |          | 
     | datapath/ALU_ALU_GEN[9].slice_i_bitAdder/FE_RC_124 | A1 ^ -> ZN v | NAND2_X4  | 0.037 |   2.195 |    1.514 | 
     | 8_0                                                |              |           |       |         |          | 
     | datapath/ALU_ALU_GEN[10].slice_i_bitAdder/FE_RC_20 | A1 v -> ZN ^ | NAND2_X4  | 0.043 |   2.237 |    1.557 | 
     | 11_0                                               |              |           |       |         |          | 
     | datapath/ALU_ALU_GEN[10].slice_i_bitAdder/FE_RC_20 | A1 ^ -> ZN v | NAND2_X4  | 0.036 |   2.273 |    1.592 | 
     | 10_0                                               |              |           |       |         |          | 
     | datapath/ALU_ALU_GEN[11].slice_i_bitAdder/FE_RC_15 | A1 v -> ZN ^ | NAND2_X4  | 0.043 |   2.316 |    1.635 | 
     | 99_0                                               |              |           |       |         |          | 
     | datapath/ALU_ALU_GEN[11].slice_i_bitAdder/FE_RC_15 | A1 ^ -> ZN v | NAND2_X4  | 0.038 |   2.354 |    1.673 | 
     | 98_0                                               |              |           |       |         |          | 
     | datapath/ALU_ALU_GEN[12].slice_i_bitAdder/FE_RC_17 | A1 v -> ZN ^ | NAND2_X4  | 0.044 |   2.397 |    1.716 | 
     | 73_0                                               |              |           |       |         |          | 
     | datapath/ALU_ALU_GEN[12].slice_i_bitAdder/FE_RC_17 | A1 ^ -> ZN v | NAND2_X4  | 0.035 |   2.433 |    1.752 | 
     | 72_0                                               |              |           |       |         |          | 
     | datapath/ALU_ALU_GEN[13].slice_i_bitAdder/FE_RC_17 | A1 v -> ZN ^ | NAND2_X4  | 0.044 |   2.476 |    1.796 | 
     | 43_0                                               |              |           |       |         |          | 
     | datapath/ALU_ALU_GEN[13].slice_i_bitAdder/g77__510 | A1 ^ -> ZN v | NAND2_X4  | 0.036 |   2.512 |    1.831 | 
     | 7                                                  |              |           |       |         |          | 
     | datapath/ALU_ALU_GEN[14].slice_i_bitAdder/FE_RC_16 | A1 v -> ZN ^ | NAND2_X4  | 0.043 |   2.555 |    1.874 | 
     | 02_0                                               |              |           |       |         |          | 
     | datapath/ALU_ALU_GEN[14].slice_i_bitAdder/g77__280 | A1 ^ -> ZN v | NAND2_X4  | 0.035 |   2.590 |    1.910 | 
     | 2                                                  |              |           |       |         |          | 
     | datapath/ALU_ALU_GEN[15].slice_i_bitAdder/FE_RC_11 | A1 v -> ZN ^ | NAND2_X4  | 0.043 |   2.633 |    1.953 | 
     | 44_0                                               |              |           |       |         |          | 
     | datapath/ALU_ALU_GEN[15].slice_i_bitAdder/FE_RC_11 | A1 ^ -> ZN v | NAND2_X4  | 0.040 |   2.674 |    1.993 | 
     | 43_0                                               |              |           |       |         |          | 
     | datapath/ALU_ALU_GEN[16].slice_i_bitAdder/FE_RC_23 | A1 v -> ZN ^ | NAND2_X4  | 0.045 |   2.719 |    2.038 | 
     | 1_0                                                |              |           |       |         |          | 
     | datapath/ALU_ALU_GEN[16].slice_i_bitAdder/g77__166 | A1 ^ -> ZN v | NAND2_X4  | 0.036 |   2.755 |    2.074 | 
     | 6                                                  |              |           |       |         |          | 
     | datapath/ALU_ALU_GEN[17].slice_i_bitAdder/FE_RC_13 | A1 v -> ZN ^ | NAND2_X4  | 0.043 |   2.798 |    2.117 | 
     | 26_0                                               |              |           |       |         |          | 
     | datapath/ALU_ALU_GEN[17].slice_i_bitAdder/FE_RC_11 | A1 ^ -> ZN v | NAND2_X4  | 0.036 |   2.834 |    2.153 | 
     | 75_0                                               |              |           |       |         |          | 
     | datapath/ALU_ALU_GEN[18].slice_i_bitAdder/FE_RC_11 | A1 v -> ZN ^ | NAND2_X4  | 0.044 |   2.877 |    2.197 | 
     | 72_0                                               |              |           |       |         |          | 
     | datapath/ALU_ALU_GEN[18].slice_i_bitAdder/FE_RC_11 | A1 ^ -> ZN v | NAND2_X4  | 0.036 |   2.913 |    2.232 | 
     | 71_0                                               |              |           |       |         |          | 
     | datapath/ALU_ALU_GEN[19].slice_i_bitAdder/FE_RC_11 | A1 v -> ZN ^ | NAND2_X4  | 0.043 |   2.956 |    2.276 | 
     | 40_0                                               |              |           |       |         |          | 
     | datapath/ALU_ALU_GEN[19].slice_i_bitAdder/FE_RC_11 | A1 ^ -> ZN v | NAND2_X4  | 0.038 |   2.995 |    2.314 | 
     | 39_0                                               |              |           |       |         |          | 
     | datapath/ALU_ALU_GEN[20].slice_i_bitAdder/FE_RC_25 | A1 v -> ZN ^ | NAND2_X4  | 0.043 |   3.038 |    2.357 | 
     | 8_0                                                |              |           |       |         |          | 
     | datapath/ALU_ALU_GEN[20].slice_i_bitAdder/g77__741 | A1 ^ -> ZN v | NAND2_X4  | 0.036 |   3.074 |    2.393 | 
     | 0                                                  |              |           |       |         |          | 
     | datapath/ALU_ALU_GEN[21].slice_i_bitAdder/FE_RC_12 | A1 v -> ZN ^ | NAND2_X4  | 0.043 |   3.116 |    2.436 | 
     | 33_0                                               |              |           |       |         |          | 
     | datapath/ALU_ALU_GEN[21].slice_i_bitAdder/FE_RC_12 | A1 ^ -> ZN v | NAND2_X4  | 0.036 |   3.152 |    2.471 | 
     | 32_0                                               |              |           |       |         |          | 
     | datapath/ALU_ALU_GEN[22].slice_i_bitAdder/FE_RC_17 | A1 v -> ZN ^ | NAND2_X4  | 0.043 |   3.196 |    2.515 | 
     | 3_0                                                |              |           |       |         |          | 
     | datapath/ALU_ALU_GEN[22].slice_i_bitAdder/FE_RC_17 | A1 ^ -> ZN v | NAND2_X4  | 0.037 |   3.232 |    2.551 | 
     | 2_0                                                |              |           |       |         |          | 
     | datapath/ALU_ALU_GEN[23].slice_i_bitAdder/FE_RC_11 | A1 v -> ZN ^ | NAND2_X4  | 0.044 |   3.276 |    2.595 | 
     | 68_0                                               |              |           |       |         |          | 
     | datapath/ALU_ALU_GEN[23].slice_i_bitAdder/FE_RC_11 | A1 ^ -> ZN v | NAND2_X4  | 0.037 |   3.313 |    2.632 | 
     | 67_0                                               |              |           |       |         |          | 
     | datapath/ALU_ALU_GEN[24].slice_i_bitAdder/FE_RC_14 | A1 v -> ZN ^ | NAND2_X4  | 0.044 |   3.357 |    2.676 | 
     | 1_0                                                |              |           |       |         |          | 
     | datapath/ALU_ALU_GEN[24].slice_i_bitAdder/FE_RC_14 | A1 ^ -> ZN v | NAND2_X4  | 0.036 |   3.394 |    2.713 | 
     | 0_0                                                |              |           |       |         |          | 
     | datapath/ALU_ALU_GEN[25].slice_i_bitAdder/FE_RC_11 | A1 v -> ZN ^ | NAND2_X4  | 0.044 |   3.438 |    2.757 | 
     | 36_0                                               |              |           |       |         |          | 
     | datapath/ALU_ALU_GEN[25].slice_i_bitAdder/FE_RC_11 | A1 ^ -> ZN v | NAND2_X4  | 0.038 |   3.476 |    2.795 | 
     | 35_0                                               |              |           |       |         |          | 
     | datapath/FE_OCPC1023_ALU_cout_26                   | A v -> Z v   | CLKBUF_X1 | 0.101 |   3.577 |    2.896 | 
     | datapath/ALU_ALU_GEN[26].slice_i_bitAdder/FE_RC_28 | A1 v -> ZN ^ | NAND2_X1  | 0.050 |   3.627 |    2.946 | 
     | 20_0                                               |              |           |       |         |          | 
     | datapath/ALU_ALU_GEN[26].slice_i_bitAdder/FE_RC_52 | A ^ -> ZN v  | OAI21_X1  | 0.049 |   3.676 |    2.995 | 
     | 0_0                                                |              |           |       |         |          | 
     | datapath/ALU_ALU_GEN[26].slice_i_resultMux/FE_RC_2 | A1 v -> ZN ^ | NAND2_X1  | 0.047 |   3.723 |    3.042 | 
     | 776_0                                              |              |           |       |         |          | 
     | datapath/ALU_ALU_GEN[26].slice_i_resultMux/FE_RC_2 | A1 ^ -> ZN v | NAND2_X1  | 0.040 |   3.763 |    3.082 | 
     | 774_0                                              |              |           |       |         |          | 
     | datapath/EXMEM_aluResult_reg[26]                   | D v          | DFFR_X1   | 0.000 |   3.763 |    3.082 | 
     +------------------------------------------------------------------------------------------------------------+ 
Path 43: VIOLATED Setup Check with Pin datapath/IFID_instr_reg[22]/CK 
Endpoint:   datapath/IFID_instr_reg[22]/D       (^) checked with  leading edge 
of 'clk'
Beginpoint: datapath/registers_RF_reg[24][15]/Q (v) triggered by trailing edge 
of 'clk'
Path Groups: {reg2reg}
Analysis View: WC_VIEW
Other End Arrival Time          0.544
- Setup                         0.082
+ Phase Shift                   2.800
+ CPPR Adjustment               0.000
- Uncertainty                   0.100
= Required Time                 3.162
- Arrival Time                  3.838
= Slack Time                   -0.676
     Clock Fall Edge                 1.400
     + Clock Network Latency (Prop)  0.340
     = Beginpoint Arrival Time       1.740
     +---------------------------------------------------------------------------------------------+ 
     |              Instance               |     Arc      |   Cell    | Delay | Arrival | Required | 
     |                                     |              |           |       |  Time   |   Time   | 
     |-------------------------------------+--------------+-----------+-------+---------+----------| 
     | datapath/registers_RF_reg[24][15]   | CK ^         |           |       |   1.740 |    1.063 | 
     | datapath/registers_RF_reg[24][15]   | CK ^ -> Q v  | SDFF_X1   | 0.277 |   2.016 |    1.340 | 
     | datapath/g3891                      | B2 v -> ZN ^ | AOI22_X1  | 0.188 |   2.204 |    1.528 | 
     | datapath/FE_RC_2540_0               | A1 ^ -> ZN ^ | AND2_X2   | 0.120 |   2.324 |    1.647 | 
     | datapath/FE_RC_2538_0               | A2 ^ -> ZN v | NAND2_X2  | 0.062 |   2.386 |    1.710 | 
     | datapath/FE_RC_843_0                | A1 v -> ZN ^ | NOR2_X2   | 0.093 |   2.479 |    1.803 | 
     | datapath/FE_RC_2981_0               | A1 ^ -> ZN v | NAND3_X1  | 0.095 |   2.574 |    1.898 | 
     | datapath/FE_RC_841_0                | A v -> ZN ^  | INV_X2    | 0.066 |   2.640 |    1.963 | 
     | datapath/g28102                     | B1 ^ -> ZN v | AOI21_X2  | 0.054 |   2.694 |    2.018 | 
     | datapath/g28048                     | A v -> ZN ^  | XNOR2_X1  | 0.116 |   2.810 |    2.134 | 
     | datapath/g27919                     | A4 ^ -> ZN v | NAND4_X1  | 0.122 |   2.932 |    2.255 | 
     | datapath/FE_RC_2094_0               | A v -> ZN ^  | INV_X2    | 0.082 |   3.014 |    2.338 | 
     | datapath/FE_RC_2305_0               | A1 ^ -> ZN v | NAND3_X2  | 0.053 |   3.067 |    2.391 | 
     | datapath/FE_RC_2091_0               | A1 v -> ZN ^ | NOR2_X2   | 0.120 |   3.187 |    2.511 | 
     | datapath/FE_RC_3065_0               | A1 ^ -> ZN v | NAND4_X1  | 0.107 |   3.294 |    2.618 | 
     | datapath/FE_RC_3064_0               | A v -> ZN ^  | OAI211_X2 | 0.105 |   3.399 |    2.723 | 
     | datapath/g19650                     | A2 ^ -> ZN v | NAND2_X4  | 0.072 |   3.471 |    2.794 | 
     | datapath/FE_OFC1013_IFID_takeBranch | A v -> Z v   | BUF_X16   | 0.089 |   3.560 |    2.883 | 
     | g1513                               | A1 v -> ZN v | AND2_X4   | 0.112 |   3.672 |    2.995 | 
     | datapath/FE_OCPC870_IFID_flush      | A v -> Z v   | BUF_X4    | 0.087 |   3.759 |    3.083 | 
     | datapath/g37450                     | A1 v -> ZN ^ | NOR2_X1   | 0.079 |   3.838 |    3.162 | 
     | datapath/IFID_instr_reg[22]         | D ^          | DFFR_X1   | 0.000 |   3.838 |    3.162 | 
     +---------------------------------------------------------------------------------------------+ 
Path 44: VIOLATED Setup Check with Pin datapath/IFID_pc_reg[14]/CK 
Endpoint:   datapath/IFID_pc_reg[14]/D          (^) checked with  leading edge 
of 'clk'
Beginpoint: datapath/registers_RF_reg[24][15]/Q (v) triggered by trailing edge 
of 'clk'
Path Groups: {reg2reg}
Analysis View: WC_VIEW
Other End Arrival Time          0.577
- Setup                         0.083
+ Phase Shift                   2.800
+ CPPR Adjustment               0.000
- Uncertainty                   0.100
= Required Time                 3.194
- Arrival Time                  3.870
= Slack Time                   -0.675
     Clock Fall Edge                 1.400
     + Clock Network Latency (Prop)  0.340
     = Beginpoint Arrival Time       1.740
     +---------------------------------------------------------------------------------------------+ 
     |              Instance               |     Arc      |   Cell    | Delay | Arrival | Required | 
     |                                     |              |           |       |  Time   |   Time   | 
     |-------------------------------------+--------------+-----------+-------+---------+----------| 
     | datapath/registers_RF_reg[24][15]   | CK ^         |           |       |   1.740 |    1.064 | 
     | datapath/registers_RF_reg[24][15]   | CK ^ -> Q v  | SDFF_X1   | 0.277 |   2.016 |    1.341 | 
     | datapath/g3891                      | B2 v -> ZN ^ | AOI22_X1  | 0.188 |   2.204 |    1.529 | 
     | datapath/FE_RC_2540_0               | A1 ^ -> ZN ^ | AND2_X2   | 0.120 |   2.324 |    1.648 | 
     | datapath/FE_RC_2538_0               | A2 ^ -> ZN v | NAND2_X2  | 0.062 |   2.386 |    1.711 | 
     | datapath/FE_RC_843_0                | A1 v -> ZN ^ | NOR2_X2   | 0.093 |   2.479 |    1.804 | 
     | datapath/FE_RC_2981_0               | A1 ^ -> ZN v | NAND3_X1  | 0.095 |   2.574 |    1.898 | 
     | datapath/FE_RC_841_0                | A v -> ZN ^  | INV_X2    | 0.066 |   2.640 |    1.964 | 
     | datapath/g28102                     | B1 ^ -> ZN v | AOI21_X2  | 0.054 |   2.694 |    2.019 | 
     | datapath/g28048                     | A v -> ZN ^  | XNOR2_X1  | 0.116 |   2.810 |    2.134 | 
     | datapath/g27919                     | A4 ^ -> ZN v | NAND4_X1  | 0.122 |   2.932 |    2.256 | 
     | datapath/FE_RC_2094_0               | A v -> ZN ^  | INV_X2    | 0.082 |   3.014 |    2.339 | 
     | datapath/FE_RC_2305_0               | A1 ^ -> ZN v | NAND3_X2  | 0.053 |   3.067 |    2.392 | 
     | datapath/FE_RC_2091_0               | A1 v -> ZN ^ | NOR2_X2   | 0.120 |   3.187 |    2.512 | 
     | datapath/FE_RC_3065_0               | A1 ^ -> ZN v | NAND4_X1  | 0.107 |   3.294 |    2.618 | 
     | datapath/FE_RC_3064_0               | A v -> ZN ^  | OAI211_X2 | 0.105 |   3.399 |    2.724 | 
     | datapath/g19650                     | A2 ^ -> ZN v | NAND2_X4  | 0.072 |   3.471 |    2.795 | 
     | datapath/FE_OFC1013_IFID_takeBranch | A v -> Z v   | BUF_X16   | 0.089 |   3.560 |    2.884 | 
     | g1513                               | A1 v -> ZN v | AND2_X4   | 0.112 |   3.672 |    2.996 | 
     | datapath/FE_OCPC869_IFID_flush      | A v -> ZN ^  | INV_X8    | 0.070 |   3.742 |    3.067 | 
     | datapath/FE_OCPC872_IFID_flush      | A ^ -> ZN v  | INV_X16   | 0.038 |   3.781 |    3.105 | 
     | datapath/g37504                     | A1 v -> ZN ^ | NOR2_X1   | 0.089 |   3.870 |    3.194 | 
     | datapath/IFID_pc_reg[14]            | D ^          | DFFR_X1   | 0.000 |   3.870 |    3.194 | 
     +---------------------------------------------------------------------------------------------+ 
Path 45: VIOLATED Setup Check with Pin datapath/IFID_pc_reg[24]/CK 
Endpoint:   datapath/IFID_pc_reg[24]/D          (^) checked with  leading edge 
of 'clk'
Beginpoint: datapath/registers_RF_reg[24][15]/Q (v) triggered by trailing edge 
of 'clk'
Path Groups: {reg2reg}
Analysis View: WC_VIEW
Other End Arrival Time          0.578
- Setup                         0.083
+ Phase Shift                   2.800
+ CPPR Adjustment               0.000
- Uncertainty                   0.100
= Required Time                 3.194
- Arrival Time                  3.869
= Slack Time                   -0.675
     Clock Fall Edge                 1.400
     + Clock Network Latency (Prop)  0.340
     = Beginpoint Arrival Time       1.740
     +---------------------------------------------------------------------------------------------+ 
     |              Instance               |     Arc      |   Cell    | Delay | Arrival | Required | 
     |                                     |              |           |       |  Time   |   Time   | 
     |-------------------------------------+--------------+-----------+-------+---------+----------| 
     | datapath/registers_RF_reg[24][15]   | CK ^         |           |       |   1.740 |    1.065 | 
     | datapath/registers_RF_reg[24][15]   | CK ^ -> Q v  | SDFF_X1   | 0.277 |   2.016 |    1.342 | 
     | datapath/g3891                      | B2 v -> ZN ^ | AOI22_X1  | 0.188 |   2.204 |    1.529 | 
     | datapath/FE_RC_2540_0               | A1 ^ -> ZN ^ | AND2_X2   | 0.120 |   2.324 |    1.649 | 
     | datapath/FE_RC_2538_0               | A2 ^ -> ZN v | NAND2_X2  | 0.062 |   2.386 |    1.711 | 
     | datapath/FE_RC_843_0                | A1 v -> ZN ^ | NOR2_X2   | 0.093 |   2.479 |    1.805 | 
     | datapath/FE_RC_2981_0               | A1 ^ -> ZN v | NAND3_X1  | 0.095 |   2.574 |    1.899 | 
     | datapath/FE_RC_841_0                | A v -> ZN ^  | INV_X2    | 0.066 |   2.640 |    1.965 | 
     | datapath/g28102                     | B1 ^ -> ZN v | AOI21_X2  | 0.054 |   2.694 |    2.019 | 
     | datapath/g28048                     | A v -> ZN ^  | XNOR2_X1  | 0.116 |   2.810 |    2.135 | 
     | datapath/g27919                     | A4 ^ -> ZN v | NAND4_X1  | 0.122 |   2.932 |    2.257 | 
     | datapath/FE_RC_2094_0               | A v -> ZN ^  | INV_X2    | 0.082 |   3.014 |    2.340 | 
     | datapath/FE_RC_2305_0               | A1 ^ -> ZN v | NAND3_X2  | 0.053 |   3.067 |    2.393 | 
     | datapath/FE_RC_2091_0               | A1 v -> ZN ^ | NOR2_X2   | 0.120 |   3.187 |    2.512 | 
     | datapath/FE_RC_3065_0               | A1 ^ -> ZN v | NAND4_X1  | 0.107 |   3.294 |    2.619 | 
     | datapath/FE_RC_3064_0               | A v -> ZN ^  | OAI211_X2 | 0.105 |   3.399 |    2.724 | 
     | datapath/g19650                     | A2 ^ -> ZN v | NAND2_X4  | 0.072 |   3.471 |    2.796 | 
     | datapath/FE_OFC1013_IFID_takeBranch | A v -> Z v   | BUF_X16   | 0.089 |   3.560 |    2.885 | 
     | g1513                               | A1 v -> ZN v | AND2_X4   | 0.112 |   3.672 |    2.997 | 
     | datapath/FE_OCPC869_IFID_flush      | A v -> ZN ^  | INV_X8    | 0.070 |   3.742 |    3.068 | 
     | datapath/FE_OCPC872_IFID_flush      | A ^ -> ZN v  | INV_X16   | 0.038 |   3.781 |    3.106 | 
     | datapath/g37513                     | A1 v -> ZN ^ | NOR2_X1   | 0.089 |   3.869 |    3.194 | 
     | datapath/IFID_pc_reg[24]            | D ^          | DFFR_X1   | 0.000 |   3.869 |    3.194 | 
     +---------------------------------------------------------------------------------------------+ 
Path 46: VIOLATED Setup Check with Pin datapath/IFID_instr_reg[11]/CK 
Endpoint:   datapath/IFID_instr_reg[11]/D       (v) checked with  leading edge 
of 'clk'
Beginpoint: datapath/registers_RF_reg[24][15]/Q (v) triggered by trailing edge 
of 'clk'
Path Groups: {reg2reg}
Analysis View: WC_VIEW
Other End Arrival Time          0.544
- Setup                         0.137
+ Phase Shift                   2.800
+ CPPR Adjustment               0.000
- Uncertainty                   0.100
= Required Time                 3.106
- Arrival Time                  3.779
= Slack Time                   -0.672
     Clock Fall Edge                 1.400
     + Clock Network Latency (Prop)  0.340
     = Beginpoint Arrival Time       1.740
     +---------------------------------------------------------------------------------------------+ 
     |              Instance               |     Arc      |   Cell    | Delay | Arrival | Required | 
     |                                     |              |           |       |  Time   |   Time   | 
     |-------------------------------------+--------------+-----------+-------+---------+----------| 
     | datapath/registers_RF_reg[24][15]   | CK ^         |           |       |   1.740 |    1.067 | 
     | datapath/registers_RF_reg[24][15]   | CK ^ -> Q v  | SDFF_X1   | 0.277 |   2.016 |    1.344 | 
     | datapath/g3891                      | B2 v -> ZN ^ | AOI22_X1  | 0.188 |   2.204 |    1.532 | 
     | datapath/FE_RC_2540_0               | A1 ^ -> ZN ^ | AND2_X2   | 0.120 |   2.324 |    1.651 | 
     | datapath/FE_RC_2538_0               | A2 ^ -> ZN v | NAND2_X2  | 0.062 |   2.386 |    1.714 | 
     | datapath/FE_RC_843_0                | A1 v -> ZN ^ | NOR2_X2   | 0.093 |   2.479 |    1.807 | 
     | datapath/FE_RC_2981_0               | A1 ^ -> ZN v | NAND3_X1  | 0.095 |   2.574 |    1.902 | 
     | datapath/FE_RC_841_0                | A v -> ZN ^  | INV_X2    | 0.066 |   2.640 |    1.967 | 
     | datapath/g28102                     | B1 ^ -> ZN v | AOI21_X2  | 0.054 |   2.694 |    2.022 | 
     | datapath/g28048                     | A v -> ZN ^  | XNOR2_X1  | 0.116 |   2.810 |    2.138 | 
     | datapath/g27919                     | A4 ^ -> ZN v | NAND4_X1  | 0.122 |   2.932 |    2.259 | 
     | datapath/FE_RC_2094_0               | A v -> ZN ^  | INV_X2    | 0.082 |   3.014 |    2.342 | 
     | datapath/FE_RC_2305_0               | A1 ^ -> ZN v | NAND3_X2  | 0.053 |   3.067 |    2.395 | 
     | datapath/FE_RC_2091_0               | A1 v -> ZN ^ | NOR2_X2   | 0.120 |   3.187 |    2.515 | 
     | datapath/FE_RC_3067_0               | A1 ^ -> ZN ^ | OR2_X2    | 0.092 |   3.279 |    2.607 | 
     | datapath/FE_RC_3064_0               | B ^ -> ZN v  | OAI211_X2 | 0.082 |   3.361 |    2.688 | 
     | datapath/g19650                     | A2 v -> ZN ^ | NAND2_X4  | 0.080 |   3.440 |    2.768 | 
     | datapath/FE_OFC1013_IFID_takeBranch | A ^ -> Z ^   | BUF_X16   | 0.084 |   3.524 |    2.851 | 
     | g1513                               | A1 ^ -> ZN ^ | AND2_X4   | 0.139 |   3.663 |    2.991 | 
     | datapath/FE_OCPC870_IFID_flush      | A ^ -> Z ^   | BUF_X4    | 0.090 |   3.753 |    3.081 | 
     | datapath/g37495                     | A1 ^ -> ZN v | NOR2_X1   | 0.025 |   3.779 |    3.106 | 
     | datapath/IFID_instr_reg[11]         | D v          | DFFR_X1   | 0.000 |   3.779 |    3.106 | 
     +---------------------------------------------------------------------------------------------+ 
Path 47: VIOLATED Setup Check with Pin datapath/IFID_instr_reg[8]/CK 
Endpoint:   datapath/IFID_instr_reg[8]/D        (v) checked with  leading edge 
of 'clk'
Beginpoint: datapath/registers_RF_reg[24][15]/Q (v) triggered by trailing edge 
of 'clk'
Path Groups: {reg2reg}
Analysis View: WC_VIEW
Other End Arrival Time          0.544
- Setup                         0.138
+ Phase Shift                   2.800
+ CPPR Adjustment               0.000
- Uncertainty                   0.100
= Required Time                 3.106
- Arrival Time                  3.778
= Slack Time                   -0.672
     Clock Fall Edge                 1.400
     + Clock Network Latency (Prop)  0.340
     = Beginpoint Arrival Time       1.740
     +---------------------------------------------------------------------------------------------+ 
     |              Instance               |     Arc      |   Cell    | Delay | Arrival | Required | 
     |                                     |              |           |       |  Time   |   Time   | 
     |-------------------------------------+--------------+-----------+-------+---------+----------| 
     | datapath/registers_RF_reg[24][15]   | CK ^         |           |       |   1.740 |    1.067 | 
     | datapath/registers_RF_reg[24][15]   | CK ^ -> Q v  | SDFF_X1   | 0.277 |   2.016 |    1.344 | 
     | datapath/g3891                      | B2 v -> ZN ^ | AOI22_X1  | 0.188 |   2.204 |    1.532 | 
     | datapath/FE_RC_2540_0               | A1 ^ -> ZN ^ | AND2_X2   | 0.120 |   2.324 |    1.652 | 
     | datapath/FE_RC_2538_0               | A2 ^ -> ZN v | NAND2_X2  | 0.062 |   2.386 |    1.714 | 
     | datapath/FE_RC_843_0                | A1 v -> ZN ^ | NOR2_X2   | 0.093 |   2.479 |    1.807 | 
     | datapath/FE_RC_2981_0               | A1 ^ -> ZN v | NAND3_X1  | 0.095 |   2.574 |    1.902 | 
     | datapath/FE_RC_841_0                | A v -> ZN ^  | INV_X2    | 0.066 |   2.640 |    1.968 | 
     | datapath/g28102                     | B1 ^ -> ZN v | AOI21_X2  | 0.054 |   2.694 |    2.022 | 
     | datapath/g28048                     | A v -> ZN ^  | XNOR2_X1  | 0.116 |   2.810 |    2.138 | 
     | datapath/g27919                     | A4 ^ -> ZN v | NAND4_X1  | 0.122 |   2.932 |    2.260 | 
     | datapath/FE_RC_2094_0               | A v -> ZN ^  | INV_X2    | 0.082 |   3.014 |    2.342 | 
     | datapath/FE_RC_2305_0               | A1 ^ -> ZN v | NAND3_X2  | 0.053 |   3.067 |    2.395 | 
     | datapath/FE_RC_2091_0               | A1 v -> ZN ^ | NOR2_X2   | 0.120 |   3.187 |    2.515 | 
     | datapath/FE_RC_3067_0               | A1 ^ -> ZN ^ | OR2_X2    | 0.092 |   3.279 |    2.607 | 
     | datapath/FE_RC_3064_0               | B ^ -> ZN v  | OAI211_X2 | 0.082 |   3.361 |    2.688 | 
     | datapath/g19650                     | A2 v -> ZN ^ | NAND2_X4  | 0.080 |   3.440 |    2.768 | 
     | datapath/FE_OFC1013_IFID_takeBranch | A ^ -> Z ^   | BUF_X16   | 0.084 |   3.524 |    2.852 | 
     | g1513                               | A1 ^ -> ZN ^ | AND2_X4   | 0.139 |   3.663 |    2.991 | 
     | datapath/FE_OCPC870_IFID_flush      | A ^ -> Z ^   | BUF_X4    | 0.090 |   3.753 |    3.081 | 
     | datapath/g37524                     | A1 ^ -> ZN v | NOR2_X1   | 0.025 |   3.778 |    3.106 | 
     | datapath/IFID_instr_reg[8]          | D v          | DFFR_X1   | 0.000 |   3.778 |    3.106 | 
     +---------------------------------------------------------------------------------------------+ 
Path 48: VIOLATED Setup Check with Pin datapath/IFID_pc_reg[3]/CK 
Endpoint:   datapath/IFID_pc_reg[3]/D           (^) checked with  leading edge 
of 'clk'
Beginpoint: datapath/registers_RF_reg[24][15]/Q (v) triggered by trailing edge 
of 'clk'
Path Groups: {reg2reg}
Analysis View: WC_VIEW
Other End Arrival Time          0.578
- Setup                         0.082
+ Phase Shift                   2.800
+ CPPR Adjustment               0.000
- Uncertainty                   0.100
= Required Time                 3.195
- Arrival Time                  3.867
= Slack Time                   -0.672
     Clock Fall Edge                 1.400
     + Clock Network Latency (Prop)  0.340
     = Beginpoint Arrival Time       1.740
     +---------------------------------------------------------------------------------------------+ 
     |              Instance               |     Arc      |   Cell    | Delay | Arrival | Required | 
     |                                     |              |           |       |  Time   |   Time   | 
     |-------------------------------------+--------------+-----------+-------+---------+----------| 
     | datapath/registers_RF_reg[24][15]   | CK ^         |           |       |   1.740 |    1.068 | 
     | datapath/registers_RF_reg[24][15]   | CK ^ -> Q v  | SDFF_X1   | 0.277 |   2.016 |    1.345 | 
     | datapath/g3891                      | B2 v -> ZN ^ | AOI22_X1  | 0.188 |   2.204 |    1.532 | 
     | datapath/FE_RC_2540_0               | A1 ^ -> ZN ^ | AND2_X2   | 0.120 |   2.324 |    1.652 | 
     | datapath/FE_RC_2538_0               | A2 ^ -> ZN v | NAND2_X2  | 0.062 |   2.386 |    1.714 | 
     | datapath/FE_RC_843_0                | A1 v -> ZN ^ | NOR2_X2   | 0.093 |   2.479 |    1.808 | 
     | datapath/FE_RC_2981_0               | A1 ^ -> ZN v | NAND3_X1  | 0.095 |   2.574 |    1.902 | 
     | datapath/FE_RC_841_0                | A v -> ZN ^  | INV_X2    | 0.066 |   2.640 |    1.968 | 
     | datapath/g28102                     | B1 ^ -> ZN v | AOI21_X2  | 0.054 |   2.694 |    2.022 | 
     | datapath/g28048                     | A v -> ZN ^  | XNOR2_X1  | 0.116 |   2.810 |    2.138 | 
     | datapath/g27919                     | A4 ^ -> ZN v | NAND4_X1  | 0.122 |   2.932 |    2.260 | 
     | datapath/FE_RC_2094_0               | A v -> ZN ^  | INV_X2    | 0.082 |   3.014 |    2.343 | 
     | datapath/FE_RC_2305_0               | A1 ^ -> ZN v | NAND3_X2  | 0.053 |   3.067 |    2.396 | 
     | datapath/FE_RC_2091_0               | A1 v -> ZN ^ | NOR2_X2   | 0.120 |   3.187 |    2.515 | 
     | datapath/FE_RC_3065_0               | A1 ^ -> ZN v | NAND4_X1  | 0.107 |   3.294 |    2.622 | 
     | datapath/FE_RC_3064_0               | A v -> ZN ^  | OAI211_X2 | 0.105 |   3.399 |    2.727 | 
     | datapath/g19650                     | A2 ^ -> ZN v | NAND2_X4  | 0.072 |   3.471 |    2.799 | 
     | datapath/FE_OFC1013_IFID_takeBranch | A v -> Z v   | BUF_X16   | 0.089 |   3.560 |    2.888 | 
     | g1513                               | A1 v -> ZN v | AND2_X4   | 0.112 |   3.672 |    3.000 | 
     | datapath/FE_OCPC869_IFID_flush      | A v -> ZN ^  | INV_X8    | 0.070 |   3.742 |    3.071 | 
     | datapath/FE_OCPC872_IFID_flush      | A ^ -> ZN v  | INV_X16   | 0.038 |   3.781 |    3.109 | 
     | datapath/g37510                     | A1 v -> ZN ^ | NOR2_X1   | 0.086 |   3.867 |    3.195 | 
     | datapath/IFID_pc_reg[3]             | D ^          | DFFR_X1   | 0.000 |   3.867 |    3.195 | 
     +---------------------------------------------------------------------------------------------+ 
Path 49: VIOLATED Setup Check with Pin datapath/IF_pc_reg[23]/CK 
Endpoint:   datapath/IF_pc_reg[23]/D            (^) checked with  leading edge 
of 'clk'
Beginpoint: datapath/registers_RF_reg[24][15]/Q (v) triggered by trailing edge 
of 'clk'
Path Groups: {reg2reg}
Analysis View: WC_VIEW
Other End Arrival Time          0.577
- Setup                         0.245
+ Phase Shift                   2.800
+ CPPR Adjustment               0.000
- Uncertainty                   0.100
= Required Time                 3.032
- Arrival Time                  3.702
= Slack Time                   -0.670
     Clock Fall Edge                 1.400
     + Clock Network Latency (Prop)  0.340
     = Beginpoint Arrival Time       1.740
     +----------------------------------------------------------------------------------------------+ 
     |               Instance               |     Arc      |   Cell    | Delay | Arrival | Required | 
     |                                      |              |           |       |  Time   |   Time   | 
     |--------------------------------------+--------------+-----------+-------+---------+----------| 
     | datapath/registers_RF_reg[24][15]    | CK ^         |           |       |   1.740 |    1.070 | 
     | datapath/registers_RF_reg[24][15]    | CK ^ -> Q v  | SDFF_X1   | 0.277 |   2.016 |    1.347 | 
     | datapath/g3891                       | B2 v -> ZN ^ | AOI22_X1  | 0.188 |   2.204 |    1.534 | 
     | datapath/FE_RC_2540_0                | A1 ^ -> ZN ^ | AND2_X2   | 0.120 |   2.324 |    1.654 | 
     | datapath/FE_RC_2538_0                | A2 ^ -> ZN v | NAND2_X2  | 0.062 |   2.386 |    1.716 | 
     | datapath/FE_RC_843_0                 | A1 v -> ZN ^ | NOR2_X2   | 0.093 |   2.479 |    1.810 | 
     | datapath/FE_RC_2981_0                | A1 ^ -> ZN v | NAND3_X1  | 0.095 |   2.574 |    1.904 | 
     | datapath/FE_RC_841_0                 | A v -> ZN ^  | INV_X2    | 0.066 |   2.640 |    1.970 | 
     | datapath/g28102                      | B1 ^ -> ZN v | AOI21_X2  | 0.054 |   2.694 |    2.024 | 
     | datapath/g28048                      | A v -> ZN ^  | XNOR2_X1  | 0.116 |   2.810 |    2.140 | 
     | datapath/g27919                      | A4 ^ -> ZN v | NAND4_X1  | 0.122 |   2.932 |    2.262 | 
     | datapath/FE_RC_2094_0                | A v -> ZN ^  | INV_X2    | 0.082 |   3.014 |    2.345 | 
     | datapath/FE_RC_2305_0                | A1 ^ -> ZN v | NAND3_X2  | 0.053 |   3.067 |    2.398 | 
     | datapath/FE_RC_2091_0                | A1 v -> ZN ^ | NOR2_X2   | 0.120 |   3.187 |    2.517 | 
     | datapath/FE_RC_3065_0                | A1 ^ -> ZN v | NAND4_X1  | 0.107 |   3.294 |    2.624 | 
     | datapath/FE_RC_3064_0                | A v -> ZN ^  | OAI211_X2 | 0.105 |   3.399 |    2.729 | 
     | datapath/g19650                      | A2 ^ -> ZN v | NAND2_X4  | 0.072 |   3.471 |    2.801 | 
     | datapath/FE_OFC1013_IFID_takeBranch  | A v -> Z v   | BUF_X16   | 0.089 |   3.560 |    2.890 | 
     | datapath/branch_or_inc_4/FE_RC_566_0 | B1 v -> ZN ^ | OAI22_X1  | 0.142 |   3.702 |    3.032 | 
     | datapath/IF_pc_reg[23]               | D ^          | SDFFR_X1  | 0.000 |   3.702 |    3.032 | 
     +----------------------------------------------------------------------------------------------+ 
Path 50: VIOLATED Setup Check with Pin datapath/IFID_pc_reg[23]/CK 
Endpoint:   datapath/IFID_pc_reg[23]/D          (v) checked with  leading edge 
of 'clk'
Beginpoint: datapath/registers_RF_reg[24][15]/Q (v) triggered by trailing edge 
of 'clk'
Path Groups: {reg2reg}
Analysis View: WC_VIEW
Other End Arrival Time          0.578
- Setup                         0.138
+ Phase Shift                   2.800
+ CPPR Adjustment               0.000
- Uncertainty                   0.100
= Required Time                 3.139
- Arrival Time                  3.809
= Slack Time                   -0.670
     Clock Fall Edge                 1.400
     + Clock Network Latency (Prop)  0.340
     = Beginpoint Arrival Time       1.740
     +---------------------------------------------------------------------------------------------+ 
     |              Instance               |     Arc      |   Cell    | Delay | Arrival | Required | 
     |                                     |              |           |       |  Time   |   Time   | 
     |-------------------------------------+--------------+-----------+-------+---------+----------| 
     | datapath/registers_RF_reg[24][15]   | CK ^         |           |       |   1.740 |    1.070 | 
     | datapath/registers_RF_reg[24][15]   | CK ^ -> Q v  | SDFF_X1   | 0.277 |   2.016 |    1.347 | 
     | datapath/g3891                      | B2 v -> ZN ^ | AOI22_X1  | 0.188 |   2.204 |    1.535 | 
     | datapath/FE_RC_2540_0               | A1 ^ -> ZN ^ | AND2_X2   | 0.120 |   2.324 |    1.654 | 
     | datapath/FE_RC_2538_0               | A2 ^ -> ZN v | NAND2_X2  | 0.062 |   2.386 |    1.717 | 
     | datapath/FE_RC_843_0                | A1 v -> ZN ^ | NOR2_X2   | 0.093 |   2.479 |    1.810 | 
     | datapath/FE_RC_2981_0               | A1 ^ -> ZN v | NAND3_X1  | 0.095 |   2.574 |    1.904 | 
     | datapath/FE_RC_841_0                | A v -> ZN ^  | INV_X2    | 0.066 |   2.640 |    1.970 | 
     | datapath/g28102                     | B1 ^ -> ZN v | AOI21_X2  | 0.054 |   2.694 |    2.025 | 
     | datapath/g28048                     | A v -> ZN ^  | XNOR2_X1  | 0.116 |   2.810 |    2.140 | 
     | datapath/g27919                     | A4 ^ -> ZN v | NAND4_X1  | 0.122 |   2.932 |    2.262 | 
     | datapath/FE_RC_2094_0               | A v -> ZN ^  | INV_X2    | 0.082 |   3.014 |    2.345 | 
     | datapath/FE_RC_2305_0               | A1 ^ -> ZN v | NAND3_X2  | 0.053 |   3.067 |    2.398 | 
     | datapath/FE_RC_2091_0               | A1 v -> ZN ^ | NOR2_X2   | 0.120 |   3.187 |    2.518 | 
     | datapath/FE_RC_3067_0               | A1 ^ -> ZN ^ | OR2_X2    | 0.092 |   3.279 |    2.610 | 
     | datapath/FE_RC_3064_0               | B ^ -> ZN v  | OAI211_X2 | 0.082 |   3.361 |    2.691 | 
     | datapath/g19650                     | A2 v -> ZN ^ | NAND2_X4  | 0.080 |   3.440 |    2.771 | 
     | datapath/FE_OFC1013_IFID_takeBranch | A ^ -> Z ^   | BUF_X16   | 0.084 |   3.524 |    2.854 | 
     | g1513                               | A1 ^ -> ZN ^ | AND2_X4   | 0.139 |   3.663 |    2.994 | 
     | datapath/FE_OCPC869_IFID_flush      | A ^ -> ZN v  | INV_X8    | 0.046 |   3.710 |    3.040 | 
     | datapath/FE_OCPC872_IFID_flush      | A v -> ZN ^  | INV_X16   | 0.065 |   3.775 |    3.105 | 
     | datapath/g37512                     | A1 ^ -> ZN v | NOR2_X1   | 0.034 |   3.809 |    3.139 | 
     | datapath/IFID_pc_reg[23]            | D v          | DFFR_X1   | 0.000 |   3.809 |    3.139 | 
     +---------------------------------------------------------------------------------------------+ 

