###############################################################
#  Generated by:      Cadence Innovus 23.12-s091_1
#  OS:                Linux x86_64(Host ID nanohub-2907946-1)
#  Generated on:      Tue Aug 11 17:57:34 2026
#  Design:            pipelined_cpu_core
#  Command:           report_timing -late  -max_paths 50 -nworst 1 > reports/40_final_setup.rpt
###############################################################
Path 1: VIOLATED Setup Check with Pin datapath/IF_pc_reg[31]/CK 
Endpoint:   datapath/IF_pc_reg[31]/D      (^) checked with  leading edge of 
'clk'
Beginpoint: datapath/IFID_instr_reg[1]/QN (v) triggered by  leading edge of 
'clk'
Path Groups: {reg2reg}
Analysis View: WC_VIEW
Other End Arrival Time          0.051
- Setup                         0.076
+ Phase Shift                   4.100
+ CPPR Adjustment               0.000
- Uncertainty                   0.100
= Required Time                 3.975
- Arrival Time                  4.004
= Slack Time                   -0.029
     Clock Rise Edge                 0.000
     + Clock Network Latency (Prop)  0.042
     = Beginpoint Arrival Time       0.042
     +-----------------------------------------------------------------------------------------------------------+ 
     |                      Instance                      |     Arc      |   Cell   | Delay | Arrival | Required | 
     |                                                    |              |          |       |  Time   |   Time   | 
     |----------------------------------------------------+--------------+----------+-------+---------+----------| 
     | datapath/IFID_instr_reg[1]                         | CK ^         |          |       |   0.042 |    0.012 | 
     | datapath/IFID_instr_reg[1]                         | CK ^ -> QN v | DFFR_X1  | 0.253 |   0.294 |    0.265 | 
     | datapath/g35807                                    | A v -> ZN ^  | INV_X1   | 0.088 |   0.383 |    0.353 | 
     | datapath/immediate_generation/g2                   | A2 ^ -> ZN ^ | AND2_X2  | 0.127 |   0.510 |    0.480 | 
     | datapath/immediate_generation/g3556__6131          | A1 ^ -> ZN ^ | AND4_X1  | 0.197 |   0.707 |    0.678 | 
     | datapath/immediate_generation/g3540__5107          | A1 ^ -> ZN v | NAND2_X1 | 0.048 |   0.755 |    0.726 | 
     | datapath/immediate_generation/g3534__1666          | A2 v -> ZN ^ | NAND2_X1 | 0.112 |   0.866 |    0.837 | 
     | datapath/pc_plus_imm/FA_GEN[2].fa_i/FE_OFC720_IFID | A ^ -> ZN v  | INV_X1   | 0.035 |   0.901 |    0.872 | 
     | _imm_2                                             |              |          |       |         |          | 
     | datapath/pc_plus_imm/FA_GEN[2].fa_i/g157__7098     | A1 v -> ZN ^ | NAND2_X1 | 0.049 |   0.950 |    0.920 | 
     | datapath/pc_plus_imm/FA_GEN[2].fa_i/g155__5122     | A2 ^ -> ZN v | NAND2_X1 | 0.041 |   0.990 |    0.961 | 
     | datapath/pc_plus_imm/FA_GEN[2].fa_i/g153__2802     | A1 v -> ZN ^ | NAND2_X1 | 0.067 |   1.057 |    1.028 | 
     | datapath/pc_plus_imm/FA_GEN[3].fa_i/g155__7482     | A1 ^ -> ZN v | NAND2_X1 | 0.055 |   1.112 |    1.083 | 
     | datapath/pc_plus_imm/FA_GEN[3].fa_i/g153__1881     | A1 v -> ZN ^ | NAND2_X2 | 0.065 |   1.177 |    1.148 | 
     | datapath/pc_plus_imm/FA_GEN[4].fa_i/g155__2346     | A1 ^ -> ZN v | NAND2_X2 | 0.042 |   1.219 |    1.190 | 
     | datapath/pc_plus_imm/FA_GEN[4].fa_i/g153__9945     | A1 v -> ZN ^ | NAND2_X2 | 0.050 |   1.269 |    1.240 | 
     | datapath/pc_plus_imm/FA_GEN[5].fa_i/g155__5107     | A1 ^ -> ZN v | NAND2_X1 | 0.046 |   1.315 |    1.286 | 
     | datapath/pc_plus_imm/FA_GEN[5].fa_i/g153__5477     | A1 v -> ZN ^ | NAND2_X2 | 0.054 |   1.369 |    1.340 | 
     | datapath/pc_plus_imm/FA_GEN[6].fa_i/g155__3680     | A1 ^ -> ZN v | NAND2_X1 | 0.048 |   1.417 |    1.388 | 
     | datapath/pc_plus_imm/FA_GEN[6].fa_i/g153__5526     | A1 v -> ZN ^ | NAND2_X2 | 0.058 |   1.475 |    1.446 | 
     | datapath/pc_plus_imm/FA_GEN[7].fa_i/g155__7098     | A1 ^ -> ZN v | NAND2_X2 | 0.041 |   1.517 |    1.487 | 
     | datapath/pc_plus_imm/FA_GEN[7].fa_i/g153__5122     | A1 v -> ZN ^ | NAND2_X2 | 0.049 |   1.565 |    1.536 | 
     | datapath/pc_plus_imm/FA_GEN[8].fa_i/g155__4733     | A1 ^ -> ZN v | NAND2_X1 | 0.046 |   1.611 |    1.582 | 
     | datapath/pc_plus_imm/FA_GEN[8].fa_i/g153__5115     | A1 v -> ZN ^ | NAND2_X2 | 0.050 |   1.661 |    1.632 | 
     | datapath/pc_plus_imm/FA_GEN[9].fa_i/g155__2346     | A1 ^ -> ZN v | NAND2_X1 | 0.046 |   1.707 |    1.678 | 
     | datapath/pc_plus_imm/FA_GEN[9].fa_i/g153__9945     | A1 v -> ZN ^ | NAND2_X2 | 0.060 |   1.767 |    1.738 | 
     | datapath/pc_plus_imm/FA_GEN[10].fa_i/g137__2398    | A1 ^ -> ZN v | NAND2_X2 | 0.042 |   1.809 |    1.780 | 
     | datapath/pc_plus_imm/FA_GEN[10].fa_i/g135__6417    | A1 v -> ZN ^ | NAND2_X2 | 0.057 |   1.866 |    1.837 | 
     | datapath/pc_plus_imm/FA_GEN[11].fa_i/FE_RC_356_0   | A1 ^ -> ZN v | NAND2_X1 | 0.049 |   1.915 |    1.886 | 
     | datapath/pc_plus_imm/FA_GEN[11].fa_i/g153__4319    | A1 v -> ZN ^ | NAND2_X2 | 0.062 |   1.977 |    1.948 | 
     | datapath/pc_plus_imm/FA_GEN[12].fa_i/g155__2802    | A1 ^ -> ZN v | NAND2_X2 | 0.050 |   2.027 |    1.998 | 
     | datapath/pc_plus_imm/FA_GEN[12].fa_i/g153__3680    | A1 v -> ZN ^ | NAND2_X4 | 0.051 |   2.078 |    2.049 | 
     | datapath/pc_plus_imm/FA_GEN[13].fa_i/g155__6131    | A1 ^ -> ZN v | NAND2_X4 | 0.037 |   2.115 |    2.086 | 
     | datapath/pc_plus_imm/FA_GEN[13].fa_i/g153__8246    | A1 v -> ZN ^ | NAND2_X4 | 0.048 |   2.162 |    2.133 | 
     | datapath/pc_plus_imm/FA_GEN[14].fa_i/g155__6161    | A1 ^ -> ZN v | NAND2_X4 | 0.037 |   2.199 |    2.170 | 
     | datapath/pc_plus_imm/FA_GEN[14].fa_i/g153__7482    | A1 v -> ZN ^ | NAND2_X4 | 0.049 |   2.248 |    2.218 | 
     | datapath/pc_plus_imm/FA_GEN[15].fa_i/g155__1666    | A1 ^ -> ZN v | NAND2_X4 | 0.037 |   2.285 |    2.256 | 
     | datapath/pc_plus_imm/FA_GEN[15].fa_i/g153__2883    | A1 v -> ZN ^ | NAND2_X4 | 0.048 |   2.333 |    2.304 | 
     | datapath/pc_plus_imm/FA_GEN[16].fa_i/g155__5107    | A1 ^ -> ZN v | NAND2_X4 | 0.037 |   2.370 |    2.341 | 
     | datapath/pc_plus_imm/FA_GEN[16].fa_i/g153__5477    | A1 v -> ZN ^ | NAND2_X4 | 0.048 |   2.418 |    2.389 | 
     | datapath/pc_plus_imm/FA_GEN[17].fa_i/g155__6783    | A1 ^ -> ZN v | NAND2_X4 | 0.037 |   2.455 |    2.426 | 
     | datapath/pc_plus_imm/FA_GEN[17].fa_i/g153__8428    | A1 v -> ZN ^ | NAND2_X4 | 0.050 |   2.505 |    2.475 | 
     | datapath/pc_plus_imm/FA_GEN[18].fa_i/g155__5122    | A1 ^ -> ZN v | NAND2_X4 | 0.038 |   2.542 |    2.513 | 
     | datapath/pc_plus_imm/FA_GEN[18].fa_i/g153__2802    | A1 v -> ZN ^ | NAND2_X4 | 0.048 |   2.590 |    2.561 | 
     | datapath/pc_plus_imm/FA_GEN[19].fa_i/g155__5115    | A1 ^ -> ZN v | NAND2_X4 | 0.037 |   2.627 |    2.597 | 
     | datapath/pc_plus_imm/FA_GEN[19].fa_i/g153__6131    | A1 v -> ZN ^ | NAND2_X4 | 0.050 |   2.677 |    2.648 | 
     | datapath/pc_plus_imm/FA_GEN[20].fa_i/g155__9945    | A1 ^ -> ZN v | NAND2_X4 | 0.038 |   2.715 |    2.685 | 
     | datapath/pc_plus_imm/FA_GEN[20].fa_i/g153__6161    | A1 v -> ZN ^ | NAND2_X4 | 0.048 |   2.762 |    2.733 | 
     | datapath/pc_plus_imm/FA_GEN[21].fa_i/g155__6417    | A1 ^ -> ZN v | NAND2_X4 | 0.037 |   2.799 |    2.770 | 
     | datapath/pc_plus_imm/FA_GEN[21].fa_i/g153__1666    | A1 v -> ZN ^ | NAND2_X4 | 0.042 |   2.842 |    2.812 | 
     | datapath/pc_plus_imm/FA_GEN[22].fa_i/g155__4319    | A1 ^ -> ZN v | NAND2_X2 | 0.043 |   2.884 |    2.855 | 
     | datapath/pc_plus_imm/FA_GEN[22].fa_i/g153__5107    | A1 v -> ZN ^ | NAND2_X4 | 0.044 |   2.928 |    2.899 | 
     | datapath/pc_plus_imm/FA_GEN[23].fa_i/g155__1617    | A1 ^ -> ZN v | NAND2_X2 | 0.036 |   2.964 |    2.935 | 
     | datapath/pc_plus_imm/FA_GEN[23].fa_i/g153__6783    | A1 v -> ZN ^ | NAND2_X2 | 0.054 |   3.018 |    2.989 | 
     | datapath/pc_plus_imm/FA_GEN[24].fa_i/g149__7098    | A1 ^ -> ZN v | NAND2_X2 | 0.049 |   3.067 |    3.038 | 
     | datapath/pc_plus_imm/FA_GEN[24].fa_i/g147__5122    | A1 v -> ZN ^ | NAND2_X4 | 0.044 |   3.111 |    3.082 | 
     | datapath/pc_plus_imm/FA_GEN[25].fa_i/g119__4733    | A1 ^ -> ZN v | NAND2_X2 | 0.035 |   3.146 |    3.117 | 
     | datapath/pc_plus_imm/FA_GEN[25].fa_i/g117__5115    | A1 v -> ZN ^ | NAND2_X2 | 0.055 |   3.201 |    3.172 | 
     | datapath/pc_plus_imm/FA_GEN[26].fa_i/g120__2346    | A1 ^ -> ZN v | NAND2_X2 | 0.041 |   3.243 |    3.213 | 
     | datapath/pc_plus_imm/FA_GEN[26].fa_i/g118__9945    | A1 v -> ZN ^ | NAND2_X2 | 0.061 |   3.304 |    3.275 | 
     | datapath/pc_plus_imm/FA_GEN[27].fa_i/g79__5477     | A1 ^ -> ZN v | NAND2_X2 | 0.043 |   3.346 |    3.317 | 
     | datapath/pc_plus_imm/FA_GEN[27].fa_i/g77__6417     | A1 v -> ZN ^ | NAND2_X2 | 0.056 |   3.402 |    3.373 | 
     | datapath/pc_plus_imm/FA_GEN[28].fa_i/g79__8428     | A1 ^ -> ZN v | NAND2_X2 | 0.040 |   3.442 |    3.413 | 
     | datapath/pc_plus_imm/FA_GEN[28].fa_i/g77__4319     | A1 v -> ZN ^ | NAND2_X2 | 0.049 |   3.491 |    3.462 | 
     | datapath/pc_plus_imm/FA_GEN[29].fa_i/g79__2802     | A1 ^ -> ZN v | NAND2_X1 | 0.046 |   3.537 |    3.508 | 
     | datapath/pc_plus_imm/FA_GEN[29].fa_i/g77__1617     | A1 v -> ZN ^ | NAND2_X2 | 0.051 |   3.589 |    3.560 | 
     | datapath/pc_plus_imm/FA_GEN[30].fa_i/g79__6131     | A1 ^ -> ZN v | NAND2_X1 | 0.038 |   3.627 |    3.598 | 
     | datapath/pc_plus_imm/FA_GEN[30].fa_i/g77__7098     | A1 v -> ZN ^ | NAND2_X1 | 0.051 |   3.678 |    3.649 | 
     | datapath/pc_plus_imm/FA_GEN[31].fa_i/g36__4733     | A ^ -> ZN ^  | XNOR2_X1 | 0.119 |   3.797 |    3.768 | 
     | datapath/branch_or_inc_4/g849__6783                | A1 ^ -> ZN v | NAND2_X1 | 0.052 |   3.848 |    3.819 | 
     | datapath/branch_or_inc_4/g816__5107                | A1 v -> ZN ^ | NAND2_X1 | 0.051 |   3.899 |    3.870 | 
     | datapath/g35787                                    | A ^ -> ZN v  | INV_X1   | 0.028 |   3.928 |    3.898 | 
     | datapath/FE_RC_422_0                               | B1 v -> ZN ^ | OAI21_X2 | 0.077 |   4.004 |    3.975 | 
     | datapath/IF_pc_reg[31]                             | D ^          | DFFR_X2  | 0.000 |   4.004 |    3.975 | 
     +-----------------------------------------------------------------------------------------------------------+ 
Path 2: VIOLATED Setup Check with Pin datapath/EXMEM_aluResult_reg[0]/CK 
Endpoint:   datapath/EXMEM_aluResult_reg[0]/D (^) checked with  leading edge of 
'clk'
Beginpoint: datapath/MEMWB_rd_reg[1]/Q        (^) triggered by  leading edge of 
'clk'
Path Groups: {reg2reg}
Analysis View: WC_VIEW
Other End Arrival Time          0.141
- Setup                         0.072
+ Phase Shift                   4.100
+ CPPR Adjustment               0.000
- Uncertainty                   0.100
= Required Time                 4.069
- Arrival Time                  4.086
= Slack Time                   -0.018
     Clock Rise Edge                 0.000
     + Clock Network Latency (Prop)  -0.135
     = Beginpoint Arrival Time       -0.135
     +-----------------------------------------------------------------------------------------------------------+ 
     |                      Instance                      |     Arc      |   Cell   | Delay | Arrival | Required | 
     |                                                    |              |          |       |  Time   |   Time   | 
     |----------------------------------------------------+--------------+----------+-------+---------+----------| 
     | datapath/MEMWB_rd_reg[1]                           | CK ^         |          |       |  -0.135 |   -0.153 | 
     | datapath/MEMWB_rd_reg[1]                           | CK ^ -> Q ^  | DFFRS_X2 | 0.430 |   0.295 |    0.277 | 
     | ALU_forward/FE_RC_32_0                             | A ^ -> ZN v  | INV_X1   | 0.065 |   0.360 |    0.342 | 
     | ALU_forward/FE_RC_390_0                            | A2 v -> ZN ^ | NAND2_X1 | 0.078 |   0.437 |    0.420 | 
     | ALU_forward/FE_RC_389_0                            | A ^ -> ZN v  | OAI21_X2 | 0.050 |   0.488 |    0.470 | 
     | ALU_forward/FE_RC_171_0                            | A3 v -> ZN ^ | NAND3_X1 | 0.071 |   0.558 |    0.541 | 
     | ALU_forward/FE_RC_172_0                            | A ^ -> ZN v  | INV_X1   | 0.034 |   0.592 |    0.574 | 
     | ALU_forward/FE_RC_111_0                            | A1 v -> ZN ^ | NAND3_X2 | 0.064 |   0.656 |    0.639 | 
     | ALU_forward/FE_RC_63_0                             | A ^ -> ZN v  | INV_X4   | 0.042 |   0.698 |    0.681 | 
     | datapath/g27153                                    | A1 v -> ZN ^ | NOR2_X2  | 0.089 |   0.787 |    0.769 | 
     | datapath/FE_OFC307_n_616                           | A ^ -> ZN v  | INV_X1   | 0.057 |   0.844 |    0.826 | 
     | datapath/FE_OFC698_n_515                           | A v -> ZN ^  | INV_X1   | 0.047 |   0.890 |    0.873 | 
     | datapath/FE_RC_65_0                                | A1 ^ -> ZN v | NAND2_X1 | 0.044 |   0.935 |    0.917 | 
     | datapath/FE_RC_425_0                               | A1 v -> ZN ^ | NAND3_X1 | 0.122 |   1.057 |    1.039 | 
     | datapath/ALU_ALU_GEN[2].slice_i_bitAdder/FE_RC_308 | A1 ^ -> ZN v | NAND2_X2 | 0.070 |   1.126 |    1.109 | 
     | _0                                                 |              |          |       |         |          | 
     | datapath/ALU_ALU_GEN[2].slice_i_bitAdder/FE_RC_305 | A2 v -> ZN ^ | NAND2_X4 | 0.066 |   1.192 |    1.175 | 
     | _0                                                 |              |          |       |         |          | 
     | datapath/ALU_ALU_GEN[3].slice_i_bitAdder/g155__239 | A1 ^ -> ZN v | NAND2_X4 | 0.036 |   1.228 |    1.210 | 
     | 8                                                  |              |          |       |         |          | 
     | datapath/ALU_ALU_GEN[3].slice_i_bitAdder/g153__641 | A1 v -> ZN ^ | NAND2_X4 | 0.044 |   1.272 |    1.254 | 
     | 7                                                  |              |          |       |         |          | 
     | datapath/ALU_ALU_GEN[4].slice_i_bitAdder/FE_RC_413 | A1 ^ -> ZN v | NAND2_X4 | 0.035 |   1.307 |    1.290 | 
     | _0                                                 |              |          |       |         |          | 
     | datapath/ALU_ALU_GEN[4].slice_i_bitAdder/FE_RC_412 | A1 v -> ZN ^ | NAND2_X4 | 0.047 |   1.355 |    1.337 | 
     | _0                                                 |              |          |       |         |          | 
     | datapath/ALU_ALU_GEN[5].slice_i_bitAdder/FE_RC_317 | A1 ^ -> ZN v | NAND2_X4 | 0.037 |   1.392 |    1.374 | 
     | _0                                                 |              |          |       |         |          | 
     | datapath/ALU_ALU_GEN[5].slice_i_bitAdder/FE_RC_316 | A1 v -> ZN ^ | NAND2_X4 | 0.047 |   1.439 |    1.421 | 
     | _0                                                 |              |          |       |         |          | 
     | datapath/ALU_ALU_GEN[6].slice_i_bitAdder/g155__547 | A1 ^ -> ZN v | NAND2_X4 | 0.037 |   1.476 |    1.458 | 
     | 7                                                  |              |          |       |         |          | 
     | datapath/ALU_ALU_GEN[6].slice_i_bitAdder/g153__741 | A1 v -> ZN ^ | NAND2_X4 | 0.045 |   1.520 |    1.503 | 
     | 0                                                  |              |          |       |         |          | 
     | datapath/ALU_ALU_GEN[7].slice_i_bitAdder/g155__161 | A1 ^ -> ZN v | NAND2_X4 | 0.036 |   1.556 |    1.538 | 
     | 7                                                  |              |          |       |         |          | 
     | datapath/ALU_ALU_GEN[7].slice_i_bitAdder/g153__678 | A1 v -> ZN ^ | NAND2_X4 | 0.045 |   1.601 |    1.583 | 
     | 3                                                  |              |          |       |         |          | 
     | datapath/ALU_ALU_GEN[8].slice_i_bitAdder/g155__511 | A1 ^ -> ZN v | NAND2_X4 | 0.036 |   1.637 |    1.619 | 
     | 5                                                  |              |          |       |         |          | 
     | datapath/ALU_ALU_GEN[8].slice_i_bitAdder/g153__613 | A1 v -> ZN ^ | NAND2_X4 | 0.044 |   1.681 |    1.663 | 
     | 1                                                  |              |          |       |         |          | 
     | datapath/ALU_ALU_GEN[9].slice_i_bitAdder/g137__166 | A1 ^ -> ZN v | NAND2_X4 | 0.035 |   1.716 |    1.699 | 
     | 6                                                  |              |          |       |         |          | 
     | datapath/ALU_ALU_GEN[9].slice_i_bitAdder/g135__288 | A1 v -> ZN ^ | NAND2_X4 | 0.047 |   1.764 |    1.746 | 
     | 3                                                  |              |          |       |         |          | 
     | datapath/ALU_ALU_GEN[10].slice_i_bitAdder/g146__84 | A1 ^ -> ZN v | NAND2_X4 | 0.037 |   1.800 |    1.783 | 
     | 28                                                 |              |          |       |         |          | 
     | datapath/ALU_ALU_GEN[10].slice_i_bitAdder/g144__62 | A1 v -> ZN ^ | NAND2_X4 | 0.054 |   1.854 |    1.836 | 
     | 60                                                 |              |          |       |         |          | 
     | datapath/ALU_ALU_GEN[11].slice_i_bitAdder/FE_RC_40 | A1 ^ -> ZN v | NAND2_X4 | 0.039 |   1.893 |    1.875 | 
     | 4_0                                                |              |          |       |         |          | 
     | datapath/ALU_ALU_GEN[11].slice_i_bitAdder/FE_RC_40 | A1 v -> ZN ^ | NAND2_X4 | 0.046 |   1.939 |    1.922 | 
     | 3_0                                                |              |          |       |         |          | 
     | datapath/ALU_ALU_GEN[12].slice_i_bitAdder/g155__93 | A1 ^ -> ZN v | NAND2_X4 | 0.036 |   1.975 |    1.958 | 
     | 15                                                 |              |          |       |         |          | 
     | datapath/ALU_ALU_GEN[12].slice_i_bitAdder/g153__47 | A1 v -> ZN ^ | NAND2_X4 | 0.046 |   2.021 |    2.004 | 
     | 33                                                 |              |          |       |         |          | 
     | datapath/ALU_ALU_GEN[13].slice_i_bitAdder/FE_RC_79 | A1 ^ -> ZN v | NAND2_X4 | 0.035 |   2.057 |    2.039 | 
     | _0                                                 |              |          |       |         |          | 
     | datapath/ALU_ALU_GEN[13].slice_i_bitAdder/FE_RC_78 | A1 v -> ZN ^ | NAND2_X4 | 0.051 |   2.108 |    2.090 | 
     | _0                                                 |              |          |       |         |          | 
     | datapath/ALU_ALU_GEN[14].slice_i_bitAdder/g155__16 | A1 ^ -> ZN v | NAND2_X4 | 0.038 |   2.146 |    2.128 | 
     | 17                                                 |              |          |       |         |          | 
     | datapath/ALU_ALU_GEN[14].slice_i_bitAdder/g153__67 | A1 v -> ZN ^ | NAND2_X4 | 0.046 |   2.192 |    2.174 | 
     | 83                                                 |              |          |       |         |          | 
     | datapath/ALU_ALU_GEN[15].slice_i_bitAdder/g155__51 | A1 ^ -> ZN v | NAND2_X4 | 0.036 |   2.228 |    2.210 | 
     | 15                                                 |              |          |       |         |          | 
     | datapath/ALU_ALU_GEN[15].slice_i_bitAdder/g153__61 | A1 v -> ZN ^ | NAND2_X4 | 0.058 |   2.286 |    2.268 | 
     | 31                                                 |              |          |       |         |          | 
     | datapath/ALU_ALU_GEN[16].slice_i_bitAdder/g158__16 | A1 ^ -> ZN v | NAND2_X4 | 0.041 |   2.327 |    2.310 | 
     | 66                                                 |              |          |       |         |          | 
     | datapath/ALU_ALU_GEN[16].slice_i_bitAdder/g156__28 | A1 v -> ZN ^ | NAND2_X4 | 0.047 |   2.374 |    2.356 | 
     | 83                                                 |              |          |       |         |          | 
     | datapath/ALU_ALU_GEN[17].slice_i_bitAdder/g155__84 | A1 ^ -> ZN v | NAND2_X4 | 0.036 |   2.410 |    2.392 | 
     | 28                                                 |              |          |       |         |          | 
     | datapath/ALU_ALU_GEN[17].slice_i_bitAdder/g153__62 | A1 v -> ZN ^ | NAND2_X4 | 0.046 |   2.455 |    2.438 | 
     | 60                                                 |              |          |       |         |          | 
     | datapath/ALU_ALU_GEN[18].slice_i_bitAdder/g158__82 | A1 ^ -> ZN v | NAND2_X4 | 0.035 |   2.491 |    2.473 | 
     | 46                                                 |              |          |       |         |          | 
     | datapath/ALU_ALU_GEN[18].slice_i_bitAdder/g156__17 | A1 v -> ZN ^ | NAND2_X4 | 0.045 |   2.536 |    2.518 | 
     | 05                                                 |              |          |       |         |          | 
     | datapath/ALU_ALU_GEN[19].slice_i_bitAdder/g158__93 | A1 ^ -> ZN v | NAND2_X4 | 0.035 |   2.571 |    2.553 | 
     | 15                                                 |              |          |       |         |          | 
     | datapath/ALU_ALU_GEN[19].slice_i_bitAdder/g156__47 | A1 v -> ZN ^ | NAND2_X4 | 0.050 |   2.621 |    2.603 | 
     | 33                                                 |              |          |       |         |          | 
     | datapath/ALU_ALU_GEN[20].slice_i_bitAdder/g158__23 | A1 ^ -> ZN v | NAND2_X4 | 0.037 |   2.658 |    2.641 | 
     | 98                                                 |              |          |       |         |          | 
     | datapath/ALU_ALU_GEN[20].slice_i_bitAdder/g156__64 | A1 v -> ZN ^ | NAND2_X4 | 0.047 |   2.705 |    2.687 | 
     | 17                                                 |              |          |       |         |          | 
     | datapath/ALU_ALU_GEN[21].slice_i_bitAdder/g158__36 | A1 ^ -> ZN v | NAND2_X4 | 0.036 |   2.741 |    2.723 | 
     | 80                                                 |              |          |       |         |          | 
     | datapath/ALU_ALU_GEN[21].slice_i_bitAdder/g156__67 | A1 v -> ZN ^ | NAND2_X4 | 0.046 |   2.787 |    2.769 | 
     | 83                                                 |              |          |       |         |          | 
     | datapath/ALU_ALU_GEN[22].slice_i_bitAdder/g158__51 | A1 ^ -> ZN v | NAND2_X4 | 0.036 |   2.822 |    2.805 | 
     | 15                                                 |              |          |       |         |          | 
     | datapath/ALU_ALU_GEN[22].slice_i_bitAdder/g156__18 | A1 v -> ZN ^ | NAND2_X4 | 0.047 |   2.869 |    2.852 | 
     | 81                                                 |              |          |       |         |          | 
     | datapath/ALU_ALU_GEN[23].slice_i_bitAdder/g158__74 | A1 ^ -> ZN v | NAND2_X4 | 0.036 |   2.905 |    2.888 | 
     | 10                                                 |              |          |       |         |          | 
     | datapath/ALU_ALU_GEN[23].slice_i_bitAdder/g156__16 | A1 v -> ZN ^ | NAND2_X4 | 0.050 |   2.955 |    2.938 | 
     | 66                                                 |              |          |       |         |          | 
     | datapath/ALU_ALU_GEN[24].slice_i_bitAdder/g158__67 | A1 ^ -> ZN v | NAND2_X4 | 0.038 |   2.993 |    2.975 | 
     | 83                                                 |              |          |       |         |          | 
     | datapath/ALU_ALU_GEN[24].slice_i_bitAdder/g156__55 | A1 v -> ZN ^ | NAND2_X4 | 0.054 |   3.047 |    3.030 | 
     | 26                                                 |              |          |       |         |          | 
     | datapath/ALU_ALU_GEN[25].slice_i_bitAdder/g158__18 | A1 ^ -> ZN v | NAND2_X4 | 0.039 |   3.087 |    3.069 | 
     | 81                                                 |              |          |       |         |          | 
     | datapath/ALU_ALU_GEN[25].slice_i_bitAdder/g156__61 | A1 v -> ZN ^ | NAND2_X4 | 0.049 |   3.136 |    3.118 | 
     | 31                                                 |              |          |       |         |          | 
     | datapath/ALU_ALU_GEN[26].slice_i_bitAdder/g158__16 | A1 ^ -> ZN v | NAND2_X4 | 0.037 |   3.172 |    3.155 | 
     | 66                                                 |              |          |       |         |          | 
     | datapath/ALU_ALU_GEN[26].slice_i_bitAdder/g156__23 | A1 v -> ZN ^ | NAND2_X4 | 0.049 |   3.221 |    3.204 | 
     | 46                                                 |              |          |       |         |          | 
     | datapath/ALU_ALU_GEN[27].slice_i_bitAdder/g158__55 | A1 ^ -> ZN v | NAND2_X4 | 0.037 |   3.258 |    3.240 | 
     | 26                                                 |              |          |       |         |          | 
     | datapath/ALU_ALU_GEN[27].slice_i_bitAdder/g156__84 | A1 v -> ZN ^ | NAND2_X4 | 0.042 |   3.300 |    3.282 | 
     | 28                                                 |              |          |       |         |          | 
     | datapath/ALU_ALU_GEN[28].slice_i_bitAdder/g158__51 | A1 ^ -> ZN v | NAND2_X2 | 0.031 |   3.331 |    3.313 | 
     | 15                                                 |              |          |       |         |          | 
     | datapath/ALU_ALU_GEN[28].slice_i_bitAdder/g156__61 | A1 v -> ZN ^ | NAND2_X1 | 0.083 |   3.414 |    3.397 | 
     | 31                                                 |              |          |       |         |          | 
     | datapath/ALU_ALU_GEN[29].slice_i_bitAdder/g158__16 | A1 ^ -> ZN v | NAND2_X2 | 0.059 |   3.474 |    3.456 | 
     | 66                                                 |              |          |       |         |          | 
     | datapath/ALU_ALU_GEN[29].slice_i_bitAdder/g156__28 | A1 v -> ZN ^ | NAND2_X4 | 0.054 |   3.528 |    3.510 | 
     | 83                                                 |              |          |       |         |          | 
     | datapath/ALU_ALU_GEN[30].slice_i_bitAdder/g158__55 | A1 ^ -> ZN v | NAND2_X4 | 0.037 |   3.565 |    3.547 | 
     | 26                                                 |              |          |       |         |          | 
     | datapath/ALU_ALU_GEN[30].slice_i_bitAdder/g156__43 | A1 v -> ZN ^ | NAND2_X4 | 0.065 |   3.630 |    3.612 | 
     | 19                                                 |              |          |       |         |          | 
     | datapath/ALU_msb_bitAdder/g119__1881               | A1 ^ -> ZN v | NAND2_X4 | 0.043 |   3.673 |    3.655 | 
     | datapath/ALU_msb_bitAdder/g117__7098               | A1 v -> ZN ^ | NAND2_X4 | 0.040 |   3.713 |    3.695 | 
     | datapath/g16080                                    | A ^ -> ZN ^  | XNOR2_X2 | 0.113 |   3.826 |    3.808 | 
     | datapath/g16078                                    | A ^ -> ZN ^  | XNOR2_X2 | 0.145 |   3.971 |    3.953 | 
     | datapath/ALU_ALU_GEN[0].slice_i_resultMux/g187__55 | A1 ^ -> ZN v | NAND2_X2 | 0.062 |   4.033 |    4.015 | 
     | 26                                                 |              |          |       |         |          | 
     | datapath/ALU_ALU_GEN[0].slice_i_resultMux/g185__43 | A1 v -> ZN ^ | NAND2_X2 | 0.053 |   4.086 |    4.068 | 
     | 19                                                 |              |          |       |         |          | 
     | datapath/EXMEM_aluResult_reg[0]                    | D ^          | DFFR_X2  | 0.000 |   4.086 |    4.069 | 
     +-----------------------------------------------------------------------------------------------------------+ 
Path 3: VIOLATED Setup Check with Pin datapath/IF_pc_reg[30]/CK 
Endpoint:   datapath/IF_pc_reg[30]/D      (^) checked with  leading edge of 
'clk'
Beginpoint: datapath/IFID_instr_reg[1]/QN (v) triggered by  leading edge of 
'clk'
Path Groups: {reg2reg}
Analysis View: WC_VIEW
Other End Arrival Time          0.051
- Setup                         0.084
+ Phase Shift                   4.100
+ CPPR Adjustment               0.000
- Uncertainty                   0.100
= Required Time                 3.966
- Arrival Time                  3.975
= Slack Time                   -0.009
     Clock Rise Edge                 0.000
     + Clock Network Latency (Prop)  0.042
     = Beginpoint Arrival Time       0.042
     +-----------------------------------------------------------------------------------------------------------+ 
     |                      Instance                      |     Arc      |   Cell   | Delay | Arrival | Required | 
     |                                                    |              |          |       |  Time   |   Time   | 
     |----------------------------------------------------+--------------+----------+-------+---------+----------| 
     | datapath/IFID_instr_reg[1]                         | CK ^         |          |       |   0.042 |    0.033 | 
     | datapath/IFID_instr_reg[1]                         | CK ^ -> QN v | DFFR_X1  | 0.253 |   0.294 |    0.285 | 
     | datapath/g35807                                    | A v -> ZN ^  | INV_X1   | 0.088 |   0.383 |    0.374 | 
     | datapath/immediate_generation/g2                   | A2 ^ -> ZN ^ | AND2_X2  | 0.127 |   0.510 |    0.501 | 
     | datapath/immediate_generation/g3556__6131          | A1 ^ -> ZN ^ | AND4_X1  | 0.197 |   0.707 |    0.698 | 
     | datapath/immediate_generation/g3540__5107          | A1 ^ -> ZN v | NAND2_X1 | 0.048 |   0.755 |    0.746 | 
     | datapath/immediate_generation/g3534__1666          | A2 v -> ZN ^ | NAND2_X1 | 0.112 |   0.866 |    0.857 | 
     | datapath/pc_plus_imm/FA_GEN[2].fa_i/FE_OFC720_IFID | A ^ -> ZN v  | INV_X1   | 0.035 |   0.901 |    0.892 | 
     | _imm_2                                             |              |          |       |         |          | 
     | datapath/pc_plus_imm/FA_GEN[2].fa_i/g157__7098     | A1 v -> ZN ^ | NAND2_X1 | 0.049 |   0.950 |    0.941 | 
     | datapath/pc_plus_imm/FA_GEN[2].fa_i/g155__5122     | A2 ^ -> ZN v | NAND2_X1 | 0.041 |   0.990 |    0.981 | 
     | datapath/pc_plus_imm/FA_GEN[2].fa_i/g153__2802     | A1 v -> ZN ^ | NAND2_X1 | 0.067 |   1.057 |    1.048 | 
     | datapath/pc_plus_imm/FA_GEN[3].fa_i/g155__7482     | A1 ^ -> ZN v | NAND2_X1 | 0.055 |   1.112 |    1.103 | 
     | datapath/pc_plus_imm/FA_GEN[3].fa_i/g153__1881     | A1 v -> ZN ^ | NAND2_X2 | 0.065 |   1.177 |    1.168 | 
     | datapath/pc_plus_imm/FA_GEN[4].fa_i/g155__2346     | A1 ^ -> ZN v | NAND2_X2 | 0.042 |   1.219 |    1.210 | 
     | datapath/pc_plus_imm/FA_GEN[4].fa_i/g153__9945     | A1 v -> ZN ^ | NAND2_X2 | 0.050 |   1.269 |    1.260 | 
     | datapath/pc_plus_imm/FA_GEN[5].fa_i/g155__5107     | A1 ^ -> ZN v | NAND2_X1 | 0.046 |   1.315 |    1.306 | 
     | datapath/pc_plus_imm/FA_GEN[5].fa_i/g153__5477     | A1 v -> ZN ^ | NAND2_X2 | 0.054 |   1.369 |    1.360 | 
     | datapath/pc_plus_imm/FA_GEN[6].fa_i/g155__3680     | A1 ^ -> ZN v | NAND2_X1 | 0.048 |   1.417 |    1.408 | 
     | datapath/pc_plus_imm/FA_GEN[6].fa_i/g153__5526     | A1 v -> ZN ^ | NAND2_X2 | 0.058 |   1.475 |    1.466 | 
     | datapath/pc_plus_imm/FA_GEN[7].fa_i/g155__7098     | A1 ^ -> ZN v | NAND2_X2 | 0.041 |   1.517 |    1.508 | 
     | datapath/pc_plus_imm/FA_GEN[7].fa_i/g153__5122     | A1 v -> ZN ^ | NAND2_X2 | 0.049 |   1.565 |    1.556 | 
     | datapath/pc_plus_imm/FA_GEN[8].fa_i/g155__4733     | A1 ^ -> ZN v | NAND2_X1 | 0.046 |   1.611 |    1.602 | 
     | datapath/pc_plus_imm/FA_GEN[8].fa_i/g153__5115     | A1 v -> ZN ^ | NAND2_X2 | 0.050 |   1.661 |    1.652 | 
     | datapath/pc_plus_imm/FA_GEN[9].fa_i/g155__2346     | A1 ^ -> ZN v | NAND2_X1 | 0.046 |   1.707 |    1.698 | 
     | datapath/pc_plus_imm/FA_GEN[9].fa_i/g153__9945     | A1 v -> ZN ^ | NAND2_X2 | 0.060 |   1.767 |    1.758 | 
     | datapath/pc_plus_imm/FA_GEN[10].fa_i/g137__2398    | A1 ^ -> ZN v | NAND2_X2 | 0.042 |   1.809 |    1.800 | 
     | datapath/pc_plus_imm/FA_GEN[10].fa_i/g135__6417    | A1 v -> ZN ^ | NAND2_X2 | 0.057 |   1.866 |    1.857 | 
     | datapath/pc_plus_imm/FA_GEN[11].fa_i/FE_RC_356_0   | A1 ^ -> ZN v | NAND2_X1 | 0.049 |   1.915 |    1.906 | 
     | datapath/pc_plus_imm/FA_GEN[11].fa_i/g153__4319    | A1 v -> ZN ^ | NAND2_X2 | 0.062 |   1.977 |    1.968 | 
     | datapath/pc_plus_imm/FA_GEN[12].fa_i/g155__2802    | A1 ^ -> ZN v | NAND2_X2 | 0.050 |   2.027 |    2.018 | 
     | datapath/pc_plus_imm/FA_GEN[12].fa_i/g153__3680    | A1 v -> ZN ^ | NAND2_X4 | 0.051 |   2.078 |    2.069 | 
     | datapath/pc_plus_imm/FA_GEN[13].fa_i/g155__6131    | A1 ^ -> ZN v | NAND2_X4 | 0.037 |   2.115 |    2.106 | 
     | datapath/pc_plus_imm/FA_GEN[13].fa_i/g153__8246    | A1 v -> ZN ^ | NAND2_X4 | 0.048 |   2.162 |    2.153 | 
     | datapath/pc_plus_imm/FA_GEN[14].fa_i/g155__6161    | A1 ^ -> ZN v | NAND2_X4 | 0.037 |   2.199 |    2.190 | 
     | datapath/pc_plus_imm/FA_GEN[14].fa_i/g153__7482    | A1 v -> ZN ^ | NAND2_X4 | 0.049 |   2.248 |    2.239 | 
     | datapath/pc_plus_imm/FA_GEN[15].fa_i/g155__1666    | A1 ^ -> ZN v | NAND2_X4 | 0.037 |   2.285 |    2.276 | 
     | datapath/pc_plus_imm/FA_GEN[15].fa_i/g153__2883    | A1 v -> ZN ^ | NAND2_X4 | 0.048 |   2.333 |    2.324 | 
     | datapath/pc_plus_imm/FA_GEN[16].fa_i/g155__5107    | A1 ^ -> ZN v | NAND2_X4 | 0.037 |   2.370 |    2.361 | 
     | datapath/pc_plus_imm/FA_GEN[16].fa_i/g153__5477    | A1 v -> ZN ^ | NAND2_X4 | 0.048 |   2.418 |    2.409 | 
     | datapath/pc_plus_imm/FA_GEN[17].fa_i/g155__6783    | A1 ^ -> ZN v | NAND2_X4 | 0.037 |   2.455 |    2.446 | 
     | datapath/pc_plus_imm/FA_GEN[17].fa_i/g153__8428    | A1 v -> ZN ^ | NAND2_X4 | 0.050 |   2.505 |    2.496 | 
     | datapath/pc_plus_imm/FA_GEN[18].fa_i/g155__5122    | A1 ^ -> ZN v | NAND2_X4 | 0.038 |   2.542 |    2.533 | 
     | datapath/pc_plus_imm/FA_GEN[18].fa_i/g153__2802    | A1 v -> ZN ^ | NAND2_X4 | 0.048 |   2.590 |    2.581 | 
     | datapath/pc_plus_imm/FA_GEN[19].fa_i/g155__5115    | A1 ^ -> ZN v | NAND2_X4 | 0.037 |   2.627 |    2.618 | 
     | datapath/pc_plus_imm/FA_GEN[19].fa_i/g153__6131    | A1 v -> ZN ^ | NAND2_X4 | 0.050 |   2.677 |    2.668 | 
     | datapath/pc_plus_imm/FA_GEN[20].fa_i/g155__9945    | A1 ^ -> ZN v | NAND2_X4 | 0.038 |   2.715 |    2.706 | 
     | datapath/pc_plus_imm/FA_GEN[20].fa_i/g153__6161    | A1 v -> ZN ^ | NAND2_X4 | 0.048 |   2.762 |    2.753 | 
     | datapath/pc_plus_imm/FA_GEN[21].fa_i/g155__6417    | A1 ^ -> ZN v | NAND2_X4 | 0.037 |   2.799 |    2.790 | 
     | datapath/pc_plus_imm/FA_GEN[21].fa_i/g153__1666    | A1 v -> ZN ^ | NAND2_X4 | 0.042 |   2.842 |    2.833 | 
     | datapath/pc_plus_imm/FA_GEN[22].fa_i/g155__4319    | A1 ^ -> ZN v | NAND2_X2 | 0.043 |   2.884 |    2.875 | 
     | datapath/pc_plus_imm/FA_GEN[22].fa_i/g153__5107    | A1 v -> ZN ^ | NAND2_X4 | 0.044 |   2.928 |    2.919 | 
     | datapath/pc_plus_imm/FA_GEN[23].fa_i/g155__1617    | A1 ^ -> ZN v | NAND2_X2 | 0.036 |   2.964 |    2.955 | 
     | datapath/pc_plus_imm/FA_GEN[23].fa_i/g153__6783    | A1 v -> ZN ^ | NAND2_X2 | 0.054 |   3.018 |    3.009 | 
     | datapath/pc_plus_imm/FA_GEN[24].fa_i/g149__7098    | A1 ^ -> ZN v | NAND2_X2 | 0.049 |   3.067 |    3.058 | 
     | datapath/pc_plus_imm/FA_GEN[24].fa_i/g147__5122    | A1 v -> ZN ^ | NAND2_X4 | 0.044 |   3.111 |    3.102 | 
     | datapath/pc_plus_imm/FA_GEN[25].fa_i/g119__4733    | A1 ^ -> ZN v | NAND2_X2 | 0.035 |   3.146 |    3.137 | 
     | datapath/pc_plus_imm/FA_GEN[25].fa_i/g117__5115    | A1 v -> ZN ^ | NAND2_X2 | 0.055 |   3.201 |    3.192 | 
     | datapath/pc_plus_imm/FA_GEN[26].fa_i/g120__2346    | A1 ^ -> ZN v | NAND2_X2 | 0.041 |   3.243 |    3.234 | 
     | datapath/pc_plus_imm/FA_GEN[26].fa_i/g118__9945    | A1 v -> ZN ^ | NAND2_X2 | 0.061 |   3.304 |    3.295 | 
     | datapath/pc_plus_imm/FA_GEN[27].fa_i/g79__5477     | A1 ^ -> ZN v | NAND2_X2 | 0.043 |   3.346 |    3.337 | 
     | datapath/pc_plus_imm/FA_GEN[27].fa_i/g77__6417     | A1 v -> ZN ^ | NAND2_X2 | 0.056 |   3.402 |    3.393 | 
     | datapath/pc_plus_imm/FA_GEN[28].fa_i/g79__8428     | A1 ^ -> ZN v | NAND2_X2 | 0.040 |   3.442 |    3.433 | 
     | datapath/pc_plus_imm/FA_GEN[28].fa_i/g77__4319     | A1 v -> ZN ^ | NAND2_X2 | 0.049 |   3.491 |    3.482 | 
     | datapath/pc_plus_imm/FA_GEN[29].fa_i/g79__2802     | A1 ^ -> ZN v | NAND2_X1 | 0.046 |   3.537 |    3.528 | 
     | datapath/pc_plus_imm/FA_GEN[29].fa_i/g77__1617     | A1 v -> ZN ^ | NAND2_X2 | 0.051 |   3.589 |    3.580 | 
     | datapath/pc_plus_imm/FA_GEN[30].fa_i/g2__7482      | A ^ -> Z ^   | XOR2_X1  | 0.164 |   3.753 |    3.744 | 
     | datapath/branch_or_inc_4/g846__4319                | A1 ^ -> ZN v | NAND2_X1 | 0.053 |   3.806 |    3.797 | 
     | datapath/branch_or_inc_4/g827__8246                | A1 v -> ZN ^ | NAND2_X1 | 0.053 |   3.858 |    3.849 | 
     | datapath/g35800                                    | A ^ -> ZN v  | INV_X1   | 0.025 |   3.884 |    3.875 | 
     | datapath/g35644                                    | B1 v -> ZN ^ | OAI21_X1 | 0.092 |   3.975 |    3.966 | 
     | datapath/IF_pc_reg[30]                             | D ^          | DFFR_X1  | 0.000 |   3.975 |    3.966 | 
     +-----------------------------------------------------------------------------------------------------------+ 
Path 4: MET Setup Check with Pin datapath/IFID_instr_reg[15]/CK 
Endpoint:   datapath/IFID_instr_reg[15]/D (v) checked with  leading edge of 
'clk'
Beginpoint: datapath/IFID_instr_reg[20]/Q (^) triggered by  leading edge of 
'clk'
Path Groups: {reg2reg}
Analysis View: WC_VIEW
Other End Arrival Time         -0.110
- Setup                         0.139
+ Phase Shift                   4.100
+ CPPR Adjustment               0.000
- Uncertainty                   0.100
= Required Time                 3.751
- Arrival Time                  3.729
= Slack Time                    0.022
     Clock Rise Edge                 0.000
     + Clock Network Latency (Prop)  -0.006
     = Beginpoint Arrival Time       -0.006
     +---------------------------------------------------------------------------------------+ 
     |           Instance            |     Arc      |   Cell    | Delay | Arrival | Required | 
     |                               |              |           |       |  Time   |   Time   | 
     |-------------------------------+--------------+-----------+-------+---------+----------| 
     | datapath/IFID_instr_reg[20]   | CK ^         |           |       |  -0.006 |    0.015 | 
     | datapath/IFID_instr_reg[20]   | CK ^ -> Q ^  | DFFR_X1   | 0.421 |   0.415 |    0.436 | 
     | datapath/FE_OFC254_IFID_rs2_0 | A ^ -> Z ^   | CLKBUF_X1 | 0.336 |   0.750 |    0.772 | 
     | datapath/g26904               | A ^ -> ZN ^  | XNOR2_X1  | 0.188 |   0.938 |    0.960 | 
     | datapath/g26728               | A1 ^ -> ZN v | NAND4_X1  | 0.121 |   1.059 |    1.081 | 
     | datapath/g26722               | A1 v -> ZN ^ | NOR2_X1   | 0.145 |   1.204 |    1.226 | 
     | datapath/g26699               | A2 ^ -> ZN v | NOR2_X1   | 0.046 |   1.250 |    1.271 | 
     | datapath/g26648               | A1 v -> ZN v | OR2_X2    | 0.203 |   1.452 |    1.474 | 
     | datapath/FE_OFC620_n_780      | A v -> ZN ^  | INV_X4    | 0.125 |   1.578 |    1.599 | 
     | datapath/FE_OFC621_n_780      | A ^ -> ZN v  | INV_X1    | 0.117 |   1.695 |    1.717 | 
     | datapath/g26366               | B1 v -> ZN ^ | OAI221_X1 | 0.251 |   1.946 |    1.968 | 
     | datapath/LT_TC_OP_g1841       | A ^ -> ZN v  | INV_X1    | 0.060 |   2.006 |    2.027 | 
     | datapath/LT_TC_OP_g1819       | A2 v -> ZN ^ | NOR2_X1   | 0.155 |   2.160 |    2.182 | 
     | datapath/LT_TC_OP_g1779       | A1 ^ -> ZN v | NOR3_X1   | 0.044 |   2.204 |    2.226 | 
     | datapath/LT_TC_OP_g1752       | A v -> ZN ^  | AOI221_X1 | 0.327 |   2.531 |    2.553 | 
     | datapath/LT_TC_OP_g1749       | B1 ^ -> ZN v | OAI221_X1 | 0.148 |   2.679 |    2.701 | 
     | datapath/FE_RC_448_0          | A1 v -> ZN v | AND2_X1   | 0.124 |   2.803 |    2.825 | 
     | datapath/FE_RC_447_0          | A v -> ZN ^  | AOI211_X2 | 0.318 |   3.121 |    3.142 | 
     | datapath/g16081               | A1 ^ -> ZN ^ | AND2_X1   | 0.168 |   3.289 |    3.311 | 
     | datapath/g16079               | A1 ^ -> ZN ^ | OR2_X4    | 0.093 |   3.382 |    3.403 | 
     | g1059                         | A1 ^ -> ZN ^ | AND2_X2   | 0.095 |   3.476 |    3.498 | 
     | datapath/FE_OFC614_IFID_flush | A ^ -> ZN v  | INV_X2    | 0.035 |   3.512 |    3.533 | 
     | datapath/FE_OFC671_IFID_flush | A v -> ZN ^  | INV_X8    | 0.160 |   3.672 |    3.694 | 
     | datapath/g35443               | A1 ^ -> ZN v | NOR2_X1   | 0.057 |   3.729 |    3.751 | 
     | datapath/IFID_instr_reg[15]   | D v          | DFFR_X2   | 0.000 |   3.729 |    3.751 | 
     +---------------------------------------------------------------------------------------+ 
Path 5: MET Setup Check with Pin datapath/IFID_instr_reg[18]/CK 
Endpoint:   datapath/IFID_instr_reg[18]/D (v) checked with  leading edge of 
'clk'
Beginpoint: datapath/IFID_instr_reg[20]/Q (^) triggered by  leading edge of 
'clk'
Path Groups: {reg2reg}
Analysis View: WC_VIEW
Other End Arrival Time         -0.110
- Setup                         0.135
+ Phase Shift                   4.100
+ CPPR Adjustment               0.000
- Uncertainty                   0.100
= Required Time                 3.755
- Arrival Time                  3.730
= Slack Time                    0.026
     Clock Rise Edge                 0.000
     + Clock Network Latency (Prop)  -0.006
     = Beginpoint Arrival Time       -0.006
     +---------------------------------------------------------------------------------------+ 
     |           Instance            |     Arc      |   Cell    | Delay | Arrival | Required | 
     |                               |              |           |       |  Time   |   Time   | 
     |-------------------------------+--------------+-----------+-------+---------+----------| 
     | datapath/IFID_instr_reg[20]   | CK ^         |           |       |  -0.006 |    0.019 | 
     | datapath/IFID_instr_reg[20]   | CK ^ -> Q ^  | DFFR_X1   | 0.421 |   0.415 |    0.440 | 
     | datapath/FE_OFC254_IFID_rs2_0 | A ^ -> Z ^   | CLKBUF_X1 | 0.336 |   0.750 |    0.776 | 
     | datapath/g26904               | A ^ -> ZN ^  | XNOR2_X1  | 0.188 |   0.938 |    0.964 | 
     | datapath/g26728               | A1 ^ -> ZN v | NAND4_X1  | 0.121 |   1.059 |    1.085 | 
     | datapath/g26722               | A1 v -> ZN ^ | NOR2_X1   | 0.145 |   1.204 |    1.230 | 
     | datapath/g26699               | A2 ^ -> ZN v | NOR2_X1   | 0.046 |   1.250 |    1.276 | 
     | datapath/g26648               | A1 v -> ZN v | OR2_X2    | 0.203 |   1.452 |    1.478 | 
     | datapath/FE_OFC620_n_780      | A v -> ZN ^  | INV_X4    | 0.125 |   1.578 |    1.604 | 
     | datapath/FE_OFC621_n_780      | A ^ -> ZN v  | INV_X1    | 0.117 |   1.695 |    1.721 | 
     | datapath/g26366               | B1 v -> ZN ^ | OAI221_X1 | 0.251 |   1.946 |    1.972 | 
     | datapath/LT_TC_OP_g1841       | A ^ -> ZN v  | INV_X1    | 0.060 |   2.006 |    2.031 | 
     | datapath/LT_TC_OP_g1819       | A2 v -> ZN ^ | NOR2_X1   | 0.155 |   2.160 |    2.186 | 
     | datapath/LT_TC_OP_g1779       | A1 ^ -> ZN v | NOR3_X1   | 0.044 |   2.204 |    2.230 | 
     | datapath/LT_TC_OP_g1752       | A v -> ZN ^  | AOI221_X1 | 0.327 |   2.531 |    2.557 | 
     | datapath/LT_TC_OP_g1749       | B1 ^ -> ZN v | OAI221_X1 | 0.148 |   2.679 |    2.705 | 
     | datapath/FE_RC_448_0          | A1 v -> ZN v | AND2_X1   | 0.124 |   2.803 |    2.829 | 
     | datapath/FE_RC_447_0          | A v -> ZN ^  | AOI211_X2 | 0.318 |   3.121 |    3.147 | 
     | datapath/g16081               | A1 ^ -> ZN ^ | AND2_X1   | 0.168 |   3.289 |    3.315 | 
     | datapath/g16079               | A1 ^ -> ZN ^ | OR2_X4    | 0.093 |   3.382 |    3.407 | 
     | g1059                         | A1 ^ -> ZN ^ | AND2_X2   | 0.095 |   3.476 |    3.502 | 
     | datapath/FE_OFC614_IFID_flush | A ^ -> ZN v  | INV_X2    | 0.035 |   3.512 |    3.538 | 
     | datapath/FE_OFC671_IFID_flush | A v -> ZN ^  | INV_X8    | 0.160 |   3.672 |    3.698 | 
     | datapath/g35529               | A1 ^ -> ZN v | NOR2_X1   | 0.057 |   3.730 |    3.755 | 
     | datapath/IFID_instr_reg[18]   | D v          | DFFR_X1   | 0.000 |   3.730 |    3.755 | 
     +---------------------------------------------------------------------------------------+ 
Path 6: MET Setup Check with Pin datapath/IFID_instr_reg[16]/CK 
Endpoint:   datapath/IFID_instr_reg[16]/D (v) checked with  leading edge of 
'clk'
Beginpoint: datapath/IFID_instr_reg[20]/Q (^) triggered by  leading edge of 
'clk'
Path Groups: {reg2reg}
Analysis View: WC_VIEW
Other End Arrival Time         -0.110
- Setup                         0.135
+ Phase Shift                   4.100
+ CPPR Adjustment               0.000
- Uncertainty                   0.100
= Required Time                 3.756
- Arrival Time                  3.729
= Slack Time                    0.027
     Clock Rise Edge                 0.000
     + Clock Network Latency (Prop)  -0.006
     = Beginpoint Arrival Time       -0.006
     +---------------------------------------------------------------------------------------+ 
     |           Instance            |     Arc      |   Cell    | Delay | Arrival | Required | 
     |                               |              |           |       |  Time   |   Time   | 
     |-------------------------------+--------------+-----------+-------+---------+----------| 
     | datapath/IFID_instr_reg[20]   | CK ^         |           |       |  -0.006 |    0.020 | 
     | datapath/IFID_instr_reg[20]   | CK ^ -> Q ^  | DFFR_X1   | 0.421 |   0.415 |    0.441 | 
     | datapath/FE_OFC254_IFID_rs2_0 | A ^ -> Z ^   | CLKBUF_X1 | 0.336 |   0.750 |    0.777 | 
     | datapath/g26904               | A ^ -> ZN ^  | XNOR2_X1  | 0.188 |   0.938 |    0.965 | 
     | datapath/g26728               | A1 ^ -> ZN v | NAND4_X1  | 0.121 |   1.059 |    1.086 | 
     | datapath/g26722               | A1 v -> ZN ^ | NOR2_X1   | 0.145 |   1.204 |    1.231 | 
     | datapath/g26699               | A2 ^ -> ZN v | NOR2_X1   | 0.046 |   1.250 |    1.277 | 
     | datapath/g26648               | A1 v -> ZN v | OR2_X2    | 0.203 |   1.452 |    1.479 | 
     | datapath/FE_OFC620_n_780      | A v -> ZN ^  | INV_X4    | 0.125 |   1.578 |    1.605 | 
     | datapath/FE_OFC621_n_780      | A ^ -> ZN v  | INV_X1    | 0.117 |   1.695 |    1.722 | 
     | datapath/g26366               | B1 v -> ZN ^ | OAI221_X1 | 0.251 |   1.946 |    1.973 | 
     | datapath/LT_TC_OP_g1841       | A ^ -> ZN v  | INV_X1    | 0.060 |   2.006 |    2.032 | 
     | datapath/LT_TC_OP_g1819       | A2 v -> ZN ^ | NOR2_X1   | 0.155 |   2.160 |    2.187 | 
     | datapath/LT_TC_OP_g1779       | A1 ^ -> ZN v | NOR3_X1   | 0.044 |   2.204 |    2.231 | 
     | datapath/LT_TC_OP_g1752       | A v -> ZN ^  | AOI221_X1 | 0.327 |   2.531 |    2.558 | 
     | datapath/LT_TC_OP_g1749       | B1 ^ -> ZN v | OAI221_X1 | 0.148 |   2.679 |    2.706 | 
     | datapath/FE_RC_448_0          | A1 v -> ZN v | AND2_X1   | 0.124 |   2.803 |    2.830 | 
     | datapath/FE_RC_447_0          | A v -> ZN ^  | AOI211_X2 | 0.318 |   3.121 |    3.148 | 
     | datapath/g16081               | A1 ^ -> ZN ^ | AND2_X1   | 0.168 |   3.289 |    3.316 | 
     | datapath/g16079               | A1 ^ -> ZN ^ | OR2_X4    | 0.093 |   3.382 |    3.408 | 
     | g1059                         | A1 ^ -> ZN ^ | AND2_X2   | 0.095 |   3.476 |    3.503 | 
     | datapath/FE_OFC614_IFID_flush | A ^ -> ZN v  | INV_X2    | 0.035 |   3.512 |    3.539 | 
     | datapath/FE_OFC671_IFID_flush | A v -> ZN ^  | INV_X8    | 0.160 |   3.672 |    3.699 | 
     | datapath/g35457               | A1 ^ -> ZN v | NOR2_X1   | 0.057 |   3.729 |    3.756 | 
     | datapath/IFID_instr_reg[16]   | D v          | DFFR_X1   | 0.000 |   3.729 |    3.756 | 
     +---------------------------------------------------------------------------------------+ 
Path 7: MET Setup Check with Pin datapath/IFID_instr_reg[17]/CK 
Endpoint:   datapath/IFID_instr_reg[17]/D (v) checked with  leading edge of 
'clk'
Beginpoint: datapath/IFID_instr_reg[20]/Q (^) triggered by  leading edge of 
'clk'
Path Groups: {reg2reg}
Analysis View: WC_VIEW
Other End Arrival Time         -0.110
- Setup                         0.134
+ Phase Shift                   4.100
+ CPPR Adjustment               0.000
- Uncertainty                   0.100
= Required Time                 3.756
- Arrival Time                  3.727
= Slack Time                    0.028
     Clock Rise Edge                 0.000
     + Clock Network Latency (Prop)  -0.006
     = Beginpoint Arrival Time       -0.006
     +---------------------------------------------------------------------------------------+ 
     |           Instance            |     Arc      |   Cell    | Delay | Arrival | Required | 
     |                               |              |           |       |  Time   |   Time   | 
     |-------------------------------+--------------+-----------+-------+---------+----------| 
     | datapath/IFID_instr_reg[20]   | CK ^         |           |       |  -0.006 |    0.022 | 
     | datapath/IFID_instr_reg[20]   | CK ^ -> Q ^  | DFFR_X1   | 0.421 |   0.415 |    0.443 | 
     | datapath/FE_OFC254_IFID_rs2_0 | A ^ -> Z ^   | CLKBUF_X1 | 0.336 |   0.750 |    0.779 | 
     | datapath/g26904               | A ^ -> ZN ^  | XNOR2_X1  | 0.188 |   0.938 |    0.967 | 
     | datapath/g26728               | A1 ^ -> ZN v | NAND4_X1  | 0.121 |   1.059 |    1.088 | 
     | datapath/g26722               | A1 v -> ZN ^ | NOR2_X1   | 0.145 |   1.204 |    1.232 | 
     | datapath/g26699               | A2 ^ -> ZN v | NOR2_X1   | 0.046 |   1.250 |    1.278 | 
     | datapath/g26648               | A1 v -> ZN v | OR2_X2    | 0.203 |   1.452 |    1.481 | 
     | datapath/FE_OFC620_n_780      | A v -> ZN ^  | INV_X4    | 0.125 |   1.578 |    1.606 | 
     | datapath/FE_OFC621_n_780      | A ^ -> ZN v  | INV_X1    | 0.117 |   1.695 |    1.724 | 
     | datapath/g26366               | B1 v -> ZN ^ | OAI221_X1 | 0.251 |   1.946 |    1.974 | 
     | datapath/LT_TC_OP_g1841       | A ^ -> ZN v  | INV_X1    | 0.060 |   2.006 |    2.034 | 
     | datapath/LT_TC_OP_g1819       | A2 v -> ZN ^ | NOR2_X1   | 0.155 |   2.160 |    2.189 | 
     | datapath/LT_TC_OP_g1779       | A1 ^ -> ZN v | NOR3_X1   | 0.044 |   2.204 |    2.233 | 
     | datapath/LT_TC_OP_g1752       | A v -> ZN ^  | AOI221_X1 | 0.327 |   2.531 |    2.560 | 
     | datapath/LT_TC_OP_g1749       | B1 ^ -> ZN v | OAI221_X1 | 0.148 |   2.679 |    2.708 | 
     | datapath/FE_RC_448_0          | A1 v -> ZN v | AND2_X1   | 0.124 |   2.803 |    2.832 | 
     | datapath/FE_RC_447_0          | A v -> ZN ^  | AOI211_X2 | 0.318 |   3.121 |    3.149 | 
     | datapath/g16081               | A1 ^ -> ZN ^ | AND2_X1   | 0.168 |   3.289 |    3.317 | 
     | datapath/g16079               | A1 ^ -> ZN ^ | OR2_X4    | 0.093 |   3.382 |    3.410 | 
     | g1059                         | A1 ^ -> ZN ^ | AND2_X2   | 0.095 |   3.476 |    3.505 | 
     | datapath/FE_OFC614_IFID_flush | A ^ -> ZN v  | INV_X2    | 0.035 |   3.512 |    3.540 | 
     | datapath/FE_OFC671_IFID_flush | A v -> ZN ^  | INV_X8    | 0.160 |   3.672 |    3.700 | 
     | datapath/g35442               | A1 ^ -> ZN v | NOR2_X1   | 0.055 |   3.727 |    3.756 | 
     | datapath/IFID_instr_reg[17]   | D v          | DFFR_X1   | 0.000 |   3.727 |    3.756 | 
     +---------------------------------------------------------------------------------------+ 
Path 8: MET Setup Check with Pin datapath/IF_pc_reg[9]/CK 
Endpoint:   datapath/IF_pc_reg[9]/D       (v) checked with  leading edge of 
'clk'
Beginpoint: datapath/IFID_instr_reg[20]/Q (^) triggered by  leading edge of 
'clk'
Path Groups: {reg2reg}
Analysis View: WC_VIEW
Other End Arrival Time          0.006
- Setup                         0.244
+ Phase Shift                   4.100
+ CPPR Adjustment               0.000
- Uncertainty                   0.100
= Required Time                 3.762
- Arrival Time                  3.726
= Slack Time                    0.036
     Clock Rise Edge                 0.000
     + Clock Network Latency (Prop)  -0.006
     = Beginpoint Arrival Time       -0.006
     +------------------------------------------------------------------------------------------------------------+ 
     |                      Instance                      |     Arc      |   Cell    | Delay | Arrival | Required | 
     |                                                    |              |           |       |  Time   |   Time   | 
     |----------------------------------------------------+--------------+-----------+-------+---------+----------| 
     | datapath/IFID_instr_reg[20]                        | CK ^         |           |       |  -0.006 |    0.030 | 
     | datapath/IFID_instr_reg[20]                        | CK ^ -> Q ^  | DFFR_X1   | 0.421 |   0.415 |    0.451 | 
     | datapath/FE_OFC254_IFID_rs2_0                      | A ^ -> Z ^   | CLKBUF_X1 | 0.336 |   0.750 |    0.787 | 
     | datapath/g26904                                    | A ^ -> ZN ^  | XNOR2_X1  | 0.188 |   0.938 |    0.974 | 
     | datapath/g26728                                    | A1 ^ -> ZN v | NAND4_X1  | 0.121 |   1.059 |    1.096 | 
     | datapath/g26722                                    | A1 v -> ZN ^ | NOR2_X1   | 0.145 |   1.204 |    1.240 | 
     | datapath/g26699                                    | A2 ^ -> ZN v | NOR2_X1   | 0.046 |   1.250 |    1.286 | 
     | datapath/g26648                                    | A1 v -> ZN v | OR2_X2    | 0.203 |   1.452 |    1.489 | 
     | datapath/FE_OFC620_n_780                           | A v -> ZN ^  | INV_X4    | 0.125 |   1.578 |    1.614 | 
     | datapath/FE_OFC621_n_780                           | A ^ -> ZN v  | INV_X1    | 0.117 |   1.695 |    1.731 | 
     | datapath/g26366                                    | B1 v -> ZN ^ | OAI221_X1 | 0.251 |   1.946 |    1.982 | 
     | datapath/LT_TC_OP_g1841                            | A ^ -> ZN v  | INV_X1    | 0.060 |   2.006 |    2.042 | 
     | datapath/LT_TC_OP_g1819                            | A2 v -> ZN ^ | NOR2_X1   | 0.155 |   2.160 |    2.197 | 
     | datapath/LT_TC_OP_g1779                            | A1 ^ -> ZN v | NOR3_X1   | 0.044 |   2.204 |    2.241 | 
     | datapath/LT_TC_OP_g1752                            | A v -> ZN ^  | AOI221_X1 | 0.327 |   2.531 |    2.568 | 
     | datapath/LT_TC_OP_g1749                            | B1 ^ -> ZN v | OAI221_X1 | 0.148 |   2.679 |    2.716 | 
     | datapath/FE_RC_448_0                               | A1 v -> ZN v | AND2_X1   | 0.124 |   2.803 |    2.839 | 
     | datapath/FE_RC_447_0                               | A v -> ZN ^  | AOI211_X2 | 0.318 |   3.121 |    3.157 | 
     | datapath/g16081                                    | A1 ^ -> ZN ^ | AND2_X1   | 0.168 |   3.289 |    3.325 | 
     | datapath/g16079                                    | A1 ^ -> ZN ^ | OR2_X4    | 0.093 |   3.382 |    3.418 | 
     | datapath/branch_or_inc_4/FE_OFC611_IFID_takeBranch | A ^ -> Z ^   | BUF_X8    | 0.115 |   3.497 |    3.533 | 
     | datapath/branch_or_inc_4/g835__9315                | S ^ -> Z v   | MUX2_X1   | 0.229 |   3.726 |    3.762 | 
     | datapath/IF_pc_reg[9]                              | D v          | SDFFR_X1  | 0.000 |   3.726 |    3.762 | 
     +------------------------------------------------------------------------------------------------------------+ 
Path 9: MET Setup Check with Pin datapath/IF_pc_reg[8]/CK 
Endpoint:   datapath/IF_pc_reg[8]/D       (v) checked with  leading edge of 
'clk'
Beginpoint: datapath/IFID_instr_reg[20]/Q (^) triggered by  leading edge of 
'clk'
Path Groups: {reg2reg}
Analysis View: WC_VIEW
Other End Arrival Time          0.006
- Setup                         0.244
+ Phase Shift                   4.100
+ CPPR Adjustment               0.000
- Uncertainty                   0.100
= Required Time                 3.762
- Arrival Time                  3.725
= Slack Time                    0.037
     Clock Rise Edge                 0.000
     + Clock Network Latency (Prop)  -0.006
     = Beginpoint Arrival Time       -0.006
     +------------------------------------------------------------------------------------------------------------+ 
     |                      Instance                      |     Arc      |   Cell    | Delay | Arrival | Required | 
     |                                                    |              |           |       |  Time   |   Time   | 
     |----------------------------------------------------+--------------+-----------+-------+---------+----------| 
     | datapath/IFID_instr_reg[20]                        | CK ^         |           |       |  -0.006 |    0.031 | 
     | datapath/IFID_instr_reg[20]                        | CK ^ -> Q ^  | DFFR_X1   | 0.421 |   0.415 |    0.452 | 
     | datapath/FE_OFC254_IFID_rs2_0                      | A ^ -> Z ^   | CLKBUF_X1 | 0.336 |   0.750 |    0.788 | 
     | datapath/g26904                                    | A ^ -> ZN ^  | XNOR2_X1  | 0.188 |   0.938 |    0.976 | 
     | datapath/g26728                                    | A1 ^ -> ZN v | NAND4_X1  | 0.121 |   1.059 |    1.097 | 
     | datapath/g26722                                    | A1 v -> ZN ^ | NOR2_X1   | 0.145 |   1.204 |    1.241 | 
     | datapath/g26699                                    | A2 ^ -> ZN v | NOR2_X1   | 0.046 |   1.250 |    1.287 | 
     | datapath/g26648                                    | A1 v -> ZN v | OR2_X2    | 0.203 |   1.452 |    1.490 | 
     | datapath/FE_OFC620_n_780                           | A v -> ZN ^  | INV_X4    | 0.125 |   1.578 |    1.615 | 
     | datapath/FE_OFC621_n_780                           | A ^ -> ZN v  | INV_X1    | 0.117 |   1.695 |    1.733 | 
     | datapath/g26366                                    | B1 v -> ZN ^ | OAI221_X1 | 0.251 |   1.946 |    1.983 | 
     | datapath/LT_TC_OP_g1841                            | A ^ -> ZN v  | INV_X1    | 0.060 |   2.006 |    2.043 | 
     | datapath/LT_TC_OP_g1819                            | A2 v -> ZN ^ | NOR2_X1   | 0.155 |   2.160 |    2.198 | 
     | datapath/LT_TC_OP_g1779                            | A1 ^ -> ZN v | NOR3_X1   | 0.044 |   2.204 |    2.242 | 
     | datapath/LT_TC_OP_g1752                            | A v -> ZN ^  | AOI221_X1 | 0.327 |   2.531 |    2.569 | 
     | datapath/LT_TC_OP_g1749                            | B1 ^ -> ZN v | OAI221_X1 | 0.148 |   2.679 |    2.717 | 
     | datapath/FE_RC_448_0                               | A1 v -> ZN v | AND2_X1   | 0.124 |   2.803 |    2.841 | 
     | datapath/FE_RC_447_0                               | A v -> ZN ^  | AOI211_X2 | 0.318 |   3.121 |    3.158 | 
     | datapath/g16081                                    | A1 ^ -> ZN ^ | AND2_X1   | 0.168 |   3.289 |    3.326 | 
     | datapath/g16079                                    | A1 ^ -> ZN ^ | OR2_X4    | 0.093 |   3.382 |    3.419 | 
     | datapath/branch_or_inc_4/FE_OFC611_IFID_takeBranch | A ^ -> Z ^   | BUF_X8    | 0.115 |   3.497 |    3.534 | 
     | datapath/branch_or_inc_4/g836__9945                | S ^ -> Z v   | MUX2_X1   | 0.227 |   3.724 |    3.762 | 
     | datapath/IF_pc_reg[8]                              | D v          | SDFFR_X1  | 0.000 |   3.725 |    3.762 | 
     +------------------------------------------------------------------------------------------------------------+ 
Path 10: MET Setup Check with Pin datapath/IF_pc_reg[5]/CK 
Endpoint:   datapath/IF_pc_reg[5]/D       (v) checked with  leading edge of 
'clk'
Beginpoint: datapath/IFID_instr_reg[20]/Q (^) triggered by  leading edge of 
'clk'
Path Groups: {reg2reg}
Analysis View: WC_VIEW
Other End Arrival Time          0.007
- Setup                         0.241
+ Phase Shift                   4.100
+ CPPR Adjustment               0.000
- Uncertainty                   0.100
= Required Time                 3.766
- Arrival Time                  3.715
= Slack Time                    0.051
     Clock Rise Edge                 0.000
     + Clock Network Latency (Prop)  -0.006
     = Beginpoint Arrival Time       -0.006
     +------------------------------------------------------------------------------------------------------------+ 
     |                      Instance                      |     Arc      |   Cell    | Delay | Arrival | Required | 
     |                                                    |              |           |       |  Time   |   Time   | 
     |----------------------------------------------------+--------------+-----------+-------+---------+----------| 
     | datapath/IFID_instr_reg[20]                        | CK ^         |           |       |  -0.006 |    0.044 | 
     | datapath/IFID_instr_reg[20]                        | CK ^ -> Q ^  | DFFR_X1   | 0.421 |   0.415 |    0.465 | 
     | datapath/FE_OFC254_IFID_rs2_0                      | A ^ -> Z ^   | CLKBUF_X1 | 0.336 |   0.750 |    0.801 | 
     | datapath/g26904                                    | A ^ -> ZN ^  | XNOR2_X1  | 0.188 |   0.938 |    0.989 | 
     | datapath/g26728                                    | A1 ^ -> ZN v | NAND4_X1  | 0.121 |   1.059 |    1.110 | 
     | datapath/g26722                                    | A1 v -> ZN ^ | NOR2_X1   | 0.145 |   1.204 |    1.255 | 
     | datapath/g26699                                    | A2 ^ -> ZN v | NOR2_X1   | 0.046 |   1.250 |    1.300 | 
     | datapath/g26648                                    | A1 v -> ZN v | OR2_X2    | 0.203 |   1.452 |    1.503 | 
     | datapath/FE_OFC620_n_780                           | A v -> ZN ^  | INV_X4    | 0.125 |   1.578 |    1.629 | 
     | datapath/FE_OFC621_n_780                           | A ^ -> ZN v  | INV_X1    | 0.117 |   1.695 |    1.746 | 
     | datapath/g26366                                    | B1 v -> ZN ^ | OAI221_X1 | 0.251 |   1.946 |    1.997 | 
     | datapath/LT_TC_OP_g1841                            | A ^ -> ZN v  | INV_X1    | 0.060 |   2.006 |    2.056 | 
     | datapath/LT_TC_OP_g1819                            | A2 v -> ZN ^ | NOR2_X1   | 0.155 |   2.160 |    2.211 | 
     | datapath/LT_TC_OP_g1779                            | A1 ^ -> ZN v | NOR3_X1   | 0.044 |   2.204 |    2.255 | 
     | datapath/LT_TC_OP_g1752                            | A v -> ZN ^  | AOI221_X1 | 0.327 |   2.531 |    2.582 | 
     | datapath/LT_TC_OP_g1749                            | B1 ^ -> ZN v | OAI221_X1 | 0.148 |   2.679 |    2.730 | 
     | datapath/FE_RC_448_0                               | A1 v -> ZN v | AND2_X1   | 0.124 |   2.803 |    2.854 | 
     | datapath/FE_RC_447_0                               | A v -> ZN ^  | AOI211_X2 | 0.318 |   3.121 |    3.171 | 
     | datapath/g16081                                    | A1 ^ -> ZN ^ | AND2_X1   | 0.168 |   3.289 |    3.340 | 
     | datapath/g16079                                    | A1 ^ -> ZN ^ | OR2_X4    | 0.093 |   3.382 |    3.432 | 
     | datapath/branch_or_inc_4/FE_OFC612_IFID_takeBranch | A ^ -> Z ^   | BUF_X2    | 0.111 |   3.493 |    3.543 | 
     | datapath/branch_or_inc_4/g813__6417                | S ^ -> Z v   | MUX2_X1   | 0.223 |   3.715 |    3.766 | 
     | datapath/IF_pc_reg[5]                              | D v          | SDFFR_X1  | 0.000 |   3.715 |    3.766 | 
     +------------------------------------------------------------------------------------------------------------+ 
Path 11: MET Setup Check with Pin datapath/IF_pc_reg[26]/CK 
Endpoint:   datapath/IF_pc_reg[26]/D       (^) checked with  leading edge of 
'clk'
Beginpoint: datapath/IFID_instr_reg[22]/QN (v) triggered by  leading edge of 
'clk'
Path Groups: {reg2reg}
Analysis View: WC_VIEW
Other End Arrival Time          0.048
- Setup                         0.222
+ Phase Shift                   4.100
+ CPPR Adjustment               0.000
- Uncertainty                   0.100
= Required Time                 3.826
- Arrival Time                  3.766
= Slack Time                    0.060
     Clock Rise Edge                 0.000
     + Clock Network Latency (Prop)  0.001
     = Beginpoint Arrival Time       0.001
     +------------------------------------------------------------------------------------------------------------+ 
     |                      Instance                      |     Arc      |   Cell    | Delay | Arrival | Required | 
     |                                                    |              |           |       |  Time   |   Time   | 
     |----------------------------------------------------+--------------+-----------+-------+---------+----------| 
     | datapath/IFID_instr_reg[22]                        | CK ^         |           |       |   0.001 |    0.061 | 
     | datapath/IFID_instr_reg[22]                        | CK ^ -> QN v | DFFR_X1   | 0.306 |   0.308 |    0.367 | 
     | datapath/g35754                                    | A v -> ZN ^  | INV_X4    | 0.117 |   0.425 |    0.484 | 
     | datapath/g522__2883                                | A1 ^ -> ZN v | NOR2_X1   | 0.046 |   0.470 |    0.530 | 
     | datapath/g518__9945                                | A1 v -> ZN v | AND2_X1   | 0.131 |   0.601 |    0.661 | 
     | datapath/g496__6260                                | A2 v -> ZN v | AND2_X1   | 0.116 |   0.717 |    0.776 | 
     | datapath/FE_OFC242_registers_n_2596                | A v -> Z v   | BUF_X4    | 0.120 |   0.836 |    0.896 | 
     | datapath/g3572                                     | C2 v -> ZN ^ | AOI222_X1 | 0.451 |   1.287 |    1.347 | 
     | datapath/g3447                                     | A1 ^ -> ZN v | NAND3_X1  | 0.110 |   1.397 |    1.456 | 
     | datapath/g3412                                     | A4 v -> ZN v | OR4_X1    | 0.565 |   1.961 |    2.021 | 
     | datapath/g26370                                    | A1 v -> ZN ^ | AOI222_X1 | 0.209 |   2.170 |    2.230 | 
     | datapath/FE_OFC168_LT_TC_OP_n_17                   | A ^ -> Z ^   | CLKBUF_X1 | 0.201 |   2.371 |    2.431 | 
     | datapath/g26289                                    | B ^ -> ZN v  | XNOR2_X1  | 0.062 |   2.433 |    2.493 | 
     | datapath/g26189                                    | A4 v -> ZN ^ | NOR4_X1   | 0.330 |   2.763 |    2.823 | 
     | datapath/FE_RC_359_0                               | A1 ^ -> ZN ^ | AND2_X1   | 0.145 |   2.908 |    2.968 | 
     | datapath/FE_RC_358_0                               | A3 ^ -> ZN v | NAND3_X1  | 0.093 |   3.001 |    3.061 | 
     | datapath/g26095                                    | S v -> Z v   | MUX2_X1   | 0.219 |   3.220 |    3.279 | 
     | datapath/g16079                                    | A2 v -> ZN v | OR2_X4    | 0.192 |   3.412 |    3.472 | 
     | datapath/branch_or_inc_4/FE_OFC611_IFID_takeBranch | A v -> Z v   | BUF_X8    | 0.103 |   3.515 |    3.575 | 
     | datapath/branch_or_inc_4/FE_OFC613_IFID_takeBranch | A v -> ZN ^  | INV_X1    | 0.135 |   3.650 |    3.710 | 
     | datapath/branch_or_inc_4/g845__6260                | A2 ^ -> ZN v | NAND2_X1  | 0.062 |   3.712 |    3.772 | 
     | datapath/branch_or_inc_4/g831__5115                | A2 v -> ZN ^ | NAND2_X1  | 0.054 |   3.766 |    3.826 | 
     | datapath/IF_pc_reg[26]                             | D ^          | SDFFRS_X1 | 0.000 |   3.766 |    3.826 | 
     +------------------------------------------------------------------------------------------------------------+ 
Path 12: MET Setup Check with Pin datapath/IF_pc_reg[27]/CK 
Endpoint:   datapath/IF_pc_reg[27]/D       (^) checked with  leading edge of 
'clk'
Beginpoint: datapath/IFID_instr_reg[22]/QN (v) triggered by  leading edge of 
'clk'
Path Groups: {reg2reg}
Analysis View: WC_VIEW
Other End Arrival Time          0.048
- Setup                         0.216
+ Phase Shift                   4.100
+ CPPR Adjustment               0.000
- Uncertainty                   0.100
= Required Time                 3.832
- Arrival Time                  3.771
= Slack Time                    0.062
     Clock Rise Edge                 0.000
     + Clock Network Latency (Prop)  0.001
     = Beginpoint Arrival Time       0.001
     +------------------------------------------------------------------------------------------------------------+ 
     |                      Instance                      |     Arc      |   Cell    | Delay | Arrival | Required | 
     |                                                    |              |           |       |  Time   |   Time   | 
     |----------------------------------------------------+--------------+-----------+-------+---------+----------| 
     | datapath/IFID_instr_reg[22]                        | CK ^         |           |       |   0.001 |    0.063 | 
     | datapath/IFID_instr_reg[22]                        | CK ^ -> QN v | DFFR_X1   | 0.306 |   0.308 |    0.369 | 
     | datapath/g35754                                    | A v -> ZN ^  | INV_X4    | 0.117 |   0.425 |    0.486 | 
     | datapath/g522__2883                                | A1 ^ -> ZN v | NOR2_X1   | 0.046 |   0.470 |    0.532 | 
     | datapath/g518__9945                                | A1 v -> ZN v | AND2_X1   | 0.131 |   0.601 |    0.663 | 
     | datapath/g496__6260                                | A2 v -> ZN v | AND2_X1   | 0.116 |   0.717 |    0.778 | 
     | datapath/FE_OFC242_registers_n_2596                | A v -> Z v   | BUF_X4    | 0.120 |   0.836 |    0.898 | 
     | datapath/g3572                                     | C2 v -> ZN ^ | AOI222_X1 | 0.451 |   1.287 |    1.349 | 
     | datapath/g3447                                     | A1 ^ -> ZN v | NAND3_X1  | 0.110 |   1.397 |    1.458 | 
     | datapath/g3412                                     | A4 v -> ZN v | OR4_X1    | 0.565 |   1.961 |    2.023 | 
     | datapath/g26370                                    | A1 v -> ZN ^ | AOI222_X1 | 0.209 |   2.170 |    2.232 | 
     | datapath/FE_OFC168_LT_TC_OP_n_17                   | A ^ -> Z ^   | CLKBUF_X1 | 0.201 |   2.371 |    2.433 | 
     | datapath/g26289                                    | B ^ -> ZN v  | XNOR2_X1  | 0.062 |   2.433 |    2.495 | 
     | datapath/g26189                                    | A4 v -> ZN ^ | NOR4_X1   | 0.330 |   2.763 |    2.825 | 
     | datapath/FE_RC_359_0                               | A1 ^ -> ZN ^ | AND2_X1   | 0.145 |   2.908 |    2.970 | 
     | datapath/FE_RC_358_0                               | A3 ^ -> ZN v | NAND3_X1  | 0.093 |   3.001 |    3.063 | 
     | datapath/g26095                                    | S v -> Z v   | MUX2_X1   | 0.219 |   3.220 |    3.281 | 
     | datapath/g16079                                    | A2 v -> ZN v | OR2_X4    | 0.192 |   3.412 |    3.474 | 
     | datapath/branch_or_inc_4/FE_OFC611_IFID_takeBranch | A v -> Z v   | BUF_X8    | 0.103 |   3.515 |    3.577 | 
     | datapath/branch_or_inc_4/FE_OFC613_IFID_takeBranch | A v -> ZN ^  | INV_X1    | 0.135 |   3.650 |    3.712 | 
     | datapath/branch_or_inc_4/g843__2398                | A2 ^ -> ZN v | NAND2_X1  | 0.062 |   3.712 |    3.773 | 
     | datapath/branch_or_inc_4/g821__6783                | A2 v -> ZN ^ | NAND2_X1  | 0.059 |   3.771 |    3.832 | 
     | datapath/IF_pc_reg[27]                             | D ^          | SDFFR_X1  | 0.000 |   3.771 |    3.832 | 
     +------------------------------------------------------------------------------------------------------------+ 
Path 13: MET Setup Check with Pin datapath/IF_pc_reg[19]/CK 
Endpoint:   datapath/IF_pc_reg[19]/D      (v) checked with  leading edge of 
'clk'
Beginpoint: datapath/IFID_instr_reg[20]/Q (^) triggered by  leading edge of 
'clk'
Path Groups: {reg2reg}
Analysis View: WC_VIEW
Other End Arrival Time          0.041
- Setup                         0.245
+ Phase Shift                   4.100
+ CPPR Adjustment               0.000
- Uncertainty                   0.100
= Required Time                 3.796
- Arrival Time                  3.731
= Slack Time                    0.065
     Clock Rise Edge                 0.000
     + Clock Network Latency (Prop)  -0.006
     = Beginpoint Arrival Time       -0.006
     +------------------------------------------------------------------------------------------------------------+ 
     |                      Instance                      |     Arc      |   Cell    | Delay | Arrival | Required | 
     |                                                    |              |           |       |  Time   |   Time   | 
     |----------------------------------------------------+--------------+-----------+-------+---------+----------| 
     | datapath/IFID_instr_reg[20]                        | CK ^         |           |       |  -0.006 |    0.059 | 
     | datapath/IFID_instr_reg[20]                        | CK ^ -> Q ^  | DFFR_X1   | 0.421 |   0.415 |    0.480 | 
     | datapath/FE_OFC254_IFID_rs2_0                      | A ^ -> Z ^   | CLKBUF_X1 | 0.336 |   0.750 |    0.815 | 
     | datapath/g26904                                    | A ^ -> ZN ^  | XNOR2_X1  | 0.188 |   0.938 |    1.003 | 
     | datapath/g26728                                    | A1 ^ -> ZN v | NAND4_X1  | 0.121 |   1.059 |    1.124 | 
     | datapath/g26722                                    | A1 v -> ZN ^ | NOR2_X1   | 0.145 |   1.204 |    1.269 | 
     | datapath/g26699                                    | A2 ^ -> ZN v | NOR2_X1   | 0.046 |   1.250 |    1.315 | 
     | datapath/g26648                                    | A1 v -> ZN v | OR2_X2    | 0.203 |   1.452 |    1.517 | 
     | datapath/FE_OFC620_n_780                           | A v -> ZN ^  | INV_X4    | 0.125 |   1.578 |    1.643 | 
     | datapath/FE_OFC621_n_780                           | A ^ -> ZN v  | INV_X1    | 0.117 |   1.695 |    1.760 | 
     | datapath/g26366                                    | B1 v -> ZN ^ | OAI221_X1 | 0.251 |   1.946 |    2.011 | 
     | datapath/LT_TC_OP_g1841                            | A ^ -> ZN v  | INV_X1    | 0.060 |   2.006 |    2.071 | 
     | datapath/LT_TC_OP_g1819                            | A2 v -> ZN ^ | NOR2_X1   | 0.155 |   2.160 |    2.225 | 
     | datapath/LT_TC_OP_g1779                            | A1 ^ -> ZN v | NOR3_X1   | 0.044 |   2.204 |    2.269 | 
     | datapath/LT_TC_OP_g1752                            | A v -> ZN ^  | AOI221_X1 | 0.327 |   2.531 |    2.596 | 
     | datapath/LT_TC_OP_g1749                            | B1 ^ -> ZN v | OAI221_X1 | 0.148 |   2.679 |    2.744 | 
     | datapath/FE_RC_448_0                               | A1 v -> ZN v | AND2_X1   | 0.124 |   2.803 |    2.868 | 
     | datapath/FE_RC_447_0                               | A v -> ZN ^  | AOI211_X2 | 0.318 |   3.121 |    3.186 | 
     | datapath/g16081                                    | A1 ^ -> ZN ^ | AND2_X1   | 0.168 |   3.289 |    3.354 | 
     | datapath/g16079                                    | A1 ^ -> ZN ^ | OR2_X4    | 0.093 |   3.382 |    3.447 | 
     | datapath/branch_or_inc_4/FE_OFC611_IFID_takeBranch | A ^ -> Z ^   | BUF_X8    | 0.115 |   3.497 |    3.562 | 
     | datapath/branch_or_inc_4/g837__2883                | S ^ -> Z v   | MUX2_X1   | 0.234 |   3.731 |    3.796 | 
     | datapath/IF_pc_reg[19]                             | D v          | SDFFR_X1  | 0.000 |   3.731 |    3.796 | 
     +------------------------------------------------------------------------------------------------------------+ 
Path 14: MET Setup Check with Pin datapath/IF_pc_reg[17]/CK 
Endpoint:   datapath/IF_pc_reg[17]/D      (v) checked with  leading edge of 
'clk'
Beginpoint: datapath/IFID_instr_reg[20]/Q (^) triggered by  leading edge of 
'clk'
Path Groups: {reg2reg}
Analysis View: WC_VIEW
Other End Arrival Time          0.041
- Setup                         0.245
+ Phase Shift                   4.100
+ CPPR Adjustment               0.000
- Uncertainty                   0.100
= Required Time                 3.796
- Arrival Time                  3.730
= Slack Time                    0.066
     Clock Rise Edge                 0.000
     + Clock Network Latency (Prop)  -0.006
     = Beginpoint Arrival Time       -0.006
     +------------------------------------------------------------------------------------------------------------+ 
     |                      Instance                      |     Arc      |   Cell    | Delay | Arrival | Required | 
     |                                                    |              |           |       |  Time   |   Time   | 
     |----------------------------------------------------+--------------+-----------+-------+---------+----------| 
     | datapath/IFID_instr_reg[20]                        | CK ^         |           |       |  -0.006 |    0.059 | 
     | datapath/IFID_instr_reg[20]                        | CK ^ -> Q ^  | DFFR_X1   | 0.421 |   0.415 |    0.480 | 
     | datapath/FE_OFC254_IFID_rs2_0                      | A ^ -> Z ^   | CLKBUF_X1 | 0.336 |   0.750 |    0.816 | 
     | datapath/g26904                                    | A ^ -> ZN ^  | XNOR2_X1  | 0.188 |   0.938 |    1.004 | 
     | datapath/g26728                                    | A1 ^ -> ZN v | NAND4_X1  | 0.121 |   1.059 |    1.125 | 
     | datapath/g26722                                    | A1 v -> ZN ^ | NOR2_X1   | 0.145 |   1.204 |    1.270 | 
     | datapath/g26699                                    | A2 ^ -> ZN v | NOR2_X1   | 0.046 |   1.250 |    1.316 | 
     | datapath/g26648                                    | A1 v -> ZN v | OR2_X2    | 0.203 |   1.452 |    1.518 | 
     | datapath/FE_OFC620_n_780                           | A v -> ZN ^  | INV_X4    | 0.125 |   1.578 |    1.644 | 
     | datapath/FE_OFC621_n_780                           | A ^ -> ZN v  | INV_X1    | 0.117 |   1.695 |    1.761 | 
     | datapath/g26366                                    | B1 v -> ZN ^ | OAI221_X1 | 0.251 |   1.946 |    2.012 | 
     | datapath/LT_TC_OP_g1841                            | A ^ -> ZN v  | INV_X1    | 0.060 |   2.006 |    2.072 | 
     | datapath/LT_TC_OP_g1819                            | A2 v -> ZN ^ | NOR2_X1   | 0.155 |   2.160 |    2.226 | 
     | datapath/LT_TC_OP_g1779                            | A1 ^ -> ZN v | NOR3_X1   | 0.044 |   2.204 |    2.270 | 
     | datapath/LT_TC_OP_g1752                            | A v -> ZN ^  | AOI221_X1 | 0.327 |   2.531 |    2.597 | 
     | datapath/LT_TC_OP_g1749                            | B1 ^ -> ZN v | OAI221_X1 | 0.148 |   2.679 |    2.745 | 
     | datapath/FE_RC_448_0                               | A1 v -> ZN v | AND2_X1   | 0.124 |   2.803 |    2.869 | 
     | datapath/FE_RC_447_0                               | A v -> ZN ^  | AOI211_X2 | 0.318 |   3.121 |    3.187 | 
     | datapath/g16081                                    | A1 ^ -> ZN ^ | AND2_X1   | 0.168 |   3.289 |    3.355 | 
     | datapath/g16079                                    | A1 ^ -> ZN ^ | OR2_X4    | 0.093 |   3.382 |    3.448 | 
     | datapath/branch_or_inc_4/FE_OFC611_IFID_takeBranch | A ^ -> Z ^   | BUF_X8    | 0.115 |   3.497 |    3.563 | 
     | datapath/branch_or_inc_4/g817__6260                | S ^ -> Z v   | MUX2_X1   | 0.233 |   3.730 |    3.796 | 
     | datapath/IF_pc_reg[17]                             | D v          | SDFFR_X1  | 0.000 |   3.730 |    3.796 | 
     +------------------------------------------------------------------------------------------------------------+ 
Path 15: MET Setup Check with Pin datapath/IF_pc_reg[18]/CK 
Endpoint:   datapath/IF_pc_reg[18]/D      (v) checked with  leading edge of 
'clk'
Beginpoint: datapath/IFID_instr_reg[20]/Q (^) triggered by  leading edge of 
'clk'
Path Groups: {reg2reg}
Analysis View: WC_VIEW
Other End Arrival Time          0.041
- Setup                         0.245
+ Phase Shift                   4.100
+ CPPR Adjustment               0.000
- Uncertainty                   0.100
= Required Time                 3.796
- Arrival Time                  3.730
= Slack Time                    0.066
     Clock Rise Edge                 0.000
     + Clock Network Latency (Prop)  -0.006
     = Beginpoint Arrival Time       -0.006
     +------------------------------------------------------------------------------------------------------------+ 
     |                      Instance                      |     Arc      |   Cell    | Delay | Arrival | Required | 
     |                                                    |              |           |       |  Time   |   Time   | 
     |----------------------------------------------------+--------------+-----------+-------+---------+----------| 
     | datapath/IFID_instr_reg[20]                        | CK ^         |           |       |  -0.006 |    0.060 | 
     | datapath/IFID_instr_reg[20]                        | CK ^ -> Q ^  | DFFR_X1   | 0.421 |   0.415 |    0.481 | 
     | datapath/FE_OFC254_IFID_rs2_0                      | A ^ -> Z ^   | CLKBUF_X1 | 0.336 |   0.750 |    0.816 | 
     | datapath/g26904                                    | A ^ -> ZN ^  | XNOR2_X1  | 0.188 |   0.938 |    1.004 | 
     | datapath/g26728                                    | A1 ^ -> ZN v | NAND4_X1  | 0.121 |   1.059 |    1.126 | 
     | datapath/g26722                                    | A1 v -> ZN ^ | NOR2_X1   | 0.145 |   1.204 |    1.270 | 
     | datapath/g26699                                    | A2 ^ -> ZN v | NOR2_X1   | 0.046 |   1.250 |    1.316 | 
     | datapath/g26648                                    | A1 v -> ZN v | OR2_X2    | 0.203 |   1.452 |    1.519 | 
     | datapath/FE_OFC620_n_780                           | A v -> ZN ^  | INV_X4    | 0.125 |   1.578 |    1.644 | 
     | datapath/FE_OFC621_n_780                           | A ^ -> ZN v  | INV_X1    | 0.117 |   1.695 |    1.761 | 
     | datapath/g26366                                    | B1 v -> ZN ^ | OAI221_X1 | 0.251 |   1.946 |    2.012 | 
     | datapath/LT_TC_OP_g1841                            | A ^ -> ZN v  | INV_X1    | 0.060 |   2.006 |    2.072 | 
     | datapath/LT_TC_OP_g1819                            | A2 v -> ZN ^ | NOR2_X1   | 0.155 |   2.160 |    2.227 | 
     | datapath/LT_TC_OP_g1779                            | A1 ^ -> ZN v | NOR3_X1   | 0.044 |   2.204 |    2.270 | 
     | datapath/LT_TC_OP_g1752                            | A v -> ZN ^  | AOI221_X1 | 0.327 |   2.531 |    2.597 | 
     | datapath/LT_TC_OP_g1749                            | B1 ^ -> ZN v | OAI221_X1 | 0.148 |   2.679 |    2.745 | 
     | datapath/FE_RC_448_0                               | A1 v -> ZN v | AND2_X1   | 0.124 |   2.803 |    2.869 | 
     | datapath/FE_RC_447_0                               | A v -> ZN ^  | AOI211_X2 | 0.318 |   3.121 |    3.187 | 
     | datapath/g16081                                    | A1 ^ -> ZN ^ | AND2_X1   | 0.168 |   3.289 |    3.355 | 
     | datapath/g16079                                    | A1 ^ -> ZN ^ | OR2_X4    | 0.093 |   3.382 |    3.448 | 
     | datapath/branch_or_inc_4/FE_OFC611_IFID_takeBranch | A ^ -> Z ^   | BUF_X8    | 0.115 |   3.497 |    3.563 | 
     | datapath/branch_or_inc_4/g812__7410                | S ^ -> Z v   | MUX2_X1   | 0.233 |   3.730 |    3.796 | 
     | datapath/IF_pc_reg[18]                             | D v          | SDFFR_X1  | 0.000 |   3.730 |    3.796 | 
     +------------------------------------------------------------------------------------------------------------+ 
Path 16: MET Setup Check with Pin datapath/IF_pc_reg[10]/CK 
Endpoint:   datapath/IF_pc_reg[10]/D      (v) checked with  leading edge of 
'clk'
Beginpoint: datapath/IFID_instr_reg[20]/Q (^) triggered by  leading edge of 
'clk'
Path Groups: {reg2reg}
Analysis View: WC_VIEW
Other End Arrival Time          0.051
- Setup                         0.242
+ Phase Shift                   4.100
+ CPPR Adjustment               0.000
- Uncertainty                   0.100
= Required Time                 3.809
- Arrival Time                  3.743
= Slack Time                    0.066
     Clock Rise Edge                 0.000
     + Clock Network Latency (Prop)  -0.006
     = Beginpoint Arrival Time       -0.006
     +------------------------------------------------------------------------------------------------------------+ 
     |                      Instance                      |     Arc      |   Cell    | Delay | Arrival | Required | 
     |                                                    |              |           |       |  Time   |   Time   | 
     |----------------------------------------------------+--------------+-----------+-------+---------+----------| 
     | datapath/IFID_instr_reg[20]                        | CK ^         |           |       |  -0.006 |    0.060 | 
     | datapath/IFID_instr_reg[20]                        | CK ^ -> Q ^  | DFFR_X1   | 0.421 |   0.415 |    0.481 | 
     | datapath/FE_OFC254_IFID_rs2_0                      | A ^ -> Z ^   | CLKBUF_X1 | 0.336 |   0.750 |    0.817 | 
     | datapath/g26904                                    | A ^ -> ZN ^  | XNOR2_X1  | 0.188 |   0.938 |    1.004 | 
     | datapath/g26728                                    | A1 ^ -> ZN v | NAND4_X1  | 0.121 |   1.059 |    1.126 | 
     | datapath/g26722                                    | A1 v -> ZN ^ | NOR2_X1   | 0.145 |   1.204 |    1.270 | 
     | datapath/g26699                                    | A2 ^ -> ZN v | NOR2_X1   | 0.046 |   1.250 |    1.316 | 
     | datapath/g26648                                    | A1 v -> ZN v | OR2_X2    | 0.203 |   1.452 |    1.519 | 
     | datapath/FE_OFC620_n_780                           | A v -> ZN ^  | INV_X4    | 0.125 |   1.578 |    1.644 | 
     | datapath/FE_OFC621_n_780                           | A ^ -> ZN v  | INV_X1    | 0.117 |   1.695 |    1.761 | 
     | datapath/g26366                                    | B1 v -> ZN ^ | OAI221_X1 | 0.251 |   1.946 |    2.012 | 
     | datapath/LT_TC_OP_g1841                            | A ^ -> ZN v  | INV_X1    | 0.060 |   2.006 |    2.072 | 
     | datapath/LT_TC_OP_g1819                            | A2 v -> ZN ^ | NOR2_X1   | 0.155 |   2.160 |    2.227 | 
     | datapath/LT_TC_OP_g1779                            | A1 ^ -> ZN v | NOR3_X1   | 0.044 |   2.204 |    2.271 | 
     | datapath/LT_TC_OP_g1752                            | A v -> ZN ^  | AOI221_X1 | 0.327 |   2.531 |    2.598 | 
     | datapath/LT_TC_OP_g1749                            | B1 ^ -> ZN v | OAI221_X1 | 0.148 |   2.679 |    2.746 | 
     | datapath/FE_RC_448_0                               | A1 v -> ZN v | AND2_X1   | 0.124 |   2.803 |    2.869 | 
     | datapath/FE_RC_447_0                               | A v -> ZN ^  | AOI211_X2 | 0.318 |   3.121 |    3.187 | 
     | datapath/g16081                                    | A1 ^ -> ZN ^ | AND2_X1   | 0.168 |   3.289 |    3.355 | 
     | datapath/g16079                                    | A1 ^ -> ZN ^ | OR2_X4    | 0.093 |   3.382 |    3.448 | 
     | datapath/branch_or_inc_4/FE_OFC611_IFID_takeBranch | A ^ -> Z ^   | BUF_X8    | 0.115 |   3.497 |    3.563 | 
     | datapath/branch_or_inc_4/g833__4733                | S ^ -> Z v   | MUX2_X1   | 0.246 |   3.743 |    3.809 | 
     | datapath/IF_pc_reg[10]                             | D v          | SDFFR_X1  | 0.000 |   3.743 |    3.809 | 
     +------------------------------------------------------------------------------------------------------------+ 
Path 17: MET Setup Check with Pin datapath/IF_pc_reg[20]/CK 
Endpoint:   datapath/IF_pc_reg[20]/D      (v) checked with  leading edge of 
'clk'
Beginpoint: datapath/IFID_instr_reg[20]/Q (^) triggered by  leading edge of 
'clk'
Path Groups: {reg2reg}
Analysis View: WC_VIEW
Other End Arrival Time          0.041
- Setup                         0.245
+ Phase Shift                   4.100
+ CPPR Adjustment               0.000
- Uncertainty                   0.100
= Required Time                 3.797
- Arrival Time                  3.729
= Slack Time                    0.068
     Clock Rise Edge                 0.000
     + Clock Network Latency (Prop)  -0.006
     = Beginpoint Arrival Time       -0.006
     +------------------------------------------------------------------------------------------------------------+ 
     |                      Instance                      |     Arc      |   Cell    | Delay | Arrival | Required | 
     |                                                    |              |           |       |  Time   |   Time   | 
     |----------------------------------------------------+--------------+-----------+-------+---------+----------| 
     | datapath/IFID_instr_reg[20]                        | CK ^         |           |       |  -0.006 |    0.062 | 
     | datapath/IFID_instr_reg[20]                        | CK ^ -> Q ^  | DFFR_X1   | 0.421 |   0.415 |    0.483 | 
     | datapath/FE_OFC254_IFID_rs2_0                      | A ^ -> Z ^   | CLKBUF_X1 | 0.336 |   0.750 |    0.818 | 
     | datapath/g26904                                    | A ^ -> ZN ^  | XNOR2_X1  | 0.188 |   0.938 |    1.006 | 
     | datapath/g26728                                    | A1 ^ -> ZN v | NAND4_X1  | 0.121 |   1.059 |    1.128 | 
     | datapath/g26722                                    | A1 v -> ZN ^ | NOR2_X1   | 0.145 |   1.204 |    1.272 | 
     | datapath/g26699                                    | A2 ^ -> ZN v | NOR2_X1   | 0.046 |   1.250 |    1.318 | 
     | datapath/g26648                                    | A1 v -> ZN v | OR2_X2    | 0.203 |   1.452 |    1.521 | 
     | datapath/FE_OFC620_n_780                           | A v -> ZN ^  | INV_X4    | 0.125 |   1.578 |    1.646 | 
     | datapath/FE_OFC621_n_780                           | A ^ -> ZN v  | INV_X1    | 0.117 |   1.695 |    1.763 | 
     | datapath/g26366                                    | B1 v -> ZN ^ | OAI221_X1 | 0.251 |   1.946 |    2.014 | 
     | datapath/LT_TC_OP_g1841                            | A ^ -> ZN v  | INV_X1    | 0.060 |   2.006 |    2.074 | 
     | datapath/LT_TC_OP_g1819                            | A2 v -> ZN ^ | NOR2_X1   | 0.155 |   2.160 |    2.229 | 
     | datapath/LT_TC_OP_g1779                            | A1 ^ -> ZN v | NOR3_X1   | 0.044 |   2.204 |    2.272 | 
     | datapath/LT_TC_OP_g1752                            | A v -> ZN ^  | AOI221_X1 | 0.327 |   2.531 |    2.599 | 
     | datapath/LT_TC_OP_g1749                            | B1 ^ -> ZN v | OAI221_X1 | 0.148 |   2.679 |    2.747 | 
     | datapath/FE_RC_448_0                               | A1 v -> ZN v | AND2_X1   | 0.124 |   2.803 |    2.871 | 
     | datapath/FE_RC_447_0                               | A v -> ZN ^  | AOI211_X2 | 0.318 |   3.121 |    3.189 | 
     | datapath/g16081                                    | A1 ^ -> ZN ^ | AND2_X1   | 0.168 |   3.289 |    3.357 | 
     | datapath/g16079                                    | A1 ^ -> ZN ^ | OR2_X4    | 0.093 |   3.382 |    3.450 | 
     | datapath/branch_or_inc_4/FE_OFC611_IFID_takeBranch | A ^ -> Z ^   | BUF_X8    | 0.115 |   3.497 |    3.565 | 
     | datapath/branch_or_inc_4/g834__6161                | S ^ -> Z v   | MUX2_X1   | 0.232 |   3.729 |    3.797 | 
     | datapath/IF_pc_reg[20]                             | D v          | SDFFR_X1  | 0.000 |   3.729 |    3.797 | 
     +------------------------------------------------------------------------------------------------------------+ 
Path 18: MET Setup Check with Pin datapath/IF_pc_reg[28]/CK 
Endpoint:   datapath/IF_pc_reg[28]/D       (^) checked with  leading edge of 
'clk'
Beginpoint: datapath/IFID_instr_reg[22]/QN (v) triggered by  leading edge of 
'clk'
Path Groups: {reg2reg}
Analysis View: WC_VIEW
Other End Arrival Time          0.048
- Setup                         0.087
+ Phase Shift                   4.100
+ CPPR Adjustment               0.000
- Uncertainty                   0.100
= Required Time                 3.961
- Arrival Time                  3.888
= Slack Time                    0.072
     Clock Rise Edge                 0.000
     + Clock Network Latency (Prop)  0.001
     = Beginpoint Arrival Time       0.001
     +------------------------------------------------------------------------------------------------------------+ 
     |                      Instance                      |     Arc      |   Cell    | Delay | Arrival | Required | 
     |                                                    |              |           |       |  Time   |   Time   | 
     |----------------------------------------------------+--------------+-----------+-------+---------+----------| 
     | datapath/IFID_instr_reg[22]                        | CK ^         |           |       |   0.001 |    0.074 | 
     | datapath/IFID_instr_reg[22]                        | CK ^ -> QN v | DFFR_X1   | 0.306 |   0.308 |    0.380 | 
     | datapath/g35754                                    | A v -> ZN ^  | INV_X4    | 0.117 |   0.425 |    0.497 | 
     | datapath/g522__2883                                | A1 ^ -> ZN v | NOR2_X1   | 0.046 |   0.470 |    0.543 | 
     | datapath/g518__9945                                | A1 v -> ZN v | AND2_X1   | 0.131 |   0.601 |    0.674 | 
     | datapath/g496__6260                                | A2 v -> ZN v | AND2_X1   | 0.116 |   0.717 |    0.789 | 
     | datapath/FE_OFC242_registers_n_2596                | A v -> Z v   | BUF_X4    | 0.120 |   0.836 |    0.909 | 
     | datapath/g3572                                     | C2 v -> ZN ^ | AOI222_X1 | 0.451 |   1.287 |    1.360 | 
     | datapath/g3447                                     | A1 ^ -> ZN v | NAND3_X1  | 0.110 |   1.397 |    1.469 | 
     | datapath/g3412                                     | A4 v -> ZN v | OR4_X1    | 0.565 |   1.961 |    2.034 | 
     | datapath/g26370                                    | A1 v -> ZN ^ | AOI222_X1 | 0.209 |   2.170 |    2.243 | 
     | datapath/FE_OFC168_LT_TC_OP_n_17                   | A ^ -> Z ^   | CLKBUF_X1 | 0.201 |   2.371 |    2.443 | 
     | datapath/g26289                                    | B ^ -> ZN v  | XNOR2_X1  | 0.062 |   2.433 |    2.506 | 
     | datapath/g26189                                    | A4 v -> ZN ^ | NOR4_X1   | 0.330 |   2.763 |    2.836 | 
     | datapath/FE_RC_359_0                               | A1 ^ -> ZN ^ | AND2_X1   | 0.145 |   2.908 |    2.981 | 
     | datapath/FE_RC_358_0                               | A3 ^ -> ZN v | NAND3_X1  | 0.093 |   3.001 |    3.074 | 
     | datapath/g26095                                    | S v -> Z v   | MUX2_X1   | 0.219 |   3.220 |    3.292 | 
     | datapath/g16079                                    | A2 v -> ZN v | OR2_X4    | 0.192 |   3.412 |    3.485 | 
     | datapath/branch_or_inc_4/FE_OFC611_IFID_takeBranch | A v -> Z v   | BUF_X8    | 0.103 |   3.515 |    3.588 | 
     | datapath/branch_or_inc_4/FE_OFC613_IFID_takeBranch | A v -> ZN ^  | INV_X1    | 0.135 |   3.650 |    3.723 | 
     | datapath/branch_or_inc_4/g841__6417                | A2 ^ -> ZN v | NAND2_X1  | 0.062 |   3.712 |    3.785 | 
     | datapath/branch_or_inc_4/g810__2346                | A2 v -> ZN ^ | NAND2_X1  | 0.060 |   3.772 |    3.845 | 
     | datapath/g35737                                    | A ^ -> ZN v  | INV_X1    | 0.024 |   3.796 |    3.869 | 
     | datapath/g35643                                    | B1 v -> ZN ^ | OAI21_X1  | 0.092 |   3.888 |    3.961 | 
     | datapath/IF_pc_reg[28]                             | D ^          | DFFR_X1   | 0.000 |   3.888 |    3.961 | 
     +------------------------------------------------------------------------------------------------------------+ 
Path 19: MET Setup Check with Pin datapath/IF_pc_reg[16]/CK 
Endpoint:   datapath/IF_pc_reg[16]/D      (v) checked with  leading edge of 
'clk'
Beginpoint: datapath/IFID_instr_reg[20]/Q (^) triggered by  leading edge of 
'clk'
Path Groups: {reg2reg}
Analysis View: WC_VIEW
Other End Arrival Time          0.045
- Setup                         0.242
+ Phase Shift                   4.100
+ CPPR Adjustment               0.000
- Uncertainty                   0.100
= Required Time                 3.803
- Arrival Time                  3.730
= Slack Time                    0.073
     Clock Rise Edge                 0.000
     + Clock Network Latency (Prop)  -0.006
     = Beginpoint Arrival Time       -0.006
     +------------------------------------------------------------------------------------------------------------+ 
     |                      Instance                      |     Arc      |   Cell    | Delay | Arrival | Required | 
     |                                                    |              |           |       |  Time   |   Time   | 
     |----------------------------------------------------+--------------+-----------+-------+---------+----------| 
     | datapath/IFID_instr_reg[20]                        | CK ^         |           |       |  -0.006 |    0.066 | 
     | datapath/IFID_instr_reg[20]                        | CK ^ -> Q ^  | DFFR_X1   | 0.421 |   0.415 |    0.487 | 
     | datapath/FE_OFC254_IFID_rs2_0                      | A ^ -> Z ^   | CLKBUF_X1 | 0.336 |   0.750 |    0.823 | 
     | datapath/g26904                                    | A ^ -> ZN ^  | XNOR2_X1  | 0.188 |   0.938 |    1.011 | 
     | datapath/g26728                                    | A1 ^ -> ZN v | NAND4_X1  | 0.121 |   1.059 |    1.132 | 
     | datapath/g26722                                    | A1 v -> ZN ^ | NOR2_X1   | 0.145 |   1.204 |    1.277 | 
     | datapath/g26699                                    | A2 ^ -> ZN v | NOR2_X1   | 0.046 |   1.250 |    1.323 | 
     | datapath/g26648                                    | A1 v -> ZN v | OR2_X2    | 0.203 |   1.452 |    1.525 | 
     | datapath/FE_OFC620_n_780                           | A v -> ZN ^  | INV_X4    | 0.125 |   1.578 |    1.651 | 
     | datapath/FE_OFC621_n_780                           | A ^ -> ZN v  | INV_X1    | 0.117 |   1.695 |    1.768 | 
     | datapath/g26366                                    | B1 v -> ZN ^ | OAI221_X1 | 0.251 |   1.946 |    2.019 | 
     | datapath/LT_TC_OP_g1841                            | A ^ -> ZN v  | INV_X1    | 0.060 |   2.006 |    2.079 | 
     | datapath/LT_TC_OP_g1819                            | A2 v -> ZN ^ | NOR2_X1   | 0.155 |   2.160 |    2.233 | 
     | datapath/LT_TC_OP_g1779                            | A1 ^ -> ZN v | NOR3_X1   | 0.044 |   2.204 |    2.277 | 
     | datapath/LT_TC_OP_g1752                            | A v -> ZN ^  | AOI221_X1 | 0.327 |   2.531 |    2.604 | 
     | datapath/LT_TC_OP_g1749                            | B1 ^ -> ZN v | OAI221_X1 | 0.148 |   2.679 |    2.752 | 
     | datapath/FE_RC_448_0                               | A1 v -> ZN v | AND2_X1   | 0.124 |   2.803 |    2.876 | 
     | datapath/FE_RC_447_0                               | A v -> ZN ^  | AOI211_X2 | 0.318 |   3.121 |    3.194 | 
     | datapath/g16081                                    | A1 ^ -> ZN ^ | AND2_X1   | 0.168 |   3.289 |    3.362 | 
     | datapath/g16079                                    | A1 ^ -> ZN ^ | OR2_X4    | 0.093 |   3.382 |    3.455 | 
     | datapath/branch_or_inc_4/FE_OFC611_IFID_takeBranch | A ^ -> Z ^   | BUF_X8    | 0.115 |   3.497 |    3.570 | 
     | datapath/branch_or_inc_4/g819__8428                | S ^ -> Z v   | MUX2_X1   | 0.233 |   3.730 |    3.803 | 
     | datapath/IF_pc_reg[16]                             | D v          | SDFFR_X1  | 0.000 |   3.730 |    3.803 | 
     +------------------------------------------------------------------------------------------------------------+ 
Path 20: MET Setup Check with Pin datapath/IF_pc_reg[15]/CK 
Endpoint:   datapath/IF_pc_reg[15]/D      (v) checked with  leading edge of 
'clk'
Beginpoint: datapath/IFID_instr_reg[20]/Q (^) triggered by  leading edge of 
'clk'
Path Groups: {reg2reg}
Analysis View: WC_VIEW
Other End Arrival Time          0.045
- Setup                         0.242
+ Phase Shift                   4.100
+ CPPR Adjustment               0.000
- Uncertainty                   0.100
= Required Time                 3.803
- Arrival Time                  3.729
= Slack Time                    0.074
     Clock Rise Edge                 0.000
     + Clock Network Latency (Prop)  -0.006
     = Beginpoint Arrival Time       -0.006
     +------------------------------------------------------------------------------------------------------------+ 
     |                      Instance                      |     Arc      |   Cell    | Delay | Arrival | Required | 
     |                                                    |              |           |       |  Time   |   Time   | 
     |----------------------------------------------------+--------------+-----------+-------+---------+----------| 
     | datapath/IFID_instr_reg[20]                        | CK ^         |           |       |  -0.006 |    0.068 | 
     | datapath/IFID_instr_reg[20]                        | CK ^ -> Q ^  | DFFR_X1   | 0.421 |   0.415 |    0.489 | 
     | datapath/FE_OFC254_IFID_rs2_0                      | A ^ -> Z ^   | CLKBUF_X1 | 0.336 |   0.750 |    0.825 | 
     | datapath/g26904                                    | A ^ -> ZN ^  | XNOR2_X1  | 0.188 |   0.938 |    1.013 | 
     | datapath/g26728                                    | A1 ^ -> ZN v | NAND4_X1  | 0.121 |   1.059 |    1.134 | 
     | datapath/g26722                                    | A1 v -> ZN ^ | NOR2_X1   | 0.145 |   1.204 |    1.278 | 
     | datapath/g26699                                    | A2 ^ -> ZN v | NOR2_X1   | 0.046 |   1.250 |    1.324 | 
     | datapath/g26648                                    | A1 v -> ZN v | OR2_X2    | 0.203 |   1.452 |    1.527 | 
     | datapath/FE_OFC620_n_780                           | A v -> ZN ^  | INV_X4    | 0.125 |   1.578 |    1.652 | 
     | datapath/FE_OFC621_n_780                           | A ^ -> ZN v  | INV_X1    | 0.117 |   1.695 |    1.770 | 
     | datapath/g26366                                    | B1 v -> ZN ^ | OAI221_X1 | 0.251 |   1.946 |    2.020 | 
     | datapath/LT_TC_OP_g1841                            | A ^ -> ZN v  | INV_X1    | 0.060 |   2.006 |    2.080 | 
     | datapath/LT_TC_OP_g1819                            | A2 v -> ZN ^ | NOR2_X1   | 0.155 |   2.160 |    2.235 | 
     | datapath/LT_TC_OP_g1779                            | A1 ^ -> ZN v | NOR3_X1   | 0.044 |   2.204 |    2.279 | 
     | datapath/LT_TC_OP_g1752                            | A v -> ZN ^  | AOI221_X1 | 0.327 |   2.531 |    2.606 | 
     | datapath/LT_TC_OP_g1749                            | B1 ^ -> ZN v | OAI221_X1 | 0.148 |   2.679 |    2.754 | 
     | datapath/FE_RC_448_0                               | A1 v -> ZN v | AND2_X1   | 0.124 |   2.803 |    2.878 | 
     | datapath/FE_RC_447_0                               | A v -> ZN ^  | AOI211_X2 | 0.318 |   3.121 |    3.195 | 
     | datapath/g16081                                    | A1 ^ -> ZN ^ | AND2_X1   | 0.168 |   3.289 |    3.363 | 
     | datapath/g16079                                    | A1 ^ -> ZN ^ | OR2_X4    | 0.093 |   3.382 |    3.456 | 
     | datapath/branch_or_inc_4/FE_OFC611_IFID_takeBranch | A ^ -> Z ^   | BUF_X8    | 0.115 |   3.497 |    3.571 | 
     | datapath/branch_or_inc_4/g823__1617                | S ^ -> Z v   | MUX2_X1   | 0.232 |   3.729 |    3.803 | 
     | datapath/IF_pc_reg[15]                             | D v          | SDFFR_X1  | 0.000 |   3.729 |    3.803 | 
     +------------------------------------------------------------------------------------------------------------+ 
Path 21: MET Setup Check with Pin datapath/IF_pc_reg[29]/CK 
Endpoint:   datapath/IF_pc_reg[29]/D       (^) checked with  leading edge of 
'clk'
Beginpoint: datapath/IFID_instr_reg[22]/QN (v) triggered by  leading edge of 
'clk'
Path Groups: {reg2reg}
Analysis View: WC_VIEW
Other End Arrival Time          0.051
- Setup                         0.085
+ Phase Shift                   4.100
+ CPPR Adjustment               0.000
- Uncertainty                   0.100
= Required Time                 3.966
- Arrival Time                  3.890
= Slack Time                    0.076
     Clock Rise Edge                 0.000
     + Clock Network Latency (Prop)  0.001
     = Beginpoint Arrival Time       0.001
     +------------------------------------------------------------------------------------------------------------+ 
     |                      Instance                      |     Arc      |   Cell    | Delay | Arrival | Required | 
     |                                                    |              |           |       |  Time   |   Time   | 
     |----------------------------------------------------+--------------+-----------+-------+---------+----------| 
     | datapath/IFID_instr_reg[22]                        | CK ^         |           |       |   0.001 |    0.077 | 
     | datapath/IFID_instr_reg[22]                        | CK ^ -> QN v | DFFR_X1   | 0.306 |   0.308 |    0.383 | 
     | datapath/g35754                                    | A v -> ZN ^  | INV_X4    | 0.117 |   0.425 |    0.500 | 
     | datapath/g522__2883                                | A1 ^ -> ZN v | NOR2_X1   | 0.046 |   0.470 |    0.546 | 
     | datapath/g518__9945                                | A1 v -> ZN v | AND2_X1   | 0.131 |   0.601 |    0.677 | 
     | datapath/g496__6260                                | A2 v -> ZN v | AND2_X1   | 0.116 |   0.717 |    0.792 | 
     | datapath/FE_OFC242_registers_n_2596                | A v -> Z v   | BUF_X4    | 0.120 |   0.836 |    0.912 | 
     | datapath/g3572                                     | C2 v -> ZN ^ | AOI222_X1 | 0.451 |   1.287 |    1.363 | 
     | datapath/g3447                                     | A1 ^ -> ZN v | NAND3_X1  | 0.110 |   1.397 |    1.472 | 
     | datapath/g3412                                     | A4 v -> ZN v | OR4_X1    | 0.565 |   1.961 |    2.037 | 
     | datapath/g26370                                    | A1 v -> ZN ^ | AOI222_X1 | 0.209 |   2.170 |    2.246 | 
     | datapath/FE_OFC168_LT_TC_OP_n_17                   | A ^ -> Z ^   | CLKBUF_X1 | 0.201 |   2.371 |    2.447 | 
     | datapath/g26289                                    | B ^ -> ZN v  | XNOR2_X1  | 0.062 |   2.433 |    2.509 | 
     | datapath/g26189                                    | A4 v -> ZN ^ | NOR4_X1   | 0.330 |   2.763 |    2.839 | 
     | datapath/FE_RC_359_0                               | A1 ^ -> ZN ^ | AND2_X1   | 0.145 |   2.908 |    2.984 | 
     | datapath/FE_RC_358_0                               | A3 ^ -> ZN v | NAND3_X1  | 0.093 |   3.001 |    3.077 | 
     | datapath/g26095                                    | S v -> Z v   | MUX2_X1   | 0.219 |   3.220 |    3.296 | 
     | datapath/g16079                                    | A2 v -> ZN v | OR2_X4    | 0.192 |   3.412 |    3.488 | 
     | datapath/branch_or_inc_4/FE_OFC611_IFID_takeBranch | A v -> Z v   | BUF_X8    | 0.103 |   3.515 |    3.591 | 
     | datapath/branch_or_inc_4/FE_OFC613_IFID_takeBranch | A v -> ZN ^  | INV_X1    | 0.135 |   3.650 |    3.726 | 
     | datapath/branch_or_inc_4/g844__5107                | A2 ^ -> ZN v | NAND2_X1  | 0.063 |   3.713 |    3.789 | 
     | datapath/branch_or_inc_4/g828__7098                | A2 v -> ZN ^ | NAND2_X1  | 0.060 |   3.774 |    3.849 | 
     | datapath/g35726                                    | A ^ -> ZN v  | INV_X1    | 0.025 |   3.798 |    3.874 | 
     | datapath/g35591                                    | B1 v -> ZN ^ | OAI21_X1  | 0.092 |   3.890 |    3.966 | 
     | datapath/IF_pc_reg[29]                             | D ^          | DFFR_X1   | 0.000 |   3.890 |    3.966 | 
     +------------------------------------------------------------------------------------------------------------+ 
Path 22: MET Setup Check with Pin datapath/IF_pc_reg[12]/CK 
Endpoint:   datapath/IF_pc_reg[12]/D      (v) checked with  leading edge of 
'clk'
Beginpoint: datapath/IFID_instr_reg[20]/Q (^) triggered by  leading edge of 
'clk'
Path Groups: {reg2reg}
Analysis View: WC_VIEW
Other End Arrival Time          0.048
- Setup                         0.244
+ Phase Shift                   4.100
+ CPPR Adjustment               0.000
- Uncertainty                   0.100
= Required Time                 3.804
- Arrival Time                  3.728
= Slack Time                    0.076
     Clock Rise Edge                 0.000
     + Clock Network Latency (Prop)  -0.006
     = Beginpoint Arrival Time       -0.006
     +------------------------------------------------------------------------------------------------------------+ 
     |                      Instance                      |     Arc      |   Cell    | Delay | Arrival | Required | 
     |                                                    |              |           |       |  Time   |   Time   | 
     |----------------------------------------------------+--------------+-----------+-------+---------+----------| 
     | datapath/IFID_instr_reg[20]                        | CK ^         |           |       |  -0.006 |    0.070 | 
     | datapath/IFID_instr_reg[20]                        | CK ^ -> Q ^  | DFFR_X1   | 0.421 |   0.415 |    0.491 | 
     | datapath/FE_OFC254_IFID_rs2_0                      | A ^ -> Z ^   | CLKBUF_X1 | 0.336 |   0.750 |    0.827 | 
     | datapath/g26904                                    | A ^ -> ZN ^  | XNOR2_X1  | 0.188 |   0.938 |    1.015 | 
     | datapath/g26728                                    | A1 ^ -> ZN v | NAND4_X1  | 0.121 |   1.059 |    1.136 | 
     | datapath/g26722                                    | A1 v -> ZN ^ | NOR2_X1   | 0.145 |   1.204 |    1.280 | 
     | datapath/g26699                                    | A2 ^ -> ZN v | NOR2_X1   | 0.046 |   1.250 |    1.326 | 
     | datapath/g26648                                    | A1 v -> ZN v | OR2_X2    | 0.203 |   1.452 |    1.529 | 
     | datapath/FE_OFC620_n_780                           | A v -> ZN ^  | INV_X4    | 0.125 |   1.578 |    1.654 | 
     | datapath/FE_OFC621_n_780                           | A ^ -> ZN v  | INV_X1    | 0.117 |   1.695 |    1.772 | 
     | datapath/g26366                                    | B1 v -> ZN ^ | OAI221_X1 | 0.251 |   1.946 |    2.022 | 
     | datapath/LT_TC_OP_g1841                            | A ^ -> ZN v  | INV_X1    | 0.060 |   2.006 |    2.082 | 
     | datapath/LT_TC_OP_g1819                            | A2 v -> ZN ^ | NOR2_X1   | 0.155 |   2.160 |    2.237 | 
     | datapath/LT_TC_OP_g1779                            | A1 ^ -> ZN v | NOR3_X1   | 0.044 |   2.204 |    2.281 | 
     | datapath/LT_TC_OP_g1752                            | A v -> ZN ^  | AOI221_X1 | 0.327 |   2.531 |    2.608 | 
     | datapath/LT_TC_OP_g1749                            | B1 ^ -> ZN v | OAI221_X1 | 0.148 |   2.679 |    2.756 | 
     | datapath/FE_RC_448_0                               | A1 v -> ZN v | AND2_X1   | 0.124 |   2.803 |    2.880 | 
     | datapath/FE_RC_447_0                               | A v -> ZN ^  | AOI211_X2 | 0.318 |   3.121 |    3.197 | 
     | datapath/g16081                                    | A1 ^ -> ZN ^ | AND2_X1   | 0.168 |   3.289 |    3.365 | 
     | datapath/g16079                                    | A1 ^ -> ZN ^ | OR2_X4    | 0.093 |   3.382 |    3.458 | 
     | datapath/branch_or_inc_4/FE_OFC611_IFID_takeBranch | A ^ -> Z ^   | BUF_X8    | 0.115 |   3.497 |    3.573 | 
     | datapath/branch_or_inc_4/g829__6131                | S ^ -> Z v   | MUX2_X1   | 0.231 |   3.728 |    3.804 | 
     | datapath/IF_pc_reg[12]                             | D v          | SDFFR_X1  | 0.000 |   3.728 |    3.804 | 
     +------------------------------------------------------------------------------------------------------------+ 
Path 23: MET Setup Check with Pin datapath/IF_pc_reg[13]/CK 
Endpoint:   datapath/IF_pc_reg[13]/D      (v) checked with  leading edge of 
'clk'
Beginpoint: datapath/IFID_instr_reg[20]/Q (^) triggered by  leading edge of 
'clk'
Path Groups: {reg2reg}
Analysis View: WC_VIEW
Other End Arrival Time          0.051
- Setup                         0.243
+ Phase Shift                   4.100
+ CPPR Adjustment               0.000
- Uncertainty                   0.100
= Required Time                 3.807
- Arrival Time                  3.730
= Slack Time                    0.078
     Clock Rise Edge                 0.000
     + Clock Network Latency (Prop)  -0.006
     = Beginpoint Arrival Time       -0.006
     +------------------------------------------------------------------------------------------------------------+ 
     |                      Instance                      |     Arc      |   Cell    | Delay | Arrival | Required | 
     |                                                    |              |           |       |  Time   |   Time   | 
     |----------------------------------------------------+--------------+-----------+-------+---------+----------| 
     | datapath/IFID_instr_reg[20]                        | CK ^         |           |       |  -0.006 |    0.071 | 
     | datapath/IFID_instr_reg[20]                        | CK ^ -> Q ^  | DFFR_X1   | 0.421 |   0.415 |    0.492 | 
     | datapath/FE_OFC254_IFID_rs2_0                      | A ^ -> Z ^   | CLKBUF_X1 | 0.336 |   0.750 |    0.828 | 
     | datapath/g26904                                    | A ^ -> ZN ^  | XNOR2_X1  | 0.188 |   0.938 |    1.016 | 
     | datapath/g26728                                    | A1 ^ -> ZN v | NAND4_X1  | 0.121 |   1.059 |    1.137 | 
     | datapath/g26722                                    | A1 v -> ZN ^ | NOR2_X1   | 0.145 |   1.204 |    1.282 | 
     | datapath/g26699                                    | A2 ^ -> ZN v | NOR2_X1   | 0.046 |   1.250 |    1.327 | 
     | datapath/g26648                                    | A1 v -> ZN v | OR2_X2    | 0.203 |   1.452 |    1.530 | 
     | datapath/FE_OFC620_n_780                           | A v -> ZN ^  | INV_X4    | 0.125 |   1.578 |    1.655 | 
     | datapath/FE_OFC621_n_780                           | A ^ -> ZN v  | INV_X1    | 0.117 |   1.695 |    1.773 | 
     | datapath/g26366                                    | B1 v -> ZN ^ | OAI221_X1 | 0.251 |   1.946 |    2.024 | 
     | datapath/LT_TC_OP_g1841                            | A ^ -> ZN v  | INV_X1    | 0.060 |   2.006 |    2.083 | 
     | datapath/LT_TC_OP_g1819                            | A2 v -> ZN ^ | NOR2_X1   | 0.155 |   2.160 |    2.238 | 
     | datapath/LT_TC_OP_g1779                            | A1 ^ -> ZN v | NOR3_X1   | 0.044 |   2.204 |    2.282 | 
     | datapath/LT_TC_OP_g1752                            | A v -> ZN ^  | AOI221_X1 | 0.327 |   2.531 |    2.609 | 
     | datapath/LT_TC_OP_g1749                            | B1 ^ -> ZN v | OAI221_X1 | 0.148 |   2.679 |    2.757 | 
     | datapath/FE_RC_448_0                               | A1 v -> ZN v | AND2_X1   | 0.124 |   2.803 |    2.881 | 
     | datapath/FE_RC_447_0                               | A v -> ZN ^  | AOI211_X2 | 0.318 |   3.121 |    3.198 | 
     | datapath/g16081                                    | A1 ^ -> ZN ^ | AND2_X1   | 0.168 |   3.289 |    3.367 | 
     | datapath/g16079                                    | A1 ^ -> ZN ^ | OR2_X4    | 0.093 |   3.382 |    3.459 | 
     | datapath/branch_or_inc_4/FE_OFC611_IFID_takeBranch | A ^ -> Z ^   | BUF_X8    | 0.115 |   3.497 |    3.574 | 
     | datapath/branch_or_inc_4/g826__5122                | S ^ -> Z v   | MUX2_X1   | 0.233 |   3.730 |    3.807 | 
     | datapath/IF_pc_reg[13]                             | D v          | SDFFR_X1  | 0.000 |   3.730 |    3.807 | 
     +------------------------------------------------------------------------------------------------------------+ 
Path 24: MET Setup Check with Pin datapath/IF_pc_reg[22]/CK 
Endpoint:   datapath/IF_pc_reg[22]/D      (v) checked with  leading edge of 
'clk'
Beginpoint: datapath/IFID_instr_reg[20]/Q (^) triggered by  leading edge of 
'clk'
Path Groups: {reg2reg}
Analysis View: WC_VIEW
Other End Arrival Time          0.053
- Setup                         0.243
+ Phase Shift                   4.100
+ CPPR Adjustment               0.000
- Uncertainty                   0.100
= Required Time                 3.810
- Arrival Time                  3.732
= Slack Time                    0.078
     Clock Rise Edge                 0.000
     + Clock Network Latency (Prop)  -0.006
     = Beginpoint Arrival Time       -0.006
     +------------------------------------------------------------------------------------------------------------+ 
     |                      Instance                      |     Arc      |   Cell    | Delay | Arrival | Required | 
     |                                                    |              |           |       |  Time   |   Time   | 
     |----------------------------------------------------+--------------+-----------+-------+---------+----------| 
     | datapath/IFID_instr_reg[20]                        | CK ^         |           |       |  -0.006 |    0.072 | 
     | datapath/IFID_instr_reg[20]                        | CK ^ -> Q ^  | DFFR_X1   | 0.421 |   0.415 |    0.493 | 
     | datapath/FE_OFC254_IFID_rs2_0                      | A ^ -> Z ^   | CLKBUF_X1 | 0.336 |   0.750 |    0.829 | 
     | datapath/g26904                                    | A ^ -> ZN ^  | XNOR2_X1  | 0.188 |   0.938 |    1.016 | 
     | datapath/g26728                                    | A1 ^ -> ZN v | NAND4_X1  | 0.121 |   1.059 |    1.138 | 
     | datapath/g26722                                    | A1 v -> ZN ^ | NOR2_X1   | 0.145 |   1.204 |    1.282 | 
     | datapath/g26699                                    | A2 ^ -> ZN v | NOR2_X1   | 0.046 |   1.250 |    1.328 | 
     | datapath/g26648                                    | A1 v -> ZN v | OR2_X2    | 0.203 |   1.452 |    1.531 | 
     | datapath/FE_OFC620_n_780                           | A v -> ZN ^  | INV_X4    | 0.125 |   1.578 |    1.656 | 
     | datapath/FE_OFC621_n_780                           | A ^ -> ZN v  | INV_X1    | 0.117 |   1.695 |    1.773 | 
     | datapath/g26366                                    | B1 v -> ZN ^ | OAI221_X1 | 0.251 |   1.946 |    2.024 | 
     | datapath/LT_TC_OP_g1841                            | A ^ -> ZN v  | INV_X1    | 0.060 |   2.006 |    2.084 | 
     | datapath/LT_TC_OP_g1819                            | A2 v -> ZN ^ | NOR2_X1   | 0.155 |   2.160 |    2.239 | 
     | datapath/LT_TC_OP_g1779                            | A1 ^ -> ZN v | NOR3_X1   | 0.044 |   2.204 |    2.283 | 
     | datapath/LT_TC_OP_g1752                            | A v -> ZN ^  | AOI221_X1 | 0.327 |   2.531 |    2.610 | 
     | datapath/LT_TC_OP_g1749                            | B1 ^ -> ZN v | OAI221_X1 | 0.148 |   2.679 |    2.758 | 
     | datapath/FE_RC_448_0                               | A1 v -> ZN v | AND2_X1   | 0.124 |   2.803 |    2.881 | 
     | datapath/FE_RC_447_0                               | A v -> ZN ^  | AOI211_X2 | 0.318 |   3.121 |    3.199 | 
     | datapath/g16081                                    | A1 ^ -> ZN ^ | AND2_X1   | 0.168 |   3.289 |    3.367 | 
     | datapath/g16079                                    | A1 ^ -> ZN ^ | OR2_X4    | 0.093 |   3.382 |    3.460 | 
     | datapath/branch_or_inc_4/FE_OFC611_IFID_takeBranch | A ^ -> Z ^   | BUF_X8    | 0.115 |   3.497 |    3.575 | 
     | datapath/branch_or_inc_4/g825__1705                | S ^ -> Z v   | MUX2_X1   | 0.235 |   3.732 |    3.810 | 
     | datapath/IF_pc_reg[22]                             | D v          | SDFFR_X1  | 0.000 |   3.732 |    3.810 | 
     +------------------------------------------------------------------------------------------------------------+ 
Path 25: MET Setup Check with Pin datapath/IF_pc_reg[21]/CK 
Endpoint:   datapath/IF_pc_reg[21]/D      (v) checked with  leading edge of 
'clk'
Beginpoint: datapath/IFID_instr_reg[20]/Q (^) triggered by  leading edge of 
'clk'
Path Groups: {reg2reg}
Analysis View: WC_VIEW
Other End Arrival Time          0.053
- Setup                         0.243
+ Phase Shift                   4.100
+ CPPR Adjustment               0.000
- Uncertainty                   0.100
= Required Time                 3.810
- Arrival Time                  3.732
= Slack Time                    0.078
     Clock Rise Edge                 0.000
     + Clock Network Latency (Prop)  -0.006
     = Beginpoint Arrival Time       -0.006
     +------------------------------------------------------------------------------------------------------------+ 
     |                      Instance                      |     Arc      |   Cell    | Delay | Arrival | Required | 
     |                                                    |              |           |       |  Time   |   Time   | 
     |----------------------------------------------------+--------------+-----------+-------+---------+----------| 
     | datapath/IFID_instr_reg[20]                        | CK ^         |           |       |  -0.006 |    0.072 | 
     | datapath/IFID_instr_reg[20]                        | CK ^ -> Q ^  | DFFR_X1   | 0.421 |   0.415 |    0.493 | 
     | datapath/FE_OFC254_IFID_rs2_0                      | A ^ -> Z ^   | CLKBUF_X1 | 0.336 |   0.750 |    0.829 | 
     | datapath/g26904                                    | A ^ -> ZN ^  | XNOR2_X1  | 0.188 |   0.938 |    1.017 | 
     | datapath/g26728                                    | A1 ^ -> ZN v | NAND4_X1  | 0.121 |   1.059 |    1.138 | 
     | datapath/g26722                                    | A1 v -> ZN ^ | NOR2_X1   | 0.145 |   1.204 |    1.283 | 
     | datapath/g26699                                    | A2 ^ -> ZN v | NOR2_X1   | 0.046 |   1.250 |    1.328 | 
     | datapath/g26648                                    | A1 v -> ZN v | OR2_X2    | 0.203 |   1.452 |    1.531 | 
     | datapath/FE_OFC620_n_780                           | A v -> ZN ^  | INV_X4    | 0.125 |   1.578 |    1.656 | 
     | datapath/FE_OFC621_n_780                           | A ^ -> ZN v  | INV_X1    | 0.117 |   1.695 |    1.774 | 
     | datapath/g26366                                    | B1 v -> ZN ^ | OAI221_X1 | 0.251 |   1.946 |    2.024 | 
     | datapath/LT_TC_OP_g1841                            | A ^ -> ZN v  | INV_X1    | 0.060 |   2.006 |    2.084 | 
     | datapath/LT_TC_OP_g1819                            | A2 v -> ZN ^ | NOR2_X1   | 0.155 |   2.160 |    2.239 | 
     | datapath/LT_TC_OP_g1779                            | A1 ^ -> ZN v | NOR3_X1   | 0.044 |   2.204 |    2.283 | 
     | datapath/LT_TC_OP_g1752                            | A v -> ZN ^  | AOI221_X1 | 0.327 |   2.531 |    2.610 | 
     | datapath/LT_TC_OP_g1749                            | B1 ^ -> ZN v | OAI221_X1 | 0.148 |   2.679 |    2.758 | 
     | datapath/FE_RC_448_0                               | A1 v -> ZN v | AND2_X1   | 0.124 |   2.803 |    2.882 | 
     | datapath/FE_RC_447_0                               | A v -> ZN ^  | AOI211_X2 | 0.318 |   3.121 |    3.199 | 
     | datapath/g16081                                    | A1 ^ -> ZN ^ | AND2_X1   | 0.168 |   3.289 |    3.368 | 
     | datapath/g16079                                    | A1 ^ -> ZN ^ | OR2_X4    | 0.093 |   3.382 |    3.460 | 
     | datapath/branch_or_inc_4/FE_OFC611_IFID_takeBranch | A ^ -> Z ^   | BUF_X8    | 0.115 |   3.497 |    3.575 | 
     | datapath/branch_or_inc_4/g832__7482                | S ^ -> Z v   | MUX2_X1   | 0.235 |   3.732 |    3.810 | 
     | datapath/IF_pc_reg[21]                             | D v          | SDFFR_X1  | 0.000 |   3.732 |    3.810 | 
     +------------------------------------------------------------------------------------------------------------+ 
Path 26: MET Setup Check with Pin datapath/IF_pc_reg[23]/CK 
Endpoint:   datapath/IF_pc_reg[23]/D      (v) checked with  leading edge of 
'clk'
Beginpoint: datapath/IFID_instr_reg[20]/Q (^) triggered by  leading edge of 
'clk'
Path Groups: {reg2reg}
Analysis View: WC_VIEW
Other End Arrival Time          0.053
- Setup                         0.243
+ Phase Shift                   4.100
+ CPPR Adjustment               0.000
- Uncertainty                   0.100
= Required Time                 3.810
- Arrival Time                  3.731
= Slack Time                    0.079
     Clock Rise Edge                 0.000
     + Clock Network Latency (Prop)  -0.006
     = Beginpoint Arrival Time       -0.006
     +------------------------------------------------------------------------------------------------------------+ 
     |                      Instance                      |     Arc      |   Cell    | Delay | Arrival | Required | 
     |                                                    |              |           |       |  Time   |   Time   | 
     |----------------------------------------------------+--------------+-----------+-------+---------+----------| 
     | datapath/IFID_instr_reg[20]                        | CK ^         |           |       |  -0.006 |    0.072 | 
     | datapath/IFID_instr_reg[20]                        | CK ^ -> Q ^  | DFFR_X1   | 0.421 |   0.415 |    0.493 | 
     | datapath/FE_OFC254_IFID_rs2_0                      | A ^ -> Z ^   | CLKBUF_X1 | 0.336 |   0.750 |    0.829 | 
     | datapath/g26904                                    | A ^ -> ZN ^  | XNOR2_X1  | 0.188 |   0.938 |    1.017 | 
     | datapath/g26728                                    | A1 ^ -> ZN v | NAND4_X1  | 0.121 |   1.059 |    1.138 | 
     | datapath/g26722                                    | A1 v -> ZN ^ | NOR2_X1   | 0.145 |   1.204 |    1.283 | 
     | datapath/g26699                                    | A2 ^ -> ZN v | NOR2_X1   | 0.046 |   1.250 |    1.329 | 
     | datapath/g26648                                    | A1 v -> ZN v | OR2_X2    | 0.203 |   1.452 |    1.531 | 
     | datapath/FE_OFC620_n_780                           | A v -> ZN ^  | INV_X4    | 0.125 |   1.578 |    1.657 | 
     | datapath/FE_OFC621_n_780                           | A ^ -> ZN v  | INV_X1    | 0.117 |   1.695 |    1.774 | 
     | datapath/g26366                                    | B1 v -> ZN ^ | OAI221_X1 | 0.251 |   1.946 |    2.025 | 
     | datapath/LT_TC_OP_g1841                            | A ^ -> ZN v  | INV_X1    | 0.060 |   2.006 |    2.085 | 
     | datapath/LT_TC_OP_g1819                            | A2 v -> ZN ^ | NOR2_X1   | 0.155 |   2.160 |    2.239 | 
     | datapath/LT_TC_OP_g1779                            | A1 ^ -> ZN v | NOR3_X1   | 0.044 |   2.204 |    2.283 | 
     | datapath/LT_TC_OP_g1752                            | A v -> ZN ^  | AOI221_X1 | 0.327 |   2.531 |    2.610 | 
     | datapath/LT_TC_OP_g1749                            | B1 ^ -> ZN v | OAI221_X1 | 0.148 |   2.679 |    2.758 | 
     | datapath/FE_RC_448_0                               | A1 v -> ZN v | AND2_X1   | 0.124 |   2.803 |    2.882 | 
     | datapath/FE_RC_447_0                               | A v -> ZN ^  | AOI211_X2 | 0.318 |   3.121 |    3.200 | 
     | datapath/g16081                                    | A1 ^ -> ZN ^ | AND2_X1   | 0.168 |   3.289 |    3.368 | 
     | datapath/g16079                                    | A1 ^ -> ZN ^ | OR2_X4    | 0.093 |   3.382 |    3.461 | 
     | datapath/branch_or_inc_4/FE_OFC611_IFID_takeBranch | A ^ -> Z ^   | BUF_X8    | 0.115 |   3.497 |    3.576 | 
     | datapath/branch_or_inc_4/g822__3680                | S ^ -> Z v   | MUX2_X1   | 0.234 |   3.731 |    3.810 | 
     | datapath/IF_pc_reg[23]                             | D v          | SDFFR_X1  | 0.000 |   3.731 |    3.810 | 
     +------------------------------------------------------------------------------------------------------------+ 
Path 27: MET Setup Check with Pin datapath/IF_pc_reg[24]/CK 
Endpoint:   datapath/IF_pc_reg[24]/D      (v) checked with  leading edge of 
'clk'
Beginpoint: datapath/IFID_instr_reg[20]/Q (^) triggered by  leading edge of 
'clk'
Path Groups: {reg2reg}
Analysis View: WC_VIEW
Other End Arrival Time          0.053
- Setup                         0.243
+ Phase Shift                   4.100
+ CPPR Adjustment               0.000
- Uncertainty                   0.100
= Required Time                 3.810
- Arrival Time                  3.731
= Slack Time                    0.079
     Clock Rise Edge                 0.000
     + Clock Network Latency (Prop)  -0.006
     = Beginpoint Arrival Time       -0.006
     +------------------------------------------------------------------------------------------------------------+ 
     |                      Instance                      |     Arc      |   Cell    | Delay | Arrival | Required | 
     |                                                    |              |           |       |  Time   |   Time   | 
     |----------------------------------------------------+--------------+-----------+-------+---------+----------| 
     | datapath/IFID_instr_reg[20]                        | CK ^         |           |       |  -0.006 |    0.072 | 
     | datapath/IFID_instr_reg[20]                        | CK ^ -> Q ^  | DFFR_X1   | 0.421 |   0.415 |    0.493 | 
     | datapath/FE_OFC254_IFID_rs2_0                      | A ^ -> Z ^   | CLKBUF_X1 | 0.336 |   0.750 |    0.829 | 
     | datapath/g26904                                    | A ^ -> ZN ^  | XNOR2_X1  | 0.188 |   0.938 |    1.017 | 
     | datapath/g26728                                    | A1 ^ -> ZN v | NAND4_X1  | 0.121 |   1.059 |    1.138 | 
     | datapath/g26722                                    | A1 v -> ZN ^ | NOR2_X1   | 0.145 |   1.204 |    1.283 | 
     | datapath/g26699                                    | A2 ^ -> ZN v | NOR2_X1   | 0.046 |   1.250 |    1.329 | 
     | datapath/g26648                                    | A1 v -> ZN v | OR2_X2    | 0.203 |   1.452 |    1.531 | 
     | datapath/FE_OFC620_n_780                           | A v -> ZN ^  | INV_X4    | 0.125 |   1.578 |    1.657 | 
     | datapath/FE_OFC621_n_780                           | A ^ -> ZN v  | INV_X1    | 0.117 |   1.695 |    1.774 | 
     | datapath/g26366                                    | B1 v -> ZN ^ | OAI221_X1 | 0.251 |   1.946 |    2.025 | 
     | datapath/LT_TC_OP_g1841                            | A ^ -> ZN v  | INV_X1    | 0.060 |   2.006 |    2.085 | 
     | datapath/LT_TC_OP_g1819                            | A2 v -> ZN ^ | NOR2_X1   | 0.155 |   2.160 |    2.239 | 
     | datapath/LT_TC_OP_g1779                            | A1 ^ -> ZN v | NOR3_X1   | 0.044 |   2.204 |    2.283 | 
     | datapath/LT_TC_OP_g1752                            | A v -> ZN ^  | AOI221_X1 | 0.327 |   2.531 |    2.610 | 
     | datapath/LT_TC_OP_g1749                            | B1 ^ -> ZN v | OAI221_X1 | 0.148 |   2.679 |    2.758 | 
     | datapath/FE_RC_448_0                               | A1 v -> ZN v | AND2_X1   | 0.124 |   2.803 |    2.882 | 
     | datapath/FE_RC_447_0                               | A v -> ZN ^  | AOI211_X2 | 0.318 |   3.121 |    3.200 | 
     | datapath/g16081                                    | A1 ^ -> ZN ^ | AND2_X1   | 0.168 |   3.289 |    3.368 | 
     | datapath/g16079                                    | A1 ^ -> ZN ^ | OR2_X4    | 0.093 |   3.382 |    3.461 | 
     | datapath/branch_or_inc_4/FE_OFC611_IFID_takeBranch | A ^ -> Z ^   | BUF_X8    | 0.115 |   3.497 |    3.576 | 
     | datapath/branch_or_inc_4/g809__2883                | S ^ -> Z v   | MUX2_X1   | 0.234 |   3.731 |    3.810 | 
     | datapath/IF_pc_reg[24]                             | D v          | SDFFR_X1  | 0.000 |   3.731 |    3.810 | 
     +------------------------------------------------------------------------------------------------------------+ 
Path 28: MET Setup Check with Pin datapath/IF_pc_reg[25]/CK 
Endpoint:   datapath/IF_pc_reg[25]/D      (v) checked with  leading edge of 
'clk'
Beginpoint: datapath/IFID_instr_reg[20]/Q (^) triggered by  leading edge of 
'clk'
Path Groups: {reg2reg}
Analysis View: WC_VIEW
Other End Arrival Time          0.053
- Setup                         0.243
+ Phase Shift                   4.100
+ CPPR Adjustment               0.000
- Uncertainty                   0.100
= Required Time                 3.810
- Arrival Time                  3.731
= Slack Time                    0.079
     Clock Rise Edge                 0.000
     + Clock Network Latency (Prop)  -0.006
     = Beginpoint Arrival Time       -0.006
     +------------------------------------------------------------------------------------------------------------+ 
     |                      Instance                      |     Arc      |   Cell    | Delay | Arrival | Required | 
     |                                                    |              |           |       |  Time   |   Time   | 
     |----------------------------------------------------+--------------+-----------+-------+---------+----------| 
     | datapath/IFID_instr_reg[20]                        | CK ^         |           |       |  -0.006 |    0.073 | 
     | datapath/IFID_instr_reg[20]                        | CK ^ -> Q ^  | DFFR_X1   | 0.421 |   0.415 |    0.494 | 
     | datapath/FE_OFC254_IFID_rs2_0                      | A ^ -> Z ^   | CLKBUF_X1 | 0.336 |   0.750 |    0.830 | 
     | datapath/g26904                                    | A ^ -> ZN ^  | XNOR2_X1  | 0.188 |   0.938 |    1.017 | 
     | datapath/g26728                                    | A1 ^ -> ZN v | NAND4_X1  | 0.121 |   1.059 |    1.139 | 
     | datapath/g26722                                    | A1 v -> ZN ^ | NOR2_X1   | 0.145 |   1.204 |    1.283 | 
     | datapath/g26699                                    | A2 ^ -> ZN v | NOR2_X1   | 0.046 |   1.250 |    1.329 | 
     | datapath/g26648                                    | A1 v -> ZN v | OR2_X2    | 0.203 |   1.452 |    1.532 | 
     | datapath/FE_OFC620_n_780                           | A v -> ZN ^  | INV_X4    | 0.125 |   1.578 |    1.657 | 
     | datapath/FE_OFC621_n_780                           | A ^ -> ZN v  | INV_X1    | 0.117 |   1.695 |    1.774 | 
     | datapath/g26366                                    | B1 v -> ZN ^ | OAI221_X1 | 0.251 |   1.946 |    2.025 | 
     | datapath/LT_TC_OP_g1841                            | A ^ -> ZN v  | INV_X1    | 0.060 |   2.006 |    2.085 | 
     | datapath/LT_TC_OP_g1819                            | A2 v -> ZN ^ | NOR2_X1   | 0.155 |   2.160 |    2.240 | 
     | datapath/LT_TC_OP_g1779                            | A1 ^ -> ZN v | NOR3_X1   | 0.044 |   2.204 |    2.284 | 
     | datapath/LT_TC_OP_g1752                            | A v -> ZN ^  | AOI221_X1 | 0.327 |   2.531 |    2.611 | 
     | datapath/LT_TC_OP_g1749                            | B1 ^ -> ZN v | OAI221_X1 | 0.148 |   2.679 |    2.759 | 
     | datapath/FE_RC_448_0                               | A1 v -> ZN v | AND2_X1   | 0.124 |   2.803 |    2.882 | 
     | datapath/FE_RC_447_0                               | A v -> ZN ^  | AOI211_X2 | 0.318 |   3.121 |    3.200 | 
     | datapath/g16081                                    | A1 ^ -> ZN ^ | AND2_X1   | 0.168 |   3.289 |    3.368 | 
     | datapath/g16079                                    | A1 ^ -> ZN ^ | OR2_X4    | 0.093 |   3.382 |    3.461 | 
     | datapath/branch_or_inc_4/FE_OFC611_IFID_takeBranch | A ^ -> Z ^   | BUF_X8    | 0.115 |   3.497 |    3.576 | 
     | datapath/branch_or_inc_4/g811__1666                | S ^ -> Z v   | MUX2_X1   | 0.234 |   3.731 |    3.810 | 
     | datapath/IF_pc_reg[25]                             | D v          | SDFFR_X1  | 0.000 |   3.731 |    3.810 | 
     +------------------------------------------------------------------------------------------------------------+ 
Path 29: MET Setup Check with Pin datapath/IF_pc_reg[2]/CK 
Endpoint:   datapath/IF_pc_reg[2]/D       (v) checked with  leading edge of 
'clk'
Beginpoint: datapath/IFID_instr_reg[20]/Q (^) triggered by  leading edge of 
'clk'
Path Groups: {reg2reg}
Analysis View: WC_VIEW
Other End Arrival Time          0.041
- Setup                         0.245
+ Phase Shift                   4.100
+ CPPR Adjustment               0.000
- Uncertainty                   0.100
= Required Time                 3.797
- Arrival Time                  3.717
= Slack Time                    0.080
     Clock Rise Edge                 0.000
     + Clock Network Latency (Prop)  -0.006
     = Beginpoint Arrival Time       -0.006
     +------------------------------------------------------------------------------------------------------------+ 
     |                      Instance                      |     Arc      |   Cell    | Delay | Arrival | Required | 
     |                                                    |              |           |       |  Time   |   Time   | 
     |----------------------------------------------------+--------------+-----------+-------+---------+----------| 
     | datapath/IFID_instr_reg[20]                        | CK ^         |           |       |  -0.006 |    0.073 | 
     | datapath/IFID_instr_reg[20]                        | CK ^ -> Q ^  | DFFR_X1   | 0.421 |   0.415 |    0.494 | 
     | datapath/FE_OFC254_IFID_rs2_0                      | A ^ -> Z ^   | CLKBUF_X1 | 0.336 |   0.750 |    0.830 | 
     | datapath/g26904                                    | A ^ -> ZN ^  | XNOR2_X1  | 0.188 |   0.938 |    1.018 | 
     | datapath/g26728                                    | A1 ^ -> ZN v | NAND4_X1  | 0.121 |   1.059 |    1.139 | 
     | datapath/g26722                                    | A1 v -> ZN ^ | NOR2_X1   | 0.145 |   1.204 |    1.284 | 
     | datapath/g26699                                    | A2 ^ -> ZN v | NOR2_X1   | 0.046 |   1.250 |    1.329 | 
     | datapath/g26648                                    | A1 v -> ZN v | OR2_X2    | 0.203 |   1.452 |    1.532 | 
     | datapath/FE_OFC620_n_780                           | A v -> ZN ^  | INV_X4    | 0.125 |   1.578 |    1.657 | 
     | datapath/FE_OFC621_n_780                           | A ^ -> ZN v  | INV_X1    | 0.117 |   1.695 |    1.775 | 
     | datapath/g26366                                    | B1 v -> ZN ^ | OAI221_X1 | 0.251 |   1.946 |    2.026 | 
     | datapath/LT_TC_OP_g1841                            | A ^ -> ZN v  | INV_X1    | 0.060 |   2.006 |    2.085 | 
     | datapath/LT_TC_OP_g1819                            | A2 v -> ZN ^ | NOR2_X1   | 0.155 |   2.160 |    2.240 | 
     | datapath/LT_TC_OP_g1779                            | A1 ^ -> ZN v | NOR3_X1   | 0.044 |   2.204 |    2.284 | 
     | datapath/LT_TC_OP_g1752                            | A v -> ZN ^  | AOI221_X1 | 0.327 |   2.531 |    2.611 | 
     | datapath/LT_TC_OP_g1749                            | B1 ^ -> ZN v | OAI221_X1 | 0.148 |   2.679 |    2.759 | 
     | datapath/FE_RC_448_0                               | A1 v -> ZN v | AND2_X1   | 0.124 |   2.803 |    2.883 | 
     | datapath/FE_RC_447_0                               | A v -> ZN ^  | AOI211_X2 | 0.318 |   3.121 |    3.200 | 
     | datapath/g16081                                    | A1 ^ -> ZN ^ | AND2_X1   | 0.168 |   3.289 |    3.369 | 
     | datapath/g16079                                    | A1 ^ -> ZN ^ | OR2_X4    | 0.093 |   3.382 |    3.461 | 
     | datapath/branch_or_inc_4/FE_OFC612_IFID_takeBranch | A ^ -> Z ^   | BUF_X2    | 0.111 |   3.493 |    3.572 | 
     | datapath/branch_or_inc_4/g818__4319                | S ^ -> Z v   | MUX2_X1   | 0.224 |   3.717 |    3.796 | 
     | datapath/IF_pc_reg[2]                              | D v          | SDFFR_X1  | 0.000 |   3.717 |    3.797 | 
     +------------------------------------------------------------------------------------------------------------+ 
Path 30: MET Setup Check with Pin datapath/IF_pc_reg[1]/CK 
Endpoint:   datapath/IF_pc_reg[1]/D       (v) checked with  leading edge of 
'clk'
Beginpoint: datapath/IFID_instr_reg[20]/Q (^) triggered by  leading edge of 
'clk'
Path Groups: {reg2reg}
Analysis View: WC_VIEW
Other End Arrival Time          0.041
- Setup                         0.245
+ Phase Shift                   4.100
+ CPPR Adjustment               0.000
- Uncertainty                   0.100
= Required Time                 3.797
- Arrival Time                  3.717
= Slack Time                    0.080
     Clock Rise Edge                 0.000
     + Clock Network Latency (Prop)  -0.006
     = Beginpoint Arrival Time       -0.006
     +------------------------------------------------------------------------------------------------------------+ 
     |                      Instance                      |     Arc      |   Cell    | Delay | Arrival | Required | 
     |                                                    |              |           |       |  Time   |   Time   | 
     |----------------------------------------------------+--------------+-----------+-------+---------+----------| 
     | datapath/IFID_instr_reg[20]                        | CK ^         |           |       |  -0.006 |    0.073 | 
     | datapath/IFID_instr_reg[20]                        | CK ^ -> Q ^  | DFFR_X1   | 0.421 |   0.415 |    0.494 | 
     | datapath/FE_OFC254_IFID_rs2_0                      | A ^ -> Z ^   | CLKBUF_X1 | 0.336 |   0.750 |    0.830 | 
     | datapath/g26904                                    | A ^ -> ZN ^  | XNOR2_X1  | 0.188 |   0.938 |    1.018 | 
     | datapath/g26728                                    | A1 ^ -> ZN v | NAND4_X1  | 0.121 |   1.059 |    1.139 | 
     | datapath/g26722                                    | A1 v -> ZN ^ | NOR2_X1   | 0.145 |   1.204 |    1.284 | 
     | datapath/g26699                                    | A2 ^ -> ZN v | NOR2_X1   | 0.046 |   1.250 |    1.330 | 
     | datapath/g26648                                    | A1 v -> ZN v | OR2_X2    | 0.203 |   1.452 |    1.532 | 
     | datapath/FE_OFC620_n_780                           | A v -> ZN ^  | INV_X4    | 0.125 |   1.578 |    1.658 | 
     | datapath/FE_OFC621_n_780                           | A ^ -> ZN v  | INV_X1    | 0.117 |   1.695 |    1.775 | 
     | datapath/g26366                                    | B1 v -> ZN ^ | OAI221_X1 | 0.251 |   1.946 |    2.026 | 
     | datapath/LT_TC_OP_g1841                            | A ^ -> ZN v  | INV_X1    | 0.060 |   2.006 |    2.086 | 
     | datapath/LT_TC_OP_g1819                            | A2 v -> ZN ^ | NOR2_X1   | 0.155 |   2.160 |    2.240 | 
     | datapath/LT_TC_OP_g1779                            | A1 ^ -> ZN v | NOR3_X1   | 0.044 |   2.204 |    2.284 | 
     | datapath/LT_TC_OP_g1752                            | A v -> ZN ^  | AOI221_X1 | 0.327 |   2.531 |    2.611 | 
     | datapath/LT_TC_OP_g1749                            | B1 ^ -> ZN v | OAI221_X1 | 0.148 |   2.679 |    2.759 | 
     | datapath/FE_RC_448_0                               | A1 v -> ZN v | AND2_X1   | 0.124 |   2.803 |    2.883 | 
     | datapath/FE_RC_447_0                               | A v -> ZN ^  | AOI211_X2 | 0.318 |   3.121 |    3.201 | 
     | datapath/g16081                                    | A1 ^ -> ZN ^ | AND2_X1   | 0.168 |   3.289 |    3.369 | 
     | datapath/g16079                                    | A1 ^ -> ZN ^ | OR2_X4    | 0.093 |   3.382 |    3.462 | 
     | datapath/branch_or_inc_4/FE_OFC612_IFID_takeBranch | A ^ -> Z ^   | BUF_X2    | 0.111 |   3.493 |    3.573 | 
     | datapath/branch_or_inc_4/g820__5526                | S ^ -> Z v   | MUX2_X1   | 0.224 |   3.717 |    3.797 | 
     | datapath/IF_pc_reg[1]                              | D v          | SDFFR_X1  | 0.000 |   3.717 |    3.797 | 
     +------------------------------------------------------------------------------------------------------------+ 
Path 31: MET Setup Check with Pin datapath/IF_pc_reg[14]/CK 
Endpoint:   datapath/IF_pc_reg[14]/D      (v) checked with  leading edge of 
'clk'
Beginpoint: datapath/IFID_instr_reg[20]/Q (^) triggered by  leading edge of 
'clk'
Path Groups: {reg2reg}
Analysis View: WC_VIEW
Other End Arrival Time          0.051
- Setup                         0.243
+ Phase Shift                   4.100
+ CPPR Adjustment               0.000
- Uncertainty                   0.100
= Required Time                 3.808
- Arrival Time                  3.728
= Slack Time                    0.080
     Clock Rise Edge                 0.000
     + Clock Network Latency (Prop)  -0.006
     = Beginpoint Arrival Time       -0.006
     +------------------------------------------------------------------------------------------------------------+ 
     |                      Instance                      |     Arc      |   Cell    | Delay | Arrival | Required | 
     |                                                    |              |           |       |  Time   |   Time   | 
     |----------------------------------------------------+--------------+-----------+-------+---------+----------| 
     | datapath/IFID_instr_reg[20]                        | CK ^         |           |       |  -0.006 |    0.074 | 
     | datapath/IFID_instr_reg[20]                        | CK ^ -> Q ^  | DFFR_X1   | 0.421 |   0.415 |    0.495 | 
     | datapath/FE_OFC254_IFID_rs2_0                      | A ^ -> Z ^   | CLKBUF_X1 | 0.336 |   0.750 |    0.831 | 
     | datapath/g26904                                    | A ^ -> ZN ^  | XNOR2_X1  | 0.188 |   0.938 |    1.019 | 
     | datapath/g26728                                    | A1 ^ -> ZN v | NAND4_X1  | 0.121 |   1.059 |    1.140 | 
     | datapath/g26722                                    | A1 v -> ZN ^ | NOR2_X1   | 0.145 |   1.204 |    1.285 | 
     | datapath/g26699                                    | A2 ^ -> ZN v | NOR2_X1   | 0.046 |   1.250 |    1.330 | 
     | datapath/g26648                                    | A1 v -> ZN v | OR2_X2    | 0.203 |   1.452 |    1.533 | 
     | datapath/FE_OFC620_n_780                           | A v -> ZN ^  | INV_X4    | 0.125 |   1.578 |    1.658 | 
     | datapath/FE_OFC621_n_780                           | A ^ -> ZN v  | INV_X1    | 0.117 |   1.695 |    1.776 | 
     | datapath/g26366                                    | B1 v -> ZN ^ | OAI221_X1 | 0.251 |   1.946 |    2.026 | 
     | datapath/LT_TC_OP_g1841                            | A ^ -> ZN v  | INV_X1    | 0.060 |   2.006 |    2.086 | 
     | datapath/LT_TC_OP_g1819                            | A2 v -> ZN ^ | NOR2_X1   | 0.155 |   2.160 |    2.241 | 
     | datapath/LT_TC_OP_g1779                            | A1 ^ -> ZN v | NOR3_X1   | 0.044 |   2.204 |    2.285 | 
     | datapath/LT_TC_OP_g1752                            | A v -> ZN ^  | AOI221_X1 | 0.327 |   2.531 |    2.612 | 
     | datapath/LT_TC_OP_g1749                            | B1 ^ -> ZN v | OAI221_X1 | 0.148 |   2.679 |    2.760 | 
     | datapath/FE_RC_448_0                               | A1 v -> ZN v | AND2_X1   | 0.124 |   2.803 |    2.884 | 
     | datapath/FE_RC_447_0                               | A v -> ZN ^  | AOI211_X2 | 0.318 |   3.121 |    3.201 | 
     | datapath/g16081                                    | A1 ^ -> ZN ^ | AND2_X1   | 0.168 |   3.289 |    3.370 | 
     | datapath/g16079                                    | A1 ^ -> ZN ^ | OR2_X4    | 0.093 |   3.382 |    3.462 | 
     | datapath/branch_or_inc_4/FE_OFC611_IFID_takeBranch | A ^ -> Z ^   | BUF_X8    | 0.115 |   3.497 |    3.577 | 
     | datapath/branch_or_inc_4/g839__1666                | S ^ -> Z v   | MUX2_X1   | 0.231 |   3.728 |    3.808 | 
     | datapath/IF_pc_reg[14]                             | D v          | SDFFR_X1  | 0.000 |   3.728 |    3.808 | 
     +------------------------------------------------------------------------------------------------------------+ 
Path 32: MET Setup Check with Pin datapath/IF_pc_reg[11]/CK 
Endpoint:   datapath/IF_pc_reg[11]/D      (v) checked with  leading edge of 
'clk'
Beginpoint: datapath/IFID_instr_reg[20]/Q (^) triggered by  leading edge of 
'clk'
Path Groups: {reg2reg}
Analysis View: WC_VIEW
Other End Arrival Time          0.051
- Setup                         0.241
+ Phase Shift                   4.100
+ CPPR Adjustment               0.000
- Uncertainty                   0.100
= Required Time                 3.810
- Arrival Time                  3.729
= Slack Time                    0.081
     Clock Rise Edge                 0.000
     + Clock Network Latency (Prop)  -0.006
     = Beginpoint Arrival Time       -0.006
     +------------------------------------------------------------------------------------------------------------+ 
     |                      Instance                      |     Arc      |   Cell    | Delay | Arrival | Required | 
     |                                                    |              |           |       |  Time   |   Time   | 
     |----------------------------------------------------+--------------+-----------+-------+---------+----------| 
     | datapath/IFID_instr_reg[20]                        | CK ^         |           |       |  -0.006 |    0.074 | 
     | datapath/IFID_instr_reg[20]                        | CK ^ -> Q ^  | DFFR_X1   | 0.421 |   0.415 |    0.495 | 
     | datapath/FE_OFC254_IFID_rs2_0                      | A ^ -> Z ^   | CLKBUF_X1 | 0.336 |   0.750 |    0.831 | 
     | datapath/g26904                                    | A ^ -> ZN ^  | XNOR2_X1  | 0.188 |   0.938 |    1.019 | 
     | datapath/g26728                                    | A1 ^ -> ZN v | NAND4_X1  | 0.121 |   1.059 |    1.140 | 
     | datapath/g26722                                    | A1 v -> ZN ^ | NOR2_X1   | 0.145 |   1.204 |    1.285 | 
     | datapath/g26699                                    | A2 ^ -> ZN v | NOR2_X1   | 0.046 |   1.250 |    1.331 | 
     | datapath/g26648                                    | A1 v -> ZN v | OR2_X2    | 0.203 |   1.452 |    1.533 | 
     | datapath/FE_OFC620_n_780                           | A v -> ZN ^  | INV_X4    | 0.125 |   1.578 |    1.659 | 
     | datapath/FE_OFC621_n_780                           | A ^ -> ZN v  | INV_X1    | 0.117 |   1.695 |    1.776 | 
     | datapath/g26366                                    | B1 v -> ZN ^ | OAI221_X1 | 0.251 |   1.946 |    2.027 | 
     | datapath/LT_TC_OP_g1841                            | A ^ -> ZN v  | INV_X1    | 0.060 |   2.006 |    2.087 | 
     | datapath/LT_TC_OP_g1819                            | A2 v -> ZN ^ | NOR2_X1   | 0.155 |   2.160 |    2.241 | 
     | datapath/LT_TC_OP_g1779                            | A1 ^ -> ZN v | NOR3_X1   | 0.044 |   2.204 |    2.285 | 
     | datapath/LT_TC_OP_g1752                            | A v -> ZN ^  | AOI221_X1 | 0.327 |   2.531 |    2.612 | 
     | datapath/LT_TC_OP_g1749                            | B1 ^ -> ZN v | OAI221_X1 | 0.148 |   2.679 |    2.760 | 
     | datapath/FE_RC_448_0                               | A1 v -> ZN v | AND2_X1   | 0.124 |   2.803 |    2.884 | 
     | datapath/FE_RC_447_0                               | A v -> ZN ^  | AOI211_X2 | 0.318 |   3.121 |    3.202 | 
     | datapath/g16081                                    | A1 ^ -> ZN ^ | AND2_X1   | 0.168 |   3.289 |    3.370 | 
     | datapath/g16079                                    | A1 ^ -> ZN ^ | OR2_X4    | 0.093 |   3.382 |    3.463 | 
     | datapath/branch_or_inc_4/FE_OFC611_IFID_takeBranch | A ^ -> Z ^   | BUF_X8    | 0.115 |   3.497 |    3.578 | 
     | datapath/branch_or_inc_4/g830__1881                | S ^ -> Z v   | MUX2_X1   | 0.232 |   3.729 |    3.810 | 
     | datapath/IF_pc_reg[11]                             | D v          | SDFFR_X1  | 0.000 |   3.729 |    3.810 | 
     +------------------------------------------------------------------------------------------------------------+ 
Path 33: MET Setup Check with Pin datapath/IF_pc_reg[4]/CK 
Endpoint:   datapath/IF_pc_reg[4]/D       (v) checked with  leading edge of 
'clk'
Beginpoint: datapath/IFID_instr_reg[20]/Q (^) triggered by  leading edge of 
'clk'
Path Groups: {reg2reg}
Analysis View: WC_VIEW
Other End Arrival Time          0.043
- Setup                         0.244
+ Phase Shift                   4.100
+ CPPR Adjustment               0.000
- Uncertainty                   0.100
= Required Time                 3.799
- Arrival Time                  3.717
= Slack Time                    0.082
     Clock Rise Edge                 0.000
     + Clock Network Latency (Prop)  -0.006
     = Beginpoint Arrival Time       -0.006
     +------------------------------------------------------------------------------------------------------------+ 
     |                      Instance                      |     Arc      |   Cell    | Delay | Arrival | Required | 
     |                                                    |              |           |       |  Time   |   Time   | 
     |----------------------------------------------------+--------------+-----------+-------+---------+----------| 
     | datapath/IFID_instr_reg[20]                        | CK ^         |           |       |  -0.006 |    0.076 | 
     | datapath/IFID_instr_reg[20]                        | CK ^ -> Q ^  | DFFR_X1   | 0.421 |   0.415 |    0.497 | 
     | datapath/FE_OFC254_IFID_rs2_0                      | A ^ -> Z ^   | CLKBUF_X1 | 0.336 |   0.750 |    0.832 | 
     | datapath/g26904                                    | A ^ -> ZN ^  | XNOR2_X1  | 0.188 |   0.938 |    1.020 | 
     | datapath/g26728                                    | A1 ^ -> ZN v | NAND4_X1  | 0.121 |   1.059 |    1.141 | 
     | datapath/g26722                                    | A1 v -> ZN ^ | NOR2_X1   | 0.145 |   1.204 |    1.286 | 
     | datapath/g26699                                    | A2 ^ -> ZN v | NOR2_X1   | 0.046 |   1.250 |    1.332 | 
     | datapath/g26648                                    | A1 v -> ZN v | OR2_X2    | 0.203 |   1.452 |    1.534 | 
     | datapath/FE_OFC620_n_780                           | A v -> ZN ^  | INV_X4    | 0.125 |   1.578 |    1.660 | 
     | datapath/FE_OFC621_n_780                           | A ^ -> ZN v  | INV_X1    | 0.117 |   1.695 |    1.777 | 
     | datapath/g26366                                    | B1 v -> ZN ^ | OAI221_X1 | 0.251 |   1.946 |    2.028 | 
     | datapath/LT_TC_OP_g1841                            | A ^ -> ZN v  | INV_X1    | 0.060 |   2.006 |    2.088 | 
     | datapath/LT_TC_OP_g1819                            | A2 v -> ZN ^ | NOR2_X1   | 0.155 |   2.160 |    2.242 | 
     | datapath/LT_TC_OP_g1779                            | A1 ^ -> ZN v | NOR3_X1   | 0.044 |   2.204 |    2.286 | 
     | datapath/LT_TC_OP_g1752                            | A v -> ZN ^  | AOI221_X1 | 0.327 |   2.531 |    2.613 | 
     | datapath/LT_TC_OP_g1749                            | B1 ^ -> ZN v | OAI221_X1 | 0.148 |   2.679 |    2.761 | 
     | datapath/FE_RC_448_0                               | A1 v -> ZN v | AND2_X1   | 0.124 |   2.803 |    2.885 | 
     | datapath/FE_RC_447_0                               | A v -> ZN ^  | AOI211_X2 | 0.318 |   3.121 |    3.203 | 
     | datapath/g16081                                    | A1 ^ -> ZN ^ | AND2_X1   | 0.168 |   3.289 |    3.371 | 
     | datapath/g16079                                    | A1 ^ -> ZN ^ | OR2_X4    | 0.093 |   3.382 |    3.464 | 
     | datapath/branch_or_inc_4/FE_OFC612_IFID_takeBranch | A ^ -> Z ^   | BUF_X2    | 0.111 |   3.493 |    3.575 | 
     | datapath/branch_or_inc_4/g814__5477                | S ^ -> Z v   | MUX2_X1   | 0.224 |   3.717 |    3.799 | 
     | datapath/IF_pc_reg[4]                              | D v          | SDFFR_X1  | 0.000 |   3.717 |    3.799 | 
     +------------------------------------------------------------------------------------------------------------+ 
Path 34: MET Setup Check with Pin datapath/IF_pc_reg[3]/CK 
Endpoint:   datapath/IF_pc_reg[3]/D       (v) checked with  leading edge of 
'clk'
Beginpoint: datapath/IFID_instr_reg[20]/Q (^) triggered by  leading edge of 
'clk'
Path Groups: {reg2reg}
Analysis View: WC_VIEW
Other End Arrival Time          0.043
- Setup                         0.244
+ Phase Shift                   4.100
+ CPPR Adjustment               0.000
- Uncertainty                   0.100
= Required Time                 3.799
- Arrival Time                  3.714
= Slack Time                    0.086
     Clock Rise Edge                 0.000
     + Clock Network Latency (Prop)  -0.006
     = Beginpoint Arrival Time       -0.006
     +------------------------------------------------------------------------------------------------------------+ 
     |                      Instance                      |     Arc      |   Cell    | Delay | Arrival | Required | 
     |                                                    |              |           |       |  Time   |   Time   | 
     |----------------------------------------------------+--------------+-----------+-------+---------+----------| 
     | datapath/IFID_instr_reg[20]                        | CK ^         |           |       |  -0.006 |    0.079 | 
     | datapath/IFID_instr_reg[20]                        | CK ^ -> Q ^  | DFFR_X1   | 0.421 |   0.415 |    0.500 | 
     | datapath/FE_OFC254_IFID_rs2_0                      | A ^ -> Z ^   | CLKBUF_X1 | 0.336 |   0.750 |    0.836 | 
     | datapath/g26904                                    | A ^ -> ZN ^  | XNOR2_X1  | 0.188 |   0.938 |    1.024 | 
     | datapath/g26728                                    | A1 ^ -> ZN v | NAND4_X1  | 0.121 |   1.059 |    1.145 | 
     | datapath/g26722                                    | A1 v -> ZN ^ | NOR2_X1   | 0.145 |   1.204 |    1.290 | 
     | datapath/g26699                                    | A2 ^ -> ZN v | NOR2_X1   | 0.046 |   1.250 |    1.335 | 
     | datapath/g26648                                    | A1 v -> ZN v | OR2_X2    | 0.203 |   1.452 |    1.538 | 
     | datapath/FE_OFC620_n_780                           | A v -> ZN ^  | INV_X4    | 0.125 |   1.578 |    1.663 | 
     | datapath/FE_OFC621_n_780                           | A ^ -> ZN v  | INV_X1    | 0.117 |   1.695 |    1.781 | 
     | datapath/g26366                                    | B1 v -> ZN ^ | OAI221_X1 | 0.251 |   1.946 |    2.032 | 
     | datapath/LT_TC_OP_g1841                            | A ^ -> ZN v  | INV_X1    | 0.060 |   2.006 |    2.091 | 
     | datapath/LT_TC_OP_g1819                            | A2 v -> ZN ^ | NOR2_X1   | 0.155 |   2.160 |    2.246 | 
     | datapath/LT_TC_OP_g1779                            | A1 ^ -> ZN v | NOR3_X1   | 0.044 |   2.204 |    2.290 | 
     | datapath/LT_TC_OP_g1752                            | A v -> ZN ^  | AOI221_X1 | 0.327 |   2.531 |    2.617 | 
     | datapath/LT_TC_OP_g1749                            | B1 ^ -> ZN v | OAI221_X1 | 0.148 |   2.679 |    2.765 | 
     | datapath/FE_RC_448_0                               | A1 v -> ZN v | AND2_X1   | 0.124 |   2.803 |    2.889 | 
     | datapath/FE_RC_447_0                               | A v -> ZN ^  | AOI211_X2 | 0.318 |   3.121 |    3.206 | 
     | datapath/g16081                                    | A1 ^ -> ZN ^ | AND2_X1   | 0.168 |   3.289 |    3.375 | 
     | datapath/g16079                                    | A1 ^ -> ZN ^ | OR2_X4    | 0.093 |   3.382 |    3.467 | 
     | datapath/branch_or_inc_4/FE_OFC612_IFID_takeBranch | A ^ -> Z ^   | BUF_X2    | 0.111 |   3.493 |    3.578 | 
     | datapath/branch_or_inc_4/g815__2398                | S ^ -> Z v   | MUX2_X1   | 0.221 |   3.714 |    3.799 | 
     | datapath/IF_pc_reg[3]                              | D v          | SDFFR_X1  | 0.000 |   3.714 |    3.799 | 
     +------------------------------------------------------------------------------------------------------------+ 
Path 35: MET Setup Check with Pin datapath/EXMEM_aluResult_reg[31]/CK 
Endpoint:   datapath/EXMEM_aluResult_reg[31]/D (^) checked with  leading edge 
of 'clk'
Beginpoint: datapath/MEMWB_rd_reg[1]/Q         (^) triggered by  leading edge 
of 'clk'
Path Groups: {reg2reg}
Analysis View: WC_VIEW
Other End Arrival Time          0.046
- Setup                         0.072
+ Phase Shift                   4.100
+ CPPR Adjustment               0.000
- Uncertainty                   0.100
= Required Time                 3.974
- Arrival Time                  3.883
= Slack Time                    0.090
     Clock Rise Edge                 0.000
     + Clock Network Latency (Prop)  -0.135
     = Beginpoint Arrival Time       -0.135
     +-----------------------------------------------------------------------------------------------------------+ 
     |                      Instance                      |     Arc      |   Cell   | Delay | Arrival | Required | 
     |                                                    |              |          |       |  Time   |   Time   | 
     |----------------------------------------------------+--------------+----------+-------+---------+----------| 
     | datapath/MEMWB_rd_reg[1]                           | CK ^         |          |       |  -0.135 |   -0.045 | 
     | datapath/MEMWB_rd_reg[1]                           | CK ^ -> Q ^  | DFFRS_X2 | 0.430 |   0.295 |    0.385 | 
     | ALU_forward/FE_RC_32_0                             | A ^ -> ZN v  | INV_X1   | 0.065 |   0.360 |    0.450 | 
     | ALU_forward/FE_RC_390_0                            | A2 v -> ZN ^ | NAND2_X1 | 0.078 |   0.437 |    0.528 | 
     | ALU_forward/FE_RC_389_0                            | A ^ -> ZN v  | OAI21_X2 | 0.050 |   0.488 |    0.578 | 
     | ALU_forward/FE_RC_171_0                            | A3 v -> ZN ^ | NAND3_X1 | 0.071 |   0.558 |    0.649 | 
     | ALU_forward/FE_RC_172_0                            | A ^ -> ZN v  | INV_X1   | 0.034 |   0.592 |    0.682 | 
     | ALU_forward/FE_RC_111_0                            | A1 v -> ZN ^ | NAND3_X2 | 0.064 |   0.656 |    0.747 | 
     | ALU_forward/FE_RC_63_0                             | A ^ -> ZN v  | INV_X4   | 0.042 |   0.698 |    0.788 | 
     | datapath/g27153                                    | A1 v -> ZN ^ | NOR2_X2  | 0.089 |   0.787 |    0.877 | 
     | datapath/FE_OFC307_n_616                           | A ^ -> ZN v  | INV_X1   | 0.057 |   0.844 |    0.934 | 
     | datapath/FE_OFC698_n_515                           | A v -> ZN ^  | INV_X1   | 0.047 |   0.890 |    0.981 | 
     | datapath/FE_RC_65_0                                | A1 ^ -> ZN v | NAND2_X1 | 0.044 |   0.935 |    1.025 | 
     | datapath/FE_RC_425_0                               | A1 v -> ZN ^ | NAND3_X1 | 0.122 |   1.057 |    1.147 | 
     | datapath/ALU_ALU_GEN[2].slice_i_bitAdder/FE_RC_308 | A1 ^ -> ZN v | NAND2_X2 | 0.070 |   1.126 |    1.217 | 
     | _0                                                 |              |          |       |         |          | 
     | datapath/ALU_ALU_GEN[2].slice_i_bitAdder/FE_RC_305 | A2 v -> ZN ^ | NAND2_X4 | 0.066 |   1.192 |    1.283 | 
     | _0                                                 |              |          |       |         |          | 
     | datapath/ALU_ALU_GEN[3].slice_i_bitAdder/g155__239 | A1 ^ -> ZN v | NAND2_X4 | 0.036 |   1.228 |    1.318 | 
     | 8                                                  |              |          |       |         |          | 
     | datapath/ALU_ALU_GEN[3].slice_i_bitAdder/g153__641 | A1 v -> ZN ^ | NAND2_X4 | 0.044 |   1.272 |    1.362 | 
     | 7                                                  |              |          |       |         |          | 
     | datapath/ALU_ALU_GEN[4].slice_i_bitAdder/FE_RC_413 | A1 ^ -> ZN v | NAND2_X4 | 0.035 |   1.307 |    1.398 | 
     | _0                                                 |              |          |       |         |          | 
     | datapath/ALU_ALU_GEN[4].slice_i_bitAdder/FE_RC_412 | A1 v -> ZN ^ | NAND2_X4 | 0.047 |   1.355 |    1.445 | 
     | _0                                                 |              |          |       |         |          | 
     | datapath/ALU_ALU_GEN[5].slice_i_bitAdder/FE_RC_317 | A1 ^ -> ZN v | NAND2_X4 | 0.037 |   1.392 |    1.482 | 
     | _0                                                 |              |          |       |         |          | 
     | datapath/ALU_ALU_GEN[5].slice_i_bitAdder/FE_RC_316 | A1 v -> ZN ^ | NAND2_X4 | 0.047 |   1.439 |    1.529 | 
     | _0                                                 |              |          |       |         |          | 
     | datapath/ALU_ALU_GEN[6].slice_i_bitAdder/g155__547 | A1 ^ -> ZN v | NAND2_X4 | 0.037 |   1.476 |    1.566 | 
     | 7                                                  |              |          |       |         |          | 
     | datapath/ALU_ALU_GEN[6].slice_i_bitAdder/g153__741 | A1 v -> ZN ^ | NAND2_X4 | 0.045 |   1.520 |    1.611 | 
     | 0                                                  |              |          |       |         |          | 
     | datapath/ALU_ALU_GEN[7].slice_i_bitAdder/g155__161 | A1 ^ -> ZN v | NAND2_X4 | 0.036 |   1.556 |    1.646 | 
     | 7                                                  |              |          |       |         |          | 
     | datapath/ALU_ALU_GEN[7].slice_i_bitAdder/g153__678 | A1 v -> ZN ^ | NAND2_X4 | 0.045 |   1.601 |    1.691 | 
     | 3                                                  |              |          |       |         |          | 
     | datapath/ALU_ALU_GEN[8].slice_i_bitAdder/g155__511 | A1 ^ -> ZN v | NAND2_X4 | 0.036 |   1.637 |    1.727 | 
     | 5                                                  |              |          |       |         |          | 
     | datapath/ALU_ALU_GEN[8].slice_i_bitAdder/g153__613 | A1 v -> ZN ^ | NAND2_X4 | 0.044 |   1.681 |    1.771 | 
     | 1                                                  |              |          |       |         |          | 
     | datapath/ALU_ALU_GEN[9].slice_i_bitAdder/g137__166 | A1 ^ -> ZN v | NAND2_X4 | 0.035 |   1.716 |    1.806 | 
     | 6                                                  |              |          |       |         |          | 
     | datapath/ALU_ALU_GEN[9].slice_i_bitAdder/g135__288 | A1 v -> ZN ^ | NAND2_X4 | 0.047 |   1.764 |    1.854 | 
     | 3                                                  |              |          |       |         |          | 
     | datapath/ALU_ALU_GEN[10].slice_i_bitAdder/g146__84 | A1 ^ -> ZN v | NAND2_X4 | 0.037 |   1.800 |    1.891 | 
     | 28                                                 |              |          |       |         |          | 
     | datapath/ALU_ALU_GEN[10].slice_i_bitAdder/g144__62 | A1 v -> ZN ^ | NAND2_X4 | 0.054 |   1.854 |    1.944 | 
     | 60                                                 |              |          |       |         |          | 
     | datapath/ALU_ALU_GEN[11].slice_i_bitAdder/FE_RC_40 | A1 ^ -> ZN v | NAND2_X4 | 0.039 |   1.893 |    1.983 | 
     | 4_0                                                |              |          |       |         |          | 
     | datapath/ALU_ALU_GEN[11].slice_i_bitAdder/FE_RC_40 | A1 v -> ZN ^ | NAND2_X4 | 0.046 |   1.939 |    2.030 | 
     | 3_0                                                |              |          |       |         |          | 
     | datapath/ALU_ALU_GEN[12].slice_i_bitAdder/g155__93 | A1 ^ -> ZN v | NAND2_X4 | 0.036 |   1.975 |    2.066 | 
     | 15                                                 |              |          |       |         |          | 
     | datapath/ALU_ALU_GEN[12].slice_i_bitAdder/g153__47 | A1 v -> ZN ^ | NAND2_X4 | 0.046 |   2.021 |    2.112 | 
     | 33                                                 |              |          |       |         |          | 
     | datapath/ALU_ALU_GEN[13].slice_i_bitAdder/FE_RC_79 | A1 ^ -> ZN v | NAND2_X4 | 0.035 |   2.057 |    2.147 | 
     | _0                                                 |              |          |       |         |          | 
     | datapath/ALU_ALU_GEN[13].slice_i_bitAdder/FE_RC_78 | A1 v -> ZN ^ | NAND2_X4 | 0.051 |   2.108 |    2.198 | 
     | _0                                                 |              |          |       |         |          | 
     | datapath/ALU_ALU_GEN[14].slice_i_bitAdder/g155__16 | A1 ^ -> ZN v | NAND2_X4 | 0.038 |   2.146 |    2.236 | 
     | 17                                                 |              |          |       |         |          | 
     | datapath/ALU_ALU_GEN[14].slice_i_bitAdder/g153__67 | A1 v -> ZN ^ | NAND2_X4 | 0.046 |   2.192 |    2.282 | 
     | 83                                                 |              |          |       |         |          | 
     | datapath/ALU_ALU_GEN[15].slice_i_bitAdder/g155__51 | A1 ^ -> ZN v | NAND2_X4 | 0.036 |   2.228 |    2.318 | 
     | 15                                                 |              |          |       |         |          | 
     | datapath/ALU_ALU_GEN[15].slice_i_bitAdder/g153__61 | A1 v -> ZN ^ | NAND2_X4 | 0.058 |   2.286 |    2.376 | 
     | 31                                                 |              |          |       |         |          | 
     | datapath/ALU_ALU_GEN[16].slice_i_bitAdder/g158__16 | A1 ^ -> ZN v | NAND2_X4 | 0.041 |   2.327 |    2.418 | 
     | 66                                                 |              |          |       |         |          | 
     | datapath/ALU_ALU_GEN[16].slice_i_bitAdder/g156__28 | A1 v -> ZN ^ | NAND2_X4 | 0.047 |   2.374 |    2.464 | 
     | 83                                                 |              |          |       |         |          | 
     | datapath/ALU_ALU_GEN[17].slice_i_bitAdder/g155__84 | A1 ^ -> ZN v | NAND2_X4 | 0.036 |   2.410 |    2.500 | 
     | 28                                                 |              |          |       |         |          | 
     | datapath/ALU_ALU_GEN[17].slice_i_bitAdder/g153__62 | A1 v -> ZN ^ | NAND2_X4 | 0.046 |   2.455 |    2.546 | 
     | 60                                                 |              |          |       |         |          | 
     | datapath/ALU_ALU_GEN[18].slice_i_bitAdder/g158__82 | A1 ^ -> ZN v | NAND2_X4 | 0.035 |   2.491 |    2.581 | 
     | 46                                                 |              |          |       |         |          | 
     | datapath/ALU_ALU_GEN[18].slice_i_bitAdder/g156__17 | A1 v -> ZN ^ | NAND2_X4 | 0.045 |   2.536 |    2.626 | 
     | 05                                                 |              |          |       |         |          | 
     | datapath/ALU_ALU_GEN[19].slice_i_bitAdder/g158__93 | A1 ^ -> ZN v | NAND2_X4 | 0.035 |   2.571 |    2.661 | 
     | 15                                                 |              |          |       |         |          | 
     | datapath/ALU_ALU_GEN[19].slice_i_bitAdder/g156__47 | A1 v -> ZN ^ | NAND2_X4 | 0.050 |   2.621 |    2.711 | 
     | 33                                                 |              |          |       |         |          | 
     | datapath/ALU_ALU_GEN[20].slice_i_bitAdder/g158__23 | A1 ^ -> ZN v | NAND2_X4 | 0.037 |   2.658 |    2.748 | 
     | 98                                                 |              |          |       |         |          | 
     | datapath/ALU_ALU_GEN[20].slice_i_bitAdder/g156__64 | A1 v -> ZN ^ | NAND2_X4 | 0.047 |   2.705 |    2.795 | 
     | 17                                                 |              |          |       |         |          | 
     | datapath/ALU_ALU_GEN[21].slice_i_bitAdder/g158__36 | A1 ^ -> ZN v | NAND2_X4 | 0.036 |   2.741 |    2.831 | 
     | 80                                                 |              |          |       |         |          | 
     | datapath/ALU_ALU_GEN[21].slice_i_bitAdder/g156__67 | A1 v -> ZN ^ | NAND2_X4 | 0.046 |   2.787 |    2.877 | 
     | 83                                                 |              |          |       |         |          | 
     | datapath/ALU_ALU_GEN[22].slice_i_bitAdder/g158__51 | A1 ^ -> ZN v | NAND2_X4 | 0.036 |   2.822 |    2.913 | 
     | 15                                                 |              |          |       |         |          | 
     | datapath/ALU_ALU_GEN[22].slice_i_bitAdder/g156__18 | A1 v -> ZN ^ | NAND2_X4 | 0.047 |   2.869 |    2.960 | 
     | 81                                                 |              |          |       |         |          | 
     | datapath/ALU_ALU_GEN[23].slice_i_bitAdder/g158__74 | A1 ^ -> ZN v | NAND2_X4 | 0.036 |   2.905 |    2.996 | 
     | 10                                                 |              |          |       |         |          | 
     | datapath/ALU_ALU_GEN[23].slice_i_bitAdder/g156__16 | A1 v -> ZN ^ | NAND2_X4 | 0.050 |   2.955 |    3.046 | 
     | 66                                                 |              |          |       |         |          | 
     | datapath/ALU_ALU_GEN[24].slice_i_bitAdder/g158__67 | A1 ^ -> ZN v | NAND2_X4 | 0.038 |   2.993 |    3.083 | 
     | 83                                                 |              |          |       |         |          | 
     | datapath/ALU_ALU_GEN[24].slice_i_bitAdder/g156__55 | A1 v -> ZN ^ | NAND2_X4 | 0.054 |   3.047 |    3.138 | 
     | 26                                                 |              |          |       |         |          | 
     | datapath/ALU_ALU_GEN[25].slice_i_bitAdder/g158__18 | A1 ^ -> ZN v | NAND2_X4 | 0.039 |   3.087 |    3.177 | 
     | 81                                                 |              |          |       |         |          | 
     | datapath/ALU_ALU_GEN[25].slice_i_bitAdder/g156__61 | A1 v -> ZN ^ | NAND2_X4 | 0.049 |   3.136 |    3.226 | 
     | 31                                                 |              |          |       |         |          | 
     | datapath/ALU_ALU_GEN[26].slice_i_bitAdder/g158__16 | A1 ^ -> ZN v | NAND2_X4 | 0.037 |   3.172 |    3.263 | 
     | 66                                                 |              |          |       |         |          | 
     | datapath/ALU_ALU_GEN[26].slice_i_bitAdder/g156__23 | A1 v -> ZN ^ | NAND2_X4 | 0.049 |   3.221 |    3.312 | 
     | 46                                                 |              |          |       |         |          | 
     | datapath/ALU_ALU_GEN[27].slice_i_bitAdder/g158__55 | A1 ^ -> ZN v | NAND2_X4 | 0.037 |   3.258 |    3.348 | 
     | 26                                                 |              |          |       |         |          | 
     | datapath/ALU_ALU_GEN[27].slice_i_bitAdder/g156__84 | A1 v -> ZN ^ | NAND2_X4 | 0.042 |   3.300 |    3.390 | 
     | 28                                                 |              |          |       |         |          | 
     | datapath/ALU_ALU_GEN[28].slice_i_bitAdder/g158__51 | A1 ^ -> ZN v | NAND2_X2 | 0.031 |   3.331 |    3.421 | 
     | 15                                                 |              |          |       |         |          | 
     | datapath/ALU_ALU_GEN[28].slice_i_bitAdder/g156__61 | A1 v -> ZN ^ | NAND2_X1 | 0.083 |   3.414 |    3.504 | 
     | 31                                                 |              |          |       |         |          | 
     | datapath/ALU_ALU_GEN[29].slice_i_bitAdder/g158__16 | A1 ^ -> ZN v | NAND2_X2 | 0.059 |   3.474 |    3.564 | 
     | 66                                                 |              |          |       |         |          | 
     | datapath/ALU_ALU_GEN[29].slice_i_bitAdder/g156__28 | A1 v -> ZN ^ | NAND2_X4 | 0.054 |   3.528 |    3.618 | 
     | 83                                                 |              |          |       |         |          | 
     | datapath/ALU_ALU_GEN[30].slice_i_bitAdder/g158__55 | A1 ^ -> ZN v | NAND2_X4 | 0.037 |   3.565 |    3.655 | 
     | 26                                                 |              |          |       |         |          | 
     | datapath/ALU_ALU_GEN[30].slice_i_bitAdder/g156__43 | A1 v -> ZN ^ | NAND2_X4 | 0.065 |   3.630 |    3.720 | 
     | 19                                                 |              |          |       |         |          | 
     | datapath/ALU_msb_bitAdder/FE_RC_392_0              | A1 ^ -> ZN v | NAND2_X1 | 0.052 |   3.682 |    3.773 | 
     | datapath/ALU_msb_bitAdder/FE_RC_391_0              | A v -> ZN ^  | OAI21_X2 | 0.086 |   3.769 |    3.859 | 
     | datapath/ALU_msb_resultMux/FE_RC_187_0             | A1 ^ -> ZN v | NAND2_X1 | 0.058 |   3.827 |    3.917 | 
     | datapath/ALU_msb_resultMux/g151__4733              | A1 v -> ZN ^ | NAND2_X1 | 0.057 |   3.883 |    3.974 | 
     | datapath/EXMEM_aluResult_reg[31]                   | D ^          | DFFR_X1  | 0.000 |   3.883 |    3.974 | 
     +-----------------------------------------------------------------------------------------------------------+ 
Path 36: MET Setup Check with Pin datapath/IFID_instr_reg[22]/CK 
Endpoint:   datapath/IFID_instr_reg[22]/D (v) checked with  leading edge of 
'clk'
Beginpoint: datapath/IFID_instr_reg[20]/Q (^) triggered by  leading edge of 
'clk'
Path Groups: {reg2reg}
Analysis View: WC_VIEW
Other End Arrival Time          0.001
- Setup                         0.150
+ Phase Shift                   4.100
+ CPPR Adjustment               0.000
- Uncertainty                   0.100
= Required Time                 3.851
- Arrival Time                  3.730
= Slack Time                    0.121
     Clock Rise Edge                 0.000
     + Clock Network Latency (Prop)  -0.006
     = Beginpoint Arrival Time       -0.006
     +---------------------------------------------------------------------------------------+ 
     |           Instance            |     Arc      |   Cell    | Delay | Arrival | Required | 
     |                               |              |           |       |  Time   |   Time   | 
     |-------------------------------+--------------+-----------+-------+---------+----------| 
     | datapath/IFID_instr_reg[20]   | CK ^         |           |       |  -0.006 |    0.115 | 
     | datapath/IFID_instr_reg[20]   | CK ^ -> Q ^  | DFFR_X1   | 0.421 |   0.415 |    0.536 | 
     | datapath/FE_OFC254_IFID_rs2_0 | A ^ -> Z ^   | CLKBUF_X1 | 0.336 |   0.750 |    0.871 | 
     | datapath/g26904               | A ^ -> ZN ^  | XNOR2_X1  | 0.188 |   0.938 |    1.059 | 
     | datapath/g26728               | A1 ^ -> ZN v | NAND4_X1  | 0.121 |   1.059 |    1.180 | 
     | datapath/g26722               | A1 v -> ZN ^ | NOR2_X1   | 0.145 |   1.204 |    1.325 | 
     | datapath/g26699               | A2 ^ -> ZN v | NOR2_X1   | 0.046 |   1.250 |    1.371 | 
     | datapath/g26648               | A1 v -> ZN v | OR2_X2    | 0.203 |   1.452 |    1.573 | 
     | datapath/FE_OFC620_n_780      | A v -> ZN ^  | INV_X4    | 0.125 |   1.578 |    1.699 | 
     | datapath/FE_OFC621_n_780      | A ^ -> ZN v  | INV_X1    | 0.117 |   1.695 |    1.816 | 
     | datapath/g26366               | B1 v -> ZN ^ | OAI221_X1 | 0.251 |   1.946 |    2.067 | 
     | datapath/LT_TC_OP_g1841       | A ^ -> ZN v  | INV_X1    | 0.060 |   2.006 |    2.127 | 
     | datapath/LT_TC_OP_g1819       | A2 v -> ZN ^ | NOR2_X1   | 0.155 |   2.160 |    2.281 | 
     | datapath/LT_TC_OP_g1779       | A1 ^ -> ZN v | NOR3_X1   | 0.044 |   2.204 |    2.325 | 
     | datapath/LT_TC_OP_g1752       | A v -> ZN ^  | AOI221_X1 | 0.327 |   2.531 |    2.652 | 
     | datapath/LT_TC_OP_g1749       | B1 ^ -> ZN v | OAI221_X1 | 0.148 |   2.679 |    2.800 | 
     | datapath/FE_RC_448_0          | A1 v -> ZN v | AND2_X1   | 0.124 |   2.803 |    2.924 | 
     | datapath/FE_RC_447_0          | A v -> ZN ^  | AOI211_X2 | 0.318 |   3.121 |    3.242 | 
     | datapath/g16081               | A1 ^ -> ZN ^ | AND2_X1   | 0.168 |   3.289 |    3.410 | 
     | datapath/g16079               | A1 ^ -> ZN ^ | OR2_X4    | 0.093 |   3.382 |    3.503 | 
     | g1059                         | A1 ^ -> ZN ^ | AND2_X2   | 0.095 |   3.476 |    3.597 | 
     | datapath/FE_OFC614_IFID_flush | A ^ -> ZN v  | INV_X2    | 0.035 |   3.512 |    3.633 | 
     | datapath/FE_OFC671_IFID_flush | A v -> ZN ^  | INV_X8    | 0.160 |   3.672 |    3.793 | 
     | datapath/g35437               | A1 ^ -> ZN v | NOR2_X1   | 0.057 |   3.729 |    3.850 | 
     | datapath/IFID_instr_reg[22]   | D v          | DFFR_X1   | 0.000 |   3.730 |    3.851 | 
     +---------------------------------------------------------------------------------------+ 
Path 37: MET Setup Check with Pin datapath/IFID_instr_reg[20]/CK 
Endpoint:   datapath/IFID_instr_reg[20]/D (v) checked with  leading edge of 
'clk'
Beginpoint: datapath/IFID_instr_reg[20]/Q (^) triggered by  leading edge of 
'clk'
Path Groups: {reg2reg}
Analysis View: WC_VIEW
Other End Arrival Time         -0.006
- Setup                         0.138
+ Phase Shift                   4.100
+ CPPR Adjustment               0.000
- Uncertainty                   0.100
= Required Time                 3.855
- Arrival Time                  3.732
= Slack Time                    0.124
     Clock Rise Edge                 0.000
     + Clock Network Latency (Prop)  -0.006
     = Beginpoint Arrival Time       -0.006
     +---------------------------------------------------------------------------------------+ 
     |           Instance            |     Arc      |   Cell    | Delay | Arrival | Required | 
     |                               |              |           |       |  Time   |   Time   | 
     |-------------------------------+--------------+-----------+-------+---------+----------| 
     | datapath/IFID_instr_reg[20]   | CK ^         |           |       |  -0.006 |    0.117 | 
     | datapath/IFID_instr_reg[20]   | CK ^ -> Q ^  | DFFR_X1   | 0.421 |   0.415 |    0.538 | 
     | datapath/FE_OFC254_IFID_rs2_0 | A ^ -> Z ^   | CLKBUF_X1 | 0.336 |   0.750 |    0.874 | 
     | datapath/g26904               | A ^ -> ZN ^  | XNOR2_X1  | 0.188 |   0.938 |    1.062 | 
     | datapath/g26728               | A1 ^ -> ZN v | NAND4_X1  | 0.121 |   1.059 |    1.183 | 
     | datapath/g26722               | A1 v -> ZN ^ | NOR2_X1   | 0.145 |   1.204 |    1.328 | 
     | datapath/g26699               | A2 ^ -> ZN v | NOR2_X1   | 0.046 |   1.250 |    1.373 | 
     | datapath/g26648               | A1 v -> ZN v | OR2_X2    | 0.203 |   1.452 |    1.576 | 
     | datapath/FE_OFC620_n_780      | A v -> ZN ^  | INV_X4    | 0.125 |   1.578 |    1.702 | 
     | datapath/FE_OFC621_n_780      | A ^ -> ZN v  | INV_X1    | 0.117 |   1.695 |    1.819 | 
     | datapath/g26366               | B1 v -> ZN ^ | OAI221_X1 | 0.251 |   1.946 |    2.070 | 
     | datapath/LT_TC_OP_g1841       | A ^ -> ZN v  | INV_X1    | 0.060 |   2.006 |    2.129 | 
     | datapath/LT_TC_OP_g1819       | A2 v -> ZN ^ | NOR2_X1   | 0.155 |   2.160 |    2.284 | 
     | datapath/LT_TC_OP_g1779       | A1 ^ -> ZN v | NOR3_X1   | 0.044 |   2.204 |    2.328 | 
     | datapath/LT_TC_OP_g1752       | A v -> ZN ^  | AOI221_X1 | 0.327 |   2.531 |    2.655 | 
     | datapath/LT_TC_OP_g1749       | B1 ^ -> ZN v | OAI221_X1 | 0.148 |   2.679 |    2.803 | 
     | datapath/FE_RC_448_0          | A1 v -> ZN v | AND2_X1   | 0.124 |   2.803 |    2.927 | 
     | datapath/FE_RC_447_0          | A v -> ZN ^  | AOI211_X2 | 0.318 |   3.121 |    3.244 | 
     | datapath/g16081               | A1 ^ -> ZN ^ | AND2_X1   | 0.168 |   3.289 |    3.413 | 
     | datapath/g16079               | A1 ^ -> ZN ^ | OR2_X4    | 0.093 |   3.382 |    3.505 | 
     | g1059                         | A1 ^ -> ZN ^ | AND2_X2   | 0.095 |   3.476 |    3.600 | 
     | datapath/FE_OFC614_IFID_flush | A ^ -> ZN v  | INV_X2    | 0.035 |   3.512 |    3.635 | 
     | datapath/FE_OFC671_IFID_flush | A v -> ZN ^  | INV_X8    | 0.160 |   3.672 |    3.796 | 
     | datapath/g35439               | A1 ^ -> ZN v | NOR2_X1   | 0.059 |   3.731 |    3.855 | 
     | datapath/IFID_instr_reg[20]   | D v          | DFFR_X1   | 0.000 |   3.732 |    3.855 | 
     +---------------------------------------------------------------------------------------+ 
Path 38: MET Setup Check with Pin datapath/IFID_instr_reg[24]/CK 
Endpoint:   datapath/IFID_instr_reg[24]/D (v) checked with  leading edge of 
'clk'
Beginpoint: datapath/IFID_instr_reg[20]/Q (^) triggered by  leading edge of 
'clk'
Path Groups: {reg2reg}
Analysis View: WC_VIEW
Other End Arrival Time         -0.006
- Setup                         0.138
+ Phase Shift                   4.100
+ CPPR Adjustment               0.000
- Uncertainty                   0.100
= Required Time                 3.855
- Arrival Time                  3.732
= Slack Time                    0.124
     Clock Rise Edge                 0.000
     + Clock Network Latency (Prop)  -0.006
     = Beginpoint Arrival Time       -0.006
     +---------------------------------------------------------------------------------------+ 
     |           Instance            |     Arc      |   Cell    | Delay | Arrival | Required | 
     |                               |              |           |       |  Time   |   Time   | 
     |-------------------------------+--------------+-----------+-------+---------+----------| 
     | datapath/IFID_instr_reg[20]   | CK ^         |           |       |  -0.006 |    0.117 | 
     | datapath/IFID_instr_reg[20]   | CK ^ -> Q ^  | DFFR_X1   | 0.421 |   0.415 |    0.538 | 
     | datapath/FE_OFC254_IFID_rs2_0 | A ^ -> Z ^   | CLKBUF_X1 | 0.336 |   0.750 |    0.874 | 
     | datapath/g26904               | A ^ -> ZN ^  | XNOR2_X1  | 0.188 |   0.938 |    1.062 | 
     | datapath/g26728               | A1 ^ -> ZN v | NAND4_X1  | 0.121 |   1.059 |    1.183 | 
     | datapath/g26722               | A1 v -> ZN ^ | NOR2_X1   | 0.145 |   1.204 |    1.328 | 
     | datapath/g26699               | A2 ^ -> ZN v | NOR2_X1   | 0.046 |   1.250 |    1.374 | 
     | datapath/g26648               | A1 v -> ZN v | OR2_X2    | 0.203 |   1.452 |    1.576 | 
     | datapath/FE_OFC620_n_780      | A v -> ZN ^  | INV_X4    | 0.125 |   1.578 |    1.702 | 
     | datapath/FE_OFC621_n_780      | A ^ -> ZN v  | INV_X1    | 0.117 |   1.695 |    1.819 | 
     | datapath/g26366               | B1 v -> ZN ^ | OAI221_X1 | 0.251 |   1.946 |    2.070 | 
     | datapath/LT_TC_OP_g1841       | A ^ -> ZN v  | INV_X1    | 0.060 |   2.006 |    2.129 | 
     | datapath/LT_TC_OP_g1819       | A2 v -> ZN ^ | NOR2_X1   | 0.155 |   2.160 |    2.284 | 
     | datapath/LT_TC_OP_g1779       | A1 ^ -> ZN v | NOR3_X1   | 0.044 |   2.204 |    2.328 | 
     | datapath/LT_TC_OP_g1752       | A v -> ZN ^  | AOI221_X1 | 0.327 |   2.531 |    2.655 | 
     | datapath/LT_TC_OP_g1749       | B1 ^ -> ZN v | OAI221_X1 | 0.148 |   2.679 |    2.803 | 
     | datapath/FE_RC_448_0          | A1 v -> ZN v | AND2_X1   | 0.124 |   2.803 |    2.927 | 
     | datapath/FE_RC_447_0          | A v -> ZN ^  | AOI211_X2 | 0.318 |   3.121 |    3.245 | 
     | datapath/g16081               | A1 ^ -> ZN ^ | AND2_X1   | 0.168 |   3.289 |    3.413 | 
     | datapath/g16079               | A1 ^ -> ZN ^ | OR2_X4    | 0.093 |   3.382 |    3.505 | 
     | g1059                         | A1 ^ -> ZN ^ | AND2_X2   | 0.095 |   3.476 |    3.600 | 
     | datapath/FE_OFC614_IFID_flush | A ^ -> ZN v  | INV_X2    | 0.035 |   3.512 |    3.636 | 
     | datapath/FE_OFC671_IFID_flush | A v -> ZN ^  | INV_X8    | 0.160 |   3.672 |    3.796 | 
     | datapath/g35458               | A1 ^ -> ZN v | NOR2_X1   | 0.060 |   3.732 |    3.855 | 
     | datapath/IFID_instr_reg[24]   | D v          | DFFR_X1   | 0.000 |   3.732 |    3.855 | 
     +---------------------------------------------------------------------------------------+ 
Path 39: MET Setup Check with Pin datapath/IFID_instr_reg[19]/CK 
Endpoint:   datapath/IFID_instr_reg[19]/D (v) checked with  leading edge of 
'clk'
Beginpoint: datapath/IFID_instr_reg[20]/Q (^) triggered by  leading edge of 
'clk'
Path Groups: {reg2reg}
Analysis View: WC_VIEW
Other End Arrival Time         -0.006
- Setup                         0.138
+ Phase Shift                   4.100
+ CPPR Adjustment               0.000
- Uncertainty                   0.100
= Required Time                 3.855
- Arrival Time                  3.731
= Slack Time                    0.124
     Clock Rise Edge                 0.000
     + Clock Network Latency (Prop)  -0.006
     = Beginpoint Arrival Time       -0.006
     +---------------------------------------------------------------------------------------+ 
     |           Instance            |     Arc      |   Cell    | Delay | Arrival | Required | 
     |                               |              |           |       |  Time   |   Time   | 
     |-------------------------------+--------------+-----------+-------+---------+----------| 
     | datapath/IFID_instr_reg[20]   | CK ^         |           |       |  -0.006 |    0.118 | 
     | datapath/IFID_instr_reg[20]   | CK ^ -> Q ^  | DFFR_X1   | 0.421 |   0.415 |    0.539 | 
     | datapath/FE_OFC254_IFID_rs2_0 | A ^ -> Z ^   | CLKBUF_X1 | 0.336 |   0.750 |    0.875 | 
     | datapath/g26904               | A ^ -> ZN ^  | XNOR2_X1  | 0.188 |   0.938 |    1.062 | 
     | datapath/g26728               | A1 ^ -> ZN v | NAND4_X1  | 0.121 |   1.059 |    1.184 | 
     | datapath/g26722               | A1 v -> ZN ^ | NOR2_X1   | 0.145 |   1.204 |    1.328 | 
     | datapath/g26699               | A2 ^ -> ZN v | NOR2_X1   | 0.046 |   1.250 |    1.374 | 
     | datapath/g26648               | A1 v -> ZN v | OR2_X2    | 0.203 |   1.452 |    1.577 | 
     | datapath/FE_OFC620_n_780      | A v -> ZN ^  | INV_X4    | 0.125 |   1.578 |    1.702 | 
     | datapath/FE_OFC621_n_780      | A ^ -> ZN v  | INV_X1    | 0.117 |   1.695 |    1.819 | 
     | datapath/g26366               | B1 v -> ZN ^ | OAI221_X1 | 0.251 |   1.946 |    2.070 | 
     | datapath/LT_TC_OP_g1841       | A ^ -> ZN v  | INV_X1    | 0.060 |   2.006 |    2.130 | 
     | datapath/LT_TC_OP_g1819       | A2 v -> ZN ^ | NOR2_X1   | 0.155 |   2.160 |    2.285 | 
     | datapath/LT_TC_OP_g1779       | A1 ^ -> ZN v | NOR3_X1   | 0.044 |   2.204 |    2.329 | 
     | datapath/LT_TC_OP_g1752       | A v -> ZN ^  | AOI221_X1 | 0.327 |   2.531 |    2.656 | 
     | datapath/LT_TC_OP_g1749       | B1 ^ -> ZN v | OAI221_X1 | 0.148 |   2.679 |    2.804 | 
     | datapath/FE_RC_448_0          | A1 v -> ZN v | AND2_X1   | 0.124 |   2.803 |    2.927 | 
     | datapath/FE_RC_447_0          | A v -> ZN ^  | AOI211_X2 | 0.318 |   3.121 |    3.245 | 
     | datapath/g16081               | A1 ^ -> ZN ^ | AND2_X1   | 0.168 |   3.289 |    3.413 | 
     | datapath/g16079               | A1 ^ -> ZN ^ | OR2_X4    | 0.093 |   3.382 |    3.506 | 
     | g1059                         | A1 ^ -> ZN ^ | AND2_X2   | 0.095 |   3.476 |    3.601 | 
     | datapath/FE_OFC614_IFID_flush | A ^ -> ZN v  | INV_X2    | 0.035 |   3.512 |    3.636 | 
     | datapath/FE_OFC671_IFID_flush | A v -> ZN ^  | INV_X8    | 0.160 |   3.672 |    3.796 | 
     | datapath/g35440               | A1 ^ -> ZN v | NOR2_X1   | 0.059 |   3.731 |    3.855 | 
     | datapath/IFID_instr_reg[19]   | D v          | DFFR_X1   | 0.000 |   3.731 |    3.855 | 
     +---------------------------------------------------------------------------------------+ 
Path 40: MET Setup Check with Pin datapath/IFID_instr_reg[23]/CK 
Endpoint:   datapath/IFID_instr_reg[23]/D (v) checked with  leading edge of 
'clk'
Beginpoint: datapath/IFID_instr_reg[20]/Q (^) triggered by  leading edge of 
'clk'
Path Groups: {reg2reg}
Analysis View: WC_VIEW
Other End Arrival Time         -0.006
- Setup                         0.138
+ Phase Shift                   4.100
+ CPPR Adjustment               0.000
- Uncertainty                   0.100
= Required Time                 3.855
- Arrival Time                  3.731
= Slack Time                    0.125
     Clock Rise Edge                 0.000
     + Clock Network Latency (Prop)  -0.006
     = Beginpoint Arrival Time       -0.006
     +---------------------------------------------------------------------------------------+ 
     |           Instance            |     Arc      |   Cell    | Delay | Arrival | Required | 
     |                               |              |           |       |  Time   |   Time   | 
     |-------------------------------+--------------+-----------+-------+---------+----------| 
     | datapath/IFID_instr_reg[20]   | CK ^         |           |       |  -0.006 |    0.118 | 
     | datapath/IFID_instr_reg[20]   | CK ^ -> Q ^  | DFFR_X1   | 0.421 |   0.415 |    0.539 | 
     | datapath/FE_OFC254_IFID_rs2_0 | A ^ -> Z ^   | CLKBUF_X1 | 0.336 |   0.750 |    0.875 | 
     | datapath/g26904               | A ^ -> ZN ^  | XNOR2_X1  | 0.188 |   0.938 |    1.063 | 
     | datapath/g26728               | A1 ^ -> ZN v | NAND4_X1  | 0.121 |   1.059 |    1.184 | 
     | datapath/g26722               | A1 v -> ZN ^ | NOR2_X1   | 0.145 |   1.204 |    1.329 | 
     | datapath/g26699               | A2 ^ -> ZN v | NOR2_X1   | 0.046 |   1.250 |    1.374 | 
     | datapath/g26648               | A1 v -> ZN v | OR2_X2    | 0.203 |   1.452 |    1.577 | 
     | datapath/FE_OFC620_n_780      | A v -> ZN ^  | INV_X4    | 0.125 |   1.578 |    1.702 | 
     | datapath/FE_OFC621_n_780      | A ^ -> ZN v  | INV_X1    | 0.117 |   1.695 |    1.820 | 
     | datapath/g26366               | B1 v -> ZN ^ | OAI221_X1 | 0.251 |   1.946 |    2.071 | 
     | datapath/LT_TC_OP_g1841       | A ^ -> ZN v  | INV_X1    | 0.060 |   2.006 |    2.130 | 
     | datapath/LT_TC_OP_g1819       | A2 v -> ZN ^ | NOR2_X1   | 0.155 |   2.160 |    2.285 | 
     | datapath/LT_TC_OP_g1779       | A1 ^ -> ZN v | NOR3_X1   | 0.044 |   2.204 |    2.329 | 
     | datapath/LT_TC_OP_g1752       | A v -> ZN ^  | AOI221_X1 | 0.327 |   2.531 |    2.656 | 
     | datapath/LT_TC_OP_g1749       | B1 ^ -> ZN v | OAI221_X1 | 0.148 |   2.679 |    2.804 | 
     | datapath/FE_RC_448_0          | A1 v -> ZN v | AND2_X1   | 0.124 |   2.803 |    2.928 | 
     | datapath/FE_RC_447_0          | A v -> ZN ^  | AOI211_X2 | 0.318 |   3.121 |    3.245 | 
     | datapath/g16081               | A1 ^ -> ZN ^ | AND2_X1   | 0.168 |   3.289 |    3.414 | 
     | datapath/g16079               | A1 ^ -> ZN ^ | OR2_X4    | 0.093 |   3.382 |    3.506 | 
     | g1059                         | A1 ^ -> ZN ^ | AND2_X2   | 0.095 |   3.476 |    3.601 | 
     | datapath/FE_OFC614_IFID_flush | A ^ -> ZN v  | INV_X2    | 0.035 |   3.512 |    3.636 | 
     | datapath/FE_OFC671_IFID_flush | A v -> ZN ^  | INV_X8    | 0.160 |   3.672 |    3.797 | 
     | datapath/g35450               | A1 ^ -> ZN v | NOR2_X1   | 0.059 |   3.731 |    3.855 | 
     | datapath/IFID_instr_reg[23]   | D v          | DFFR_X1   | 0.000 |   3.731 |    3.855 | 
     +---------------------------------------------------------------------------------------+ 
Path 41: MET Setup Check with Pin datapath/IFID_instr_reg[11]/CK 
Endpoint:   datapath/IFID_instr_reg[11]/D (v) checked with  leading edge of 
'clk'
Beginpoint: datapath/IFID_instr_reg[20]/Q (^) triggered by  leading edge of 
'clk'
Path Groups: {reg2reg}
Analysis View: WC_VIEW
Other End Arrival Time          0.005
- Setup                         0.147
+ Phase Shift                   4.100
+ CPPR Adjustment               0.000
- Uncertainty                   0.100
= Required Time                 3.858
- Arrival Time                  3.724
= Slack Time                    0.134
     Clock Rise Edge                 0.000
     + Clock Network Latency (Prop)  -0.006
     = Beginpoint Arrival Time       -0.006
     +---------------------------------------------------------------------------------------+ 
     |           Instance            |     Arc      |   Cell    | Delay | Arrival | Required | 
     |                               |              |           |       |  Time   |   Time   | 
     |-------------------------------+--------------+-----------+-------+---------+----------| 
     | datapath/IFID_instr_reg[20]   | CK ^         |           |       |  -0.006 |    0.128 | 
     | datapath/IFID_instr_reg[20]   | CK ^ -> Q ^  | DFFR_X1   | 0.421 |   0.415 |    0.549 | 
     | datapath/FE_OFC254_IFID_rs2_0 | A ^ -> Z ^   | CLKBUF_X1 | 0.336 |   0.750 |    0.885 | 
     | datapath/g26904               | A ^ -> ZN ^  | XNOR2_X1  | 0.188 |   0.938 |    1.073 | 
     | datapath/g26728               | A1 ^ -> ZN v | NAND4_X1  | 0.121 |   1.059 |    1.194 | 
     | datapath/g26722               | A1 v -> ZN ^ | NOR2_X1   | 0.145 |   1.204 |    1.339 | 
     | datapath/g26699               | A2 ^ -> ZN v | NOR2_X1   | 0.046 |   1.250 |    1.384 | 
     | datapath/g26648               | A1 v -> ZN v | OR2_X2    | 0.203 |   1.452 |    1.587 | 
     | datapath/FE_OFC620_n_780      | A v -> ZN ^  | INV_X4    | 0.125 |   1.578 |    1.712 | 
     | datapath/FE_OFC621_n_780      | A ^ -> ZN v  | INV_X1    | 0.117 |   1.695 |    1.830 | 
     | datapath/g26366               | B1 v -> ZN ^ | OAI221_X1 | 0.251 |   1.946 |    2.081 | 
     | datapath/LT_TC_OP_g1841       | A ^ -> ZN v  | INV_X1    | 0.060 |   2.006 |    2.140 | 
     | datapath/LT_TC_OP_g1819       | A2 v -> ZN ^ | NOR2_X1   | 0.155 |   2.160 |    2.295 | 
     | datapath/LT_TC_OP_g1779       | A1 ^ -> ZN v | NOR3_X1   | 0.044 |   2.204 |    2.339 | 
     | datapath/LT_TC_OP_g1752       | A v -> ZN ^  | AOI221_X1 | 0.327 |   2.531 |    2.666 | 
     | datapath/LT_TC_OP_g1749       | B1 ^ -> ZN v | OAI221_X1 | 0.148 |   2.679 |    2.814 | 
     | datapath/FE_RC_448_0          | A1 v -> ZN v | AND2_X1   | 0.124 |   2.803 |    2.938 | 
     | datapath/FE_RC_447_0          | A v -> ZN ^  | AOI211_X2 | 0.318 |   3.121 |    3.255 | 
     | datapath/g16081               | A1 ^ -> ZN ^ | AND2_X1   | 0.168 |   3.289 |    3.424 | 
     | datapath/g16079               | A1 ^ -> ZN ^ | OR2_X4    | 0.093 |   3.382 |    3.516 | 
     | g1059                         | A1 ^ -> ZN ^ | AND2_X2   | 0.095 |   3.476 |    3.611 | 
     | datapath/FE_OFC614_IFID_flush | A ^ -> ZN v  | INV_X2    | 0.035 |   3.512 |    3.646 | 
     | datapath/FE_OFC671_IFID_flush | A v -> ZN ^  | INV_X8    | 0.160 |   3.672 |    3.807 | 
     | datapath/g35449               | A1 ^ -> ZN v | NOR2_X1   | 0.052 |   3.724 |    3.858 | 
     | datapath/IFID_instr_reg[11]   | D v          | DFFR_X1   | 0.000 |   3.724 |    3.858 | 
     +---------------------------------------------------------------------------------------+ 
Path 42: MET Setup Check with Pin datapath/IFID_instr_reg[21]/CK 
Endpoint:   datapath/IFID_instr_reg[21]/D (v) checked with  leading edge of 
'clk'
Beginpoint: datapath/IFID_instr_reg[20]/Q (^) triggered by  leading edge of 
'clk'
Path Groups: {reg2reg}
Analysis View: WC_VIEW
Other End Arrival Time          0.013
- Setup                         0.147
+ Phase Shift                   4.100
+ CPPR Adjustment               0.000
- Uncertainty                   0.100
= Required Time                 3.866
- Arrival Time                  3.723
= Slack Time                    0.143
     Clock Rise Edge                 0.000
     + Clock Network Latency (Prop)  -0.006
     = Beginpoint Arrival Time       -0.006
     +---------------------------------------------------------------------------------------+ 
     |           Instance            |     Arc      |   Cell    | Delay | Arrival | Required | 
     |                               |              |           |       |  Time   |   Time   | 
     |-------------------------------+--------------+-----------+-------+---------+----------| 
     | datapath/IFID_instr_reg[20]   | CK ^         |           |       |  -0.006 |    0.137 | 
     | datapath/IFID_instr_reg[20]   | CK ^ -> Q ^  | DFFR_X1   | 0.421 |   0.415 |    0.558 | 
     | datapath/FE_OFC254_IFID_rs2_0 | A ^ -> Z ^   | CLKBUF_X1 | 0.336 |   0.750 |    0.894 | 
     | datapath/g26904               | A ^ -> ZN ^  | XNOR2_X1  | 0.188 |   0.938 |    1.082 | 
     | datapath/g26728               | A1 ^ -> ZN v | NAND4_X1  | 0.121 |   1.059 |    1.203 | 
     | datapath/g26722               | A1 v -> ZN ^ | NOR2_X1   | 0.145 |   1.204 |    1.347 | 
     | datapath/g26699               | A2 ^ -> ZN v | NOR2_X1   | 0.046 |   1.250 |    1.393 | 
     | datapath/g26648               | A1 v -> ZN v | OR2_X2    | 0.203 |   1.452 |    1.596 | 
     | datapath/FE_OFC620_n_780      | A v -> ZN ^  | INV_X4    | 0.125 |   1.578 |    1.721 | 
     | datapath/FE_OFC621_n_780      | A ^ -> ZN v  | INV_X1    | 0.117 |   1.695 |    1.839 | 
     | datapath/g26366               | B1 v -> ZN ^ | OAI221_X1 | 0.251 |   1.946 |    2.089 | 
     | datapath/LT_TC_OP_g1841       | A ^ -> ZN v  | INV_X1    | 0.060 |   2.006 |    2.149 | 
     | datapath/LT_TC_OP_g1819       | A2 v -> ZN ^ | NOR2_X1   | 0.155 |   2.160 |    2.304 | 
     | datapath/LT_TC_OP_g1779       | A1 ^ -> ZN v | NOR3_X1   | 0.044 |   2.204 |    2.348 | 
     | datapath/LT_TC_OP_g1752       | A v -> ZN ^  | AOI221_X1 | 0.327 |   2.531 |    2.675 | 
     | datapath/LT_TC_OP_g1749       | B1 ^ -> ZN v | OAI221_X1 | 0.148 |   2.679 |    2.823 | 
     | datapath/FE_RC_448_0          | A1 v -> ZN v | AND2_X1   | 0.124 |   2.803 |    2.947 | 
     | datapath/FE_RC_447_0          | A v -> ZN ^  | AOI211_X2 | 0.318 |   3.121 |    3.264 | 
     | datapath/g16081               | A1 ^ -> ZN ^ | AND2_X1   | 0.168 |   3.289 |    3.432 | 
     | datapath/g16079               | A1 ^ -> ZN ^ | OR2_X4    | 0.093 |   3.382 |    3.525 | 
     | g1059                         | A1 ^ -> ZN ^ | AND2_X2   | 0.095 |   3.476 |    3.620 | 
     | datapath/FE_OFC614_IFID_flush | A ^ -> ZN v  | INV_X2    | 0.035 |   3.512 |    3.655 | 
     | datapath/FE_OFC671_IFID_flush | A v -> ZN ^  | INV_X8    | 0.160 |   3.672 |    3.815 | 
     | datapath/g35438               | A1 ^ -> ZN v | NOR2_X1   | 0.051 |   3.723 |    3.866 | 
     | datapath/IFID_instr_reg[21]   | D v          | DFFR_X1   | 0.000 |   3.723 |    3.866 | 
     +---------------------------------------------------------------------------------------+ 
Path 43: MET Setup Check with Pin datapath/IFID_pc_reg[31]/CK 
Endpoint:   datapath/IFID_pc_reg[31]/D    (v) checked with  leading edge of 
'clk'
Beginpoint: datapath/IFID_instr_reg[20]/Q (^) triggered by  leading edge of 
'clk'
Path Groups: {reg2reg}
Analysis View: WC_VIEW
Other End Arrival Time          0.006
- Setup                         0.140
+ Phase Shift                   4.100
+ CPPR Adjustment               0.000
- Uncertainty                   0.100
= Required Time                 3.866
- Arrival Time                  3.722
= Slack Time                    0.144
     Clock Rise Edge                 0.000
     + Clock Network Latency (Prop)  -0.006
     = Beginpoint Arrival Time       -0.006
     +---------------------------------------------------------------------------------------+ 
     |           Instance            |     Arc      |   Cell    | Delay | Arrival | Required | 
     |                               |              |           |       |  Time   |   Time   | 
     |-------------------------------+--------------+-----------+-------+---------+----------| 
     | datapath/IFID_instr_reg[20]   | CK ^         |           |       |  -0.006 |    0.138 | 
     | datapath/IFID_instr_reg[20]   | CK ^ -> Q ^  | DFFR_X1   | 0.421 |   0.415 |    0.559 | 
     | datapath/FE_OFC254_IFID_rs2_0 | A ^ -> Z ^   | CLKBUF_X1 | 0.336 |   0.750 |    0.895 | 
     | datapath/g26904               | A ^ -> ZN ^  | XNOR2_X1  | 0.188 |   0.938 |    1.082 | 
     | datapath/g26728               | A1 ^ -> ZN v | NAND4_X1  | 0.121 |   1.059 |    1.204 | 
     | datapath/g26722               | A1 v -> ZN ^ | NOR2_X1   | 0.145 |   1.204 |    1.348 | 
     | datapath/g26699               | A2 ^ -> ZN v | NOR2_X1   | 0.046 |   1.250 |    1.394 | 
     | datapath/g26648               | A1 v -> ZN v | OR2_X2    | 0.203 |   1.452 |    1.597 | 
     | datapath/FE_OFC620_n_780      | A v -> ZN ^  | INV_X4    | 0.125 |   1.578 |    1.722 | 
     | datapath/FE_OFC621_n_780      | A ^ -> ZN v  | INV_X1    | 0.117 |   1.695 |    1.839 | 
     | datapath/g26366               | B1 v -> ZN ^ | OAI221_X1 | 0.251 |   1.946 |    2.090 | 
     | datapath/LT_TC_OP_g1841       | A ^ -> ZN v  | INV_X1    | 0.060 |   2.006 |    2.150 | 
     | datapath/LT_TC_OP_g1819       | A2 v -> ZN ^ | NOR2_X1   | 0.155 |   2.160 |    2.305 | 
     | datapath/LT_TC_OP_g1779       | A1 ^ -> ZN v | NOR3_X1   | 0.044 |   2.204 |    2.349 | 
     | datapath/LT_TC_OP_g1752       | A v -> ZN ^  | AOI221_X1 | 0.327 |   2.531 |    2.676 | 
     | datapath/LT_TC_OP_g1749       | B1 ^ -> ZN v | OAI221_X1 | 0.148 |   2.679 |    2.824 | 
     | datapath/FE_RC_448_0          | A1 v -> ZN v | AND2_X1   | 0.124 |   2.803 |    2.947 | 
     | datapath/FE_RC_447_0          | A v -> ZN ^  | AOI211_X2 | 0.318 |   3.121 |    3.265 | 
     | datapath/g16081               | A1 ^ -> ZN ^ | AND2_X1   | 0.168 |   3.289 |    3.433 | 
     | datapath/g16079               | A1 ^ -> ZN ^ | OR2_X4    | 0.093 |   3.382 |    3.526 | 
     | g1059                         | A1 ^ -> ZN ^ | AND2_X2   | 0.095 |   3.476 |    3.621 | 
     | datapath/FE_OFC614_IFID_flush | A ^ -> ZN v  | INV_X2    | 0.035 |   3.512 |    3.656 | 
     | datapath/FE_OFC671_IFID_flush | A v -> ZN ^  | INV_X8    | 0.160 |   3.672 |    3.816 | 
     | datapath/g35523               | A1 ^ -> ZN v | NOR2_X1   | 0.050 |   3.722 |    3.866 | 
     | datapath/IFID_pc_reg[31]      | D v          | DFFR_X1   | 0.000 |   3.722 |    3.866 | 
     +---------------------------------------------------------------------------------------+ 
Path 44: MET Setup Check with Pin datapath/IFID_instr_reg[28]/CK 
Endpoint:   datapath/IFID_instr_reg[28]/D (v) checked with  leading edge of 
'clk'
Beginpoint: datapath/IFID_instr_reg[20]/Q (^) triggered by  leading edge of 
'clk'
Path Groups: {reg2reg}
Analysis View: WC_VIEW
Other End Arrival Time          0.007
- Setup                         0.140
+ Phase Shift                   4.100
+ CPPR Adjustment               0.000
- Uncertainty                   0.100
= Required Time                 3.866
- Arrival Time                  3.721
= Slack Time                    0.145
     Clock Rise Edge                 0.000
     + Clock Network Latency (Prop)  -0.006
     = Beginpoint Arrival Time       -0.006
     +---------------------------------------------------------------------------------------+ 
     |           Instance            |     Arc      |   Cell    | Delay | Arrival | Required | 
     |                               |              |           |       |  Time   |   Time   | 
     |-------------------------------+--------------+-----------+-------+---------+----------| 
     | datapath/IFID_instr_reg[20]   | CK ^         |           |       |  -0.006 |    0.139 | 
     | datapath/IFID_instr_reg[20]   | CK ^ -> Q ^  | DFFR_X1   | 0.421 |   0.415 |    0.560 | 
     | datapath/FE_OFC254_IFID_rs2_0 | A ^ -> Z ^   | CLKBUF_X1 | 0.336 |   0.750 |    0.896 | 
     | datapath/g26904               | A ^ -> ZN ^  | XNOR2_X1  | 0.188 |   0.938 |    1.084 | 
     | datapath/g26728               | A1 ^ -> ZN v | NAND4_X1  | 0.121 |   1.059 |    1.205 | 
     | datapath/g26722               | A1 v -> ZN ^ | NOR2_X1   | 0.145 |   1.204 |    1.350 | 
     | datapath/g26699               | A2 ^ -> ZN v | NOR2_X1   | 0.046 |   1.250 |    1.395 | 
     | datapath/g26648               | A1 v -> ZN v | OR2_X2    | 0.203 |   1.452 |    1.598 | 
     | datapath/FE_OFC620_n_780      | A v -> ZN ^  | INV_X4    | 0.125 |   1.578 |    1.723 | 
     | datapath/FE_OFC621_n_780      | A ^ -> ZN v  | INV_X1    | 0.117 |   1.695 |    1.841 | 
     | datapath/g26366               | B1 v -> ZN ^ | OAI221_X1 | 0.251 |   1.946 |    2.091 | 
     | datapath/LT_TC_OP_g1841       | A ^ -> ZN v  | INV_X1    | 0.060 |   2.006 |    2.151 | 
     | datapath/LT_TC_OP_g1819       | A2 v -> ZN ^ | NOR2_X1   | 0.155 |   2.160 |    2.306 | 
     | datapath/LT_TC_OP_g1779       | A1 ^ -> ZN v | NOR3_X1   | 0.044 |   2.204 |    2.350 | 
     | datapath/LT_TC_OP_g1752       | A v -> ZN ^  | AOI221_X1 | 0.327 |   2.531 |    2.677 | 
     | datapath/LT_TC_OP_g1749       | B1 ^ -> ZN v | OAI221_X1 | 0.148 |   2.679 |    2.825 | 
     | datapath/FE_RC_448_0          | A1 v -> ZN v | AND2_X1   | 0.124 |   2.803 |    2.949 | 
     | datapath/FE_RC_447_0          | A v -> ZN ^  | AOI211_X2 | 0.318 |   3.121 |    3.266 | 
     | datapath/g16081               | A1 ^ -> ZN ^ | AND2_X1   | 0.168 |   3.289 |    3.435 | 
     | datapath/g16079               | A1 ^ -> ZN ^ | OR2_X4    | 0.093 |   3.382 |    3.527 | 
     | g1059                         | A1 ^ -> ZN ^ | AND2_X2   | 0.095 |   3.476 |    3.622 | 
     | datapath/FE_OFC614_IFID_flush | A ^ -> ZN v  | INV_X2    | 0.035 |   3.512 |    3.657 | 
     | datapath/FE_OFC671_IFID_flush | A v -> ZN ^  | INV_X8    | 0.160 |   3.672 |    3.817 | 
     | datapath/g35463               | A1 ^ -> ZN v | NOR2_X1   | 0.049 |   3.721 |    3.866 | 
     | datapath/IFID_instr_reg[28]   | D v          | DFFR_X1   | 0.000 |   3.721 |    3.866 | 
     +---------------------------------------------------------------------------------------+ 
Path 45: MET Setup Check with Pin datapath/IFID_instr_reg[29]/CK 
Endpoint:   datapath/IFID_instr_reg[29]/D (v) checked with  leading edge of 
'clk'
Beginpoint: datapath/IFID_instr_reg[20]/Q (^) triggered by  leading edge of 
'clk'
Path Groups: {reg2reg}
Analysis View: WC_VIEW
Other End Arrival Time          0.006
- Setup                         0.140
+ Phase Shift                   4.100
+ CPPR Adjustment               0.000
- Uncertainty                   0.100
= Required Time                 3.866
- Arrival Time                  3.720
= Slack Time                    0.146
     Clock Rise Edge                 0.000
     + Clock Network Latency (Prop)  -0.006
     = Beginpoint Arrival Time       -0.006
     +---------------------------------------------------------------------------------------+ 
     |           Instance            |     Arc      |   Cell    | Delay | Arrival | Required | 
     |                               |              |           |       |  Time   |   Time   | 
     |-------------------------------+--------------+-----------+-------+---------+----------| 
     | datapath/IFID_instr_reg[20]   | CK ^         |           |       |  -0.006 |    0.139 | 
     | datapath/IFID_instr_reg[20]   | CK ^ -> Q ^  | DFFR_X1   | 0.421 |   0.415 |    0.560 | 
     | datapath/FE_OFC254_IFID_rs2_0 | A ^ -> Z ^   | CLKBUF_X1 | 0.336 |   0.750 |    0.896 | 
     | datapath/g26904               | A ^ -> ZN ^  | XNOR2_X1  | 0.188 |   0.938 |    1.084 | 
     | datapath/g26728               | A1 ^ -> ZN v | NAND4_X1  | 0.121 |   1.059 |    1.205 | 
     | datapath/g26722               | A1 v -> ZN ^ | NOR2_X1   | 0.145 |   1.204 |    1.350 | 
     | datapath/g26699               | A2 ^ -> ZN v | NOR2_X1   | 0.046 |   1.250 |    1.396 | 
     | datapath/g26648               | A1 v -> ZN v | OR2_X2    | 0.203 |   1.452 |    1.598 | 
     | datapath/FE_OFC620_n_780      | A v -> ZN ^  | INV_X4    | 0.125 |   1.578 |    1.724 | 
     | datapath/FE_OFC621_n_780      | A ^ -> ZN v  | INV_X1    | 0.117 |   1.695 |    1.841 | 
     | datapath/g26366               | B1 v -> ZN ^ | OAI221_X1 | 0.251 |   1.946 |    2.092 | 
     | datapath/LT_TC_OP_g1841       | A ^ -> ZN v  | INV_X1    | 0.060 |   2.006 |    2.152 | 
     | datapath/LT_TC_OP_g1819       | A2 v -> ZN ^ | NOR2_X1   | 0.155 |   2.160 |    2.306 | 
     | datapath/LT_TC_OP_g1779       | A1 ^ -> ZN v | NOR3_X1   | 0.044 |   2.204 |    2.350 | 
     | datapath/LT_TC_OP_g1752       | A v -> ZN ^  | AOI221_X1 | 0.327 |   2.531 |    2.677 | 
     | datapath/LT_TC_OP_g1749       | B1 ^ -> ZN v | OAI221_X1 | 0.148 |   2.679 |    2.825 | 
     | datapath/FE_RC_448_0          | A1 v -> ZN v | AND2_X1   | 0.124 |   2.803 |    2.949 | 
     | datapath/FE_RC_447_0          | A v -> ZN ^  | AOI211_X2 | 0.318 |   3.121 |    3.267 | 
     | datapath/g16081               | A1 ^ -> ZN ^ | AND2_X1   | 0.168 |   3.289 |    3.435 | 
     | datapath/g16079               | A1 ^ -> ZN ^ | OR2_X4    | 0.093 |   3.382 |    3.528 | 
     | g1059                         | A1 ^ -> ZN ^ | AND2_X2   | 0.095 |   3.476 |    3.622 | 
     | datapath/FE_OFC614_IFID_flush | A ^ -> ZN v  | INV_X2    | 0.035 |   3.512 |    3.658 | 
     | datapath/FE_OFC671_IFID_flush | A v -> ZN ^  | INV_X8    | 0.160 |   3.672 |    3.818 | 
     | datapath/g35464               | A1 ^ -> ZN v | NOR2_X1   | 0.048 |   3.720 |    3.866 | 
     | datapath/IFID_instr_reg[29]   | D v          | DFFR_X1   | 0.000 |   3.720 |    3.866 | 
     +---------------------------------------------------------------------------------------+ 
Path 46: MET Setup Check with Pin datapath/IFID_instr_reg[25]/CK 
Endpoint:   datapath/IFID_instr_reg[25]/D (v) checked with  leading edge of 
'clk'
Beginpoint: datapath/IFID_instr_reg[20]/Q (^) triggered by  leading edge of 
'clk'
Path Groups: {reg2reg}
Analysis View: WC_VIEW
Other End Arrival Time          0.006
- Setup                         0.140
+ Phase Shift                   4.100
+ CPPR Adjustment               0.000
- Uncertainty                   0.100
= Required Time                 3.866
- Arrival Time                  3.719
= Slack Time                    0.147
     Clock Rise Edge                 0.000
     + Clock Network Latency (Prop)  -0.006
     = Beginpoint Arrival Time       -0.006
     +---------------------------------------------------------------------------------------+ 
     |           Instance            |     Arc      |   Cell    | Delay | Arrival | Required | 
     |                               |              |           |       |  Time   |   Time   | 
     |-------------------------------+--------------+-----------+-------+---------+----------| 
     | datapath/IFID_instr_reg[20]   | CK ^         |           |       |  -0.006 |    0.140 | 
     | datapath/IFID_instr_reg[20]   | CK ^ -> Q ^  | DFFR_X1   | 0.421 |   0.415 |    0.561 | 
     | datapath/FE_OFC254_IFID_rs2_0 | A ^ -> Z ^   | CLKBUF_X1 | 0.336 |   0.750 |    0.897 | 
     | datapath/g26904               | A ^ -> ZN ^  | XNOR2_X1  | 0.188 |   0.938 |    1.085 | 
     | datapath/g26728               | A1 ^ -> ZN v | NAND4_X1  | 0.121 |   1.059 |    1.206 | 
     | datapath/g26722               | A1 v -> ZN ^ | NOR2_X1   | 0.145 |   1.204 |    1.351 | 
     | datapath/g26699               | A2 ^ -> ZN v | NOR2_X1   | 0.046 |   1.250 |    1.397 | 
     | datapath/g26648               | A1 v -> ZN v | OR2_X2    | 0.203 |   1.452 |    1.599 | 
     | datapath/FE_OFC620_n_780      | A v -> ZN ^  | INV_X4    | 0.125 |   1.578 |    1.725 | 
     | datapath/FE_OFC621_n_780      | A ^ -> ZN v  | INV_X1    | 0.117 |   1.695 |    1.842 | 
     | datapath/g26366               | B1 v -> ZN ^ | OAI221_X1 | 0.251 |   1.946 |    2.093 | 
     | datapath/LT_TC_OP_g1841       | A ^ -> ZN v  | INV_X1    | 0.060 |   2.006 |    2.153 | 
     | datapath/LT_TC_OP_g1819       | A2 v -> ZN ^ | NOR2_X1   | 0.155 |   2.160 |    2.307 | 
     | datapath/LT_TC_OP_g1779       | A1 ^ -> ZN v | NOR3_X1   | 0.044 |   2.204 |    2.351 | 
     | datapath/LT_TC_OP_g1752       | A v -> ZN ^  | AOI221_X1 | 0.327 |   2.531 |    2.678 | 
     | datapath/LT_TC_OP_g1749       | B1 ^ -> ZN v | OAI221_X1 | 0.148 |   2.679 |    2.826 | 
     | datapath/FE_RC_448_0          | A1 v -> ZN v | AND2_X1   | 0.124 |   2.803 |    2.950 | 
     | datapath/FE_RC_447_0          | A v -> ZN ^  | AOI211_X2 | 0.318 |   3.121 |    3.268 | 
     | datapath/g16081               | A1 ^ -> ZN ^ | AND2_X1   | 0.168 |   3.289 |    3.436 | 
     | datapath/g16079               | A1 ^ -> ZN ^ | OR2_X4    | 0.093 |   3.382 |    3.529 | 
     | g1059                         | A1 ^ -> ZN ^ | AND2_X2   | 0.095 |   3.476 |    3.623 | 
     | datapath/FE_OFC614_IFID_flush | A ^ -> ZN v  | INV_X2    | 0.035 |   3.512 |    3.659 | 
     | datapath/FE_OFC671_IFID_flush | A v -> ZN ^  | INV_X8    | 0.160 |   3.672 |    3.819 | 
     | datapath/g35459               | A1 ^ -> ZN v | NOR2_X1   | 0.047 |   3.719 |    3.866 | 
     | datapath/IFID_instr_reg[25]   | D v          | DFFR_X1   | 0.000 |   3.719 |    3.866 | 
     +---------------------------------------------------------------------------------------+ 
Path 47: MET Setup Check with Pin datapath/IFID_pc_reg[30]/CK 
Endpoint:   datapath/IFID_pc_reg[30]/D    (v) checked with  leading edge of 
'clk'
Beginpoint: datapath/IFID_instr_reg[20]/Q (^) triggered by  leading edge of 
'clk'
Path Groups: {reg2reg}
Analysis View: WC_VIEW
Other End Arrival Time          0.007
- Setup                         0.140
+ Phase Shift                   4.100
+ CPPR Adjustment               0.000
- Uncertainty                   0.100
= Required Time                 3.867
- Arrival Time                  3.720
= Slack Time                    0.147
     Clock Rise Edge                 0.000
     + Clock Network Latency (Prop)  -0.006
     = Beginpoint Arrival Time       -0.006
     +---------------------------------------------------------------------------------------+ 
     |           Instance            |     Arc      |   Cell    | Delay | Arrival | Required | 
     |                               |              |           |       |  Time   |   Time   | 
     |-------------------------------+--------------+-----------+-------+---------+----------| 
     | datapath/IFID_instr_reg[20]   | CK ^         |           |       |  -0.006 |    0.141 | 
     | datapath/IFID_instr_reg[20]   | CK ^ -> Q ^  | DFFR_X1   | 0.421 |   0.415 |    0.562 | 
     | datapath/FE_OFC254_IFID_rs2_0 | A ^ -> Z ^   | CLKBUF_X1 | 0.336 |   0.750 |    0.897 | 
     | datapath/g26904               | A ^ -> ZN ^  | XNOR2_X1  | 0.188 |   0.938 |    1.085 | 
     | datapath/g26728               | A1 ^ -> ZN v | NAND4_X1  | 0.121 |   1.059 |    1.206 | 
     | datapath/g26722               | A1 v -> ZN ^ | NOR2_X1   | 0.145 |   1.204 |    1.351 | 
     | datapath/g26699               | A2 ^ -> ZN v | NOR2_X1   | 0.046 |   1.250 |    1.397 | 
     | datapath/g26648               | A1 v -> ZN v | OR2_X2    | 0.203 |   1.452 |    1.599 | 
     | datapath/FE_OFC620_n_780      | A v -> ZN ^  | INV_X4    | 0.125 |   1.578 |    1.725 | 
     | datapath/FE_OFC621_n_780      | A ^ -> ZN v  | INV_X1    | 0.117 |   1.695 |    1.842 | 
     | datapath/g26366               | B1 v -> ZN ^ | OAI221_X1 | 0.251 |   1.946 |    2.093 | 
     | datapath/LT_TC_OP_g1841       | A ^ -> ZN v  | INV_X1    | 0.060 |   2.006 |    2.153 | 
     | datapath/LT_TC_OP_g1819       | A2 v -> ZN ^ | NOR2_X1   | 0.155 |   2.160 |    2.307 | 
     | datapath/LT_TC_OP_g1779       | A1 ^ -> ZN v | NOR3_X1   | 0.044 |   2.204 |    2.351 | 
     | datapath/LT_TC_OP_g1752       | A v -> ZN ^  | AOI221_X1 | 0.327 |   2.531 |    2.678 | 
     | datapath/LT_TC_OP_g1749       | B1 ^ -> ZN v | OAI221_X1 | 0.148 |   2.679 |    2.826 | 
     | datapath/FE_RC_448_0          | A1 v -> ZN v | AND2_X1   | 0.124 |   2.803 |    2.950 | 
     | datapath/FE_RC_447_0          | A v -> ZN ^  | AOI211_X2 | 0.318 |   3.121 |    3.268 | 
     | datapath/g16081               | A1 ^ -> ZN ^ | AND2_X1   | 0.168 |   3.289 |    3.436 | 
     | datapath/g16079               | A1 ^ -> ZN ^ | OR2_X4    | 0.093 |   3.382 |    3.529 | 
     | g1059                         | A1 ^ -> ZN ^ | AND2_X2   | 0.095 |   3.476 |    3.623 | 
     | datapath/FE_OFC614_IFID_flush | A ^ -> ZN v  | INV_X2    | 0.035 |   3.512 |    3.659 | 
     | datapath/FE_OFC671_IFID_flush | A v -> ZN ^  | INV_X8    | 0.160 |   3.672 |    3.819 | 
     | datapath/g35522               | A1 ^ -> ZN v | NOR2_X1   | 0.047 |   3.720 |    3.867 | 
     | datapath/IFID_pc_reg[30]      | D v          | DFFR_X1   | 0.000 |   3.720 |    3.867 | 
     +---------------------------------------------------------------------------------------+ 
Path 48: MET Setup Check with Pin datapath/IFID_pc_reg[9]/CK 
Endpoint:   datapath/IFID_pc_reg[9]/D     (v) checked with  leading edge of 
'clk'
Beginpoint: datapath/IFID_instr_reg[20]/Q (^) triggered by  leading edge of 
'clk'
Path Groups: {reg2reg}
Analysis View: WC_VIEW
Other End Arrival Time          0.006
- Setup                         0.140
+ Phase Shift                   4.100
+ CPPR Adjustment               0.000
- Uncertainty                   0.100
= Required Time                 3.866
- Arrival Time                  3.719
= Slack Time                    0.147
     Clock Rise Edge                 0.000
     + Clock Network Latency (Prop)  -0.006
     = Beginpoint Arrival Time       -0.006
     +---------------------------------------------------------------------------------------+ 
     |           Instance            |     Arc      |   Cell    | Delay | Arrival | Required | 
     |                               |              |           |       |  Time   |   Time   | 
     |-------------------------------+--------------+-----------+-------+---------+----------| 
     | datapath/IFID_instr_reg[20]   | CK ^         |           |       |  -0.006 |    0.141 | 
     | datapath/IFID_instr_reg[20]   | CK ^ -> Q ^  | DFFR_X1   | 0.421 |   0.415 |    0.562 | 
     | datapath/FE_OFC254_IFID_rs2_0 | A ^ -> Z ^   | CLKBUF_X1 | 0.336 |   0.750 |    0.898 | 
     | datapath/g26904               | A ^ -> ZN ^  | XNOR2_X1  | 0.188 |   0.938 |    1.086 | 
     | datapath/g26728               | A1 ^ -> ZN v | NAND4_X1  | 0.121 |   1.059 |    1.207 | 
     | datapath/g26722               | A1 v -> ZN ^ | NOR2_X1   | 0.145 |   1.204 |    1.351 | 
     | datapath/g26699               | A2 ^ -> ZN v | NOR2_X1   | 0.046 |   1.250 |    1.397 | 
     | datapath/g26648               | A1 v -> ZN v | OR2_X2    | 0.203 |   1.452 |    1.600 | 
     | datapath/FE_OFC620_n_780      | A v -> ZN ^  | INV_X4    | 0.125 |   1.578 |    1.725 | 
     | datapath/FE_OFC621_n_780      | A ^ -> ZN v  | INV_X1    | 0.117 |   1.695 |    1.843 | 
     | datapath/g26366               | B1 v -> ZN ^ | OAI221_X1 | 0.251 |   1.946 |    2.093 | 
     | datapath/LT_TC_OP_g1841       | A ^ -> ZN v  | INV_X1    | 0.060 |   2.006 |    2.153 | 
     | datapath/LT_TC_OP_g1819       | A2 v -> ZN ^ | NOR2_X1   | 0.155 |   2.160 |    2.308 | 
     | datapath/LT_TC_OP_g1779       | A1 ^ -> ZN v | NOR3_X1   | 0.044 |   2.204 |    2.352 | 
     | datapath/LT_TC_OP_g1752       | A v -> ZN ^  | AOI221_X1 | 0.327 |   2.531 |    2.679 | 
     | datapath/LT_TC_OP_g1749       | B1 ^ -> ZN v | OAI221_X1 | 0.148 |   2.679 |    2.827 | 
     | datapath/FE_RC_448_0          | A1 v -> ZN v | AND2_X1   | 0.124 |   2.803 |    2.951 | 
     | datapath/FE_RC_447_0          | A v -> ZN ^  | AOI211_X2 | 0.318 |   3.121 |    3.268 | 
     | datapath/g16081               | A1 ^ -> ZN ^ | AND2_X1   | 0.168 |   3.289 |    3.436 | 
     | datapath/g16079               | A1 ^ -> ZN ^ | OR2_X4    | 0.093 |   3.382 |    3.529 | 
     | g1059                         | A1 ^ -> ZN ^ | AND2_X2   | 0.095 |   3.476 |    3.624 | 
     | datapath/FE_OFC614_IFID_flush | A ^ -> ZN v  | INV_X2    | 0.035 |   3.512 |    3.659 | 
     | datapath/FE_OFC671_IFID_flush | A v -> ZN ^  | INV_X8    | 0.160 |   3.672 |    3.819 | 
     | datapath/g35505               | A1 ^ -> ZN v | NOR2_X1   | 0.047 |   3.719 |    3.866 | 
     | datapath/IFID_pc_reg[9]       | D v          | DFFR_X1   | 0.000 |   3.719 |    3.866 | 
     +---------------------------------------------------------------------------------------+ 
Path 49: MET Setup Check with Pin datapath/IFID_pc_reg[8]/CK 
Endpoint:   datapath/IFID_pc_reg[8]/D     (v) checked with  leading edge of 
'clk'
Beginpoint: datapath/IFID_instr_reg[20]/Q (^) triggered by  leading edge of 
'clk'
Path Groups: {reg2reg}
Analysis View: WC_VIEW
Other End Arrival Time          0.006
- Setup                         0.140
+ Phase Shift                   4.100
+ CPPR Adjustment               0.000
- Uncertainty                   0.100
= Required Time                 3.866
- Arrival Time                  3.717
= Slack Time                    0.149
     Clock Rise Edge                 0.000
     + Clock Network Latency (Prop)  -0.006
     = Beginpoint Arrival Time       -0.006
     +---------------------------------------------------------------------------------------+ 
     |           Instance            |     Arc      |   Cell    | Delay | Arrival | Required | 
     |                               |              |           |       |  Time   |   Time   | 
     |-------------------------------+--------------+-----------+-------+---------+----------| 
     | datapath/IFID_instr_reg[20]   | CK ^         |           |       |  -0.006 |    0.143 | 
     | datapath/IFID_instr_reg[20]   | CK ^ -> Q ^  | DFFR_X1   | 0.421 |   0.415 |    0.564 | 
     | datapath/FE_OFC254_IFID_rs2_0 | A ^ -> Z ^   | CLKBUF_X1 | 0.336 |   0.750 |    0.900 | 
     | datapath/g26904               | A ^ -> ZN ^  | XNOR2_X1  | 0.188 |   0.938 |    1.088 | 
     | datapath/g26728               | A1 ^ -> ZN v | NAND4_X1  | 0.121 |   1.059 |    1.209 | 
     | datapath/g26722               | A1 v -> ZN ^ | NOR2_X1   | 0.145 |   1.204 |    1.354 | 
     | datapath/g26699               | A2 ^ -> ZN v | NOR2_X1   | 0.046 |   1.250 |    1.399 | 
     | datapath/g26648               | A1 v -> ZN v | OR2_X2    | 0.203 |   1.452 |    1.602 | 
     | datapath/FE_OFC620_n_780      | A v -> ZN ^  | INV_X4    | 0.125 |   1.578 |    1.727 | 
     | datapath/FE_OFC621_n_780      | A ^ -> ZN v  | INV_X1    | 0.117 |   1.695 |    1.845 | 
     | datapath/g26366               | B1 v -> ZN ^ | OAI221_X1 | 0.251 |   1.946 |    2.096 | 
     | datapath/LT_TC_OP_g1841       | A ^ -> ZN v  | INV_X1    | 0.060 |   2.006 |    2.155 | 
     | datapath/LT_TC_OP_g1819       | A2 v -> ZN ^ | NOR2_X1   | 0.155 |   2.160 |    2.310 | 
     | datapath/LT_TC_OP_g1779       | A1 ^ -> ZN v | NOR3_X1   | 0.044 |   2.204 |    2.354 | 
     | datapath/LT_TC_OP_g1752       | A v -> ZN ^  | AOI221_X1 | 0.327 |   2.531 |    2.681 | 
     | datapath/LT_TC_OP_g1749       | B1 ^ -> ZN v | OAI221_X1 | 0.148 |   2.679 |    2.829 | 
     | datapath/FE_RC_448_0          | A1 v -> ZN v | AND2_X1   | 0.124 |   2.803 |    2.953 | 
     | datapath/FE_RC_447_0          | A v -> ZN ^  | AOI211_X2 | 0.318 |   3.121 |    3.270 | 
     | datapath/g16081               | A1 ^ -> ZN ^ | AND2_X1   | 0.168 |   3.289 |    3.439 | 
     | datapath/g16079               | A1 ^ -> ZN ^ | OR2_X4    | 0.093 |   3.382 |    3.531 | 
     | g1059                         | A1 ^ -> ZN ^ | AND2_X2   | 0.095 |   3.476 |    3.626 | 
     | datapath/FE_OFC614_IFID_flush | A ^ -> ZN v  | INV_X2    | 0.035 |   3.512 |    3.661 | 
     | datapath/FE_OFC671_IFID_flush | A v -> ZN ^  | INV_X8    | 0.160 |   3.672 |    3.822 | 
     | datapath/g35504               | A1 ^ -> ZN v | NOR2_X1   | 0.044 |   3.717 |    3.866 | 
     | datapath/IFID_pc_reg[8]       | D v          | DFFR_X1   | 0.000 |   3.717 |    3.866 | 
     +---------------------------------------------------------------------------------------+ 
Path 50: MET Setup Check with Pin datapath/IFID_instr_reg[14]/CK 
Endpoint:   datapath/IFID_instr_reg[14]/D (v) checked with  leading edge of 
'clk'
Beginpoint: datapath/IFID_instr_reg[20]/Q (^) triggered by  leading edge of 
'clk'
Path Groups: {reg2reg}
Analysis View: WC_VIEW
Other End Arrival Time          0.007
- Setup                         0.136
+ Phase Shift                   4.100
+ CPPR Adjustment               0.000
- Uncertainty                   0.100
= Required Time                 3.871
- Arrival Time                  3.722
= Slack Time                    0.150
     Clock Rise Edge                 0.000
     + Clock Network Latency (Prop)  -0.006
     = Beginpoint Arrival Time       -0.006
     +---------------------------------------------------------------------------------------+ 
     |           Instance            |     Arc      |   Cell    | Delay | Arrival | Required | 
     |                               |              |           |       |  Time   |   Time   | 
     |-------------------------------+--------------+-----------+-------+---------+----------| 
     | datapath/IFID_instr_reg[20]   | CK ^         |           |       |  -0.006 |    0.143 | 
     | datapath/IFID_instr_reg[20]   | CK ^ -> Q ^  | DFFR_X1   | 0.421 |   0.415 |    0.564 | 
     | datapath/FE_OFC254_IFID_rs2_0 | A ^ -> Z ^   | CLKBUF_X1 | 0.336 |   0.750 |    0.900 | 
     | datapath/g26904               | A ^ -> ZN ^  | XNOR2_X1  | 0.188 |   0.938 |    1.088 | 
     | datapath/g26728               | A1 ^ -> ZN v | NAND4_X1  | 0.121 |   1.059 |    1.209 | 
     | datapath/g26722               | A1 v -> ZN ^ | NOR2_X1   | 0.145 |   1.204 |    1.354 | 
     | datapath/g26699               | A2 ^ -> ZN v | NOR2_X1   | 0.046 |   1.250 |    1.400 | 
     | datapath/g26648               | A1 v -> ZN v | OR2_X2    | 0.203 |   1.452 |    1.602 | 
     | datapath/FE_OFC620_n_780      | A v -> ZN ^  | INV_X4    | 0.125 |   1.578 |    1.728 | 
     | datapath/FE_OFC621_n_780      | A ^ -> ZN v  | INV_X1    | 0.117 |   1.695 |    1.845 | 
     | datapath/g26366               | B1 v -> ZN ^ | OAI221_X1 | 0.251 |   1.946 |    2.096 | 
     | datapath/LT_TC_OP_g1841       | A ^ -> ZN v  | INV_X1    | 0.060 |   2.006 |    2.156 | 
     | datapath/LT_TC_OP_g1819       | A2 v -> ZN ^ | NOR2_X1   | 0.155 |   2.160 |    2.310 | 
     | datapath/LT_TC_OP_g1779       | A1 ^ -> ZN v | NOR3_X1   | 0.044 |   2.204 |    2.354 | 
     | datapath/LT_TC_OP_g1752       | A v -> ZN ^  | AOI221_X1 | 0.327 |   2.531 |    2.681 | 
     | datapath/LT_TC_OP_g1749       | B1 ^ -> ZN v | OAI221_X1 | 0.148 |   2.679 |    2.829 | 
     | datapath/FE_RC_448_0          | A1 v -> ZN v | AND2_X1   | 0.124 |   2.803 |    2.953 | 
     | datapath/FE_RC_447_0          | A v -> ZN ^  | AOI211_X2 | 0.318 |   3.121 |    3.271 | 
     | datapath/g16081               | A1 ^ -> ZN ^ | AND2_X1   | 0.168 |   3.289 |    3.439 | 
     | datapath/g16079               | A1 ^ -> ZN ^ | OR2_X4    | 0.093 |   3.382 |    3.532 | 
     | g1059                         | A1 ^ -> ZN ^ | AND2_X2   | 0.095 |   3.476 |    3.626 | 
     | datapath/FE_OFC614_IFID_flush | A ^ -> ZN v  | INV_X2    | 0.035 |   3.512 |    3.662 | 
     | datapath/FE_OFC671_IFID_flush | A v -> ZN ^  | INV_X8    | 0.160 |   3.672 |    3.822 | 
     | datapath/g35511               | A1 ^ -> ZN v | NOR2_X1   | 0.050 |   3.722 |    3.871 | 
     | datapath/IFID_instr_reg[14]   | D v          | DFFR_X1   | 0.000 |   3.722 |    3.871 | 
     +---------------------------------------------------------------------------------------+ 

