###############################################################
#  Generated by:      Cadence Innovus 23.12-s091_1
#  OS:                Linux x86_64(Host ID nanohub-2907946-1)
#  Generated on:      Tue Aug 11 17:58:00 2026
#  Design:            pipelined_cpu_core
#  Command:           report_timing -late  -view RPT_SLOW -max_paths 50 -nworst 1 > reports/40_setup_slow.rpt
###############################################################
Path 1: VIOLATED Setup Check with Pin datapath/IF_pc_reg[31]/CK 
Endpoint:   datapath/IF_pc_reg[31]/D      (^) checked with  leading edge of 
'clk'
Beginpoint: datapath/IFID_instr_reg[1]/QN (v) triggered by  leading edge of 
'clk'
Path Groups: {reg2reg}
Analysis View: RPT_SLOW
Other End Arrival Time          0.526
- Setup                         0.076
+ Phase Shift                   4.100
+ CPPR Adjustment               0.000
- Uncertainty                   0.100
= Required Time                 4.450
- Arrival Time                  4.479
= Slack Time                   -0.029
     Clock Rise Edge                 0.000
     + Clock Network Latency (Prop)  0.516
     = Beginpoint Arrival Time       0.516
     +-----------------------------------------------------------------------------------------------------------+ 
     |                      Instance                      |     Arc      |   Cell   | Delay | Arrival | Required | 
     |                                                    |              |          |       |  Time   |   Time   | 
     |----------------------------------------------------+--------------+----------+-------+---------+----------| 
     | datapath/IFID_instr_reg[1]                         | CK ^         |          |       |   0.516 |    0.487 | 
     | datapath/IFID_instr_reg[1]                         | CK ^ -> QN v | DFFR_X1  | 0.253 |   0.769 |    0.740 | 
     | datapath/g35807                                    | A v -> ZN ^  | INV_X1   | 0.088 |   0.858 |    0.828 | 
     | datapath/immediate_generation/g2                   | A2 ^ -> ZN ^ | AND2_X2  | 0.127 |   0.985 |    0.955 | 
     | datapath/immediate_generation/g3556__6131          | A1 ^ -> ZN ^ | AND4_X1  | 0.197 |   1.182 |    1.153 | 
     | datapath/immediate_generation/g3540__5107          | A1 ^ -> ZN v | NAND2_X1 | 0.048 |   1.230 |    1.200 | 
     | datapath/immediate_generation/g3534__1666          | A2 v -> ZN ^ | NAND2_X1 | 0.112 |   1.341 |    1.312 | 
     | datapath/pc_plus_imm/FA_GEN[2].fa_i/FE_OFC720_IFID | A ^ -> ZN v  | INV_X1   | 0.035 |   1.376 |    1.347 | 
     | _imm_2                                             |              |          |       |         |          | 
     | datapath/pc_plus_imm/FA_GEN[2].fa_i/g157__7098     | A1 v -> ZN ^ | NAND2_X1 | 0.049 |   1.425 |    1.395 | 
     | datapath/pc_plus_imm/FA_GEN[2].fa_i/g155__5122     | A2 ^ -> ZN v | NAND2_X1 | 0.041 |   1.465 |    1.436 | 
     | datapath/pc_plus_imm/FA_GEN[2].fa_i/g153__2802     | A1 v -> ZN ^ | NAND2_X1 | 0.067 |   1.532 |    1.503 | 
     | datapath/pc_plus_imm/FA_GEN[3].fa_i/g155__7482     | A1 ^ -> ZN v | NAND2_X1 | 0.055 |   1.587 |    1.558 | 
     | datapath/pc_plus_imm/FA_GEN[3].fa_i/g153__1881     | A1 v -> ZN ^ | NAND2_X2 | 0.065 |   1.652 |    1.623 | 
     | datapath/pc_plus_imm/FA_GEN[4].fa_i/g155__2346     | A1 ^ -> ZN v | NAND2_X2 | 0.042 |   1.694 |    1.665 | 
     | datapath/pc_plus_imm/FA_GEN[4].fa_i/g153__9945     | A1 v -> ZN ^ | NAND2_X2 | 0.050 |   1.744 |    1.715 | 
     | datapath/pc_plus_imm/FA_GEN[5].fa_i/g155__5107     | A1 ^ -> ZN v | NAND2_X1 | 0.046 |   1.790 |    1.761 | 
     | datapath/pc_plus_imm/FA_GEN[5].fa_i/g153__5477     | A1 v -> ZN ^ | NAND2_X2 | 0.054 |   1.844 |    1.815 | 
     | datapath/pc_plus_imm/FA_GEN[6].fa_i/g155__3680     | A1 ^ -> ZN v | NAND2_X1 | 0.048 |   1.892 |    1.863 | 
     | datapath/pc_plus_imm/FA_GEN[6].fa_i/g153__5526     | A1 v -> ZN ^ | NAND2_X2 | 0.058 |   1.950 |    1.921 | 
     | datapath/pc_plus_imm/FA_GEN[7].fa_i/g155__7098     | A1 ^ -> ZN v | NAND2_X2 | 0.041 |   1.992 |    1.962 | 
     | datapath/pc_plus_imm/FA_GEN[7].fa_i/g153__5122     | A1 v -> ZN ^ | NAND2_X2 | 0.049 |   2.040 |    2.011 | 
     | datapath/pc_plus_imm/FA_GEN[8].fa_i/g155__4733     | A1 ^ -> ZN v | NAND2_X1 | 0.046 |   2.086 |    2.057 | 
     | datapath/pc_plus_imm/FA_GEN[8].fa_i/g153__5115     | A1 v -> ZN ^ | NAND2_X2 | 0.050 |   2.136 |    2.107 | 
     | datapath/pc_plus_imm/FA_GEN[9].fa_i/g155__2346     | A1 ^ -> ZN v | NAND2_X1 | 0.046 |   2.182 |    2.153 | 
     | datapath/pc_plus_imm/FA_GEN[9].fa_i/g153__9945     | A1 v -> ZN ^ | NAND2_X2 | 0.060 |   2.242 |    2.213 | 
     | datapath/pc_plus_imm/FA_GEN[10].fa_i/g137__2398    | A1 ^ -> ZN v | NAND2_X2 | 0.042 |   2.284 |    2.255 | 
     | datapath/pc_plus_imm/FA_GEN[10].fa_i/g135__6417    | A1 v -> ZN ^ | NAND2_X2 | 0.057 |   2.341 |    2.312 | 
     | datapath/pc_plus_imm/FA_GEN[11].fa_i/FE_RC_356_0   | A1 ^ -> ZN v | NAND2_X1 | 0.049 |   2.390 |    2.361 | 
     | datapath/pc_plus_imm/FA_GEN[11].fa_i/g153__4319    | A1 v -> ZN ^ | NAND2_X2 | 0.062 |   2.452 |    2.423 | 
     | datapath/pc_plus_imm/FA_GEN[12].fa_i/g155__2802    | A1 ^ -> ZN v | NAND2_X2 | 0.050 |   2.502 |    2.473 | 
     | datapath/pc_plus_imm/FA_GEN[12].fa_i/g153__3680    | A1 v -> ZN ^ | NAND2_X4 | 0.051 |   2.553 |    2.524 | 
     | datapath/pc_plus_imm/FA_GEN[13].fa_i/g155__6131    | A1 ^ -> ZN v | NAND2_X4 | 0.037 |   2.590 |    2.560 | 
     | datapath/pc_plus_imm/FA_GEN[13].fa_i/g153__8246    | A1 v -> ZN ^ | NAND2_X4 | 0.048 |   2.637 |    2.608 | 
     | datapath/pc_plus_imm/FA_GEN[14].fa_i/g155__6161    | A1 ^ -> ZN v | NAND2_X4 | 0.037 |   2.674 |    2.645 | 
     | datapath/pc_plus_imm/FA_GEN[14].fa_i/g153__7482    | A1 v -> ZN ^ | NAND2_X4 | 0.049 |   2.723 |    2.693 | 
     | datapath/pc_plus_imm/FA_GEN[15].fa_i/g155__1666    | A1 ^ -> ZN v | NAND2_X4 | 0.037 |   2.760 |    2.730 | 
     | datapath/pc_plus_imm/FA_GEN[15].fa_i/g153__2883    | A1 v -> ZN ^ | NAND2_X4 | 0.048 |   2.808 |    2.779 | 
     | datapath/pc_plus_imm/FA_GEN[16].fa_i/g155__5107    | A1 ^ -> ZN v | NAND2_X4 | 0.037 |   2.845 |    2.816 | 
     | datapath/pc_plus_imm/FA_GEN[16].fa_i/g153__5477    | A1 v -> ZN ^ | NAND2_X4 | 0.048 |   2.893 |    2.864 | 
     | datapath/pc_plus_imm/FA_GEN[17].fa_i/g155__6783    | A1 ^ -> ZN v | NAND2_X4 | 0.037 |   2.930 |    2.901 | 
     | datapath/pc_plus_imm/FA_GEN[17].fa_i/g153__8428    | A1 v -> ZN ^ | NAND2_X4 | 0.050 |   2.980 |    2.950 | 
     | datapath/pc_plus_imm/FA_GEN[18].fa_i/g155__5122    | A1 ^ -> ZN v | NAND2_X4 | 0.038 |   3.017 |    2.988 | 
     | datapath/pc_plus_imm/FA_GEN[18].fa_i/g153__2802    | A1 v -> ZN ^ | NAND2_X4 | 0.048 |   3.065 |    3.036 | 
     | datapath/pc_plus_imm/FA_GEN[19].fa_i/g155__5115    | A1 ^ -> ZN v | NAND2_X4 | 0.037 |   3.102 |    3.072 | 
     | datapath/pc_plus_imm/FA_GEN[19].fa_i/g153__6131    | A1 v -> ZN ^ | NAND2_X4 | 0.050 |   3.152 |    3.122 | 
     | datapath/pc_plus_imm/FA_GEN[20].fa_i/g155__9945    | A1 ^ -> ZN v | NAND2_X4 | 0.038 |   3.190 |    3.160 | 
     | datapath/pc_plus_imm/FA_GEN[20].fa_i/g153__6161    | A1 v -> ZN ^ | NAND2_X4 | 0.048 |   3.237 |    3.208 | 
     | datapath/pc_plus_imm/FA_GEN[21].fa_i/g155__6417    | A1 ^ -> ZN v | NAND2_X4 | 0.037 |   3.274 |    3.245 | 
     | datapath/pc_plus_imm/FA_GEN[21].fa_i/g153__1666    | A1 v -> ZN ^ | NAND2_X4 | 0.042 |   3.316 |    3.287 | 
     | datapath/pc_plus_imm/FA_GEN[22].fa_i/g155__4319    | A1 ^ -> ZN v | NAND2_X2 | 0.043 |   3.359 |    3.330 | 
     | datapath/pc_plus_imm/FA_GEN[22].fa_i/g153__5107    | A1 v -> ZN ^ | NAND2_X4 | 0.044 |   3.403 |    3.374 | 
     | datapath/pc_plus_imm/FA_GEN[23].fa_i/g155__1617    | A1 ^ -> ZN v | NAND2_X2 | 0.036 |   3.439 |    3.410 | 
     | datapath/pc_plus_imm/FA_GEN[23].fa_i/g153__6783    | A1 v -> ZN ^ | NAND2_X2 | 0.054 |   3.493 |    3.464 | 
     | datapath/pc_plus_imm/FA_GEN[24].fa_i/g149__7098    | A1 ^ -> ZN v | NAND2_X2 | 0.049 |   3.542 |    3.512 | 
     | datapath/pc_plus_imm/FA_GEN[24].fa_i/g147__5122    | A1 v -> ZN ^ | NAND2_X4 | 0.044 |   3.586 |    3.557 | 
     | datapath/pc_plus_imm/FA_GEN[25].fa_i/g119__4733    | A1 ^ -> ZN v | NAND2_X2 | 0.035 |   3.621 |    3.592 | 
     | datapath/pc_plus_imm/FA_GEN[25].fa_i/g117__5115    | A1 v -> ZN ^ | NAND2_X2 | 0.055 |   3.676 |    3.647 | 
     | datapath/pc_plus_imm/FA_GEN[26].fa_i/g120__2346    | A1 ^ -> ZN v | NAND2_X2 | 0.041 |   3.717 |    3.688 | 
     | datapath/pc_plus_imm/FA_GEN[26].fa_i/g118__9945    | A1 v -> ZN ^ | NAND2_X2 | 0.061 |   3.779 |    3.750 | 
     | datapath/pc_plus_imm/FA_GEN[27].fa_i/g79__5477     | A1 ^ -> ZN v | NAND2_X2 | 0.043 |   3.821 |    3.792 | 
     | datapath/pc_plus_imm/FA_GEN[27].fa_i/g77__6417     | A1 v -> ZN ^ | NAND2_X2 | 0.056 |   3.877 |    3.848 | 
     | datapath/pc_plus_imm/FA_GEN[28].fa_i/g79__8428     | A1 ^ -> ZN v | NAND2_X2 | 0.040 |   3.917 |    3.888 | 
     | datapath/pc_plus_imm/FA_GEN[28].fa_i/g77__4319     | A1 v -> ZN ^ | NAND2_X2 | 0.049 |   3.966 |    3.937 | 
     | datapath/pc_plus_imm/FA_GEN[29].fa_i/g79__2802     | A1 ^ -> ZN v | NAND2_X1 | 0.046 |   4.012 |    3.983 | 
     | datapath/pc_plus_imm/FA_GEN[29].fa_i/g77__1617     | A1 v -> ZN ^ | NAND2_X2 | 0.051 |   4.064 |    4.035 | 
     | datapath/pc_plus_imm/FA_GEN[30].fa_i/g79__6131     | A1 ^ -> ZN v | NAND2_X1 | 0.038 |   4.102 |    4.073 | 
     | datapath/pc_plus_imm/FA_GEN[30].fa_i/g77__7098     | A1 v -> ZN ^ | NAND2_X1 | 0.051 |   4.153 |    4.124 | 
     | datapath/pc_plus_imm/FA_GEN[31].fa_i/g36__4733     | A ^ -> ZN ^  | XNOR2_X1 | 0.119 |   4.272 |    4.243 | 
     | datapath/branch_or_inc_4/g849__6783                | A1 ^ -> ZN v | NAND2_X1 | 0.051 |   4.323 |    4.294 | 
     | datapath/branch_or_inc_4/g816__5107                | A1 v -> ZN ^ | NAND2_X1 | 0.051 |   4.374 |    4.345 | 
     | datapath/g35787                                    | A ^ -> ZN v  | INV_X1   | 0.028 |   4.402 |    4.373 | 
     | datapath/FE_RC_422_0                               | B1 v -> ZN ^ | OAI21_X2 | 0.077 |   4.479 |    4.450 | 
     | datapath/IF_pc_reg[31]                             | D ^          | DFFR_X2  | 0.000 |   4.479 |    4.450 | 
     +-----------------------------------------------------------------------------------------------------------+ 
Path 2: VIOLATED Setup Check with Pin datapath/EXMEM_aluResult_reg[0]/CK 
Endpoint:   datapath/EXMEM_aluResult_reg[0]/D (^) checked with  leading edge of 
'clk'
Beginpoint: datapath/MEMWB_rd_reg[1]/Q        (^) triggered by  leading edge of 
'clk'
Path Groups: {reg2reg}
Analysis View: RPT_SLOW
Other End Arrival Time          0.616
- Setup                         0.072
+ Phase Shift                   4.100
+ CPPR Adjustment               0.000
- Uncertainty                   0.100
= Required Time                 4.544
- Arrival Time                  4.561
= Slack Time                   -0.018
     Clock Rise Edge                 0.000
     + Clock Network Latency (Prop)  0.340
     = Beginpoint Arrival Time       0.340
     +-----------------------------------------------------------------------------------------------------------+ 
     |                      Instance                      |     Arc      |   Cell   | Delay | Arrival | Required | 
     |                                                    |              |          |       |  Time   |   Time   | 
     |----------------------------------------------------+--------------+----------+-------+---------+----------| 
     | datapath/MEMWB_rd_reg[1]                           | CK ^         |          |       |   0.340 |    0.322 | 
     | datapath/MEMWB_rd_reg[1]                           | CK ^ -> Q ^  | DFFRS_X2 | 0.430 |   0.770 |    0.752 | 
     | ALU_forward/FE_RC_32_0                             | A ^ -> ZN v  | INV_X1   | 0.065 |   0.835 |    0.817 | 
     | ALU_forward/FE_RC_390_0                            | A2 v -> ZN ^ | NAND2_X1 | 0.078 |   0.912 |    0.895 | 
     | ALU_forward/FE_RC_389_0                            | A ^ -> ZN v  | OAI21_X2 | 0.050 |   0.963 |    0.945 | 
     | ALU_forward/FE_RC_171_0                            | A3 v -> ZN ^ | NAND3_X1 | 0.071 |   1.033 |    1.016 | 
     | ALU_forward/FE_RC_172_0                            | A ^ -> ZN v  | INV_X1   | 0.034 |   1.067 |    1.049 | 
     | ALU_forward/FE_RC_111_0                            | A1 v -> ZN ^ | NAND3_X2 | 0.064 |   1.131 |    1.114 | 
     | ALU_forward/FE_RC_63_0                             | A ^ -> ZN v  | INV_X4   | 0.042 |   1.173 |    1.156 | 
     | datapath/g27153                                    | A1 v -> ZN ^ | NOR2_X2  | 0.089 |   1.262 |    1.244 | 
     | datapath/FE_OFC307_n_616                           | A ^ -> ZN v  | INV_X1   | 0.057 |   1.319 |    1.301 | 
     | datapath/FE_OFC698_n_515                           | A v -> ZN ^  | INV_X1   | 0.047 |   1.365 |    1.348 | 
     | datapath/FE_RC_65_0                                | A1 ^ -> ZN v | NAND2_X1 | 0.044 |   1.410 |    1.392 | 
     | datapath/FE_RC_425_0                               | A1 v -> ZN ^ | NAND3_X1 | 0.122 |   1.532 |    1.514 | 
     | datapath/ALU_ALU_GEN[2].slice_i_bitAdder/FE_RC_308 | A1 ^ -> ZN v | NAND2_X2 | 0.070 |   1.601 |    1.584 | 
     | _0                                                 |              |          |       |         |          | 
     | datapath/ALU_ALU_GEN[2].slice_i_bitAdder/FE_RC_305 | A2 v -> ZN ^ | NAND2_X4 | 0.066 |   1.667 |    1.650 | 
     | _0                                                 |              |          |       |         |          | 
     | datapath/ALU_ALU_GEN[3].slice_i_bitAdder/g155__239 | A1 ^ -> ZN v | NAND2_X4 | 0.036 |   1.703 |    1.685 | 
     | 8                                                  |              |          |       |         |          | 
     | datapath/ALU_ALU_GEN[3].slice_i_bitAdder/g153__641 | A1 v -> ZN ^ | NAND2_X4 | 0.044 |   1.747 |    1.729 | 
     | 7                                                  |              |          |       |         |          | 
     | datapath/ALU_ALU_GEN[4].slice_i_bitAdder/FE_RC_413 | A1 ^ -> ZN v | NAND2_X4 | 0.035 |   1.782 |    1.765 | 
     | _0                                                 |              |          |       |         |          | 
     | datapath/ALU_ALU_GEN[4].slice_i_bitAdder/FE_RC_412 | A1 v -> ZN ^ | NAND2_X4 | 0.047 |   1.830 |    1.812 | 
     | _0                                                 |              |          |       |         |          | 
     | datapath/ALU_ALU_GEN[5].slice_i_bitAdder/FE_RC_317 | A1 ^ -> ZN v | NAND2_X4 | 0.037 |   1.867 |    1.849 | 
     | _0                                                 |              |          |       |         |          | 
     | datapath/ALU_ALU_GEN[5].slice_i_bitAdder/FE_RC_316 | A1 v -> ZN ^ | NAND2_X4 | 0.047 |   1.914 |    1.896 | 
     | _0                                                 |              |          |       |         |          | 
     | datapath/ALU_ALU_GEN[6].slice_i_bitAdder/g155__547 | A1 ^ -> ZN v | NAND2_X4 | 0.037 |   1.951 |    1.933 | 
     | 7                                                  |              |          |       |         |          | 
     | datapath/ALU_ALU_GEN[6].slice_i_bitAdder/g153__741 | A1 v -> ZN ^ | NAND2_X4 | 0.045 |   1.995 |    1.978 | 
     | 0                                                  |              |          |       |         |          | 
     | datapath/ALU_ALU_GEN[7].slice_i_bitAdder/g155__161 | A1 ^ -> ZN v | NAND2_X4 | 0.036 |   2.031 |    2.013 | 
     | 7                                                  |              |          |       |         |          | 
     | datapath/ALU_ALU_GEN[7].slice_i_bitAdder/g153__678 | A1 v -> ZN ^ | NAND2_X4 | 0.045 |   2.076 |    2.058 | 
     | 3                                                  |              |          |       |         |          | 
     | datapath/ALU_ALU_GEN[8].slice_i_bitAdder/g155__511 | A1 ^ -> ZN v | NAND2_X4 | 0.036 |   2.112 |    2.094 | 
     | 5                                                  |              |          |       |         |          | 
     | datapath/ALU_ALU_GEN[8].slice_i_bitAdder/g153__613 | A1 v -> ZN ^ | NAND2_X4 | 0.044 |   2.156 |    2.138 | 
     | 1                                                  |              |          |       |         |          | 
     | datapath/ALU_ALU_GEN[9].slice_i_bitAdder/g137__166 | A1 ^ -> ZN v | NAND2_X4 | 0.035 |   2.191 |    2.174 | 
     | 6                                                  |              |          |       |         |          | 
     | datapath/ALU_ALU_GEN[9].slice_i_bitAdder/g135__288 | A1 v -> ZN ^ | NAND2_X4 | 0.047 |   2.239 |    2.221 | 
     | 3                                                  |              |          |       |         |          | 
     | datapath/ALU_ALU_GEN[10].slice_i_bitAdder/g146__84 | A1 ^ -> ZN v | NAND2_X4 | 0.037 |   2.275 |    2.258 | 
     | 28                                                 |              |          |       |         |          | 
     | datapath/ALU_ALU_GEN[10].slice_i_bitAdder/g144__62 | A1 v -> ZN ^ | NAND2_X4 | 0.054 |   2.329 |    2.311 | 
     | 60                                                 |              |          |       |         |          | 
     | datapath/ALU_ALU_GEN[11].slice_i_bitAdder/FE_RC_40 | A1 ^ -> ZN v | NAND2_X4 | 0.039 |   2.368 |    2.350 | 
     | 4_0                                                |              |          |       |         |          | 
     | datapath/ALU_ALU_GEN[11].slice_i_bitAdder/FE_RC_40 | A1 v -> ZN ^ | NAND2_X4 | 0.046 |   2.414 |    2.397 | 
     | 3_0                                                |              |          |       |         |          | 
     | datapath/ALU_ALU_GEN[12].slice_i_bitAdder/g155__93 | A1 ^ -> ZN v | NAND2_X4 | 0.036 |   2.450 |    2.433 | 
     | 15                                                 |              |          |       |         |          | 
     | datapath/ALU_ALU_GEN[12].slice_i_bitAdder/g153__47 | A1 v -> ZN ^ | NAND2_X4 | 0.046 |   2.496 |    2.479 | 
     | 33                                                 |              |          |       |         |          | 
     | datapath/ALU_ALU_GEN[13].slice_i_bitAdder/FE_RC_79 | A1 ^ -> ZN v | NAND2_X4 | 0.035 |   2.531 |    2.514 | 
     | _0                                                 |              |          |       |         |          | 
     | datapath/ALU_ALU_GEN[13].slice_i_bitAdder/FE_RC_78 | A1 v -> ZN ^ | NAND2_X4 | 0.051 |   2.582 |    2.565 | 
     | _0                                                 |              |          |       |         |          | 
     | datapath/ALU_ALU_GEN[14].slice_i_bitAdder/g155__16 | A1 ^ -> ZN v | NAND2_X4 | 0.038 |   2.620 |    2.603 | 
     | 17                                                 |              |          |       |         |          | 
     | datapath/ALU_ALU_GEN[14].slice_i_bitAdder/g153__67 | A1 v -> ZN ^ | NAND2_X4 | 0.046 |   2.667 |    2.649 | 
     | 83                                                 |              |          |       |         |          | 
     | datapath/ALU_ALU_GEN[15].slice_i_bitAdder/g155__51 | A1 ^ -> ZN v | NAND2_X4 | 0.036 |   2.703 |    2.685 | 
     | 15                                                 |              |          |       |         |          | 
     | datapath/ALU_ALU_GEN[15].slice_i_bitAdder/g153__61 | A1 v -> ZN ^ | NAND2_X4 | 0.058 |   2.761 |    2.743 | 
     | 31                                                 |              |          |       |         |          | 
     | datapath/ALU_ALU_GEN[16].slice_i_bitAdder/g158__16 | A1 ^ -> ZN v | NAND2_X4 | 0.041 |   2.802 |    2.785 | 
     | 66                                                 |              |          |       |         |          | 
     | datapath/ALU_ALU_GEN[16].slice_i_bitAdder/g156__28 | A1 v -> ZN ^ | NAND2_X4 | 0.047 |   2.849 |    2.831 | 
     | 83                                                 |              |          |       |         |          | 
     | datapath/ALU_ALU_GEN[17].slice_i_bitAdder/g155__84 | A1 ^ -> ZN v | NAND2_X4 | 0.036 |   2.884 |    2.867 | 
     | 28                                                 |              |          |       |         |          | 
     | datapath/ALU_ALU_GEN[17].slice_i_bitAdder/g153__62 | A1 v -> ZN ^ | NAND2_X4 | 0.046 |   2.930 |    2.913 | 
     | 60                                                 |              |          |       |         |          | 
     | datapath/ALU_ALU_GEN[18].slice_i_bitAdder/g158__82 | A1 ^ -> ZN v | NAND2_X4 | 0.035 |   2.966 |    2.948 | 
     | 46                                                 |              |          |       |         |          | 
     | datapath/ALU_ALU_GEN[18].slice_i_bitAdder/g156__17 | A1 v -> ZN ^ | NAND2_X4 | 0.045 |   3.011 |    2.993 | 
     | 05                                                 |              |          |       |         |          | 
     | datapath/ALU_ALU_GEN[19].slice_i_bitAdder/g158__93 | A1 ^ -> ZN v | NAND2_X4 | 0.035 |   3.046 |    3.028 | 
     | 15                                                 |              |          |       |         |          | 
     | datapath/ALU_ALU_GEN[19].slice_i_bitAdder/g156__47 | A1 v -> ZN ^ | NAND2_X4 | 0.050 |   3.096 |    3.078 | 
     | 33                                                 |              |          |       |         |          | 
     | datapath/ALU_ALU_GEN[20].slice_i_bitAdder/g158__23 | A1 ^ -> ZN v | NAND2_X4 | 0.037 |   3.133 |    3.116 | 
     | 98                                                 |              |          |       |         |          | 
     | datapath/ALU_ALU_GEN[20].slice_i_bitAdder/g156__64 | A1 v -> ZN ^ | NAND2_X4 | 0.047 |   3.180 |    3.162 | 
     | 17                                                 |              |          |       |         |          | 
     | datapath/ALU_ALU_GEN[21].slice_i_bitAdder/g158__36 | A1 ^ -> ZN v | NAND2_X4 | 0.036 |   3.216 |    3.198 | 
     | 80                                                 |              |          |       |         |          | 
     | datapath/ALU_ALU_GEN[21].slice_i_bitAdder/g156__67 | A1 v -> ZN ^ | NAND2_X4 | 0.046 |   3.262 |    3.244 | 
     | 83                                                 |              |          |       |         |          | 
     | datapath/ALU_ALU_GEN[22].slice_i_bitAdder/g158__51 | A1 ^ -> ZN v | NAND2_X4 | 0.036 |   3.297 |    3.280 | 
     | 15                                                 |              |          |       |         |          | 
     | datapath/ALU_ALU_GEN[22].slice_i_bitAdder/g156__18 | A1 v -> ZN ^ | NAND2_X4 | 0.047 |   3.344 |    3.327 | 
     | 81                                                 |              |          |       |         |          | 
     | datapath/ALU_ALU_GEN[23].slice_i_bitAdder/g158__74 | A1 ^ -> ZN v | NAND2_X4 | 0.036 |   3.380 |    3.363 | 
     | 10                                                 |              |          |       |         |          | 
     | datapath/ALU_ALU_GEN[23].slice_i_bitAdder/g156__16 | A1 v -> ZN ^ | NAND2_X4 | 0.050 |   3.430 |    3.413 | 
     | 66                                                 |              |          |       |         |          | 
     | datapath/ALU_ALU_GEN[24].slice_i_bitAdder/g158__67 | A1 ^ -> ZN v | NAND2_X4 | 0.038 |   3.468 |    3.450 | 
     | 83                                                 |              |          |       |         |          | 
     | datapath/ALU_ALU_GEN[24].slice_i_bitAdder/g156__55 | A1 v -> ZN ^ | NAND2_X4 | 0.054 |   3.522 |    3.505 | 
     | 26                                                 |              |          |       |         |          | 
     | datapath/ALU_ALU_GEN[25].slice_i_bitAdder/g158__18 | A1 ^ -> ZN v | NAND2_X4 | 0.039 |   3.562 |    3.544 | 
     | 81                                                 |              |          |       |         |          | 
     | datapath/ALU_ALU_GEN[25].slice_i_bitAdder/g156__61 | A1 v -> ZN ^ | NAND2_X4 | 0.049 |   3.611 |    3.593 | 
     | 31                                                 |              |          |       |         |          | 
     | datapath/ALU_ALU_GEN[26].slice_i_bitAdder/g158__16 | A1 ^ -> ZN v | NAND2_X4 | 0.037 |   3.647 |    3.630 | 
     | 66                                                 |              |          |       |         |          | 
     | datapath/ALU_ALU_GEN[26].slice_i_bitAdder/g156__23 | A1 v -> ZN ^ | NAND2_X4 | 0.049 |   3.696 |    3.679 | 
     | 46                                                 |              |          |       |         |          | 
     | datapath/ALU_ALU_GEN[27].slice_i_bitAdder/g158__55 | A1 ^ -> ZN v | NAND2_X4 | 0.037 |   3.733 |    3.715 | 
     | 26                                                 |              |          |       |         |          | 
     | datapath/ALU_ALU_GEN[27].slice_i_bitAdder/g156__84 | A1 v -> ZN ^ | NAND2_X4 | 0.042 |   3.775 |    3.757 | 
     | 28                                                 |              |          |       |         |          | 
     | datapath/ALU_ALU_GEN[28].slice_i_bitAdder/g158__51 | A1 ^ -> ZN v | NAND2_X2 | 0.031 |   3.806 |    3.788 | 
     | 15                                                 |              |          |       |         |          | 
     | datapath/ALU_ALU_GEN[28].slice_i_bitAdder/g156__61 | A1 v -> ZN ^ | NAND2_X1 | 0.083 |   3.889 |    3.872 | 
     | 31                                                 |              |          |       |         |          | 
     | datapath/ALU_ALU_GEN[29].slice_i_bitAdder/g158__16 | A1 ^ -> ZN v | NAND2_X2 | 0.059 |   3.948 |    3.931 | 
     | 66                                                 |              |          |       |         |          | 
     | datapath/ALU_ALU_GEN[29].slice_i_bitAdder/g156__28 | A1 v -> ZN ^ | NAND2_X4 | 0.054 |   4.003 |    3.985 | 
     | 83                                                 |              |          |       |         |          | 
     | datapath/ALU_ALU_GEN[30].slice_i_bitAdder/g158__55 | A1 ^ -> ZN v | NAND2_X4 | 0.037 |   4.040 |    4.022 | 
     | 26                                                 |              |          |       |         |          | 
     | datapath/ALU_ALU_GEN[30].slice_i_bitAdder/g156__43 | A1 v -> ZN ^ | NAND2_X4 | 0.065 |   4.105 |    4.087 | 
     | 19                                                 |              |          |       |         |          | 
     | datapath/ALU_msb_bitAdder/g119__1881               | A1 ^ -> ZN v | NAND2_X4 | 0.043 |   4.147 |    4.130 | 
     | datapath/ALU_msb_bitAdder/g117__7098               | A1 v -> ZN ^ | NAND2_X4 | 0.040 |   4.188 |    4.170 | 
     | datapath/g16080                                    | A ^ -> ZN ^  | XNOR2_X2 | 0.113 |   4.301 |    4.283 | 
     | datapath/g16078                                    | A ^ -> ZN ^  | XNOR2_X2 | 0.145 |   4.446 |    4.428 | 
     | datapath/ALU_ALU_GEN[0].slice_i_resultMux/g187__55 | A1 ^ -> ZN v | NAND2_X2 | 0.062 |   4.508 |    4.490 | 
     | 26                                                 |              |          |       |         |          | 
     | datapath/ALU_ALU_GEN[0].slice_i_resultMux/g185__43 | A1 v -> ZN ^ | NAND2_X2 | 0.053 |   4.561 |    4.543 | 
     | 19                                                 |              |          |       |         |          | 
     | datapath/EXMEM_aluResult_reg[0]                    | D ^          | DFFR_X2  | 0.000 |   4.561 |    4.544 | 
     +-----------------------------------------------------------------------------------------------------------+ 
Path 3: VIOLATED Setup Check with Pin datapath/IF_pc_reg[30]/CK 
Endpoint:   datapath/IF_pc_reg[30]/D      (^) checked with  leading edge of 
'clk'
Beginpoint: datapath/IFID_instr_reg[1]/QN (v) triggered by  leading edge of 
'clk'
Path Groups: {reg2reg}
Analysis View: RPT_SLOW
Other End Arrival Time          0.526
- Setup                         0.084
+ Phase Shift                   4.100
+ CPPR Adjustment               0.000
- Uncertainty                   0.100
= Required Time                 4.441
- Arrival Time                  4.450
= Slack Time                   -0.009
     Clock Rise Edge                 0.000
     + Clock Network Latency (Prop)  0.516
     = Beginpoint Arrival Time       0.516
     +-----------------------------------------------------------------------------------------------------------+ 
     |                      Instance                      |     Arc      |   Cell   | Delay | Arrival | Required | 
     |                                                    |              |          |       |  Time   |   Time   | 
     |----------------------------------------------------+--------------+----------+-------+---------+----------| 
     | datapath/IFID_instr_reg[1]                         | CK ^         |          |       |   0.516 |    0.508 | 
     | datapath/IFID_instr_reg[1]                         | CK ^ -> QN v | DFFR_X1  | 0.253 |   0.769 |    0.760 | 
     | datapath/g35807                                    | A v -> ZN ^  | INV_X1   | 0.088 |   0.858 |    0.849 | 
     | datapath/immediate_generation/g2                   | A2 ^ -> ZN ^ | AND2_X2  | 0.127 |   0.985 |    0.976 | 
     | datapath/immediate_generation/g3556__6131          | A1 ^ -> ZN ^ | AND4_X1  | 0.197 |   1.182 |    1.173 | 
     | datapath/immediate_generation/g3540__5107          | A1 ^ -> ZN v | NAND2_X1 | 0.048 |   1.230 |    1.221 | 
     | datapath/immediate_generation/g3534__1666          | A2 v -> ZN ^ | NAND2_X1 | 0.112 |   1.341 |    1.332 | 
     | datapath/pc_plus_imm/FA_GEN[2].fa_i/FE_OFC720_IFID | A ^ -> ZN v  | INV_X1   | 0.035 |   1.376 |    1.367 | 
     | _imm_2                                             |              |          |       |         |          | 
     | datapath/pc_plus_imm/FA_GEN[2].fa_i/g157__7098     | A1 v -> ZN ^ | NAND2_X1 | 0.049 |   1.425 |    1.416 | 
     | datapath/pc_plus_imm/FA_GEN[2].fa_i/g155__5122     | A2 ^ -> ZN v | NAND2_X1 | 0.041 |   1.465 |    1.456 | 
     | datapath/pc_plus_imm/FA_GEN[2].fa_i/g153__2802     | A1 v -> ZN ^ | NAND2_X1 | 0.067 |   1.532 |    1.523 | 
     | datapath/pc_plus_imm/FA_GEN[3].fa_i/g155__7482     | A1 ^ -> ZN v | NAND2_X1 | 0.055 |   1.587 |    1.578 | 
     | datapath/pc_plus_imm/FA_GEN[3].fa_i/g153__1881     | A1 v -> ZN ^ | NAND2_X2 | 0.065 |   1.652 |    1.643 | 
     | datapath/pc_plus_imm/FA_GEN[4].fa_i/g155__2346     | A1 ^ -> ZN v | NAND2_X2 | 0.042 |   1.694 |    1.685 | 
     | datapath/pc_plus_imm/FA_GEN[4].fa_i/g153__9945     | A1 v -> ZN ^ | NAND2_X2 | 0.050 |   1.744 |    1.735 | 
     | datapath/pc_plus_imm/FA_GEN[5].fa_i/g155__5107     | A1 ^ -> ZN v | NAND2_X1 | 0.046 |   1.790 |    1.781 | 
     | datapath/pc_plus_imm/FA_GEN[5].fa_i/g153__5477     | A1 v -> ZN ^ | NAND2_X2 | 0.054 |   1.844 |    1.835 | 
     | datapath/pc_plus_imm/FA_GEN[6].fa_i/g155__3680     | A1 ^ -> ZN v | NAND2_X1 | 0.048 |   1.892 |    1.883 | 
     | datapath/pc_plus_imm/FA_GEN[6].fa_i/g153__5526     | A1 v -> ZN ^ | NAND2_X2 | 0.058 |   1.950 |    1.941 | 
     | datapath/pc_plus_imm/FA_GEN[7].fa_i/g155__7098     | A1 ^ -> ZN v | NAND2_X2 | 0.041 |   1.992 |    1.983 | 
     | datapath/pc_plus_imm/FA_GEN[7].fa_i/g153__5122     | A1 v -> ZN ^ | NAND2_X2 | 0.049 |   2.040 |    2.031 | 
     | datapath/pc_plus_imm/FA_GEN[8].fa_i/g155__4733     | A1 ^ -> ZN v | NAND2_X1 | 0.046 |   2.086 |    2.077 | 
     | datapath/pc_plus_imm/FA_GEN[8].fa_i/g153__5115     | A1 v -> ZN ^ | NAND2_X2 | 0.050 |   2.136 |    2.127 | 
     | datapath/pc_plus_imm/FA_GEN[9].fa_i/g155__2346     | A1 ^ -> ZN v | NAND2_X1 | 0.046 |   2.182 |    2.173 | 
     | datapath/pc_plus_imm/FA_GEN[9].fa_i/g153__9945     | A1 v -> ZN ^ | NAND2_X2 | 0.060 |   2.242 |    2.233 | 
     | datapath/pc_plus_imm/FA_GEN[10].fa_i/g137__2398    | A1 ^ -> ZN v | NAND2_X2 | 0.042 |   2.284 |    2.275 | 
     | datapath/pc_plus_imm/FA_GEN[10].fa_i/g135__6417    | A1 v -> ZN ^ | NAND2_X2 | 0.057 |   2.341 |    2.332 | 
     | datapath/pc_plus_imm/FA_GEN[11].fa_i/FE_RC_356_0   | A1 ^ -> ZN v | NAND2_X1 | 0.049 |   2.390 |    2.381 | 
     | datapath/pc_plus_imm/FA_GEN[11].fa_i/g153__4319    | A1 v -> ZN ^ | NAND2_X2 | 0.062 |   2.452 |    2.443 | 
     | datapath/pc_plus_imm/FA_GEN[12].fa_i/g155__2802    | A1 ^ -> ZN v | NAND2_X2 | 0.050 |   2.502 |    2.493 | 
     | datapath/pc_plus_imm/FA_GEN[12].fa_i/g153__3680    | A1 v -> ZN ^ | NAND2_X4 | 0.051 |   2.553 |    2.544 | 
     | datapath/pc_plus_imm/FA_GEN[13].fa_i/g155__6131    | A1 ^ -> ZN v | NAND2_X4 | 0.037 |   2.590 |    2.581 | 
     | datapath/pc_plus_imm/FA_GEN[13].fa_i/g153__8246    | A1 v -> ZN ^ | NAND2_X4 | 0.048 |   2.637 |    2.628 | 
     | datapath/pc_plus_imm/FA_GEN[14].fa_i/g155__6161    | A1 ^ -> ZN v | NAND2_X4 | 0.037 |   2.674 |    2.665 | 
     | datapath/pc_plus_imm/FA_GEN[14].fa_i/g153__7482    | A1 v -> ZN ^ | NAND2_X4 | 0.049 |   2.723 |    2.714 | 
     | datapath/pc_plus_imm/FA_GEN[15].fa_i/g155__1666    | A1 ^ -> ZN v | NAND2_X4 | 0.037 |   2.760 |    2.751 | 
     | datapath/pc_plus_imm/FA_GEN[15].fa_i/g153__2883    | A1 v -> ZN ^ | NAND2_X4 | 0.048 |   2.808 |    2.799 | 
     | datapath/pc_plus_imm/FA_GEN[16].fa_i/g155__5107    | A1 ^ -> ZN v | NAND2_X4 | 0.037 |   2.845 |    2.836 | 
     | datapath/pc_plus_imm/FA_GEN[16].fa_i/g153__5477    | A1 v -> ZN ^ | NAND2_X4 | 0.048 |   2.893 |    2.884 | 
     | datapath/pc_plus_imm/FA_GEN[17].fa_i/g155__6783    | A1 ^ -> ZN v | NAND2_X4 | 0.037 |   2.930 |    2.921 | 
     | datapath/pc_plus_imm/FA_GEN[17].fa_i/g153__8428    | A1 v -> ZN ^ | NAND2_X4 | 0.050 |   2.980 |    2.971 | 
     | datapath/pc_plus_imm/FA_GEN[18].fa_i/g155__5122    | A1 ^ -> ZN v | NAND2_X4 | 0.038 |   3.017 |    3.008 | 
     | datapath/pc_plus_imm/FA_GEN[18].fa_i/g153__2802    | A1 v -> ZN ^ | NAND2_X4 | 0.048 |   3.065 |    3.056 | 
     | datapath/pc_plus_imm/FA_GEN[19].fa_i/g155__5115    | A1 ^ -> ZN v | NAND2_X4 | 0.037 |   3.102 |    3.093 | 
     | datapath/pc_plus_imm/FA_GEN[19].fa_i/g153__6131    | A1 v -> ZN ^ | NAND2_X4 | 0.050 |   3.152 |    3.143 | 
     | datapath/pc_plus_imm/FA_GEN[20].fa_i/g155__9945    | A1 ^ -> ZN v | NAND2_X4 | 0.038 |   3.190 |    3.181 | 
     | datapath/pc_plus_imm/FA_GEN[20].fa_i/g153__6161    | A1 v -> ZN ^ | NAND2_X4 | 0.048 |   3.237 |    3.228 | 
     | datapath/pc_plus_imm/FA_GEN[21].fa_i/g155__6417    | A1 ^ -> ZN v | NAND2_X4 | 0.037 |   3.274 |    3.265 | 
     | datapath/pc_plus_imm/FA_GEN[21].fa_i/g153__1666    | A1 v -> ZN ^ | NAND2_X4 | 0.042 |   3.316 |    3.308 | 
     | datapath/pc_plus_imm/FA_GEN[22].fa_i/g155__4319    | A1 ^ -> ZN v | NAND2_X2 | 0.043 |   3.359 |    3.350 | 
     | datapath/pc_plus_imm/FA_GEN[22].fa_i/g153__5107    | A1 v -> ZN ^ | NAND2_X4 | 0.044 |   3.403 |    3.394 | 
     | datapath/pc_plus_imm/FA_GEN[23].fa_i/g155__1617    | A1 ^ -> ZN v | NAND2_X2 | 0.036 |   3.439 |    3.430 | 
     | datapath/pc_plus_imm/FA_GEN[23].fa_i/g153__6783    | A1 v -> ZN ^ | NAND2_X2 | 0.054 |   3.493 |    3.484 | 
     | datapath/pc_plus_imm/FA_GEN[24].fa_i/g149__7098    | A1 ^ -> ZN v | NAND2_X2 | 0.049 |   3.542 |    3.533 | 
     | datapath/pc_plus_imm/FA_GEN[24].fa_i/g147__5122    | A1 v -> ZN ^ | NAND2_X4 | 0.044 |   3.586 |    3.577 | 
     | datapath/pc_plus_imm/FA_GEN[25].fa_i/g119__4733    | A1 ^ -> ZN v | NAND2_X2 | 0.035 |   3.621 |    3.612 | 
     | datapath/pc_plus_imm/FA_GEN[25].fa_i/g117__5115    | A1 v -> ZN ^ | NAND2_X2 | 0.055 |   3.676 |    3.667 | 
     | datapath/pc_plus_imm/FA_GEN[26].fa_i/g120__2346    | A1 ^ -> ZN v | NAND2_X2 | 0.041 |   3.717 |    3.709 | 
     | datapath/pc_plus_imm/FA_GEN[26].fa_i/g118__9945    | A1 v -> ZN ^ | NAND2_X2 | 0.061 |   3.779 |    3.770 | 
     | datapath/pc_plus_imm/FA_GEN[27].fa_i/g79__5477     | A1 ^ -> ZN v | NAND2_X2 | 0.043 |   3.821 |    3.812 | 
     | datapath/pc_plus_imm/FA_GEN[27].fa_i/g77__6417     | A1 v -> ZN ^ | NAND2_X2 | 0.056 |   3.877 |    3.868 | 
     | datapath/pc_plus_imm/FA_GEN[28].fa_i/g79__8428     | A1 ^ -> ZN v | NAND2_X2 | 0.040 |   3.917 |    3.908 | 
     | datapath/pc_plus_imm/FA_GEN[28].fa_i/g77__4319     | A1 v -> ZN ^ | NAND2_X2 | 0.049 |   3.966 |    3.957 | 
     | datapath/pc_plus_imm/FA_GEN[29].fa_i/g79__2802     | A1 ^ -> ZN v | NAND2_X1 | 0.046 |   4.012 |    4.003 | 
     | datapath/pc_plus_imm/FA_GEN[29].fa_i/g77__1617     | A1 v -> ZN ^ | NAND2_X2 | 0.051 |   4.064 |    4.055 | 
     | datapath/pc_plus_imm/FA_GEN[30].fa_i/g2__7482      | A ^ -> Z ^   | XOR2_X1  | 0.165 |   4.228 |    4.219 | 
     | datapath/branch_or_inc_4/g846__4319                | A1 ^ -> ZN v | NAND2_X1 | 0.053 |   4.281 |    4.272 | 
     | datapath/branch_or_inc_4/g827__8246                | A1 v -> ZN ^ | NAND2_X1 | 0.052 |   4.333 |    4.324 | 
     | datapath/g35800                                    | A ^ -> ZN v  | INV_X1   | 0.025 |   4.359 |    4.350 | 
     | datapath/g35644                                    | B1 v -> ZN ^ | OAI21_X1 | 0.092 |   4.450 |    4.441 | 
     | datapath/IF_pc_reg[30]                             | D ^          | DFFR_X1  | 0.000 |   4.450 |    4.441 | 
     +-----------------------------------------------------------------------------------------------------------+ 
Path 4: MET Setup Check with Pin datapath/IFID_instr_reg[15]/CK 
Endpoint:   datapath/IFID_instr_reg[15]/D (v) checked with  leading edge of 
'clk'
Beginpoint: datapath/IFID_instr_reg[20]/Q (^) triggered by  leading edge of 
'clk'
Path Groups: {reg2reg}
Analysis View: RPT_SLOW
Other End Arrival Time          0.365
- Setup                         0.139
+ Phase Shift                   4.100
+ CPPR Adjustment               0.000
- Uncertainty                   0.100
= Required Time                 4.226
- Arrival Time                  4.204
= Slack Time                    0.022
     Clock Rise Edge                 0.000
     + Clock Network Latency (Prop)  0.468
     = Beginpoint Arrival Time       0.468
     +---------------------------------------------------------------------------------------+ 
     |           Instance            |     Arc      |   Cell    | Delay | Arrival | Required | 
     |                               |              |           |       |  Time   |   Time   | 
     |-------------------------------+--------------+-----------+-------+---------+----------| 
     | datapath/IFID_instr_reg[20]   | CK ^         |           |       |   0.468 |    0.490 | 
     | datapath/IFID_instr_reg[20]   | CK ^ -> Q ^  | DFFR_X1   | 0.421 |   0.889 |    0.911 | 
     | datapath/FE_OFC254_IFID_rs2_0 | A ^ -> Z ^   | CLKBUF_X1 | 0.336 |   1.225 |    1.247 | 
     | datapath/g26904               | A ^ -> ZN ^  | XNOR2_X1  | 0.188 |   1.413 |    1.435 | 
     | datapath/g26728               | A1 ^ -> ZN v | NAND4_X1  | 0.121 |   1.534 |    1.556 | 
     | datapath/g26722               | A1 v -> ZN ^ | NOR2_X1   | 0.145 |   1.679 |    1.701 | 
     | datapath/g26699               | A2 ^ -> ZN v | NOR2_X1   | 0.046 |   1.725 |    1.746 | 
     | datapath/g26648               | A1 v -> ZN v | OR2_X2    | 0.203 |   1.927 |    1.949 | 
     | datapath/FE_OFC620_n_780      | A v -> ZN ^  | INV_X4    | 0.125 |   2.053 |    2.074 | 
     | datapath/FE_OFC621_n_780      | A ^ -> ZN v  | INV_X1    | 0.117 |   2.170 |    2.192 | 
     | datapath/g26366               | B1 v -> ZN ^ | OAI221_X1 | 0.251 |   2.421 |    2.443 | 
     | datapath/LT_TC_OP_g1841       | A ^ -> ZN v  | INV_X1    | 0.060 |   2.481 |    2.502 | 
     | datapath/LT_TC_OP_g1819       | A2 v -> ZN ^ | NOR2_X1   | 0.155 |   2.635 |    2.657 | 
     | datapath/LT_TC_OP_g1779       | A1 ^ -> ZN v | NOR3_X1   | 0.044 |   2.679 |    2.701 | 
     | datapath/LT_TC_OP_g1752       | A v -> ZN ^  | AOI221_X1 | 0.327 |   3.006 |    3.028 | 
     | datapath/LT_TC_OP_g1749       | B1 ^ -> ZN v | OAI221_X1 | 0.148 |   3.154 |    3.176 | 
     | datapath/FE_RC_448_0          | A1 v -> ZN v | AND2_X1   | 0.124 |   3.278 |    3.300 | 
     | datapath/FE_RC_447_0          | A v -> ZN ^  | AOI211_X2 | 0.318 |   3.596 |    3.617 | 
     | datapath/g16081               | A1 ^ -> ZN ^ | AND2_X1   | 0.168 |   3.764 |    3.786 | 
     | datapath/g16079               | A1 ^ -> ZN ^ | OR2_X4    | 0.093 |   3.857 |    3.878 | 
     | g1059                         | A1 ^ -> ZN ^ | AND2_X2   | 0.095 |   3.951 |    3.973 | 
     | datapath/FE_OFC614_IFID_flush | A ^ -> ZN v  | INV_X2    | 0.035 |   3.987 |    4.008 | 
     | datapath/FE_OFC671_IFID_flush | A v -> ZN ^  | INV_X8    | 0.160 |   4.147 |    4.169 | 
     | datapath/g35443               | A1 ^ -> ZN v | NOR2_X1   | 0.057 |   4.204 |    4.226 | 
     | datapath/IFID_instr_reg[15]   | D v          | DFFR_X2   | 0.000 |   4.204 |    4.226 | 
     +---------------------------------------------------------------------------------------+ 
Path 5: MET Setup Check with Pin datapath/IFID_instr_reg[18]/CK 
Endpoint:   datapath/IFID_instr_reg[18]/D (v) checked with  leading edge of 
'clk'
Beginpoint: datapath/IFID_instr_reg[20]/Q (^) triggered by  leading edge of 
'clk'
Path Groups: {reg2reg}
Analysis View: RPT_SLOW
Other End Arrival Time          0.365
- Setup                         0.135
+ Phase Shift                   4.100
+ CPPR Adjustment               0.000
- Uncertainty                   0.100
= Required Time                 4.230
- Arrival Time                  4.204
= Slack Time                    0.026
     Clock Rise Edge                 0.000
     + Clock Network Latency (Prop)  0.468
     = Beginpoint Arrival Time       0.468
     +---------------------------------------------------------------------------------------+ 
     |           Instance            |     Arc      |   Cell    | Delay | Arrival | Required | 
     |                               |              |           |       |  Time   |   Time   | 
     |-------------------------------+--------------+-----------+-------+---------+----------| 
     | datapath/IFID_instr_reg[20]   | CK ^         |           |       |   0.469 |    0.494 | 
     | datapath/IFID_instr_reg[20]   | CK ^ -> Q ^  | DFFR_X1   | 0.421 |   0.890 |    0.915 | 
     | datapath/FE_OFC254_IFID_rs2_0 | A ^ -> Z ^   | CLKBUF_X1 | 0.336 |   1.225 |    1.251 | 
     | datapath/g26904               | A ^ -> ZN ^  | XNOR2_X1  | 0.188 |   1.413 |    1.439 | 
     | datapath/g26728               | A1 ^ -> ZN v | NAND4_X1  | 0.121 |   1.534 |    1.560 | 
     | datapath/g26722               | A1 v -> ZN ^ | NOR2_X1   | 0.145 |   1.679 |    1.705 | 
     | datapath/g26699               | A2 ^ -> ZN v | NOR2_X1   | 0.046 |   1.725 |    1.751 | 
     | datapath/g26648               | A1 v -> ZN v | OR2_X2    | 0.203 |   1.927 |    1.953 | 
     | datapath/FE_OFC620_n_780      | A v -> ZN ^  | INV_X4    | 0.125 |   2.053 |    2.079 | 
     | datapath/FE_OFC621_n_780      | A ^ -> ZN v  | INV_X1    | 0.117 |   2.170 |    2.196 | 
     | datapath/g26366               | B1 v -> ZN ^ | OAI221_X1 | 0.251 |   2.421 |    2.447 | 
     | datapath/LT_TC_OP_g1841       | A ^ -> ZN v  | INV_X1    | 0.060 |   2.481 |    2.506 | 
     | datapath/LT_TC_OP_g1819       | A2 v -> ZN ^ | NOR2_X1   | 0.155 |   2.635 |    2.661 | 
     | datapath/LT_TC_OP_g1779       | A1 ^ -> ZN v | NOR3_X1   | 0.044 |   2.679 |    2.705 | 
     | datapath/LT_TC_OP_g1752       | A v -> ZN ^  | AOI221_X1 | 0.327 |   3.006 |    3.032 | 
     | datapath/LT_TC_OP_g1749       | B1 ^ -> ZN v | OAI221_X1 | 0.148 |   3.154 |    3.180 | 
     | datapath/FE_RC_448_0          | A1 v -> ZN v | AND2_X1   | 0.124 |   3.278 |    3.304 | 
     | datapath/FE_RC_447_0          | A v -> ZN ^  | AOI211_X2 | 0.318 |   3.596 |    3.622 | 
     | datapath/g16081               | A1 ^ -> ZN ^ | AND2_X1   | 0.168 |   3.764 |    3.790 | 
     | datapath/g16079               | A1 ^ -> ZN ^ | OR2_X4    | 0.093 |   3.857 |    3.882 | 
     | g1059                         | A1 ^ -> ZN ^ | AND2_X2   | 0.095 |   3.951 |    3.977 | 
     | datapath/FE_OFC614_IFID_flush | A ^ -> ZN v  | INV_X2    | 0.035 |   3.987 |    4.013 | 
     | datapath/FE_OFC671_IFID_flush | A v -> ZN ^  | INV_X8    | 0.160 |   4.147 |    4.173 | 
     | datapath/g35529               | A1 ^ -> ZN v | NOR2_X1   | 0.058 |   4.204 |    4.230 | 
     | datapath/IFID_instr_reg[18]   | D v          | DFFR_X1   | 0.000 |   4.204 |    4.230 | 
     +---------------------------------------------------------------------------------------+ 
Path 6: MET Setup Check with Pin datapath/IFID_instr_reg[16]/CK 
Endpoint:   datapath/IFID_instr_reg[16]/D (v) checked with  leading edge of 
'clk'
Beginpoint: datapath/IFID_instr_reg[20]/Q (^) triggered by  leading edge of 
'clk'
Path Groups: {reg2reg}
Analysis View: RPT_SLOW
Other End Arrival Time          0.365
- Setup                         0.135
+ Phase Shift                   4.100
+ CPPR Adjustment               0.000
- Uncertainty                   0.100
= Required Time                 4.230
- Arrival Time                  4.204
= Slack Time                    0.027
     Clock Rise Edge                 0.000
     + Clock Network Latency (Prop)  0.468
     = Beginpoint Arrival Time       0.468
     +---------------------------------------------------------------------------------------+ 
     |           Instance            |     Arc      |   Cell    | Delay | Arrival | Required | 
     |                               |              |           |       |  Time   |   Time   | 
     |-------------------------------+--------------+-----------+-------+---------+----------| 
     | datapath/IFID_instr_reg[20]   | CK ^         |           |       |   0.469 |    0.495 | 
     | datapath/IFID_instr_reg[20]   | CK ^ -> Q ^  | DFFR_X1   | 0.421 |   0.890 |    0.916 | 
     | datapath/FE_OFC254_IFID_rs2_0 | A ^ -> Z ^   | CLKBUF_X1 | 0.336 |   1.225 |    1.252 | 
     | datapath/g26904               | A ^ -> ZN ^  | XNOR2_X1  | 0.188 |   1.413 |    1.440 | 
     | datapath/g26728               | A1 ^ -> ZN v | NAND4_X1  | 0.121 |   1.534 |    1.561 | 
     | datapath/g26722               | A1 v -> ZN ^ | NOR2_X1   | 0.145 |   1.679 |    1.706 | 
     | datapath/g26699               | A2 ^ -> ZN v | NOR2_X1   | 0.046 |   1.725 |    1.751 | 
     | datapath/g26648               | A1 v -> ZN v | OR2_X2    | 0.203 |   1.927 |    1.954 | 
     | datapath/FE_OFC620_n_780      | A v -> ZN ^  | INV_X4    | 0.125 |   2.053 |    2.080 | 
     | datapath/FE_OFC621_n_780      | A ^ -> ZN v  | INV_X1    | 0.117 |   2.170 |    2.197 | 
     | datapath/g26366               | B1 v -> ZN ^ | OAI221_X1 | 0.251 |   2.421 |    2.448 | 
     | datapath/LT_TC_OP_g1841       | A ^ -> ZN v  | INV_X1    | 0.060 |   2.481 |    2.507 | 
     | datapath/LT_TC_OP_g1819       | A2 v -> ZN ^ | NOR2_X1   | 0.155 |   2.635 |    2.662 | 
     | datapath/LT_TC_OP_g1779       | A1 ^ -> ZN v | NOR3_X1   | 0.044 |   2.679 |    2.706 | 
     | datapath/LT_TC_OP_g1752       | A v -> ZN ^  | AOI221_X1 | 0.327 |   3.006 |    3.033 | 
     | datapath/LT_TC_OP_g1749       | B1 ^ -> ZN v | OAI221_X1 | 0.148 |   3.154 |    3.181 | 
     | datapath/FE_RC_448_0          | A1 v -> ZN v | AND2_X1   | 0.124 |   3.278 |    3.305 | 
     | datapath/FE_RC_447_0          | A v -> ZN ^  | AOI211_X2 | 0.318 |   3.596 |    3.622 | 
     | datapath/g16081               | A1 ^ -> ZN ^ | AND2_X1   | 0.168 |   3.764 |    3.791 | 
     | datapath/g16079               | A1 ^ -> ZN ^ | OR2_X4    | 0.093 |   3.857 |    3.883 | 
     | g1059                         | A1 ^ -> ZN ^ | AND2_X2   | 0.095 |   3.951 |    3.978 | 
     | datapath/FE_OFC614_IFID_flush | A ^ -> ZN v  | INV_X2    | 0.035 |   3.987 |    4.013 | 
     | datapath/FE_OFC671_IFID_flush | A v -> ZN ^  | INV_X8    | 0.160 |   4.147 |    4.174 | 
     | datapath/g35457               | A1 ^ -> ZN v | NOR2_X1   | 0.057 |   4.204 |    4.230 | 
     | datapath/IFID_instr_reg[16]   | D v          | DFFR_X1   | 0.000 |   4.204 |    4.230 | 
     +---------------------------------------------------------------------------------------+ 
Path 7: MET Setup Check with Pin datapath/IFID_instr_reg[17]/CK 
Endpoint:   datapath/IFID_instr_reg[17]/D (v) checked with  leading edge of 
'clk'
Beginpoint: datapath/IFID_instr_reg[20]/Q (^) triggered by  leading edge of 
'clk'
Path Groups: {reg2reg}
Analysis View: RPT_SLOW
Other End Arrival Time          0.365
- Setup                         0.134
+ Phase Shift                   4.100
+ CPPR Adjustment               0.000
- Uncertainty                   0.100
= Required Time                 4.231
- Arrival Time                  4.202
= Slack Time                    0.028
     Clock Rise Edge                 0.000
     + Clock Network Latency (Prop)  0.468
     = Beginpoint Arrival Time       0.468
     +---------------------------------------------------------------------------------------+ 
     |           Instance            |     Arc      |   Cell    | Delay | Arrival | Required | 
     |                               |              |           |       |  Time   |   Time   | 
     |-------------------------------+--------------+-----------+-------+---------+----------| 
     | datapath/IFID_instr_reg[20]   | CK ^         |           |       |   0.468 |    0.497 | 
     | datapath/IFID_instr_reg[20]   | CK ^ -> Q ^  | DFFR_X1   | 0.421 |   0.889 |    0.918 | 
     | datapath/FE_OFC254_IFID_rs2_0 | A ^ -> Z ^   | CLKBUF_X1 | 0.336 |   1.225 |    1.254 | 
     | datapath/g26904               | A ^ -> ZN ^  | XNOR2_X1  | 0.188 |   1.413 |    1.441 | 
     | datapath/g26728               | A1 ^ -> ZN v | NAND4_X1  | 0.121 |   1.534 |    1.563 | 
     | datapath/g26722               | A1 v -> ZN ^ | NOR2_X1   | 0.145 |   1.679 |    1.707 | 
     | datapath/g26699               | A2 ^ -> ZN v | NOR2_X1   | 0.046 |   1.725 |    1.753 | 
     | datapath/g26648               | A1 v -> ZN v | OR2_X2    | 0.203 |   1.927 |    1.956 | 
     | datapath/FE_OFC620_n_780      | A v -> ZN ^  | INV_X4    | 0.125 |   2.053 |    2.081 | 
     | datapath/FE_OFC621_n_780      | A ^ -> ZN v  | INV_X1    | 0.117 |   2.170 |    2.198 | 
     | datapath/g26366               | B1 v -> ZN ^ | OAI221_X1 | 0.251 |   2.421 |    2.449 | 
     | datapath/LT_TC_OP_g1841       | A ^ -> ZN v  | INV_X1    | 0.060 |   2.481 |    2.509 | 
     | datapath/LT_TC_OP_g1819       | A2 v -> ZN ^ | NOR2_X1   | 0.155 |   2.635 |    2.664 | 
     | datapath/LT_TC_OP_g1779       | A1 ^ -> ZN v | NOR3_X1   | 0.044 |   2.679 |    2.708 | 
     | datapath/LT_TC_OP_g1752       | A v -> ZN ^  | AOI221_X1 | 0.327 |   3.006 |    3.035 | 
     | datapath/LT_TC_OP_g1749       | B1 ^ -> ZN v | OAI221_X1 | 0.148 |   3.154 |    3.183 | 
     | datapath/FE_RC_448_0          | A1 v -> ZN v | AND2_X1   | 0.124 |   3.278 |    3.306 | 
     | datapath/FE_RC_447_0          | A v -> ZN ^  | AOI211_X2 | 0.318 |   3.596 |    3.624 | 
     | datapath/g16081               | A1 ^ -> ZN ^ | AND2_X1   | 0.168 |   3.764 |    3.792 | 
     | datapath/g16079               | A1 ^ -> ZN ^ | OR2_X4    | 0.093 |   3.857 |    3.885 | 
     | g1059                         | A1 ^ -> ZN ^ | AND2_X2   | 0.095 |   3.951 |    3.980 | 
     | datapath/FE_OFC614_IFID_flush | A ^ -> ZN v  | INV_X2    | 0.035 |   3.987 |    4.015 | 
     | datapath/FE_OFC671_IFID_flush | A v -> ZN ^  | INV_X8    | 0.160 |   4.147 |    4.175 | 
     | datapath/g35442               | A1 ^ -> ZN v | NOR2_X1   | 0.055 |   4.202 |    4.231 | 
     | datapath/IFID_instr_reg[17]   | D v          | DFFR_X1   | 0.000 |   4.202 |    4.231 | 
     +---------------------------------------------------------------------------------------+ 
Path 8: MET Setup Check with Pin datapath/IF_pc_reg[9]/CK 
Endpoint:   datapath/IF_pc_reg[9]/D       (v) checked with  leading edge of 
'clk'
Beginpoint: datapath/IFID_instr_reg[20]/Q (^) triggered by  leading edge of 
'clk'
Path Groups: {reg2reg}
Analysis View: RPT_SLOW
Other End Arrival Time          0.481
- Setup                         0.244
+ Phase Shift                   4.100
+ CPPR Adjustment               0.000
- Uncertainty                   0.100
= Required Time                 4.237
- Arrival Time                  4.201
= Slack Time                    0.036
     Clock Rise Edge                 0.000
     + Clock Network Latency (Prop)  0.468
     = Beginpoint Arrival Time       0.468
     +------------------------------------------------------------------------------------------------------------+ 
     |                      Instance                      |     Arc      |   Cell    | Delay | Arrival | Required | 
     |                                                    |              |           |       |  Time   |   Time   | 
     |----------------------------------------------------+--------------+-----------+-------+---------+----------| 
     | datapath/IFID_instr_reg[20]                        | CK ^         |           |       |   0.468 |    0.505 | 
     | datapath/IFID_instr_reg[20]                        | CK ^ -> Q ^  | DFFR_X1   | 0.421 |   0.889 |    0.926 | 
     | datapath/FE_OFC254_IFID_rs2_0                      | A ^ -> Z ^   | CLKBUF_X1 | 0.336 |   1.225 |    1.262 | 
     | datapath/g26904                                    | A ^ -> ZN ^  | XNOR2_X1  | 0.188 |   1.413 |    1.449 | 
     | datapath/g26728                                    | A1 ^ -> ZN v | NAND4_X1  | 0.121 |   1.534 |    1.571 | 
     | datapath/g26722                                    | A1 v -> ZN ^ | NOR2_X1   | 0.145 |   1.679 |    1.715 | 
     | datapath/g26699                                    | A2 ^ -> ZN v | NOR2_X1   | 0.046 |   1.725 |    1.761 | 
     | datapath/g26648                                    | A1 v -> ZN v | OR2_X2    | 0.203 |   1.927 |    1.964 | 
     | datapath/FE_OFC620_n_780                           | A v -> ZN ^  | INV_X4    | 0.125 |   2.053 |    2.089 | 
     | datapath/FE_OFC621_n_780                           | A ^ -> ZN v  | INV_X1    | 0.117 |   2.170 |    2.206 | 
     | datapath/g26366                                    | B1 v -> ZN ^ | OAI221_X1 | 0.251 |   2.421 |    2.457 | 
     | datapath/LT_TC_OP_g1841                            | A ^ -> ZN v  | INV_X1    | 0.060 |   2.481 |    2.517 | 
     | datapath/LT_TC_OP_g1819                            | A2 v -> ZN ^ | NOR2_X1   | 0.155 |   2.635 |    2.672 | 
     | datapath/LT_TC_OP_g1779                            | A1 ^ -> ZN v | NOR3_X1   | 0.044 |   2.679 |    2.716 | 
     | datapath/LT_TC_OP_g1752                            | A v -> ZN ^  | AOI221_X1 | 0.327 |   3.006 |    3.043 | 
     | datapath/LT_TC_OP_g1749                            | B1 ^ -> ZN v | OAI221_X1 | 0.148 |   3.154 |    3.191 | 
     | datapath/FE_RC_448_0                               | A1 v -> ZN v | AND2_X1   | 0.124 |   3.278 |    3.314 | 
     | datapath/FE_RC_447_0                               | A v -> ZN ^  | AOI211_X2 | 0.318 |   3.596 |    3.632 | 
     | datapath/g16081                                    | A1 ^ -> ZN ^ | AND2_X1   | 0.168 |   3.764 |    3.800 | 
     | datapath/g16079                                    | A1 ^ -> ZN ^ | OR2_X4    | 0.093 |   3.857 |    3.893 | 
     | datapath/branch_or_inc_4/FE_OFC611_IFID_takeBranch | A ^ -> Z ^   | BUF_X8    | 0.115 |   3.972 |    4.008 | 
     | datapath/branch_or_inc_4/g835__9315                | S ^ -> Z v   | MUX2_X1   | 0.229 |   4.201 |    4.237 | 
     | datapath/IF_pc_reg[9]                              | D v          | SDFFR_X1  | 0.000 |   4.201 |    4.237 | 
     +------------------------------------------------------------------------------------------------------------+ 
Path 9: MET Setup Check with Pin datapath/IF_pc_reg[8]/CK 
Endpoint:   datapath/IF_pc_reg[8]/D       (v) checked with  leading edge of 
'clk'
Beginpoint: datapath/IFID_instr_reg[20]/Q (^) triggered by  leading edge of 
'clk'
Path Groups: {reg2reg}
Analysis View: RPT_SLOW
Other End Arrival Time          0.481
- Setup                         0.244
+ Phase Shift                   4.100
+ CPPR Adjustment               0.000
- Uncertainty                   0.100
= Required Time                 4.237
- Arrival Time                  4.199
= Slack Time                    0.037
     Clock Rise Edge                 0.000
     + Clock Network Latency (Prop)  0.468
     = Beginpoint Arrival Time       0.468
     +------------------------------------------------------------------------------------------------------------+ 
     |                      Instance                      |     Arc      |   Cell    | Delay | Arrival | Required | 
     |                                                    |              |           |       |  Time   |   Time   | 
     |----------------------------------------------------+--------------+-----------+-------+---------+----------| 
     | datapath/IFID_instr_reg[20]                        | CK ^         |           |       |   0.469 |    0.506 | 
     | datapath/IFID_instr_reg[20]                        | CK ^ -> Q ^  | DFFR_X1   | 0.421 |   0.890 |    0.927 | 
     | datapath/FE_OFC254_IFID_rs2_0                      | A ^ -> Z ^   | CLKBUF_X1 | 0.336 |   1.225 |    1.263 | 
     | datapath/g26904                                    | A ^ -> ZN ^  | XNOR2_X1  | 0.188 |   1.413 |    1.451 | 
     | datapath/g26728                                    | A1 ^ -> ZN v | NAND4_X1  | 0.121 |   1.534 |    1.572 | 
     | datapath/g26722                                    | A1 v -> ZN ^ | NOR2_X1   | 0.145 |   1.679 |    1.716 | 
     | datapath/g26699                                    | A2 ^ -> ZN v | NOR2_X1   | 0.046 |   1.725 |    1.762 | 
     | datapath/g26648                                    | A1 v -> ZN v | OR2_X2    | 0.203 |   1.927 |    1.965 | 
     | datapath/FE_OFC620_n_780                           | A v -> ZN ^  | INV_X4    | 0.125 |   2.053 |    2.090 | 
     | datapath/FE_OFC621_n_780                           | A ^ -> ZN v  | INV_X1    | 0.117 |   2.170 |    2.208 | 
     | datapath/g26366                                    | B1 v -> ZN ^ | OAI221_X1 | 0.251 |   2.421 |    2.458 | 
     | datapath/LT_TC_OP_g1841                            | A ^ -> ZN v  | INV_X1    | 0.060 |   2.481 |    2.518 | 
     | datapath/LT_TC_OP_g1819                            | A2 v -> ZN ^ | NOR2_X1   | 0.155 |   2.635 |    2.673 | 
     | datapath/LT_TC_OP_g1779                            | A1 ^ -> ZN v | NOR3_X1   | 0.044 |   2.679 |    2.717 | 
     | datapath/LT_TC_OP_g1752                            | A v -> ZN ^  | AOI221_X1 | 0.327 |   3.006 |    3.044 | 
     | datapath/LT_TC_OP_g1749                            | B1 ^ -> ZN v | OAI221_X1 | 0.148 |   3.154 |    3.192 | 
     | datapath/FE_RC_448_0                               | A1 v -> ZN v | AND2_X1   | 0.124 |   3.278 |    3.316 | 
     | datapath/FE_RC_447_0                               | A v -> ZN ^  | AOI211_X2 | 0.318 |   3.596 |    3.633 | 
     | datapath/g16081                                    | A1 ^ -> ZN ^ | AND2_X1   | 0.168 |   3.764 |    3.801 | 
     | datapath/g16079                                    | A1 ^ -> ZN ^ | OR2_X4    | 0.093 |   3.857 |    3.894 | 
     | datapath/branch_or_inc_4/FE_OFC611_IFID_takeBranch | A ^ -> Z ^   | BUF_X8    | 0.115 |   3.972 |    4.009 | 
     | datapath/branch_or_inc_4/g836__9945                | S ^ -> Z v   | MUX2_X1   | 0.227 |   4.199 |    4.237 | 
     | datapath/IF_pc_reg[8]                              | D v          | SDFFR_X1  | 0.000 |   4.199 |    4.237 | 
     +------------------------------------------------------------------------------------------------------------+ 
Path 10: MET Setup Check with Pin datapath/IF_pc_reg[5]/CK 
Endpoint:   datapath/IF_pc_reg[5]/D       (v) checked with  leading edge of 
'clk'
Beginpoint: datapath/IFID_instr_reg[20]/Q (^) triggered by  leading edge of 
'clk'
Path Groups: {reg2reg}
Analysis View: RPT_SLOW
Other End Arrival Time          0.482
- Setup                         0.241
+ Phase Shift                   4.100
+ CPPR Adjustment               0.000
- Uncertainty                   0.100
= Required Time                 4.241
- Arrival Time                  4.190
= Slack Time                    0.051
     Clock Rise Edge                 0.000
     + Clock Network Latency (Prop)  0.468
     = Beginpoint Arrival Time       0.468
     +------------------------------------------------------------------------------------------------------------+ 
     |                      Instance                      |     Arc      |   Cell    | Delay | Arrival | Required | 
     |                                                    |              |           |       |  Time   |   Time   | 
     |----------------------------------------------------+--------------+-----------+-------+---------+----------| 
     | datapath/IFID_instr_reg[20]                        | CK ^         |           |       |   0.469 |    0.519 | 
     | datapath/IFID_instr_reg[20]                        | CK ^ -> Q ^  | DFFR_X1   | 0.421 |   0.890 |    0.940 | 
     | datapath/FE_OFC254_IFID_rs2_0                      | A ^ -> Z ^   | CLKBUF_X1 | 0.336 |   1.225 |    1.276 | 
     | datapath/g26904                                    | A ^ -> ZN ^  | XNOR2_X1  | 0.188 |   1.413 |    1.464 | 
     | datapath/g26728                                    | A1 ^ -> ZN v | NAND4_X1  | 0.121 |   1.534 |    1.585 | 
     | datapath/g26722                                    | A1 v -> ZN ^ | NOR2_X1   | 0.145 |   1.679 |    1.730 | 
     | datapath/g26699                                    | A2 ^ -> ZN v | NOR2_X1   | 0.046 |   1.725 |    1.775 | 
     | datapath/g26648                                    | A1 v -> ZN v | OR2_X2    | 0.203 |   1.927 |    1.978 | 
     | datapath/FE_OFC620_n_780                           | A v -> ZN ^  | INV_X4    | 0.125 |   2.053 |    2.104 | 
     | datapath/FE_OFC621_n_780                           | A ^ -> ZN v  | INV_X1    | 0.117 |   2.170 |    2.221 | 
     | datapath/g26366                                    | B1 v -> ZN ^ | OAI221_X1 | 0.251 |   2.421 |    2.472 | 
     | datapath/LT_TC_OP_g1841                            | A ^ -> ZN v  | INV_X1    | 0.060 |   2.481 |    2.531 | 
     | datapath/LT_TC_OP_g1819                            | A2 v -> ZN ^ | NOR2_X1   | 0.155 |   2.635 |    2.686 | 
     | datapath/LT_TC_OP_g1779                            | A1 ^ -> ZN v | NOR3_X1   | 0.044 |   2.679 |    2.730 | 
     | datapath/LT_TC_OP_g1752                            | A v -> ZN ^  | AOI221_X1 | 0.327 |   3.006 |    3.057 | 
     | datapath/LT_TC_OP_g1749                            | B1 ^ -> ZN v | OAI221_X1 | 0.148 |   3.154 |    3.205 | 
     | datapath/FE_RC_448_0                               | A1 v -> ZN v | AND2_X1   | 0.124 |   3.278 |    3.329 | 
     | datapath/FE_RC_447_0                               | A v -> ZN ^  | AOI211_X2 | 0.318 |   3.596 |    3.646 | 
     | datapath/g16081                                    | A1 ^ -> ZN ^ | AND2_X1   | 0.168 |   3.764 |    3.815 | 
     | datapath/g16079                                    | A1 ^ -> ZN ^ | OR2_X4    | 0.093 |   3.857 |    3.907 | 
     | datapath/branch_or_inc_4/FE_OFC612_IFID_takeBranch | A ^ -> Z ^   | BUF_X2    | 0.111 |   3.968 |    4.018 | 
     | datapath/branch_or_inc_4/g813__6417                | S ^ -> Z v   | MUX2_X1   | 0.223 |   4.190 |    4.241 | 
     | datapath/IF_pc_reg[5]                              | D v          | SDFFR_X1  | 0.000 |   4.190 |    4.241 | 
     +------------------------------------------------------------------------------------------------------------+ 
Path 11: MET Setup Check with Pin datapath/IF_pc_reg[26]/CK 
Endpoint:   datapath/IF_pc_reg[26]/D       (^) checked with  leading edge of 
'clk'
Beginpoint: datapath/IFID_instr_reg[22]/QN (v) triggered by  leading edge of 
'clk'
Path Groups: {reg2reg}
Analysis View: RPT_SLOW
Other End Arrival Time          0.523
- Setup                         0.222
+ Phase Shift                   4.100
+ CPPR Adjustment               0.000
- Uncertainty                   0.100
= Required Time                 4.301
- Arrival Time                  4.241
= Slack Time                    0.060
     Clock Rise Edge                 0.000
     + Clock Network Latency (Prop)  0.476
     = Beginpoint Arrival Time       0.476
     +------------------------------------------------------------------------------------------------------------+ 
     |                      Instance                      |     Arc      |   Cell    | Delay | Arrival | Required | 
     |                                                    |              |           |       |  Time   |   Time   | 
     |----------------------------------------------------+--------------+-----------+-------+---------+----------| 
     | datapath/IFID_instr_reg[22]                        | CK ^         |           |       |   0.476 |    0.536 | 
     | datapath/IFID_instr_reg[22]                        | CK ^ -> QN v | DFFR_X1   | 0.306 |   0.783 |    0.842 | 
     | datapath/g35754                                    | A v -> ZN ^  | INV_X4    | 0.117 |   0.900 |    0.959 | 
     | datapath/g522__2883                                | A1 ^ -> ZN v | NOR2_X1   | 0.046 |   0.945 |    1.005 | 
     | datapath/g518__9945                                | A1 v -> ZN v | AND2_X1   | 0.131 |   1.076 |    1.136 | 
     | datapath/g496__6260                                | A2 v -> ZN v | AND2_X1   | 0.116 |   1.192 |    1.251 | 
     | datapath/FE_OFC242_registers_n_2596                | A v -> Z v   | BUF_X4    | 0.120 |   1.311 |    1.371 | 
     | datapath/g3572                                     | C2 v -> ZN ^ | AOI222_X1 | 0.451 |   1.762 |    1.822 | 
     | datapath/g3447                                     | A1 ^ -> ZN v | NAND3_X1  | 0.110 |   1.872 |    1.931 | 
     | datapath/g3412                                     | A4 v -> ZN v | OR4_X1    | 0.565 |   2.436 |    2.496 | 
     | datapath/g26370                                    | A1 v -> ZN ^ | AOI222_X1 | 0.209 |   2.645 |    2.705 | 
     | datapath/FE_OFC168_LT_TC_OP_n_17                   | A ^ -> Z ^   | CLKBUF_X1 | 0.201 |   2.846 |    2.906 | 
     | datapath/g26289                                    | B ^ -> ZN v  | XNOR2_X1  | 0.062 |   2.908 |    2.968 | 
     | datapath/g26189                                    | A4 v -> ZN ^ | NOR4_X1   | 0.330 |   3.238 |    3.298 | 
     | datapath/FE_RC_359_0                               | A1 ^ -> ZN ^ | AND2_X1   | 0.145 |   3.383 |    3.443 | 
     | datapath/FE_RC_358_0                               | A3 ^ -> ZN v | NAND3_X1  | 0.093 |   3.476 |    3.536 | 
     | datapath/g26095                                    | S v -> Z v   | MUX2_X1   | 0.219 |   3.695 |    3.754 | 
     | datapath/g16079                                    | A2 v -> ZN v | OR2_X4    | 0.192 |   3.887 |    3.947 | 
     | datapath/branch_or_inc_4/FE_OFC611_IFID_takeBranch | A v -> Z v   | BUF_X8    | 0.103 |   3.990 |    4.050 | 
     | datapath/branch_or_inc_4/FE_OFC613_IFID_takeBranch | A v -> ZN ^  | INV_X1    | 0.135 |   4.125 |    4.185 | 
     | datapath/branch_or_inc_4/g845__6260                | A2 ^ -> ZN v | NAND2_X1  | 0.062 |   4.187 |    4.247 | 
     | datapath/branch_or_inc_4/g831__5115                | A2 v -> ZN ^ | NAND2_X1  | 0.054 |   4.241 |    4.301 | 
     | datapath/IF_pc_reg[26]                             | D ^          | SDFFRS_X1 | 0.000 |   4.241 |    4.301 | 
     +------------------------------------------------------------------------------------------------------------+ 
Path 12: MET Setup Check with Pin datapath/IF_pc_reg[27]/CK 
Endpoint:   datapath/IF_pc_reg[27]/D       (^) checked with  leading edge of 
'clk'
Beginpoint: datapath/IFID_instr_reg[22]/QN (v) triggered by  leading edge of 
'clk'
Path Groups: {reg2reg}
Analysis View: RPT_SLOW
Other End Arrival Time          0.523
- Setup                         0.216
+ Phase Shift                   4.100
+ CPPR Adjustment               0.000
- Uncertainty                   0.100
= Required Time                 4.307
- Arrival Time                  4.246
= Slack Time                    0.062
     Clock Rise Edge                 0.000
     + Clock Network Latency (Prop)  0.476
     = Beginpoint Arrival Time       0.476
     +------------------------------------------------------------------------------------------------------------+ 
     |                      Instance                      |     Arc      |   Cell    | Delay | Arrival | Required | 
     |                                                    |              |           |       |  Time   |   Time   | 
     |----------------------------------------------------+--------------+-----------+-------+---------+----------| 
     | datapath/IFID_instr_reg[22]                        | CK ^         |           |       |   0.476 |    0.538 | 
     | datapath/IFID_instr_reg[22]                        | CK ^ -> QN v | DFFR_X1   | 0.306 |   0.783 |    0.844 | 
     | datapath/g35754                                    | A v -> ZN ^  | INV_X4    | 0.117 |   0.899 |    0.961 | 
     | datapath/g522__2883                                | A1 ^ -> ZN v | NOR2_X1   | 0.046 |   0.945 |    1.007 | 
     | datapath/g518__9945                                | A1 v -> ZN v | AND2_X1   | 0.131 |   1.076 |    1.138 | 
     | datapath/g496__6260                                | A2 v -> ZN v | AND2_X1   | 0.116 |   1.192 |    1.253 | 
     | datapath/FE_OFC242_registers_n_2596                | A v -> Z v   | BUF_X4    | 0.120 |   1.311 |    1.373 | 
     | datapath/g3572                                     | C2 v -> ZN ^ | AOI222_X1 | 0.451 |   1.762 |    1.824 | 
     | datapath/g3447                                     | A1 ^ -> ZN v | NAND3_X1  | 0.110 |   1.872 |    1.933 | 
     | datapath/g3412                                     | A4 v -> ZN v | OR4_X1    | 0.565 |   2.436 |    2.498 | 
     | datapath/g26370                                    | A1 v -> ZN ^ | AOI222_X1 | 0.209 |   2.645 |    2.707 | 
     | datapath/FE_OFC168_LT_TC_OP_n_17                   | A ^ -> Z ^   | CLKBUF_X1 | 0.201 |   2.846 |    2.907 | 
     | datapath/g26289                                    | B ^ -> ZN v  | XNOR2_X1  | 0.062 |   2.908 |    2.970 | 
     | datapath/g26189                                    | A4 v -> ZN ^ | NOR4_X1   | 0.330 |   3.238 |    3.300 | 
     | datapath/FE_RC_359_0                               | A1 ^ -> ZN ^ | AND2_X1   | 0.145 |   3.383 |    3.445 | 
     | datapath/FE_RC_358_0                               | A3 ^ -> ZN v | NAND3_X1  | 0.093 |   3.476 |    3.538 | 
     | datapath/g26095                                    | S v -> Z v   | MUX2_X1   | 0.219 |   3.695 |    3.756 | 
     | datapath/g16079                                    | A2 v -> ZN v | OR2_X4    | 0.192 |   3.887 |    3.949 | 
     | datapath/branch_or_inc_4/FE_OFC611_IFID_takeBranch | A v -> Z v   | BUF_X8    | 0.103 |   3.990 |    4.052 | 
     | datapath/branch_or_inc_4/FE_OFC613_IFID_takeBranch | A v -> ZN ^  | INV_X1    | 0.135 |   4.125 |    4.187 | 
     | datapath/branch_or_inc_4/g843__2398                | A2 ^ -> ZN v | NAND2_X1  | 0.062 |   4.187 |    4.248 | 
     | datapath/branch_or_inc_4/g821__6783                | A2 v -> ZN ^ | NAND2_X1  | 0.059 |   4.246 |    4.307 | 
     | datapath/IF_pc_reg[27]                             | D ^          | SDFFR_X1  | 0.000 |   4.246 |    4.307 | 
     +------------------------------------------------------------------------------------------------------------+ 
Path 13: MET Setup Check with Pin datapath/IF_pc_reg[19]/CK 
Endpoint:   datapath/IF_pc_reg[19]/D      (v) checked with  leading edge of 
'clk'
Beginpoint: datapath/IFID_instr_reg[20]/Q (^) triggered by  leading edge of 
'clk'
Path Groups: {reg2reg}
Analysis View: RPT_SLOW
Other End Arrival Time          0.516
- Setup                         0.245
+ Phase Shift                   4.100
+ CPPR Adjustment               0.000
- Uncertainty                   0.100
= Required Time                 4.271
- Arrival Time                  4.206
= Slack Time                    0.065
     Clock Rise Edge                 0.000
     + Clock Network Latency (Prop)  0.468
     = Beginpoint Arrival Time       0.468
     +------------------------------------------------------------------------------------------------------------+ 
     |                      Instance                      |     Arc      |   Cell    | Delay | Arrival | Required | 
     |                                                    |              |           |       |  Time   |   Time   | 
     |----------------------------------------------------+--------------+-----------+-------+---------+----------| 
     | datapath/IFID_instr_reg[20]                        | CK ^         |           |       |   0.468 |    0.533 | 
     | datapath/IFID_instr_reg[20]                        | CK ^ -> Q ^  | DFFR_X1   | 0.421 |   0.889 |    0.954 | 
     | datapath/FE_OFC254_IFID_rs2_0                      | A ^ -> Z ^   | CLKBUF_X1 | 0.336 |   1.225 |    1.290 | 
     | datapath/g26904                                    | A ^ -> ZN ^  | XNOR2_X1  | 0.188 |   1.413 |    1.478 | 
     | datapath/g26728                                    | A1 ^ -> ZN v | NAND4_X1  | 0.121 |   1.534 |    1.599 | 
     | datapath/g26722                                    | A1 v -> ZN ^ | NOR2_X1   | 0.145 |   1.679 |    1.744 | 
     | datapath/g26699                                    | A2 ^ -> ZN v | NOR2_X1   | 0.046 |   1.725 |    1.790 | 
     | datapath/g26648                                    | A1 v -> ZN v | OR2_X2    | 0.203 |   1.927 |    1.992 | 
     | datapath/FE_OFC620_n_780                           | A v -> ZN ^  | INV_X4    | 0.125 |   2.053 |    2.118 | 
     | datapath/FE_OFC621_n_780                           | A ^ -> ZN v  | INV_X1    | 0.117 |   2.170 |    2.235 | 
     | datapath/g26366                                    | B1 v -> ZN ^ | OAI221_X1 | 0.251 |   2.421 |    2.486 | 
     | datapath/LT_TC_OP_g1841                            | A ^ -> ZN v  | INV_X1    | 0.060 |   2.481 |    2.546 | 
     | datapath/LT_TC_OP_g1819                            | A2 v -> ZN ^ | NOR2_X1   | 0.155 |   2.635 |    2.700 | 
     | datapath/LT_TC_OP_g1779                            | A1 ^ -> ZN v | NOR3_X1   | 0.044 |   2.679 |    2.744 | 
     | datapath/LT_TC_OP_g1752                            | A v -> ZN ^  | AOI221_X1 | 0.327 |   3.006 |    3.071 | 
     | datapath/LT_TC_OP_g1749                            | B1 ^ -> ZN v | OAI221_X1 | 0.148 |   3.154 |    3.219 | 
     | datapath/FE_RC_448_0                               | A1 v -> ZN v | AND2_X1   | 0.124 |   3.278 |    3.343 | 
     | datapath/FE_RC_447_0                               | A v -> ZN ^  | AOI211_X2 | 0.318 |   3.596 |    3.661 | 
     | datapath/g16081                                    | A1 ^ -> ZN ^ | AND2_X1   | 0.168 |   3.764 |    3.829 | 
     | datapath/g16079                                    | A1 ^ -> ZN ^ | OR2_X4    | 0.093 |   3.857 |    3.922 | 
     | datapath/branch_or_inc_4/FE_OFC611_IFID_takeBranch | A ^ -> Z ^   | BUF_X8    | 0.115 |   3.972 |    4.037 | 
     | datapath/branch_or_inc_4/g837__2883                | S ^ -> Z v   | MUX2_X1   | 0.234 |   4.206 |    4.271 | 
     | datapath/IF_pc_reg[19]                             | D v          | SDFFR_X1  | 0.000 |   4.206 |    4.271 | 
     +------------------------------------------------------------------------------------------------------------+ 
Path 14: MET Setup Check with Pin datapath/IF_pc_reg[17]/CK 
Endpoint:   datapath/IF_pc_reg[17]/D      (v) checked with  leading edge of 
'clk'
Beginpoint: datapath/IFID_instr_reg[20]/Q (^) triggered by  leading edge of 
'clk'
Path Groups: {reg2reg}
Analysis View: RPT_SLOW
Other End Arrival Time          0.516
- Setup                         0.245
+ Phase Shift                   4.100
+ CPPR Adjustment               0.000
- Uncertainty                   0.100
= Required Time                 4.271
- Arrival Time                  4.205
= Slack Time                    0.066
     Clock Rise Edge                 0.000
     + Clock Network Latency (Prop)  0.468
     = Beginpoint Arrival Time       0.468
     +------------------------------------------------------------------------------------------------------------+ 
     |                      Instance                      |     Arc      |   Cell    | Delay | Arrival | Required | 
     |                                                    |              |           |       |  Time   |   Time   | 
     |----------------------------------------------------+--------------+-----------+-------+---------+----------| 
     | datapath/IFID_instr_reg[20]                        | CK ^         |           |       |   0.468 |    0.534 | 
     | datapath/IFID_instr_reg[20]                        | CK ^ -> Q ^  | DFFR_X1   | 0.421 |   0.889 |    0.955 | 
     | datapath/FE_OFC254_IFID_rs2_0                      | A ^ -> Z ^   | CLKBUF_X1 | 0.336 |   1.225 |    1.291 | 
     | datapath/g26904                                    | A ^ -> ZN ^  | XNOR2_X1  | 0.188 |   1.413 |    1.479 | 
     | datapath/g26728                                    | A1 ^ -> ZN v | NAND4_X1  | 0.121 |   1.534 |    1.600 | 
     | datapath/g26722                                    | A1 v -> ZN ^ | NOR2_X1   | 0.145 |   1.679 |    1.745 | 
     | datapath/g26699                                    | A2 ^ -> ZN v | NOR2_X1   | 0.046 |   1.725 |    1.791 | 
     | datapath/g26648                                    | A1 v -> ZN v | OR2_X2    | 0.203 |   1.927 |    1.993 | 
     | datapath/FE_OFC620_n_780                           | A v -> ZN ^  | INV_X4    | 0.125 |   2.053 |    2.119 | 
     | datapath/FE_OFC621_n_780                           | A ^ -> ZN v  | INV_X1    | 0.117 |   2.170 |    2.236 | 
     | datapath/g26366                                    | B1 v -> ZN ^ | OAI221_X1 | 0.251 |   2.421 |    2.487 | 
     | datapath/LT_TC_OP_g1841                            | A ^ -> ZN v  | INV_X1    | 0.060 |   2.481 |    2.547 | 
     | datapath/LT_TC_OP_g1819                            | A2 v -> ZN ^ | NOR2_X1   | 0.155 |   2.635 |    2.701 | 
     | datapath/LT_TC_OP_g1779                            | A1 ^ -> ZN v | NOR3_X1   | 0.044 |   2.679 |    2.745 | 
     | datapath/LT_TC_OP_g1752                            | A v -> ZN ^  | AOI221_X1 | 0.327 |   3.006 |    3.072 | 
     | datapath/LT_TC_OP_g1749                            | B1 ^ -> ZN v | OAI221_X1 | 0.148 |   3.154 |    3.220 | 
     | datapath/FE_RC_448_0                               | A1 v -> ZN v | AND2_X1   | 0.124 |   3.278 |    3.344 | 
     | datapath/FE_RC_447_0                               | A v -> ZN ^  | AOI211_X2 | 0.318 |   3.596 |    3.662 | 
     | datapath/g16081                                    | A1 ^ -> ZN ^ | AND2_X1   | 0.168 |   3.764 |    3.830 | 
     | datapath/g16079                                    | A1 ^ -> ZN ^ | OR2_X4    | 0.093 |   3.857 |    3.923 | 
     | datapath/branch_or_inc_4/FE_OFC611_IFID_takeBranch | A ^ -> Z ^   | BUF_X8    | 0.115 |   3.972 |    4.038 | 
     | datapath/branch_or_inc_4/g817__6260                | S ^ -> Z v   | MUX2_X1   | 0.233 |   4.205 |    4.271 | 
     | datapath/IF_pc_reg[17]                             | D v          | SDFFR_X1  | 0.000 |   4.205 |    4.271 | 
     +------------------------------------------------------------------------------------------------------------+ 
Path 15: MET Setup Check with Pin datapath/IF_pc_reg[18]/CK 
Endpoint:   datapath/IF_pc_reg[18]/D      (v) checked with  leading edge of 
'clk'
Beginpoint: datapath/IFID_instr_reg[20]/Q (^) triggered by  leading edge of 
'clk'
Path Groups: {reg2reg}
Analysis View: RPT_SLOW
Other End Arrival Time          0.516
- Setup                         0.245
+ Phase Shift                   4.100
+ CPPR Adjustment               0.000
- Uncertainty                   0.100
= Required Time                 4.271
- Arrival Time                  4.205
= Slack Time                    0.066
     Clock Rise Edge                 0.000
     + Clock Network Latency (Prop)  0.468
     = Beginpoint Arrival Time       0.468
     +------------------------------------------------------------------------------------------------------------+ 
     |                      Instance                      |     Arc      |   Cell    | Delay | Arrival | Required | 
     |                                                    |              |           |       |  Time   |   Time   | 
     |----------------------------------------------------+--------------+-----------+-------+---------+----------| 
     | datapath/IFID_instr_reg[20]                        | CK ^         |           |       |   0.469 |    0.535 | 
     | datapath/IFID_instr_reg[20]                        | CK ^ -> Q ^  | DFFR_X1   | 0.421 |   0.890 |    0.956 | 
     | datapath/FE_OFC254_IFID_rs2_0                      | A ^ -> Z ^   | CLKBUF_X1 | 0.336 |   1.225 |    1.291 | 
     | datapath/g26904                                    | A ^ -> ZN ^  | XNOR2_X1  | 0.188 |   1.413 |    1.479 | 
     | datapath/g26728                                    | A1 ^ -> ZN v | NAND4_X1  | 0.121 |   1.534 |    1.601 | 
     | datapath/g26722                                    | A1 v -> ZN ^ | NOR2_X1   | 0.145 |   1.679 |    1.745 | 
     | datapath/g26699                                    | A2 ^ -> ZN v | NOR2_X1   | 0.046 |   1.725 |    1.791 | 
     | datapath/g26648                                    | A1 v -> ZN v | OR2_X2    | 0.203 |   1.927 |    1.994 | 
     | datapath/FE_OFC620_n_780                           | A v -> ZN ^  | INV_X4    | 0.125 |   2.053 |    2.119 | 
     | datapath/FE_OFC621_n_780                           | A ^ -> ZN v  | INV_X1    | 0.117 |   2.170 |    2.236 | 
     | datapath/g26366                                    | B1 v -> ZN ^ | OAI221_X1 | 0.251 |   2.421 |    2.487 | 
     | datapath/LT_TC_OP_g1841                            | A ^ -> ZN v  | INV_X1    | 0.060 |   2.481 |    2.547 | 
     | datapath/LT_TC_OP_g1819                            | A2 v -> ZN ^ | NOR2_X1   | 0.155 |   2.635 |    2.702 | 
     | datapath/LT_TC_OP_g1779                            | A1 ^ -> ZN v | NOR3_X1   | 0.044 |   2.679 |    2.745 | 
     | datapath/LT_TC_OP_g1752                            | A v -> ZN ^  | AOI221_X1 | 0.327 |   3.006 |    3.072 | 
     | datapath/LT_TC_OP_g1749                            | B1 ^ -> ZN v | OAI221_X1 | 0.148 |   3.154 |    3.220 | 
     | datapath/FE_RC_448_0                               | A1 v -> ZN v | AND2_X1   | 0.124 |   3.278 |    3.344 | 
     | datapath/FE_RC_447_0                               | A v -> ZN ^  | AOI211_X2 | 0.318 |   3.596 |    3.662 | 
     | datapath/g16081                                    | A1 ^ -> ZN ^ | AND2_X1   | 0.168 |   3.764 |    3.830 | 
     | datapath/g16079                                    | A1 ^ -> ZN ^ | OR2_X4    | 0.093 |   3.857 |    3.923 | 
     | datapath/branch_or_inc_4/FE_OFC611_IFID_takeBranch | A ^ -> Z ^   | BUF_X8    | 0.115 |   3.972 |    4.038 | 
     | datapath/branch_or_inc_4/g812__7410                | S ^ -> Z v   | MUX2_X1   | 0.233 |   4.205 |    4.271 | 
     | datapath/IF_pc_reg[18]                             | D v          | SDFFR_X1  | 0.000 |   4.205 |    4.271 | 
     +------------------------------------------------------------------------------------------------------------+ 
Path 16: MET Setup Check with Pin datapath/IF_pc_reg[10]/CK 
Endpoint:   datapath/IF_pc_reg[10]/D      (v) checked with  leading edge of 
'clk'
Beginpoint: datapath/IFID_instr_reg[20]/Q (^) triggered by  leading edge of 
'clk'
Path Groups: {reg2reg}
Analysis View: RPT_SLOW
Other End Arrival Time          0.526
- Setup                         0.242
+ Phase Shift                   4.100
+ CPPR Adjustment               0.000
- Uncertainty                   0.100
= Required Time                 4.284
- Arrival Time                  4.218
= Slack Time                    0.066
     Clock Rise Edge                 0.000
     + Clock Network Latency (Prop)  0.468
     = Beginpoint Arrival Time       0.468
     +------------------------------------------------------------------------------------------------------------+ 
     |                      Instance                      |     Arc      |   Cell    | Delay | Arrival | Required | 
     |                                                    |              |           |       |  Time   |   Time   | 
     |----------------------------------------------------+--------------+-----------+-------+---------+----------| 
     | datapath/IFID_instr_reg[20]                        | CK ^         |           |       |   0.468 |    0.535 | 
     | datapath/IFID_instr_reg[20]                        | CK ^ -> Q ^  | DFFR_X1   | 0.421 |   0.889 |    0.956 | 
     | datapath/FE_OFC254_IFID_rs2_0                      | A ^ -> Z ^   | CLKBUF_X1 | 0.336 |   1.225 |    1.292 | 
     | datapath/g26904                                    | A ^ -> ZN ^  | XNOR2_X1  | 0.188 |   1.413 |    1.479 | 
     | datapath/g26728                                    | A1 ^ -> ZN v | NAND4_X1  | 0.121 |   1.534 |    1.601 | 
     | datapath/g26722                                    | A1 v -> ZN ^ | NOR2_X1   | 0.145 |   1.679 |    1.745 | 
     | datapath/g26699                                    | A2 ^ -> ZN v | NOR2_X1   | 0.046 |   1.725 |    1.791 | 
     | datapath/g26648                                    | A1 v -> ZN v | OR2_X2    | 0.203 |   1.927 |    1.994 | 
     | datapath/FE_OFC620_n_780                           | A v -> ZN ^  | INV_X4    | 0.125 |   2.053 |    2.119 | 
     | datapath/FE_OFC621_n_780                           | A ^ -> ZN v  | INV_X1    | 0.117 |   2.170 |    2.236 | 
     | datapath/g26366                                    | B1 v -> ZN ^ | OAI221_X1 | 0.251 |   2.421 |    2.487 | 
     | datapath/LT_TC_OP_g1841                            | A ^ -> ZN v  | INV_X1    | 0.060 |   2.481 |    2.547 | 
     | datapath/LT_TC_OP_g1819                            | A2 v -> ZN ^ | NOR2_X1   | 0.155 |   2.635 |    2.702 | 
     | datapath/LT_TC_OP_g1779                            | A1 ^ -> ZN v | NOR3_X1   | 0.044 |   2.679 |    2.746 | 
     | datapath/LT_TC_OP_g1752                            | A v -> ZN ^  | AOI221_X1 | 0.327 |   3.006 |    3.073 | 
     | datapath/LT_TC_OP_g1749                            | B1 ^ -> ZN v | OAI221_X1 | 0.148 |   3.154 |    3.221 | 
     | datapath/FE_RC_448_0                               | A1 v -> ZN v | AND2_X1   | 0.124 |   3.278 |    3.344 | 
     | datapath/FE_RC_447_0                               | A v -> ZN ^  | AOI211_X2 | 0.318 |   3.596 |    3.662 | 
     | datapath/g16081                                    | A1 ^ -> ZN ^ | AND2_X1   | 0.168 |   3.764 |    3.830 | 
     | datapath/g16079                                    | A1 ^ -> ZN ^ | OR2_X4    | 0.093 |   3.857 |    3.923 | 
     | datapath/branch_or_inc_4/FE_OFC611_IFID_takeBranch | A ^ -> Z ^   | BUF_X8    | 0.115 |   3.972 |    4.038 | 
     | datapath/branch_or_inc_4/g833__4733                | S ^ -> Z v   | MUX2_X1   | 0.246 |   4.218 |    4.284 | 
     | datapath/IF_pc_reg[10]                             | D v          | SDFFR_X1  | 0.000 |   4.218 |    4.284 | 
     +------------------------------------------------------------------------------------------------------------+ 
Path 17: MET Setup Check with Pin datapath/IF_pc_reg[20]/CK 
Endpoint:   datapath/IF_pc_reg[20]/D      (v) checked with  leading edge of 
'clk'
Beginpoint: datapath/IFID_instr_reg[20]/Q (^) triggered by  leading edge of 
'clk'
Path Groups: {reg2reg}
Analysis View: RPT_SLOW
Other End Arrival Time          0.516
- Setup                         0.245
+ Phase Shift                   4.100
+ CPPR Adjustment               0.000
- Uncertainty                   0.100
= Required Time                 4.272
- Arrival Time                  4.203
= Slack Time                    0.068
     Clock Rise Edge                 0.000
     + Clock Network Latency (Prop)  0.468
     = Beginpoint Arrival Time       0.468
     +------------------------------------------------------------------------------------------------------------+ 
     |                      Instance                      |     Arc      |   Cell    | Delay | Arrival | Required | 
     |                                                    |              |           |       |  Time   |   Time   | 
     |----------------------------------------------------+--------------+-----------+-------+---------+----------| 
     | datapath/IFID_instr_reg[20]                        | CK ^         |           |       |   0.469 |    0.537 | 
     | datapath/IFID_instr_reg[20]                        | CK ^ -> Q ^  | DFFR_X1   | 0.421 |   0.890 |    0.958 | 
     | datapath/FE_OFC254_IFID_rs2_0                      | A ^ -> Z ^   | CLKBUF_X1 | 0.336 |   1.225 |    1.293 | 
     | datapath/g26904                                    | A ^ -> ZN ^  | XNOR2_X1  | 0.188 |   1.413 |    1.481 | 
     | datapath/g26728                                    | A1 ^ -> ZN v | NAND4_X1  | 0.121 |   1.534 |    1.603 | 
     | datapath/g26722                                    | A1 v -> ZN ^ | NOR2_X1   | 0.145 |   1.679 |    1.747 | 
     | datapath/g26699                                    | A2 ^ -> ZN v | NOR2_X1   | 0.046 |   1.725 |    1.793 | 
     | datapath/g26648                                    | A1 v -> ZN v | OR2_X2    | 0.203 |   1.927 |    1.996 | 
     | datapath/FE_OFC620_n_780                           | A v -> ZN ^  | INV_X4    | 0.125 |   2.053 |    2.121 | 
     | datapath/FE_OFC621_n_780                           | A ^ -> ZN v  | INV_X1    | 0.117 |   2.170 |    2.238 | 
     | datapath/g26366                                    | B1 v -> ZN ^ | OAI221_X1 | 0.251 |   2.421 |    2.489 | 
     | datapath/LT_TC_OP_g1841                            | A ^ -> ZN v  | INV_X1    | 0.060 |   2.481 |    2.549 | 
     | datapath/LT_TC_OP_g1819                            | A2 v -> ZN ^ | NOR2_X1   | 0.155 |   2.635 |    2.704 | 
     | datapath/LT_TC_OP_g1779                            | A1 ^ -> ZN v | NOR3_X1   | 0.044 |   2.679 |    2.747 | 
     | datapath/LT_TC_OP_g1752                            | A v -> ZN ^  | AOI221_X1 | 0.327 |   3.006 |    3.074 | 
     | datapath/LT_TC_OP_g1749                            | B1 ^ -> ZN v | OAI221_X1 | 0.148 |   3.154 |    3.222 | 
     | datapath/FE_RC_448_0                               | A1 v -> ZN v | AND2_X1   | 0.124 |   3.278 |    3.346 | 
     | datapath/FE_RC_447_0                               | A v -> ZN ^  | AOI211_X2 | 0.318 |   3.596 |    3.664 | 
     | datapath/g16081                                    | A1 ^ -> ZN ^ | AND2_X1   | 0.168 |   3.764 |    3.832 | 
     | datapath/g16079                                    | A1 ^ -> ZN ^ | OR2_X4    | 0.093 |   3.857 |    3.925 | 
     | datapath/branch_or_inc_4/FE_OFC611_IFID_takeBranch | A ^ -> Z ^   | BUF_X8    | 0.115 |   3.972 |    4.040 | 
     | datapath/branch_or_inc_4/g834__6161                | S ^ -> Z v   | MUX2_X1   | 0.232 |   4.203 |    4.272 | 
     | datapath/IF_pc_reg[20]                             | D v          | SDFFR_X1  | 0.000 |   4.203 |    4.272 | 
     +------------------------------------------------------------------------------------------------------------+ 
Path 18: MET Setup Check with Pin datapath/IF_pc_reg[28]/CK 
Endpoint:   datapath/IF_pc_reg[28]/D       (^) checked with  leading edge of 
'clk'
Beginpoint: datapath/IFID_instr_reg[22]/QN (v) triggered by  leading edge of 
'clk'
Path Groups: {reg2reg}
Analysis View: RPT_SLOW
Other End Arrival Time          0.523
- Setup                         0.087
+ Phase Shift                   4.100
+ CPPR Adjustment               0.000
- Uncertainty                   0.100
= Required Time                 4.436
- Arrival Time                  4.363
= Slack Time                    0.072
     Clock Rise Edge                 0.000
     + Clock Network Latency (Prop)  0.476
     = Beginpoint Arrival Time       0.476
     +------------------------------------------------------------------------------------------------------------+ 
     |                      Instance                      |     Arc      |   Cell    | Delay | Arrival | Required | 
     |                                                    |              |           |       |  Time   |   Time   | 
     |----------------------------------------------------+--------------+-----------+-------+---------+----------| 
     | datapath/IFID_instr_reg[22]                        | CK ^         |           |       |   0.476 |    0.549 | 
     | datapath/IFID_instr_reg[22]                        | CK ^ -> QN v | DFFR_X1   | 0.306 |   0.783 |    0.855 | 
     | datapath/g35754                                    | A v -> ZN ^  | INV_X4    | 0.117 |   0.899 |    0.972 | 
     | datapath/g522__2883                                | A1 ^ -> ZN v | NOR2_X1   | 0.046 |   0.945 |    1.018 | 
     | datapath/g518__9945                                | A1 v -> ZN v | AND2_X1   | 0.131 |   1.076 |    1.148 | 
     | datapath/g496__6260                                | A2 v -> ZN v | AND2_X1   | 0.116 |   1.192 |    1.264 | 
     | datapath/FE_OFC242_registers_n_2596                | A v -> Z v   | BUF_X4    | 0.120 |   1.311 |    1.384 | 
     | datapath/g3572                                     | C2 v -> ZN ^ | AOI222_X1 | 0.451 |   1.762 |    1.834 | 
     | datapath/g3447                                     | A1 ^ -> ZN v | NAND3_X1  | 0.110 |   1.872 |    1.944 | 
     | datapath/g3412                                     | A4 v -> ZN v | OR4_X1    | 0.565 |   2.436 |    2.509 | 
     | datapath/g26370                                    | A1 v -> ZN ^ | AOI222_X1 | 0.209 |   2.645 |    2.718 | 
     | datapath/FE_OFC168_LT_TC_OP_n_17                   | A ^ -> Z ^   | CLKBUF_X1 | 0.201 |   2.846 |    2.918 | 
     | datapath/g26289                                    | B ^ -> ZN v  | XNOR2_X1  | 0.062 |   2.908 |    2.981 | 
     | datapath/g26189                                    | A4 v -> ZN ^ | NOR4_X1   | 0.330 |   3.238 |    3.310 | 
     | datapath/FE_RC_359_0                               | A1 ^ -> ZN ^ | AND2_X1   | 0.145 |   3.383 |    3.456 | 
     | datapath/FE_RC_358_0                               | A3 ^ -> ZN v | NAND3_X1  | 0.093 |   3.476 |    3.549 | 
     | datapath/g26095                                    | S v -> Z v   | MUX2_X1   | 0.219 |   3.695 |    3.767 | 
     | datapath/g16079                                    | A2 v -> ZN v | OR2_X4    | 0.192 |   3.887 |    3.960 | 
     | datapath/branch_or_inc_4/FE_OFC611_IFID_takeBranch | A v -> Z v   | BUF_X8    | 0.103 |   3.990 |    4.063 | 
     | datapath/branch_or_inc_4/FE_OFC613_IFID_takeBranch | A v -> ZN ^  | INV_X1    | 0.135 |   4.125 |    4.198 | 
     | datapath/branch_or_inc_4/g841__6417                | A2 ^ -> ZN v | NAND2_X1  | 0.062 |   4.187 |    4.260 | 
     | datapath/branch_or_inc_4/g810__2346                | A2 v -> ZN ^ | NAND2_X1  | 0.060 |   4.247 |    4.320 | 
     | datapath/g35737                                    | A ^ -> ZN v  | INV_X1    | 0.024 |   4.271 |    4.344 | 
     | datapath/g35643                                    | B1 v -> ZN ^ | OAI21_X1  | 0.092 |   4.363 |    4.436 | 
     | datapath/IF_pc_reg[28]                             | D ^          | DFFR_X1   | 0.000 |   4.363 |    4.436 | 
     +------------------------------------------------------------------------------------------------------------+ 
Path 19: MET Setup Check with Pin datapath/IF_pc_reg[16]/CK 
Endpoint:   datapath/IF_pc_reg[16]/D      (v) checked with  leading edge of 
'clk'
Beginpoint: datapath/IFID_instr_reg[20]/Q (^) triggered by  leading edge of 
'clk'
Path Groups: {reg2reg}
Analysis View: RPT_SLOW
Other End Arrival Time          0.520
- Setup                         0.242
+ Phase Shift                   4.100
+ CPPR Adjustment               0.000
- Uncertainty                   0.100
= Required Time                 4.278
- Arrival Time                  4.205
= Slack Time                    0.073
     Clock Rise Edge                 0.000
     + Clock Network Latency (Prop)  0.468
     = Beginpoint Arrival Time       0.468
     +------------------------------------------------------------------------------------------------------------+ 
     |                      Instance                      |     Arc      |   Cell    | Delay | Arrival | Required | 
     |                                                    |              |           |       |  Time   |   Time   | 
     |----------------------------------------------------+--------------+-----------+-------+---------+----------| 
     | datapath/IFID_instr_reg[20]                        | CK ^         |           |       |   0.469 |    0.541 | 
     | datapath/IFID_instr_reg[20]                        | CK ^ -> Q ^  | DFFR_X1   | 0.421 |   0.890 |    0.962 | 
     | datapath/FE_OFC254_IFID_rs2_0                      | A ^ -> Z ^   | CLKBUF_X1 | 0.336 |   1.225 |    1.298 | 
     | datapath/g26904                                    | A ^ -> ZN ^  | XNOR2_X1  | 0.188 |   1.413 |    1.486 | 
     | datapath/g26728                                    | A1 ^ -> ZN v | NAND4_X1  | 0.121 |   1.534 |    1.607 | 
     | datapath/g26722                                    | A1 v -> ZN ^ | NOR2_X1   | 0.145 |   1.679 |    1.752 | 
     | datapath/g26699                                    | A2 ^ -> ZN v | NOR2_X1   | 0.046 |   1.725 |    1.798 | 
     | datapath/g26648                                    | A1 v -> ZN v | OR2_X2    | 0.203 |   1.927 |    2.000 | 
     | datapath/FE_OFC620_n_780                           | A v -> ZN ^  | INV_X4    | 0.125 |   2.053 |    2.126 | 
     | datapath/FE_OFC621_n_780                           | A ^ -> ZN v  | INV_X1    | 0.117 |   2.170 |    2.243 | 
     | datapath/g26366                                    | B1 v -> ZN ^ | OAI221_X1 | 0.251 |   2.421 |    2.494 | 
     | datapath/LT_TC_OP_g1841                            | A ^ -> ZN v  | INV_X1    | 0.060 |   2.481 |    2.553 | 
     | datapath/LT_TC_OP_g1819                            | A2 v -> ZN ^ | NOR2_X1   | 0.155 |   2.635 |    2.708 | 
     | datapath/LT_TC_OP_g1779                            | A1 ^ -> ZN v | NOR3_X1   | 0.044 |   2.679 |    2.752 | 
     | datapath/LT_TC_OP_g1752                            | A v -> ZN ^  | AOI221_X1 | 0.327 |   3.006 |    3.079 | 
     | datapath/LT_TC_OP_g1749                            | B1 ^ -> ZN v | OAI221_X1 | 0.148 |   3.154 |    3.227 | 
     | datapath/FE_RC_448_0                               | A1 v -> ZN v | AND2_X1   | 0.124 |   3.278 |    3.351 | 
     | datapath/FE_RC_447_0                               | A v -> ZN ^  | AOI211_X2 | 0.318 |   3.596 |    3.669 | 
     | datapath/g16081                                    | A1 ^ -> ZN ^ | AND2_X1   | 0.168 |   3.764 |    3.837 | 
     | datapath/g16079                                    | A1 ^ -> ZN ^ | OR2_X4    | 0.093 |   3.857 |    3.929 | 
     | datapath/branch_or_inc_4/FE_OFC611_IFID_takeBranch | A ^ -> Z ^   | BUF_X8    | 0.115 |   3.972 |    4.045 | 
     | datapath/branch_or_inc_4/g819__8428                | S ^ -> Z v   | MUX2_X1   | 0.233 |   4.205 |    4.278 | 
     | datapath/IF_pc_reg[16]                             | D v          | SDFFR_X1  | 0.000 |   4.205 |    4.278 | 
     +------------------------------------------------------------------------------------------------------------+ 
Path 20: MET Setup Check with Pin datapath/IF_pc_reg[15]/CK 
Endpoint:   datapath/IF_pc_reg[15]/D      (v) checked with  leading edge of 
'clk'
Beginpoint: datapath/IFID_instr_reg[20]/Q (^) triggered by  leading edge of 
'clk'
Path Groups: {reg2reg}
Analysis View: RPT_SLOW
Other End Arrival Time          0.520
- Setup                         0.242
+ Phase Shift                   4.100
+ CPPR Adjustment               0.000
- Uncertainty                   0.100
= Required Time                 4.278
- Arrival Time                  4.204
= Slack Time                    0.074
     Clock Rise Edge                 0.000
     + Clock Network Latency (Prop)  0.468
     = Beginpoint Arrival Time       0.468
     +------------------------------------------------------------------------------------------------------------+ 
     |                      Instance                      |     Arc      |   Cell    | Delay | Arrival | Required | 
     |                                                    |              |           |       |  Time   |   Time   | 
     |----------------------------------------------------+--------------+-----------+-------+---------+----------| 
     | datapath/IFID_instr_reg[20]                        | CK ^         |           |       |   0.468 |    0.543 | 
     | datapath/IFID_instr_reg[20]                        | CK ^ -> Q ^  | DFFR_X1   | 0.421 |   0.889 |    0.964 | 
     | datapath/FE_OFC254_IFID_rs2_0                      | A ^ -> Z ^   | CLKBUF_X1 | 0.336 |   1.225 |    1.300 | 
     | datapath/g26904                                    | A ^ -> ZN ^  | XNOR2_X1  | 0.188 |   1.413 |    1.488 | 
     | datapath/g26728                                    | A1 ^ -> ZN v | NAND4_X1  | 0.121 |   1.534 |    1.609 | 
     | datapath/g26722                                    | A1 v -> ZN ^ | NOR2_X1   | 0.145 |   1.679 |    1.753 | 
     | datapath/g26699                                    | A2 ^ -> ZN v | NOR2_X1   | 0.046 |   1.725 |    1.799 | 
     | datapath/g26648                                    | A1 v -> ZN v | OR2_X2    | 0.203 |   1.927 |    2.002 | 
     | datapath/FE_OFC620_n_780                           | A v -> ZN ^  | INV_X4    | 0.125 |   2.053 |    2.127 | 
     | datapath/FE_OFC621_n_780                           | A ^ -> ZN v  | INV_X1    | 0.117 |   2.170 |    2.245 | 
     | datapath/g26366                                    | B1 v -> ZN ^ | OAI221_X1 | 0.251 |   2.421 |    2.495 | 
     | datapath/LT_TC_OP_g1841                            | A ^ -> ZN v  | INV_X1    | 0.060 |   2.481 |    2.555 | 
     | datapath/LT_TC_OP_g1819                            | A2 v -> ZN ^ | NOR2_X1   | 0.155 |   2.635 |    2.710 | 
     | datapath/LT_TC_OP_g1779                            | A1 ^ -> ZN v | NOR3_X1   | 0.044 |   2.679 |    2.754 | 
     | datapath/LT_TC_OP_g1752                            | A v -> ZN ^  | AOI221_X1 | 0.327 |   3.006 |    3.081 | 
     | datapath/LT_TC_OP_g1749                            | B1 ^ -> ZN v | OAI221_X1 | 0.148 |   3.154 |    3.229 | 
     | datapath/FE_RC_448_0                               | A1 v -> ZN v | AND2_X1   | 0.124 |   3.278 |    3.353 | 
     | datapath/FE_RC_447_0                               | A v -> ZN ^  | AOI211_X2 | 0.318 |   3.596 |    3.670 | 
     | datapath/g16081                                    | A1 ^ -> ZN ^ | AND2_X1   | 0.168 |   3.764 |    3.838 | 
     | datapath/g16079                                    | A1 ^ -> ZN ^ | OR2_X4    | 0.093 |   3.857 |    3.931 | 
     | datapath/branch_or_inc_4/FE_OFC611_IFID_takeBranch | A ^ -> Z ^   | BUF_X8    | 0.115 |   3.972 |    4.046 | 
     | datapath/branch_or_inc_4/g823__1617                | S ^ -> Z v   | MUX2_X1   | 0.232 |   4.204 |    4.278 | 
     | datapath/IF_pc_reg[15]                             | D v          | SDFFR_X1  | 0.000 |   4.204 |    4.278 | 
     +------------------------------------------------------------------------------------------------------------+ 
Path 21: MET Setup Check with Pin datapath/IF_pc_reg[29]/CK 
Endpoint:   datapath/IF_pc_reg[29]/D       (^) checked with  leading edge of 
'clk'
Beginpoint: datapath/IFID_instr_reg[22]/QN (v) triggered by  leading edge of 
'clk'
Path Groups: {reg2reg}
Analysis View: RPT_SLOW
Other End Arrival Time          0.526
- Setup                         0.085
+ Phase Shift                   4.100
+ CPPR Adjustment               0.000
- Uncertainty                   0.100
= Required Time                 4.441
- Arrival Time                  4.365
= Slack Time                    0.076
     Clock Rise Edge                 0.000
     + Clock Network Latency (Prop)  0.476
     = Beginpoint Arrival Time       0.476
     +------------------------------------------------------------------------------------------------------------+ 
     |                      Instance                      |     Arc      |   Cell    | Delay | Arrival | Required | 
     |                                                    |              |           |       |  Time   |   Time   | 
     |----------------------------------------------------+--------------+-----------+-------+---------+----------| 
     | datapath/IFID_instr_reg[22]                        | CK ^         |           |       |   0.476 |    0.552 | 
     | datapath/IFID_instr_reg[22]                        | CK ^ -> QN v | DFFR_X1   | 0.306 |   0.783 |    0.858 | 
     | datapath/g35754                                    | A v -> ZN ^  | INV_X4    | 0.117 |   0.900 |    0.975 | 
     | datapath/g522__2883                                | A1 ^ -> ZN v | NOR2_X1   | 0.046 |   0.945 |    1.021 | 
     | datapath/g518__9945                                | A1 v -> ZN v | AND2_X1   | 0.131 |   1.076 |    1.152 | 
     | datapath/g496__6260                                | A2 v -> ZN v | AND2_X1   | 0.116 |   1.192 |    1.267 | 
     | datapath/FE_OFC242_registers_n_2596                | A v -> Z v   | BUF_X4    | 0.120 |   1.311 |    1.387 | 
     | datapath/g3572                                     | C2 v -> ZN ^ | AOI222_X1 | 0.451 |   1.762 |    1.838 | 
     | datapath/g3447                                     | A1 ^ -> ZN v | NAND3_X1  | 0.110 |   1.872 |    1.947 | 
     | datapath/g3412                                     | A4 v -> ZN v | OR4_X1    | 0.565 |   2.436 |    2.512 | 
     | datapath/g26370                                    | A1 v -> ZN ^ | AOI222_X1 | 0.209 |   2.645 |    2.721 | 
     | datapath/FE_OFC168_LT_TC_OP_n_17                   | A ^ -> Z ^   | CLKBUF_X1 | 0.201 |   2.846 |    2.922 | 
     | datapath/g26289                                    | B ^ -> ZN v  | XNOR2_X1  | 0.062 |   2.908 |    2.984 | 
     | datapath/g26189                                    | A4 v -> ZN ^ | NOR4_X1   | 0.330 |   3.238 |    3.314 | 
     | datapath/FE_RC_359_0                               | A1 ^ -> ZN ^ | AND2_X1   | 0.145 |   3.383 |    3.459 | 
     | datapath/FE_RC_358_0                               | A3 ^ -> ZN v | NAND3_X1  | 0.093 |   3.476 |    3.552 | 
     | datapath/g26095                                    | S v -> Z v   | MUX2_X1   | 0.219 |   3.695 |    3.770 | 
     | datapath/g16079                                    | A2 v -> ZN v | OR2_X4    | 0.192 |   3.887 |    3.963 | 
     | datapath/branch_or_inc_4/FE_OFC611_IFID_takeBranch | A v -> Z v   | BUF_X8    | 0.103 |   3.990 |    4.066 | 
     | datapath/branch_or_inc_4/FE_OFC613_IFID_takeBranch | A v -> ZN ^  | INV_X1    | 0.135 |   4.125 |    4.201 | 
     | datapath/branch_or_inc_4/g844__5107                | A2 ^ -> ZN v | NAND2_X1  | 0.063 |   4.188 |    4.264 | 
     | datapath/branch_or_inc_4/g828__7098                | A2 v -> ZN ^ | NAND2_X1  | 0.061 |   4.248 |    4.324 | 
     | datapath/g35726                                    | A ^ -> ZN v  | INV_X1    | 0.025 |   4.273 |    4.349 | 
     | datapath/g35591                                    | B1 v -> ZN ^ | OAI21_X1  | 0.092 |   4.365 |    4.441 | 
     | datapath/IF_pc_reg[29]                             | D ^          | DFFR_X1   | 0.000 |   4.365 |    4.441 | 
     +------------------------------------------------------------------------------------------------------------+ 
Path 22: MET Setup Check with Pin datapath/IF_pc_reg[12]/CK 
Endpoint:   datapath/IF_pc_reg[12]/D      (v) checked with  leading edge of 
'clk'
Beginpoint: datapath/IFID_instr_reg[20]/Q (^) triggered by  leading edge of 
'clk'
Path Groups: {reg2reg}
Analysis View: RPT_SLOW
Other End Arrival Time          0.523
- Setup                         0.244
+ Phase Shift                   4.100
+ CPPR Adjustment               0.000
- Uncertainty                   0.100
= Required Time                 4.279
- Arrival Time                  4.203
= Slack Time                    0.076
     Clock Rise Edge                 0.000
     + Clock Network Latency (Prop)  0.468
     = Beginpoint Arrival Time       0.468
     +------------------------------------------------------------------------------------------------------------+ 
     |                      Instance                      |     Arc      |   Cell    | Delay | Arrival | Required | 
     |                                                    |              |           |       |  Time   |   Time   | 
     |----------------------------------------------------+--------------+-----------+-------+---------+----------| 
     | datapath/IFID_instr_reg[20]                        | CK ^         |           |       |   0.468 |    0.545 | 
     | datapath/IFID_instr_reg[20]                        | CK ^ -> Q ^  | DFFR_X1   | 0.421 |   0.889 |    0.966 | 
     | datapath/FE_OFC254_IFID_rs2_0                      | A ^ -> Z ^   | CLKBUF_X1 | 0.336 |   1.225 |    1.302 | 
     | datapath/g26904                                    | A ^ -> ZN ^  | XNOR2_X1  | 0.188 |   1.413 |    1.490 | 
     | datapath/g26728                                    | A1 ^ -> ZN v | NAND4_X1  | 0.121 |   1.534 |    1.611 | 
     | datapath/g26722                                    | A1 v -> ZN ^ | NOR2_X1   | 0.145 |   1.679 |    1.755 | 
     | datapath/g26699                                    | A2 ^ -> ZN v | NOR2_X1   | 0.046 |   1.725 |    1.801 | 
     | datapath/g26648                                    | A1 v -> ZN v | OR2_X2    | 0.203 |   1.927 |    2.004 | 
     | datapath/FE_OFC620_n_780                           | A v -> ZN ^  | INV_X4    | 0.125 |   2.053 |    2.129 | 
     | datapath/FE_OFC621_n_780                           | A ^ -> ZN v  | INV_X1    | 0.117 |   2.170 |    2.247 | 
     | datapath/g26366                                    | B1 v -> ZN ^ | OAI221_X1 | 0.251 |   2.421 |    2.497 | 
     | datapath/LT_TC_OP_g1841                            | A ^ -> ZN v  | INV_X1    | 0.060 |   2.481 |    2.557 | 
     | datapath/LT_TC_OP_g1819                            | A2 v -> ZN ^ | NOR2_X1   | 0.155 |   2.635 |    2.712 | 
     | datapath/LT_TC_OP_g1779                            | A1 ^ -> ZN v | NOR3_X1   | 0.044 |   2.679 |    2.756 | 
     | datapath/LT_TC_OP_g1752                            | A v -> ZN ^  | AOI221_X1 | 0.327 |   3.006 |    3.083 | 
     | datapath/LT_TC_OP_g1749                            | B1 ^ -> ZN v | OAI221_X1 | 0.148 |   3.154 |    3.231 | 
     | datapath/FE_RC_448_0                               | A1 v -> ZN v | AND2_X1   | 0.124 |   3.278 |    3.355 | 
     | datapath/FE_RC_447_0                               | A v -> ZN ^  | AOI211_X2 | 0.318 |   3.596 |    3.672 | 
     | datapath/g16081                                    | A1 ^ -> ZN ^ | AND2_X1   | 0.168 |   3.764 |    3.840 | 
     | datapath/g16079                                    | A1 ^ -> ZN ^ | OR2_X4    | 0.093 |   3.857 |    3.933 | 
     | datapath/branch_or_inc_4/FE_OFC611_IFID_takeBranch | A ^ -> Z ^   | BUF_X8    | 0.115 |   3.972 |    4.048 | 
     | datapath/branch_or_inc_4/g829__6131                | S ^ -> Z v   | MUX2_X1   | 0.231 |   4.203 |    4.279 | 
     | datapath/IF_pc_reg[12]                             | D v          | SDFFR_X1  | 0.000 |   4.203 |    4.279 | 
     +------------------------------------------------------------------------------------------------------------+ 
Path 23: MET Setup Check with Pin datapath/IF_pc_reg[13]/CK 
Endpoint:   datapath/IF_pc_reg[13]/D      (v) checked with  leading edge of 
'clk'
Beginpoint: datapath/IFID_instr_reg[20]/Q (^) triggered by  leading edge of 
'clk'
Path Groups: {reg2reg}
Analysis View: RPT_SLOW
Other End Arrival Time          0.526
- Setup                         0.243
+ Phase Shift                   4.100
+ CPPR Adjustment               0.000
- Uncertainty                   0.100
= Required Time                 4.282
- Arrival Time                  4.205
= Slack Time                    0.078
     Clock Rise Edge                 0.000
     + Clock Network Latency (Prop)  0.468
     = Beginpoint Arrival Time       0.468
     +------------------------------------------------------------------------------------------------------------+ 
     |                      Instance                      |     Arc      |   Cell    | Delay | Arrival | Required | 
     |                                                    |              |           |       |  Time   |   Time   | 
     |----------------------------------------------------+--------------+-----------+-------+---------+----------| 
     | datapath/IFID_instr_reg[20]                        | CK ^         |           |       |   0.469 |    0.546 | 
     | datapath/IFID_instr_reg[20]                        | CK ^ -> Q ^  | DFFR_X1   | 0.421 |   0.890 |    0.967 | 
     | datapath/FE_OFC254_IFID_rs2_0                      | A ^ -> Z ^   | CLKBUF_X1 | 0.336 |   1.225 |    1.303 | 
     | datapath/g26904                                    | A ^ -> ZN ^  | XNOR2_X1  | 0.188 |   1.413 |    1.491 | 
     | datapath/g26728                                    | A1 ^ -> ZN v | NAND4_X1  | 0.121 |   1.534 |    1.612 | 
     | datapath/g26722                                    | A1 v -> ZN ^ | NOR2_X1   | 0.145 |   1.679 |    1.757 | 
     | datapath/g26699                                    | A2 ^ -> ZN v | NOR2_X1   | 0.046 |   1.725 |    1.802 | 
     | datapath/g26648                                    | A1 v -> ZN v | OR2_X2    | 0.203 |   1.927 |    2.005 | 
     | datapath/FE_OFC620_n_780                           | A v -> ZN ^  | INV_X4    | 0.125 |   2.053 |    2.130 | 
     | datapath/FE_OFC621_n_780                           | A ^ -> ZN v  | INV_X1    | 0.117 |   2.170 |    2.248 | 
     | datapath/g26366                                    | B1 v -> ZN ^ | OAI221_X1 | 0.251 |   2.421 |    2.499 | 
     | datapath/LT_TC_OP_g1841                            | A ^ -> ZN v  | INV_X1    | 0.060 |   2.481 |    2.558 | 
     | datapath/LT_TC_OP_g1819                            | A2 v -> ZN ^ | NOR2_X1   | 0.155 |   2.635 |    2.713 | 
     | datapath/LT_TC_OP_g1779                            | A1 ^ -> ZN v | NOR3_X1   | 0.044 |   2.679 |    2.757 | 
     | datapath/LT_TC_OP_g1752                            | A v -> ZN ^  | AOI221_X1 | 0.327 |   3.006 |    3.084 | 
     | datapath/LT_TC_OP_g1749                            | B1 ^ -> ZN v | OAI221_X1 | 0.148 |   3.154 |    3.232 | 
     | datapath/FE_RC_448_0                               | A1 v -> ZN v | AND2_X1   | 0.124 |   3.278 |    3.356 | 
     | datapath/FE_RC_447_0                               | A v -> ZN ^  | AOI211_X2 | 0.318 |   3.596 |    3.673 | 
     | datapath/g16081                                    | A1 ^ -> ZN ^ | AND2_X1   | 0.168 |   3.764 |    3.842 | 
     | datapath/g16079                                    | A1 ^ -> ZN ^ | OR2_X4    | 0.093 |   3.857 |    3.934 | 
     | datapath/branch_or_inc_4/FE_OFC611_IFID_takeBranch | A ^ -> Z ^   | BUF_X8    | 0.115 |   3.972 |    4.049 | 
     | datapath/branch_or_inc_4/g826__5122                | S ^ -> Z v   | MUX2_X1   | 0.233 |   4.205 |    4.282 | 
     | datapath/IF_pc_reg[13]                             | D v          | SDFFR_X1  | 0.000 |   4.205 |    4.282 | 
     +------------------------------------------------------------------------------------------------------------+ 
Path 24: MET Setup Check with Pin datapath/IF_pc_reg[22]/CK 
Endpoint:   datapath/IF_pc_reg[22]/D      (v) checked with  leading edge of 
'clk'
Beginpoint: datapath/IFID_instr_reg[20]/Q (^) triggered by  leading edge of 
'clk'
Path Groups: {reg2reg}
Analysis View: RPT_SLOW
Other End Arrival Time          0.528
- Setup                         0.243
+ Phase Shift                   4.100
+ CPPR Adjustment               0.000
- Uncertainty                   0.100
= Required Time                 4.285
- Arrival Time                  4.207
= Slack Time                    0.078
     Clock Rise Edge                 0.000
     + Clock Network Latency (Prop)  0.468
     = Beginpoint Arrival Time       0.468
     +------------------------------------------------------------------------------------------------------------+ 
     |                      Instance                      |     Arc      |   Cell    | Delay | Arrival | Required | 
     |                                                    |              |           |       |  Time   |   Time   | 
     |----------------------------------------------------+--------------+-----------+-------+---------+----------| 
     | datapath/IFID_instr_reg[20]                        | CK ^         |           |       |   0.469 |    0.547 | 
     | datapath/IFID_instr_reg[20]                        | CK ^ -> Q ^  | DFFR_X1   | 0.421 |   0.890 |    0.968 | 
     | datapath/FE_OFC254_IFID_rs2_0                      | A ^ -> Z ^   | CLKBUF_X1 | 0.336 |   1.225 |    1.304 | 
     | datapath/g26904                                    | A ^ -> ZN ^  | XNOR2_X1  | 0.188 |   1.413 |    1.491 | 
     | datapath/g26728                                    | A1 ^ -> ZN v | NAND4_X1  | 0.121 |   1.534 |    1.613 | 
     | datapath/g26722                                    | A1 v -> ZN ^ | NOR2_X1   | 0.145 |   1.679 |    1.757 | 
     | datapath/g26699                                    | A2 ^ -> ZN v | NOR2_X1   | 0.046 |   1.725 |    1.803 | 
     | datapath/g26648                                    | A1 v -> ZN v | OR2_X2    | 0.203 |   1.927 |    2.006 | 
     | datapath/FE_OFC620_n_780                           | A v -> ZN ^  | INV_X4    | 0.125 |   2.053 |    2.131 | 
     | datapath/FE_OFC621_n_780                           | A ^ -> ZN v  | INV_X1    | 0.117 |   2.170 |    2.248 | 
     | datapath/g26366                                    | B1 v -> ZN ^ | OAI221_X1 | 0.251 |   2.421 |    2.499 | 
     | datapath/LT_TC_OP_g1841                            | A ^ -> ZN v  | INV_X1    | 0.060 |   2.481 |    2.559 | 
     | datapath/LT_TC_OP_g1819                            | A2 v -> ZN ^ | NOR2_X1   | 0.155 |   2.635 |    2.714 | 
     | datapath/LT_TC_OP_g1779                            | A1 ^ -> ZN v | NOR3_X1   | 0.044 |   2.679 |    2.758 | 
     | datapath/LT_TC_OP_g1752                            | A v -> ZN ^  | AOI221_X1 | 0.327 |   3.006 |    3.085 | 
     | datapath/LT_TC_OP_g1749                            | B1 ^ -> ZN v | OAI221_X1 | 0.148 |   3.154 |    3.233 | 
     | datapath/FE_RC_448_0                               | A1 v -> ZN v | AND2_X1   | 0.124 |   3.278 |    3.356 | 
     | datapath/FE_RC_447_0                               | A v -> ZN ^  | AOI211_X2 | 0.318 |   3.596 |    3.674 | 
     | datapath/g16081                                    | A1 ^ -> ZN ^ | AND2_X1   | 0.168 |   3.764 |    3.842 | 
     | datapath/g16079                                    | A1 ^ -> ZN ^ | OR2_X4    | 0.093 |   3.857 |    3.935 | 
     | datapath/branch_or_inc_4/FE_OFC611_IFID_takeBranch | A ^ -> Z ^   | BUF_X8    | 0.115 |   3.972 |    4.050 | 
     | datapath/branch_or_inc_4/g825__1705                | S ^ -> Z v   | MUX2_X1   | 0.235 |   4.207 |    4.285 | 
     | datapath/IF_pc_reg[22]                             | D v          | SDFFR_X1  | 0.000 |   4.207 |    4.285 | 
     +------------------------------------------------------------------------------------------------------------+ 
Path 25: MET Setup Check with Pin datapath/IF_pc_reg[21]/CK 
Endpoint:   datapath/IF_pc_reg[21]/D      (v) checked with  leading edge of 
'clk'
Beginpoint: datapath/IFID_instr_reg[20]/Q (^) triggered by  leading edge of 
'clk'
Path Groups: {reg2reg}
Analysis View: RPT_SLOW
Other End Arrival Time          0.528
- Setup                         0.243
+ Phase Shift                   4.100
+ CPPR Adjustment               0.000
- Uncertainty                   0.100
= Required Time                 4.285
- Arrival Time                  4.206
= Slack Time                    0.078
     Clock Rise Edge                 0.000
     + Clock Network Latency (Prop)  0.468
     = Beginpoint Arrival Time       0.468
     +------------------------------------------------------------------------------------------------------------+ 
     |                      Instance                      |     Arc      |   Cell    | Delay | Arrival | Required | 
     |                                                    |              |           |       |  Time   |   Time   | 
     |----------------------------------------------------+--------------+-----------+-------+---------+----------| 
     | datapath/IFID_instr_reg[20]                        | CK ^         |           |       |   0.468 |    0.547 | 
     | datapath/IFID_instr_reg[20]                        | CK ^ -> Q ^  | DFFR_X1   | 0.421 |   0.889 |    0.968 | 
     | datapath/FE_OFC254_IFID_rs2_0                      | A ^ -> Z ^   | CLKBUF_X1 | 0.336 |   1.225 |    1.304 | 
     | datapath/g26904                                    | A ^ -> ZN ^  | XNOR2_X1  | 0.188 |   1.413 |    1.492 | 
     | datapath/g26728                                    | A1 ^ -> ZN v | NAND4_X1  | 0.121 |   1.534 |    1.613 | 
     | datapath/g26722                                    | A1 v -> ZN ^ | NOR2_X1   | 0.145 |   1.679 |    1.758 | 
     | datapath/g26699                                    | A2 ^ -> ZN v | NOR2_X1   | 0.046 |   1.725 |    1.803 | 
     | datapath/g26648                                    | A1 v -> ZN v | OR2_X2    | 0.203 |   1.927 |    2.006 | 
     | datapath/FE_OFC620_n_780                           | A v -> ZN ^  | INV_X4    | 0.125 |   2.053 |    2.131 | 
     | datapath/FE_OFC621_n_780                           | A ^ -> ZN v  | INV_X1    | 0.117 |   2.170 |    2.249 | 
     | datapath/g26366                                    | B1 v -> ZN ^ | OAI221_X1 | 0.251 |   2.421 |    2.499 | 
     | datapath/LT_TC_OP_g1841                            | A ^ -> ZN v  | INV_X1    | 0.060 |   2.481 |    2.559 | 
     | datapath/LT_TC_OP_g1819                            | A2 v -> ZN ^ | NOR2_X1   | 0.155 |   2.635 |    2.714 | 
     | datapath/LT_TC_OP_g1779                            | A1 ^ -> ZN v | NOR3_X1   | 0.044 |   2.679 |    2.758 | 
     | datapath/LT_TC_OP_g1752                            | A v -> ZN ^  | AOI221_X1 | 0.327 |   3.006 |    3.085 | 
     | datapath/LT_TC_OP_g1749                            | B1 ^ -> ZN v | OAI221_X1 | 0.148 |   3.154 |    3.233 | 
     | datapath/FE_RC_448_0                               | A1 v -> ZN v | AND2_X1   | 0.124 |   3.278 |    3.357 | 
     | datapath/FE_RC_447_0                               | A v -> ZN ^  | AOI211_X2 | 0.318 |   3.596 |    3.674 | 
     | datapath/g16081                                    | A1 ^ -> ZN ^ | AND2_X1   | 0.168 |   3.764 |    3.843 | 
     | datapath/g16079                                    | A1 ^ -> ZN ^ | OR2_X4    | 0.093 |   3.857 |    3.935 | 
     | datapath/branch_or_inc_4/FE_OFC611_IFID_takeBranch | A ^ -> Z ^   | BUF_X8    | 0.115 |   3.972 |    4.050 | 
     | datapath/branch_or_inc_4/g832__7482                | S ^ -> Z v   | MUX2_X1   | 0.235 |   4.206 |    4.285 | 
     | datapath/IF_pc_reg[21]                             | D v          | SDFFR_X1  | 0.000 |   4.206 |    4.285 | 
     +------------------------------------------------------------------------------------------------------------+ 
Path 26: MET Setup Check with Pin datapath/IF_pc_reg[23]/CK 
Endpoint:   datapath/IF_pc_reg[23]/D      (v) checked with  leading edge of 
'clk'
Beginpoint: datapath/IFID_instr_reg[20]/Q (^) triggered by  leading edge of 
'clk'
Path Groups: {reg2reg}
Analysis View: RPT_SLOW
Other End Arrival Time          0.528
- Setup                         0.243
+ Phase Shift                   4.100
+ CPPR Adjustment               0.000
- Uncertainty                   0.100
= Required Time                 4.285
- Arrival Time                  4.206
= Slack Time                    0.079
     Clock Rise Edge                 0.000
     + Clock Network Latency (Prop)  0.468
     = Beginpoint Arrival Time       0.468
     +------------------------------------------------------------------------------------------------------------+ 
     |                      Instance                      |     Arc      |   Cell    | Delay | Arrival | Required | 
     |                                                    |              |           |       |  Time   |   Time   | 
     |----------------------------------------------------+--------------+-----------+-------+---------+----------| 
     | datapath/IFID_instr_reg[20]                        | CK ^         |           |       |   0.468 |    0.547 | 
     | datapath/IFID_instr_reg[20]                        | CK ^ -> Q ^  | DFFR_X1   | 0.421 |   0.889 |    0.968 | 
     | datapath/FE_OFC254_IFID_rs2_0                      | A ^ -> Z ^   | CLKBUF_X1 | 0.336 |   1.225 |    1.304 | 
     | datapath/g26904                                    | A ^ -> ZN ^  | XNOR2_X1  | 0.188 |   1.413 |    1.492 | 
     | datapath/g26728                                    | A1 ^ -> ZN v | NAND4_X1  | 0.121 |   1.534 |    1.613 | 
     | datapath/g26722                                    | A1 v -> ZN ^ | NOR2_X1   | 0.145 |   1.679 |    1.758 | 
     | datapath/g26699                                    | A2 ^ -> ZN v | NOR2_X1   | 0.046 |   1.725 |    1.804 | 
     | datapath/g26648                                    | A1 v -> ZN v | OR2_X2    | 0.203 |   1.927 |    2.006 | 
     | datapath/FE_OFC620_n_780                           | A v -> ZN ^  | INV_X4    | 0.125 |   2.053 |    2.132 | 
     | datapath/FE_OFC621_n_780                           | A ^ -> ZN v  | INV_X1    | 0.117 |   2.170 |    2.249 | 
     | datapath/g26366                                    | B1 v -> ZN ^ | OAI221_X1 | 0.251 |   2.421 |    2.500 | 
     | datapath/LT_TC_OP_g1841                            | A ^ -> ZN v  | INV_X1    | 0.060 |   2.481 |    2.560 | 
     | datapath/LT_TC_OP_g1819                            | A2 v -> ZN ^ | NOR2_X1   | 0.155 |   2.635 |    2.714 | 
     | datapath/LT_TC_OP_g1779                            | A1 ^ -> ZN v | NOR3_X1   | 0.044 |   2.679 |    2.758 | 
     | datapath/LT_TC_OP_g1752                            | A v -> ZN ^  | AOI221_X1 | 0.327 |   3.006 |    3.085 | 
     | datapath/LT_TC_OP_g1749                            | B1 ^ -> ZN v | OAI221_X1 | 0.148 |   3.154 |    3.233 | 
     | datapath/FE_RC_448_0                               | A1 v -> ZN v | AND2_X1   | 0.124 |   3.278 |    3.357 | 
     | datapath/FE_RC_447_0                               | A v -> ZN ^  | AOI211_X2 | 0.318 |   3.596 |    3.675 | 
     | datapath/g16081                                    | A1 ^ -> ZN ^ | AND2_X1   | 0.168 |   3.764 |    3.843 | 
     | datapath/g16079                                    | A1 ^ -> ZN ^ | OR2_X4    | 0.093 |   3.857 |    3.936 | 
     | datapath/branch_or_inc_4/FE_OFC611_IFID_takeBranch | A ^ -> Z ^   | BUF_X8    | 0.115 |   3.972 |    4.051 | 
     | datapath/branch_or_inc_4/g822__3680                | S ^ -> Z v   | MUX2_X1   | 0.234 |   4.206 |    4.285 | 
     | datapath/IF_pc_reg[23]                             | D v          | SDFFR_X1  | 0.000 |   4.206 |    4.285 | 
     +------------------------------------------------------------------------------------------------------------+ 
Path 27: MET Setup Check with Pin datapath/IF_pc_reg[24]/CK 
Endpoint:   datapath/IF_pc_reg[24]/D      (v) checked with  leading edge of 
'clk'
Beginpoint: datapath/IFID_instr_reg[20]/Q (^) triggered by  leading edge of 
'clk'
Path Groups: {reg2reg}
Analysis View: RPT_SLOW
Other End Arrival Time          0.528
- Setup                         0.243
+ Phase Shift                   4.100
+ CPPR Adjustment               0.000
- Uncertainty                   0.100
= Required Time                 4.285
- Arrival Time                  4.206
= Slack Time                    0.079
     Clock Rise Edge                 0.000
     + Clock Network Latency (Prop)  0.468
     = Beginpoint Arrival Time       0.468
     +------------------------------------------------------------------------------------------------------------+ 
     |                      Instance                      |     Arc      |   Cell    | Delay | Arrival | Required | 
     |                                                    |              |           |       |  Time   |   Time   | 
     |----------------------------------------------------+--------------+-----------+-------+---------+----------| 
     | datapath/IFID_instr_reg[20]                        | CK ^         |           |       |   0.468 |    0.547 | 
     | datapath/IFID_instr_reg[20]                        | CK ^ -> Q ^  | DFFR_X1   | 0.421 |   0.889 |    0.968 | 
     | datapath/FE_OFC254_IFID_rs2_0                      | A ^ -> Z ^   | CLKBUF_X1 | 0.336 |   1.225 |    1.304 | 
     | datapath/g26904                                    | A ^ -> ZN ^  | XNOR2_X1  | 0.188 |   1.413 |    1.492 | 
     | datapath/g26728                                    | A1 ^ -> ZN v | NAND4_X1  | 0.121 |   1.534 |    1.613 | 
     | datapath/g26722                                    | A1 v -> ZN ^ | NOR2_X1   | 0.145 |   1.679 |    1.758 | 
     | datapath/g26699                                    | A2 ^ -> ZN v | NOR2_X1   | 0.046 |   1.725 |    1.804 | 
     | datapath/g26648                                    | A1 v -> ZN v | OR2_X2    | 0.203 |   1.927 |    2.006 | 
     | datapath/FE_OFC620_n_780                           | A v -> ZN ^  | INV_X4    | 0.125 |   2.053 |    2.132 | 
     | datapath/FE_OFC621_n_780                           | A ^ -> ZN v  | INV_X1    | 0.117 |   2.170 |    2.249 | 
     | datapath/g26366                                    | B1 v -> ZN ^ | OAI221_X1 | 0.251 |   2.421 |    2.500 | 
     | datapath/LT_TC_OP_g1841                            | A ^ -> ZN v  | INV_X1    | 0.060 |   2.481 |    2.560 | 
     | datapath/LT_TC_OP_g1819                            | A2 v -> ZN ^ | NOR2_X1   | 0.155 |   2.635 |    2.714 | 
     | datapath/LT_TC_OP_g1779                            | A1 ^ -> ZN v | NOR3_X1   | 0.044 |   2.679 |    2.758 | 
     | datapath/LT_TC_OP_g1752                            | A v -> ZN ^  | AOI221_X1 | 0.327 |   3.006 |    3.085 | 
     | datapath/LT_TC_OP_g1749                            | B1 ^ -> ZN v | OAI221_X1 | 0.148 |   3.154 |    3.233 | 
     | datapath/FE_RC_448_0                               | A1 v -> ZN v | AND2_X1   | 0.124 |   3.278 |    3.357 | 
     | datapath/FE_RC_447_0                               | A v -> ZN ^  | AOI211_X2 | 0.318 |   3.596 |    3.675 | 
     | datapath/g16081                                    | A1 ^ -> ZN ^ | AND2_X1   | 0.168 |   3.764 |    3.843 | 
     | datapath/g16079                                    | A1 ^ -> ZN ^ | OR2_X4    | 0.093 |   3.857 |    3.936 | 
     | datapath/branch_or_inc_4/FE_OFC611_IFID_takeBranch | A ^ -> Z ^   | BUF_X8    | 0.115 |   3.972 |    4.051 | 
     | datapath/branch_or_inc_4/g809__2883                | S ^ -> Z v   | MUX2_X1   | 0.234 |   4.206 |    4.285 | 
     | datapath/IF_pc_reg[24]                             | D v          | SDFFR_X1  | 0.000 |   4.206 |    4.285 | 
     +------------------------------------------------------------------------------------------------------------+ 
Path 28: MET Setup Check with Pin datapath/IF_pc_reg[25]/CK 
Endpoint:   datapath/IF_pc_reg[25]/D      (v) checked with  leading edge of 
'clk'
Beginpoint: datapath/IFID_instr_reg[20]/Q (^) triggered by  leading edge of 
'clk'
Path Groups: {reg2reg}
Analysis View: RPT_SLOW
Other End Arrival Time          0.528
- Setup                         0.243
+ Phase Shift                   4.100
+ CPPR Adjustment               0.000
- Uncertainty                   0.100
= Required Time                 4.285
- Arrival Time                  4.206
= Slack Time                    0.079
     Clock Rise Edge                 0.000
     + Clock Network Latency (Prop)  0.468
     = Beginpoint Arrival Time       0.468
     +------------------------------------------------------------------------------------------------------------+ 
     |                      Instance                      |     Arc      |   Cell    | Delay | Arrival | Required | 
     |                                                    |              |           |       |  Time   |   Time   | 
     |----------------------------------------------------+--------------+-----------+-------+---------+----------| 
     | datapath/IFID_instr_reg[20]                        | CK ^         |           |       |   0.468 |    0.548 | 
     | datapath/IFID_instr_reg[20]                        | CK ^ -> Q ^  | DFFR_X1   | 0.421 |   0.889 |    0.969 | 
     | datapath/FE_OFC254_IFID_rs2_0                      | A ^ -> Z ^   | CLKBUF_X1 | 0.336 |   1.225 |    1.305 | 
     | datapath/g26904                                    | A ^ -> ZN ^  | XNOR2_X1  | 0.188 |   1.413 |    1.492 | 
     | datapath/g26728                                    | A1 ^ -> ZN v | NAND4_X1  | 0.121 |   1.534 |    1.614 | 
     | datapath/g26722                                    | A1 v -> ZN ^ | NOR2_X1   | 0.145 |   1.679 |    1.758 | 
     | datapath/g26699                                    | A2 ^ -> ZN v | NOR2_X1   | 0.046 |   1.725 |    1.804 | 
     | datapath/g26648                                    | A1 v -> ZN v | OR2_X2    | 0.203 |   1.927 |    2.007 | 
     | datapath/FE_OFC620_n_780                           | A v -> ZN ^  | INV_X4    | 0.125 |   2.053 |    2.132 | 
     | datapath/FE_OFC621_n_780                           | A ^ -> ZN v  | INV_X1    | 0.117 |   2.170 |    2.249 | 
     | datapath/g26366                                    | B1 v -> ZN ^ | OAI221_X1 | 0.251 |   2.421 |    2.500 | 
     | datapath/LT_TC_OP_g1841                            | A ^ -> ZN v  | INV_X1    | 0.060 |   2.481 |    2.560 | 
     | datapath/LT_TC_OP_g1819                            | A2 v -> ZN ^ | NOR2_X1   | 0.155 |   2.635 |    2.715 | 
     | datapath/LT_TC_OP_g1779                            | A1 ^ -> ZN v | NOR3_X1   | 0.044 |   2.679 |    2.759 | 
     | datapath/LT_TC_OP_g1752                            | A v -> ZN ^  | AOI221_X1 | 0.327 |   3.006 |    3.086 | 
     | datapath/LT_TC_OP_g1749                            | B1 ^ -> ZN v | OAI221_X1 | 0.148 |   3.154 |    3.234 | 
     | datapath/FE_RC_448_0                               | A1 v -> ZN v | AND2_X1   | 0.124 |   3.278 |    3.357 | 
     | datapath/FE_RC_447_0                               | A v -> ZN ^  | AOI211_X2 | 0.318 |   3.596 |    3.675 | 
     | datapath/g16081                                    | A1 ^ -> ZN ^ | AND2_X1   | 0.168 |   3.764 |    3.843 | 
     | datapath/g16079                                    | A1 ^ -> ZN ^ | OR2_X4    | 0.093 |   3.857 |    3.936 | 
     | datapath/branch_or_inc_4/FE_OFC611_IFID_takeBranch | A ^ -> Z ^   | BUF_X8    | 0.115 |   3.972 |    4.051 | 
     | datapath/branch_or_inc_4/g811__1666                | S ^ -> Z v   | MUX2_X1   | 0.234 |   4.205 |    4.285 | 
     | datapath/IF_pc_reg[25]                             | D v          | SDFFR_X1  | 0.000 |   4.206 |    4.285 | 
     +------------------------------------------------------------------------------------------------------------+ 
Path 29: MET Setup Check with Pin datapath/IF_pc_reg[2]/CK 
Endpoint:   datapath/IF_pc_reg[2]/D       (v) checked with  leading edge of 
'clk'
Beginpoint: datapath/IFID_instr_reg[20]/Q (^) triggered by  leading edge of 
'clk'
Path Groups: {reg2reg}
Analysis View: RPT_SLOW
Other End Arrival Time          0.516
- Setup                         0.245
+ Phase Shift                   4.100
+ CPPR Adjustment               0.000
- Uncertainty                   0.100
= Required Time                 4.272
- Arrival Time                  4.192
= Slack Time                    0.080
     Clock Rise Edge                 0.000
     + Clock Network Latency (Prop)  0.468
     = Beginpoint Arrival Time       0.468
     +------------------------------------------------------------------------------------------------------------+ 
     |                      Instance                      |     Arc      |   Cell    | Delay | Arrival | Required | 
     |                                                    |              |           |       |  Time   |   Time   | 
     |----------------------------------------------------+--------------+-----------+-------+---------+----------| 
     | datapath/IFID_instr_reg[20]                        | CK ^         |           |       |   0.468 |    0.548 | 
     | datapath/IFID_instr_reg[20]                        | CK ^ -> Q ^  | DFFR_X1   | 0.421 |   0.889 |    0.969 | 
     | datapath/FE_OFC254_IFID_rs2_0                      | A ^ -> Z ^   | CLKBUF_X1 | 0.336 |   1.225 |    1.305 | 
     | datapath/g26904                                    | A ^ -> ZN ^  | XNOR2_X1  | 0.188 |   1.413 |    1.493 | 
     | datapath/g26728                                    | A1 ^ -> ZN v | NAND4_X1  | 0.121 |   1.534 |    1.614 | 
     | datapath/g26722                                    | A1 v -> ZN ^ | NOR2_X1   | 0.145 |   1.679 |    1.759 | 
     | datapath/g26699                                    | A2 ^ -> ZN v | NOR2_X1   | 0.046 |   1.725 |    1.804 | 
     | datapath/g26648                                    | A1 v -> ZN v | OR2_X2    | 0.203 |   1.927 |    2.007 | 
     | datapath/FE_OFC620_n_780                           | A v -> ZN ^  | INV_X4    | 0.125 |   2.053 |    2.132 | 
     | datapath/FE_OFC621_n_780                           | A ^ -> ZN v  | INV_X1    | 0.117 |   2.170 |    2.250 | 
     | datapath/g26366                                    | B1 v -> ZN ^ | OAI221_X1 | 0.251 |   2.421 |    2.501 | 
     | datapath/LT_TC_OP_g1841                            | A ^ -> ZN v  | INV_X1    | 0.060 |   2.481 |    2.560 | 
     | datapath/LT_TC_OP_g1819                            | A2 v -> ZN ^ | NOR2_X1   | 0.155 |   2.635 |    2.715 | 
     | datapath/LT_TC_OP_g1779                            | A1 ^ -> ZN v | NOR3_X1   | 0.044 |   2.679 |    2.759 | 
     | datapath/LT_TC_OP_g1752                            | A v -> ZN ^  | AOI221_X1 | 0.327 |   3.006 |    3.086 | 
     | datapath/LT_TC_OP_g1749                            | B1 ^ -> ZN v | OAI221_X1 | 0.148 |   3.154 |    3.234 | 
     | datapath/FE_RC_448_0                               | A1 v -> ZN v | AND2_X1   | 0.124 |   3.278 |    3.358 | 
     | datapath/FE_RC_447_0                               | A v -> ZN ^  | AOI211_X2 | 0.318 |   3.596 |    3.675 | 
     | datapath/g16081                                    | A1 ^ -> ZN ^ | AND2_X1   | 0.168 |   3.764 |    3.844 | 
     | datapath/g16079                                    | A1 ^ -> ZN ^ | OR2_X4    | 0.093 |   3.857 |    3.936 | 
     | datapath/branch_or_inc_4/FE_OFC612_IFID_takeBranch | A ^ -> Z ^   | BUF_X2    | 0.111 |   3.968 |    4.047 | 
     | datapath/branch_or_inc_4/g818__4319                | S ^ -> Z v   | MUX2_X1   | 0.224 |   4.192 |    4.271 | 
     | datapath/IF_pc_reg[2]                              | D v          | SDFFR_X1  | 0.000 |   4.192 |    4.272 | 
     +------------------------------------------------------------------------------------------------------------+ 
Path 30: MET Setup Check with Pin datapath/IF_pc_reg[1]/CK 
Endpoint:   datapath/IF_pc_reg[1]/D       (v) checked with  leading edge of 
'clk'
Beginpoint: datapath/IFID_instr_reg[20]/Q (^) triggered by  leading edge of 
'clk'
Path Groups: {reg2reg}
Analysis View: RPT_SLOW
Other End Arrival Time          0.516
- Setup                         0.245
+ Phase Shift                   4.100
+ CPPR Adjustment               0.000
- Uncertainty                   0.100
= Required Time                 4.272
- Arrival Time                  4.192
= Slack Time                    0.080
     Clock Rise Edge                 0.000
     + Clock Network Latency (Prop)  0.468
     = Beginpoint Arrival Time       0.468
     +------------------------------------------------------------------------------------------------------------+ 
     |                      Instance                      |     Arc      |   Cell    | Delay | Arrival | Required | 
     |                                                    |              |           |       |  Time   |   Time   | 
     |----------------------------------------------------+--------------+-----------+-------+---------+----------| 
     | datapath/IFID_instr_reg[20]                        | CK ^         |           |       |   0.468 |    0.548 | 
     | datapath/IFID_instr_reg[20]                        | CK ^ -> Q ^  | DFFR_X1   | 0.421 |   0.889 |    0.969 | 
     | datapath/FE_OFC254_IFID_rs2_0                      | A ^ -> Z ^   | CLKBUF_X1 | 0.336 |   1.225 |    1.305 | 
     | datapath/g26904                                    | A ^ -> ZN ^  | XNOR2_X1  | 0.188 |   1.413 |    1.493 | 
     | datapath/g26728                                    | A1 ^ -> ZN v | NAND4_X1  | 0.121 |   1.534 |    1.614 | 
     | datapath/g26722                                    | A1 v -> ZN ^ | NOR2_X1   | 0.145 |   1.679 |    1.759 | 
     | datapath/g26699                                    | A2 ^ -> ZN v | NOR2_X1   | 0.046 |   1.725 |    1.805 | 
     | datapath/g26648                                    | A1 v -> ZN v | OR2_X2    | 0.203 |   1.927 |    2.007 | 
     | datapath/FE_OFC620_n_780                           | A v -> ZN ^  | INV_X4    | 0.125 |   2.053 |    2.133 | 
     | datapath/FE_OFC621_n_780                           | A ^ -> ZN v  | INV_X1    | 0.117 |   2.170 |    2.250 | 
     | datapath/g26366                                    | B1 v -> ZN ^ | OAI221_X1 | 0.251 |   2.421 |    2.501 | 
     | datapath/LT_TC_OP_g1841                            | A ^ -> ZN v  | INV_X1    | 0.060 |   2.481 |    2.561 | 
     | datapath/LT_TC_OP_g1819                            | A2 v -> ZN ^ | NOR2_X1   | 0.155 |   2.635 |    2.715 | 
     | datapath/LT_TC_OP_g1779                            | A1 ^ -> ZN v | NOR3_X1   | 0.044 |   2.679 |    2.759 | 
     | datapath/LT_TC_OP_g1752                            | A v -> ZN ^  | AOI221_X1 | 0.327 |   3.006 |    3.086 | 
     | datapath/LT_TC_OP_g1749                            | B1 ^ -> ZN v | OAI221_X1 | 0.148 |   3.154 |    3.234 | 
     | datapath/FE_RC_448_0                               | A1 v -> ZN v | AND2_X1   | 0.124 |   3.278 |    3.358 | 
     | datapath/FE_RC_447_0                               | A v -> ZN ^  | AOI211_X2 | 0.318 |   3.596 |    3.676 | 
     | datapath/g16081                                    | A1 ^ -> ZN ^ | AND2_X1   | 0.168 |   3.764 |    3.844 | 
     | datapath/g16079                                    | A1 ^ -> ZN ^ | OR2_X4    | 0.093 |   3.857 |    3.937 | 
     | datapath/branch_or_inc_4/FE_OFC612_IFID_takeBranch | A ^ -> Z ^   | BUF_X2    | 0.111 |   3.968 |    4.048 | 
     | datapath/branch_or_inc_4/g820__5526                | S ^ -> Z v   | MUX2_X1   | 0.224 |   4.192 |    4.272 | 
     | datapath/IF_pc_reg[1]                              | D v          | SDFFR_X1  | 0.000 |   4.192 |    4.272 | 
     +------------------------------------------------------------------------------------------------------------+ 
Path 31: MET Setup Check with Pin datapath/IF_pc_reg[14]/CK 
Endpoint:   datapath/IF_pc_reg[14]/D      (v) checked with  leading edge of 
'clk'
Beginpoint: datapath/IFID_instr_reg[20]/Q (^) triggered by  leading edge of 
'clk'
Path Groups: {reg2reg}
Analysis View: RPT_SLOW
Other End Arrival Time          0.526
- Setup                         0.243
+ Phase Shift                   4.100
+ CPPR Adjustment               0.000
- Uncertainty                   0.100
= Required Time                 4.283
- Arrival Time                  4.202
= Slack Time                    0.080
     Clock Rise Edge                 0.000
     + Clock Network Latency (Prop)  0.468
     = Beginpoint Arrival Time       0.468
     +------------------------------------------------------------------------------------------------------------+ 
     |                      Instance                      |     Arc      |   Cell    | Delay | Arrival | Required | 
     |                                                    |              |           |       |  Time   |   Time   | 
     |----------------------------------------------------+--------------+-----------+-------+---------+----------| 
     | datapath/IFID_instr_reg[20]                        | CK ^         |           |       |   0.468 |    0.549 | 
     | datapath/IFID_instr_reg[20]                        | CK ^ -> Q ^  | DFFR_X1   | 0.421 |   0.889 |    0.970 | 
     | datapath/FE_OFC254_IFID_rs2_0                      | A ^ -> Z ^   | CLKBUF_X1 | 0.336 |   1.225 |    1.306 | 
     | datapath/g26904                                    | A ^ -> ZN ^  | XNOR2_X1  | 0.188 |   1.413 |    1.494 | 
     | datapath/g26728                                    | A1 ^ -> ZN v | NAND4_X1  | 0.121 |   1.534 |    1.615 | 
     | datapath/g26722                                    | A1 v -> ZN ^ | NOR2_X1   | 0.145 |   1.679 |    1.760 | 
     | datapath/g26699                                    | A2 ^ -> ZN v | NOR2_X1   | 0.046 |   1.725 |    1.805 | 
     | datapath/g26648                                    | A1 v -> ZN v | OR2_X2    | 0.203 |   1.927 |    2.008 | 
     | datapath/FE_OFC620_n_780                           | A v -> ZN ^  | INV_X4    | 0.125 |   2.053 |    2.133 | 
     | datapath/FE_OFC621_n_780                           | A ^ -> ZN v  | INV_X1    | 0.117 |   2.170 |    2.251 | 
     | datapath/g26366                                    | B1 v -> ZN ^ | OAI221_X1 | 0.251 |   2.421 |    2.501 | 
     | datapath/LT_TC_OP_g1841                            | A ^ -> ZN v  | INV_X1    | 0.060 |   2.481 |    2.561 | 
     | datapath/LT_TC_OP_g1819                            | A2 v -> ZN ^ | NOR2_X1   | 0.155 |   2.635 |    2.716 | 
     | datapath/LT_TC_OP_g1779                            | A1 ^ -> ZN v | NOR3_X1   | 0.044 |   2.679 |    2.760 | 
     | datapath/LT_TC_OP_g1752                            | A v -> ZN ^  | AOI221_X1 | 0.327 |   3.006 |    3.087 | 
     | datapath/LT_TC_OP_g1749                            | B1 ^ -> ZN v | OAI221_X1 | 0.148 |   3.154 |    3.235 | 
     | datapath/FE_RC_448_0                               | A1 v -> ZN v | AND2_X1   | 0.124 |   3.278 |    3.359 | 
     | datapath/FE_RC_447_0                               | A v -> ZN ^  | AOI211_X2 | 0.318 |   3.596 |    3.676 | 
     | datapath/g16081                                    | A1 ^ -> ZN ^ | AND2_X1   | 0.168 |   3.764 |    3.845 | 
     | datapath/g16079                                    | A1 ^ -> ZN ^ | OR2_X4    | 0.093 |   3.857 |    3.937 | 
     | datapath/branch_or_inc_4/FE_OFC611_IFID_takeBranch | A ^ -> Z ^   | BUF_X8    | 0.115 |   3.972 |    4.052 | 
     | datapath/branch_or_inc_4/g839__1666                | S ^ -> Z v   | MUX2_X1   | 0.231 |   4.202 |    4.283 | 
     | datapath/IF_pc_reg[14]                             | D v          | SDFFR_X1  | 0.000 |   4.202 |    4.283 | 
     +------------------------------------------------------------------------------------------------------------+ 
Path 32: MET Setup Check with Pin datapath/IF_pc_reg[11]/CK 
Endpoint:   datapath/IF_pc_reg[11]/D      (v) checked with  leading edge of 
'clk'
Beginpoint: datapath/IFID_instr_reg[20]/Q (^) triggered by  leading edge of 
'clk'
Path Groups: {reg2reg}
Analysis View: RPT_SLOW
Other End Arrival Time          0.526
- Setup                         0.241
+ Phase Shift                   4.100
+ CPPR Adjustment               0.000
- Uncertainty                   0.100
= Required Time                 4.285
- Arrival Time                  4.204
= Slack Time                    0.081
     Clock Rise Edge                 0.000
     + Clock Network Latency (Prop)  0.468
     = Beginpoint Arrival Time       0.468
     +------------------------------------------------------------------------------------------------------------+ 
     |                      Instance                      |     Arc      |   Cell    | Delay | Arrival | Required | 
     |                                                    |              |           |       |  Time   |   Time   | 
     |----------------------------------------------------+--------------+-----------+-------+---------+----------| 
     | datapath/IFID_instr_reg[20]                        | CK ^         |           |       |   0.468 |    0.549 | 
     | datapath/IFID_instr_reg[20]                        | CK ^ -> Q ^  | DFFR_X1   | 0.421 |   0.889 |    0.970 | 
     | datapath/FE_OFC254_IFID_rs2_0                      | A ^ -> Z ^   | CLKBUF_X1 | 0.336 |   1.225 |    1.306 | 
     | datapath/g26904                                    | A ^ -> ZN ^  | XNOR2_X1  | 0.188 |   1.413 |    1.494 | 
     | datapath/g26728                                    | A1 ^ -> ZN v | NAND4_X1  | 0.121 |   1.534 |    1.615 | 
     | datapath/g26722                                    | A1 v -> ZN ^ | NOR2_X1   | 0.145 |   1.679 |    1.760 | 
     | datapath/g26699                                    | A2 ^ -> ZN v | NOR2_X1   | 0.046 |   1.725 |    1.806 | 
     | datapath/g26648                                    | A1 v -> ZN v | OR2_X2    | 0.203 |   1.927 |    2.008 | 
     | datapath/FE_OFC620_n_780                           | A v -> ZN ^  | INV_X4    | 0.125 |   2.053 |    2.134 | 
     | datapath/FE_OFC621_n_780                           | A ^ -> ZN v  | INV_X1    | 0.117 |   2.170 |    2.251 | 
     | datapath/g26366                                    | B1 v -> ZN ^ | OAI221_X1 | 0.251 |   2.421 |    2.502 | 
     | datapath/LT_TC_OP_g1841                            | A ^ -> ZN v  | INV_X1    | 0.060 |   2.481 |    2.562 | 
     | datapath/LT_TC_OP_g1819                            | A2 v -> ZN ^ | NOR2_X1   | 0.155 |   2.635 |    2.716 | 
     | datapath/LT_TC_OP_g1779                            | A1 ^ -> ZN v | NOR3_X1   | 0.044 |   2.679 |    2.760 | 
     | datapath/LT_TC_OP_g1752                            | A v -> ZN ^  | AOI221_X1 | 0.327 |   3.006 |    3.087 | 
     | datapath/LT_TC_OP_g1749                            | B1 ^ -> ZN v | OAI221_X1 | 0.148 |   3.154 |    3.235 | 
     | datapath/FE_RC_448_0                               | A1 v -> ZN v | AND2_X1   | 0.124 |   3.278 |    3.359 | 
     | datapath/FE_RC_447_0                               | A v -> ZN ^  | AOI211_X2 | 0.318 |   3.596 |    3.677 | 
     | datapath/g16081                                    | A1 ^ -> ZN ^ | AND2_X1   | 0.168 |   3.764 |    3.845 | 
     | datapath/g16079                                    | A1 ^ -> ZN ^ | OR2_X4    | 0.093 |   3.857 |    3.938 | 
     | datapath/branch_or_inc_4/FE_OFC611_IFID_takeBranch | A ^ -> Z ^   | BUF_X8    | 0.115 |   3.972 |    4.053 | 
     | datapath/branch_or_inc_4/g830__1881                | S ^ -> Z v   | MUX2_X1   | 0.232 |   4.204 |    4.285 | 
     | datapath/IF_pc_reg[11]                             | D v          | SDFFR_X1  | 0.000 |   4.204 |    4.285 | 
     +------------------------------------------------------------------------------------------------------------+ 
Path 33: MET Setup Check with Pin datapath/IF_pc_reg[4]/CK 
Endpoint:   datapath/IF_pc_reg[4]/D       (v) checked with  leading edge of 
'clk'
Beginpoint: datapath/IFID_instr_reg[20]/Q (^) triggered by  leading edge of 
'clk'
Path Groups: {reg2reg}
Analysis View: RPT_SLOW
Other End Arrival Time          0.518
- Setup                         0.244
+ Phase Shift                   4.100
+ CPPR Adjustment               0.000
- Uncertainty                   0.100
= Required Time                 4.274
- Arrival Time                  4.192
= Slack Time                    0.082
     Clock Rise Edge                 0.000
     + Clock Network Latency (Prop)  0.468
     = Beginpoint Arrival Time       0.468
     +------------------------------------------------------------------------------------------------------------+ 
     |                      Instance                      |     Arc      |   Cell    | Delay | Arrival | Required | 
     |                                                    |              |           |       |  Time   |   Time   | 
     |----------------------------------------------------+--------------+-----------+-------+---------+----------| 
     | datapath/IFID_instr_reg[20]                        | CK ^         |           |       |   0.469 |    0.551 | 
     | datapath/IFID_instr_reg[20]                        | CK ^ -> Q ^  | DFFR_X1   | 0.421 |   0.890 |    0.972 | 
     | datapath/FE_OFC254_IFID_rs2_0                      | A ^ -> Z ^   | CLKBUF_X1 | 0.336 |   1.225 |    1.307 | 
     | datapath/g26904                                    | A ^ -> ZN ^  | XNOR2_X1  | 0.188 |   1.413 |    1.495 | 
     | datapath/g26728                                    | A1 ^ -> ZN v | NAND4_X1  | 0.121 |   1.534 |    1.616 | 
     | datapath/g26722                                    | A1 v -> ZN ^ | NOR2_X1   | 0.145 |   1.679 |    1.761 | 
     | datapath/g26699                                    | A2 ^ -> ZN v | NOR2_X1   | 0.046 |   1.725 |    1.807 | 
     | datapath/g26648                                    | A1 v -> ZN v | OR2_X2    | 0.203 |   1.927 |    2.009 | 
     | datapath/FE_OFC620_n_780                           | A v -> ZN ^  | INV_X4    | 0.125 |   2.053 |    2.135 | 
     | datapath/FE_OFC621_n_780                           | A ^ -> ZN v  | INV_X1    | 0.117 |   2.170 |    2.252 | 
     | datapath/g26366                                    | B1 v -> ZN ^ | OAI221_X1 | 0.251 |   2.421 |    2.503 | 
     | datapath/LT_TC_OP_g1841                            | A ^ -> ZN v  | INV_X1    | 0.060 |   2.481 |    2.563 | 
     | datapath/LT_TC_OP_g1819                            | A2 v -> ZN ^ | NOR2_X1   | 0.155 |   2.635 |    2.717 | 
     | datapath/LT_TC_OP_g1779                            | A1 ^ -> ZN v | NOR3_X1   | 0.044 |   2.679 |    2.761 | 
     | datapath/LT_TC_OP_g1752                            | A v -> ZN ^  | AOI221_X1 | 0.327 |   3.006 |    3.088 | 
     | datapath/LT_TC_OP_g1749                            | B1 ^ -> ZN v | OAI221_X1 | 0.148 |   3.154 |    3.236 | 
     | datapath/FE_RC_448_0                               | A1 v -> ZN v | AND2_X1   | 0.124 |   3.278 |    3.360 | 
     | datapath/FE_RC_447_0                               | A v -> ZN ^  | AOI211_X2 | 0.318 |   3.596 |    3.678 | 
     | datapath/g16081                                    | A1 ^ -> ZN ^ | AND2_X1   | 0.168 |   3.764 |    3.846 | 
     | datapath/g16079                                    | A1 ^ -> ZN ^ | OR2_X4    | 0.093 |   3.857 |    3.939 | 
     | datapath/branch_or_inc_4/FE_OFC612_IFID_takeBranch | A ^ -> Z ^   | BUF_X2    | 0.111 |   3.968 |    4.050 | 
     | datapath/branch_or_inc_4/g814__5477                | S ^ -> Z v   | MUX2_X1   | 0.224 |   4.192 |    4.274 | 
     | datapath/IF_pc_reg[4]                              | D v          | SDFFR_X1  | 0.000 |   4.192 |    4.274 | 
     +------------------------------------------------------------------------------------------------------------+ 
Path 34: MET Setup Check with Pin datapath/IF_pc_reg[3]/CK 
Endpoint:   datapath/IF_pc_reg[3]/D       (v) checked with  leading edge of 
'clk'
Beginpoint: datapath/IFID_instr_reg[20]/Q (^) triggered by  leading edge of 
'clk'
Path Groups: {reg2reg}
Analysis View: RPT_SLOW
Other End Arrival Time          0.518
- Setup                         0.244
+ Phase Shift                   4.100
+ CPPR Adjustment               0.000
- Uncertainty                   0.100
= Required Time                 4.274
- Arrival Time                  4.189
= Slack Time                    0.086
     Clock Rise Edge                 0.000
     + Clock Network Latency (Prop)  0.468
     = Beginpoint Arrival Time       0.468
     +------------------------------------------------------------------------------------------------------------+ 
     |                      Instance                      |     Arc      |   Cell    | Delay | Arrival | Required | 
     |                                                    |              |           |       |  Time   |   Time   | 
     |----------------------------------------------------+--------------+-----------+-------+---------+----------| 
     | datapath/IFID_instr_reg[20]                        | CK ^         |           |       |   0.469 |    0.554 | 
     | datapath/IFID_instr_reg[20]                        | CK ^ -> Q ^  | DFFR_X1   | 0.421 |   0.890 |    0.975 | 
     | datapath/FE_OFC254_IFID_rs2_0                      | A ^ -> Z ^   | CLKBUF_X1 | 0.336 |   1.225 |    1.311 | 
     | datapath/g26904                                    | A ^ -> ZN ^  | XNOR2_X1  | 0.188 |   1.413 |    1.499 | 
     | datapath/g26728                                    | A1 ^ -> ZN v | NAND4_X1  | 0.121 |   1.534 |    1.620 | 
     | datapath/g26722                                    | A1 v -> ZN ^ | NOR2_X1   | 0.145 |   1.679 |    1.765 | 
     | datapath/g26699                                    | A2 ^ -> ZN v | NOR2_X1   | 0.046 |   1.725 |    1.810 | 
     | datapath/g26648                                    | A1 v -> ZN v | OR2_X2    | 0.203 |   1.927 |    2.013 | 
     | datapath/FE_OFC620_n_780                           | A v -> ZN ^  | INV_X4    | 0.125 |   2.053 |    2.138 | 
     | datapath/FE_OFC621_n_780                           | A ^ -> ZN v  | INV_X1    | 0.117 |   2.170 |    2.256 | 
     | datapath/g26366                                    | B1 v -> ZN ^ | OAI221_X1 | 0.251 |   2.421 |    2.507 | 
     | datapath/LT_TC_OP_g1841                            | A ^ -> ZN v  | INV_X1    | 0.060 |   2.481 |    2.566 | 
     | datapath/LT_TC_OP_g1819                            | A2 v -> ZN ^ | NOR2_X1   | 0.155 |   2.635 |    2.721 | 
     | datapath/LT_TC_OP_g1779                            | A1 ^ -> ZN v | NOR3_X1   | 0.044 |   2.679 |    2.765 | 
     | datapath/LT_TC_OP_g1752                            | A v -> ZN ^  | AOI221_X1 | 0.327 |   3.006 |    3.092 | 
     | datapath/LT_TC_OP_g1749                            | B1 ^ -> ZN v | OAI221_X1 | 0.148 |   3.154 |    3.240 | 
     | datapath/FE_RC_448_0                               | A1 v -> ZN v | AND2_X1   | 0.124 |   3.278 |    3.364 | 
     | datapath/FE_RC_447_0                               | A v -> ZN ^  | AOI211_X2 | 0.318 |   3.596 |    3.681 | 
     | datapath/g16081                                    | A1 ^ -> ZN ^ | AND2_X1   | 0.168 |   3.764 |    3.850 | 
     | datapath/g16079                                    | A1 ^ -> ZN ^ | OR2_X4    | 0.093 |   3.857 |    3.942 | 
     | datapath/branch_or_inc_4/FE_OFC612_IFID_takeBranch | A ^ -> Z ^   | BUF_X2    | 0.111 |   3.968 |    4.053 | 
     | datapath/branch_or_inc_4/g815__2398                | S ^ -> Z v   | MUX2_X1   | 0.221 |   4.189 |    4.274 | 
     | datapath/IF_pc_reg[3]                              | D v          | SDFFR_X1  | 0.000 |   4.189 |    4.274 | 
     +------------------------------------------------------------------------------------------------------------+ 
Path 35: MET Setup Check with Pin datapath/EXMEM_aluResult_reg[31]/CK 
Endpoint:   datapath/EXMEM_aluResult_reg[31]/D (^) checked with  leading edge 
of 'clk'
Beginpoint: datapath/MEMWB_rd_reg[1]/Q         (^) triggered by  leading edge 
of 'clk'
Path Groups: {reg2reg}
Analysis View: RPT_SLOW
Other End Arrival Time          0.521
- Setup                         0.072
+ Phase Shift                   4.100
+ CPPR Adjustment               0.000
- Uncertainty                   0.100
= Required Time                 4.449
- Arrival Time                  4.358
= Slack Time                    0.090
     Clock Rise Edge                 0.000
     + Clock Network Latency (Prop)  0.340
     = Beginpoint Arrival Time       0.340
     +-----------------------------------------------------------------------------------------------------------+ 
     |                      Instance                      |     Arc      |   Cell   | Delay | Arrival | Required | 
     |                                                    |              |          |       |  Time   |   Time   | 
     |----------------------------------------------------+--------------+----------+-------+---------+----------| 
     | datapath/MEMWB_rd_reg[1]                           | CK ^         |          |       |   0.340 |    0.430 | 
     | datapath/MEMWB_rd_reg[1]                           | CK ^ -> Q ^  | DFFRS_X2 | 0.430 |   0.770 |    0.860 | 
     | ALU_forward/FE_RC_32_0                             | A ^ -> ZN v  | INV_X1   | 0.065 |   0.835 |    0.925 | 
     | ALU_forward/FE_RC_390_0                            | A2 v -> ZN ^ | NAND2_X1 | 0.078 |   0.912 |    1.003 | 
     | ALU_forward/FE_RC_389_0                            | A ^ -> ZN v  | OAI21_X2 | 0.050 |   0.963 |    1.053 | 
     | ALU_forward/FE_RC_171_0                            | A3 v -> ZN ^ | NAND3_X1 | 0.071 |   1.033 |    1.124 | 
     | ALU_forward/FE_RC_172_0                            | A ^ -> ZN v  | INV_X1   | 0.034 |   1.067 |    1.157 | 
     | ALU_forward/FE_RC_111_0                            | A1 v -> ZN ^ | NAND3_X2 | 0.064 |   1.131 |    1.222 | 
     | ALU_forward/FE_RC_63_0                             | A ^ -> ZN v  | INV_X4   | 0.042 |   1.173 |    1.263 | 
     | datapath/g27153                                    | A1 v -> ZN ^ | NOR2_X2  | 0.089 |   1.262 |    1.352 | 
     | datapath/FE_OFC307_n_616                           | A ^ -> ZN v  | INV_X1   | 0.057 |   1.319 |    1.409 | 
     | datapath/FE_OFC698_n_515                           | A v -> ZN ^  | INV_X1   | 0.047 |   1.365 |    1.456 | 
     | datapath/FE_RC_65_0                                | A1 ^ -> ZN v | NAND2_X1 | 0.044 |   1.410 |    1.500 | 
     | datapath/FE_RC_425_0                               | A1 v -> ZN ^ | NAND3_X1 | 0.122 |   1.532 |    1.622 | 
     | datapath/ALU_ALU_GEN[2].slice_i_bitAdder/FE_RC_308 | A1 ^ -> ZN v | NAND2_X2 | 0.070 |   1.601 |    1.692 | 
     | _0                                                 |              |          |       |         |          | 
     | datapath/ALU_ALU_GEN[2].slice_i_bitAdder/FE_RC_305 | A2 v -> ZN ^ | NAND2_X4 | 0.066 |   1.667 |    1.758 | 
     | _0                                                 |              |          |       |         |          | 
     | datapath/ALU_ALU_GEN[3].slice_i_bitAdder/g155__239 | A1 ^ -> ZN v | NAND2_X4 | 0.036 |   1.703 |    1.793 | 
     | 8                                                  |              |          |       |         |          | 
     | datapath/ALU_ALU_GEN[3].slice_i_bitAdder/g153__641 | A1 v -> ZN ^ | NAND2_X4 | 0.044 |   1.747 |    1.837 | 
     | 7                                                  |              |          |       |         |          | 
     | datapath/ALU_ALU_GEN[4].slice_i_bitAdder/FE_RC_413 | A1 ^ -> ZN v | NAND2_X4 | 0.035 |   1.782 |    1.873 | 
     | _0                                                 |              |          |       |         |          | 
     | datapath/ALU_ALU_GEN[4].slice_i_bitAdder/FE_RC_412 | A1 v -> ZN ^ | NAND2_X4 | 0.047 |   1.830 |    1.920 | 
     | _0                                                 |              |          |       |         |          | 
     | datapath/ALU_ALU_GEN[5].slice_i_bitAdder/FE_RC_317 | A1 ^ -> ZN v | NAND2_X4 | 0.037 |   1.867 |    1.957 | 
     | _0                                                 |              |          |       |         |          | 
     | datapath/ALU_ALU_GEN[5].slice_i_bitAdder/FE_RC_316 | A1 v -> ZN ^ | NAND2_X4 | 0.047 |   1.914 |    2.004 | 
     | _0                                                 |              |          |       |         |          | 
     | datapath/ALU_ALU_GEN[6].slice_i_bitAdder/g155__547 | A1 ^ -> ZN v | NAND2_X4 | 0.037 |   1.951 |    2.041 | 
     | 7                                                  |              |          |       |         |          | 
     | datapath/ALU_ALU_GEN[6].slice_i_bitAdder/g153__741 | A1 v -> ZN ^ | NAND2_X4 | 0.045 |   1.995 |    2.086 | 
     | 0                                                  |              |          |       |         |          | 
     | datapath/ALU_ALU_GEN[7].slice_i_bitAdder/g155__161 | A1 ^ -> ZN v | NAND2_X4 | 0.036 |   2.031 |    2.121 | 
     | 7                                                  |              |          |       |         |          | 
     | datapath/ALU_ALU_GEN[7].slice_i_bitAdder/g153__678 | A1 v -> ZN ^ | NAND2_X4 | 0.045 |   2.076 |    2.166 | 
     | 3                                                  |              |          |       |         |          | 
     | datapath/ALU_ALU_GEN[8].slice_i_bitAdder/g155__511 | A1 ^ -> ZN v | NAND2_X4 | 0.036 |   2.112 |    2.202 | 
     | 5                                                  |              |          |       |         |          | 
     | datapath/ALU_ALU_GEN[8].slice_i_bitAdder/g153__613 | A1 v -> ZN ^ | NAND2_X4 | 0.044 |   2.156 |    2.246 | 
     | 1                                                  |              |          |       |         |          | 
     | datapath/ALU_ALU_GEN[9].slice_i_bitAdder/g137__166 | A1 ^ -> ZN v | NAND2_X4 | 0.035 |   2.191 |    2.281 | 
     | 6                                                  |              |          |       |         |          | 
     | datapath/ALU_ALU_GEN[9].slice_i_bitAdder/g135__288 | A1 v -> ZN ^ | NAND2_X4 | 0.047 |   2.238 |    2.329 | 
     | 3                                                  |              |          |       |         |          | 
     | datapath/ALU_ALU_GEN[10].slice_i_bitAdder/g146__84 | A1 ^ -> ZN v | NAND2_X4 | 0.037 |   2.275 |    2.366 | 
     | 28                                                 |              |          |       |         |          | 
     | datapath/ALU_ALU_GEN[10].slice_i_bitAdder/g144__62 | A1 v -> ZN ^ | NAND2_X4 | 0.054 |   2.329 |    2.419 | 
     | 60                                                 |              |          |       |         |          | 
     | datapath/ALU_ALU_GEN[11].slice_i_bitAdder/FE_RC_40 | A1 ^ -> ZN v | NAND2_X4 | 0.039 |   2.368 |    2.458 | 
     | 4_0                                                |              |          |       |         |          | 
     | datapath/ALU_ALU_GEN[11].slice_i_bitAdder/FE_RC_40 | A1 v -> ZN ^ | NAND2_X4 | 0.046 |   2.414 |    2.505 | 
     | 3_0                                                |              |          |       |         |          | 
     | datapath/ALU_ALU_GEN[12].slice_i_bitAdder/g155__93 | A1 ^ -> ZN v | NAND2_X4 | 0.036 |   2.450 |    2.541 | 
     | 15                                                 |              |          |       |         |          | 
     | datapath/ALU_ALU_GEN[12].slice_i_bitAdder/g153__47 | A1 v -> ZN ^ | NAND2_X4 | 0.046 |   2.496 |    2.587 | 
     | 33                                                 |              |          |       |         |          | 
     | datapath/ALU_ALU_GEN[13].slice_i_bitAdder/FE_RC_79 | A1 ^ -> ZN v | NAND2_X4 | 0.035 |   2.531 |    2.622 | 
     | _0                                                 |              |          |       |         |          | 
     | datapath/ALU_ALU_GEN[13].slice_i_bitAdder/FE_RC_78 | A1 v -> ZN ^ | NAND2_X4 | 0.051 |   2.582 |    2.673 | 
     | _0                                                 |              |          |       |         |          | 
     | datapath/ALU_ALU_GEN[14].slice_i_bitAdder/g155__16 | A1 ^ -> ZN v | NAND2_X4 | 0.038 |   2.620 |    2.711 | 
     | 17                                                 |              |          |       |         |          | 
     | datapath/ALU_ALU_GEN[14].slice_i_bitAdder/g153__67 | A1 v -> ZN ^ | NAND2_X4 | 0.046 |   2.667 |    2.757 | 
     | 83                                                 |              |          |       |         |          | 
     | datapath/ALU_ALU_GEN[15].slice_i_bitAdder/g155__51 | A1 ^ -> ZN v | NAND2_X4 | 0.036 |   2.703 |    2.793 | 
     | 15                                                 |              |          |       |         |          | 
     | datapath/ALU_ALU_GEN[15].slice_i_bitAdder/g153__61 | A1 v -> ZN ^ | NAND2_X4 | 0.058 |   2.761 |    2.851 | 
     | 31                                                 |              |          |       |         |          | 
     | datapath/ALU_ALU_GEN[16].slice_i_bitAdder/g158__16 | A1 ^ -> ZN v | NAND2_X4 | 0.041 |   2.802 |    2.893 | 
     | 66                                                 |              |          |       |         |          | 
     | datapath/ALU_ALU_GEN[16].slice_i_bitAdder/g156__28 | A1 v -> ZN ^ | NAND2_X4 | 0.047 |   2.849 |    2.939 | 
     | 83                                                 |              |          |       |         |          | 
     | datapath/ALU_ALU_GEN[17].slice_i_bitAdder/g155__84 | A1 ^ -> ZN v | NAND2_X4 | 0.036 |   2.884 |    2.975 | 
     | 28                                                 |              |          |       |         |          | 
     | datapath/ALU_ALU_GEN[17].slice_i_bitAdder/g153__62 | A1 v -> ZN ^ | NAND2_X4 | 0.046 |   2.930 |    3.021 | 
     | 60                                                 |              |          |       |         |          | 
     | datapath/ALU_ALU_GEN[18].slice_i_bitAdder/g158__82 | A1 ^ -> ZN v | NAND2_X4 | 0.035 |   2.966 |    3.056 | 
     | 46                                                 |              |          |       |         |          | 
     | datapath/ALU_ALU_GEN[18].slice_i_bitAdder/g156__17 | A1 v -> ZN ^ | NAND2_X4 | 0.045 |   3.011 |    3.101 | 
     | 05                                                 |              |          |       |         |          | 
     | datapath/ALU_ALU_GEN[19].slice_i_bitAdder/g158__93 | A1 ^ -> ZN v | NAND2_X4 | 0.035 |   3.046 |    3.136 | 
     | 15                                                 |              |          |       |         |          | 
     | datapath/ALU_ALU_GEN[19].slice_i_bitAdder/g156__47 | A1 v -> ZN ^ | NAND2_X4 | 0.050 |   3.096 |    3.186 | 
     | 33                                                 |              |          |       |         |          | 
     | datapath/ALU_ALU_GEN[20].slice_i_bitAdder/g158__23 | A1 ^ -> ZN v | NAND2_X4 | 0.037 |   3.133 |    3.223 | 
     | 98                                                 |              |          |       |         |          | 
     | datapath/ALU_ALU_GEN[20].slice_i_bitAdder/g156__64 | A1 v -> ZN ^ | NAND2_X4 | 0.047 |   3.180 |    3.270 | 
     | 17                                                 |              |          |       |         |          | 
     | datapath/ALU_ALU_GEN[21].slice_i_bitAdder/g158__36 | A1 ^ -> ZN v | NAND2_X4 | 0.036 |   3.216 |    3.306 | 
     | 80                                                 |              |          |       |         |          | 
     | datapath/ALU_ALU_GEN[21].slice_i_bitAdder/g156__67 | A1 v -> ZN ^ | NAND2_X4 | 0.046 |   3.262 |    3.352 | 
     | 83                                                 |              |          |       |         |          | 
     | datapath/ALU_ALU_GEN[22].slice_i_bitAdder/g158__51 | A1 ^ -> ZN v | NAND2_X4 | 0.036 |   3.297 |    3.388 | 
     | 15                                                 |              |          |       |         |          | 
     | datapath/ALU_ALU_GEN[22].slice_i_bitAdder/g156__18 | A1 v -> ZN ^ | NAND2_X4 | 0.047 |   3.344 |    3.435 | 
     | 81                                                 |              |          |       |         |          | 
     | datapath/ALU_ALU_GEN[23].slice_i_bitAdder/g158__74 | A1 ^ -> ZN v | NAND2_X4 | 0.036 |   3.380 |    3.471 | 
     | 10                                                 |              |          |       |         |          | 
     | datapath/ALU_ALU_GEN[23].slice_i_bitAdder/g156__16 | A1 v -> ZN ^ | NAND2_X4 | 0.050 |   3.430 |    3.521 | 
     | 66                                                 |              |          |       |         |          | 
     | datapath/ALU_ALU_GEN[24].slice_i_bitAdder/g158__67 | A1 ^ -> ZN v | NAND2_X4 | 0.038 |   3.468 |    3.558 | 
     | 83                                                 |              |          |       |         |          | 
     | datapath/ALU_ALU_GEN[24].slice_i_bitAdder/g156__55 | A1 v -> ZN ^ | NAND2_X4 | 0.054 |   3.522 |    3.613 | 
     | 26                                                 |              |          |       |         |          | 
     | datapath/ALU_ALU_GEN[25].slice_i_bitAdder/g158__18 | A1 ^ -> ZN v | NAND2_X4 | 0.039 |   3.562 |    3.652 | 
     | 81                                                 |              |          |       |         |          | 
     | datapath/ALU_ALU_GEN[25].slice_i_bitAdder/g156__61 | A1 v -> ZN ^ | NAND2_X4 | 0.049 |   3.611 |    3.701 | 
     | 31                                                 |              |          |       |         |          | 
     | datapath/ALU_ALU_GEN[26].slice_i_bitAdder/g158__16 | A1 ^ -> ZN v | NAND2_X4 | 0.037 |   3.647 |    3.738 | 
     | 66                                                 |              |          |       |         |          | 
     | datapath/ALU_ALU_GEN[26].slice_i_bitAdder/g156__23 | A1 v -> ZN ^ | NAND2_X4 | 0.049 |   3.696 |    3.787 | 
     | 46                                                 |              |          |       |         |          | 
     | datapath/ALU_ALU_GEN[27].slice_i_bitAdder/g158__55 | A1 ^ -> ZN v | NAND2_X4 | 0.037 |   3.733 |    3.823 | 
     | 26                                                 |              |          |       |         |          | 
     | datapath/ALU_ALU_GEN[27].slice_i_bitAdder/g156__84 | A1 v -> ZN ^ | NAND2_X4 | 0.042 |   3.775 |    3.865 | 
     | 28                                                 |              |          |       |         |          | 
     | datapath/ALU_ALU_GEN[28].slice_i_bitAdder/g158__51 | A1 ^ -> ZN v | NAND2_X2 | 0.031 |   3.806 |    3.896 | 
     | 15                                                 |              |          |       |         |          | 
     | datapath/ALU_ALU_GEN[28].slice_i_bitAdder/g156__61 | A1 v -> ZN ^ | NAND2_X1 | 0.083 |   3.889 |    3.979 | 
     | 31                                                 |              |          |       |         |          | 
     | datapath/ALU_ALU_GEN[29].slice_i_bitAdder/g158__16 | A1 ^ -> ZN v | NAND2_X2 | 0.059 |   3.948 |    4.039 | 
     | 66                                                 |              |          |       |         |          | 
     | datapath/ALU_ALU_GEN[29].slice_i_bitAdder/g156__28 | A1 v -> ZN ^ | NAND2_X4 | 0.054 |   4.003 |    4.093 | 
     | 83                                                 |              |          |       |         |          | 
     | datapath/ALU_ALU_GEN[30].slice_i_bitAdder/g158__55 | A1 ^ -> ZN v | NAND2_X4 | 0.037 |   4.040 |    4.130 | 
     | 26                                                 |              |          |       |         |          | 
     | datapath/ALU_ALU_GEN[30].slice_i_bitAdder/g156__43 | A1 v -> ZN ^ | NAND2_X4 | 0.065 |   4.105 |    4.195 | 
     | 19                                                 |              |          |       |         |          | 
     | datapath/ALU_msb_bitAdder/FE_RC_392_0              | A1 ^ -> ZN v | NAND2_X1 | 0.052 |   4.157 |    4.248 | 
     | datapath/ALU_msb_bitAdder/FE_RC_391_0              | A v -> ZN ^  | OAI21_X2 | 0.086 |   4.243 |    4.334 | 
     | datapath/ALU_msb_resultMux/FE_RC_187_0             | A1 ^ -> ZN v | NAND2_X1 | 0.058 |   4.302 |    4.392 | 
     | datapath/ALU_msb_resultMux/g151__4733              | A1 v -> ZN ^ | NAND2_X1 | 0.057 |   4.358 |    4.449 | 
     | datapath/EXMEM_aluResult_reg[31]                   | D ^          | DFFR_X1  | 0.000 |   4.358 |    4.449 | 
     +-----------------------------------------------------------------------------------------------------------+ 
Path 36: MET Setup Check with Pin datapath/IFID_instr_reg[22]/CK 
Endpoint:   datapath/IFID_instr_reg[22]/D (v) checked with  leading edge of 
'clk'
Beginpoint: datapath/IFID_instr_reg[20]/Q (^) triggered by  leading edge of 
'clk'
Path Groups: {reg2reg}
Analysis View: RPT_SLOW
Other End Arrival Time          0.476
- Setup                         0.150
+ Phase Shift                   4.100
+ CPPR Adjustment               0.000
- Uncertainty                   0.100
= Required Time                 4.325
- Arrival Time                  4.204
= Slack Time                    0.121
     Clock Rise Edge                 0.000
     + Clock Network Latency (Prop)  0.468
     = Beginpoint Arrival Time       0.468
     +---------------------------------------------------------------------------------------+ 
     |           Instance            |     Arc      |   Cell    | Delay | Arrival | Required | 
     |                               |              |           |       |  Time   |   Time   | 
     |-------------------------------+--------------+-----------+-------+---------+----------| 
     | datapath/IFID_instr_reg[20]   | CK ^         |           |       |   0.469 |    0.589 | 
     | datapath/IFID_instr_reg[20]   | CK ^ -> Q ^  | DFFR_X1   | 0.421 |   0.890 |    1.010 | 
     | datapath/FE_OFC254_IFID_rs2_0 | A ^ -> Z ^   | CLKBUF_X1 | 0.336 |   1.225 |    1.346 | 
     | datapath/g26904               | A ^ -> ZN ^  | XNOR2_X1  | 0.188 |   1.413 |    1.534 | 
     | datapath/g26728               | A1 ^ -> ZN v | NAND4_X1  | 0.121 |   1.534 |    1.655 | 
     | datapath/g26722               | A1 v -> ZN ^ | NOR2_X1   | 0.145 |   1.679 |    1.800 | 
     | datapath/g26699               | A2 ^ -> ZN v | NOR2_X1   | 0.046 |   1.725 |    1.846 | 
     | datapath/g26648               | A1 v -> ZN v | OR2_X2    | 0.203 |   1.927 |    2.048 | 
     | datapath/FE_OFC620_n_780      | A v -> ZN ^  | INV_X4    | 0.125 |   2.053 |    2.174 | 
     | datapath/FE_OFC621_n_780      | A ^ -> ZN v  | INV_X1    | 0.117 |   2.170 |    2.291 | 
     | datapath/g26366               | B1 v -> ZN ^ | OAI221_X1 | 0.251 |   2.421 |    2.542 | 
     | datapath/LT_TC_OP_g1841       | A ^ -> ZN v  | INV_X1    | 0.060 |   2.481 |    2.602 | 
     | datapath/LT_TC_OP_g1819       | A2 v -> ZN ^ | NOR2_X1   | 0.155 |   2.635 |    2.756 | 
     | datapath/LT_TC_OP_g1779       | A1 ^ -> ZN v | NOR3_X1   | 0.044 |   2.679 |    2.800 | 
     | datapath/LT_TC_OP_g1752       | A v -> ZN ^  | AOI221_X1 | 0.327 |   3.006 |    3.127 | 
     | datapath/LT_TC_OP_g1749       | B1 ^ -> ZN v | OAI221_X1 | 0.148 |   3.154 |    3.275 | 
     | datapath/FE_RC_448_0          | A1 v -> ZN v | AND2_X1   | 0.124 |   3.278 |    3.399 | 
     | datapath/FE_RC_447_0          | A v -> ZN ^  | AOI211_X2 | 0.318 |   3.596 |    3.717 | 
     | datapath/g16081               | A1 ^ -> ZN ^ | AND2_X1   | 0.168 |   3.764 |    3.885 | 
     | datapath/g16079               | A1 ^ -> ZN ^ | OR2_X4    | 0.093 |   3.857 |    3.978 | 
     | g1059                         | A1 ^ -> ZN ^ | AND2_X2   | 0.095 |   3.951 |    4.072 | 
     | datapath/FE_OFC614_IFID_flush | A ^ -> ZN v  | INV_X2    | 0.035 |   3.987 |    4.108 | 
     | datapath/FE_OFC671_IFID_flush | A v -> ZN ^  | INV_X8    | 0.160 |   4.147 |    4.268 | 
     | datapath/g35437               | A1 ^ -> ZN v | NOR2_X1   | 0.057 |   4.204 |    4.325 | 
     | datapath/IFID_instr_reg[22]   | D v          | DFFR_X1   | 0.000 |   4.204 |    4.325 | 
     +---------------------------------------------------------------------------------------+ 
Path 37: MET Setup Check with Pin datapath/IFID_instr_reg[20]/CK 
Endpoint:   datapath/IFID_instr_reg[20]/D (v) checked with  leading edge of 
'clk'
Beginpoint: datapath/IFID_instr_reg[20]/Q (^) triggered by  leading edge of 
'clk'
Path Groups: {reg2reg}
Analysis View: RPT_SLOW
Other End Arrival Time          0.468
- Setup                         0.138
+ Phase Shift                   4.100
+ CPPR Adjustment               0.000
- Uncertainty                   0.100
= Required Time                 4.330
- Arrival Time                  4.206
= Slack Time                    0.124
     Clock Rise Edge                 0.000
     + Clock Network Latency (Prop)  0.468
     = Beginpoint Arrival Time       0.468
     +---------------------------------------------------------------------------------------+ 
     |           Instance            |     Arc      |   Cell    | Delay | Arrival | Required | 
     |                               |              |           |       |  Time   |   Time   | 
     |-------------------------------+--------------+-----------+-------+---------+----------| 
     | datapath/IFID_instr_reg[20]   | CK ^         |           |       |   0.469 |    0.592 | 
     | datapath/IFID_instr_reg[20]   | CK ^ -> Q ^  | DFFR_X1   | 0.421 |   0.890 |    1.013 | 
     | datapath/FE_OFC254_IFID_rs2_0 | A ^ -> Z ^   | CLKBUF_X1 | 0.336 |   1.225 |    1.349 | 
     | datapath/g26904               | A ^ -> ZN ^  | XNOR2_X1  | 0.188 |   1.413 |    1.537 | 
     | datapath/g26728               | A1 ^ -> ZN v | NAND4_X1  | 0.121 |   1.534 |    1.658 | 
     | datapath/g26722               | A1 v -> ZN ^ | NOR2_X1   | 0.145 |   1.679 |    1.803 | 
     | datapath/g26699               | A2 ^ -> ZN v | NOR2_X1   | 0.046 |   1.725 |    1.848 | 
     | datapath/g26648               | A1 v -> ZN v | OR2_X2    | 0.203 |   1.927 |    2.051 | 
     | datapath/FE_OFC620_n_780      | A v -> ZN ^  | INV_X4    | 0.125 |   2.053 |    2.177 | 
     | datapath/FE_OFC621_n_780      | A ^ -> ZN v  | INV_X1    | 0.117 |   2.170 |    2.294 | 
     | datapath/g26366               | B1 v -> ZN ^ | OAI221_X1 | 0.251 |   2.421 |    2.545 | 
     | datapath/LT_TC_OP_g1841       | A ^ -> ZN v  | INV_X1    | 0.060 |   2.481 |    2.604 | 
     | datapath/LT_TC_OP_g1819       | A2 v -> ZN ^ | NOR2_X1   | 0.155 |   2.635 |    2.759 | 
     | datapath/LT_TC_OP_g1779       | A1 ^ -> ZN v | NOR3_X1   | 0.044 |   2.679 |    2.803 | 
     | datapath/LT_TC_OP_g1752       | A v -> ZN ^  | AOI221_X1 | 0.327 |   3.006 |    3.130 | 
     | datapath/LT_TC_OP_g1749       | B1 ^ -> ZN v | OAI221_X1 | 0.148 |   3.154 |    3.278 | 
     | datapath/FE_RC_448_0          | A1 v -> ZN v | AND2_X1   | 0.124 |   3.278 |    3.402 | 
     | datapath/FE_RC_447_0          | A v -> ZN ^  | AOI211_X2 | 0.318 |   3.596 |    3.719 | 
     | datapath/g16081               | A1 ^ -> ZN ^ | AND2_X1   | 0.168 |   3.764 |    3.888 | 
     | datapath/g16079               | A1 ^ -> ZN ^ | OR2_X4    | 0.093 |   3.857 |    3.980 | 
     | g1059                         | A1 ^ -> ZN ^ | AND2_X2   | 0.095 |   3.951 |    4.075 | 
     | datapath/FE_OFC614_IFID_flush | A ^ -> ZN v  | INV_X2    | 0.035 |   3.987 |    4.110 | 
     | datapath/FE_OFC671_IFID_flush | A v -> ZN ^  | INV_X8    | 0.160 |   4.147 |    4.271 | 
     | datapath/g35439               | A1 ^ -> ZN v | NOR2_X1   | 0.059 |   4.206 |    4.330 | 
     | datapath/IFID_instr_reg[20]   | D v          | DFFR_X1   | 0.000 |   4.206 |    4.330 | 
     +---------------------------------------------------------------------------------------+ 
Path 38: MET Setup Check with Pin datapath/IFID_instr_reg[24]/CK 
Endpoint:   datapath/IFID_instr_reg[24]/D (v) checked with  leading edge of 
'clk'
Beginpoint: datapath/IFID_instr_reg[20]/Q (^) triggered by  leading edge of 
'clk'
Path Groups: {reg2reg}
Analysis View: RPT_SLOW
Other End Arrival Time          0.468
- Setup                         0.138
+ Phase Shift                   4.100
+ CPPR Adjustment               0.000
- Uncertainty                   0.100
= Required Time                 4.330
- Arrival Time                  4.207
= Slack Time                    0.124
     Clock Rise Edge                 0.000
     + Clock Network Latency (Prop)  0.468
     = Beginpoint Arrival Time       0.468
     +---------------------------------------------------------------------------------------+ 
     |           Instance            |     Arc      |   Cell    | Delay | Arrival | Required | 
     |                               |              |           |       |  Time   |   Time   | 
     |-------------------------------+--------------+-----------+-------+---------+----------| 
     | datapath/IFID_instr_reg[20]   | CK ^         |           |       |   0.469 |    0.592 | 
     | datapath/IFID_instr_reg[20]   | CK ^ -> Q ^  | DFFR_X1   | 0.421 |   0.890 |    1.013 | 
     | datapath/FE_OFC254_IFID_rs2_0 | A ^ -> Z ^   | CLKBUF_X1 | 0.336 |   1.225 |    1.349 | 
     | datapath/g26904               | A ^ -> ZN ^  | XNOR2_X1  | 0.188 |   1.413 |    1.537 | 
     | datapath/g26728               | A1 ^ -> ZN v | NAND4_X1  | 0.121 |   1.534 |    1.658 | 
     | datapath/g26722               | A1 v -> ZN ^ | NOR2_X1   | 0.145 |   1.679 |    1.803 | 
     | datapath/g26699               | A2 ^ -> ZN v | NOR2_X1   | 0.046 |   1.725 |    1.849 | 
     | datapath/g26648               | A1 v -> ZN v | OR2_X2    | 0.203 |   1.927 |    2.051 | 
     | datapath/FE_OFC620_n_780      | A v -> ZN ^  | INV_X4    | 0.125 |   2.053 |    2.177 | 
     | datapath/FE_OFC621_n_780      | A ^ -> ZN v  | INV_X1    | 0.117 |   2.170 |    2.294 | 
     | datapath/g26366               | B1 v -> ZN ^ | OAI221_X1 | 0.251 |   2.421 |    2.545 | 
     | datapath/LT_TC_OP_g1841       | A ^ -> ZN v  | INV_X1    | 0.060 |   2.481 |    2.604 | 
     | datapath/LT_TC_OP_g1819       | A2 v -> ZN ^ | NOR2_X1   | 0.155 |   2.635 |    2.759 | 
     | datapath/LT_TC_OP_g1779       | A1 ^ -> ZN v | NOR3_X1   | 0.044 |   2.679 |    2.803 | 
     | datapath/LT_TC_OP_g1752       | A v -> ZN ^  | AOI221_X1 | 0.327 |   3.006 |    3.130 | 
     | datapath/LT_TC_OP_g1749       | B1 ^ -> ZN v | OAI221_X1 | 0.148 |   3.154 |    3.278 | 
     | datapath/FE_RC_448_0          | A1 v -> ZN v | AND2_X1   | 0.124 |   3.278 |    3.402 | 
     | datapath/FE_RC_447_0          | A v -> ZN ^  | AOI211_X2 | 0.318 |   3.596 |    3.720 | 
     | datapath/g16081               | A1 ^ -> ZN ^ | AND2_X1   | 0.168 |   3.764 |    3.888 | 
     | datapath/g16079               | A1 ^ -> ZN ^ | OR2_X4    | 0.093 |   3.857 |    3.980 | 
     | g1059                         | A1 ^ -> ZN ^ | AND2_X2   | 0.095 |   3.951 |    4.075 | 
     | datapath/FE_OFC614_IFID_flush | A ^ -> ZN v  | INV_X2    | 0.035 |   3.987 |    4.111 | 
     | datapath/FE_OFC671_IFID_flush | A v -> ZN ^  | INV_X8    | 0.160 |   4.147 |    4.271 | 
     | datapath/g35458               | A1 ^ -> ZN v | NOR2_X1   | 0.060 |   4.207 |    4.330 | 
     | datapath/IFID_instr_reg[24]   | D v          | DFFR_X1   | 0.000 |   4.207 |    4.330 | 
     +---------------------------------------------------------------------------------------+ 
Path 39: MET Setup Check with Pin datapath/IFID_instr_reg[19]/CK 
Endpoint:   datapath/IFID_instr_reg[19]/D (v) checked with  leading edge of 
'clk'
Beginpoint: datapath/IFID_instr_reg[20]/Q (^) triggered by  leading edge of 
'clk'
Path Groups: {reg2reg}
Analysis View: RPT_SLOW
Other End Arrival Time          0.468
- Setup                         0.138
+ Phase Shift                   4.100
+ CPPR Adjustment               0.000
- Uncertainty                   0.100
= Required Time                 4.330
- Arrival Time                  4.206
= Slack Time                    0.124
     Clock Rise Edge                 0.000
     + Clock Network Latency (Prop)  0.468
     = Beginpoint Arrival Time       0.468
     +---------------------------------------------------------------------------------------+ 
     |           Instance            |     Arc      |   Cell    | Delay | Arrival | Required | 
     |                               |              |           |       |  Time   |   Time   | 
     |-------------------------------+--------------+-----------+-------+---------+----------| 
     | datapath/IFID_instr_reg[20]   | CK ^         |           |       |   0.469 |    0.593 | 
     | datapath/IFID_instr_reg[20]   | CK ^ -> Q ^  | DFFR_X1   | 0.421 |   0.890 |    1.014 | 
     | datapath/FE_OFC254_IFID_rs2_0 | A ^ -> Z ^   | CLKBUF_X1 | 0.336 |   1.225 |    1.350 | 
     | datapath/g26904               | A ^ -> ZN ^  | XNOR2_X1  | 0.188 |   1.413 |    1.537 | 
     | datapath/g26728               | A1 ^ -> ZN v | NAND4_X1  | 0.121 |   1.534 |    1.659 | 
     | datapath/g26722               | A1 v -> ZN ^ | NOR2_X1   | 0.145 |   1.679 |    1.803 | 
     | datapath/g26699               | A2 ^ -> ZN v | NOR2_X1   | 0.046 |   1.725 |    1.849 | 
     | datapath/g26648               | A1 v -> ZN v | OR2_X2    | 0.203 |   1.927 |    2.052 | 
     | datapath/FE_OFC620_n_780      | A v -> ZN ^  | INV_X4    | 0.125 |   2.053 |    2.177 | 
     | datapath/FE_OFC621_n_780      | A ^ -> ZN v  | INV_X1    | 0.117 |   2.170 |    2.294 | 
     | datapath/g26366               | B1 v -> ZN ^ | OAI221_X1 | 0.251 |   2.421 |    2.545 | 
     | datapath/LT_TC_OP_g1841       | A ^ -> ZN v  | INV_X1    | 0.060 |   2.481 |    2.605 | 
     | datapath/LT_TC_OP_g1819       | A2 v -> ZN ^ | NOR2_X1   | 0.155 |   2.635 |    2.760 | 
     | datapath/LT_TC_OP_g1779       | A1 ^ -> ZN v | NOR3_X1   | 0.044 |   2.679 |    2.804 | 
     | datapath/LT_TC_OP_g1752       | A v -> ZN ^  | AOI221_X1 | 0.327 |   3.006 |    3.131 | 
     | datapath/LT_TC_OP_g1749       | B1 ^ -> ZN v | OAI221_X1 | 0.148 |   3.154 |    3.279 | 
     | datapath/FE_RC_448_0          | A1 v -> ZN v | AND2_X1   | 0.124 |   3.278 |    3.402 | 
     | datapath/FE_RC_447_0          | A v -> ZN ^  | AOI211_X2 | 0.318 |   3.596 |    3.720 | 
     | datapath/g16081               | A1 ^ -> ZN ^ | AND2_X1   | 0.168 |   3.764 |    3.888 | 
     | datapath/g16079               | A1 ^ -> ZN ^ | OR2_X4    | 0.093 |   3.857 |    3.981 | 
     | g1059                         | A1 ^ -> ZN ^ | AND2_X2   | 0.095 |   3.951 |    4.076 | 
     | datapath/FE_OFC614_IFID_flush | A ^ -> ZN v  | INV_X2    | 0.035 |   3.987 |    4.111 | 
     | datapath/FE_OFC671_IFID_flush | A v -> ZN ^  | INV_X8    | 0.160 |   4.147 |    4.271 | 
     | datapath/g35440               | A1 ^ -> ZN v | NOR2_X1   | 0.059 |   4.206 |    4.330 | 
     | datapath/IFID_instr_reg[19]   | D v          | DFFR_X1   | 0.000 |   4.206 |    4.330 | 
     +---------------------------------------------------------------------------------------+ 
Path 40: MET Setup Check with Pin datapath/IFID_instr_reg[23]/CK 
Endpoint:   datapath/IFID_instr_reg[23]/D (v) checked with  leading edge of 
'clk'
Beginpoint: datapath/IFID_instr_reg[20]/Q (^) triggered by  leading edge of 
'clk'
Path Groups: {reg2reg}
Analysis View: RPT_SLOW
Other End Arrival Time          0.468
- Setup                         0.138
+ Phase Shift                   4.100
+ CPPR Adjustment               0.000
- Uncertainty                   0.100
= Required Time                 4.330
- Arrival Time                  4.206
= Slack Time                    0.125
     Clock Rise Edge                 0.000
     + Clock Network Latency (Prop)  0.468
     = Beginpoint Arrival Time       0.468
     +---------------------------------------------------------------------------------------+ 
     |           Instance            |     Arc      |   Cell    | Delay | Arrival | Required | 
     |                               |              |           |       |  Time   |   Time   | 
     |-------------------------------+--------------+-----------+-------+---------+----------| 
     | datapath/IFID_instr_reg[20]   | CK ^         |           |       |   0.468 |    0.593 | 
     | datapath/IFID_instr_reg[20]   | CK ^ -> Q ^  | DFFR_X1   | 0.421 |   0.889 |    1.014 | 
     | datapath/FE_OFC254_IFID_rs2_0 | A ^ -> Z ^   | CLKBUF_X1 | 0.336 |   1.225 |    1.350 | 
     | datapath/g26904               | A ^ -> ZN ^  | XNOR2_X1  | 0.188 |   1.413 |    1.538 | 
     | datapath/g26728               | A1 ^ -> ZN v | NAND4_X1  | 0.121 |   1.534 |    1.659 | 
     | datapath/g26722               | A1 v -> ZN ^ | NOR2_X1   | 0.145 |   1.679 |    1.804 | 
     | datapath/g26699               | A2 ^ -> ZN v | NOR2_X1   | 0.046 |   1.725 |    1.849 | 
     | datapath/g26648               | A1 v -> ZN v | OR2_X2    | 0.203 |   1.927 |    2.052 | 
     | datapath/FE_OFC620_n_780      | A v -> ZN ^  | INV_X4    | 0.125 |   2.053 |    2.177 | 
     | datapath/FE_OFC621_n_780      | A ^ -> ZN v  | INV_X1    | 0.117 |   2.170 |    2.295 | 
     | datapath/g26366               | B1 v -> ZN ^ | OAI221_X1 | 0.251 |   2.421 |    2.546 | 
     | datapath/LT_TC_OP_g1841       | A ^ -> ZN v  | INV_X1    | 0.060 |   2.481 |    2.605 | 
     | datapath/LT_TC_OP_g1819       | A2 v -> ZN ^ | NOR2_X1   | 0.155 |   2.635 |    2.760 | 
     | datapath/LT_TC_OP_g1779       | A1 ^ -> ZN v | NOR3_X1   | 0.044 |   2.679 |    2.804 | 
     | datapath/LT_TC_OP_g1752       | A v -> ZN ^  | AOI221_X1 | 0.327 |   3.006 |    3.131 | 
     | datapath/LT_TC_OP_g1749       | B1 ^ -> ZN v | OAI221_X1 | 0.148 |   3.154 |    3.279 | 
     | datapath/FE_RC_448_0          | A1 v -> ZN v | AND2_X1   | 0.124 |   3.278 |    3.403 | 
     | datapath/FE_RC_447_0          | A v -> ZN ^  | AOI211_X2 | 0.318 |   3.596 |    3.720 | 
     | datapath/g16081               | A1 ^ -> ZN ^ | AND2_X1   | 0.168 |   3.764 |    3.889 | 
     | datapath/g16079               | A1 ^ -> ZN ^ | OR2_X4    | 0.093 |   3.857 |    3.981 | 
     | g1059                         | A1 ^ -> ZN ^ | AND2_X2   | 0.095 |   3.951 |    4.076 | 
     | datapath/FE_OFC614_IFID_flush | A ^ -> ZN v  | INV_X2    | 0.035 |   3.987 |    4.111 | 
     | datapath/FE_OFC671_IFID_flush | A v -> ZN ^  | INV_X8    | 0.160 |   4.147 |    4.272 | 
     | datapath/g35450               | A1 ^ -> ZN v | NOR2_X1   | 0.059 |   4.206 |    4.330 | 
     | datapath/IFID_instr_reg[23]   | D v          | DFFR_X1   | 0.000 |   4.206 |    4.330 | 
     +---------------------------------------------------------------------------------------+ 
Path 41: MET Setup Check with Pin datapath/IFID_instr_reg[11]/CK 
Endpoint:   datapath/IFID_instr_reg[11]/D (v) checked with  leading edge of 
'clk'
Beginpoint: datapath/IFID_instr_reg[20]/Q (^) triggered by  leading edge of 
'clk'
Path Groups: {reg2reg}
Analysis View: RPT_SLOW
Other End Arrival Time          0.480
- Setup                         0.147
+ Phase Shift                   4.100
+ CPPR Adjustment               0.000
- Uncertainty                   0.100
= Required Time                 4.333
- Arrival Time                  4.199
= Slack Time                    0.134
     Clock Rise Edge                 0.000
     + Clock Network Latency (Prop)  0.468
     = Beginpoint Arrival Time       0.468
     +---------------------------------------------------------------------------------------+ 
     |           Instance            |     Arc      |   Cell    | Delay | Arrival | Required | 
     |                               |              |           |       |  Time   |   Time   | 
     |-------------------------------+--------------+-----------+-------+---------+----------| 
     | datapath/IFID_instr_reg[20]   | CK ^         |           |       |   0.469 |    0.603 | 
     | datapath/IFID_instr_reg[20]   | CK ^ -> Q ^  | DFFR_X1   | 0.421 |   0.890 |    1.024 | 
     | datapath/FE_OFC254_IFID_rs2_0 | A ^ -> Z ^   | CLKBUF_X1 | 0.336 |   1.225 |    1.360 | 
     | datapath/g26904               | A ^ -> ZN ^  | XNOR2_X1  | 0.188 |   1.413 |    1.548 | 
     | datapath/g26728               | A1 ^ -> ZN v | NAND4_X1  | 0.121 |   1.534 |    1.669 | 
     | datapath/g26722               | A1 v -> ZN ^ | NOR2_X1   | 0.145 |   1.679 |    1.814 | 
     | datapath/g26699               | A2 ^ -> ZN v | NOR2_X1   | 0.046 |   1.725 |    1.859 | 
     | datapath/g26648               | A1 v -> ZN v | OR2_X2    | 0.203 |   1.927 |    2.062 | 
     | datapath/FE_OFC620_n_780      | A v -> ZN ^  | INV_X4    | 0.125 |   2.053 |    2.187 | 
     | datapath/FE_OFC621_n_780      | A ^ -> ZN v  | INV_X1    | 0.117 |   2.170 |    2.305 | 
     | datapath/g26366               | B1 v -> ZN ^ | OAI221_X1 | 0.251 |   2.421 |    2.555 | 
     | datapath/LT_TC_OP_g1841       | A ^ -> ZN v  | INV_X1    | 0.060 |   2.481 |    2.615 | 
     | datapath/LT_TC_OP_g1819       | A2 v -> ZN ^ | NOR2_X1   | 0.155 |   2.635 |    2.770 | 
     | datapath/LT_TC_OP_g1779       | A1 ^ -> ZN v | NOR3_X1   | 0.044 |   2.679 |    2.814 | 
     | datapath/LT_TC_OP_g1752       | A v -> ZN ^  | AOI221_X1 | 0.327 |   3.006 |    3.141 | 
     | datapath/LT_TC_OP_g1749       | B1 ^ -> ZN v | OAI221_X1 | 0.148 |   3.154 |    3.289 | 
     | datapath/FE_RC_448_0          | A1 v -> ZN v | AND2_X1   | 0.124 |   3.278 |    3.413 | 
     | datapath/FE_RC_447_0          | A v -> ZN ^  | AOI211_X2 | 0.318 |   3.596 |    3.730 | 
     | datapath/g16081               | A1 ^ -> ZN ^ | AND2_X1   | 0.168 |   3.764 |    3.899 | 
     | datapath/g16079               | A1 ^ -> ZN ^ | OR2_X4    | 0.093 |   3.857 |    3.991 | 
     | g1059                         | A1 ^ -> ZN ^ | AND2_X2   | 0.095 |   3.951 |    4.086 | 
     | datapath/FE_OFC614_IFID_flush | A ^ -> ZN v  | INV_X2    | 0.035 |   3.987 |    4.121 | 
     | datapath/FE_OFC671_IFID_flush | A v -> ZN ^  | INV_X8    | 0.160 |   4.147 |    4.281 | 
     | datapath/g35449               | A1 ^ -> ZN v | NOR2_X1   | 0.052 |   4.199 |    4.333 | 
     | datapath/IFID_instr_reg[11]   | D v          | DFFR_X1   | 0.000 |   4.199 |    4.333 | 
     +---------------------------------------------------------------------------------------+ 
Path 42: MET Setup Check with Pin datapath/IFID_instr_reg[21]/CK 
Endpoint:   datapath/IFID_instr_reg[21]/D (v) checked with  leading edge of 
'clk'
Beginpoint: datapath/IFID_instr_reg[20]/Q (^) triggered by  leading edge of 
'clk'
Path Groups: {reg2reg}
Analysis View: RPT_SLOW
Other End Arrival Time          0.488
- Setup                         0.147
+ Phase Shift                   4.100
+ CPPR Adjustment               0.000
- Uncertainty                   0.100
= Required Time                 4.341
- Arrival Time                  4.198
= Slack Time                    0.143
     Clock Rise Edge                 0.000
     + Clock Network Latency (Prop)  0.468
     = Beginpoint Arrival Time       0.468
     +---------------------------------------------------------------------------------------+ 
     |           Instance            |     Arc      |   Cell    | Delay | Arrival | Required | 
     |                               |              |           |       |  Time   |   Time   | 
     |-------------------------------+--------------+-----------+-------+---------+----------| 
     | datapath/IFID_instr_reg[20]   | CK ^         |           |       |   0.469 |    0.612 | 
     | datapath/IFID_instr_reg[20]   | CK ^ -> Q ^  | DFFR_X1   | 0.421 |   0.890 |    1.033 | 
     | datapath/FE_OFC254_IFID_rs2_0 | A ^ -> Z ^   | CLKBUF_X1 | 0.336 |   1.225 |    1.369 | 
     | datapath/g26904               | A ^ -> ZN ^  | XNOR2_X1  | 0.188 |   1.413 |    1.557 | 
     | datapath/g26728               | A1 ^ -> ZN v | NAND4_X1  | 0.121 |   1.534 |    1.678 | 
     | datapath/g26722               | A1 v -> ZN ^ | NOR2_X1   | 0.145 |   1.679 |    1.822 | 
     | datapath/g26699               | A2 ^ -> ZN v | NOR2_X1   | 0.046 |   1.725 |    1.868 | 
     | datapath/g26648               | A1 v -> ZN v | OR2_X2    | 0.203 |   1.927 |    2.071 | 
     | datapath/FE_OFC620_n_780      | A v -> ZN ^  | INV_X4    | 0.125 |   2.053 |    2.196 | 
     | datapath/FE_OFC621_n_780      | A ^ -> ZN v  | INV_X1    | 0.117 |   2.170 |    2.314 | 
     | datapath/g26366               | B1 v -> ZN ^ | OAI221_X1 | 0.251 |   2.421 |    2.564 | 
     | datapath/LT_TC_OP_g1841       | A ^ -> ZN v  | INV_X1    | 0.060 |   2.481 |    2.624 | 
     | datapath/LT_TC_OP_g1819       | A2 v -> ZN ^ | NOR2_X1   | 0.155 |   2.635 |    2.779 | 
     | datapath/LT_TC_OP_g1779       | A1 ^ -> ZN v | NOR3_X1   | 0.044 |   2.679 |    2.823 | 
     | datapath/LT_TC_OP_g1752       | A v -> ZN ^  | AOI221_X1 | 0.327 |   3.006 |    3.150 | 
     | datapath/LT_TC_OP_g1749       | B1 ^ -> ZN v | OAI221_X1 | 0.148 |   3.154 |    3.298 | 
     | datapath/FE_RC_448_0          | A1 v -> ZN v | AND2_X1   | 0.124 |   3.278 |    3.422 | 
     | datapath/FE_RC_447_0          | A v -> ZN ^  | AOI211_X2 | 0.318 |   3.596 |    3.739 | 
     | datapath/g16081               | A1 ^ -> ZN ^ | AND2_X1   | 0.168 |   3.764 |    3.907 | 
     | datapath/g16079               | A1 ^ -> ZN ^ | OR2_X4    | 0.093 |   3.857 |    4.000 | 
     | g1059                         | A1 ^ -> ZN ^ | AND2_X2   | 0.095 |   3.951 |    4.095 | 
     | datapath/FE_OFC614_IFID_flush | A ^ -> ZN v  | INV_X2    | 0.035 |   3.987 |    4.130 | 
     | datapath/FE_OFC671_IFID_flush | A v -> ZN ^  | INV_X8    | 0.160 |   4.147 |    4.290 | 
     | datapath/g35438               | A1 ^ -> ZN v | NOR2_X1   | 0.051 |   4.198 |    4.341 | 
     | datapath/IFID_instr_reg[21]   | D v          | DFFR_X1   | 0.000 |   4.198 |    4.341 | 
     +---------------------------------------------------------------------------------------+ 
Path 43: MET Setup Check with Pin datapath/IFID_pc_reg[31]/CK 
Endpoint:   datapath/IFID_pc_reg[31]/D    (v) checked with  leading edge of 
'clk'
Beginpoint: datapath/IFID_instr_reg[20]/Q (^) triggered by  leading edge of 
'clk'
Path Groups: {reg2reg}
Analysis View: RPT_SLOW
Other End Arrival Time          0.481
- Setup                         0.140
+ Phase Shift                   4.100
+ CPPR Adjustment               0.000
- Uncertainty                   0.100
= Required Time                 4.341
- Arrival Time                  4.197
= Slack Time                    0.144
     Clock Rise Edge                 0.000
     + Clock Network Latency (Prop)  0.468
     = Beginpoint Arrival Time       0.468
     +---------------------------------------------------------------------------------------+ 
     |           Instance            |     Arc      |   Cell    | Delay | Arrival | Required | 
     |                               |              |           |       |  Time   |   Time   | 
     |-------------------------------+--------------+-----------+-------+---------+----------| 
     | datapath/IFID_instr_reg[20]   | CK ^         |           |       |   0.469 |    0.613 | 
     | datapath/IFID_instr_reg[20]   | CK ^ -> Q ^  | DFFR_X1   | 0.421 |   0.890 |    1.034 | 
     | datapath/FE_OFC254_IFID_rs2_0 | A ^ -> Z ^   | CLKBUF_X1 | 0.336 |   1.225 |    1.370 | 
     | datapath/g26904               | A ^ -> ZN ^  | XNOR2_X1  | 0.188 |   1.413 |    1.557 | 
     | datapath/g26728               | A1 ^ -> ZN v | NAND4_X1  | 0.121 |   1.534 |    1.679 | 
     | datapath/g26722               | A1 v -> ZN ^ | NOR2_X1   | 0.145 |   1.679 |    1.823 | 
     | datapath/g26699               | A2 ^ -> ZN v | NOR2_X1   | 0.046 |   1.725 |    1.869 | 
     | datapath/g26648               | A1 v -> ZN v | OR2_X2    | 0.203 |   1.927 |    2.072 | 
     | datapath/FE_OFC620_n_780      | A v -> ZN ^  | INV_X4    | 0.125 |   2.053 |    2.197 | 
     | datapath/FE_OFC621_n_780      | A ^ -> ZN v  | INV_X1    | 0.117 |   2.170 |    2.314 | 
     | datapath/g26366               | B1 v -> ZN ^ | OAI221_X1 | 0.251 |   2.421 |    2.565 | 
     | datapath/LT_TC_OP_g1841       | A ^ -> ZN v  | INV_X1    | 0.060 |   2.481 |    2.625 | 
     | datapath/LT_TC_OP_g1819       | A2 v -> ZN ^ | NOR2_X1   | 0.155 |   2.635 |    2.780 | 
     | datapath/LT_TC_OP_g1779       | A1 ^ -> ZN v | NOR3_X1   | 0.044 |   2.679 |    2.824 | 
     | datapath/LT_TC_OP_g1752       | A v -> ZN ^  | AOI221_X1 | 0.327 |   3.006 |    3.151 | 
     | datapath/LT_TC_OP_g1749       | B1 ^ -> ZN v | OAI221_X1 | 0.148 |   3.154 |    3.299 | 
     | datapath/FE_RC_448_0          | A1 v -> ZN v | AND2_X1   | 0.124 |   3.278 |    3.422 | 
     | datapath/FE_RC_447_0          | A v -> ZN ^  | AOI211_X2 | 0.318 |   3.596 |    3.740 | 
     | datapath/g16081               | A1 ^ -> ZN ^ | AND2_X1   | 0.168 |   3.764 |    3.908 | 
     | datapath/g16079               | A1 ^ -> ZN ^ | OR2_X4    | 0.093 |   3.857 |    4.001 | 
     | g1059                         | A1 ^ -> ZN ^ | AND2_X2   | 0.095 |   3.951 |    4.096 | 
     | datapath/FE_OFC614_IFID_flush | A ^ -> ZN v  | INV_X2    | 0.035 |   3.987 |    4.131 | 
     | datapath/FE_OFC671_IFID_flush | A v -> ZN ^  | INV_X8    | 0.160 |   4.147 |    4.291 | 
     | datapath/g35523               | A1 ^ -> ZN v | NOR2_X1   | 0.050 |   4.197 |    4.341 | 
     | datapath/IFID_pc_reg[31]      | D v          | DFFR_X1   | 0.000 |   4.197 |    4.341 | 
     +---------------------------------------------------------------------------------------+ 
Path 44: MET Setup Check with Pin datapath/IFID_instr_reg[28]/CK 
Endpoint:   datapath/IFID_instr_reg[28]/D (v) checked with  leading edge of 
'clk'
Beginpoint: datapath/IFID_instr_reg[20]/Q (^) triggered by  leading edge of 
'clk'
Path Groups: {reg2reg}
Analysis View: RPT_SLOW
Other End Arrival Time          0.481
- Setup                         0.140
+ Phase Shift                   4.100
+ CPPR Adjustment               0.000
- Uncertainty                   0.100
= Required Time                 4.341
- Arrival Time                  4.196
= Slack Time                    0.145
     Clock Rise Edge                 0.000
     + Clock Network Latency (Prop)  0.468
     = Beginpoint Arrival Time       0.468
     +---------------------------------------------------------------------------------------+ 
     |           Instance            |     Arc      |   Cell    | Delay | Arrival | Required | 
     |                               |              |           |       |  Time   |   Time   | 
     |-------------------------------+--------------+-----------+-------+---------+----------| 
     | datapath/IFID_instr_reg[20]   | CK ^         |           |       |   0.469 |    0.614 | 
     | datapath/IFID_instr_reg[20]   | CK ^ -> Q ^  | DFFR_X1   | 0.421 |   0.890 |    1.035 | 
     | datapath/FE_OFC254_IFID_rs2_0 | A ^ -> Z ^   | CLKBUF_X1 | 0.336 |   1.225 |    1.371 | 
     | datapath/g26904               | A ^ -> ZN ^  | XNOR2_X1  | 0.188 |   1.413 |    1.559 | 
     | datapath/g26728               | A1 ^ -> ZN v | NAND4_X1  | 0.121 |   1.534 |    1.680 | 
     | datapath/g26722               | A1 v -> ZN ^ | NOR2_X1   | 0.145 |   1.679 |    1.825 | 
     | datapath/g26699               | A2 ^ -> ZN v | NOR2_X1   | 0.046 |   1.725 |    1.870 | 
     | datapath/g26648               | A1 v -> ZN v | OR2_X2    | 0.203 |   1.927 |    2.073 | 
     | datapath/FE_OFC620_n_780      | A v -> ZN ^  | INV_X4    | 0.125 |   2.053 |    2.198 | 
     | datapath/FE_OFC621_n_780      | A ^ -> ZN v  | INV_X1    | 0.117 |   2.170 |    2.316 | 
     | datapath/g26366               | B1 v -> ZN ^ | OAI221_X1 | 0.251 |   2.421 |    2.566 | 
     | datapath/LT_TC_OP_g1841       | A ^ -> ZN v  | INV_X1    | 0.060 |   2.481 |    2.626 | 
     | datapath/LT_TC_OP_g1819       | A2 v -> ZN ^ | NOR2_X1   | 0.155 |   2.635 |    2.781 | 
     | datapath/LT_TC_OP_g1779       | A1 ^ -> ZN v | NOR3_X1   | 0.044 |   2.679 |    2.825 | 
     | datapath/LT_TC_OP_g1752       | A v -> ZN ^  | AOI221_X1 | 0.327 |   3.006 |    3.152 | 
     | datapath/LT_TC_OP_g1749       | B1 ^ -> ZN v | OAI221_X1 | 0.148 |   3.154 |    3.300 | 
     | datapath/FE_RC_448_0          | A1 v -> ZN v | AND2_X1   | 0.124 |   3.278 |    3.424 | 
     | datapath/FE_RC_447_0          | A v -> ZN ^  | AOI211_X2 | 0.318 |   3.596 |    3.741 | 
     | datapath/g16081               | A1 ^ -> ZN ^ | AND2_X1   | 0.168 |   3.764 |    3.910 | 
     | datapath/g16079               | A1 ^ -> ZN ^ | OR2_X4    | 0.093 |   3.857 |    4.002 | 
     | g1059                         | A1 ^ -> ZN ^ | AND2_X2   | 0.095 |   3.951 |    4.097 | 
     | datapath/FE_OFC614_IFID_flush | A ^ -> ZN v  | INV_X2    | 0.035 |   3.987 |    4.132 | 
     | datapath/FE_OFC671_IFID_flush | A v -> ZN ^  | INV_X8    | 0.160 |   4.147 |    4.292 | 
     | datapath/g35463               | A1 ^ -> ZN v | NOR2_X1   | 0.049 |   4.196 |    4.341 | 
     | datapath/IFID_instr_reg[28]   | D v          | DFFR_X1   | 0.000 |   4.196 |    4.341 | 
     +---------------------------------------------------------------------------------------+ 
Path 45: MET Setup Check with Pin datapath/IFID_instr_reg[29]/CK 
Endpoint:   datapath/IFID_instr_reg[29]/D (v) checked with  leading edge of 
'clk'
Beginpoint: datapath/IFID_instr_reg[20]/Q (^) triggered by  leading edge of 
'clk'
Path Groups: {reg2reg}
Analysis View: RPT_SLOW
Other End Arrival Time          0.481
- Setup                         0.140
+ Phase Shift                   4.100
+ CPPR Adjustment               0.000
- Uncertainty                   0.100
= Required Time                 4.341
- Arrival Time                  4.195
= Slack Time                    0.146
     Clock Rise Edge                 0.000
     + Clock Network Latency (Prop)  0.468
     = Beginpoint Arrival Time       0.468
     +---------------------------------------------------------------------------------------+ 
     |           Instance            |     Arc      |   Cell    | Delay | Arrival | Required | 
     |                               |              |           |       |  Time   |   Time   | 
     |-------------------------------+--------------+-----------+-------+---------+----------| 
     | datapath/IFID_instr_reg[20]   | CK ^         |           |       |   0.469 |    0.614 | 
     | datapath/IFID_instr_reg[20]   | CK ^ -> Q ^  | DFFR_X1   | 0.421 |   0.890 |    1.035 | 
     | datapath/FE_OFC254_IFID_rs2_0 | A ^ -> Z ^   | CLKBUF_X1 | 0.336 |   1.225 |    1.371 | 
     | datapath/g26904               | A ^ -> ZN ^  | XNOR2_X1  | 0.188 |   1.413 |    1.559 | 
     | datapath/g26728               | A1 ^ -> ZN v | NAND4_X1  | 0.121 |   1.534 |    1.680 | 
     | datapath/g26722               | A1 v -> ZN ^ | NOR2_X1   | 0.145 |   1.679 |    1.825 | 
     | datapath/g26699               | A2 ^ -> ZN v | NOR2_X1   | 0.046 |   1.725 |    1.871 | 
     | datapath/g26648               | A1 v -> ZN v | OR2_X2    | 0.203 |   1.927 |    2.073 | 
     | datapath/FE_OFC620_n_780      | A v -> ZN ^  | INV_X4    | 0.125 |   2.053 |    2.199 | 
     | datapath/FE_OFC621_n_780      | A ^ -> ZN v  | INV_X1    | 0.117 |   2.170 |    2.316 | 
     | datapath/g26366               | B1 v -> ZN ^ | OAI221_X1 | 0.251 |   2.421 |    2.567 | 
     | datapath/LT_TC_OP_g1841       | A ^ -> ZN v  | INV_X1    | 0.060 |   2.481 |    2.627 | 
     | datapath/LT_TC_OP_g1819       | A2 v -> ZN ^ | NOR2_X1   | 0.155 |   2.635 |    2.781 | 
     | datapath/LT_TC_OP_g1779       | A1 ^ -> ZN v | NOR3_X1   | 0.044 |   2.679 |    2.825 | 
     | datapath/LT_TC_OP_g1752       | A v -> ZN ^  | AOI221_X1 | 0.327 |   3.006 |    3.152 | 
     | datapath/LT_TC_OP_g1749       | B1 ^ -> ZN v | OAI221_X1 | 0.148 |   3.154 |    3.300 | 
     | datapath/FE_RC_448_0          | A1 v -> ZN v | AND2_X1   | 0.124 |   3.278 |    3.424 | 
     | datapath/FE_RC_447_0          | A v -> ZN ^  | AOI211_X2 | 0.318 |   3.596 |    3.742 | 
     | datapath/g16081               | A1 ^ -> ZN ^ | AND2_X1   | 0.168 |   3.764 |    3.910 | 
     | datapath/g16079               | A1 ^ -> ZN ^ | OR2_X4    | 0.093 |   3.857 |    4.003 | 
     | g1059                         | A1 ^ -> ZN ^ | AND2_X2   | 0.095 |   3.951 |    4.097 | 
     | datapath/FE_OFC614_IFID_flush | A ^ -> ZN v  | INV_X2    | 0.035 |   3.987 |    4.133 | 
     | datapath/FE_OFC671_IFID_flush | A v -> ZN ^  | INV_X8    | 0.160 |   4.147 |    4.293 | 
     | datapath/g35464               | A1 ^ -> ZN v | NOR2_X1   | 0.048 |   4.195 |    4.341 | 
     | datapath/IFID_instr_reg[29]   | D v          | DFFR_X1   | 0.000 |   4.195 |    4.341 | 
     +---------------------------------------------------------------------------------------+ 
Path 46: MET Setup Check with Pin datapath/IFID_instr_reg[25]/CK 
Endpoint:   datapath/IFID_instr_reg[25]/D (v) checked with  leading edge of 
'clk'
Beginpoint: datapath/IFID_instr_reg[20]/Q (^) triggered by  leading edge of 
'clk'
Path Groups: {reg2reg}
Analysis View: RPT_SLOW
Other End Arrival Time          0.481
- Setup                         0.140
+ Phase Shift                   4.100
+ CPPR Adjustment               0.000
- Uncertainty                   0.100
= Required Time                 4.341
- Arrival Time                  4.194
= Slack Time                    0.147
     Clock Rise Edge                 0.000
     + Clock Network Latency (Prop)  0.468
     = Beginpoint Arrival Time       0.468
     +---------------------------------------------------------------------------------------+ 
     |           Instance            |     Arc      |   Cell    | Delay | Arrival | Required | 
     |                               |              |           |       |  Time   |   Time   | 
     |-------------------------------+--------------+-----------+-------+---------+----------| 
     | datapath/IFID_instr_reg[20]   | CK ^         |           |       |   0.469 |    0.615 | 
     | datapath/IFID_instr_reg[20]   | CK ^ -> Q ^  | DFFR_X1   | 0.421 |   0.890 |    1.036 | 
     | datapath/FE_OFC254_IFID_rs2_0 | A ^ -> Z ^   | CLKBUF_X1 | 0.336 |   1.225 |    1.372 | 
     | datapath/g26904               | A ^ -> ZN ^  | XNOR2_X1  | 0.188 |   1.413 |    1.560 | 
     | datapath/g26728               | A1 ^ -> ZN v | NAND4_X1  | 0.121 |   1.534 |    1.681 | 
     | datapath/g26722               | A1 v -> ZN ^ | NOR2_X1   | 0.145 |   1.679 |    1.826 | 
     | datapath/g26699               | A2 ^ -> ZN v | NOR2_X1   | 0.046 |   1.725 |    1.872 | 
     | datapath/g26648               | A1 v -> ZN v | OR2_X2    | 0.203 |   1.927 |    2.074 | 
     | datapath/FE_OFC620_n_780      | A v -> ZN ^  | INV_X4    | 0.125 |   2.053 |    2.200 | 
     | datapath/FE_OFC621_n_780      | A ^ -> ZN v  | INV_X1    | 0.117 |   2.170 |    2.317 | 
     | datapath/g26366               | B1 v -> ZN ^ | OAI221_X1 | 0.251 |   2.421 |    2.568 | 
     | datapath/LT_TC_OP_g1841       | A ^ -> ZN v  | INV_X1    | 0.060 |   2.481 |    2.628 | 
     | datapath/LT_TC_OP_g1819       | A2 v -> ZN ^ | NOR2_X1   | 0.155 |   2.635 |    2.782 | 
     | datapath/LT_TC_OP_g1779       | A1 ^ -> ZN v | NOR3_X1   | 0.044 |   2.679 |    2.826 | 
     | datapath/LT_TC_OP_g1752       | A v -> ZN ^  | AOI221_X1 | 0.327 |   3.006 |    3.153 | 
     | datapath/LT_TC_OP_g1749       | B1 ^ -> ZN v | OAI221_X1 | 0.148 |   3.154 |    3.301 | 
     | datapath/FE_RC_448_0          | A1 v -> ZN v | AND2_X1   | 0.124 |   3.278 |    3.425 | 
     | datapath/FE_RC_447_0          | A v -> ZN ^  | AOI211_X2 | 0.318 |   3.596 |    3.743 | 
     | datapath/g16081               | A1 ^ -> ZN ^ | AND2_X1   | 0.168 |   3.764 |    3.911 | 
     | datapath/g16079               | A1 ^ -> ZN ^ | OR2_X4    | 0.093 |   3.857 |    4.004 | 
     | g1059                         | A1 ^ -> ZN ^ | AND2_X2   | 0.095 |   3.951 |    4.098 | 
     | datapath/FE_OFC614_IFID_flush | A ^ -> ZN v  | INV_X2    | 0.035 |   3.987 |    4.134 | 
     | datapath/FE_OFC671_IFID_flush | A v -> ZN ^  | INV_X8    | 0.160 |   4.147 |    4.294 | 
     | datapath/g35459               | A1 ^ -> ZN v | NOR2_X1   | 0.047 |   4.194 |    4.341 | 
     | datapath/IFID_instr_reg[25]   | D v          | DFFR_X1   | 0.000 |   4.194 |    4.341 | 
     +---------------------------------------------------------------------------------------+ 
Path 47: MET Setup Check with Pin datapath/IFID_pc_reg[30]/CK 
Endpoint:   datapath/IFID_pc_reg[30]/D    (v) checked with  leading edge of 
'clk'
Beginpoint: datapath/IFID_instr_reg[20]/Q (^) triggered by  leading edge of 
'clk'
Path Groups: {reg2reg}
Analysis View: RPT_SLOW
Other End Arrival Time          0.481
- Setup                         0.140
+ Phase Shift                   4.100
+ CPPR Adjustment               0.000
- Uncertainty                   0.100
= Required Time                 4.342
- Arrival Time                  4.194
= Slack Time                    0.147
     Clock Rise Edge                 0.000
     + Clock Network Latency (Prop)  0.468
     = Beginpoint Arrival Time       0.468
     +---------------------------------------------------------------------------------------+ 
     |           Instance            |     Arc      |   Cell    | Delay | Arrival | Required | 
     |                               |              |           |       |  Time   |   Time   | 
     |-------------------------------+--------------+-----------+-------+---------+----------| 
     | datapath/IFID_instr_reg[20]   | CK ^         |           |       |   0.469 |    0.616 | 
     | datapath/IFID_instr_reg[20]   | CK ^ -> Q ^  | DFFR_X1   | 0.421 |   0.890 |    1.037 | 
     | datapath/FE_OFC254_IFID_rs2_0 | A ^ -> Z ^   | CLKBUF_X1 | 0.336 |   1.225 |    1.372 | 
     | datapath/g26904               | A ^ -> ZN ^  | XNOR2_X1  | 0.188 |   1.413 |    1.560 | 
     | datapath/g26728               | A1 ^ -> ZN v | NAND4_X1  | 0.121 |   1.534 |    1.681 | 
     | datapath/g26722               | A1 v -> ZN ^ | NOR2_X1   | 0.145 |   1.679 |    1.826 | 
     | datapath/g26699               | A2 ^ -> ZN v | NOR2_X1   | 0.046 |   1.725 |    1.872 | 
     | datapath/g26648               | A1 v -> ZN v | OR2_X2    | 0.203 |   1.927 |    2.074 | 
     | datapath/FE_OFC620_n_780      | A v -> ZN ^  | INV_X4    | 0.125 |   2.053 |    2.200 | 
     | datapath/FE_OFC621_n_780      | A ^ -> ZN v  | INV_X1    | 0.117 |   2.170 |    2.317 | 
     | datapath/g26366               | B1 v -> ZN ^ | OAI221_X1 | 0.251 |   2.421 |    2.568 | 
     | datapath/LT_TC_OP_g1841       | A ^ -> ZN v  | INV_X1    | 0.060 |   2.481 |    2.628 | 
     | datapath/LT_TC_OP_g1819       | A2 v -> ZN ^ | NOR2_X1   | 0.155 |   2.635 |    2.782 | 
     | datapath/LT_TC_OP_g1779       | A1 ^ -> ZN v | NOR3_X1   | 0.044 |   2.679 |    2.826 | 
     | datapath/LT_TC_OP_g1752       | A v -> ZN ^  | AOI221_X1 | 0.327 |   3.006 |    3.153 | 
     | datapath/LT_TC_OP_g1749       | B1 ^ -> ZN v | OAI221_X1 | 0.148 |   3.154 |    3.301 | 
     | datapath/FE_RC_448_0          | A1 v -> ZN v | AND2_X1   | 0.124 |   3.278 |    3.425 | 
     | datapath/FE_RC_447_0          | A v -> ZN ^  | AOI211_X2 | 0.318 |   3.596 |    3.743 | 
     | datapath/g16081               | A1 ^ -> ZN ^ | AND2_X1   | 0.168 |   3.764 |    3.911 | 
     | datapath/g16079               | A1 ^ -> ZN ^ | OR2_X4    | 0.093 |   3.857 |    4.004 | 
     | g1059                         | A1 ^ -> ZN ^ | AND2_X2   | 0.095 |   3.951 |    4.098 | 
     | datapath/FE_OFC614_IFID_flush | A ^ -> ZN v  | INV_X2    | 0.035 |   3.987 |    4.134 | 
     | datapath/FE_OFC671_IFID_flush | A v -> ZN ^  | INV_X8    | 0.160 |   4.147 |    4.294 | 
     | datapath/g35522               | A1 ^ -> ZN v | NOR2_X1   | 0.047 |   4.194 |    4.342 | 
     | datapath/IFID_pc_reg[30]      | D v          | DFFR_X1   | 0.000 |   4.194 |    4.342 | 
     +---------------------------------------------------------------------------------------+ 
Path 48: MET Setup Check with Pin datapath/IFID_pc_reg[9]/CK 
Endpoint:   datapath/IFID_pc_reg[9]/D     (v) checked with  leading edge of 
'clk'
Beginpoint: datapath/IFID_instr_reg[20]/Q (^) triggered by  leading edge of 
'clk'
Path Groups: {reg2reg}
Analysis View: RPT_SLOW
Other End Arrival Time          0.481
- Setup                         0.140
+ Phase Shift                   4.100
+ CPPR Adjustment               0.000
- Uncertainty                   0.100
= Required Time                 4.341
- Arrival Time                  4.194
= Slack Time                    0.147
     Clock Rise Edge                 0.000
     + Clock Network Latency (Prop)  0.468
     = Beginpoint Arrival Time       0.468
     +---------------------------------------------------------------------------------------+ 
     |           Instance            |     Arc      |   Cell    | Delay | Arrival | Required | 
     |                               |              |           |       |  Time   |   Time   | 
     |-------------------------------+--------------+-----------+-------+---------+----------| 
     | datapath/IFID_instr_reg[20]   | CK ^         |           |       |   0.469 |    0.616 | 
     | datapath/IFID_instr_reg[20]   | CK ^ -> Q ^  | DFFR_X1   | 0.421 |   0.890 |    1.037 | 
     | datapath/FE_OFC254_IFID_rs2_0 | A ^ -> Z ^   | CLKBUF_X1 | 0.336 |   1.225 |    1.373 | 
     | datapath/g26904               | A ^ -> ZN ^  | XNOR2_X1  | 0.188 |   1.413 |    1.561 | 
     | datapath/g26728               | A1 ^ -> ZN v | NAND4_X1  | 0.121 |   1.534 |    1.682 | 
     | datapath/g26722               | A1 v -> ZN ^ | NOR2_X1   | 0.145 |   1.679 |    1.826 | 
     | datapath/g26699               | A2 ^ -> ZN v | NOR2_X1   | 0.046 |   1.725 |    1.872 | 
     | datapath/g26648               | A1 v -> ZN v | OR2_X2    | 0.203 |   1.927 |    2.075 | 
     | datapath/FE_OFC620_n_780      | A v -> ZN ^  | INV_X4    | 0.125 |   2.053 |    2.200 | 
     | datapath/FE_OFC621_n_780      | A ^ -> ZN v  | INV_X1    | 0.117 |   2.170 |    2.317 | 
     | datapath/g26366               | B1 v -> ZN ^ | OAI221_X1 | 0.251 |   2.421 |    2.568 | 
     | datapath/LT_TC_OP_g1841       | A ^ -> ZN v  | INV_X1    | 0.060 |   2.481 |    2.628 | 
     | datapath/LT_TC_OP_g1819       | A2 v -> ZN ^ | NOR2_X1   | 0.155 |   2.635 |    2.783 | 
     | datapath/LT_TC_OP_g1779       | A1 ^ -> ZN v | NOR3_X1   | 0.044 |   2.679 |    2.827 | 
     | datapath/LT_TC_OP_g1752       | A v -> ZN ^  | AOI221_X1 | 0.327 |   3.006 |    3.154 | 
     | datapath/LT_TC_OP_g1749       | B1 ^ -> ZN v | OAI221_X1 | 0.148 |   3.154 |    3.302 | 
     | datapath/FE_RC_448_0          | A1 v -> ZN v | AND2_X1   | 0.124 |   3.278 |    3.425 | 
     | datapath/FE_RC_447_0          | A v -> ZN ^  | AOI211_X2 | 0.318 |   3.596 |    3.743 | 
     | datapath/g16081               | A1 ^ -> ZN ^ | AND2_X1   | 0.168 |   3.764 |    3.911 | 
     | datapath/g16079               | A1 ^ -> ZN ^ | OR2_X4    | 0.093 |   3.857 |    4.004 | 
     | g1059                         | A1 ^ -> ZN ^ | AND2_X2   | 0.095 |   3.951 |    4.099 | 
     | datapath/FE_OFC614_IFID_flush | A ^ -> ZN v  | INV_X2    | 0.035 |   3.987 |    4.134 | 
     | datapath/FE_OFC671_IFID_flush | A v -> ZN ^  | INV_X8    | 0.160 |   4.147 |    4.294 | 
     | datapath/g35505               | A1 ^ -> ZN v | NOR2_X1   | 0.047 |   4.194 |    4.341 | 
     | datapath/IFID_pc_reg[9]       | D v          | DFFR_X1   | 0.000 |   4.194 |    4.341 | 
     +---------------------------------------------------------------------------------------+ 
Path 49: MET Setup Check with Pin datapath/IFID_pc_reg[8]/CK 
Endpoint:   datapath/IFID_pc_reg[8]/D     (v) checked with  leading edge of 
'clk'
Beginpoint: datapath/IFID_instr_reg[20]/Q (^) triggered by  leading edge of 
'clk'
Path Groups: {reg2reg}
Analysis View: RPT_SLOW
Other End Arrival Time          0.481
- Setup                         0.140
+ Phase Shift                   4.100
+ CPPR Adjustment               0.000
- Uncertainty                   0.100
= Required Time                 4.341
- Arrival Time                  4.191
= Slack Time                    0.149
     Clock Rise Edge                 0.000
     + Clock Network Latency (Prop)  0.468
     = Beginpoint Arrival Time       0.468
     +---------------------------------------------------------------------------------------+ 
     |           Instance            |     Arc      |   Cell    | Delay | Arrival | Required | 
     |                               |              |           |       |  Time   |   Time   | 
     |-------------------------------+--------------+-----------+-------+---------+----------| 
     | datapath/IFID_instr_reg[20]   | CK ^         |           |       |   0.469 |    0.618 | 
     | datapath/IFID_instr_reg[20]   | CK ^ -> Q ^  | DFFR_X1   | 0.421 |   0.890 |    1.039 | 
     | datapath/FE_OFC254_IFID_rs2_0 | A ^ -> Z ^   | CLKBUF_X1 | 0.336 |   1.225 |    1.375 | 
     | datapath/g26904               | A ^ -> ZN ^  | XNOR2_X1  | 0.188 |   1.413 |    1.563 | 
     | datapath/g26728               | A1 ^ -> ZN v | NAND4_X1  | 0.121 |   1.534 |    1.684 | 
     | datapath/g26722               | A1 v -> ZN ^ | NOR2_X1   | 0.145 |   1.679 |    1.829 | 
     | datapath/g26699               | A2 ^ -> ZN v | NOR2_X1   | 0.046 |   1.725 |    1.874 | 
     | datapath/g26648               | A1 v -> ZN v | OR2_X2    | 0.203 |   1.927 |    2.077 | 
     | datapath/FE_OFC620_n_780      | A v -> ZN ^  | INV_X4    | 0.125 |   2.053 |    2.202 | 
     | datapath/FE_OFC621_n_780      | A ^ -> ZN v  | INV_X1    | 0.117 |   2.170 |    2.320 | 
     | datapath/g26366               | B1 v -> ZN ^ | OAI221_X1 | 0.251 |   2.421 |    2.570 | 
     | datapath/LT_TC_OP_g1841       | A ^ -> ZN v  | INV_X1    | 0.060 |   2.481 |    2.630 | 
     | datapath/LT_TC_OP_g1819       | A2 v -> ZN ^ | NOR2_X1   | 0.155 |   2.635 |    2.785 | 
     | datapath/LT_TC_OP_g1779       | A1 ^ -> ZN v | NOR3_X1   | 0.044 |   2.679 |    2.829 | 
     | datapath/LT_TC_OP_g1752       | A v -> ZN ^  | AOI221_X1 | 0.327 |   3.006 |    3.156 | 
     | datapath/LT_TC_OP_g1749       | B1 ^ -> ZN v | OAI221_X1 | 0.148 |   3.154 |    3.304 | 
     | datapath/FE_RC_448_0          | A1 v -> ZN v | AND2_X1   | 0.124 |   3.278 |    3.428 | 
     | datapath/FE_RC_447_0          | A v -> ZN ^  | AOI211_X2 | 0.318 |   3.596 |    3.745 | 
     | datapath/g16081               | A1 ^ -> ZN ^ | AND2_X1   | 0.168 |   3.764 |    3.914 | 
     | datapath/g16079               | A1 ^ -> ZN ^ | OR2_X4    | 0.093 |   3.857 |    4.006 | 
     | g1059                         | A1 ^ -> ZN ^ | AND2_X2   | 0.095 |   3.951 |    4.101 | 
     | datapath/FE_OFC614_IFID_flush | A ^ -> ZN v  | INV_X2    | 0.035 |   3.987 |    4.136 | 
     | datapath/FE_OFC671_IFID_flush | A v -> ZN ^  | INV_X8    | 0.160 |   4.147 |    4.296 | 
     | datapath/g35504               | A1 ^ -> ZN v | NOR2_X1   | 0.045 |   4.191 |    4.341 | 
     | datapath/IFID_pc_reg[8]       | D v          | DFFR_X1   | 0.000 |   4.191 |    4.341 | 
     +---------------------------------------------------------------------------------------+ 
Path 50: MET Setup Check with Pin datapath/IFID_instr_reg[14]/CK 
Endpoint:   datapath/IFID_instr_reg[14]/D (v) checked with  leading edge of 
'clk'
Beginpoint: datapath/IFID_instr_reg[20]/Q (^) triggered by  leading edge of 
'clk'
Path Groups: {reg2reg}
Analysis View: RPT_SLOW
Other End Arrival Time          0.482
- Setup                         0.136
+ Phase Shift                   4.100
+ CPPR Adjustment               0.000
- Uncertainty                   0.100
= Required Time                 4.346
- Arrival Time                  4.197
= Slack Time                    0.150
     Clock Rise Edge                 0.000
     + Clock Network Latency (Prop)  0.468
     = Beginpoint Arrival Time       0.468
     +---------------------------------------------------------------------------------------+ 
     |           Instance            |     Arc      |   Cell    | Delay | Arrival | Required | 
     |                               |              |           |       |  Time   |   Time   | 
     |-------------------------------+--------------+-----------+-------+---------+----------| 
     | datapath/IFID_instr_reg[20]   | CK ^         |           |       |   0.469 |    0.618 | 
     | datapath/IFID_instr_reg[20]   | CK ^ -> Q ^  | DFFR_X1   | 0.421 |   0.890 |    1.039 | 
     | datapath/FE_OFC254_IFID_rs2_0 | A ^ -> Z ^   | CLKBUF_X1 | 0.336 |   1.225 |    1.375 | 
     | datapath/g26904               | A ^ -> ZN ^  | XNOR2_X1  | 0.188 |   1.413 |    1.563 | 
     | datapath/g26728               | A1 ^ -> ZN v | NAND4_X1  | 0.121 |   1.534 |    1.684 | 
     | datapath/g26722               | A1 v -> ZN ^ | NOR2_X1   | 0.145 |   1.679 |    1.829 | 
     | datapath/g26699               | A2 ^ -> ZN v | NOR2_X1   | 0.046 |   1.725 |    1.875 | 
     | datapath/g26648               | A1 v -> ZN v | OR2_X2    | 0.203 |   1.927 |    2.077 | 
     | datapath/FE_OFC620_n_780      | A v -> ZN ^  | INV_X4    | 0.125 |   2.053 |    2.203 | 
     | datapath/FE_OFC621_n_780      | A ^ -> ZN v  | INV_X1    | 0.117 |   2.170 |    2.320 | 
     | datapath/g26366               | B1 v -> ZN ^ | OAI221_X1 | 0.251 |   2.421 |    2.571 | 
     | datapath/LT_TC_OP_g1841       | A ^ -> ZN v  | INV_X1    | 0.060 |   2.481 |    2.631 | 
     | datapath/LT_TC_OP_g1819       | A2 v -> ZN ^ | NOR2_X1   | 0.155 |   2.635 |    2.785 | 
     | datapath/LT_TC_OP_g1779       | A1 ^ -> ZN v | NOR3_X1   | 0.044 |   2.679 |    2.829 | 
     | datapath/LT_TC_OP_g1752       | A v -> ZN ^  | AOI221_X1 | 0.327 |   3.006 |    3.156 | 
     | datapath/LT_TC_OP_g1749       | B1 ^ -> ZN v | OAI221_X1 | 0.148 |   3.154 |    3.304 | 
     | datapath/FE_RC_448_0          | A1 v -> ZN v | AND2_X1   | 0.124 |   3.278 |    3.428 | 
     | datapath/FE_RC_447_0          | A v -> ZN ^  | AOI211_X2 | 0.318 |   3.596 |    3.746 | 
     | datapath/g16081               | A1 ^ -> ZN ^ | AND2_X1   | 0.168 |   3.764 |    3.914 | 
     | datapath/g16079               | A1 ^ -> ZN ^ | OR2_X4    | 0.093 |   3.857 |    4.007 | 
     | g1059                         | A1 ^ -> ZN ^ | AND2_X2   | 0.095 |   3.951 |    4.101 | 
     | datapath/FE_OFC614_IFID_flush | A ^ -> ZN v  | INV_X2    | 0.035 |   3.987 |    4.137 | 
     | datapath/FE_OFC671_IFID_flush | A v -> ZN ^  | INV_X8    | 0.160 |   4.147 |    4.297 | 
     | datapath/g35511               | A1 ^ -> ZN v | NOR2_X1   | 0.050 |   4.197 |    4.346 | 
     | datapath/IFID_instr_reg[14]   | D v          | DFFR_X1   | 0.000 |   4.197 |    4.346 | 
     +---------------------------------------------------------------------------------------+ 

