###############################################################
#  Generated by:      Cadence Innovus 23.12-s091_1
#  OS:                Linux x86_64(Host ID nanohub-2908156-5)
#  Generated on:      Wed Aug 12 19:12:50 2026
#  Design:            pipelined_cpu_core
#  Command:           report_timing -late  -view RPT_FAST -max_paths 50 -nworst 1 > reports/40_setup_fast.rpt
###############################################################
Path 1: MET Recovery Check with Pin datapath/EXMEM_aluResult_reg[3]/CK 
Endpoint:   datapath/EXMEM_aluResult_reg[3]/RN (^) checked with  leading edge 
of 'clk'
Beginpoint: u_reset_sync/stage3_n_reg/Q        (v) triggered by trailing edge 
of 'clk'
Path Groups: {reg2reg}
Analysis View: RPT_FAST
Other End Arrival Time          0.132
- Recovery                     -0.030
+ Phase Shift                   4.000
+ CPPR Adjustment               0.000
- Uncertainty                   0.100
= Required Time                 4.062
- Arrival Time                  2.420
= Slack Time                    1.642
     Clock Fall Edge                 2.000
     + Clock Network Latency (Prop)  0.129
     = Beginpoint Arrival Time       2.129
     +----------------------------------------------------------------------------------------+ 
     |            Instance             |     Arc     |   Cell    | Delay | Arrival | Required | 
     |                                 |             |           |       |  Time   |   Time   | 
     |---------------------------------+-------------+-----------+-------+---------+----------| 
     | u_reset_sync/stage3_n_reg       | CK ^        |           |       |   2.129 |    3.772 | 
     | u_reset_sync/stage3_n_reg       | CK ^ -> Q v | DFFS_X1   | 0.054 |   2.183 |    3.825 | 
     | datapath/g26966                 | A v -> ZN ^ | INV_X1    | 0.006 |   2.189 |    3.832 | 
     | datapath/FE_OFC0_n_0            | A ^ -> Z ^  | CLKBUF_X3 | 0.041 |   2.230 |    3.873 | 
     | datapath/FE_OFC25_n_0           | A ^ -> Z ^  | CLKBUF_X3 | 0.056 |   2.286 |    3.928 | 
     | datapath/FE_OFC17_n_0           | A ^ -> Z ^  | CLKBUF_X2 | 0.062 |   2.348 |    3.990 | 
     | datapath/FE_OFC538_n_0          | A ^ -> Z ^  | CLKBUF_X3 | 0.065 |   2.413 |    4.055 | 
     | datapath/EXMEM_aluResult_reg[3] | RN ^        | DFFR_X1   | 0.007 |   2.420 |    4.062 | 
     +----------------------------------------------------------------------------------------+ 
Path 2: MET Recovery Check with Pin datapath/IDEX_readData1_reg[9]/CK 
Endpoint:   datapath/IDEX_readData1_reg[9]/RN (^) checked with  leading edge of 
'clk'
Beginpoint: u_reset_sync/stage3_n_reg/Q       (v) triggered by trailing edge of 
'clk'
Path Groups: {reg2reg}
Analysis View: RPT_FAST
Other End Arrival Time          0.132
- Recovery                     -0.030
+ Phase Shift                   4.000
+ CPPR Adjustment               0.000
- Uncertainty                   0.100
= Required Time                 4.062
- Arrival Time                  2.420
= Slack Time                    1.642
     Clock Fall Edge                 2.000
     + Clock Network Latency (Prop)  0.129
     = Beginpoint Arrival Time       2.129
     +---------------------------------------------------------------------------------------+ 
     |            Instance            |     Arc     |   Cell    | Delay | Arrival | Required | 
     |                                |             |           |       |  Time   |   Time   | 
     |--------------------------------+-------------+-----------+-------+---------+----------| 
     | u_reset_sync/stage3_n_reg      | CK ^        |           |       |   2.129 |    3.772 | 
     | u_reset_sync/stage3_n_reg      | CK ^ -> Q v | DFFS_X1   | 0.054 |   2.183 |    3.825 | 
     | datapath/g26966                | A v -> ZN ^ | INV_X1    | 0.006 |   2.189 |    3.832 | 
     | datapath/FE_OFC0_n_0           | A ^ -> Z ^  | CLKBUF_X3 | 0.041 |   2.230 |    3.873 | 
     | datapath/FE_OFC25_n_0          | A ^ -> Z ^  | CLKBUF_X3 | 0.056 |   2.286 |    3.928 | 
     | datapath/FE_OFC17_n_0          | A ^ -> Z ^  | CLKBUF_X2 | 0.062 |   2.348 |    3.990 | 
     | datapath/FE_OFC538_n_0         | A ^ -> Z ^  | CLKBUF_X3 | 0.065 |   2.413 |    4.055 | 
     | datapath/IDEX_readData1_reg[9] | RN ^        | DFFR_X1   | 0.007 |   2.420 |    4.062 | 
     +---------------------------------------------------------------------------------------+ 
Path 3: MET Recovery Check with Pin datapath/EXMEM_aluResult_reg[9]/CK 
Endpoint:   datapath/EXMEM_aluResult_reg[9]/RN (^) checked with  leading edge 
of 'clk'
Beginpoint: u_reset_sync/stage3_n_reg/Q        (v) triggered by trailing edge 
of 'clk'
Path Groups: {reg2reg}
Analysis View: RPT_FAST
Other End Arrival Time          0.132
- Recovery                     -0.030
+ Phase Shift                   4.000
+ CPPR Adjustment               0.000
- Uncertainty                   0.100
= Required Time                 4.062
- Arrival Time                  2.420
= Slack Time                    1.642
     Clock Fall Edge                 2.000
     + Clock Network Latency (Prop)  0.129
     = Beginpoint Arrival Time       2.129
     +----------------------------------------------------------------------------------------+ 
     |            Instance             |     Arc     |   Cell    | Delay | Arrival | Required | 
     |                                 |             |           |       |  Time   |   Time   | 
     |---------------------------------+-------------+-----------+-------+---------+----------| 
     | u_reset_sync/stage3_n_reg       | CK ^        |           |       |   2.129 |    3.772 | 
     | u_reset_sync/stage3_n_reg       | CK ^ -> Q v | DFFS_X1   | 0.054 |   2.183 |    3.825 | 
     | datapath/g26966                 | A v -> ZN ^ | INV_X1    | 0.006 |   2.189 |    3.832 | 
     | datapath/FE_OFC0_n_0            | A ^ -> Z ^  | CLKBUF_X3 | 0.041 |   2.230 |    3.873 | 
     | datapath/FE_OFC25_n_0           | A ^ -> Z ^  | CLKBUF_X3 | 0.056 |   2.286 |    3.928 | 
     | datapath/FE_OFC17_n_0           | A ^ -> Z ^  | CLKBUF_X2 | 0.062 |   2.347 |    3.990 | 
     | datapath/FE_OFC538_n_0          | A ^ -> Z ^  | CLKBUF_X3 | 0.065 |   2.413 |    4.055 | 
     | datapath/EXMEM_aluResult_reg[9] | RN ^        | DFFR_X1   | 0.007 |   2.420 |    4.062 | 
     +----------------------------------------------------------------------------------------+ 
Path 4: MET Recovery Check with Pin datapath/MEMWB_memData_reg[3]/CK 
Endpoint:   datapath/MEMWB_memData_reg[3]/RN (^) checked with  leading edge of 
'clk'
Beginpoint: u_reset_sync/stage3_n_reg/Q      (v) triggered by trailing edge of 
'clk'
Path Groups: {reg2reg}
Analysis View: RPT_FAST
Other End Arrival Time          0.132
- Recovery                     -0.030
+ Phase Shift                   4.000
+ CPPR Adjustment               0.000
- Uncertainty                   0.100
= Required Time                 4.062
- Arrival Time                  2.420
= Slack Time                    1.642
     Clock Fall Edge                 2.000
     + Clock Network Latency (Prop)  0.129
     = Beginpoint Arrival Time       2.129
     +--------------------------------------------------------------------------------------+ 
     |           Instance            |     Arc     |   Cell    | Delay | Arrival | Required | 
     |                               |             |           |       |  Time   |   Time   | 
     |-------------------------------+-------------+-----------+-------+---------+----------| 
     | u_reset_sync/stage3_n_reg     | CK ^        |           |       |   2.129 |    3.772 | 
     | u_reset_sync/stage3_n_reg     | CK ^ -> Q v | DFFS_X1   | 0.054 |   2.183 |    3.825 | 
     | datapath/g26966               | A v -> ZN ^ | INV_X1    | 0.006 |   2.189 |    3.832 | 
     | datapath/FE_OFC0_n_0          | A ^ -> Z ^  | CLKBUF_X3 | 0.041 |   2.230 |    3.873 | 
     | datapath/FE_OFC25_n_0         | A ^ -> Z ^  | CLKBUF_X3 | 0.056 |   2.286 |    3.928 | 
     | datapath/FE_OFC17_n_0         | A ^ -> Z ^  | CLKBUF_X2 | 0.062 |   2.347 |    3.990 | 
     | datapath/FE_OFC538_n_0        | A ^ -> Z ^  | CLKBUF_X3 | 0.065 |   2.413 |    4.055 | 
     | datapath/MEMWB_memData_reg[3] | RN ^        | DFFR_X1   | 0.007 |   2.420 |    4.062 | 
     +--------------------------------------------------------------------------------------+ 
Path 5: MET Recovery Check with Pin datapath/MEMWB_aluResult_reg[9]/CK 
Endpoint:   datapath/MEMWB_aluResult_reg[9]/RN (^) checked with  leading edge 
of 'clk'
Beginpoint: u_reset_sync/stage3_n_reg/Q        (v) triggered by trailing edge 
of 'clk'
Path Groups: {reg2reg}
Analysis View: RPT_FAST
Other End Arrival Time          0.132
- Recovery                     -0.030
+ Phase Shift                   4.000
+ CPPR Adjustment               0.000
- Uncertainty                   0.100
= Required Time                 4.062
- Arrival Time                  2.420
= Slack Time                    1.642
     Clock Fall Edge                 2.000
     + Clock Network Latency (Prop)  0.129
     = Beginpoint Arrival Time       2.129
     +----------------------------------------------------------------------------------------+ 
     |            Instance             |     Arc     |   Cell    | Delay | Arrival | Required | 
     |                                 |             |           |       |  Time   |   Time   | 
     |---------------------------------+-------------+-----------+-------+---------+----------| 
     | u_reset_sync/stage3_n_reg       | CK ^        |           |       |   2.129 |    3.772 | 
     | u_reset_sync/stage3_n_reg       | CK ^ -> Q v | DFFS_X1   | 0.054 |   2.183 |    3.825 | 
     | datapath/g26966                 | A v -> ZN ^ | INV_X1    | 0.006 |   2.189 |    3.832 | 
     | datapath/FE_OFC0_n_0            | A ^ -> Z ^  | CLKBUF_X3 | 0.041 |   2.230 |    3.873 | 
     | datapath/FE_OFC25_n_0           | A ^ -> Z ^  | CLKBUF_X3 | 0.056 |   2.286 |    3.928 | 
     | datapath/FE_OFC17_n_0           | A ^ -> Z ^  | CLKBUF_X2 | 0.062 |   2.347 |    3.990 | 
     | datapath/FE_OFC538_n_0          | A ^ -> Z ^  | CLKBUF_X3 | 0.065 |   2.413 |    4.055 | 
     | datapath/MEMWB_aluResult_reg[9] | RN ^        | DFFR_X1   | 0.007 |   2.420 |    4.062 | 
     +----------------------------------------------------------------------------------------+ 
Path 6: MET Recovery Check with Pin datapath/EXMEM_aluResult_reg[17]/CK 
Endpoint:   datapath/EXMEM_aluResult_reg[17]/RN (^) checked with  leading edge 
of 'clk'
Beginpoint: u_reset_sync/stage3_n_reg/Q         (v) triggered by trailing edge 
of 'clk'
Path Groups: {reg2reg}
Analysis View: RPT_FAST
Other End Arrival Time          0.132
- Recovery                     -0.030
+ Phase Shift                   4.000
+ CPPR Adjustment               0.000
- Uncertainty                   0.100
= Required Time                 4.062
- Arrival Time                  2.420
= Slack Time                    1.643
     Clock Fall Edge                 2.000
     + Clock Network Latency (Prop)  0.129
     = Beginpoint Arrival Time       2.129
     +-----------------------------------------------------------------------------------------+ 
     |             Instance             |     Arc     |   Cell    | Delay | Arrival | Required | 
     |                                  |             |           |       |  Time   |   Time   | 
     |----------------------------------+-------------+-----------+-------+---------+----------| 
     | u_reset_sync/stage3_n_reg        | CK ^        |           |       |   2.129 |    3.772 | 
     | u_reset_sync/stage3_n_reg        | CK ^ -> Q v | DFFS_X1   | 0.054 |   2.183 |    3.826 | 
     | datapath/g26966                  | A v -> ZN ^ | INV_X1    | 0.006 |   2.189 |    3.832 | 
     | datapath/FE_OFC0_n_0             | A ^ -> Z ^  | CLKBUF_X3 | 0.041 |   2.230 |    3.873 | 
     | datapath/FE_OFC25_n_0            | A ^ -> Z ^  | CLKBUF_X3 | 0.056 |   2.286 |    3.929 | 
     | datapath/FE_OFC17_n_0            | A ^ -> Z ^  | CLKBUF_X2 | 0.062 |   2.348 |    3.990 | 
     | datapath/FE_OFC538_n_0           | A ^ -> Z ^  | CLKBUF_X3 | 0.065 |   2.413 |    4.055 | 
     | datapath/EXMEM_aluResult_reg[17] | RN ^        | DFFR_X1   | 0.007 |   2.420 |    4.062 | 
     +-----------------------------------------------------------------------------------------+ 
Path 7: MET Recovery Check with Pin datapath/MEMWB_memData_reg[18]/CK 
Endpoint:   datapath/MEMWB_memData_reg[18]/RN (^) checked with  leading edge of 
'clk'
Beginpoint: u_reset_sync/stage3_n_reg/Q       (v) triggered by trailing edge of 
'clk'
Path Groups: {reg2reg}
Analysis View: RPT_FAST
Other End Arrival Time          0.132
- Recovery                     -0.030
+ Phase Shift                   4.000
+ CPPR Adjustment               0.000
- Uncertainty                   0.100
= Required Time                 4.062
- Arrival Time                  2.420
= Slack Time                    1.643
     Clock Fall Edge                 2.000
     + Clock Network Latency (Prop)  0.129
     = Beginpoint Arrival Time       2.129
     +---------------------------------------------------------------------------------------+ 
     |            Instance            |     Arc     |   Cell    | Delay | Arrival | Required | 
     |                                |             |           |       |  Time   |   Time   | 
     |--------------------------------+-------------+-----------+-------+---------+----------| 
     | u_reset_sync/stage3_n_reg      | CK ^        |           |       |   2.129 |    3.772 | 
     | u_reset_sync/stage3_n_reg      | CK ^ -> Q v | DFFS_X1   | 0.054 |   2.183 |    3.826 | 
     | datapath/g26966                | A v -> ZN ^ | INV_X1    | 0.006 |   2.189 |    3.832 | 
     | datapath/FE_OFC0_n_0           | A ^ -> Z ^  | CLKBUF_X3 | 0.041 |   2.230 |    3.873 | 
     | datapath/FE_OFC25_n_0          | A ^ -> Z ^  | CLKBUF_X3 | 0.056 |   2.286 |    3.929 | 
     | datapath/FE_OFC17_n_0          | A ^ -> Z ^  | CLKBUF_X2 | 0.062 |   2.348 |    3.990 | 
     | datapath/FE_OFC538_n_0         | A ^ -> Z ^  | CLKBUF_X3 | 0.065 |   2.413 |    4.055 | 
     | datapath/MEMWB_memData_reg[18] | RN ^        | DFFR_X1   | 0.007 |   2.420 |    4.062 | 
     +---------------------------------------------------------------------------------------+ 
Path 8: MET Recovery Check with Pin datapath/MEMWB_memData_reg[13]/CK 
Endpoint:   datapath/MEMWB_memData_reg[13]/RN (^) checked with  leading edge of 
'clk'
Beginpoint: u_reset_sync/stage3_n_reg/Q       (v) triggered by trailing edge of 
'clk'
Path Groups: {reg2reg}
Analysis View: RPT_FAST
Other End Arrival Time          0.132
- Recovery                     -0.030
+ Phase Shift                   4.000
+ CPPR Adjustment               0.000
- Uncertainty                   0.100
= Required Time                 4.062
- Arrival Time                  2.420
= Slack Time                    1.643
     Clock Fall Edge                 2.000
     + Clock Network Latency (Prop)  0.129
     = Beginpoint Arrival Time       2.129
     +---------------------------------------------------------------------------------------+ 
     |            Instance            |     Arc     |   Cell    | Delay | Arrival | Required | 
     |                                |             |           |       |  Time   |   Time   | 
     |--------------------------------+-------------+-----------+-------+---------+----------| 
     | u_reset_sync/stage3_n_reg      | CK ^        |           |       |   2.129 |    3.772 | 
     | u_reset_sync/stage3_n_reg      | CK ^ -> Q v | DFFS_X1   | 0.054 |   2.183 |    3.826 | 
     | datapath/g26966                | A v -> ZN ^ | INV_X1    | 0.006 |   2.189 |    3.832 | 
     | datapath/FE_OFC0_n_0           | A ^ -> Z ^  | CLKBUF_X3 | 0.041 |   2.230 |    3.873 | 
     | datapath/FE_OFC25_n_0          | A ^ -> Z ^  | CLKBUF_X3 | 0.056 |   2.286 |    3.929 | 
     | datapath/FE_OFC17_n_0          | A ^ -> Z ^  | CLKBUF_X2 | 0.062 |   2.348 |    3.990 | 
     | datapath/FE_OFC538_n_0         | A ^ -> Z ^  | CLKBUF_X3 | 0.065 |   2.413 |    4.055 | 
     | datapath/MEMWB_memData_reg[13] | RN ^        | DFFR_X1   | 0.007 |   2.420 |    4.062 | 
     +---------------------------------------------------------------------------------------+ 
Path 9: MET Recovery Check with Pin datapath/MEMWB_memData_reg[9]/CK 
Endpoint:   datapath/MEMWB_memData_reg[9]/RN (^) checked with  leading edge of 
'clk'
Beginpoint: u_reset_sync/stage3_n_reg/Q      (v) triggered by trailing edge of 
'clk'
Path Groups: {reg2reg}
Analysis View: RPT_FAST
Other End Arrival Time          0.132
- Recovery                     -0.030
+ Phase Shift                   4.000
+ CPPR Adjustment               0.000
- Uncertainty                   0.100
= Required Time                 4.062
- Arrival Time                  2.420
= Slack Time                    1.643
     Clock Fall Edge                 2.000
     + Clock Network Latency (Prop)  0.129
     = Beginpoint Arrival Time       2.129
     +--------------------------------------------------------------------------------------+ 
     |           Instance            |     Arc     |   Cell    | Delay | Arrival | Required | 
     |                               |             |           |       |  Time   |   Time   | 
     |-------------------------------+-------------+-----------+-------+---------+----------| 
     | u_reset_sync/stage3_n_reg     | CK ^        |           |       |   2.129 |    3.772 | 
     | u_reset_sync/stage3_n_reg     | CK ^ -> Q v | DFFS_X1   | 0.054 |   2.183 |    3.826 | 
     | datapath/g26966               | A v -> ZN ^ | INV_X1    | 0.006 |   2.189 |    3.832 | 
     | datapath/FE_OFC0_n_0          | A ^ -> Z ^  | CLKBUF_X3 | 0.041 |   2.230 |    3.873 | 
     | datapath/FE_OFC25_n_0         | A ^ -> Z ^  | CLKBUF_X3 | 0.056 |   2.286 |    3.929 | 
     | datapath/FE_OFC17_n_0         | A ^ -> Z ^  | CLKBUF_X2 | 0.062 |   2.348 |    3.990 | 
     | datapath/FE_OFC538_n_0        | A ^ -> Z ^  | CLKBUF_X3 | 0.065 |   2.413 |    4.055 | 
     | datapath/MEMWB_memData_reg[9] | RN ^        | DFFR_X1   | 0.007 |   2.420 |    4.062 | 
     +--------------------------------------------------------------------------------------+ 
Path 10: MET Recovery Check with Pin datapath/MEMWB_aluResult_reg[13]/CK 
Endpoint:   datapath/MEMWB_aluResult_reg[13]/RN (^) checked with  leading edge 
of 'clk'
Beginpoint: u_reset_sync/stage3_n_reg/Q         (v) triggered by trailing edge 
of 'clk'
Path Groups: {reg2reg}
Analysis View: RPT_FAST
Other End Arrival Time          0.132
- Recovery                     -0.030
+ Phase Shift                   4.000
+ CPPR Adjustment               0.000
- Uncertainty                   0.100
= Required Time                 4.062
- Arrival Time                  2.419
= Slack Time                    1.643
     Clock Fall Edge                 2.000
     + Clock Network Latency (Prop)  0.129
     = Beginpoint Arrival Time       2.129
     +-----------------------------------------------------------------------------------------+ 
     |             Instance             |     Arc     |   Cell    | Delay | Arrival | Required | 
     |                                  |             |           |       |  Time   |   Time   | 
     |----------------------------------+-------------+-----------+-------+---------+----------| 
     | u_reset_sync/stage3_n_reg        | CK ^        |           |       |   2.129 |    3.772 | 
     | u_reset_sync/stage3_n_reg        | CK ^ -> Q v | DFFS_X1   | 0.054 |   2.183 |    3.826 | 
     | datapath/g26966                  | A v -> ZN ^ | INV_X1    | 0.006 |   2.189 |    3.832 | 
     | datapath/FE_OFC0_n_0             | A ^ -> Z ^  | CLKBUF_X3 | 0.041 |   2.230 |    3.873 | 
     | datapath/FE_OFC25_n_0            | A ^ -> Z ^  | CLKBUF_X3 | 0.056 |   2.286 |    3.929 | 
     | datapath/FE_OFC17_n_0            | A ^ -> Z ^  | CLKBUF_X2 | 0.062 |   2.348 |    3.990 | 
     | datapath/FE_OFC538_n_0           | A ^ -> Z ^  | CLKBUF_X3 | 0.065 |   2.413 |    4.056 | 
     | datapath/MEMWB_aluResult_reg[13] | RN ^        | DFFR_X1   | 0.007 |   2.419 |    4.062 | 
     +-----------------------------------------------------------------------------------------+ 
Path 11: MET Recovery Check with Pin datapath/IDEX_readData2_reg[17]/CK 
Endpoint:   datapath/IDEX_readData2_reg[17]/RN (^) checked with  leading edge 
of 'clk'
Beginpoint: u_reset_sync/stage3_n_reg/Q        (v) triggered by trailing edge 
of 'clk'
Path Groups: {reg2reg}
Analysis View: RPT_FAST
Other End Arrival Time          0.132
- Recovery                     -0.030
+ Phase Shift                   4.000
+ CPPR Adjustment               0.000
- Uncertainty                   0.100
= Required Time                 4.062
- Arrival Time                  2.419
= Slack Time                    1.644
     Clock Fall Edge                 2.000
     + Clock Network Latency (Prop)  0.129
     = Beginpoint Arrival Time       2.129
     +----------------------------------------------------------------------------------------+ 
     |            Instance             |     Arc     |   Cell    | Delay | Arrival | Required | 
     |                                 |             |           |       |  Time   |   Time   | 
     |---------------------------------+-------------+-----------+-------+---------+----------| 
     | u_reset_sync/stage3_n_reg       | CK ^        |           |       |   2.129 |    3.773 | 
     | u_reset_sync/stage3_n_reg       | CK ^ -> Q v | DFFS_X1   | 0.054 |   2.183 |    3.827 | 
     | datapath/g26966                 | A v -> ZN ^ | INV_X1    | 0.006 |   2.189 |    3.833 | 
     | datapath/FE_OFC0_n_0            | A ^ -> Z ^  | CLKBUF_X3 | 0.041 |   2.230 |    3.874 | 
     | datapath/FE_OFC25_n_0           | A ^ -> Z ^  | CLKBUF_X3 | 0.056 |   2.286 |    3.929 | 
     | datapath/FE_OFC17_n_0           | A ^ -> Z ^  | CLKBUF_X2 | 0.062 |   2.348 |    3.991 | 
     | datapath/FE_OFC538_n_0          | A ^ -> Z ^  | CLKBUF_X3 | 0.065 |   2.413 |    4.056 | 
     | datapath/IDEX_readData2_reg[17] | RN ^        | DFFR_X1   | 0.006 |   2.419 |    4.062 | 
     +----------------------------------------------------------------------------------------+ 
Path 12: MET Recovery Check with Pin datapath/IDEX_readData2_reg[18]/CK 
Endpoint:   datapath/IDEX_readData2_reg[18]/RN (^) checked with  leading edge 
of 'clk'
Beginpoint: u_reset_sync/stage3_n_reg/Q        (v) triggered by trailing edge 
of 'clk'
Path Groups: {reg2reg}
Analysis View: RPT_FAST
Other End Arrival Time          0.132
- Recovery                     -0.030
+ Phase Shift                   4.000
+ CPPR Adjustment               0.000
- Uncertainty                   0.100
= Required Time                 4.063
- Arrival Time                  2.419
= Slack Time                    1.644
     Clock Fall Edge                 2.000
     + Clock Network Latency (Prop)  0.129
     = Beginpoint Arrival Time       2.129
     +----------------------------------------------------------------------------------------+ 
     |            Instance             |     Arc     |   Cell    | Delay | Arrival | Required | 
     |                                 |             |           |       |  Time   |   Time   | 
     |---------------------------------+-------------+-----------+-------+---------+----------| 
     | u_reset_sync/stage3_n_reg       | CK ^        |           |       |   2.129 |    3.773 | 
     | u_reset_sync/stage3_n_reg       | CK ^ -> Q v | DFFS_X1   | 0.054 |   2.183 |    3.827 | 
     | datapath/g26966                 | A v -> ZN ^ | INV_X1    | 0.006 |   2.189 |    3.833 | 
     | datapath/FE_OFC0_n_0            | A ^ -> Z ^  | CLKBUF_X3 | 0.041 |   2.230 |    3.874 | 
     | datapath/FE_OFC25_n_0           | A ^ -> Z ^  | CLKBUF_X3 | 0.056 |   2.286 |    3.930 | 
     | datapath/FE_OFC17_n_0           | A ^ -> Z ^  | CLKBUF_X2 | 0.062 |   2.347 |    3.991 | 
     | datapath/FE_OFC538_n_0          | A ^ -> Z ^  | CLKBUF_X3 | 0.065 |   2.413 |    4.056 | 
     | datapath/IDEX_readData2_reg[18] | RN ^        | DFFR_X1   | 0.006 |   2.419 |    4.063 | 
     +----------------------------------------------------------------------------------------+ 
Path 13: MET Recovery Check with Pin datapath/EXMEM_aluResult_reg[18]/CK 
Endpoint:   datapath/EXMEM_aluResult_reg[18]/RN (^) checked with  leading edge 
of 'clk'
Beginpoint: u_reset_sync/stage3_n_reg/Q         (v) triggered by trailing edge 
of 'clk'
Path Groups: {reg2reg}
Analysis View: RPT_FAST
Other End Arrival Time          0.132
- Recovery                     -0.030
+ Phase Shift                   4.000
+ CPPR Adjustment               0.000
- Uncertainty                   0.100
= Required Time                 4.063
- Arrival Time                  2.419
= Slack Time                    1.644
     Clock Fall Edge                 2.000
     + Clock Network Latency (Prop)  0.129
     = Beginpoint Arrival Time       2.129
     +-----------------------------------------------------------------------------------------+ 
     |             Instance             |     Arc     |   Cell    | Delay | Arrival | Required | 
     |                                  |             |           |       |  Time   |   Time   | 
     |----------------------------------+-------------+-----------+-------+---------+----------| 
     | u_reset_sync/stage3_n_reg        | CK ^        |           |       |   2.129 |    3.773 | 
     | u_reset_sync/stage3_n_reg        | CK ^ -> Q v | DFFS_X1   | 0.054 |   2.183 |    3.827 | 
     | datapath/g26966                  | A v -> ZN ^ | INV_X1    | 0.006 |   2.189 |    3.833 | 
     | datapath/FE_OFC0_n_0             | A ^ -> Z ^  | CLKBUF_X3 | 0.041 |   2.230 |    3.874 | 
     | datapath/FE_OFC25_n_0            | A ^ -> Z ^  | CLKBUF_X3 | 0.056 |   2.286 |    3.930 | 
     | datapath/FE_OFC17_n_0            | A ^ -> Z ^  | CLKBUF_X2 | 0.062 |   2.347 |    3.991 | 
     | datapath/FE_OFC538_n_0           | A ^ -> Z ^  | CLKBUF_X3 | 0.065 |   2.413 |    4.057 | 
     | datapath/EXMEM_aluResult_reg[18] | RN ^        | DFFR_X1   | 0.006 |   2.419 |    4.063 | 
     +-----------------------------------------------------------------------------------------+ 
Path 14: MET Recovery Check with Pin datapath/EXMEM_aluResult_reg[13]/CK 
Endpoint:   datapath/EXMEM_aluResult_reg[13]/RN (^) checked with  leading edge 
of 'clk'
Beginpoint: u_reset_sync/stage3_n_reg/Q         (v) triggered by trailing edge 
of 'clk'
Path Groups: {reg2reg}
Analysis View: RPT_FAST
Other End Arrival Time          0.132
- Recovery                     -0.030
+ Phase Shift                   4.000
+ CPPR Adjustment               0.000
- Uncertainty                   0.100
= Required Time                 4.063
- Arrival Time                  2.419
= Slack Time                    1.644
     Clock Fall Edge                 2.000
     + Clock Network Latency (Prop)  0.129
     = Beginpoint Arrival Time       2.129
     +-----------------------------------------------------------------------------------------+ 
     |             Instance             |     Arc     |   Cell    | Delay | Arrival | Required | 
     |                                  |             |           |       |  Time   |   Time   | 
     |----------------------------------+-------------+-----------+-------+---------+----------| 
     | u_reset_sync/stage3_n_reg        | CK ^        |           |       |   2.129 |    3.773 | 
     | u_reset_sync/stage3_n_reg        | CK ^ -> Q v | DFFS_X1   | 0.054 |   2.183 |    3.827 | 
     | datapath/g26966                  | A v -> ZN ^ | INV_X1    | 0.006 |   2.189 |    3.833 | 
     | datapath/FE_OFC0_n_0             | A ^ -> Z ^  | CLKBUF_X3 | 0.041 |   2.230 |    3.874 | 
     | datapath/FE_OFC25_n_0            | A ^ -> Z ^  | CLKBUF_X3 | 0.056 |   2.286 |    3.930 | 
     | datapath/FE_OFC17_n_0            | A ^ -> Z ^  | CLKBUF_X2 | 0.062 |   2.347 |    3.991 | 
     | datapath/FE_OFC538_n_0           | A ^ -> Z ^  | CLKBUF_X3 | 0.065 |   2.413 |    4.057 | 
     | datapath/EXMEM_aluResult_reg[13] | RN ^        | DFFR_X1   | 0.006 |   2.419 |    4.063 | 
     +-----------------------------------------------------------------------------------------+ 
Path 15: MET Recovery Check with Pin datapath/IDEX_readData2_reg[13]/CK 
Endpoint:   datapath/IDEX_readData2_reg[13]/RN (^) checked with  leading edge 
of 'clk'
Beginpoint: u_reset_sync/stage3_n_reg/Q        (v) triggered by trailing edge 
of 'clk'
Path Groups: {reg2reg}
Analysis View: RPT_FAST
Other End Arrival Time          0.132
- Recovery                     -0.030
+ Phase Shift                   4.000
+ CPPR Adjustment               0.000
- Uncertainty                   0.100
= Required Time                 4.063
- Arrival Time                  2.419
= Slack Time                    1.644
     Clock Fall Edge                 2.000
     + Clock Network Latency (Prop)  0.129
     = Beginpoint Arrival Time       2.129
     +----------------------------------------------------------------------------------------+ 
     |            Instance             |     Arc     |   Cell    | Delay | Arrival | Required | 
     |                                 |             |           |       |  Time   |   Time   | 
     |---------------------------------+-------------+-----------+-------+---------+----------| 
     | u_reset_sync/stage3_n_reg       | CK ^        |           |       |   2.129 |    3.773 | 
     | u_reset_sync/stage3_n_reg       | CK ^ -> Q v | DFFS_X1   | 0.054 |   2.183 |    3.827 | 
     | datapath/g26966                 | A v -> ZN ^ | INV_X1    | 0.006 |   2.189 |    3.833 | 
     | datapath/FE_OFC0_n_0            | A ^ -> Z ^  | CLKBUF_X3 | 0.041 |   2.230 |    3.874 | 
     | datapath/FE_OFC25_n_0           | A ^ -> Z ^  | CLKBUF_X3 | 0.056 |   2.286 |    3.930 | 
     | datapath/FE_OFC17_n_0           | A ^ -> Z ^  | CLKBUF_X2 | 0.062 |   2.347 |    3.991 | 
     | datapath/FE_OFC538_n_0          | A ^ -> Z ^  | CLKBUF_X3 | 0.065 |   2.413 |    4.057 | 
     | datapath/IDEX_readData2_reg[13] | RN ^        | DFFR_X1   | 0.006 |   2.419 |    4.063 | 
     +----------------------------------------------------------------------------------------+ 
Path 16: MET Recovery Check with Pin datapath/MEMWB_aluResult_reg[18]/CK 
Endpoint:   datapath/MEMWB_aluResult_reg[18]/RN (^) checked with  leading edge 
of 'clk'
Beginpoint: u_reset_sync/stage3_n_reg/Q         (v) triggered by trailing edge 
of 'clk'
Path Groups: {reg2reg}
Analysis View: RPT_FAST
Other End Arrival Time          0.132
- Recovery                     -0.030
+ Phase Shift                   4.000
+ CPPR Adjustment               0.000
- Uncertainty                   0.100
= Required Time                 4.063
- Arrival Time                  2.419
= Slack Time                    1.644
     Clock Fall Edge                 2.000
     + Clock Network Latency (Prop)  0.129
     = Beginpoint Arrival Time       2.129
     +-----------------------------------------------------------------------------------------+ 
     |             Instance             |     Arc     |   Cell    | Delay | Arrival | Required | 
     |                                  |             |           |       |  Time   |   Time   | 
     |----------------------------------+-------------+-----------+-------+---------+----------| 
     | u_reset_sync/stage3_n_reg        | CK ^        |           |       |   2.129 |    3.773 | 
     | u_reset_sync/stage3_n_reg        | CK ^ -> Q v | DFFS_X1   | 0.054 |   2.183 |    3.827 | 
     | datapath/g26966                  | A v -> ZN ^ | INV_X1    | 0.006 |   2.189 |    3.833 | 
     | datapath/FE_OFC0_n_0             | A ^ -> Z ^  | CLKBUF_X3 | 0.041 |   2.230 |    3.874 | 
     | datapath/FE_OFC25_n_0            | A ^ -> Z ^  | CLKBUF_X3 | 0.056 |   2.286 |    3.930 | 
     | datapath/FE_OFC17_n_0            | A ^ -> Z ^  | CLKBUF_X2 | 0.062 |   2.348 |    3.992 | 
     | datapath/FE_OFC538_n_0           | A ^ -> Z ^  | CLKBUF_X3 | 0.065 |   2.413 |    4.057 | 
     | datapath/MEMWB_aluResult_reg[18] | RN ^        | DFFR_X1   | 0.006 |   2.419 |    4.063 | 
     +-----------------------------------------------------------------------------------------+ 
Path 17: MET Recovery Check with Pin datapath/IDEX_readData2_reg[4]/CK 
Endpoint:   datapath/IDEX_readData2_reg[4]/RN (^) checked with  leading edge of 
'clk'
Beginpoint: u_reset_sync/stage3_n_reg/Q       (v) triggered by trailing edge of 
'clk'
Path Groups: {reg2reg}
Analysis View: RPT_FAST
Other End Arrival Time          0.132
- Recovery                     -0.030
+ Phase Shift                   4.000
+ CPPR Adjustment               0.000
- Uncertainty                   0.100
= Required Time                 4.063
- Arrival Time                  2.419
= Slack Time                    1.644
     Clock Fall Edge                 2.000
     + Clock Network Latency (Prop)  0.129
     = Beginpoint Arrival Time       2.129
     +---------------------------------------------------------------------------------------+ 
     |            Instance            |     Arc     |   Cell    | Delay | Arrival | Required | 
     |                                |             |           |       |  Time   |   Time   | 
     |--------------------------------+-------------+-----------+-------+---------+----------| 
     | u_reset_sync/stage3_n_reg      | CK ^        |           |       |   2.129 |    3.773 | 
     | u_reset_sync/stage3_n_reg      | CK ^ -> Q v | DFFS_X1   | 0.054 |   2.183 |    3.827 | 
     | datapath/g26966                | A v -> ZN ^ | INV_X1    | 0.006 |   2.189 |    3.833 | 
     | datapath/FE_OFC0_n_0           | A ^ -> Z ^  | CLKBUF_X3 | 0.041 |   2.230 |    3.874 | 
     | datapath/FE_OFC25_n_0          | A ^ -> Z ^  | CLKBUF_X3 | 0.056 |   2.286 |    3.930 | 
     | datapath/FE_OFC17_n_0          | A ^ -> Z ^  | CLKBUF_X2 | 0.062 |   2.347 |    3.992 | 
     | datapath/FE_OFC538_n_0         | A ^ -> Z ^  | CLKBUF_X3 | 0.065 |   2.413 |    4.057 | 
     | datapath/IDEX_readData2_reg[4] | RN ^        | DFFR_X1   | 0.006 |   2.419 |    4.063 | 
     +---------------------------------------------------------------------------------------+ 
Path 18: MET Recovery Check with Pin datapath/EXMEM_aluResult_reg[12]/CK 
Endpoint:   datapath/EXMEM_aluResult_reg[12]/RN (^) checked with  leading edge 
of 'clk'
Beginpoint: u_reset_sync/stage3_n_reg/Q         (v) triggered by trailing edge 
of 'clk'
Path Groups: {reg2reg}
Analysis View: RPT_FAST
Other End Arrival Time          0.132
- Recovery                     -0.030
+ Phase Shift                   4.000
+ CPPR Adjustment               0.000
- Uncertainty                   0.100
= Required Time                 4.063
- Arrival Time                  2.419
= Slack Time                    1.644
     Clock Fall Edge                 2.000
     + Clock Network Latency (Prop)  0.129
     = Beginpoint Arrival Time       2.129
     +-----------------------------------------------------------------------------------------+ 
     |             Instance             |     Arc     |   Cell    | Delay | Arrival | Required | 
     |                                  |             |           |       |  Time   |   Time   | 
     |----------------------------------+-------------+-----------+-------+---------+----------| 
     | u_reset_sync/stage3_n_reg        | CK ^        |           |       |   2.129 |    3.774 | 
     | u_reset_sync/stage3_n_reg        | CK ^ -> Q v | DFFS_X1   | 0.054 |   2.183 |    3.827 | 
     | datapath/g26966                  | A v -> ZN ^ | INV_X1    | 0.006 |   2.189 |    3.834 | 
     | datapath/FE_OFC0_n_0             | A ^ -> Z ^  | CLKBUF_X3 | 0.041 |   2.230 |    3.875 | 
     | datapath/FE_OFC25_n_0            | A ^ -> Z ^  | CLKBUF_X3 | 0.056 |   2.286 |    3.930 | 
     | datapath/FE_OFC17_n_0            | A ^ -> Z ^  | CLKBUF_X2 | 0.062 |   2.348 |    3.992 | 
     | datapath/FE_OFC538_n_0           | A ^ -> Z ^  | CLKBUF_X3 | 0.065 |   2.413 |    4.057 | 
     | datapath/EXMEM_aluResult_reg[12] | RN ^        | DFFR_X1   | 0.006 |   2.419 |    4.063 | 
     +-----------------------------------------------------------------------------------------+ 
Path 19: MET Recovery Check with Pin datapath/EXMEM_aluResult_reg[4]/CK 
Endpoint:   datapath/EXMEM_aluResult_reg[4]/RN (^) checked with  leading edge 
of 'clk'
Beginpoint: u_reset_sync/stage3_n_reg/Q        (v) triggered by trailing edge 
of 'clk'
Path Groups: {reg2reg}
Analysis View: RPT_FAST
Other End Arrival Time          0.132
- Recovery                     -0.030
+ Phase Shift                   4.000
+ CPPR Adjustment               0.000
- Uncertainty                   0.100
= Required Time                 4.063
- Arrival Time                  2.418
= Slack Time                    1.644
     Clock Fall Edge                 2.000
     + Clock Network Latency (Prop)  0.129
     = Beginpoint Arrival Time       2.129
     +----------------------------------------------------------------------------------------+ 
     |            Instance             |     Arc     |   Cell    | Delay | Arrival | Required | 
     |                                 |             |           |       |  Time   |   Time   | 
     |---------------------------------+-------------+-----------+-------+---------+----------| 
     | u_reset_sync/stage3_n_reg       | CK ^        |           |       |   2.129 |    3.774 | 
     | u_reset_sync/stage3_n_reg       | CK ^ -> Q v | DFFS_X1   | 0.054 |   2.183 |    3.827 | 
     | datapath/g26966                 | A v -> ZN ^ | INV_X1    | 0.006 |   2.189 |    3.834 | 
     | datapath/FE_OFC0_n_0            | A ^ -> Z ^  | CLKBUF_X3 | 0.041 |   2.230 |    3.875 | 
     | datapath/FE_OFC25_n_0           | A ^ -> Z ^  | CLKBUF_X3 | 0.056 |   2.286 |    3.930 | 
     | datapath/FE_OFC17_n_0           | A ^ -> Z ^  | CLKBUF_X2 | 0.062 |   2.348 |    3.992 | 
     | datapath/FE_OFC538_n_0          | A ^ -> Z ^  | CLKBUF_X3 | 0.065 |   2.413 |    4.057 | 
     | datapath/EXMEM_aluResult_reg[4] | RN ^        | DFFR_X1   | 0.006 |   2.418 |    4.063 | 
     +----------------------------------------------------------------------------------------+ 
Path 20: MET Recovery Check with Pin datapath/MEMWB_aluResult_reg[19]/CK 
Endpoint:   datapath/MEMWB_aluResult_reg[19]/RN (^) checked with  leading edge 
of 'clk'
Beginpoint: u_reset_sync/stage3_n_reg/Q         (v) triggered by trailing edge 
of 'clk'
Path Groups: {reg2reg}
Analysis View: RPT_FAST
Other End Arrival Time          0.132
- Recovery                     -0.030
+ Phase Shift                   4.000
+ CPPR Adjustment               0.000
- Uncertainty                   0.100
= Required Time                 4.063
- Arrival Time                  2.418
= Slack Time                    1.645
     Clock Fall Edge                 2.000
     + Clock Network Latency (Prop)  0.129
     = Beginpoint Arrival Time       2.129
     +-----------------------------------------------------------------------------------------+ 
     |             Instance             |     Arc     |   Cell    | Delay | Arrival | Required | 
     |                                  |             |           |       |  Time   |   Time   | 
     |----------------------------------+-------------+-----------+-------+---------+----------| 
     | u_reset_sync/stage3_n_reg        | CK ^        |           |       |   2.129 |    3.774 | 
     | u_reset_sync/stage3_n_reg        | CK ^ -> Q v | DFFS_X1   | 0.054 |   2.183 |    3.828 | 
     | datapath/g26966                  | A v -> ZN ^ | INV_X1    | 0.006 |   2.189 |    3.834 | 
     | datapath/FE_OFC0_n_0             | A ^ -> Z ^  | CLKBUF_X3 | 0.041 |   2.230 |    3.875 | 
     | datapath/FE_OFC25_n_0            | A ^ -> Z ^  | CLKBUF_X3 | 0.056 |   2.286 |    3.931 | 
     | datapath/FE_OFC17_n_0            | A ^ -> Z ^  | CLKBUF_X2 | 0.062 |   2.347 |    3.992 | 
     | datapath/FE_OFC538_n_0           | A ^ -> Z ^  | CLKBUF_X3 | 0.065 |   2.413 |    4.057 | 
     | datapath/MEMWB_aluResult_reg[19] | RN ^        | DFFR_X1   | 0.006 |   2.418 |    4.063 | 
     +-----------------------------------------------------------------------------------------+ 
Path 21: MET Recovery Check with Pin datapath/MEMWB_memData_reg[6]/CK 
Endpoint:   datapath/MEMWB_memData_reg[6]/RN (^) checked with  leading edge of 
'clk'
Beginpoint: u_reset_sync/stage3_n_reg/Q      (v) triggered by trailing edge of 
'clk'
Path Groups: {reg2reg}
Analysis View: RPT_FAST
Other End Arrival Time          0.136
- Recovery                     -0.030
+ Phase Shift                   4.000
+ CPPR Adjustment               0.000
- Uncertainty                   0.100
= Required Time                 4.066
- Arrival Time                  2.419
= Slack Time                    1.647
     Clock Fall Edge                 2.000
     + Clock Network Latency (Prop)  0.129
     = Beginpoint Arrival Time       2.129
     +--------------------------------------------------------------------------------------+ 
     |           Instance            |     Arc     |   Cell    | Delay | Arrival | Required | 
     |                               |             |           |       |  Time   |   Time   | 
     |-------------------------------+-------------+-----------+-------+---------+----------| 
     | u_reset_sync/stage3_n_reg     | CK ^        |           |       |   2.129 |    3.776 | 
     | u_reset_sync/stage3_n_reg     | CK ^ -> Q v | DFFS_X1   | 0.054 |   2.183 |    3.830 | 
     | datapath/g26966               | A v -> ZN ^ | INV_X1    | 0.006 |   2.189 |    3.836 | 
     | datapath/FE_OFC0_n_0          | A ^ -> Z ^  | CLKBUF_X3 | 0.041 |   2.230 |    3.877 | 
     | datapath/FE_OFC25_n_0         | A ^ -> Z ^  | CLKBUF_X3 | 0.056 |   2.286 |    3.933 | 
     | datapath/FE_OFC17_n_0         | A ^ -> Z ^  | CLKBUF_X2 | 0.062 |   2.348 |    3.994 | 
     | datapath/FE_OFC538_n_0        | A ^ -> Z ^  | CLKBUF_X3 | 0.065 |   2.413 |    4.060 | 
     | datapath/MEMWB_memData_reg[6] | RN ^        | DFFR_X1   | 0.007 |   2.419 |    4.066 | 
     +--------------------------------------------------------------------------------------+ 
Path 22: MET Recovery Check with Pin datapath/MEMWB_aluResult_reg[5]/CK 
Endpoint:   datapath/MEMWB_aluResult_reg[5]/RN (^) checked with  leading edge 
of 'clk'
Beginpoint: u_reset_sync/stage3_n_reg/Q        (v) triggered by trailing edge 
of 'clk'
Path Groups: {reg2reg}
Analysis View: RPT_FAST
Other End Arrival Time          0.136
- Recovery                     -0.030
+ Phase Shift                   4.000
+ CPPR Adjustment               0.000
- Uncertainty                   0.100
= Required Time                 4.066
- Arrival Time                  2.419
= Slack Time                    1.647
     Clock Fall Edge                 2.000
     + Clock Network Latency (Prop)  0.129
     = Beginpoint Arrival Time       2.129
     +----------------------------------------------------------------------------------------+ 
     |            Instance             |     Arc     |   Cell    | Delay | Arrival | Required | 
     |                                 |             |           |       |  Time   |   Time   | 
     |---------------------------------+-------------+-----------+-------+---------+----------| 
     | u_reset_sync/stage3_n_reg       | CK ^        |           |       |   2.129 |    3.776 | 
     | u_reset_sync/stage3_n_reg       | CK ^ -> Q v | DFFS_X1   | 0.054 |   2.183 |    3.830 | 
     | datapath/g26966                 | A v -> ZN ^ | INV_X1    | 0.006 |   2.189 |    3.836 | 
     | datapath/FE_OFC0_n_0            | A ^ -> Z ^  | CLKBUF_X3 | 0.041 |   2.230 |    3.877 | 
     | datapath/FE_OFC25_n_0           | A ^ -> Z ^  | CLKBUF_X3 | 0.056 |   2.286 |    3.933 | 
     | datapath/FE_OFC17_n_0           | A ^ -> Z ^  | CLKBUF_X2 | 0.062 |   2.348 |    3.994 | 
     | datapath/FE_OFC538_n_0          | A ^ -> Z ^  | CLKBUF_X3 | 0.065 |   2.413 |    4.060 | 
     | datapath/MEMWB_aluResult_reg[5] | RN ^        | DFFR_X1   | 0.007 |   2.419 |    4.066 | 
     +----------------------------------------------------------------------------------------+ 
Path 23: MET Recovery Check with Pin datapath/EXMEM_aluResult_reg[6]/CK 
Endpoint:   datapath/EXMEM_aluResult_reg[6]/RN (^) checked with  leading edge 
of 'clk'
Beginpoint: u_reset_sync/stage3_n_reg/Q        (v) triggered by trailing edge 
of 'clk'
Path Groups: {reg2reg}
Analysis View: RPT_FAST
Other End Arrival Time          0.136
- Recovery                     -0.030
+ Phase Shift                   4.000
+ CPPR Adjustment               0.000
- Uncertainty                   0.100
= Required Time                 4.066
- Arrival Time                  2.419
= Slack Time                    1.647
     Clock Fall Edge                 2.000
     + Clock Network Latency (Prop)  0.129
     = Beginpoint Arrival Time       2.129
     +----------------------------------------------------------------------------------------+ 
     |            Instance             |     Arc     |   Cell    | Delay | Arrival | Required | 
     |                                 |             |           |       |  Time   |   Time   | 
     |---------------------------------+-------------+-----------+-------+---------+----------| 
     | u_reset_sync/stage3_n_reg       | CK ^        |           |       |   2.129 |    3.777 | 
     | u_reset_sync/stage3_n_reg       | CK ^ -> Q v | DFFS_X1   | 0.054 |   2.183 |    3.830 | 
     | datapath/g26966                 | A v -> ZN ^ | INV_X1    | 0.006 |   2.189 |    3.837 | 
     | datapath/FE_OFC0_n_0            | A ^ -> Z ^  | CLKBUF_X3 | 0.041 |   2.230 |    3.878 | 
     | datapath/FE_OFC25_n_0           | A ^ -> Z ^  | CLKBUF_X3 | 0.056 |   2.286 |    3.933 | 
     | datapath/FE_OFC17_n_0           | A ^ -> Z ^  | CLKBUF_X2 | 0.062 |   2.348 |    3.995 | 
     | datapath/FE_OFC538_n_0          | A ^ -> Z ^  | CLKBUF_X3 | 0.065 |   2.413 |    4.060 | 
     | datapath/EXMEM_aluResult_reg[6] | RN ^        | DFFR_X1   | 0.007 |   2.419 |    4.066 | 
     +----------------------------------------------------------------------------------------+ 
Path 24: MET Recovery Check with Pin datapath/EXMEM_aluResult_reg[19]/CK 
Endpoint:   datapath/EXMEM_aluResult_reg[19]/RN (^) checked with  leading edge 
of 'clk'
Beginpoint: u_reset_sync/stage3_n_reg/Q         (v) triggered by trailing edge 
of 'clk'
Path Groups: {reg2reg}
Analysis View: RPT_FAST
Other End Arrival Time          0.136
- Recovery                     -0.030
+ Phase Shift                   4.000
+ CPPR Adjustment               0.000
- Uncertainty                   0.100
= Required Time                 4.066
- Arrival Time                  2.419
= Slack Time                    1.647
     Clock Fall Edge                 2.000
     + Clock Network Latency (Prop)  0.129
     = Beginpoint Arrival Time       2.129
     +-----------------------------------------------------------------------------------------+ 
     |             Instance             |     Arc     |   Cell    | Delay | Arrival | Required | 
     |                                  |             |           |       |  Time   |   Time   | 
     |----------------------------------+-------------+-----------+-------+---------+----------| 
     | u_reset_sync/stage3_n_reg        | CK ^        |           |       |   2.129 |    3.777 | 
     | u_reset_sync/stage3_n_reg        | CK ^ -> Q v | DFFS_X1   | 0.054 |   2.183 |    3.830 | 
     | datapath/g26966                  | A v -> ZN ^ | INV_X1    | 0.006 |   2.189 |    3.837 | 
     | datapath/FE_OFC0_n_0             | A ^ -> Z ^  | CLKBUF_X3 | 0.041 |   2.230 |    3.878 | 
     | datapath/FE_OFC25_n_0            | A ^ -> Z ^  | CLKBUF_X3 | 0.056 |   2.286 |    3.933 | 
     | datapath/FE_OFC17_n_0            | A ^ -> Z ^  | CLKBUF_X2 | 0.062 |   2.348 |    3.995 | 
     | datapath/FE_OFC538_n_0           | A ^ -> Z ^  | CLKBUF_X3 | 0.065 |   2.413 |    4.060 | 
     | datapath/EXMEM_aluResult_reg[19] | RN ^        | DFFR_X1   | 0.006 |   2.419 |    4.066 | 
     +-----------------------------------------------------------------------------------------+ 
Path 25: MET Recovery Check with Pin datapath/MEMWB_aluResult_reg[6]/CK 
Endpoint:   datapath/MEMWB_aluResult_reg[6]/RN (^) checked with  leading edge 
of 'clk'
Beginpoint: u_reset_sync/stage3_n_reg/Q        (v) triggered by trailing edge 
of 'clk'
Path Groups: {reg2reg}
Analysis View: RPT_FAST
Other End Arrival Time          0.136
- Recovery                     -0.030
+ Phase Shift                   4.000
+ CPPR Adjustment               0.000
- Uncertainty                   0.100
= Required Time                 4.066
- Arrival Time                  2.419
= Slack Time                    1.647
     Clock Fall Edge                 2.000
     + Clock Network Latency (Prop)  0.129
     = Beginpoint Arrival Time       2.129
     +----------------------------------------------------------------------------------------+ 
     |            Instance             |     Arc     |   Cell    | Delay | Arrival | Required | 
     |                                 |             |           |       |  Time   |   Time   | 
     |---------------------------------+-------------+-----------+-------+---------+----------| 
     | u_reset_sync/stage3_n_reg       | CK ^        |           |       |   2.129 |    3.777 | 
     | u_reset_sync/stage3_n_reg       | CK ^ -> Q v | DFFS_X1   | 0.054 |   2.183 |    3.830 | 
     | datapath/g26966                 | A v -> ZN ^ | INV_X1    | 0.006 |   2.189 |    3.837 | 
     | datapath/FE_OFC0_n_0            | A ^ -> Z ^  | CLKBUF_X3 | 0.041 |   2.230 |    3.878 | 
     | datapath/FE_OFC25_n_0           | A ^ -> Z ^  | CLKBUF_X3 | 0.056 |   2.286 |    3.933 | 
     | datapath/FE_OFC17_n_0           | A ^ -> Z ^  | CLKBUF_X2 | 0.062 |   2.348 |    3.995 | 
     | datapath/FE_OFC538_n_0          | A ^ -> Z ^  | CLKBUF_X3 | 0.065 |   2.413 |    4.060 | 
     | datapath/MEMWB_aluResult_reg[6] | RN ^        | DFFR_X1   | 0.006 |   2.419 |    4.066 | 
     +----------------------------------------------------------------------------------------+ 
Path 26: MET Recovery Check with Pin datapath/MEMWB_memData_reg[19]/CK 
Endpoint:   datapath/MEMWB_memData_reg[19]/RN (^) checked with  leading edge of 
'clk'
Beginpoint: u_reset_sync/stage3_n_reg/Q       (v) triggered by trailing edge of 
'clk'
Path Groups: {reg2reg}
Analysis View: RPT_FAST
Other End Arrival Time          0.136
- Recovery                     -0.030
+ Phase Shift                   4.000
+ CPPR Adjustment               0.000
- Uncertainty                   0.100
= Required Time                 4.066
- Arrival Time                  2.419
= Slack Time                    1.647
     Clock Fall Edge                 2.000
     + Clock Network Latency (Prop)  0.129
     = Beginpoint Arrival Time       2.129
     +---------------------------------------------------------------------------------------+ 
     |            Instance            |     Arc     |   Cell    | Delay | Arrival | Required | 
     |                                |             |           |       |  Time   |   Time   | 
     |--------------------------------+-------------+-----------+-------+---------+----------| 
     | u_reset_sync/stage3_n_reg      | CK ^        |           |       |   2.129 |    3.777 | 
     | u_reset_sync/stage3_n_reg      | CK ^ -> Q v | DFFS_X1   | 0.054 |   2.183 |    3.830 | 
     | datapath/g26966                | A v -> ZN ^ | INV_X1    | 0.006 |   2.189 |    3.837 | 
     | datapath/FE_OFC0_n_0           | A ^ -> Z ^  | CLKBUF_X3 | 0.041 |   2.230 |    3.878 | 
     | datapath/FE_OFC25_n_0          | A ^ -> Z ^  | CLKBUF_X3 | 0.056 |   2.286 |    3.933 | 
     | datapath/FE_OFC17_n_0          | A ^ -> Z ^  | CLKBUF_X2 | 0.062 |   2.348 |    3.995 | 
     | datapath/FE_OFC538_n_0         | A ^ -> Z ^  | CLKBUF_X3 | 0.065 |   2.413 |    4.060 | 
     | datapath/MEMWB_memData_reg[19] | RN ^        | DFFR_X1   | 0.006 |   2.419 |    4.066 | 
     +---------------------------------------------------------------------------------------+ 
Path 27: MET Recovery Check with Pin datapath/MEMWB_memData_reg[4]/CK 
Endpoint:   datapath/MEMWB_memData_reg[4]/RN (^) checked with  leading edge of 
'clk'
Beginpoint: u_reset_sync/stage3_n_reg/Q      (v) triggered by trailing edge of 
'clk'
Path Groups: {reg2reg}
Analysis View: RPT_FAST
Other End Arrival Time          0.136
- Recovery                     -0.030
+ Phase Shift                   4.000
+ CPPR Adjustment               0.000
- Uncertainty                   0.100
= Required Time                 4.066
- Arrival Time                  2.419
= Slack Time                    1.647
     Clock Fall Edge                 2.000
     + Clock Network Latency (Prop)  0.129
     = Beginpoint Arrival Time       2.129
     +--------------------------------------------------------------------------------------+ 
     |           Instance            |     Arc     |   Cell    | Delay | Arrival | Required | 
     |                               |             |           |       |  Time   |   Time   | 
     |-------------------------------+-------------+-----------+-------+---------+----------| 
     | u_reset_sync/stage3_n_reg     | CK ^        |           |       |   2.129 |    3.777 | 
     | u_reset_sync/stage3_n_reg     | CK ^ -> Q v | DFFS_X1   | 0.054 |   2.183 |    3.830 | 
     | datapath/g26966               | A v -> ZN ^ | INV_X1    | 0.006 |   2.189 |    3.837 | 
     | datapath/FE_OFC0_n_0          | A ^ -> Z ^  | CLKBUF_X3 | 0.041 |   2.230 |    3.878 | 
     | datapath/FE_OFC25_n_0         | A ^ -> Z ^  | CLKBUF_X3 | 0.056 |   2.286 |    3.933 | 
     | datapath/FE_OFC17_n_0         | A ^ -> Z ^  | CLKBUF_X2 | 0.062 |   2.348 |    3.995 | 
     | datapath/FE_OFC538_n_0        | A ^ -> Z ^  | CLKBUF_X3 | 0.065 |   2.413 |    4.060 | 
     | datapath/MEMWB_memData_reg[4] | RN ^        | DFFR_X1   | 0.006 |   2.419 |    4.066 | 
     +--------------------------------------------------------------------------------------+ 
Path 28: MET Recovery Check with Pin datapath/MEMWB_aluResult_reg[4]/CK 
Endpoint:   datapath/MEMWB_aluResult_reg[4]/RN (^) checked with  leading edge 
of 'clk'
Beginpoint: u_reset_sync/stage3_n_reg/Q        (v) triggered by trailing edge 
of 'clk'
Path Groups: {reg2reg}
Analysis View: RPT_FAST
Other End Arrival Time          0.136
- Recovery                     -0.030
+ Phase Shift                   4.000
+ CPPR Adjustment               0.000
- Uncertainty                   0.100
= Required Time                 4.066
- Arrival Time                  2.419
= Slack Time                    1.647
     Clock Fall Edge                 2.000
     + Clock Network Latency (Prop)  0.129
     = Beginpoint Arrival Time       2.129
     +----------------------------------------------------------------------------------------+ 
     |            Instance             |     Arc     |   Cell    | Delay | Arrival | Required | 
     |                                 |             |           |       |  Time   |   Time   | 
     |---------------------------------+-------------+-----------+-------+---------+----------| 
     | u_reset_sync/stage3_n_reg       | CK ^        |           |       |   2.129 |    3.777 | 
     | u_reset_sync/stage3_n_reg       | CK ^ -> Q v | DFFS_X1   | 0.054 |   2.183 |    3.830 | 
     | datapath/g26966                 | A v -> ZN ^ | INV_X1    | 0.006 |   2.189 |    3.837 | 
     | datapath/FE_OFC0_n_0            | A ^ -> Z ^  | CLKBUF_X3 | 0.041 |   2.230 |    3.878 | 
     | datapath/FE_OFC25_n_0           | A ^ -> Z ^  | CLKBUF_X3 | 0.056 |   2.286 |    3.933 | 
     | datapath/FE_OFC17_n_0           | A ^ -> Z ^  | CLKBUF_X2 | 0.062 |   2.347 |    3.995 | 
     | datapath/FE_OFC538_n_0          | A ^ -> Z ^  | CLKBUF_X3 | 0.065 |   2.413 |    4.060 | 
     | datapath/MEMWB_aluResult_reg[4] | RN ^        | DFFR_X1   | 0.006 |   2.419 |    4.066 | 
     +----------------------------------------------------------------------------------------+ 
Path 29: MET Recovery Check with Pin datapath/IDEX_readData2_reg[12]/CK 
Endpoint:   datapath/IDEX_readData2_reg[12]/RN (^) checked with  leading edge 
of 'clk'
Beginpoint: u_reset_sync/stage3_n_reg/Q        (v) triggered by trailing edge 
of 'clk'
Path Groups: {reg2reg}
Analysis View: RPT_FAST
Other End Arrival Time          0.139
- Recovery                     -0.030
+ Phase Shift                   4.000
+ CPPR Adjustment               0.000
- Uncertainty                   0.100
= Required Time                 4.069
- Arrival Time                  2.419
= Slack Time                    1.650
     Clock Fall Edge                 2.000
     + Clock Network Latency (Prop)  0.129
     = Beginpoint Arrival Time       2.129
     +----------------------------------------------------------------------------------------+ 
     |            Instance             |     Arc     |   Cell    | Delay | Arrival | Required | 
     |                                 |             |           |       |  Time   |   Time   | 
     |---------------------------------+-------------+-----------+-------+---------+----------| 
     | u_reset_sync/stage3_n_reg       | CK ^        |           |       |   2.129 |    3.779 | 
     | u_reset_sync/stage3_n_reg       | CK ^ -> Q v | DFFS_X1   | 0.054 |   2.183 |    3.833 | 
     | datapath/g26966                 | A v -> ZN ^ | INV_X1    | 0.006 |   2.189 |    3.839 | 
     | datapath/FE_OFC0_n_0            | A ^ -> Z ^  | CLKBUF_X3 | 0.041 |   2.230 |    3.880 | 
     | datapath/FE_OFC25_n_0           | A ^ -> Z ^  | CLKBUF_X3 | 0.056 |   2.286 |    3.936 | 
     | datapath/FE_OFC17_n_0           | A ^ -> Z ^  | CLKBUF_X2 | 0.062 |   2.348 |    3.998 | 
     | datapath/FE_OFC538_n_0          | A ^ -> Z ^  | CLKBUF_X3 | 0.065 |   2.413 |    4.063 | 
     | datapath/IDEX_readData2_reg[12] | RN ^        | DFFR_X1   | 0.007 |   2.419 |    4.069 | 
     +----------------------------------------------------------------------------------------+ 
Path 30: MET Recovery Check with Pin datapath/IDEX_readData1_reg[6]/CK 
Endpoint:   datapath/IDEX_readData1_reg[6]/RN (^) checked with  leading edge of 
'clk'
Beginpoint: u_reset_sync/stage3_n_reg/Q       (v) triggered by trailing edge of 
'clk'
Path Groups: {reg2reg}
Analysis View: RPT_FAST
Other End Arrival Time          0.139
- Recovery                     -0.030
+ Phase Shift                   4.000
+ CPPR Adjustment               0.000
- Uncertainty                   0.100
= Required Time                 4.069
- Arrival Time                  2.419
= Slack Time                    1.650
     Clock Fall Edge                 2.000
     + Clock Network Latency (Prop)  0.129
     = Beginpoint Arrival Time       2.129
     +---------------------------------------------------------------------------------------+ 
     |            Instance            |     Arc     |   Cell    | Delay | Arrival | Required | 
     |                                |             |           |       |  Time   |   Time   | 
     |--------------------------------+-------------+-----------+-------+---------+----------| 
     | u_reset_sync/stage3_n_reg      | CK ^        |           |       |   2.129 |    3.780 | 
     | u_reset_sync/stage3_n_reg      | CK ^ -> Q v | DFFS_X1   | 0.054 |   2.183 |    3.833 | 
     | datapath/g26966                | A v -> ZN ^ | INV_X1    | 0.006 |   2.189 |    3.840 | 
     | datapath/FE_OFC0_n_0           | A ^ -> Z ^  | CLKBUF_X3 | 0.041 |   2.230 |    3.881 | 
     | datapath/FE_OFC25_n_0          | A ^ -> Z ^  | CLKBUF_X3 | 0.056 |   2.286 |    3.936 | 
     | datapath/FE_OFC17_n_0          | A ^ -> Z ^  | CLKBUF_X2 | 0.062 |   2.348 |    3.998 | 
     | datapath/FE_OFC538_n_0         | A ^ -> Z ^  | CLKBUF_X3 | 0.065 |   2.413 |    4.063 | 
     | datapath/IDEX_readData1_reg[6] | RN ^        | DFFR_X1   | 0.006 |   2.419 |    4.069 | 
     +---------------------------------------------------------------------------------------+ 
Path 31: MET Recovery Check with Pin datapath/IDEX_readData1_reg[19]/CK 
Endpoint:   datapath/IDEX_readData1_reg[19]/RN (^) checked with  leading edge 
of 'clk'
Beginpoint: u_reset_sync/stage3_n_reg/Q        (v) triggered by trailing edge 
of 'clk'
Path Groups: {reg2reg}
Analysis View: RPT_FAST
Other End Arrival Time          0.139
- Recovery                     -0.030
+ Phase Shift                   4.000
+ CPPR Adjustment               0.000
- Uncertainty                   0.100
= Required Time                 4.069
- Arrival Time                  2.419
= Slack Time                    1.650
     Clock Fall Edge                 2.000
     + Clock Network Latency (Prop)  0.129
     = Beginpoint Arrival Time       2.129
     +----------------------------------------------------------------------------------------+ 
     |            Instance             |     Arc     |   Cell    | Delay | Arrival | Required | 
     |                                 |             |           |       |  Time   |   Time   | 
     |---------------------------------+-------------+-----------+-------+---------+----------| 
     | u_reset_sync/stage3_n_reg       | CK ^        |           |       |   2.129 |    3.780 | 
     | u_reset_sync/stage3_n_reg       | CK ^ -> Q v | DFFS_X1   | 0.054 |   2.183 |    3.833 | 
     | datapath/g26966                 | A v -> ZN ^ | INV_X1    | 0.006 |   2.189 |    3.840 | 
     | datapath/FE_OFC0_n_0            | A ^ -> Z ^  | CLKBUF_X3 | 0.041 |   2.230 |    3.881 | 
     | datapath/FE_OFC25_n_0           | A ^ -> Z ^  | CLKBUF_X3 | 0.056 |   2.286 |    3.936 | 
     | datapath/FE_OFC17_n_0           | A ^ -> Z ^  | CLKBUF_X2 | 0.062 |   2.348 |    3.998 | 
     | datapath/FE_OFC538_n_0          | A ^ -> Z ^  | CLKBUF_X3 | 0.065 |   2.413 |    4.063 | 
     | datapath/IDEX_readData1_reg[19] | RN ^        | DFFR_X1   | 0.007 |   2.419 |    4.069 | 
     +----------------------------------------------------------------------------------------+ 
Path 32: MET Recovery Check with Pin datapath/EXMEM_aluResult_reg[7]/CK 
Endpoint:   datapath/EXMEM_aluResult_reg[7]/RN (^) checked with  leading edge 
of 'clk'
Beginpoint: u_reset_sync/stage3_n_reg/Q        (v) triggered by trailing edge 
of 'clk'
Path Groups: {reg2reg}
Analysis View: RPT_FAST
Other End Arrival Time          0.141
- Recovery                     -0.030
+ Phase Shift                   4.000
+ CPPR Adjustment               0.000
- Uncertainty                   0.100
= Required Time                 4.070
- Arrival Time                  2.420
= Slack Time                    1.650
     Clock Fall Edge                 2.000
     + Clock Network Latency (Prop)  0.129
     = Beginpoint Arrival Time       2.129
     +----------------------------------------------------------------------------------------+ 
     |            Instance             |     Arc     |   Cell    | Delay | Arrival | Required | 
     |                                 |             |           |       |  Time   |   Time   | 
     |---------------------------------+-------------+-----------+-------+---------+----------| 
     | u_reset_sync/stage3_n_reg       | CK ^        |           |       |   2.129 |    3.780 | 
     | u_reset_sync/stage3_n_reg       | CK ^ -> Q v | DFFS_X1   | 0.054 |   2.183 |    3.833 | 
     | datapath/g26966                 | A v -> ZN ^ | INV_X1    | 0.006 |   2.189 |    3.840 | 
     | datapath/FE_OFC0_n_0            | A ^ -> Z ^  | CLKBUF_X3 | 0.041 |   2.230 |    3.881 | 
     | datapath/FE_OFC25_n_0           | A ^ -> Z ^  | CLKBUF_X3 | 0.056 |   2.286 |    3.936 | 
     | datapath/FE_OFC17_n_0           | A ^ -> Z ^  | CLKBUF_X2 | 0.062 |   2.348 |    3.998 | 
     | datapath/FE_OFC538_n_0          | A ^ -> Z ^  | CLKBUF_X3 | 0.065 |   2.413 |    4.063 | 
     | datapath/EXMEM_aluResult_reg[7] | RN ^        | DFFR_X1   | 0.008 |   2.420 |    4.070 | 
     +----------------------------------------------------------------------------------------+ 
Path 33: MET Recovery Check with Pin datapath/MEMWB_memData_reg[7]/CK 
Endpoint:   datapath/MEMWB_memData_reg[7]/RN (^) checked with  leading edge of 
'clk'
Beginpoint: u_reset_sync/stage3_n_reg/Q      (v) triggered by trailing edge of 
'clk'
Path Groups: {reg2reg}
Analysis View: RPT_FAST
Other End Arrival Time          0.141
- Recovery                     -0.030
+ Phase Shift                   4.000
+ CPPR Adjustment               0.000
- Uncertainty                   0.100
= Required Time                 4.071
- Arrival Time                  2.420
= Slack Time                    1.650
     Clock Fall Edge                 2.000
     + Clock Network Latency (Prop)  0.129
     = Beginpoint Arrival Time       2.129
     +--------------------------------------------------------------------------------------+ 
     |           Instance            |     Arc     |   Cell    | Delay | Arrival | Required | 
     |                               |             |           |       |  Time   |   Time   | 
     |-------------------------------+-------------+-----------+-------+---------+----------| 
     | u_reset_sync/stage3_n_reg     | CK ^        |           |       |   2.129 |    3.780 | 
     | u_reset_sync/stage3_n_reg     | CK ^ -> Q v | DFFS_X1   | 0.054 |   2.183 |    3.833 | 
     | datapath/g26966               | A v -> ZN ^ | INV_X1    | 0.006 |   2.189 |    3.840 | 
     | datapath/FE_OFC0_n_0          | A ^ -> Z ^  | CLKBUF_X3 | 0.041 |   2.230 |    3.881 | 
     | datapath/FE_OFC25_n_0         | A ^ -> Z ^  | CLKBUF_X3 | 0.056 |   2.286 |    3.936 | 
     | datapath/FE_OFC17_n_0         | A ^ -> Z ^  | CLKBUF_X2 | 0.062 |   2.348 |    3.998 | 
     | datapath/FE_OFC538_n_0        | A ^ -> Z ^  | CLKBUF_X3 | 0.065 |   2.413 |    4.063 | 
     | datapath/MEMWB_memData_reg[7] | RN ^        | DFFR_X1   | 0.008 |   2.420 |    4.071 | 
     +--------------------------------------------------------------------------------------+ 
Path 34: MET Recovery Check with Pin datapath/MEMWB_aluResult_reg[7]/CK 
Endpoint:   datapath/MEMWB_aluResult_reg[7]/RN (^) checked with  leading edge 
of 'clk'
Beginpoint: u_reset_sync/stage3_n_reg/Q        (v) triggered by trailing edge 
of 'clk'
Path Groups: {reg2reg}
Analysis View: RPT_FAST
Other End Arrival Time          0.141
- Recovery                     -0.030
+ Phase Shift                   4.000
+ CPPR Adjustment               0.000
- Uncertainty                   0.100
= Required Time                 4.070
- Arrival Time                  2.420
= Slack Time                    1.650
     Clock Fall Edge                 2.000
     + Clock Network Latency (Prop)  0.129
     = Beginpoint Arrival Time       2.129
     +----------------------------------------------------------------------------------------+ 
     |            Instance             |     Arc     |   Cell    | Delay | Arrival | Required | 
     |                                 |             |           |       |  Time   |   Time   | 
     |---------------------------------+-------------+-----------+-------+---------+----------| 
     | u_reset_sync/stage3_n_reg       | CK ^        |           |       |   2.129 |    3.780 | 
     | u_reset_sync/stage3_n_reg       | CK ^ -> Q v | DFFS_X1   | 0.054 |   2.183 |    3.833 | 
     | datapath/g26966                 | A v -> ZN ^ | INV_X1    | 0.006 |   2.189 |    3.840 | 
     | datapath/FE_OFC0_n_0            | A ^ -> Z ^  | CLKBUF_X3 | 0.041 |   2.230 |    3.881 | 
     | datapath/FE_OFC25_n_0           | A ^ -> Z ^  | CLKBUF_X3 | 0.056 |   2.286 |    3.936 | 
     | datapath/FE_OFC17_n_0           | A ^ -> Z ^  | CLKBUF_X2 | 0.062 |   2.348 |    3.998 | 
     | datapath/FE_OFC538_n_0          | A ^ -> Z ^  | CLKBUF_X3 | 0.065 |   2.413 |    4.063 | 
     | datapath/MEMWB_aluResult_reg[7] | RN ^        | DFFR_X1   | 0.007 |   2.420 |    4.070 | 
     +----------------------------------------------------------------------------------------+ 
Path 35: MET Recovery Check with Pin datapath/MEMWB_aluResult_reg[3]/CK 
Endpoint:   datapath/MEMWB_aluResult_reg[3]/RN (^) checked with  leading edge 
of 'clk'
Beginpoint: u_reset_sync/stage3_n_reg/Q        (v) triggered by trailing edge 
of 'clk'
Path Groups: {reg2reg}
Analysis View: RPT_FAST
Other End Arrival Time          0.141
- Recovery                     -0.030
+ Phase Shift                   4.000
+ CPPR Adjustment               0.000
- Uncertainty                   0.100
= Required Time                 4.070
- Arrival Time                  2.420
= Slack Time                    1.650
     Clock Fall Edge                 2.000
     + Clock Network Latency (Prop)  0.129
     = Beginpoint Arrival Time       2.129
     +----------------------------------------------------------------------------------------+ 
     |            Instance             |     Arc     |   Cell    | Delay | Arrival | Required | 
     |                                 |             |           |       |  Time   |   Time   | 
     |---------------------------------+-------------+-----------+-------+---------+----------| 
     | u_reset_sync/stage3_n_reg       | CK ^        |           |       |   2.129 |    3.780 | 
     | u_reset_sync/stage3_n_reg       | CK ^ -> Q v | DFFS_X1   | 0.054 |   2.183 |    3.833 | 
     | datapath/g26966                 | A v -> ZN ^ | INV_X1    | 0.006 |   2.189 |    3.840 | 
     | datapath/FE_OFC0_n_0            | A ^ -> Z ^  | CLKBUF_X3 | 0.041 |   2.230 |    3.881 | 
     | datapath/FE_OFC25_n_0           | A ^ -> Z ^  | CLKBUF_X3 | 0.056 |   2.286 |    3.936 | 
     | datapath/FE_OFC17_n_0           | A ^ -> Z ^  | CLKBUF_X2 | 0.062 |   2.348 |    3.998 | 
     | datapath/FE_OFC538_n_0          | A ^ -> Z ^  | CLKBUF_X3 | 0.065 |   2.413 |    4.063 | 
     | datapath/MEMWB_aluResult_reg[3] | RN ^        | DFFR_X1   | 0.007 |   2.420 |    4.070 | 
     +----------------------------------------------------------------------------------------+ 
Path 36: MET Recovery Check with Pin datapath/IDEX_imm_reg[4]/CK 
Endpoint:   datapath/IDEX_imm_reg[4]/RN (^) checked with  leading edge of 'clk'
Beginpoint: u_reset_sync/stage3_n_reg/Q (v) triggered by trailing edge of 'clk'
Path Groups: {reg2reg}
Analysis View: RPT_FAST
Other End Arrival Time          0.139
- Recovery                     -0.031
+ Phase Shift                   4.000
+ CPPR Adjustment               0.000
- Uncertainty                   0.100
= Required Time                 4.069
- Arrival Time                  2.415
= Slack Time                    1.654
     Clock Fall Edge                 2.000
     + Clock Network Latency (Prop)  0.129
     = Beginpoint Arrival Time       2.129
     +----------------------------------------------------------------------------------+ 
     |         Instance          |     Arc     |   Cell    | Delay | Arrival | Required | 
     |                           |             |           |       |  Time   |   Time   | 
     |---------------------------+-------------+-----------+-------+---------+----------| 
     | u_reset_sync/stage3_n_reg | CK ^        |           |       |   2.129 |    3.783 | 
     | u_reset_sync/stage3_n_reg | CK ^ -> Q v | DFFS_X1   | 0.054 |   2.183 |    3.837 | 
     | datapath/g26966           | A v -> ZN ^ | INV_X1    | 0.006 |   2.189 |    3.843 | 
     | datapath/FE_OFC0_n_0      | A ^ -> Z ^  | CLKBUF_X3 | 0.041 |   2.230 |    3.884 | 
     | datapath/FE_OFC25_n_0     | A ^ -> Z ^  | CLKBUF_X3 | 0.056 |   2.286 |    3.940 | 
     | datapath/FE_OFC17_n_0     | A ^ -> Z ^  | CLKBUF_X2 | 0.062 |   2.348 |    4.001 | 
     | datapath/FE_OFC538_n_0    | A ^ -> Z ^  | CLKBUF_X3 | 0.065 |   2.413 |    4.066 | 
     | datapath/IDEX_imm_reg[4]  | RN ^        | DFFR_X1   | 0.003 |   2.415 |    4.069 | 
     +----------------------------------------------------------------------------------+ 
Path 37: MET Recovery Check with Pin datapath/EXMEM_storeData_reg[19]/CK 
Endpoint:   datapath/EXMEM_storeData_reg[19]/RN (^) checked with  leading edge 
of 'clk'
Beginpoint: u_reset_sync/stage3_n_reg/Q         (v) triggered by trailing edge 
of 'clk'
Path Groups: {reg2reg}
Analysis View: RPT_FAST
Other End Arrival Time          0.138
- Recovery                     -0.030
+ Phase Shift                   4.000
+ CPPR Adjustment               0.000
- Uncertainty                   0.100
= Required Time                 4.068
- Arrival Time                  2.414
= Slack Time                    1.654
     Clock Fall Edge                 2.000
     + Clock Network Latency (Prop)  0.129
     = Beginpoint Arrival Time       2.129
     +-----------------------------------------------------------------------------------------+ 
     |             Instance             |     Arc     |   Cell    | Delay | Arrival | Required | 
     |                                  |             |           |       |  Time   |   Time   | 
     |----------------------------------+-------------+-----------+-------+---------+----------| 
     | u_reset_sync/stage3_n_reg        | CK ^        |           |       |   2.129 |    3.783 | 
     | u_reset_sync/stage3_n_reg        | CK ^ -> Q v | DFFS_X1   | 0.054 |   2.183 |    3.837 | 
     | datapath/g26966                  | A v -> ZN ^ | INV_X1    | 0.006 |   2.189 |    3.843 | 
     | datapath/FE_OFC0_n_0             | A ^ -> Z ^  | CLKBUF_X3 | 0.041 |   2.230 |    3.884 | 
     | datapath/FE_OFC25_n_0            | A ^ -> Z ^  | CLKBUF_X3 | 0.056 |   2.286 |    3.940 | 
     | datapath/FE_OFC17_n_0            | A ^ -> Z ^  | CLKBUF_X2 | 0.062 |   2.348 |    4.001 | 
     | datapath/FE_OFC538_n_0           | A ^ -> Z ^  | CLKBUF_X3 | 0.065 |   2.413 |    4.066 | 
     | datapath/EXMEM_storeData_reg[19] | RN ^        | DFFR_X1   | 0.002 |   2.414 |    4.068 | 
     +-----------------------------------------------------------------------------------------+ 
Path 38: MET Recovery Check with Pin datapath/EXMEM_storeData_reg[12]/CK 
Endpoint:   datapath/EXMEM_storeData_reg[12]/RN (^) checked with  leading edge 
of 'clk'
Beginpoint: u_reset_sync/stage3_n_reg/Q         (v) triggered by trailing edge 
of 'clk'
Path Groups: {reg2reg}
Analysis View: RPT_FAST
Other End Arrival Time          0.138
- Recovery                     -0.030
+ Phase Shift                   4.000
+ CPPR Adjustment               0.000
- Uncertainty                   0.100
= Required Time                 4.068
- Arrival Time                  2.414
= Slack Time                    1.654
     Clock Fall Edge                 2.000
     + Clock Network Latency (Prop)  0.129
     = Beginpoint Arrival Time       2.129
     +-----------------------------------------------------------------------------------------+ 
     |             Instance             |     Arc     |   Cell    | Delay | Arrival | Required | 
     |                                  |             |           |       |  Time   |   Time   | 
     |----------------------------------+-------------+-----------+-------+---------+----------| 
     | u_reset_sync/stage3_n_reg        | CK ^        |           |       |   2.129 |    3.784 | 
     | u_reset_sync/stage3_n_reg        | CK ^ -> Q v | DFFS_X1   | 0.054 |   2.183 |    3.837 | 
     | datapath/g26966                  | A v -> ZN ^ | INV_X1    | 0.006 |   2.189 |    3.844 | 
     | datapath/FE_OFC0_n_0             | A ^ -> Z ^  | CLKBUF_X3 | 0.041 |   2.230 |    3.885 | 
     | datapath/FE_OFC25_n_0            | A ^ -> Z ^  | CLKBUF_X3 | 0.056 |   2.286 |    3.940 | 
     | datapath/FE_OFC17_n_0            | A ^ -> Z ^  | CLKBUF_X2 | 0.062 |   2.348 |    4.002 | 
     | datapath/FE_OFC538_n_0           | A ^ -> Z ^  | CLKBUF_X3 | 0.065 |   2.413 |    4.067 | 
     | datapath/EXMEM_storeData_reg[12] | RN ^        | DFFR_X1   | 0.001 |   2.414 |    4.068 | 
     +-----------------------------------------------------------------------------------------+ 
Path 39: MET Recovery Check with Pin datapath/registers_RF_reg[15][30]/CK 
Endpoint:   datapath/registers_RF_reg[15][30]/RN (^) checked with  leading edge 
of 'clk'
Beginpoint: u_reset_sync/stage3_n_reg/Q          (v) triggered by trailing edge 
of 'clk'
Path Groups: {reg2reg}
Analysis View: RPT_FAST
Other End Arrival Time          0.146
- Recovery                     -0.021
+ Phase Shift                   4.000
+ CPPR Adjustment               0.000
- Uncertainty                   0.100
= Required Time                 4.067
- Arrival Time                  2.407
= Slack Time                    1.660
     Clock Fall Edge                 2.000
     + Clock Network Latency (Prop)  0.129
     = Beginpoint Arrival Time       2.129
     +------------------------------------------------------------------------------------------+ 
     |             Instance              |     Arc     |   Cell    | Delay | Arrival | Required | 
     |                                   |             |           |       |  Time   |   Time   | 
     |-----------------------------------+-------------+-----------+-------+---------+----------| 
     | u_reset_sync/stage3_n_reg         | CK ^        |           |       |   2.129 |    3.789 | 
     | u_reset_sync/stage3_n_reg         | CK ^ -> Q v | DFFS_X1   | 0.054 |   2.183 |    3.843 | 
     | datapath/g26966                   | A v -> ZN ^ | INV_X1    | 0.006 |   2.189 |    3.849 | 
     | datapath/FE_OFC0_n_0              | A ^ -> Z ^  | CLKBUF_X3 | 0.041 |   2.230 |    3.890 | 
     | datapath/FE_OFC25_n_0             | A ^ -> Z ^  | CLKBUF_X3 | 0.056 |   2.286 |    3.946 | 
     | datapath/FE_OFC23_n_0             | A ^ -> Z ^  | BUF_X2    | 0.053 |   2.339 |    3.999 | 
     | datapath/FE_OFC85_n_0             | A ^ -> Z ^  | CLKBUF_X3 | 0.064 |   2.403 |    4.063 | 
     | datapath/registers_RF_reg[15][30] | RN ^        | SDFFR_X1  | 0.005 |   2.407 |    4.067 | 
     +------------------------------------------------------------------------------------------+ 
Path 40: MET Recovery Check with Pin datapath/registers_RF_reg[14][30]/CK 
Endpoint:   datapath/registers_RF_reg[14][30]/RN (^) checked with  leading edge 
of 'clk'
Beginpoint: u_reset_sync/stage3_n_reg/Q          (v) triggered by trailing edge 
of 'clk'
Path Groups: {reg2reg}
Analysis View: RPT_FAST
Other End Arrival Time          0.146
- Recovery                     -0.021
+ Phase Shift                   4.000
+ CPPR Adjustment               0.000
- Uncertainty                   0.100
= Required Time                 4.067
- Arrival Time                  2.407
= Slack Time                    1.660
     Clock Fall Edge                 2.000
     + Clock Network Latency (Prop)  0.129
     = Beginpoint Arrival Time       2.129
     +------------------------------------------------------------------------------------------+ 
     |             Instance              |     Arc     |   Cell    | Delay | Arrival | Required | 
     |                                   |             |           |       |  Time   |   Time   | 
     |-----------------------------------+-------------+-----------+-------+---------+----------| 
     | u_reset_sync/stage3_n_reg         | CK ^        |           |       |   2.129 |    3.789 | 
     | u_reset_sync/stage3_n_reg         | CK ^ -> Q v | DFFS_X1   | 0.054 |   2.183 |    3.843 | 
     | datapath/g26966                   | A v -> ZN ^ | INV_X1    | 0.006 |   2.189 |    3.849 | 
     | datapath/FE_OFC0_n_0              | A ^ -> Z ^  | CLKBUF_X3 | 0.041 |   2.230 |    3.890 | 
     | datapath/FE_OFC25_n_0             | A ^ -> Z ^  | CLKBUF_X3 | 0.056 |   2.286 |    3.946 | 
     | datapath/FE_OFC23_n_0             | A ^ -> Z ^  | BUF_X2    | 0.053 |   2.339 |    3.999 | 
     | datapath/FE_OFC85_n_0             | A ^ -> Z ^  | CLKBUF_X3 | 0.064 |   2.403 |    4.063 | 
     | datapath/registers_RF_reg[14][30] | RN ^        | SDFFR_X1  | 0.005 |   2.407 |    4.067 | 
     +------------------------------------------------------------------------------------------+ 
Path 41: MET Recovery Check with Pin datapath/registers_RF_reg[14][28]/CK 
Endpoint:   datapath/registers_RF_reg[14][28]/RN (^) checked with  leading edge 
of 'clk'
Beginpoint: u_reset_sync/stage3_n_reg/Q          (v) triggered by trailing edge 
of 'clk'
Path Groups: {reg2reg}
Analysis View: RPT_FAST
Other End Arrival Time          0.146
- Recovery                     -0.021
+ Phase Shift                   4.000
+ CPPR Adjustment               0.000
- Uncertainty                   0.100
= Required Time                 4.067
- Arrival Time                  2.407
= Slack Time                    1.660
     Clock Fall Edge                 2.000
     + Clock Network Latency (Prop)  0.129
     = Beginpoint Arrival Time       2.129
     +------------------------------------------------------------------------------------------+ 
     |             Instance              |     Arc     |   Cell    | Delay | Arrival | Required | 
     |                                   |             |           |       |  Time   |   Time   | 
     |-----------------------------------+-------------+-----------+-------+---------+----------| 
     | u_reset_sync/stage3_n_reg         | CK ^        |           |       |   2.129 |    3.789 | 
     | u_reset_sync/stage3_n_reg         | CK ^ -> Q v | DFFS_X1   | 0.054 |   2.183 |    3.843 | 
     | datapath/g26966                   | A v -> ZN ^ | INV_X1    | 0.006 |   2.189 |    3.849 | 
     | datapath/FE_OFC0_n_0              | A ^ -> Z ^  | CLKBUF_X3 | 0.041 |   2.230 |    3.890 | 
     | datapath/FE_OFC25_n_0             | A ^ -> Z ^  | CLKBUF_X3 | 0.056 |   2.286 |    3.946 | 
     | datapath/FE_OFC23_n_0             | A ^ -> Z ^  | BUF_X2    | 0.053 |   2.339 |    3.999 | 
     | datapath/FE_OFC85_n_0             | A ^ -> Z ^  | CLKBUF_X3 | 0.064 |   2.403 |    4.063 | 
     | datapath/registers_RF_reg[14][28] | RN ^        | SDFFR_X1  | 0.005 |   2.407 |    4.067 | 
     +------------------------------------------------------------------------------------------+ 
Path 42: MET Recovery Check with Pin datapath/registers_RF_reg[15][28]/CK 
Endpoint:   datapath/registers_RF_reg[15][28]/RN (^) checked with  leading edge 
of 'clk'
Beginpoint: u_reset_sync/stage3_n_reg/Q          (v) triggered by trailing edge 
of 'clk'
Path Groups: {reg2reg}
Analysis View: RPT_FAST
Other End Arrival Time          0.146
- Recovery                     -0.021
+ Phase Shift                   4.000
+ CPPR Adjustment               0.000
- Uncertainty                   0.100
= Required Time                 4.067
- Arrival Time                  2.407
= Slack Time                    1.660
     Clock Fall Edge                 2.000
     + Clock Network Latency (Prop)  0.129
     = Beginpoint Arrival Time       2.129
     +------------------------------------------------------------------------------------------+ 
     |             Instance              |     Arc     |   Cell    | Delay | Arrival | Required | 
     |                                   |             |           |       |  Time   |   Time   | 
     |-----------------------------------+-------------+-----------+-------+---------+----------| 
     | u_reset_sync/stage3_n_reg         | CK ^        |           |       |   2.129 |    3.790 | 
     | u_reset_sync/stage3_n_reg         | CK ^ -> Q v | DFFS_X1   | 0.054 |   2.183 |    3.843 | 
     | datapath/g26966                   | A v -> ZN ^ | INV_X1    | 0.006 |   2.189 |    3.850 | 
     | datapath/FE_OFC0_n_0              | A ^ -> Z ^  | CLKBUF_X3 | 0.041 |   2.230 |    3.891 | 
     | datapath/FE_OFC25_n_0             | A ^ -> Z ^  | CLKBUF_X3 | 0.056 |   2.286 |    3.946 | 
     | datapath/FE_OFC23_n_0             | A ^ -> Z ^  | BUF_X2    | 0.053 |   2.339 |    3.999 | 
     | datapath/FE_OFC85_n_0             | A ^ -> Z ^  | CLKBUF_X3 | 0.064 |   2.403 |    4.063 | 
     | datapath/registers_RF_reg[15][28] | RN ^        | SDFFR_X1  | 0.004 |   2.407 |    4.067 | 
     +------------------------------------------------------------------------------------------+ 
Path 43: MET Recovery Check with Pin datapath/registers_RF_reg[13][28]/CK 
Endpoint:   datapath/registers_RF_reg[13][28]/RN (^) checked with  leading edge 
of 'clk'
Beginpoint: u_reset_sync/stage3_n_reg/Q          (v) triggered by trailing edge 
of 'clk'
Path Groups: {reg2reg}
Analysis View: RPT_FAST
Other End Arrival Time          0.146
- Recovery                     -0.021
+ Phase Shift                   4.000
+ CPPR Adjustment               0.000
- Uncertainty                   0.100
= Required Time                 4.067
- Arrival Time                  2.407
= Slack Time                    1.661
     Clock Fall Edge                 2.000
     + Clock Network Latency (Prop)  0.129
     = Beginpoint Arrival Time       2.129
     +------------------------------------------------------------------------------------------+ 
     |             Instance              |     Arc     |   Cell    | Delay | Arrival | Required | 
     |                                   |             |           |       |  Time   |   Time   | 
     |-----------------------------------+-------------+-----------+-------+---------+----------| 
     | u_reset_sync/stage3_n_reg         | CK ^        |           |       |   2.129 |    3.790 | 
     | u_reset_sync/stage3_n_reg         | CK ^ -> Q v | DFFS_X1   | 0.054 |   2.183 |    3.844 | 
     | datapath/g26966                   | A v -> ZN ^ | INV_X1    | 0.006 |   2.189 |    3.850 | 
     | datapath/FE_OFC0_n_0              | A ^ -> Z ^  | CLKBUF_X3 | 0.041 |   2.230 |    3.891 | 
     | datapath/FE_OFC25_n_0             | A ^ -> Z ^  | CLKBUF_X3 | 0.056 |   2.286 |    3.947 | 
     | datapath/FE_OFC23_n_0             | A ^ -> Z ^  | BUF_X2    | 0.053 |   2.339 |    3.999 | 
     | datapath/FE_OFC85_n_0             | A ^ -> Z ^  | CLKBUF_X3 | 0.064 |   2.403 |    4.063 | 
     | datapath/registers_RF_reg[13][28] | RN ^        | SDFFR_X1  | 0.004 |   2.407 |    4.067 | 
     +------------------------------------------------------------------------------------------+ 
Path 44: MET Recovery Check with Pin datapath/registers_RF_reg[12][28]/CK 
Endpoint:   datapath/registers_RF_reg[12][28]/RN (^) checked with  leading edge 
of 'clk'
Beginpoint: u_reset_sync/stage3_n_reg/Q          (v) triggered by trailing edge 
of 'clk'
Path Groups: {reg2reg}
Analysis View: RPT_FAST
Other End Arrival Time          0.146
- Recovery                     -0.021
+ Phase Shift                   4.000
+ CPPR Adjustment               0.000
- Uncertainty                   0.100
= Required Time                 4.068
- Arrival Time                  2.407
= Slack Time                    1.661
     Clock Fall Edge                 2.000
     + Clock Network Latency (Prop)  0.129
     = Beginpoint Arrival Time       2.129
     +------------------------------------------------------------------------------------------+ 
     |             Instance              |     Arc     |   Cell    | Delay | Arrival | Required | 
     |                                   |             |           |       |  Time   |   Time   | 
     |-----------------------------------+-------------+-----------+-------+---------+----------| 
     | u_reset_sync/stage3_n_reg         | CK ^        |           |       |   2.129 |    3.790 | 
     | u_reset_sync/stage3_n_reg         | CK ^ -> Q v | DFFS_X1   | 0.054 |   2.183 |    3.844 | 
     | datapath/g26966                   | A v -> ZN ^ | INV_X1    | 0.006 |   2.189 |    3.850 | 
     | datapath/FE_OFC0_n_0              | A ^ -> Z ^  | CLKBUF_X3 | 0.041 |   2.230 |    3.891 | 
     | datapath/FE_OFC25_n_0             | A ^ -> Z ^  | CLKBUF_X3 | 0.056 |   2.286 |    3.947 | 
     | datapath/FE_OFC23_n_0             | A ^ -> Z ^  | BUF_X2    | 0.053 |   2.339 |    3.999 | 
     | datapath/FE_OFC85_n_0             | A ^ -> Z ^  | CLKBUF_X3 | 0.064 |   2.403 |    4.063 | 
     | datapath/registers_RF_reg[12][28] | RN ^        | SDFFR_X1  | 0.004 |   2.407 |    4.068 | 
     +------------------------------------------------------------------------------------------+ 
Path 45: MET Recovery Check with Pin datapath/registers_RF_reg[13][30]/CK 
Endpoint:   datapath/registers_RF_reg[13][30]/RN (^) checked with  leading edge 
of 'clk'
Beginpoint: u_reset_sync/stage3_n_reg/Q          (v) triggered by trailing edge 
of 'clk'
Path Groups: {reg2reg}
Analysis View: RPT_FAST
Other End Arrival Time          0.146
- Recovery                     -0.021
+ Phase Shift                   4.000
+ CPPR Adjustment               0.000
- Uncertainty                   0.100
= Required Time                 4.068
- Arrival Time                  2.407
= Slack Time                    1.661
     Clock Fall Edge                 2.000
     + Clock Network Latency (Prop)  0.129
     = Beginpoint Arrival Time       2.129
     +------------------------------------------------------------------------------------------+ 
     |             Instance              |     Arc     |   Cell    | Delay | Arrival | Required | 
     |                                   |             |           |       |  Time   |   Time   | 
     |-----------------------------------+-------------+-----------+-------+---------+----------| 
     | u_reset_sync/stage3_n_reg         | CK ^        |           |       |   2.129 |    3.790 | 
     | u_reset_sync/stage3_n_reg         | CK ^ -> Q v | DFFS_X1   | 0.054 |   2.183 |    3.844 | 
     | datapath/g26966                   | A v -> ZN ^ | INV_X1    | 0.006 |   2.189 |    3.850 | 
     | datapath/FE_OFC0_n_0              | A ^ -> Z ^  | CLKBUF_X3 | 0.041 |   2.230 |    3.891 | 
     | datapath/FE_OFC25_n_0             | A ^ -> Z ^  | CLKBUF_X3 | 0.056 |   2.286 |    3.947 | 
     | datapath/FE_OFC23_n_0             | A ^ -> Z ^  | BUF_X2    | 0.053 |   2.339 |    3.999 | 
     | datapath/FE_OFC85_n_0             | A ^ -> Z ^  | CLKBUF_X3 | 0.064 |   2.403 |    4.063 | 
     | datapath/registers_RF_reg[13][30] | RN ^        | SDFFR_X1  | 0.004 |   2.407 |    4.068 | 
     +------------------------------------------------------------------------------------------+ 
Path 46: MET Recovery Check with Pin datapath/registers_RF_reg[12][30]/CK 
Endpoint:   datapath/registers_RF_reg[12][30]/RN (^) checked with  leading edge 
of 'clk'
Beginpoint: u_reset_sync/stage3_n_reg/Q          (v) triggered by trailing edge 
of 'clk'
Path Groups: {reg2reg}
Analysis View: RPT_FAST
Other End Arrival Time          0.147
- Recovery                     -0.021
+ Phase Shift                   4.000
+ CPPR Adjustment               0.000
- Uncertainty                   0.100
= Required Time                 4.068
- Arrival Time                  2.406
= Slack Time                    1.661
     Clock Fall Edge                 2.000
     + Clock Network Latency (Prop)  0.129
     = Beginpoint Arrival Time       2.129
     +------------------------------------------------------------------------------------------+ 
     |             Instance              |     Arc     |   Cell    | Delay | Arrival | Required | 
     |                                   |             |           |       |  Time   |   Time   | 
     |-----------------------------------+-------------+-----------+-------+---------+----------| 
     | u_reset_sync/stage3_n_reg         | CK ^        |           |       |   2.129 |    3.791 | 
     | u_reset_sync/stage3_n_reg         | CK ^ -> Q v | DFFS_X1   | 0.054 |   2.183 |    3.844 | 
     | datapath/g26966                   | A v -> ZN ^ | INV_X1    | 0.006 |   2.189 |    3.851 | 
     | datapath/FE_OFC0_n_0              | A ^ -> Z ^  | CLKBUF_X3 | 0.041 |   2.230 |    3.892 | 
     | datapath/FE_OFC25_n_0             | A ^ -> Z ^  | CLKBUF_X3 | 0.056 |   2.286 |    3.947 | 
     | datapath/FE_OFC23_n_0             | A ^ -> Z ^  | BUF_X2    | 0.053 |   2.339 |    4.000 | 
     | datapath/FE_OFC85_n_0             | A ^ -> Z ^  | CLKBUF_X3 | 0.064 |   2.403 |    4.064 | 
     | datapath/registers_RF_reg[12][30] | RN ^        | SDFFR_X1  | 0.004 |   2.406 |    4.068 | 
     +------------------------------------------------------------------------------------------+ 
Path 47: MET Recovery Check with Pin datapath/registers_RF_reg[11][30]/CK 
Endpoint:   datapath/registers_RF_reg[11][30]/RN (^) checked with  leading edge 
of 'clk'
Beginpoint: u_reset_sync/stage3_n_reg/Q          (v) triggered by trailing edge 
of 'clk'
Path Groups: {reg2reg}
Analysis View: RPT_FAST
Other End Arrival Time          0.147
- Recovery                     -0.021
+ Phase Shift                   4.000
+ CPPR Adjustment               0.000
- Uncertainty                   0.100
= Required Time                 4.068
- Arrival Time                  2.406
= Slack Time                    1.661
     Clock Fall Edge                 2.000
     + Clock Network Latency (Prop)  0.129
     = Beginpoint Arrival Time       2.129
     +------------------------------------------------------------------------------------------+ 
     |             Instance              |     Arc     |   Cell    | Delay | Arrival | Required | 
     |                                   |             |           |       |  Time   |   Time   | 
     |-----------------------------------+-------------+-----------+-------+---------+----------| 
     | u_reset_sync/stage3_n_reg         | CK ^        |           |       |   2.129 |    3.791 | 
     | u_reset_sync/stage3_n_reg         | CK ^ -> Q v | DFFS_X1   | 0.054 |   2.183 |    3.844 | 
     | datapath/g26966                   | A v -> ZN ^ | INV_X1    | 0.006 |   2.189 |    3.851 | 
     | datapath/FE_OFC0_n_0              | A ^ -> Z ^  | CLKBUF_X3 | 0.041 |   2.230 |    3.892 | 
     | datapath/FE_OFC25_n_0             | A ^ -> Z ^  | CLKBUF_X3 | 0.056 |   2.286 |    3.947 | 
     | datapath/FE_OFC23_n_0             | A ^ -> Z ^  | BUF_X2    | 0.053 |   2.339 |    4.000 | 
     | datapath/FE_OFC85_n_0             | A ^ -> Z ^  | CLKBUF_X3 | 0.064 |   2.403 |    4.064 | 
     | datapath/registers_RF_reg[11][30] | RN ^        | SDFFR_X1  | 0.003 |   2.406 |    4.068 | 
     +------------------------------------------------------------------------------------------+ 
Path 48: MET Recovery Check with Pin datapath/registers_RF_reg[13][5]/CK 
Endpoint:   datapath/registers_RF_reg[13][5]/RN (^) checked with  leading edge 
of 'clk'
Beginpoint: u_reset_sync/stage3_n_reg/Q         (v) triggered by trailing edge 
of 'clk'
Path Groups: {reg2reg}
Analysis View: RPT_FAST
Other End Arrival Time          0.148
- Recovery                     -0.021
+ Phase Shift                   4.000
+ CPPR Adjustment               0.000
- Uncertainty                   0.100
= Required Time                 4.069
- Arrival Time                  2.408
= Slack Time                    1.662
     Clock Fall Edge                 2.000
     + Clock Network Latency (Prop)  0.129
     = Beginpoint Arrival Time       2.129
     +-----------------------------------------------------------------------------------------+ 
     |             Instance             |     Arc     |   Cell    | Delay | Arrival | Required | 
     |                                  |             |           |       |  Time   |   Time   | 
     |----------------------------------+-------------+-----------+-------+---------+----------| 
     | u_reset_sync/stage3_n_reg        | CK ^        |           |       |   2.129 |    3.791 | 
     | u_reset_sync/stage3_n_reg        | CK ^ -> Q v | DFFS_X1   | 0.054 |   2.183 |    3.845 | 
     | datapath/g26966                  | A v -> ZN ^ | INV_X1    | 0.006 |   2.189 |    3.851 | 
     | datapath/FE_OFC0_n_0             | A ^ -> Z ^  | CLKBUF_X3 | 0.041 |   2.230 |    3.892 | 
     | datapath/FE_OFC25_n_0            | A ^ -> Z ^  | CLKBUF_X3 | 0.056 |   2.286 |    3.947 | 
     | datapath/FE_OFC23_n_0            | A ^ -> Z ^  | BUF_X2    | 0.053 |   2.339 |    4.000 | 
     | datapath/FE_OFC85_n_0            | A ^ -> Z ^  | CLKBUF_X3 | 0.064 |   2.403 |    4.064 | 
     | datapath/registers_RF_reg[13][5] | RN ^        | SDFFR_X1  | 0.005 |   2.408 |    4.069 | 
     +-----------------------------------------------------------------------------------------+ 
Path 49: MET Recovery Check with Pin datapath/registers_RF_reg[10][28]/CK 
Endpoint:   datapath/registers_RF_reg[10][28]/RN (^) checked with  leading edge 
of 'clk'
Beginpoint: u_reset_sync/stage3_n_reg/Q          (v) triggered by trailing edge 
of 'clk'
Path Groups: {reg2reg}
Analysis View: RPT_FAST
Other End Arrival Time          0.147
- Recovery                     -0.021
+ Phase Shift                   4.000
+ CPPR Adjustment               0.000
- Uncertainty                   0.100
= Required Time                 4.068
- Arrival Time                  2.406
= Slack Time                    1.662
     Clock Fall Edge                 2.000
     + Clock Network Latency (Prop)  0.129
     = Beginpoint Arrival Time       2.129
     +------------------------------------------------------------------------------------------+ 
     |             Instance              |     Arc     |   Cell    | Delay | Arrival | Required | 
     |                                   |             |           |       |  Time   |   Time   | 
     |-----------------------------------+-------------+-----------+-------+---------+----------| 
     | u_reset_sync/stage3_n_reg         | CK ^        |           |       |   2.129 |    3.791 | 
     | u_reset_sync/stage3_n_reg         | CK ^ -> Q v | DFFS_X1   | 0.054 |   2.183 |    3.845 | 
     | datapath/g26966                   | A v -> ZN ^ | INV_X1    | 0.006 |   2.189 |    3.851 | 
     | datapath/FE_OFC0_n_0              | A ^ -> Z ^  | CLKBUF_X3 | 0.041 |   2.230 |    3.892 | 
     | datapath/FE_OFC25_n_0             | A ^ -> Z ^  | CLKBUF_X3 | 0.056 |   2.286 |    3.947 | 
     | datapath/FE_OFC23_n_0             | A ^ -> Z ^  | BUF_X2    | 0.053 |   2.339 |    4.000 | 
     | datapath/FE_OFC85_n_0             | A ^ -> Z ^  | CLKBUF_X3 | 0.064 |   2.403 |    4.064 | 
     | datapath/registers_RF_reg[10][28] | RN ^        | SDFFR_X1  | 0.003 |   2.406 |    4.068 | 
     +------------------------------------------------------------------------------------------+ 
Path 50: MET Recovery Check with Pin datapath/registers_RF_reg[11][28]/CK 
Endpoint:   datapath/registers_RF_reg[11][28]/RN (^) checked with  leading edge 
of 'clk'
Beginpoint: u_reset_sync/stage3_n_reg/Q          (v) triggered by trailing edge 
of 'clk'
Path Groups: {reg2reg}
Analysis View: RPT_FAST
Other End Arrival Time          0.146
- Recovery                     -0.021
+ Phase Shift                   4.000
+ CPPR Adjustment               0.000
- Uncertainty                   0.100
= Required Time                 4.067
- Arrival Time                  2.406
= Slack Time                    1.662
     Clock Fall Edge                 2.000
     + Clock Network Latency (Prop)  0.129
     = Beginpoint Arrival Time       2.129
     +------------------------------------------------------------------------------------------+ 
     |             Instance              |     Arc     |   Cell    | Delay | Arrival | Required | 
     |                                   |             |           |       |  Time   |   Time   | 
     |-----------------------------------+-------------+-----------+-------+---------+----------| 
     | u_reset_sync/stage3_n_reg         | CK ^        |           |       |   2.129 |    3.791 | 
     | u_reset_sync/stage3_n_reg         | CK ^ -> Q v | DFFS_X1   | 0.054 |   2.183 |    3.845 | 
     | datapath/g26966                   | A v -> ZN ^ | INV_X1    | 0.006 |   2.189 |    3.851 | 
     | datapath/FE_OFC0_n_0              | A ^ -> Z ^  | CLKBUF_X3 | 0.041 |   2.230 |    3.892 | 
     | datapath/FE_OFC25_n_0             | A ^ -> Z ^  | CLKBUF_X3 | 0.056 |   2.286 |    3.948 | 
     | datapath/FE_OFC23_n_0             | A ^ -> Z ^  | BUF_X2    | 0.053 |   2.339 |    4.000 | 
     | datapath/FE_OFC85_n_0             | A ^ -> Z ^  | CLKBUF_X3 | 0.064 |   2.403 |    4.064 | 
     | datapath/registers_RF_reg[11][28] | RN ^        | SDFFR_X1  | 0.003 |   2.406 |    4.067 | 
     +------------------------------------------------------------------------------------------+ 

