###############################################################
#  Generated by:      Cadence Innovus 23.12-s091_1
#  OS:                Linux x86_64(Host ID nanohub-2908156-5)
#  Generated on:      Wed Aug 12 19:12:33 2026
#  Design:            pipelined_cpu_core
#  Command:           report_timing -late  -view RPT_TYP -max_paths 50 -nworst 1 > reports/40_setup_typ.rpt
###############################################################
Path 1: MET Recovery Check with Pin datapath/IDEX_readData1_reg[9]/CK 
Endpoint:   datapath/IDEX_readData1_reg[9]/RN (^) checked with  leading edge of 
'clk'
Beginpoint: u_reset_sync/stage3_n_reg/Q       (v) triggered by trailing edge of 
'clk'
Path Groups: {reg2reg}
Analysis View: RPT_TYP
Other End Arrival Time          0.202
- Recovery                     -0.051
+ Phase Shift                   4.000
+ CPPR Adjustment               0.000
- Uncertainty                   0.100
= Required Time                 4.153
- Arrival Time                  2.677
= Slack Time                    1.476
     Clock Fall Edge                 2.000
     + Clock Network Latency (Prop)  0.198
     = Beginpoint Arrival Time       2.198
     +---------------------------------------------------------------------------------------+ 
     |            Instance            |     Arc     |   Cell    | Delay | Arrival | Required | 
     |                                |             |           |       |  Time   |   Time   | 
     |--------------------------------+-------------+-----------+-------+---------+----------| 
     | u_reset_sync/stage3_n_reg      | CK ^        |           |       |   2.198 |    3.674 | 
     | u_reset_sync/stage3_n_reg      | CK ^ -> Q v | DFFS_X1   | 0.086 |   2.284 |    3.760 | 
     | datapath/g26966                | A v -> ZN ^ | INV_X1    | 0.011 |   2.295 |    3.771 | 
     | datapath/FE_OFC0_n_0           | A ^ -> Z ^  | CLKBUF_X3 | 0.069 |   2.363 |    3.840 | 
     | datapath/FE_OFC25_n_0          | A ^ -> Z ^  | CLKBUF_X3 | 0.090 |   2.454 |    3.930 | 
     | datapath/FE_OFC17_n_0          | A ^ -> Z ^  | CLKBUF_X2 | 0.105 |   2.558 |    4.035 | 
     | datapath/FE_OFC538_n_0         | A ^ -> Z ^  | CLKBUF_X3 | 0.111 |   2.669 |    4.146 | 
     | datapath/IDEX_readData1_reg[9] | RN ^        | DFFR_X1   | 0.007 |   2.677 |    4.153 | 
     +---------------------------------------------------------------------------------------+ 
Path 2: MET Recovery Check with Pin datapath/EXMEM_aluResult_reg[3]/CK 
Endpoint:   datapath/EXMEM_aluResult_reg[3]/RN (^) checked with  leading edge 
of 'clk'
Beginpoint: u_reset_sync/stage3_n_reg/Q        (v) triggered by trailing edge 
of 'clk'
Path Groups: {reg2reg}
Analysis View: RPT_TYP
Other End Arrival Time          0.202
- Recovery                     -0.051
+ Phase Shift                   4.000
+ CPPR Adjustment               0.000
- Uncertainty                   0.100
= Required Time                 4.153
- Arrival Time                  2.677
= Slack Time                    1.476
     Clock Fall Edge                 2.000
     + Clock Network Latency (Prop)  0.198
     = Beginpoint Arrival Time       2.198
     +----------------------------------------------------------------------------------------+ 
     |            Instance             |     Arc     |   Cell    | Delay | Arrival | Required | 
     |                                 |             |           |       |  Time   |   Time   | 
     |---------------------------------+-------------+-----------+-------+---------+----------| 
     | u_reset_sync/stage3_n_reg       | CK ^        |           |       |   2.198 |    3.674 | 
     | u_reset_sync/stage3_n_reg       | CK ^ -> Q v | DFFS_X1   | 0.086 |   2.284 |    3.760 | 
     | datapath/g26966                 | A v -> ZN ^ | INV_X1    | 0.011 |   2.295 |    3.771 | 
     | datapath/FE_OFC0_n_0            | A ^ -> Z ^  | CLKBUF_X3 | 0.069 |   2.363 |    3.840 | 
     | datapath/FE_OFC25_n_0           | A ^ -> Z ^  | CLKBUF_X3 | 0.090 |   2.454 |    3.930 | 
     | datapath/FE_OFC17_n_0           | A ^ -> Z ^  | CLKBUF_X2 | 0.105 |   2.558 |    4.035 | 
     | datapath/FE_OFC538_n_0          | A ^ -> Z ^  | CLKBUF_X3 | 0.111 |   2.669 |    4.146 | 
     | datapath/EXMEM_aluResult_reg[3] | RN ^        | DFFR_X1   | 0.007 |   2.677 |    4.153 | 
     +----------------------------------------------------------------------------------------+ 
Path 3: MET Recovery Check with Pin datapath/MEMWB_memData_reg[3]/CK 
Endpoint:   datapath/MEMWB_memData_reg[3]/RN (^) checked with  leading edge of 
'clk'
Beginpoint: u_reset_sync/stage3_n_reg/Q      (v) triggered by trailing edge of 
'clk'
Path Groups: {reg2reg}
Analysis View: RPT_TYP
Other End Arrival Time          0.202
- Recovery                     -0.051
+ Phase Shift                   4.000
+ CPPR Adjustment               0.000
- Uncertainty                   0.100
= Required Time                 4.153
- Arrival Time                  2.677
= Slack Time                    1.476
     Clock Fall Edge                 2.000
     + Clock Network Latency (Prop)  0.198
     = Beginpoint Arrival Time       2.198
     +--------------------------------------------------------------------------------------+ 
     |           Instance            |     Arc     |   Cell    | Delay | Arrival | Required | 
     |                               |             |           |       |  Time   |   Time   | 
     |-------------------------------+-------------+-----------+-------+---------+----------| 
     | u_reset_sync/stage3_n_reg     | CK ^        |           |       |   2.198 |    3.674 | 
     | u_reset_sync/stage3_n_reg     | CK ^ -> Q v | DFFS_X1   | 0.086 |   2.284 |    3.760 | 
     | datapath/g26966               | A v -> ZN ^ | INV_X1    | 0.011 |   2.295 |    3.771 | 
     | datapath/FE_OFC0_n_0          | A ^ -> Z ^  | CLKBUF_X3 | 0.069 |   2.363 |    3.840 | 
     | datapath/FE_OFC25_n_0         | A ^ -> Z ^  | CLKBUF_X3 | 0.090 |   2.454 |    3.930 | 
     | datapath/FE_OFC17_n_0         | A ^ -> Z ^  | CLKBUF_X2 | 0.105 |   2.558 |    4.035 | 
     | datapath/FE_OFC538_n_0        | A ^ -> Z ^  | CLKBUF_X3 | 0.111 |   2.669 |    4.146 | 
     | datapath/MEMWB_memData_reg[3] | RN ^        | DFFR_X1   | 0.007 |   2.677 |    4.153 | 
     +--------------------------------------------------------------------------------------+ 
Path 4: MET Recovery Check with Pin datapath/MEMWB_aluResult_reg[9]/CK 
Endpoint:   datapath/MEMWB_aluResult_reg[9]/RN (^) checked with  leading edge 
of 'clk'
Beginpoint: u_reset_sync/stage3_n_reg/Q        (v) triggered by trailing edge 
of 'clk'
Path Groups: {reg2reg}
Analysis View: RPT_TYP
Other End Arrival Time          0.202
- Recovery                     -0.051
+ Phase Shift                   4.000
+ CPPR Adjustment               0.000
- Uncertainty                   0.100
= Required Time                 4.153
- Arrival Time                  2.677
= Slack Time                    1.476
     Clock Fall Edge                 2.000
     + Clock Network Latency (Prop)  0.198
     = Beginpoint Arrival Time       2.198
     +----------------------------------------------------------------------------------------+ 
     |            Instance             |     Arc     |   Cell    | Delay | Arrival | Required | 
     |                                 |             |           |       |  Time   |   Time   | 
     |---------------------------------+-------------+-----------+-------+---------+----------| 
     | u_reset_sync/stage3_n_reg       | CK ^        |           |       |   2.198 |    3.674 | 
     | u_reset_sync/stage3_n_reg       | CK ^ -> Q v | DFFS_X1   | 0.086 |   2.284 |    3.760 | 
     | datapath/g26966                 | A v -> ZN ^ | INV_X1    | 0.011 |   2.295 |    3.771 | 
     | datapath/FE_OFC0_n_0            | A ^ -> Z ^  | CLKBUF_X3 | 0.069 |   2.363 |    3.840 | 
     | datapath/FE_OFC25_n_0           | A ^ -> Z ^  | CLKBUF_X3 | 0.090 |   2.454 |    3.930 | 
     | datapath/FE_OFC17_n_0           | A ^ -> Z ^  | CLKBUF_X2 | 0.105 |   2.558 |    4.035 | 
     | datapath/FE_OFC538_n_0          | A ^ -> Z ^  | CLKBUF_X3 | 0.111 |   2.669 |    4.146 | 
     | datapath/MEMWB_aluResult_reg[9] | RN ^        | DFFR_X1   | 0.007 |   2.677 |    4.153 | 
     +----------------------------------------------------------------------------------------+ 
Path 5: MET Recovery Check with Pin datapath/EXMEM_aluResult_reg[9]/CK 
Endpoint:   datapath/EXMEM_aluResult_reg[9]/RN (^) checked with  leading edge 
of 'clk'
Beginpoint: u_reset_sync/stage3_n_reg/Q        (v) triggered by trailing edge 
of 'clk'
Path Groups: {reg2reg}
Analysis View: RPT_TYP
Other End Arrival Time          0.202
- Recovery                     -0.051
+ Phase Shift                   4.000
+ CPPR Adjustment               0.000
- Uncertainty                   0.100
= Required Time                 4.153
- Arrival Time                  2.676
= Slack Time                    1.476
     Clock Fall Edge                 2.000
     + Clock Network Latency (Prop)  0.198
     = Beginpoint Arrival Time       2.198
     +----------------------------------------------------------------------------------------+ 
     |            Instance             |     Arc     |   Cell    | Delay | Arrival | Required | 
     |                                 |             |           |       |  Time   |   Time   | 
     |---------------------------------+-------------+-----------+-------+---------+----------| 
     | u_reset_sync/stage3_n_reg       | CK ^        |           |       |   2.198 |    3.674 | 
     | u_reset_sync/stage3_n_reg       | CK ^ -> Q v | DFFS_X1   | 0.086 |   2.284 |    3.760 | 
     | datapath/g26966                 | A v -> ZN ^ | INV_X1    | 0.011 |   2.295 |    3.771 | 
     | datapath/FE_OFC0_n_0            | A ^ -> Z ^  | CLKBUF_X3 | 0.069 |   2.363 |    3.840 | 
     | datapath/FE_OFC25_n_0           | A ^ -> Z ^  | CLKBUF_X3 | 0.090 |   2.454 |    3.930 | 
     | datapath/FE_OFC17_n_0           | A ^ -> Z ^  | CLKBUF_X2 | 0.105 |   2.558 |    4.035 | 
     | datapath/FE_OFC538_n_0          | A ^ -> Z ^  | CLKBUF_X3 | 0.111 |   2.669 |    4.146 | 
     | datapath/EXMEM_aluResult_reg[9] | RN ^        | DFFR_X1   | 0.007 |   2.676 |    4.153 | 
     +----------------------------------------------------------------------------------------+ 
Path 6: MET Recovery Check with Pin datapath/EXMEM_aluResult_reg[17]/CK 
Endpoint:   datapath/EXMEM_aluResult_reg[17]/RN (^) checked with  leading edge 
of 'clk'
Beginpoint: u_reset_sync/stage3_n_reg/Q         (v) triggered by trailing edge 
of 'clk'
Path Groups: {reg2reg}
Analysis View: RPT_TYP
Other End Arrival Time          0.202
- Recovery                     -0.051
+ Phase Shift                   4.000
+ CPPR Adjustment               0.000
- Uncertainty                   0.100
= Required Time                 4.153
- Arrival Time                  2.676
= Slack Time                    1.477
     Clock Fall Edge                 2.000
     + Clock Network Latency (Prop)  0.198
     = Beginpoint Arrival Time       2.198
     +-----------------------------------------------------------------------------------------+ 
     |             Instance             |     Arc     |   Cell    | Delay | Arrival | Required | 
     |                                  |             |           |       |  Time   |   Time   | 
     |----------------------------------+-------------+-----------+-------+---------+----------| 
     | u_reset_sync/stage3_n_reg        | CK ^        |           |       |   2.198 |    3.675 | 
     | u_reset_sync/stage3_n_reg        | CK ^ -> Q v | DFFS_X1   | 0.086 |   2.284 |    3.760 | 
     | datapath/g26966                  | A v -> ZN ^ | INV_X1    | 0.011 |   2.295 |    3.772 | 
     | datapath/FE_OFC0_n_0             | A ^ -> Z ^  | CLKBUF_X3 | 0.069 |   2.364 |    3.840 | 
     | datapath/FE_OFC25_n_0            | A ^ -> Z ^  | CLKBUF_X3 | 0.090 |   2.454 |    3.930 | 
     | datapath/FE_OFC17_n_0            | A ^ -> Z ^  | CLKBUF_X2 | 0.105 |   2.559 |    4.035 | 
     | datapath/FE_OFC538_n_0           | A ^ -> Z ^  | CLKBUF_X3 | 0.111 |   2.670 |    4.146 | 
     | datapath/EXMEM_aluResult_reg[17] | RN ^        | DFFR_X1   | 0.007 |   2.676 |    4.153 | 
     +-----------------------------------------------------------------------------------------+ 
Path 7: MET Recovery Check with Pin datapath/MEMWB_memData_reg[18]/CK 
Endpoint:   datapath/MEMWB_memData_reg[18]/RN (^) checked with  leading edge of 
'clk'
Beginpoint: u_reset_sync/stage3_n_reg/Q       (v) triggered by trailing edge of 
'clk'
Path Groups: {reg2reg}
Analysis View: RPT_TYP
Other End Arrival Time          0.202
- Recovery                     -0.051
+ Phase Shift                   4.000
+ CPPR Adjustment               0.000
- Uncertainty                   0.100
= Required Time                 4.153
- Arrival Time                  2.676
= Slack Time                    1.477
     Clock Fall Edge                 2.000
     + Clock Network Latency (Prop)  0.198
     = Beginpoint Arrival Time       2.198
     +---------------------------------------------------------------------------------------+ 
     |            Instance            |     Arc     |   Cell    | Delay | Arrival | Required | 
     |                                |             |           |       |  Time   |   Time   | 
     |--------------------------------+-------------+-----------+-------+---------+----------| 
     | u_reset_sync/stage3_n_reg      | CK ^        |           |       |   2.198 |    3.675 | 
     | u_reset_sync/stage3_n_reg      | CK ^ -> Q v | DFFS_X1   | 0.086 |   2.284 |    3.761 | 
     | datapath/g26966                | A v -> ZN ^ | INV_X1    | 0.011 |   2.295 |    3.772 | 
     | datapath/FE_OFC0_n_0           | A ^ -> Z ^  | CLKBUF_X3 | 0.069 |   2.363 |    3.840 | 
     | datapath/FE_OFC25_n_0          | A ^ -> Z ^  | CLKBUF_X3 | 0.090 |   2.454 |    3.930 | 
     | datapath/FE_OFC17_n_0          | A ^ -> Z ^  | CLKBUF_X2 | 0.105 |   2.558 |    4.035 | 
     | datapath/FE_OFC538_n_0         | A ^ -> Z ^  | CLKBUF_X3 | 0.111 |   2.669 |    4.146 | 
     | datapath/MEMWB_memData_reg[18] | RN ^        | DFFR_X1   | 0.007 |   2.676 |    4.153 | 
     +---------------------------------------------------------------------------------------+ 
Path 8: MET Recovery Check with Pin datapath/MEMWB_memData_reg[13]/CK 
Endpoint:   datapath/MEMWB_memData_reg[13]/RN (^) checked with  leading edge of 
'clk'
Beginpoint: u_reset_sync/stage3_n_reg/Q       (v) triggered by trailing edge of 
'clk'
Path Groups: {reg2reg}
Analysis View: RPT_TYP
Other End Arrival Time          0.202
- Recovery                     -0.051
+ Phase Shift                   4.000
+ CPPR Adjustment               0.000
- Uncertainty                   0.100
= Required Time                 4.153
- Arrival Time                  2.676
= Slack Time                    1.477
     Clock Fall Edge                 2.000
     + Clock Network Latency (Prop)  0.198
     = Beginpoint Arrival Time       2.198
     +---------------------------------------------------------------------------------------+ 
     |            Instance            |     Arc     |   Cell    | Delay | Arrival | Required | 
     |                                |             |           |       |  Time   |   Time   | 
     |--------------------------------+-------------+-----------+-------+---------+----------| 
     | u_reset_sync/stage3_n_reg      | CK ^        |           |       |   2.198 |    3.675 | 
     | u_reset_sync/stage3_n_reg      | CK ^ -> Q v | DFFS_X1   | 0.086 |   2.284 |    3.761 | 
     | datapath/g26966                | A v -> ZN ^ | INV_X1    | 0.011 |   2.295 |    3.772 | 
     | datapath/FE_OFC0_n_0           | A ^ -> Z ^  | CLKBUF_X3 | 0.069 |   2.363 |    3.840 | 
     | datapath/FE_OFC25_n_0          | A ^ -> Z ^  | CLKBUF_X3 | 0.090 |   2.454 |    3.930 | 
     | datapath/FE_OFC17_n_0          | A ^ -> Z ^  | CLKBUF_X2 | 0.105 |   2.558 |    4.035 | 
     | datapath/FE_OFC538_n_0         | A ^ -> Z ^  | CLKBUF_X3 | 0.111 |   2.669 |    4.146 | 
     | datapath/MEMWB_memData_reg[13] | RN ^        | DFFR_X1   | 0.007 |   2.676 |    4.153 | 
     +---------------------------------------------------------------------------------------+ 
Path 9: MET Recovery Check with Pin datapath/MEMWB_memData_reg[9]/CK 
Endpoint:   datapath/MEMWB_memData_reg[9]/RN (^) checked with  leading edge of 
'clk'
Beginpoint: u_reset_sync/stage3_n_reg/Q      (v) triggered by trailing edge of 
'clk'
Path Groups: {reg2reg}
Analysis View: RPT_TYP
Other End Arrival Time          0.202
- Recovery                     -0.051
+ Phase Shift                   4.000
+ CPPR Adjustment               0.000
- Uncertainty                   0.100
= Required Time                 4.153
- Arrival Time                  2.676
= Slack Time                    1.477
     Clock Fall Edge                 2.000
     + Clock Network Latency (Prop)  0.198
     = Beginpoint Arrival Time       2.198
     +--------------------------------------------------------------------------------------+ 
     |           Instance            |     Arc     |   Cell    | Delay | Arrival | Required | 
     |                               |             |           |       |  Time   |   Time   | 
     |-------------------------------+-------------+-----------+-------+---------+----------| 
     | u_reset_sync/stage3_n_reg     | CK ^        |           |       |   2.198 |    3.675 | 
     | u_reset_sync/stage3_n_reg     | CK ^ -> Q v | DFFS_X1   | 0.086 |   2.284 |    3.761 | 
     | datapath/g26966               | A v -> ZN ^ | INV_X1    | 0.011 |   2.295 |    3.772 | 
     | datapath/FE_OFC0_n_0          | A ^ -> Z ^  | CLKBUF_X3 | 0.069 |   2.363 |    3.840 | 
     | datapath/FE_OFC25_n_0         | A ^ -> Z ^  | CLKBUF_X3 | 0.090 |   2.454 |    3.930 | 
     | datapath/FE_OFC17_n_0         | A ^ -> Z ^  | CLKBUF_X2 | 0.105 |   2.558 |    4.035 | 
     | datapath/FE_OFC538_n_0        | A ^ -> Z ^  | CLKBUF_X3 | 0.111 |   2.669 |    4.146 | 
     | datapath/MEMWB_memData_reg[9] | RN ^        | DFFR_X1   | 0.007 |   2.676 |    4.153 | 
     +--------------------------------------------------------------------------------------+ 
Path 10: MET Recovery Check with Pin datapath/MEMWB_aluResult_reg[13]/CK 
Endpoint:   datapath/MEMWB_aluResult_reg[13]/RN (^) checked with  leading edge 
of 'clk'
Beginpoint: u_reset_sync/stage3_n_reg/Q         (v) triggered by trailing edge 
of 'clk'
Path Groups: {reg2reg}
Analysis View: RPT_TYP
Other End Arrival Time          0.202
- Recovery                     -0.051
+ Phase Shift                   4.000
+ CPPR Adjustment               0.000
- Uncertainty                   0.100
= Required Time                 4.153
- Arrival Time                  2.676
= Slack Time                    1.477
     Clock Fall Edge                 2.000
     + Clock Network Latency (Prop)  0.198
     = Beginpoint Arrival Time       2.198
     +-----------------------------------------------------------------------------------------+ 
     |             Instance             |     Arc     |   Cell    | Delay | Arrival | Required | 
     |                                  |             |           |       |  Time   |   Time   | 
     |----------------------------------+-------------+-----------+-------+---------+----------| 
     | u_reset_sync/stage3_n_reg        | CK ^        |           |       |   2.198 |    3.675 | 
     | u_reset_sync/stage3_n_reg        | CK ^ -> Q v | DFFS_X1   | 0.086 |   2.284 |    3.761 | 
     | datapath/g26966                  | A v -> ZN ^ | INV_X1    | 0.011 |   2.295 |    3.772 | 
     | datapath/FE_OFC0_n_0             | A ^ -> Z ^  | CLKBUF_X3 | 0.069 |   2.363 |    3.840 | 
     | datapath/FE_OFC25_n_0            | A ^ -> Z ^  | CLKBUF_X3 | 0.090 |   2.454 |    3.930 | 
     | datapath/FE_OFC17_n_0            | A ^ -> Z ^  | CLKBUF_X2 | 0.105 |   2.558 |    4.035 | 
     | datapath/FE_OFC538_n_0           | A ^ -> Z ^  | CLKBUF_X3 | 0.111 |   2.669 |    4.146 | 
     | datapath/MEMWB_aluResult_reg[13] | RN ^        | DFFR_X1   | 0.007 |   2.676 |    4.153 | 
     +-----------------------------------------------------------------------------------------+ 
Path 11: MET Recovery Check with Pin datapath/IDEX_readData2_reg[17]/CK 
Endpoint:   datapath/IDEX_readData2_reg[17]/RN (^) checked with  leading edge 
of 'clk'
Beginpoint: u_reset_sync/stage3_n_reg/Q        (v) triggered by trailing edge 
of 'clk'
Path Groups: {reg2reg}
Analysis View: RPT_TYP
Other End Arrival Time          0.202
- Recovery                     -0.051
+ Phase Shift                   4.000
+ CPPR Adjustment               0.000
- Uncertainty                   0.100
= Required Time                 4.153
- Arrival Time                  2.675
= Slack Time                    1.477
     Clock Fall Edge                 2.000
     + Clock Network Latency (Prop)  0.198
     = Beginpoint Arrival Time       2.198
     +----------------------------------------------------------------------------------------+ 
     |            Instance             |     Arc     |   Cell    | Delay | Arrival | Required | 
     |                                 |             |           |       |  Time   |   Time   | 
     |---------------------------------+-------------+-----------+-------+---------+----------| 
     | u_reset_sync/stage3_n_reg       | CK ^        |           |       |   2.198 |    3.676 | 
     | u_reset_sync/stage3_n_reg       | CK ^ -> Q v | DFFS_X1   | 0.086 |   2.284 |    3.761 | 
     | datapath/g26966                 | A v -> ZN ^ | INV_X1    | 0.011 |   2.295 |    3.772 | 
     | datapath/FE_OFC0_n_0            | A ^ -> Z ^  | CLKBUF_X3 | 0.069 |   2.363 |    3.841 | 
     | datapath/FE_OFC25_n_0           | A ^ -> Z ^  | CLKBUF_X3 | 0.090 |   2.454 |    3.931 | 
     | datapath/FE_OFC17_n_0           | A ^ -> Z ^  | CLKBUF_X2 | 0.105 |   2.558 |    4.036 | 
     | datapath/FE_OFC538_n_0          | A ^ -> Z ^  | CLKBUF_X3 | 0.111 |   2.669 |    4.147 | 
     | datapath/IDEX_readData2_reg[17] | RN ^        | DFFR_X1   | 0.006 |   2.675 |    4.153 | 
     +----------------------------------------------------------------------------------------+ 
Path 12: MET Recovery Check with Pin datapath/IDEX_readData2_reg[18]/CK 
Endpoint:   datapath/IDEX_readData2_reg[18]/RN (^) checked with  leading edge 
of 'clk'
Beginpoint: u_reset_sync/stage3_n_reg/Q        (v) triggered by trailing edge 
of 'clk'
Path Groups: {reg2reg}
Analysis View: RPT_TYP
Other End Arrival Time          0.202
- Recovery                     -0.051
+ Phase Shift                   4.000
+ CPPR Adjustment               0.000
- Uncertainty                   0.100
= Required Time                 4.153
- Arrival Time                  2.675
= Slack Time                    1.478
     Clock Fall Edge                 2.000
     + Clock Network Latency (Prop)  0.198
     = Beginpoint Arrival Time       2.198
     +----------------------------------------------------------------------------------------+ 
     |            Instance             |     Arc     |   Cell    | Delay | Arrival | Required | 
     |                                 |             |           |       |  Time   |   Time   | 
     |---------------------------------+-------------+-----------+-------+---------+----------| 
     | u_reset_sync/stage3_n_reg       | CK ^        |           |       |   2.198 |    3.676 | 
     | u_reset_sync/stage3_n_reg       | CK ^ -> Q v | DFFS_X1   | 0.086 |   2.284 |    3.761 | 
     | datapath/g26966                 | A v -> ZN ^ | INV_X1    | 0.011 |   2.295 |    3.773 | 
     | datapath/FE_OFC0_n_0            | A ^ -> Z ^  | CLKBUF_X3 | 0.069 |   2.363 |    3.841 | 
     | datapath/FE_OFC25_n_0           | A ^ -> Z ^  | CLKBUF_X3 | 0.090 |   2.454 |    3.931 | 
     | datapath/FE_OFC17_n_0           | A ^ -> Z ^  | CLKBUF_X2 | 0.105 |   2.558 |    4.036 | 
     | datapath/FE_OFC538_n_0          | A ^ -> Z ^  | CLKBUF_X3 | 0.111 |   2.669 |    4.147 | 
     | datapath/IDEX_readData2_reg[18] | RN ^        | DFFR_X1   | 0.006 |   2.675 |    4.153 | 
     +----------------------------------------------------------------------------------------+ 
Path 13: MET Recovery Check with Pin datapath/IDEX_readData2_reg[4]/CK 
Endpoint:   datapath/IDEX_readData2_reg[4]/RN (^) checked with  leading edge of 
'clk'
Beginpoint: u_reset_sync/stage3_n_reg/Q       (v) triggered by trailing edge of 
'clk'
Path Groups: {reg2reg}
Analysis View: RPT_TYP
Other End Arrival Time          0.202
- Recovery                     -0.051
+ Phase Shift                   4.000
+ CPPR Adjustment               0.000
- Uncertainty                   0.100
= Required Time                 4.153
- Arrival Time                  2.675
= Slack Time                    1.478
     Clock Fall Edge                 2.000
     + Clock Network Latency (Prop)  0.198
     = Beginpoint Arrival Time       2.198
     +---------------------------------------------------------------------------------------+ 
     |            Instance            |     Arc     |   Cell    | Delay | Arrival | Required | 
     |                                |             |           |       |  Time   |   Time   | 
     |--------------------------------+-------------+-----------+-------+---------+----------| 
     | u_reset_sync/stage3_n_reg      | CK ^        |           |       |   2.198 |    3.676 | 
     | u_reset_sync/stage3_n_reg      | CK ^ -> Q v | DFFS_X1   | 0.086 |   2.284 |    3.762 | 
     | datapath/g26966                | A v -> ZN ^ | INV_X1    | 0.011 |   2.295 |    3.773 | 
     | datapath/FE_OFC0_n_0           | A ^ -> Z ^  | CLKBUF_X3 | 0.069 |   2.364 |    3.841 | 
     | datapath/FE_OFC25_n_0          | A ^ -> Z ^  | CLKBUF_X3 | 0.090 |   2.454 |    3.931 | 
     | datapath/FE_OFC17_n_0          | A ^ -> Z ^  | CLKBUF_X2 | 0.105 |   2.559 |    4.036 | 
     | datapath/FE_OFC538_n_0         | A ^ -> Z ^  | CLKBUF_X3 | 0.111 |   2.669 |    4.147 | 
     | datapath/IDEX_readData2_reg[4] | RN ^        | DFFR_X1   | 0.006 |   2.675 |    4.153 | 
     +---------------------------------------------------------------------------------------+ 
Path 14: MET Recovery Check with Pin datapath/EXMEM_aluResult_reg[18]/CK 
Endpoint:   datapath/EXMEM_aluResult_reg[18]/RN (^) checked with  leading edge 
of 'clk'
Beginpoint: u_reset_sync/stage3_n_reg/Q         (v) triggered by trailing edge 
of 'clk'
Path Groups: {reg2reg}
Analysis View: RPT_TYP
Other End Arrival Time          0.202
- Recovery                     -0.051
+ Phase Shift                   4.000
+ CPPR Adjustment               0.000
- Uncertainty                   0.100
= Required Time                 4.153
- Arrival Time                  2.675
= Slack Time                    1.478
     Clock Fall Edge                 2.000
     + Clock Network Latency (Prop)  0.198
     = Beginpoint Arrival Time       2.198
     +-----------------------------------------------------------------------------------------+ 
     |             Instance             |     Arc     |   Cell    | Delay | Arrival | Required | 
     |                                  |             |           |       |  Time   |   Time   | 
     |----------------------------------+-------------+-----------+-------+---------+----------| 
     | u_reset_sync/stage3_n_reg        | CK ^        |           |       |   2.198 |    3.676 | 
     | u_reset_sync/stage3_n_reg        | CK ^ -> Q v | DFFS_X1   | 0.086 |   2.284 |    3.762 | 
     | datapath/g26966                  | A v -> ZN ^ | INV_X1    | 0.011 |   2.295 |    3.773 | 
     | datapath/FE_OFC0_n_0             | A ^ -> Z ^  | CLKBUF_X3 | 0.069 |   2.364 |    3.841 | 
     | datapath/FE_OFC25_n_0            | A ^ -> Z ^  | CLKBUF_X3 | 0.090 |   2.454 |    3.931 | 
     | datapath/FE_OFC17_n_0            | A ^ -> Z ^  | CLKBUF_X2 | 0.105 |   2.559 |    4.036 | 
     | datapath/FE_OFC538_n_0           | A ^ -> Z ^  | CLKBUF_X3 | 0.111 |   2.669 |    4.147 | 
     | datapath/EXMEM_aluResult_reg[18] | RN ^        | DFFR_X1   | 0.006 |   2.675 |    4.153 | 
     +-----------------------------------------------------------------------------------------+ 
Path 15: MET Recovery Check with Pin datapath/EXMEM_aluResult_reg[13]/CK 
Endpoint:   datapath/EXMEM_aluResult_reg[13]/RN (^) checked with  leading edge 
of 'clk'
Beginpoint: u_reset_sync/stage3_n_reg/Q         (v) triggered by trailing edge 
of 'clk'
Path Groups: {reg2reg}
Analysis View: RPT_TYP
Other End Arrival Time          0.202
- Recovery                     -0.051
+ Phase Shift                   4.000
+ CPPR Adjustment               0.000
- Uncertainty                   0.100
= Required Time                 4.153
- Arrival Time                  2.675
= Slack Time                    1.478
     Clock Fall Edge                 2.000
     + Clock Network Latency (Prop)  0.198
     = Beginpoint Arrival Time       2.198
     +-----------------------------------------------------------------------------------------+ 
     |             Instance             |     Arc     |   Cell    | Delay | Arrival | Required | 
     |                                  |             |           |       |  Time   |   Time   | 
     |----------------------------------+-------------+-----------+-------+---------+----------| 
     | u_reset_sync/stage3_n_reg        | CK ^        |           |       |   2.198 |    3.676 | 
     | u_reset_sync/stage3_n_reg        | CK ^ -> Q v | DFFS_X1   | 0.086 |   2.284 |    3.762 | 
     | datapath/g26966                  | A v -> ZN ^ | INV_X1    | 0.011 |   2.295 |    3.773 | 
     | datapath/FE_OFC0_n_0             | A ^ -> Z ^  | CLKBUF_X3 | 0.069 |   2.364 |    3.841 | 
     | datapath/FE_OFC25_n_0            | A ^ -> Z ^  | CLKBUF_X3 | 0.090 |   2.454 |    3.931 | 
     | datapath/FE_OFC17_n_0            | A ^ -> Z ^  | CLKBUF_X2 | 0.105 |   2.559 |    4.036 | 
     | datapath/FE_OFC538_n_0           | A ^ -> Z ^  | CLKBUF_X3 | 0.111 |   2.669 |    4.147 | 
     | datapath/EXMEM_aluResult_reg[13] | RN ^        | DFFR_X1   | 0.006 |   2.675 |    4.153 | 
     +-----------------------------------------------------------------------------------------+ 
Path 16: MET Recovery Check with Pin datapath/MEMWB_aluResult_reg[18]/CK 
Endpoint:   datapath/MEMWB_aluResult_reg[18]/RN (^) checked with  leading edge 
of 'clk'
Beginpoint: u_reset_sync/stage3_n_reg/Q         (v) triggered by trailing edge 
of 'clk'
Path Groups: {reg2reg}
Analysis View: RPT_TYP
Other End Arrival Time          0.202
- Recovery                     -0.051
+ Phase Shift                   4.000
+ CPPR Adjustment               0.000
- Uncertainty                   0.100
= Required Time                 4.153
- Arrival Time                  2.675
= Slack Time                    1.478
     Clock Fall Edge                 2.000
     + Clock Network Latency (Prop)  0.198
     = Beginpoint Arrival Time       2.198
     +-----------------------------------------------------------------------------------------+ 
     |             Instance             |     Arc     |   Cell    | Delay | Arrival | Required | 
     |                                  |             |           |       |  Time   |   Time   | 
     |----------------------------------+-------------+-----------+-------+---------+----------| 
     | u_reset_sync/stage3_n_reg        | CK ^        |           |       |   2.198 |    3.676 | 
     | u_reset_sync/stage3_n_reg        | CK ^ -> Q v | DFFS_X1   | 0.086 |   2.284 |    3.762 | 
     | datapath/g26966                  | A v -> ZN ^ | INV_X1    | 0.011 |   2.295 |    3.773 | 
     | datapath/FE_OFC0_n_0             | A ^ -> Z ^  | CLKBUF_X3 | 0.069 |   2.364 |    3.841 | 
     | datapath/FE_OFC25_n_0            | A ^ -> Z ^  | CLKBUF_X3 | 0.090 |   2.454 |    3.931 | 
     | datapath/FE_OFC17_n_0            | A ^ -> Z ^  | CLKBUF_X2 | 0.105 |   2.559 |    4.036 | 
     | datapath/FE_OFC538_n_0           | A ^ -> Z ^  | CLKBUF_X3 | 0.111 |   2.669 |    4.147 | 
     | datapath/MEMWB_aluResult_reg[18] | RN ^        | DFFR_X1   | 0.006 |   2.675 |    4.153 | 
     +-----------------------------------------------------------------------------------------+ 
Path 17: MET Recovery Check with Pin datapath/IDEX_readData2_reg[13]/CK 
Endpoint:   datapath/IDEX_readData2_reg[13]/RN (^) checked with  leading edge 
of 'clk'
Beginpoint: u_reset_sync/stage3_n_reg/Q        (v) triggered by trailing edge 
of 'clk'
Path Groups: {reg2reg}
Analysis View: RPT_TYP
Other End Arrival Time          0.202
- Recovery                     -0.051
+ Phase Shift                   4.000
+ CPPR Adjustment               0.000
- Uncertainty                   0.100
= Required Time                 4.153
- Arrival Time                  2.675
= Slack Time                    1.478
     Clock Fall Edge                 2.000
     + Clock Network Latency (Prop)  0.198
     = Beginpoint Arrival Time       2.198
     +----------------------------------------------------------------------------------------+ 
     |            Instance             |     Arc     |   Cell    | Delay | Arrival | Required | 
     |                                 |             |           |       |  Time   |   Time   | 
     |---------------------------------+-------------+-----------+-------+---------+----------| 
     | u_reset_sync/stage3_n_reg       | CK ^        |           |       |   2.198 |    3.676 | 
     | u_reset_sync/stage3_n_reg       | CK ^ -> Q v | DFFS_X1   | 0.086 |   2.284 |    3.762 | 
     | datapath/g26966                 | A v -> ZN ^ | INV_X1    | 0.011 |   2.295 |    3.773 | 
     | datapath/FE_OFC0_n_0            | A ^ -> Z ^  | CLKBUF_X3 | 0.069 |   2.364 |    3.841 | 
     | datapath/FE_OFC25_n_0           | A ^ -> Z ^  | CLKBUF_X3 | 0.090 |   2.454 |    3.931 | 
     | datapath/FE_OFC17_n_0           | A ^ -> Z ^  | CLKBUF_X2 | 0.105 |   2.559 |    4.036 | 
     | datapath/FE_OFC538_n_0          | A ^ -> Z ^  | CLKBUF_X3 | 0.111 |   2.669 |    4.147 | 
     | datapath/IDEX_readData2_reg[13] | RN ^        | DFFR_X1   | 0.006 |   2.675 |    4.153 | 
     +----------------------------------------------------------------------------------------+ 
Path 18: MET Recovery Check with Pin datapath/EXMEM_aluResult_reg[12]/CK 
Endpoint:   datapath/EXMEM_aluResult_reg[12]/RN (^) checked with  leading edge 
of 'clk'
Beginpoint: u_reset_sync/stage3_n_reg/Q         (v) triggered by trailing edge 
of 'clk'
Path Groups: {reg2reg}
Analysis View: RPT_TYP
Other End Arrival Time          0.202
- Recovery                     -0.051
+ Phase Shift                   4.000
+ CPPR Adjustment               0.000
- Uncertainty                   0.100
= Required Time                 4.153
- Arrival Time                  2.675
= Slack Time                    1.478
     Clock Fall Edge                 2.000
     + Clock Network Latency (Prop)  0.198
     = Beginpoint Arrival Time       2.198
     +-----------------------------------------------------------------------------------------+ 
     |             Instance             |     Arc     |   Cell    | Delay | Arrival | Required | 
     |                                  |             |           |       |  Time   |   Time   | 
     |----------------------------------+-------------+-----------+-------+---------+----------| 
     | u_reset_sync/stage3_n_reg        | CK ^        |           |       |   2.198 |    3.676 | 
     | u_reset_sync/stage3_n_reg        | CK ^ -> Q v | DFFS_X1   | 0.086 |   2.284 |    3.762 | 
     | datapath/g26966                  | A v -> ZN ^ | INV_X1    | 0.011 |   2.295 |    3.773 | 
     | datapath/FE_OFC0_n_0             | A ^ -> Z ^  | CLKBUF_X3 | 0.069 |   2.363 |    3.842 | 
     | datapath/FE_OFC25_n_0            | A ^ -> Z ^  | CLKBUF_X3 | 0.090 |   2.454 |    3.932 | 
     | datapath/FE_OFC17_n_0            | A ^ -> Z ^  | CLKBUF_X2 | 0.105 |   2.558 |    4.037 | 
     | datapath/FE_OFC538_n_0           | A ^ -> Z ^  | CLKBUF_X3 | 0.111 |   2.669 |    4.148 | 
     | datapath/EXMEM_aluResult_reg[12] | RN ^        | DFFR_X1   | 0.006 |   2.675 |    4.153 | 
     +-----------------------------------------------------------------------------------------+ 
Path 19: MET Recovery Check with Pin datapath/EXMEM_aluResult_reg[4]/CK 
Endpoint:   datapath/EXMEM_aluResult_reg[4]/RN (^) checked with  leading edge 
of 'clk'
Beginpoint: u_reset_sync/stage3_n_reg/Q        (v) triggered by trailing edge 
of 'clk'
Path Groups: {reg2reg}
Analysis View: RPT_TYP
Other End Arrival Time          0.202
- Recovery                     -0.051
+ Phase Shift                   4.000
+ CPPR Adjustment               0.000
- Uncertainty                   0.100
= Required Time                 4.153
- Arrival Time                  2.675
= Slack Time                    1.478
     Clock Fall Edge                 2.000
     + Clock Network Latency (Prop)  0.198
     = Beginpoint Arrival Time       2.198
     +----------------------------------------------------------------------------------------+ 
     |            Instance             |     Arc     |   Cell    | Delay | Arrival | Required | 
     |                                 |             |           |       |  Time   |   Time   | 
     |---------------------------------+-------------+-----------+-------+---------+----------| 
     | u_reset_sync/stage3_n_reg       | CK ^        |           |       |   2.198 |    3.676 | 
     | u_reset_sync/stage3_n_reg       | CK ^ -> Q v | DFFS_X1   | 0.086 |   2.284 |    3.762 | 
     | datapath/g26966                 | A v -> ZN ^ | INV_X1    | 0.011 |   2.295 |    3.773 | 
     | datapath/FE_OFC0_n_0            | A ^ -> Z ^  | CLKBUF_X3 | 0.069 |   2.363 |    3.842 | 
     | datapath/FE_OFC25_n_0           | A ^ -> Z ^  | CLKBUF_X3 | 0.090 |   2.454 |    3.932 | 
     | datapath/FE_OFC17_n_0           | A ^ -> Z ^  | CLKBUF_X2 | 0.105 |   2.558 |    4.037 | 
     | datapath/FE_OFC538_n_0          | A ^ -> Z ^  | CLKBUF_X3 | 0.111 |   2.669 |    4.148 | 
     | datapath/EXMEM_aluResult_reg[4] | RN ^        | DFFR_X1   | 0.006 |   2.675 |    4.153 | 
     +----------------------------------------------------------------------------------------+ 
Path 20: MET Recovery Check with Pin datapath/MEMWB_aluResult_reg[19]/CK 
Endpoint:   datapath/MEMWB_aluResult_reg[19]/RN (^) checked with  leading edge 
of 'clk'
Beginpoint: u_reset_sync/stage3_n_reg/Q         (v) triggered by trailing edge 
of 'clk'
Path Groups: {reg2reg}
Analysis View: RPT_TYP
Other End Arrival Time          0.202
- Recovery                     -0.051
+ Phase Shift                   4.000
+ CPPR Adjustment               0.000
- Uncertainty                   0.100
= Required Time                 4.153
- Arrival Time                  2.675
= Slack Time                    1.478
     Clock Fall Edge                 2.000
     + Clock Network Latency (Prop)  0.198
     = Beginpoint Arrival Time       2.198
     +-----------------------------------------------------------------------------------------+ 
     |             Instance             |     Arc     |   Cell    | Delay | Arrival | Required | 
     |                                  |             |           |       |  Time   |   Time   | 
     |----------------------------------+-------------+-----------+-------+---------+----------| 
     | u_reset_sync/stage3_n_reg        | CK ^        |           |       |   2.198 |    3.677 | 
     | u_reset_sync/stage3_n_reg        | CK ^ -> Q v | DFFS_X1   | 0.086 |   2.284 |    3.762 | 
     | datapath/g26966                  | A v -> ZN ^ | INV_X1    | 0.011 |   2.295 |    3.773 | 
     | datapath/FE_OFC0_n_0             | A ^ -> Z ^  | CLKBUF_X3 | 0.069 |   2.364 |    3.842 | 
     | datapath/FE_OFC25_n_0            | A ^ -> Z ^  | CLKBUF_X3 | 0.090 |   2.454 |    3.932 | 
     | datapath/FE_OFC17_n_0            | A ^ -> Z ^  | CLKBUF_X2 | 0.105 |   2.559 |    4.037 | 
     | datapath/FE_OFC538_n_0           | A ^ -> Z ^  | CLKBUF_X3 | 0.111 |   2.670 |    4.148 | 
     | datapath/MEMWB_aluResult_reg[19] | RN ^        | DFFR_X1   | 0.005 |   2.675 |    4.153 | 
     +-----------------------------------------------------------------------------------------+ 
Path 21: MET Recovery Check with Pin datapath/MEMWB_memData_reg[6]/CK 
Endpoint:   datapath/MEMWB_memData_reg[6]/RN (^) checked with  leading edge of 
'clk'
Beginpoint: u_reset_sync/stage3_n_reg/Q      (v) triggered by trailing edge of 
'clk'
Path Groups: {reg2reg}
Analysis View: RPT_TYP
Other End Arrival Time          0.208
- Recovery                     -0.050
+ Phase Shift                   4.000
+ CPPR Adjustment               0.000
- Uncertainty                   0.100
= Required Time                 4.158
- Arrival Time                  2.676
= Slack Time                    1.482
     Clock Fall Edge                 2.000
     + Clock Network Latency (Prop)  0.198
     = Beginpoint Arrival Time       2.198
     +--------------------------------------------------------------------------------------+ 
     |           Instance            |     Arc     |   Cell    | Delay | Arrival | Required | 
     |                               |             |           |       |  Time   |   Time   | 
     |-------------------------------+-------------+-----------+-------+---------+----------| 
     | u_reset_sync/stage3_n_reg     | CK ^        |           |       |   2.198 |    3.680 | 
     | u_reset_sync/stage3_n_reg     | CK ^ -> Q v | DFFS_X1   | 0.086 |   2.284 |    3.766 | 
     | datapath/g26966               | A v -> ZN ^ | INV_X1    | 0.011 |   2.295 |    3.777 | 
     | datapath/FE_OFC0_n_0          | A ^ -> Z ^  | CLKBUF_X3 | 0.069 |   2.363 |    3.846 | 
     | datapath/FE_OFC25_n_0         | A ^ -> Z ^  | CLKBUF_X3 | 0.090 |   2.454 |    3.936 | 
     | datapath/FE_OFC17_n_0         | A ^ -> Z ^  | CLKBUF_X2 | 0.105 |   2.558 |    4.041 | 
     | datapath/FE_OFC538_n_0        | A ^ -> Z ^  | CLKBUF_X3 | 0.111 |   2.669 |    4.152 | 
     | datapath/MEMWB_memData_reg[6] | RN ^        | DFFR_X1   | 0.006 |   2.676 |    4.158 | 
     +--------------------------------------------------------------------------------------+ 
Path 22: MET Recovery Check with Pin datapath/MEMWB_aluResult_reg[5]/CK 
Endpoint:   datapath/MEMWB_aluResult_reg[5]/RN (^) checked with  leading edge 
of 'clk'
Beginpoint: u_reset_sync/stage3_n_reg/Q        (v) triggered by trailing edge 
of 'clk'
Path Groups: {reg2reg}
Analysis View: RPT_TYP
Other End Arrival Time          0.208
- Recovery                     -0.050
+ Phase Shift                   4.000
+ CPPR Adjustment               0.000
- Uncertainty                   0.100
= Required Time                 4.158
- Arrival Time                  2.676
= Slack Time                    1.482
     Clock Fall Edge                 2.000
     + Clock Network Latency (Prop)  0.198
     = Beginpoint Arrival Time       2.198
     +----------------------------------------------------------------------------------------+ 
     |            Instance             |     Arc     |   Cell    | Delay | Arrival | Required | 
     |                                 |             |           |       |  Time   |   Time   | 
     |---------------------------------+-------------+-----------+-------+---------+----------| 
     | u_reset_sync/stage3_n_reg       | CK ^        |           |       |   2.198 |    3.680 | 
     | u_reset_sync/stage3_n_reg       | CK ^ -> Q v | DFFS_X1   | 0.086 |   2.284 |    3.766 | 
     | datapath/g26966                 | A v -> ZN ^ | INV_X1    | 0.011 |   2.295 |    3.777 | 
     | datapath/FE_OFC0_n_0            | A ^ -> Z ^  | CLKBUF_X3 | 0.069 |   2.363 |    3.846 | 
     | datapath/FE_OFC25_n_0           | A ^ -> Z ^  | CLKBUF_X3 | 0.090 |   2.454 |    3.936 | 
     | datapath/FE_OFC17_n_0           | A ^ -> Z ^  | CLKBUF_X2 | 0.105 |   2.558 |    4.041 | 
     | datapath/FE_OFC538_n_0          | A ^ -> Z ^  | CLKBUF_X3 | 0.111 |   2.669 |    4.152 | 
     | datapath/MEMWB_aluResult_reg[5] | RN ^        | DFFR_X1   | 0.006 |   2.676 |    4.158 | 
     +----------------------------------------------------------------------------------------+ 
Path 23: MET Recovery Check with Pin datapath/EXMEM_aluResult_reg[6]/CK 
Endpoint:   datapath/EXMEM_aluResult_reg[6]/RN (^) checked with  leading edge 
of 'clk'
Beginpoint: u_reset_sync/stage3_n_reg/Q        (v) triggered by trailing edge 
of 'clk'
Path Groups: {reg2reg}
Analysis View: RPT_TYP
Other End Arrival Time          0.208
- Recovery                     -0.050
+ Phase Shift                   4.000
+ CPPR Adjustment               0.000
- Uncertainty                   0.100
= Required Time                 4.158
- Arrival Time                  2.676
= Slack Time                    1.482
     Clock Fall Edge                 2.000
     + Clock Network Latency (Prop)  0.198
     = Beginpoint Arrival Time       2.198
     +----------------------------------------------------------------------------------------+ 
     |            Instance             |     Arc     |   Cell    | Delay | Arrival | Required | 
     |                                 |             |           |       |  Time   |   Time   | 
     |---------------------------------+-------------+-----------+-------+---------+----------| 
     | u_reset_sync/stage3_n_reg       | CK ^        |           |       |   2.198 |    3.680 | 
     | u_reset_sync/stage3_n_reg       | CK ^ -> Q v | DFFS_X1   | 0.086 |   2.284 |    3.766 | 
     | datapath/g26966                 | A v -> ZN ^ | INV_X1    | 0.011 |   2.295 |    3.777 | 
     | datapath/FE_OFC0_n_0            | A ^ -> Z ^  | CLKBUF_X3 | 0.069 |   2.363 |    3.846 | 
     | datapath/FE_OFC25_n_0           | A ^ -> Z ^  | CLKBUF_X3 | 0.090 |   2.454 |    3.936 | 
     | datapath/FE_OFC17_n_0           | A ^ -> Z ^  | CLKBUF_X2 | 0.105 |   2.558 |    4.041 | 
     | datapath/FE_OFC538_n_0          | A ^ -> Z ^  | CLKBUF_X3 | 0.111 |   2.669 |    4.152 | 
     | datapath/EXMEM_aluResult_reg[6] | RN ^        | DFFR_X1   | 0.006 |   2.676 |    4.158 | 
     +----------------------------------------------------------------------------------------+ 
Path 24: MET Recovery Check with Pin datapath/MEMWB_aluResult_reg[6]/CK 
Endpoint:   datapath/MEMWB_aluResult_reg[6]/RN (^) checked with  leading edge 
of 'clk'
Beginpoint: u_reset_sync/stage3_n_reg/Q        (v) triggered by trailing edge 
of 'clk'
Path Groups: {reg2reg}
Analysis View: RPT_TYP
Other End Arrival Time          0.208
- Recovery                     -0.050
+ Phase Shift                   4.000
+ CPPR Adjustment               0.000
- Uncertainty                   0.100
= Required Time                 4.158
- Arrival Time                  2.676
= Slack Time                    1.482
     Clock Fall Edge                 2.000
     + Clock Network Latency (Prop)  0.198
     = Beginpoint Arrival Time       2.198
     +----------------------------------------------------------------------------------------+ 
     |            Instance             |     Arc     |   Cell    | Delay | Arrival | Required | 
     |                                 |             |           |       |  Time   |   Time   | 
     |---------------------------------+-------------+-----------+-------+---------+----------| 
     | u_reset_sync/stage3_n_reg       | CK ^        |           |       |   2.198 |    3.680 | 
     | u_reset_sync/stage3_n_reg       | CK ^ -> Q v | DFFS_X1   | 0.086 |   2.284 |    3.766 | 
     | datapath/g26966                 | A v -> ZN ^ | INV_X1    | 0.011 |   2.295 |    3.777 | 
     | datapath/FE_OFC0_n_0            | A ^ -> Z ^  | CLKBUF_X3 | 0.069 |   2.363 |    3.846 | 
     | datapath/FE_OFC25_n_0           | A ^ -> Z ^  | CLKBUF_X3 | 0.090 |   2.454 |    3.936 | 
     | datapath/FE_OFC17_n_0           | A ^ -> Z ^  | CLKBUF_X2 | 0.105 |   2.558 |    4.041 | 
     | datapath/FE_OFC538_n_0          | A ^ -> Z ^  | CLKBUF_X3 | 0.111 |   2.669 |    4.152 | 
     | datapath/MEMWB_aluResult_reg[6] | RN ^        | DFFR_X1   | 0.006 |   2.676 |    4.158 | 
     +----------------------------------------------------------------------------------------+ 
Path 25: MET Recovery Check with Pin datapath/EXMEM_aluResult_reg[19]/CK 
Endpoint:   datapath/EXMEM_aluResult_reg[19]/RN (^) checked with  leading edge 
of 'clk'
Beginpoint: u_reset_sync/stage3_n_reg/Q         (v) triggered by trailing edge 
of 'clk'
Path Groups: {reg2reg}
Analysis View: RPT_TYP
Other End Arrival Time          0.208
- Recovery                     -0.050
+ Phase Shift                   4.000
+ CPPR Adjustment               0.000
- Uncertainty                   0.100
= Required Time                 4.158
- Arrival Time                  2.676
= Slack Time                    1.482
     Clock Fall Edge                 2.000
     + Clock Network Latency (Prop)  0.198
     = Beginpoint Arrival Time       2.198
     +-----------------------------------------------------------------------------------------+ 
     |             Instance             |     Arc     |   Cell    | Delay | Arrival | Required | 
     |                                  |             |           |       |  Time   |   Time   | 
     |----------------------------------+-------------+-----------+-------+---------+----------| 
     | u_reset_sync/stage3_n_reg        | CK ^        |           |       |   2.198 |    3.681 | 
     | u_reset_sync/stage3_n_reg        | CK ^ -> Q v | DFFS_X1   | 0.086 |   2.284 |    3.766 | 
     | datapath/g26966                  | A v -> ZN ^ | INV_X1    | 0.011 |   2.295 |    3.777 | 
     | datapath/FE_OFC0_n_0             | A ^ -> Z ^  | CLKBUF_X3 | 0.069 |   2.364 |    3.846 | 
     | datapath/FE_OFC25_n_0            | A ^ -> Z ^  | CLKBUF_X3 | 0.090 |   2.454 |    3.936 | 
     | datapath/FE_OFC17_n_0            | A ^ -> Z ^  | CLKBUF_X2 | 0.105 |   2.559 |    4.041 | 
     | datapath/FE_OFC538_n_0           | A ^ -> Z ^  | CLKBUF_X3 | 0.111 |   2.670 |    4.152 | 
     | datapath/EXMEM_aluResult_reg[19] | RN ^        | DFFR_X1   | 0.006 |   2.676 |    4.158 | 
     +-----------------------------------------------------------------------------------------+ 
Path 26: MET Recovery Check with Pin datapath/MEMWB_memData_reg[19]/CK 
Endpoint:   datapath/MEMWB_memData_reg[19]/RN (^) checked with  leading edge of 
'clk'
Beginpoint: u_reset_sync/stage3_n_reg/Q       (v) triggered by trailing edge of 
'clk'
Path Groups: {reg2reg}
Analysis View: RPT_TYP
Other End Arrival Time          0.208
- Recovery                     -0.050
+ Phase Shift                   4.000
+ CPPR Adjustment               0.000
- Uncertainty                   0.100
= Required Time                 4.158
- Arrival Time                  2.676
= Slack Time                    1.482
     Clock Fall Edge                 2.000
     + Clock Network Latency (Prop)  0.198
     = Beginpoint Arrival Time       2.198
     +---------------------------------------------------------------------------------------+ 
     |            Instance            |     Arc     |   Cell    | Delay | Arrival | Required | 
     |                                |             |           |       |  Time   |   Time   | 
     |--------------------------------+-------------+-----------+-------+---------+----------| 
     | u_reset_sync/stage3_n_reg      | CK ^        |           |       |   2.198 |    3.681 | 
     | u_reset_sync/stage3_n_reg      | CK ^ -> Q v | DFFS_X1   | 0.086 |   2.284 |    3.766 | 
     | datapath/g26966                | A v -> ZN ^ | INV_X1    | 0.011 |   2.295 |    3.777 | 
     | datapath/FE_OFC0_n_0           | A ^ -> Z ^  | CLKBUF_X3 | 0.069 |   2.364 |    3.846 | 
     | datapath/FE_OFC25_n_0          | A ^ -> Z ^  | CLKBUF_X3 | 0.090 |   2.454 |    3.936 | 
     | datapath/FE_OFC17_n_0          | A ^ -> Z ^  | CLKBUF_X2 | 0.105 |   2.559 |    4.041 | 
     | datapath/FE_OFC538_n_0         | A ^ -> Z ^  | CLKBUF_X3 | 0.111 |   2.670 |    4.152 | 
     | datapath/MEMWB_memData_reg[19] | RN ^        | DFFR_X1   | 0.006 |   2.676 |    4.158 | 
     +---------------------------------------------------------------------------------------+ 
Path 27: MET Recovery Check with Pin datapath/MEMWB_memData_reg[4]/CK 
Endpoint:   datapath/MEMWB_memData_reg[4]/RN (^) checked with  leading edge of 
'clk'
Beginpoint: u_reset_sync/stage3_n_reg/Q      (v) triggered by trailing edge of 
'clk'
Path Groups: {reg2reg}
Analysis View: RPT_TYP
Other End Arrival Time          0.208
- Recovery                     -0.050
+ Phase Shift                   4.000
+ CPPR Adjustment               0.000
- Uncertainty                   0.100
= Required Time                 4.158
- Arrival Time                  2.676
= Slack Time                    1.482
     Clock Fall Edge                 2.000
     + Clock Network Latency (Prop)  0.198
     = Beginpoint Arrival Time       2.198
     +--------------------------------------------------------------------------------------+ 
     |           Instance            |     Arc     |   Cell    | Delay | Arrival | Required | 
     |                               |             |           |       |  Time   |   Time   | 
     |-------------------------------+-------------+-----------+-------+---------+----------| 
     | u_reset_sync/stage3_n_reg     | CK ^        |           |       |   2.198 |    3.681 | 
     | u_reset_sync/stage3_n_reg     | CK ^ -> Q v | DFFS_X1   | 0.086 |   2.284 |    3.766 | 
     | datapath/g26966               | A v -> ZN ^ | INV_X1    | 0.011 |   2.295 |    3.777 | 
     | datapath/FE_OFC0_n_0          | A ^ -> Z ^  | CLKBUF_X3 | 0.069 |   2.364 |    3.846 | 
     | datapath/FE_OFC25_n_0         | A ^ -> Z ^  | CLKBUF_X3 | 0.090 |   2.454 |    3.936 | 
     | datapath/FE_OFC17_n_0         | A ^ -> Z ^  | CLKBUF_X2 | 0.105 |   2.559 |    4.041 | 
     | datapath/FE_OFC538_n_0        | A ^ -> Z ^  | CLKBUF_X3 | 0.111 |   2.670 |    4.152 | 
     | datapath/MEMWB_memData_reg[4] | RN ^        | DFFR_X1   | 0.006 |   2.676 |    4.158 | 
     +--------------------------------------------------------------------------------------+ 
Path 28: MET Recovery Check with Pin datapath/MEMWB_aluResult_reg[4]/CK 
Endpoint:   datapath/MEMWB_aluResult_reg[4]/RN (^) checked with  leading edge 
of 'clk'
Beginpoint: u_reset_sync/stage3_n_reg/Q        (v) triggered by trailing edge 
of 'clk'
Path Groups: {reg2reg}
Analysis View: RPT_TYP
Other End Arrival Time          0.208
- Recovery                     -0.050
+ Phase Shift                   4.000
+ CPPR Adjustment               0.000
- Uncertainty                   0.100
= Required Time                 4.158
- Arrival Time                  2.675
= Slack Time                    1.483
     Clock Fall Edge                 2.000
     + Clock Network Latency (Prop)  0.198
     = Beginpoint Arrival Time       2.198
     +----------------------------------------------------------------------------------------+ 
     |            Instance             |     Arc     |   Cell    | Delay | Arrival | Required | 
     |                                 |             |           |       |  Time   |   Time   | 
     |---------------------------------+-------------+-----------+-------+---------+----------| 
     | u_reset_sync/stage3_n_reg       | CK ^        |           |       |   2.198 |    3.681 | 
     | u_reset_sync/stage3_n_reg       | CK ^ -> Q v | DFFS_X1   | 0.086 |   2.284 |    3.766 | 
     | datapath/g26966                 | A v -> ZN ^ | INV_X1    | 0.011 |   2.295 |    3.778 | 
     | datapath/FE_OFC0_n_0            | A ^ -> Z ^  | CLKBUF_X3 | 0.069 |   2.364 |    3.846 | 
     | datapath/FE_OFC25_n_0           | A ^ -> Z ^  | CLKBUF_X3 | 0.090 |   2.454 |    3.936 | 
     | datapath/FE_OFC17_n_0           | A ^ -> Z ^  | CLKBUF_X2 | 0.105 |   2.559 |    4.041 | 
     | datapath/FE_OFC538_n_0          | A ^ -> Z ^  | CLKBUF_X3 | 0.111 |   2.669 |    4.152 | 
     | datapath/MEMWB_aluResult_reg[4] | RN ^        | DFFR_X1   | 0.006 |   2.675 |    4.158 | 
     +----------------------------------------------------------------------------------------+ 
Path 29: MET Recovery Check with Pin datapath/IDEX_readData2_reg[12]/CK 
Endpoint:   datapath/IDEX_readData2_reg[12]/RN (^) checked with  leading edge 
of 'clk'
Beginpoint: u_reset_sync/stage3_n_reg/Q        (v) triggered by trailing edge 
of 'clk'
Path Groups: {reg2reg}
Analysis View: RPT_TYP
Other End Arrival Time          0.212
- Recovery                     -0.050
+ Phase Shift                   4.000
+ CPPR Adjustment               0.000
- Uncertainty                   0.100
= Required Time                 4.162
- Arrival Time                  2.676
= Slack Time                    1.486
     Clock Fall Edge                 2.000
     + Clock Network Latency (Prop)  0.198
     = Beginpoint Arrival Time       2.198
     +----------------------------------------------------------------------------------------+ 
     |            Instance             |     Arc     |   Cell    | Delay | Arrival | Required | 
     |                                 |             |           |       |  Time   |   Time   | 
     |---------------------------------+-------------+-----------+-------+---------+----------| 
     | u_reset_sync/stage3_n_reg       | CK ^        |           |       |   2.198 |    3.684 | 
     | u_reset_sync/stage3_n_reg       | CK ^ -> Q v | DFFS_X1   | 0.086 |   2.284 |    3.770 | 
     | datapath/g26966                 | A v -> ZN ^ | INV_X1    | 0.011 |   2.295 |    3.781 | 
     | datapath/FE_OFC0_n_0            | A ^ -> Z ^  | CLKBUF_X3 | 0.069 |   2.364 |    3.850 | 
     | datapath/FE_OFC25_n_0           | A ^ -> Z ^  | CLKBUF_X3 | 0.090 |   2.454 |    3.940 | 
     | datapath/FE_OFC17_n_0           | A ^ -> Z ^  | CLKBUF_X2 | 0.105 |   2.559 |    4.045 | 
     | datapath/FE_OFC538_n_0          | A ^ -> Z ^  | CLKBUF_X3 | 0.111 |   2.669 |    4.156 | 
     | datapath/IDEX_readData2_reg[12] | RN ^        | DFFR_X1   | 0.006 |   2.676 |    4.162 | 
     +----------------------------------------------------------------------------------------+ 
Path 30: MET Recovery Check with Pin datapath/IDEX_readData1_reg[19]/CK 
Endpoint:   datapath/IDEX_readData1_reg[19]/RN (^) checked with  leading edge 
of 'clk'
Beginpoint: u_reset_sync/stage3_n_reg/Q        (v) triggered by trailing edge 
of 'clk'
Path Groups: {reg2reg}
Analysis View: RPT_TYP
Other End Arrival Time          0.212
- Recovery                     -0.050
+ Phase Shift                   4.000
+ CPPR Adjustment               0.000
- Uncertainty                   0.100
= Required Time                 4.162
- Arrival Time                  2.676
= Slack Time                    1.486
     Clock Fall Edge                 2.000
     + Clock Network Latency (Prop)  0.198
     = Beginpoint Arrival Time       2.198
     +----------------------------------------------------------------------------------------+ 
     |            Instance             |     Arc     |   Cell    | Delay | Arrival | Required | 
     |                                 |             |           |       |  Time   |   Time   | 
     |---------------------------------+-------------+-----------+-------+---------+----------| 
     | u_reset_sync/stage3_n_reg       | CK ^        |           |       |   2.198 |    3.684 | 
     | u_reset_sync/stage3_n_reg       | CK ^ -> Q v | DFFS_X1   | 0.086 |   2.284 |    3.770 | 
     | datapath/g26966                 | A v -> ZN ^ | INV_X1    | 0.011 |   2.295 |    3.781 | 
     | datapath/FE_OFC0_n_0            | A ^ -> Z ^  | CLKBUF_X3 | 0.069 |   2.364 |    3.850 | 
     | datapath/FE_OFC25_n_0           | A ^ -> Z ^  | CLKBUF_X3 | 0.090 |   2.454 |    3.940 | 
     | datapath/FE_OFC17_n_0           | A ^ -> Z ^  | CLKBUF_X2 | 0.105 |   2.559 |    4.045 | 
     | datapath/FE_OFC538_n_0          | A ^ -> Z ^  | CLKBUF_X3 | 0.111 |   2.669 |    4.156 | 
     | datapath/IDEX_readData1_reg[19] | RN ^        | DFFR_X1   | 0.006 |   2.676 |    4.162 | 
     +----------------------------------------------------------------------------------------+ 
Path 31: MET Recovery Check with Pin datapath/IDEX_readData1_reg[6]/CK 
Endpoint:   datapath/IDEX_readData1_reg[6]/RN (^) checked with  leading edge of 
'clk'
Beginpoint: u_reset_sync/stage3_n_reg/Q       (v) triggered by trailing edge of 
'clk'
Path Groups: {reg2reg}
Analysis View: RPT_TYP
Other End Arrival Time          0.212
- Recovery                     -0.050
+ Phase Shift                   4.000
+ CPPR Adjustment               0.000
- Uncertainty                   0.100
= Required Time                 4.162
- Arrival Time                  2.676
= Slack Time                    1.486
     Clock Fall Edge                 2.000
     + Clock Network Latency (Prop)  0.198
     = Beginpoint Arrival Time       2.198
     +---------------------------------------------------------------------------------------+ 
     |            Instance            |     Arc     |   Cell    | Delay | Arrival | Required | 
     |                                |             |           |       |  Time   |   Time   | 
     |--------------------------------+-------------+-----------+-------+---------+----------| 
     | u_reset_sync/stage3_n_reg      | CK ^        |           |       |   2.198 |    3.684 | 
     | u_reset_sync/stage3_n_reg      | CK ^ -> Q v | DFFS_X1   | 0.086 |   2.284 |    3.770 | 
     | datapath/g26966                | A v -> ZN ^ | INV_X1    | 0.011 |   2.295 |    3.781 | 
     | datapath/FE_OFC0_n_0           | A ^ -> Z ^  | CLKBUF_X3 | 0.069 |   2.364 |    3.850 | 
     | datapath/FE_OFC25_n_0          | A ^ -> Z ^  | CLKBUF_X3 | 0.090 |   2.454 |    3.940 | 
     | datapath/FE_OFC17_n_0          | A ^ -> Z ^  | CLKBUF_X2 | 0.105 |   2.559 |    4.045 | 
     | datapath/FE_OFC538_n_0         | A ^ -> Z ^  | CLKBUF_X3 | 0.111 |   2.669 |    4.156 | 
     | datapath/IDEX_readData1_reg[6] | RN ^        | DFFR_X1   | 0.006 |   2.676 |    4.162 | 
     +---------------------------------------------------------------------------------------+ 
Path 32: MET Recovery Check with Pin datapath/EXMEM_aluResult_reg[7]/CK 
Endpoint:   datapath/EXMEM_aluResult_reg[7]/RN (^) checked with  leading edge 
of 'clk'
Beginpoint: u_reset_sync/stage3_n_reg/Q        (v) triggered by trailing edge 
of 'clk'
Path Groups: {reg2reg}
Analysis View: RPT_TYP
Other End Arrival Time          0.216
- Recovery                     -0.049
+ Phase Shift                   4.000
+ CPPR Adjustment               0.000
- Uncertainty                   0.100
= Required Time                 4.166
- Arrival Time                  2.677
= Slack Time                    1.489
     Clock Fall Edge                 2.000
     + Clock Network Latency (Prop)  0.198
     = Beginpoint Arrival Time       2.198
     +----------------------------------------------------------------------------------------+ 
     |            Instance             |     Arc     |   Cell    | Delay | Arrival | Required | 
     |                                 |             |           |       |  Time   |   Time   | 
     |---------------------------------+-------------+-----------+-------+---------+----------| 
     | u_reset_sync/stage3_n_reg       | CK ^        |           |       |   2.198 |    3.687 | 
     | u_reset_sync/stage3_n_reg       | CK ^ -> Q v | DFFS_X1   | 0.086 |   2.284 |    3.773 | 
     | datapath/g26966                 | A v -> ZN ^ | INV_X1    | 0.011 |   2.295 |    3.784 | 
     | datapath/FE_OFC0_n_0            | A ^ -> Z ^  | CLKBUF_X3 | 0.069 |   2.364 |    3.853 | 
     | datapath/FE_OFC25_n_0           | A ^ -> Z ^  | CLKBUF_X3 | 0.090 |   2.454 |    3.943 | 
     | datapath/FE_OFC17_n_0           | A ^ -> Z ^  | CLKBUF_X2 | 0.105 |   2.559 |    4.048 | 
     | datapath/FE_OFC538_n_0          | A ^ -> Z ^  | CLKBUF_X3 | 0.111 |   2.669 |    4.159 | 
     | datapath/EXMEM_aluResult_reg[7] | RN ^        | DFFR_X1   | 0.007 |   2.677 |    4.166 | 
     +----------------------------------------------------------------------------------------+ 
Path 33: MET Recovery Check with Pin datapath/MEMWB_aluResult_reg[7]/CK 
Endpoint:   datapath/MEMWB_aluResult_reg[7]/RN (^) checked with  leading edge 
of 'clk'
Beginpoint: u_reset_sync/stage3_n_reg/Q        (v) triggered by trailing edge 
of 'clk'
Path Groups: {reg2reg}
Analysis View: RPT_TYP
Other End Arrival Time          0.216
- Recovery                     -0.049
+ Phase Shift                   4.000
+ CPPR Adjustment               0.000
- Uncertainty                   0.100
= Required Time                 4.166
- Arrival Time                  2.677
= Slack Time                    1.489
     Clock Fall Edge                 2.000
     + Clock Network Latency (Prop)  0.198
     = Beginpoint Arrival Time       2.198
     +----------------------------------------------------------------------------------------+ 
     |            Instance             |     Arc     |   Cell    | Delay | Arrival | Required | 
     |                                 |             |           |       |  Time   |   Time   | 
     |---------------------------------+-------------+-----------+-------+---------+----------| 
     | u_reset_sync/stage3_n_reg       | CK ^        |           |       |   2.198 |    3.687 | 
     | u_reset_sync/stage3_n_reg       | CK ^ -> Q v | DFFS_X1   | 0.086 |   2.284 |    3.773 | 
     | datapath/g26966                 | A v -> ZN ^ | INV_X1    | 0.011 |   2.295 |    3.784 | 
     | datapath/FE_OFC0_n_0            | A ^ -> Z ^  | CLKBUF_X3 | 0.069 |   2.364 |    3.853 | 
     | datapath/FE_OFC25_n_0           | A ^ -> Z ^  | CLKBUF_X3 | 0.090 |   2.454 |    3.943 | 
     | datapath/FE_OFC17_n_0           | A ^ -> Z ^  | CLKBUF_X2 | 0.105 |   2.559 |    4.048 | 
     | datapath/FE_OFC538_n_0          | A ^ -> Z ^  | CLKBUF_X3 | 0.111 |   2.669 |    4.159 | 
     | datapath/MEMWB_aluResult_reg[7] | RN ^        | DFFR_X1   | 0.007 |   2.677 |    4.166 | 
     +----------------------------------------------------------------------------------------+ 
Path 34: MET Recovery Check with Pin datapath/MEMWB_memData_reg[7]/CK 
Endpoint:   datapath/MEMWB_memData_reg[7]/RN (^) checked with  leading edge of 
'clk'
Beginpoint: u_reset_sync/stage3_n_reg/Q      (v) triggered by trailing edge of 
'clk'
Path Groups: {reg2reg}
Analysis View: RPT_TYP
Other End Arrival Time          0.217
- Recovery                     -0.049
+ Phase Shift                   4.000
+ CPPR Adjustment               0.000
- Uncertainty                   0.100
= Required Time                 4.166
- Arrival Time                  2.677
= Slack Time                    1.489
     Clock Fall Edge                 2.000
     + Clock Network Latency (Prop)  0.198
     = Beginpoint Arrival Time       2.198
     +--------------------------------------------------------------------------------------+ 
     |           Instance            |     Arc     |   Cell    | Delay | Arrival | Required | 
     |                               |             |           |       |  Time   |   Time   | 
     |-------------------------------+-------------+-----------+-------+---------+----------| 
     | u_reset_sync/stage3_n_reg     | CK ^        |           |       |   2.198 |    3.687 | 
     | u_reset_sync/stage3_n_reg     | CK ^ -> Q v | DFFS_X1   | 0.086 |   2.284 |    3.773 | 
     | datapath/g26966               | A v -> ZN ^ | INV_X1    | 0.011 |   2.295 |    3.784 | 
     | datapath/FE_OFC0_n_0          | A ^ -> Z ^  | CLKBUF_X3 | 0.069 |   2.364 |    3.853 | 
     | datapath/FE_OFC25_n_0         | A ^ -> Z ^  | CLKBUF_X3 | 0.090 |   2.454 |    3.943 | 
     | datapath/FE_OFC17_n_0         | A ^ -> Z ^  | CLKBUF_X2 | 0.105 |   2.559 |    4.048 | 
     | datapath/FE_OFC538_n_0        | A ^ -> Z ^  | CLKBUF_X3 | 0.111 |   2.669 |    4.159 | 
     | datapath/MEMWB_memData_reg[7] | RN ^        | DFFR_X1   | 0.007 |   2.677 |    4.166 | 
     +--------------------------------------------------------------------------------------+ 
Path 35: MET Recovery Check with Pin datapath/MEMWB_aluResult_reg[3]/CK 
Endpoint:   datapath/MEMWB_aluResult_reg[3]/RN (^) checked with  leading edge 
of 'clk'
Beginpoint: u_reset_sync/stage3_n_reg/Q        (v) triggered by trailing edge 
of 'clk'
Path Groups: {reg2reg}
Analysis View: RPT_TYP
Other End Arrival Time          0.216
- Recovery                     -0.049
+ Phase Shift                   4.000
+ CPPR Adjustment               0.000
- Uncertainty                   0.100
= Required Time                 4.166
- Arrival Time                  2.677
= Slack Time                    1.489
     Clock Fall Edge                 2.000
     + Clock Network Latency (Prop)  0.198
     = Beginpoint Arrival Time       2.198
     +----------------------------------------------------------------------------------------+ 
     |            Instance             |     Arc     |   Cell    | Delay | Arrival | Required | 
     |                                 |             |           |       |  Time   |   Time   | 
     |---------------------------------+-------------+-----------+-------+---------+----------| 
     | u_reset_sync/stage3_n_reg       | CK ^        |           |       |   2.198 |    3.687 | 
     | u_reset_sync/stage3_n_reg       | CK ^ -> Q v | DFFS_X1   | 0.086 |   2.284 |    3.773 | 
     | datapath/g26966                 | A v -> ZN ^ | INV_X1    | 0.011 |   2.295 |    3.784 | 
     | datapath/FE_OFC0_n_0            | A ^ -> Z ^  | CLKBUF_X3 | 0.069 |   2.364 |    3.853 | 
     | datapath/FE_OFC25_n_0           | A ^ -> Z ^  | CLKBUF_X3 | 0.090 |   2.454 |    3.943 | 
     | datapath/FE_OFC17_n_0           | A ^ -> Z ^  | CLKBUF_X2 | 0.105 |   2.559 |    4.048 | 
     | datapath/FE_OFC538_n_0          | A ^ -> Z ^  | CLKBUF_X3 | 0.111 |   2.669 |    4.159 | 
     | datapath/MEMWB_aluResult_reg[3] | RN ^        | DFFR_X1   | 0.007 |   2.677 |    4.166 | 
     +----------------------------------------------------------------------------------------+ 
Path 36: MET Recovery Check with Pin datapath/EXMEM_storeData_reg[19]/CK 
Endpoint:   datapath/EXMEM_storeData_reg[19]/RN (^) checked with  leading edge 
of 'clk'
Beginpoint: u_reset_sync/stage3_n_reg/Q         (v) triggered by trailing edge 
of 'clk'
Path Groups: {reg2reg}
Analysis View: RPT_TYP
Other End Arrival Time          0.210
- Recovery                     -0.051
+ Phase Shift                   4.000
+ CPPR Adjustment               0.000
- Uncertainty                   0.100
= Required Time                 4.161
- Arrival Time                  2.671
= Slack Time                    1.490
     Clock Fall Edge                 2.000
     + Clock Network Latency (Prop)  0.198
     = Beginpoint Arrival Time       2.198
     +-----------------------------------------------------------------------------------------+ 
     |             Instance             |     Arc     |   Cell    | Delay | Arrival | Required | 
     |                                  |             |           |       |  Time   |   Time   | 
     |----------------------------------+-------------+-----------+-------+---------+----------| 
     | u_reset_sync/stage3_n_reg        | CK ^        |           |       |   2.198 |    3.688 | 
     | u_reset_sync/stage3_n_reg        | CK ^ -> Q v | DFFS_X1   | 0.086 |   2.284 |    3.774 | 
     | datapath/g26966                  | A v -> ZN ^ | INV_X1    | 0.011 |   2.295 |    3.785 | 
     | datapath/FE_OFC0_n_0             | A ^ -> Z ^  | CLKBUF_X3 | 0.069 |   2.364 |    3.854 | 
     | datapath/FE_OFC25_n_0            | A ^ -> Z ^  | CLKBUF_X3 | 0.090 |   2.454 |    3.944 | 
     | datapath/FE_OFC17_n_0            | A ^ -> Z ^  | CLKBUF_X2 | 0.105 |   2.559 |    4.049 | 
     | datapath/FE_OFC538_n_0           | A ^ -> Z ^  | CLKBUF_X3 | 0.111 |   2.670 |    4.160 | 
     | datapath/EXMEM_storeData_reg[19] | RN ^        | DFFR_X1   | 0.001 |   2.671 |    4.161 | 
     +-----------------------------------------------------------------------------------------+ 
Path 37: MET Recovery Check with Pin datapath/EXMEM_storeData_reg[12]/CK 
Endpoint:   datapath/EXMEM_storeData_reg[12]/RN (^) checked with  leading edge 
of 'clk'
Beginpoint: u_reset_sync/stage3_n_reg/Q         (v) triggered by trailing edge 
of 'clk'
Path Groups: {reg2reg}
Analysis View: RPT_TYP
Other End Arrival Time          0.210
- Recovery                     -0.051
+ Phase Shift                   4.000
+ CPPR Adjustment               0.000
- Uncertainty                   0.100
= Required Time                 4.161
- Arrival Time                  2.671
= Slack Time                    1.491
     Clock Fall Edge                 2.000
     + Clock Network Latency (Prop)  0.198
     = Beginpoint Arrival Time       2.198
     +-----------------------------------------------------------------------------------------+ 
     |             Instance             |     Arc     |   Cell    | Delay | Arrival | Required | 
     |                                  |             |           |       |  Time   |   Time   | 
     |----------------------------------+-------------+-----------+-------+---------+----------| 
     | u_reset_sync/stage3_n_reg        | CK ^        |           |       |   2.198 |    3.689 | 
     | u_reset_sync/stage3_n_reg        | CK ^ -> Q v | DFFS_X1   | 0.086 |   2.284 |    3.774 | 
     | datapath/g26966                  | A v -> ZN ^ | INV_X1    | 0.011 |   2.295 |    3.786 | 
     | datapath/FE_OFC0_n_0             | A ^ -> Z ^  | CLKBUF_X3 | 0.069 |   2.363 |    3.854 | 
     | datapath/FE_OFC25_n_0            | A ^ -> Z ^  | CLKBUF_X3 | 0.090 |   2.454 |    3.944 | 
     | datapath/FE_OFC17_n_0            | A ^ -> Z ^  | CLKBUF_X2 | 0.105 |   2.558 |    4.049 | 
     | datapath/FE_OFC538_n_0           | A ^ -> Z ^  | CLKBUF_X3 | 0.111 |   2.669 |    4.160 | 
     | datapath/EXMEM_storeData_reg[12] | RN ^        | DFFR_X1   | 0.001 |   2.671 |    4.161 | 
     +-----------------------------------------------------------------------------------------+ 
Path 38: MET Recovery Check with Pin datapath/IDEX_imm_reg[4]/CK 
Endpoint:   datapath/IDEX_imm_reg[4]/RN (^) checked with  leading edge of 'clk'
Beginpoint: u_reset_sync/stage3_n_reg/Q (v) triggered by trailing edge of 'clk'
Path Groups: {reg2reg}
Analysis View: RPT_TYP
Other End Arrival Time          0.212
- Recovery                     -0.052
+ Phase Shift                   4.000
+ CPPR Adjustment               0.000
- Uncertainty                   0.100
= Required Time                 4.164
- Arrival Time                  2.672
= Slack Time                    1.491
     Clock Fall Edge                 2.000
     + Clock Network Latency (Prop)  0.198
     = Beginpoint Arrival Time       2.198
     +----------------------------------------------------------------------------------+ 
     |         Instance          |     Arc     |   Cell    | Delay | Arrival | Required | 
     |                           |             |           |       |  Time   |   Time   | 
     |---------------------------+-------------+-----------+-------+---------+----------| 
     | u_reset_sync/stage3_n_reg | CK ^        |           |       |   2.198 |    3.690 | 
     | u_reset_sync/stage3_n_reg | CK ^ -> Q v | DFFS_X1   | 0.086 |   2.284 |    3.775 | 
     | datapath/g26966           | A v -> ZN ^ | INV_X1    | 0.011 |   2.295 |    3.786 | 
     | datapath/FE_OFC0_n_0      | A ^ -> Z ^  | CLKBUF_X3 | 0.069 |   2.363 |    3.855 | 
     | datapath/FE_OFC25_n_0     | A ^ -> Z ^  | CLKBUF_X3 | 0.090 |   2.454 |    3.945 | 
     | datapath/FE_OFC17_n_0     | A ^ -> Z ^  | CLKBUF_X2 | 0.105 |   2.558 |    4.050 | 
     | datapath/FE_OFC538_n_0    | A ^ -> Z ^  | CLKBUF_X3 | 0.111 |   2.669 |    4.161 | 
     | datapath/IDEX_imm_reg[4]  | RN ^        | DFFR_X1   | 0.003 |   2.672 |    4.164 | 
     +----------------------------------------------------------------------------------+ 
Path 39: MET Recovery Check with Pin datapath/registers_RF_reg[15][30]/CK 
Endpoint:   datapath/registers_RF_reg[15][30]/RN (^) checked with  leading edge 
of 'clk'
Beginpoint: u_reset_sync/stage3_n_reg/Q          (v) triggered by trailing edge 
of 'clk'
Path Groups: {reg2reg}
Analysis View: RPT_TYP
Other End Arrival Time          0.219
- Recovery                     -0.029
+ Phase Shift                   4.000
+ CPPR Adjustment               0.000
- Uncertainty                   0.100
= Required Time                 4.149
- Arrival Time                  2.657
= Slack Time                    1.492
     Clock Fall Edge                 2.000
     + Clock Network Latency (Prop)  0.198
     = Beginpoint Arrival Time       2.198
     +------------------------------------------------------------------------------------------+ 
     |             Instance              |     Arc     |   Cell    | Delay | Arrival | Required | 
     |                                   |             |           |       |  Time   |   Time   | 
     |-----------------------------------+-------------+-----------+-------+---------+----------| 
     | u_reset_sync/stage3_n_reg         | CK ^        |           |       |   2.198 |    3.690 | 
     | u_reset_sync/stage3_n_reg         | CK ^ -> Q v | DFFS_X1   | 0.086 |   2.284 |    3.776 | 
     | datapath/g26966                   | A v -> ZN ^ | INV_X1    | 0.011 |   2.295 |    3.787 | 
     | datapath/FE_OFC0_n_0              | A ^ -> Z ^  | CLKBUF_X3 | 0.069 |   2.363 |    3.855 | 
     | datapath/FE_OFC25_n_0             | A ^ -> Z ^  | CLKBUF_X3 | 0.090 |   2.454 |    3.946 | 
     | datapath/FE_OFC23_n_0             | A ^ -> Z ^  | BUF_X2    | 0.090 |   2.544 |    4.036 | 
     | datapath/FE_OFC85_n_0             | A ^ -> Z ^  | CLKBUF_X3 | 0.108 |   2.652 |    4.144 | 
     | datapath/registers_RF_reg[15][30] | RN ^        | SDFFR_X1  | 0.005 |   2.657 |    4.149 | 
     +------------------------------------------------------------------------------------------+ 
Path 40: MET Recovery Check with Pin datapath/registers_RF_reg[14][30]/CK 
Endpoint:   datapath/registers_RF_reg[14][30]/RN (^) checked with  leading edge 
of 'clk'
Beginpoint: u_reset_sync/stage3_n_reg/Q          (v) triggered by trailing edge 
of 'clk'
Path Groups: {reg2reg}
Analysis View: RPT_TYP
Other End Arrival Time          0.219
- Recovery                     -0.029
+ Phase Shift                   4.000
+ CPPR Adjustment               0.000
- Uncertainty                   0.100
= Required Time                 4.149
- Arrival Time                  2.656
= Slack Time                    1.492
     Clock Fall Edge                 2.000
     + Clock Network Latency (Prop)  0.198
     = Beginpoint Arrival Time       2.198
     +------------------------------------------------------------------------------------------+ 
     |             Instance              |     Arc     |   Cell    | Delay | Arrival | Required | 
     |                                   |             |           |       |  Time   |   Time   | 
     |-----------------------------------+-------------+-----------+-------+---------+----------| 
     | u_reset_sync/stage3_n_reg         | CK ^        |           |       |   2.198 |    3.690 | 
     | u_reset_sync/stage3_n_reg         | CK ^ -> Q v | DFFS_X1   | 0.086 |   2.284 |    3.776 | 
     | datapath/g26966                   | A v -> ZN ^ | INV_X1    | 0.011 |   2.295 |    3.787 | 
     | datapath/FE_OFC0_n_0              | A ^ -> Z ^  | CLKBUF_X3 | 0.069 |   2.363 |    3.856 | 
     | datapath/FE_OFC25_n_0             | A ^ -> Z ^  | CLKBUF_X3 | 0.090 |   2.454 |    3.946 | 
     | datapath/FE_OFC23_n_0             | A ^ -> Z ^  | BUF_X2    | 0.090 |   2.544 |    4.036 | 
     | datapath/FE_OFC85_n_0             | A ^ -> Z ^  | CLKBUF_X3 | 0.108 |   2.652 |    4.144 | 
     | datapath/registers_RF_reg[14][30] | RN ^        | SDFFR_X1  | 0.005 |   2.656 |    4.149 | 
     +------------------------------------------------------------------------------------------+ 
Path 41: MET Recovery Check with Pin datapath/registers_RF_reg[14][28]/CK 
Endpoint:   datapath/registers_RF_reg[14][28]/RN (^) checked with  leading edge 
of 'clk'
Beginpoint: u_reset_sync/stage3_n_reg/Q          (v) triggered by trailing edge 
of 'clk'
Path Groups: {reg2reg}
Analysis View: RPT_TYP
Other End Arrival Time          0.219
- Recovery                     -0.029
+ Phase Shift                   4.000
+ CPPR Adjustment               0.000
- Uncertainty                   0.100
= Required Time                 4.149
- Arrival Time                  2.656
= Slack Time                    1.492
     Clock Fall Edge                 2.000
     + Clock Network Latency (Prop)  0.198
     = Beginpoint Arrival Time       2.198
     +------------------------------------------------------------------------------------------+ 
     |             Instance              |     Arc     |   Cell    | Delay | Arrival | Required | 
     |                                   |             |           |       |  Time   |   Time   | 
     |-----------------------------------+-------------+-----------+-------+---------+----------| 
     | u_reset_sync/stage3_n_reg         | CK ^        |           |       |   2.198 |    3.690 | 
     | u_reset_sync/stage3_n_reg         | CK ^ -> Q v | DFFS_X1   | 0.086 |   2.284 |    3.776 | 
     | datapath/g26966                   | A v -> ZN ^ | INV_X1    | 0.011 |   2.295 |    3.787 | 
     | datapath/FE_OFC0_n_0              | A ^ -> Z ^  | CLKBUF_X3 | 0.069 |   2.363 |    3.856 | 
     | datapath/FE_OFC25_n_0             | A ^ -> Z ^  | CLKBUF_X3 | 0.090 |   2.454 |    3.946 | 
     | datapath/FE_OFC23_n_0             | A ^ -> Z ^  | BUF_X2    | 0.090 |   2.544 |    4.036 | 
     | datapath/FE_OFC85_n_0             | A ^ -> Z ^  | CLKBUF_X3 | 0.108 |   2.652 |    4.144 | 
     | datapath/registers_RF_reg[14][28] | RN ^        | SDFFR_X1  | 0.004 |   2.656 |    4.149 | 
     +------------------------------------------------------------------------------------------+ 
Path 42: MET Recovery Check with Pin datapath/registers_RF_reg[15][28]/CK 
Endpoint:   datapath/registers_RF_reg[15][28]/RN (^) checked with  leading edge 
of 'clk'
Beginpoint: u_reset_sync/stage3_n_reg/Q          (v) triggered by trailing edge 
of 'clk'
Path Groups: {reg2reg}
Analysis View: RPT_TYP
Other End Arrival Time          0.219
- Recovery                     -0.029
+ Phase Shift                   4.000
+ CPPR Adjustment               0.000
- Uncertainty                   0.100
= Required Time                 4.149
- Arrival Time                  2.656
= Slack Time                    1.492
     Clock Fall Edge                 2.000
     + Clock Network Latency (Prop)  0.198
     = Beginpoint Arrival Time       2.198
     +------------------------------------------------------------------------------------------+ 
     |             Instance              |     Arc     |   Cell    | Delay | Arrival | Required | 
     |                                   |             |           |       |  Time   |   Time   | 
     |-----------------------------------+-------------+-----------+-------+---------+----------| 
     | u_reset_sync/stage3_n_reg         | CK ^        |           |       |   2.198 |    3.690 | 
     | u_reset_sync/stage3_n_reg         | CK ^ -> Q v | DFFS_X1   | 0.086 |   2.284 |    3.776 | 
     | datapath/g26966                   | A v -> ZN ^ | INV_X1    | 0.011 |   2.295 |    3.787 | 
     | datapath/FE_OFC0_n_0              | A ^ -> Z ^  | CLKBUF_X3 | 0.069 |   2.364 |    3.856 | 
     | datapath/FE_OFC25_n_0             | A ^ -> Z ^  | CLKBUF_X3 | 0.090 |   2.454 |    3.946 | 
     | datapath/FE_OFC23_n_0             | A ^ -> Z ^  | BUF_X2    | 0.090 |   2.544 |    4.036 | 
     | datapath/FE_OFC85_n_0             | A ^ -> Z ^  | CLKBUF_X3 | 0.108 |   2.652 |    4.144 | 
     | datapath/registers_RF_reg[15][28] | RN ^        | SDFFR_X1  | 0.004 |   2.656 |    4.149 | 
     +------------------------------------------------------------------------------------------+ 
Path 43: MET Recovery Check with Pin datapath/registers_RF_reg[13][28]/CK 
Endpoint:   datapath/registers_RF_reg[13][28]/RN (^) checked with  leading edge 
of 'clk'
Beginpoint: u_reset_sync/stage3_n_reg/Q          (v) triggered by trailing edge 
of 'clk'
Path Groups: {reg2reg}
Analysis View: RPT_TYP
Other End Arrival Time          0.220
- Recovery                     -0.029
+ Phase Shift                   4.000
+ CPPR Adjustment               0.000
- Uncertainty                   0.100
= Required Time                 4.149
- Arrival Time                  2.656
= Slack Time                    1.493
     Clock Fall Edge                 2.000
     + Clock Network Latency (Prop)  0.198
     = Beginpoint Arrival Time       2.198
     +------------------------------------------------------------------------------------------+ 
     |             Instance              |     Arc     |   Cell    | Delay | Arrival | Required | 
     |                                   |             |           |       |  Time   |   Time   | 
     |-----------------------------------+-------------+-----------+-------+---------+----------| 
     | u_reset_sync/stage3_n_reg         | CK ^        |           |       |   2.198 |    3.691 | 
     | u_reset_sync/stage3_n_reg         | CK ^ -> Q v | DFFS_X1   | 0.086 |   2.284 |    3.777 | 
     | datapath/g26966                   | A v -> ZN ^ | INV_X1    | 0.011 |   2.295 |    3.788 | 
     | datapath/FE_OFC0_n_0              | A ^ -> Z ^  | CLKBUF_X3 | 0.069 |   2.363 |    3.856 | 
     | datapath/FE_OFC25_n_0             | A ^ -> Z ^  | CLKBUF_X3 | 0.090 |   2.454 |    3.946 | 
     | datapath/FE_OFC23_n_0             | A ^ -> Z ^  | BUF_X2    | 0.090 |   2.544 |    4.037 | 
     | datapath/FE_OFC85_n_0             | A ^ -> Z ^  | CLKBUF_X3 | 0.108 |   2.652 |    4.145 | 
     | datapath/registers_RF_reg[13][28] | RN ^        | SDFFR_X1  | 0.004 |   2.656 |    4.149 | 
     +------------------------------------------------------------------------------------------+ 
Path 44: MET Recovery Check with Pin datapath/registers_RF_reg[12][28]/CK 
Endpoint:   datapath/registers_RF_reg[12][28]/RN (^) checked with  leading edge 
of 'clk'
Beginpoint: u_reset_sync/stage3_n_reg/Q          (v) triggered by trailing edge 
of 'clk'
Path Groups: {reg2reg}
Analysis View: RPT_TYP
Other End Arrival Time          0.220
- Recovery                     -0.029
+ Phase Shift                   4.000
+ CPPR Adjustment               0.000
- Uncertainty                   0.100
= Required Time                 4.149
- Arrival Time                  2.656
= Slack Time                    1.493
     Clock Fall Edge                 2.000
     + Clock Network Latency (Prop)  0.198
     = Beginpoint Arrival Time       2.198
     +------------------------------------------------------------------------------------------+ 
     |             Instance              |     Arc     |   Cell    | Delay | Arrival | Required | 
     |                                   |             |           |       |  Time   |   Time   | 
     |-----------------------------------+-------------+-----------+-------+---------+----------| 
     | u_reset_sync/stage3_n_reg         | CK ^        |           |       |   2.198 |    3.691 | 
     | u_reset_sync/stage3_n_reg         | CK ^ -> Q v | DFFS_X1   | 0.086 |   2.284 |    3.777 | 
     | datapath/g26966                   | A v -> ZN ^ | INV_X1    | 0.011 |   2.295 |    3.788 | 
     | datapath/FE_OFC0_n_0              | A ^ -> Z ^  | CLKBUF_X3 | 0.069 |   2.363 |    3.856 | 
     | datapath/FE_OFC25_n_0             | A ^ -> Z ^  | CLKBUF_X3 | 0.090 |   2.454 |    3.946 | 
     | datapath/FE_OFC23_n_0             | A ^ -> Z ^  | BUF_X2    | 0.090 |   2.544 |    4.037 | 
     | datapath/FE_OFC85_n_0             | A ^ -> Z ^  | CLKBUF_X3 | 0.108 |   2.652 |    4.145 | 
     | datapath/registers_RF_reg[12][28] | RN ^        | SDFFR_X1  | 0.004 |   2.656 |    4.149 | 
     +------------------------------------------------------------------------------------------+ 
Path 45: MET Recovery Check with Pin datapath/registers_RF_reg[13][30]/CK 
Endpoint:   datapath/registers_RF_reg[13][30]/RN (^) checked with  leading edge 
of 'clk'
Beginpoint: u_reset_sync/stage3_n_reg/Q          (v) triggered by trailing edge 
of 'clk'
Path Groups: {reg2reg}
Analysis View: RPT_TYP
Other End Arrival Time          0.220
- Recovery                     -0.029
+ Phase Shift                   4.000
+ CPPR Adjustment               0.000
- Uncertainty                   0.100
= Required Time                 4.149
- Arrival Time                  2.656
= Slack Time                    1.493
     Clock Fall Edge                 2.000
     + Clock Network Latency (Prop)  0.198
     = Beginpoint Arrival Time       2.198
     +------------------------------------------------------------------------------------------+ 
     |             Instance              |     Arc     |   Cell    | Delay | Arrival | Required | 
     |                                   |             |           |       |  Time   |   Time   | 
     |-----------------------------------+-------------+-----------+-------+---------+----------| 
     | u_reset_sync/stage3_n_reg         | CK ^        |           |       |   2.198 |    3.691 | 
     | u_reset_sync/stage3_n_reg         | CK ^ -> Q v | DFFS_X1   | 0.086 |   2.284 |    3.777 | 
     | datapath/g26966                   | A v -> ZN ^ | INV_X1    | 0.011 |   2.295 |    3.788 | 
     | datapath/FE_OFC0_n_0              | A ^ -> Z ^  | CLKBUF_X3 | 0.069 |   2.363 |    3.856 | 
     | datapath/FE_OFC25_n_0             | A ^ -> Z ^  | CLKBUF_X3 | 0.090 |   2.454 |    3.947 | 
     | datapath/FE_OFC23_n_0             | A ^ -> Z ^  | BUF_X2    | 0.090 |   2.544 |    4.037 | 
     | datapath/FE_OFC85_n_0             | A ^ -> Z ^  | CLKBUF_X3 | 0.108 |   2.652 |    4.145 | 
     | datapath/registers_RF_reg[13][30] | RN ^        | SDFFR_X1  | 0.004 |   2.656 |    4.149 | 
     +------------------------------------------------------------------------------------------+ 
Path 46: MET Recovery Check with Pin datapath/registers_RF_reg[12][30]/CK 
Endpoint:   datapath/registers_RF_reg[12][30]/RN (^) checked with  leading edge 
of 'clk'
Beginpoint: u_reset_sync/stage3_n_reg/Q          (v) triggered by trailing edge 
of 'clk'
Path Groups: {reg2reg}
Analysis View: RPT_TYP
Other End Arrival Time          0.220
- Recovery                     -0.029
+ Phase Shift                   4.000
+ CPPR Adjustment               0.000
- Uncertainty                   0.100
= Required Time                 4.149
- Arrival Time                  2.655
= Slack Time                    1.493
     Clock Fall Edge                 2.000
     + Clock Network Latency (Prop)  0.198
     = Beginpoint Arrival Time       2.198
     +------------------------------------------------------------------------------------------+ 
     |             Instance              |     Arc     |   Cell    | Delay | Arrival | Required | 
     |                                   |             |           |       |  Time   |   Time   | 
     |-----------------------------------+-------------+-----------+-------+---------+----------| 
     | u_reset_sync/stage3_n_reg         | CK ^        |           |       |   2.198 |    3.692 | 
     | u_reset_sync/stage3_n_reg         | CK ^ -> Q v | DFFS_X1   | 0.086 |   2.284 |    3.777 | 
     | datapath/g26966                   | A v -> ZN ^ | INV_X1    | 0.011 |   2.295 |    3.788 | 
     | datapath/FE_OFC0_n_0              | A ^ -> Z ^  | CLKBUF_X3 | 0.069 |   2.363 |    3.857 | 
     | datapath/FE_OFC25_n_0             | A ^ -> Z ^  | CLKBUF_X3 | 0.090 |   2.454 |    3.947 | 
     | datapath/FE_OFC23_n_0             | A ^ -> Z ^  | BUF_X2    | 0.090 |   2.544 |    4.037 | 
     | datapath/FE_OFC85_n_0             | A ^ -> Z ^  | CLKBUF_X3 | 0.108 |   2.652 |    4.145 | 
     | datapath/registers_RF_reg[12][30] | RN ^        | SDFFR_X1  | 0.003 |   2.655 |    4.149 | 
     +------------------------------------------------------------------------------------------+ 
Path 47: MET Recovery Check with Pin datapath/registers_RF_reg[11][30]/CK 
Endpoint:   datapath/registers_RF_reg[11][30]/RN (^) checked with  leading edge 
of 'clk'
Beginpoint: u_reset_sync/stage3_n_reg/Q          (v) triggered by trailing edge 
of 'clk'
Path Groups: {reg2reg}
Analysis View: RPT_TYP
Other End Arrival Time          0.220
- Recovery                     -0.029
+ Phase Shift                   4.000
+ CPPR Adjustment               0.000
- Uncertainty                   0.100
= Required Time                 4.149
- Arrival Time                  2.655
= Slack Time                    1.493
     Clock Fall Edge                 2.000
     + Clock Network Latency (Prop)  0.198
     = Beginpoint Arrival Time       2.198
     +------------------------------------------------------------------------------------------+ 
     |             Instance              |     Arc     |   Cell    | Delay | Arrival | Required | 
     |                                   |             |           |       |  Time   |   Time   | 
     |-----------------------------------+-------------+-----------+-------+---------+----------| 
     | u_reset_sync/stage3_n_reg         | CK ^        |           |       |   2.198 |    3.692 | 
     | u_reset_sync/stage3_n_reg         | CK ^ -> Q v | DFFS_X1   | 0.086 |   2.284 |    3.777 | 
     | datapath/g26966                   | A v -> ZN ^ | INV_X1    | 0.011 |   2.295 |    3.788 | 
     | datapath/FE_OFC0_n_0              | A ^ -> Z ^  | CLKBUF_X3 | 0.069 |   2.363 |    3.857 | 
     | datapath/FE_OFC25_n_0             | A ^ -> Z ^  | CLKBUF_X3 | 0.090 |   2.454 |    3.947 | 
     | datapath/FE_OFC23_n_0             | A ^ -> Z ^  | BUF_X2    | 0.090 |   2.544 |    4.037 | 
     | datapath/FE_OFC85_n_0             | A ^ -> Z ^  | CLKBUF_X3 | 0.108 |   2.652 |    4.145 | 
     | datapath/registers_RF_reg[11][30] | RN ^        | SDFFR_X1  | 0.003 |   2.655 |    4.149 | 
     +------------------------------------------------------------------------------------------+ 
Path 48: MET Recovery Check with Pin datapath/registers_RF_reg[10][28]/CK 
Endpoint:   datapath/registers_RF_reg[10][28]/RN (^) checked with  leading edge 
of 'clk'
Beginpoint: u_reset_sync/stage3_n_reg/Q          (v) triggered by trailing edge 
of 'clk'
Path Groups: {reg2reg}
Analysis View: RPT_TYP
Other End Arrival Time          0.220
- Recovery                     -0.029
+ Phase Shift                   4.000
+ CPPR Adjustment               0.000
- Uncertainty                   0.100
= Required Time                 4.149
- Arrival Time                  2.655
= Slack Time                    1.494
     Clock Fall Edge                 2.000
     + Clock Network Latency (Prop)  0.198
     = Beginpoint Arrival Time       2.198
     +------------------------------------------------------------------------------------------+ 
     |             Instance              |     Arc     |   Cell    | Delay | Arrival | Required | 
     |                                   |             |           |       |  Time   |   Time   | 
     |-----------------------------------+-------------+-----------+-------+---------+----------| 
     | u_reset_sync/stage3_n_reg         | CK ^        |           |       |   2.198 |    3.692 | 
     | u_reset_sync/stage3_n_reg         | CK ^ -> Q v | DFFS_X1   | 0.086 |   2.284 |    3.777 | 
     | datapath/g26966                   | A v -> ZN ^ | INV_X1    | 0.011 |   2.295 |    3.789 | 
     | datapath/FE_OFC0_n_0              | A ^ -> Z ^  | CLKBUF_X3 | 0.069 |   2.363 |    3.857 | 
     | datapath/FE_OFC25_n_0             | A ^ -> Z ^  | CLKBUF_X3 | 0.090 |   2.454 |    3.947 | 
     | datapath/FE_OFC23_n_0             | A ^ -> Z ^  | BUF_X2    | 0.090 |   2.544 |    4.037 | 
     | datapath/FE_OFC85_n_0             | A ^ -> Z ^  | CLKBUF_X3 | 0.108 |   2.652 |    4.146 | 
     | datapath/registers_RF_reg[10][28] | RN ^        | SDFFR_X1  | 0.003 |   2.655 |    4.149 | 
     +------------------------------------------------------------------------------------------+ 
Path 49: MET Recovery Check with Pin datapath/registers_RF_reg[11][28]/CK 
Endpoint:   datapath/registers_RF_reg[11][28]/RN (^) checked with  leading edge 
of 'clk'
Beginpoint: u_reset_sync/stage3_n_reg/Q          (v) triggered by trailing edge 
of 'clk'
Path Groups: {reg2reg}
Analysis View: RPT_TYP
Other End Arrival Time          0.220
- Recovery                     -0.029
+ Phase Shift                   4.000
+ CPPR Adjustment               0.000
- Uncertainty                   0.100
= Required Time                 4.149
- Arrival Time                  2.655
= Slack Time                    1.494
     Clock Fall Edge                 2.000
     + Clock Network Latency (Prop)  0.198
     = Beginpoint Arrival Time       2.198
     +------------------------------------------------------------------------------------------+ 
     |             Instance              |     Arc     |   Cell    | Delay | Arrival | Required | 
     |                                   |             |           |       |  Time   |   Time   | 
     |-----------------------------------+-------------+-----------+-------+---------+----------| 
     | u_reset_sync/stage3_n_reg         | CK ^        |           |       |   2.198 |    3.692 | 
     | u_reset_sync/stage3_n_reg         | CK ^ -> Q v | DFFS_X1   | 0.086 |   2.284 |    3.778 | 
     | datapath/g26966                   | A v -> ZN ^ | INV_X1    | 0.011 |   2.295 |    3.789 | 
     | datapath/FE_OFC0_n_0              | A ^ -> Z ^  | CLKBUF_X3 | 0.069 |   2.363 |    3.857 | 
     | datapath/FE_OFC25_n_0             | A ^ -> Z ^  | CLKBUF_X3 | 0.090 |   2.454 |    3.947 | 
     | datapath/FE_OFC23_n_0             | A ^ -> Z ^  | BUF_X2    | 0.090 |   2.544 |    4.037 | 
     | datapath/FE_OFC85_n_0             | A ^ -> Z ^  | CLKBUF_X3 | 0.108 |   2.652 |    4.146 | 
     | datapath/registers_RF_reg[11][28] | RN ^        | SDFFR_X1  | 0.003 |   2.655 |    4.149 | 
     +------------------------------------------------------------------------------------------+ 
Path 50: MET Recovery Check with Pin datapath/registers_RF_reg[9][30]/CK 
Endpoint:   datapath/registers_RF_reg[9][30]/RN (^) checked with  leading edge 
of 'clk'
Beginpoint: u_reset_sync/stage3_n_reg/Q         (v) triggered by trailing edge 
of 'clk'
Path Groups: {reg2reg}
Analysis View: RPT_TYP
Other End Arrival Time          0.221
- Recovery                     -0.030
+ Phase Shift                   4.000
+ CPPR Adjustment               0.000
- Uncertainty                   0.100
= Required Time                 4.150
- Arrival Time                  2.655
= Slack Time                    1.495
     Clock Fall Edge                 2.000
     + Clock Network Latency (Prop)  0.198
     = Beginpoint Arrival Time       2.198
     +-----------------------------------------------------------------------------------------+ 
     |             Instance             |     Arc     |   Cell    | Delay | Arrival | Required | 
     |                                  |             |           |       |  Time   |   Time   | 
     |----------------------------------+-------------+-----------+-------+---------+----------| 
     | u_reset_sync/stage3_n_reg        | CK ^        |           |       |   2.198 |    3.693 | 
     | u_reset_sync/stage3_n_reg        | CK ^ -> Q v | DFFS_X1   | 0.086 |   2.284 |    3.779 | 
     | datapath/g26966                  | A v -> ZN ^ | INV_X1    | 0.011 |   2.295 |    3.790 | 
     | datapath/FE_OFC0_n_0             | A ^ -> Z ^  | CLKBUF_X3 | 0.069 |   2.363 |    3.859 | 
     | datapath/FE_OFC25_n_0            | A ^ -> Z ^  | CLKBUF_X3 | 0.090 |   2.454 |    3.949 | 
     | datapath/FE_OFC23_n_0            | A ^ -> Z ^  | BUF_X2    | 0.090 |   2.544 |    4.039 | 
     | datapath/FE_OFC85_n_0            | A ^ -> Z ^  | CLKBUF_X3 | 0.108 |   2.652 |    4.147 | 
     | datapath/registers_RF_reg[9][30] | RN ^        | SDFFR_X1  | 0.003 |   2.655 |    4.150 | 
     +-----------------------------------------------------------------------------------------+ 

