###############################################################
#  Generated by:      Cadence Innovus 23.12-s091_1
#  OS:                Linux x86_64(Host ID nanohub-2907946-1)
#  Generated on:      Tue Aug 11 14:57:17 2026
#  Design:            pipelined_cpu_core
#  Command:           report_timing -late  -max_paths 50 -nworst 1 > reports/40_final_setup.rpt
###############################################################
Path 1: VIOLATED Setup Check with Pin datapath_IF_pc_reg[31]/CK 
Endpoint:   datapath_IF_pc_reg[31]/D (^) checked with  leading edge of 'clk'
Beginpoint: datapath_IF_pc_reg[3]/Q  (^) triggered by  leading edge of 'clk'
Path Groups: {reg2reg}
Analysis View: WC_VIEW
Other End Arrival Time          0.022
- Setup                         0.084
+ Phase Shift                   4.100
+ CPPR Adjustment               0.000
- Uncertainty                   0.100
= Required Time                 3.938
- Arrival Time                  3.982
= Slack Time                   -0.044
     Clock Rise Edge                 0.000
     + Clock Network Latency (Prop)  0.015
     = Beginpoint Arrival Time       0.015
     +--------------------------------------------------------------------------------+ 
     |        Instance        |     Arc      |   Cell    | Delay | Arrival | Required | 
     |                        |              |           |       |  Time   |   Time   | 
     |------------------------+--------------+-----------+-------+---------+----------| 
     | datapath_IF_pc_reg[3]  | CK ^         |           |       |   0.015 |   -0.030 | 
     | datapath_IF_pc_reg[3]  | CK ^ -> Q ^  | SDFFR_X1  | 0.277 |   0.292 |    0.247 | 
     | g62002                 | A1 ^ -> ZN ^ | AND2_X1   | 0.127 |   0.419 |    0.374 | 
     | g61664                 | A1 ^ -> ZN ^ | AND2_X1   | 0.171 |   0.590 |    0.545 | 
     | g60536                 | A1 ^ -> ZN v | NAND2_X1  | 0.073 |   0.663 |    0.618 | 
     | g60435                 | A1 v -> ZN ^ | NOR2_X1   | 0.134 |   0.796 |    0.752 | 
     | g60262                 | A1 ^ -> ZN ^ | AND2_X1   | 0.143 |   0.939 |    0.895 | 
     | g60100                 | A1 ^ -> ZN ^ | AND2_X1   | 0.114 |   1.053 |    1.009 | 
     | g60021                 | A ^ -> CO ^  | HA_X1     | 0.111 |   1.164 |    1.120 | 
     | g59992                 | A ^ -> CO ^  | HA_X1     | 0.126 |   1.290 |    1.245 | 
     | g59965                 | A ^ -> CO ^  | HA_X1     | 0.132 |   1.421 |    1.377 | 
     | g59959                 | A1 ^ -> ZN v | NAND2_X1  | 0.056 |   1.477 |    1.433 | 
     | g59957                 | A v -> ZN ^  | INV_X1    | 0.059 |   1.536 |    1.492 | 
     | g59949                 | A1 ^ -> ZN v | NAND2_X1  | 0.052 |   1.589 |    1.544 | 
     | g59944                 | A v -> ZN ^  | INV_X1    | 0.044 |   1.633 |    1.588 | 
     | g59940                 | A1 ^ -> ZN v | NAND2_X1  | 0.051 |   1.683 |    1.639 | 
     | g59934                 | A1 v -> ZN ^ | NOR2_X1   | 0.142 |   1.826 |    1.781 | 
     | g59924                 | A1 ^ -> ZN v | NAND2_X1  | 0.084 |   1.910 |    1.865 | 
     | g59916                 | A1 v -> ZN ^ | NOR2_X1   | 0.132 |   2.042 |    1.997 | 
     | g59908                 | A1 ^ -> ZN v | NAND2_X1  | 0.076 |   2.118 |    2.074 | 
     | g59899                 | A1 v -> ZN ^ | NOR2_X1   | 0.130 |   2.248 |    2.203 | 
     | g59887                 | A1 ^ -> ZN v | NAND2_X1  | 0.074 |   2.322 |    2.278 | 
     | g59878                 | A1 v -> ZN ^ | NOR2_X1   | 0.169 |   2.491 |    2.447 | 
     | g59861                 | A1 ^ -> ZN v | NAND2_X1  | 0.085 |   2.576 |    2.532 | 
     | g59855                 | A v -> ZN ^  | INV_X1    | 0.070 |   2.646 |    2.602 | 
     | g59843                 | A1 ^ -> ZN v | NAND2_X1  | 0.052 |   2.698 |    2.654 | 
     | g59826                 | A1 v -> ZN ^ | NOR2_X1   | 0.154 |   2.852 |    2.808 | 
     | g59807                 | A1 ^ -> ZN v | NAND2_X1  | 0.086 |   2.939 |    2.894 | 
     | g59789                 | A1 v -> ZN ^ | NOR2_X1   | 0.138 |   3.076 |    3.032 | 
     | g59771                 | A1 ^ -> ZN v | NAND2_X1  | 0.091 |   3.167 |    3.123 | 
     | g59753                 | A1 v -> ZN ^ | NOR2_X1   | 0.139 |   3.306 |    3.262 | 
     | g59747                 | A ^ -> ZN v  | INV_X1    | 0.045 |   3.351 |    3.307 | 
     | g59738                 | A1 v -> ZN v | OR2_X1    | 0.186 |   3.537 |    3.493 | 
     | g59722                 | A1 v -> ZN v | OR4_X1    | 0.346 |   3.883 |    3.839 | 
     | g59692                 | B v -> ZN ^  | OAI211_X1 | 0.099 |   3.982 |    3.938 | 
     | datapath_IF_pc_reg[31] | D ^          | DFFR_X1   | 0.000 |   3.982 |    3.938 | 
     +--------------------------------------------------------------------------------+ 
Path 2: VIOLATED Setup Check with Pin datapath_IF_pc_reg[23]/CK 
Endpoint:   datapath_IF_pc_reg[23]/D     (^) checked with  leading edge of 'clk'
Beginpoint: datapath_IFID_instr_reg[0]/Q (^) triggered by  leading edge of 'clk'
Path Groups: {reg2reg}
Analysis View: WC_VIEW
Other End Arrival Time          0.015
- Setup                         0.090
+ Phase Shift                   4.100
+ CPPR Adjustment               0.000
- Uncertainty                   0.100
= Required Time                 3.925
- Arrival Time                  3.959
= Slack Time                   -0.034
     Clock Rise Edge                 0.000
     + Clock Network Latency (Prop)  0.015
     = Beginpoint Arrival Time       0.015
     +------------------------------------------------------------------------------------+ 
     |          Instance          |     Arc      |   Cell    | Delay | Arrival | Required | 
     |                            |              |           |       |  Time   |   Time   | 
     |----------------------------+--------------+-----------+-------+---------+----------| 
     | datapath_IFID_instr_reg[0] | CK ^         |           |       |   0.015 |   -0.020 | 
     | datapath_IFID_instr_reg[0] | CK ^ -> Q ^  | DFFR_X1   | 0.380 |   0.394 |    0.360 | 
     | g35194                     | A2 ^ -> ZN ^ | AND2_X1   | 0.123 |   0.517 |    0.483 | 
     | g35071                     | A1 ^ -> ZN v | NAND2_X1  | 0.062 |   0.579 |    0.544 | 
     | g35034                     | A1 v -> ZN ^ | NOR2_X2   | 0.148 |   0.727 |    0.692 | 
     | g34968                     | A1 ^ -> ZN v | NAND2_X1  | 0.088 |   0.815 |    0.780 | 
     | g34936                     | A1 v -> ZN ^ | NAND2_X1  | 0.080 |   0.895 |    0.860 | 
     | g34931                     | A ^ -> ZN v  | INV_X1    | 0.045 |   0.940 |    0.905 | 
     | g34911                     | B1 v -> ZN ^ | OAI21_X1  | 0.185 |   1.125 |    1.091 | 
     | g61696                     | A ^ -> CO ^  | HA_X1     | 0.163 |   1.288 |    1.254 | 
     | g61632                     | A1 ^ -> ZN v | NAND2_X1  | 0.044 |   1.332 |    1.298 | 
     | g61622                     | A1 v -> ZN ^ | NAND2_X1  | 0.072 |   1.404 |    1.370 | 
     | g62822                     | A ^ -> ZN v  | OAI21_X1  | 0.061 |   1.465 |    1.431 | 
     | g60503                     | A1 v -> ZN ^ | NAND2_X1  | 0.089 |   1.554 |    1.520 | 
     | g60418                     | A ^ -> ZN v  | OAI21_X1  | 0.059 |   1.614 |    1.579 | 
     | g60340                     | A1 v -> ZN ^ | NAND2_X1  | 0.111 |   1.725 |    1.691 | 
     | g60258                     | A1 ^ -> ZN v | NAND2_X1  | 0.056 |   1.781 |    1.747 | 
     | g60164                     | A1 v -> ZN ^ | NAND2_X1  | 0.073 |   1.854 |    1.820 | 
     | g60088                     | A ^ -> ZN v  | OAI21_X1  | 0.058 |   1.912 |    1.878 | 
     | g60086                     | A1 v -> ZN ^ | NAND2_X1  | 0.077 |   1.990 |    1.955 | 
     | g60049                     | A ^ -> ZN v  | OAI21_X1  | 0.060 |   2.050 |    2.016 | 
     | g60047                     | A1 v -> ZN ^ | NAND2_X1  | 0.075 |   2.125 |    2.091 | 
     | g60014                     | A ^ -> ZN v  | OAI21_X1  | 0.060 |   2.186 |    2.151 | 
     | g60004                     | A1 v -> ZN ^ | NAND2_X1  | 0.074 |   2.260 |    2.225 | 
     | g59988                     | A ^ -> ZN v  | OAI21_X1  | 0.062 |   2.322 |    2.288 | 
     | g59982                     | A1 v -> ZN ^ | NAND2_X1  | 0.076 |   2.399 |    2.364 | 
     | g59958                     | A ^ -> ZN v  | OAI21_X1  | 0.061 |   2.460 |    2.425 | 
     | g59956                     | A1 v -> ZN ^ | NAND2_X1  | 0.076 |   2.536 |    2.501 | 
     | g59935                     | A ^ -> ZN v  | OAI21_X1  | 0.060 |   2.595 |    2.561 | 
     | g59930                     | A1 v -> ZN ^ | NAND2_X1  | 0.077 |   2.672 |    2.638 | 
     | g59907                     | A ^ -> ZN v  | OAI21_X1  | 0.061 |   2.733 |    2.699 | 
     | g59904                     | A1 v -> ZN ^ | NAND2_X1  | 0.089 |   2.822 |    2.787 | 
     | g59881                     | A ^ -> ZN v  | OAI21_X1  | 0.058 |   2.880 |    2.846 | 
     | g59873                     | A1 v -> ZN ^ | NAND2_X1  | 0.111 |   2.991 |    2.957 | 
     | g59818                     | C1 ^ -> ZN v | OAI211_X1 | 0.089 |   3.081 |    3.046 | 
     | g59791                     | A1 v -> ZN v | AND2_X1   | 0.145 |   3.226 |    3.191 | 
     | g59764                     | A1 v -> ZN ^ | NOR2_X1   | 0.113 |   3.338 |    3.304 | 
     | g59746                     | B1 ^ -> ZN v | AOI21_X1  | 0.075 |   3.413 |    3.379 | 
     | g59715                     | B1 v -> ZN ^ | OAI21_X1  | 0.166 |   3.580 |    3.545 | 
     | g59706                     | B1 ^ -> ZN v | AOI21_X1  | 0.087 |   3.667 |    3.632 | 
     | g59689                     | B1 v -> ZN ^ | OAI21_X1  | 0.155 |   3.822 |    3.787 | 
     | g59687                     | A1 ^ -> ZN v | NAND2_X1  | 0.059 |   3.881 |    3.846 | 
     | g59684                     | A v -> ZN ^  | OAI211_X1 | 0.079 |   3.959 |    3.925 | 
     | datapath_IF_pc_reg[23]     | D ^          | DFFR_X1   | 0.000 |   3.959 |    3.925 | 
     +------------------------------------------------------------------------------------+ 
Path 3: VIOLATED Setup Check with Pin datapath_IF_pc_reg[30]/CK 
Endpoint:   datapath_IF_pc_reg[30]/D     (^) checked with  leading edge of 'clk'
Beginpoint: datapath_IFID_instr_reg[0]/Q (^) triggered by  leading edge of 'clk'
Path Groups: {reg2reg}
Analysis View: WC_VIEW
Other End Arrival Time          0.022
- Setup                         0.105
+ Phase Shift                   4.100
+ CPPR Adjustment               0.000
- Uncertainty                   0.100
= Required Time                 3.918
- Arrival Time                  3.950
= Slack Time                   -0.032
     Clock Rise Edge                 0.000
     + Clock Network Latency (Prop)  0.015
     = Beginpoint Arrival Time       0.015
     +------------------------------------------------------------------------------------+ 
     |          Instance          |     Arc      |   Cell    | Delay | Arrival | Required | 
     |                            |              |           |       |  Time   |   Time   | 
     |----------------------------+--------------+-----------+-------+---------+----------| 
     | datapath_IFID_instr_reg[0] | CK ^         |           |       |   0.015 |   -0.017 | 
     | datapath_IFID_instr_reg[0] | CK ^ -> Q ^  | DFFR_X1   | 0.380 |   0.394 |    0.362 | 
     | g35194                     | A2 ^ -> ZN ^ | AND2_X1   | 0.123 |   0.517 |    0.485 | 
     | g35071                     | A1 ^ -> ZN v | NAND2_X1  | 0.062 |   0.579 |    0.547 | 
     | g35034                     | A1 v -> ZN ^ | NOR2_X2   | 0.148 |   0.727 |    0.695 | 
     | g34968                     | A1 ^ -> ZN v | NAND2_X1  | 0.088 |   0.815 |    0.783 | 
     | g34936                     | A1 v -> ZN ^ | NAND2_X1  | 0.080 |   0.895 |    0.863 | 
     | g34931                     | A ^ -> ZN v  | INV_X1    | 0.045 |   0.940 |    0.908 | 
     | g34911                     | B1 v -> ZN ^ | OAI21_X1  | 0.185 |   1.125 |    1.093 | 
     | g61696                     | A ^ -> CO ^  | HA_X1     | 0.163 |   1.288 |    1.257 | 
     | g61632                     | A1 ^ -> ZN v | NAND2_X1  | 0.044 |   1.332 |    1.300 | 
     | g61622                     | A1 v -> ZN ^ | NAND2_X1  | 0.072 |   1.404 |    1.373 | 
     | g62822                     | A ^ -> ZN v  | OAI21_X1  | 0.061 |   1.465 |    1.434 | 
     | g60503                     | A1 v -> ZN ^ | NAND2_X1  | 0.089 |   1.554 |    1.523 | 
     | g60418                     | A ^ -> ZN v  | OAI21_X1  | 0.059 |   1.614 |    1.582 | 
     | g60340                     | A1 v -> ZN ^ | NAND2_X1  | 0.111 |   1.725 |    1.693 | 
     | g60258                     | A1 ^ -> ZN v | NAND2_X1  | 0.056 |   1.781 |    1.750 | 
     | g60164                     | A1 v -> ZN ^ | NAND2_X1  | 0.073 |   1.854 |    1.823 | 
     | g60088                     | A ^ -> ZN v  | OAI21_X1  | 0.058 |   1.912 |    1.881 | 
     | g60086                     | A1 v -> ZN ^ | NAND2_X1  | 0.077 |   1.990 |    1.958 | 
     | g60049                     | A ^ -> ZN v  | OAI21_X1  | 0.060 |   2.050 |    2.018 | 
     | g60047                     | A1 v -> ZN ^ | NAND2_X1  | 0.075 |   2.125 |    2.094 | 
     | g60014                     | A ^ -> ZN v  | OAI21_X1  | 0.060 |   2.186 |    2.154 | 
     | g60004                     | A1 v -> ZN ^ | NAND2_X1  | 0.074 |   2.260 |    2.228 | 
     | g59988                     | A ^ -> ZN v  | OAI21_X1  | 0.062 |   2.322 |    2.291 | 
     | g59982                     | A1 v -> ZN ^ | NAND2_X1  | 0.076 |   2.399 |    2.367 | 
     | g59958                     | A ^ -> ZN v  | OAI21_X1  | 0.061 |   2.460 |    2.428 | 
     | g59956                     | A1 v -> ZN ^ | NAND2_X1  | 0.076 |   2.536 |    2.504 | 
     | g59935                     | A ^ -> ZN v  | OAI21_X1  | 0.060 |   2.595 |    2.564 | 
     | g59930                     | A1 v -> ZN ^ | NAND2_X1  | 0.077 |   2.672 |    2.640 | 
     | g59907                     | A ^ -> ZN v  | OAI21_X1  | 0.061 |   2.733 |    2.701 | 
     | g59904                     | A1 v -> ZN ^ | NAND2_X1  | 0.089 |   2.822 |    2.790 | 
     | g59881                     | A ^ -> ZN v  | OAI21_X1  | 0.058 |   2.880 |    2.848 | 
     | g59873                     | A1 v -> ZN ^ | NAND2_X1  | 0.111 |   2.991 |    2.959 | 
     | g59818                     | C1 ^ -> ZN v | OAI211_X1 | 0.089 |   3.081 |    3.049 | 
     | g59791                     | A1 v -> ZN v | AND2_X1   | 0.145 |   3.226 |    3.194 | 
     | g59770                     | A1 v -> ZN ^ | NOR2_X2   | 0.112 |   3.337 |    3.306 | 
     | g59755                     | A1 ^ -> ZN v | NOR2_X1   | 0.044 |   3.381 |    3.350 | 
     | FE_OCPC254_n_1320          | A v -> ZN ^  | INV_X1    | 0.042 |   3.423 |    3.391 | 
     | g59739                     | A1 ^ -> ZN v | NAND2_X1  | 0.042 |   3.466 |    3.434 | 
     | g3                         | S v -> Z v   | MUX2_X1   | 0.185 |   3.651 |    3.619 | 
     | g62761                     | A v -> ZN v  | XNOR2_X1  | 0.127 |   3.777 |    3.745 | 
     | g59698                     | B1 v -> ZN ^ | OAI221_X1 | 0.172 |   3.950 |    3.918 | 
     | datapath_IF_pc_reg[30]     | D ^          | DFFR_X1   | 0.000 |   3.950 |    3.918 | 
     +------------------------------------------------------------------------------------+ 
Path 4: VIOLATED Setup Check with Pin datapath_EXMEM_aluResult_reg[28]/CK 
Endpoint:   datapath_EXMEM_aluResult_reg[28]/D (^) checked with  leading edge 
of 'clk'
Beginpoint: datapath_EXMEM_rd_reg[0]/QN        (^) triggered by  leading edge 
of 'clk'
Path Groups: {reg2reg}
Analysis View: WC_VIEW
Other End Arrival Time          0.007
- Setup                         0.121
+ Phase Shift                   4.100
+ CPPR Adjustment               0.000
- Uncertainty                   0.100
= Required Time                 3.885
- Arrival Time                  3.908
= Slack Time                   -0.022
     Clock Rise Edge                 0.000
     + Clock Network Latency (Prop)  0.003
     = Beginpoint Arrival Time       0.003
     +------------------------------------------------------------------------------------------+ 
     |             Instance             |     Arc      |   Cell    | Delay | Arrival | Required | 
     |                                  |              |           |       |  Time   |   Time   | 
     |----------------------------------+--------------+-----------+-------+---------+----------| 
     | datapath_EXMEM_rd_reg[0]         | CK ^         |           |       |   0.003 |   -0.019 | 
     | datapath_EXMEM_rd_reg[0]         | CK ^ -> QN ^ | DFFR_X1   | 0.330 |   0.333 |    0.311 | 
     | g34387                           | B ^ -> ZN ^  | XNOR2_X1  | 0.156 |   0.489 |    0.467 | 
     | g34318                           | A1 ^ -> ZN ^ | AND2_X2   | 0.113 |   0.602 |    0.580 | 
     | g34314                           | A2 ^ -> ZN ^ | AND4_X2   | 0.176 |   0.778 |    0.756 | 
     | FE_OFC210_n_1943                 | A ^ -> ZN v  | INV_X2    | 0.042 |   0.820 |    0.798 | 
     | FE_OFC339_n_1442                 | A v -> ZN ^  | INV_X4    | 0.168 |   0.988 |    0.966 | 
     | g2                               | A2 ^ -> ZN ^ | OR2_X4    | 0.239 |   1.227 |    1.205 | 
     | g34220                           | B1 ^ -> ZN v | OAI21_X1  | 0.104 |   1.331 |    1.309 | 
     | g61618                           | C1 v -> ZN ^ | OAI211_X1 | 0.158 |   1.489 |    1.467 | 
     | g61582                           | A ^ -> ZN v  | INV_X1    | 0.038 |   1.527 |    1.505 | 
     | g60433                           | A1 v -> ZN ^ | NAND2_X1  | 0.075 |   1.602 |    1.580 | 
     | g60101                           | A2 ^ -> ZN v | NAND2_X1  | 0.049 |   1.650 |    1.628 | 
     | g60090                           | A1 v -> ZN v | AND2_X2   | 0.095 |   1.745 |    1.723 | 
     | FE_RC_2_0                        | B1 v -> ZN ^ | OAI21_X2  | 0.124 |   1.870 |    1.847 | 
     | FE_RC_3_0                        | B1 ^ -> ZN v | AOI21_X2  | 0.072 |   1.942 |    1.920 | 
     | g60016                           | B1 v -> ZN ^ | OAI21_X2  | 0.118 |   2.060 |    2.038 | 
     | g59995                           | B1 ^ -> ZN v | AOI21_X1  | 0.073 |   2.133 |    2.111 | 
     | g59976                           | B1 v -> ZN ^ | OAI21_X1  | 0.185 |   2.319 |    2.296 | 
     | FE_RC_4_0                        | B1 ^ -> ZN v | AOI21_X2  | 0.082 |   2.401 |    2.379 | 
     | g59939                           | B1 v -> ZN ^ | OAI21_X1  | 0.182 |   2.583 |    2.561 | 
     | g59932                           | A1 ^ -> ZN v | NAND2_X1  | 0.054 |   2.637 |    2.615 | 
     | g59923                           | A1 v -> ZN v | AND2_X1   | 0.114 |   2.750 |    2.728 | 
     | g59920                           | A1 v -> ZN ^ | NOR2_X1   | 0.216 |   2.966 |    2.944 | 
     | g59898                           | B1 ^ -> ZN v | AOI21_X1  | 0.106 |   3.072 |    3.050 | 
     | g59889                           | A1 v -> ZN v | AND2_X2   | 0.122 |   3.194 |    3.172 | 
     | g59877                           | A1 v -> ZN v | OR2_X2    | 0.160 |   3.354 |    3.332 | 
     | g59862                           | A1 v -> ZN v | AND2_X2   | 0.099 |   3.454 |    3.432 | 
     | g62767                           | S v -> Z v   | MUX2_X1   | 0.181 |   3.635 |    3.613 | 
     | g62766                           | A v -> ZN v  | XNOR2_X1  | 0.126 |   3.761 |    3.739 | 
     | g59797                           | A1 v -> ZN ^ | OAI222_X1 | 0.146 |   3.908 |    3.885 | 
     | datapath_EXMEM_aluResult_reg[28] | D ^          | DFFR_X1   | 0.000 |   3.908 |    3.885 | 
     +------------------------------------------------------------------------------------------+ 
Path 5: VIOLATED Setup Check with Pin datapath_EXMEM_aluResult_reg[22]/CK 
Endpoint:   datapath_EXMEM_aluResult_reg[22]/D (^) checked with  leading edge 
of 'clk'
Beginpoint: datapath_EXMEM_rd_reg[0]/QN        (^) triggered by  leading edge 
of 'clk'
Path Groups: {reg2reg}
Analysis View: WC_VIEW
Other End Arrival Time          0.007
- Setup                         0.118
+ Phase Shift                   4.100
+ CPPR Adjustment               0.000
- Uncertainty                   0.100
= Required Time                 3.889
- Arrival Time                  3.907
= Slack Time                   -0.018
     Clock Rise Edge                 0.000
     + Clock Network Latency (Prop)  0.003
     = Beginpoint Arrival Time       0.003
     +------------------------------------------------------------------------------------------+ 
     |             Instance             |     Arc      |   Cell    | Delay | Arrival | Required | 
     |                                  |              |           |       |  Time   |   Time   | 
     |----------------------------------+--------------+-----------+-------+---------+----------| 
     | datapath_EXMEM_rd_reg[0]         | CK ^         |           |       |   0.003 |   -0.016 | 
     | datapath_EXMEM_rd_reg[0]         | CK ^ -> QN ^ | DFFR_X1   | 0.330 |   0.333 |    0.314 | 
     | g34387                           | B ^ -> ZN ^  | XNOR2_X1  | 0.156 |   0.489 |    0.471 | 
     | g34318                           | A1 ^ -> ZN ^ | AND2_X2   | 0.113 |   0.602 |    0.584 | 
     | g34314                           | A2 ^ -> ZN ^ | AND4_X2   | 0.176 |   0.778 |    0.760 | 
     | FE_OFC210_n_1943                 | A ^ -> ZN v  | INV_X2    | 0.042 |   0.820 |    0.801 | 
     | FE_OFC339_n_1442                 | A v -> ZN ^  | INV_X4    | 0.168 |   0.988 |    0.969 | 
     | g2                               | A2 ^ -> ZN ^ | OR2_X4    | 0.239 |   1.227 |    1.209 | 
     | g34220                           | B1 ^ -> ZN v | OAI21_X1  | 0.104 |   1.331 |    1.313 | 
     | g61618                           | C1 v -> ZN ^ | OAI211_X1 | 0.158 |   1.489 |    1.471 | 
     | g61582                           | A ^ -> ZN v  | INV_X1    | 0.038 |   1.527 |    1.508 | 
     | g60433                           | A1 v -> ZN ^ | NAND2_X1  | 0.075 |   1.602 |    1.583 | 
     | g60101                           | A2 ^ -> ZN v | NAND2_X1  | 0.049 |   1.650 |    1.632 | 
     | g60090                           | A1 v -> ZN v | AND2_X2   | 0.095 |   1.745 |    1.727 | 
     | FE_RC_2_0                        | B1 v -> ZN ^ | OAI21_X2  | 0.124 |   1.870 |    1.851 | 
     | FE_RC_3_0                        | B1 ^ -> ZN v | AOI21_X2  | 0.072 |   1.942 |    1.924 | 
     | g60016                           | B1 v -> ZN ^ | OAI21_X2  | 0.118 |   2.060 |    2.042 | 
     | g59995                           | B1 ^ -> ZN v | AOI21_X1  | 0.073 |   2.133 |    2.115 | 
     | g59976                           | B1 v -> ZN ^ | OAI21_X1  | 0.185 |   2.319 |    2.300 | 
     | FE_RC_4_0                        | B1 ^ -> ZN v | AOI21_X2  | 0.082 |   2.401 |    2.382 | 
     | g59939                           | B1 v -> ZN ^ | OAI21_X1  | 0.182 |   2.583 |    2.564 | 
     | g59932                           | A1 ^ -> ZN v | NAND2_X1  | 0.054 |   2.637 |    2.618 | 
     | g59923                           | A1 v -> ZN v | AND2_X1   | 0.114 |   2.750 |    2.732 | 
     | g59920                           | A1 v -> ZN ^ | NOR2_X1   | 0.216 |   2.966 |    2.948 | 
     | g59917                           | A ^ -> ZN v  | INV_X1    | 0.056 |   3.022 |    3.003 | 
     | g59909                           | A1 v -> ZN ^ | NAND2_X2  | 0.080 |   3.101 |    3.083 | 
     | FE_RC_0_0                        | B1 ^ -> ZN v | AOI21_X2  | 0.052 |   3.153 |    3.135 | 
     | g59863                           | B1 v -> ZN ^ | OAI21_X1  | 0.114 |   3.267 |    3.249 | 
     | g59856                           | A ^ -> ZN v  | INV_X1    | 0.059 |   3.326 |    3.308 | 
     | g59844                           | A1 v -> ZN v | OR2_X2    | 0.157 |   3.484 |    3.465 | 
     | g59829                           | A1 v -> ZN v | AND2_X1   | 0.113 |   3.597 |    3.579 | 
     | g59799                           | S v -> Z v   | MUX2_X1   | 0.178 |   3.775 |    3.757 | 
     | g59756                           | A1 v -> ZN ^ | OAI222_X1 | 0.132 |   3.907 |    3.889 | 
     | datapath_EXMEM_aluResult_reg[22] | D ^          | DFFR_X1   | 0.000 |   3.907 |    3.889 | 
     +------------------------------------------------------------------------------------------+ 
Path 6: VIOLATED Setup Check with Pin datapath_EXMEM_aluResult_reg[0]/CK 
Endpoint:   datapath_EXMEM_aluResult_reg[0]/D (v) checked with  leading edge of 
'clk'
Beginpoint: datapath_EXMEM_rd_reg[0]/QN       (^) triggered by  leading edge of 
'clk'
Path Groups: {reg2reg}
Analysis View: WC_VIEW
Other End Arrival Time          0.011
- Setup                         0.142
+ Phase Shift                   4.100
+ CPPR Adjustment               0.000
- Uncertainty                   0.100
= Required Time                 3.869
- Arrival Time                  3.883
= Slack Time                   -0.014
     Clock Rise Edge                 0.000
     + Clock Network Latency (Prop)  0.003
     = Beginpoint Arrival Time       0.003
     +-----------------------------------------------------------------------------------------+ 
     |            Instance             |     Arc      |   Cell    | Delay | Arrival | Required | 
     |                                 |              |           |       |  Time   |   Time   | 
     |---------------------------------+--------------+-----------+-------+---------+----------| 
     | datapath_EXMEM_rd_reg[0]        | CK ^         |           |       |   0.003 |   -0.011 | 
     | datapath_EXMEM_rd_reg[0]        | CK ^ -> QN ^ | DFFR_X1   | 0.330 |   0.333 |    0.319 | 
     | g34387                          | B ^ -> ZN ^  | XNOR2_X1  | 0.156 |   0.489 |    0.475 | 
     | g34318                          | A1 ^ -> ZN ^ | AND2_X2   | 0.113 |   0.602 |    0.588 | 
     | g34314                          | A2 ^ -> ZN ^ | AND4_X2   | 0.176 |   0.778 |    0.764 | 
     | FE_OFC210_n_1943                | A ^ -> ZN v  | INV_X2    | 0.042 |   0.820 |    0.806 | 
     | FE_OFC339_n_1442                | A v -> ZN ^  | INV_X4    | 0.168 |   0.988 |    0.974 | 
     | g2                              | A2 ^ -> ZN ^ | OR2_X4    | 0.239 |   1.227 |    1.213 | 
     | g34220                          | B1 ^ -> ZN v | OAI21_X1  | 0.104 |   1.331 |    1.317 | 
     | g61618                          | C1 v -> ZN ^ | OAI211_X1 | 0.158 |   1.489 |    1.475 | 
     | g61582                          | A ^ -> ZN v  | INV_X1    | 0.038 |   1.527 |    1.513 | 
     | g60433                          | A1 v -> ZN ^ | NAND2_X1  | 0.075 |   1.602 |    1.588 | 
     | g60101                          | A2 ^ -> ZN v | NAND2_X1  | 0.049 |   1.650 |    1.637 | 
     | g60090                          | A1 v -> ZN v | AND2_X2   | 0.095 |   1.745 |    1.732 | 
     | FE_RC_2_0                       | B1 v -> ZN ^ | OAI21_X2  | 0.124 |   1.870 |    1.856 | 
     | FE_RC_3_0                       | B1 ^ -> ZN v | AOI21_X2  | 0.072 |   1.942 |    1.928 | 
     | g60016                          | B1 v -> ZN ^ | OAI21_X2  | 0.118 |   2.060 |    2.047 | 
     | g59995                          | B1 ^ -> ZN v | AOI21_X1  | 0.073 |   2.133 |    2.119 | 
     | g59976                          | B1 v -> ZN ^ | OAI21_X1  | 0.185 |   2.319 |    2.305 | 
     | FE_RC_4_0                       | B1 ^ -> ZN v | AOI21_X2  | 0.082 |   2.401 |    2.387 | 
     | g59939                          | B1 v -> ZN ^ | OAI21_X1  | 0.182 |   2.583 |    2.569 | 
     | g59932                          | A1 ^ -> ZN v | NAND2_X1  | 0.054 |   2.637 |    2.623 | 
     | g59923                          | A1 v -> ZN v | AND2_X1   | 0.114 |   2.750 |    2.737 | 
     | g59920                          | A1 v -> ZN ^ | NOR2_X1   | 0.216 |   2.966 |    2.952 | 
     | g59905                          | A1 ^ -> ZN v | AOI22_X1  | 0.113 |   3.079 |    3.065 | 
     | g59884                          | B1 v -> ZN ^ | OAI221_X1 | 0.198 |   3.277 |    3.264 | 
     | g59880                          | A ^ -> ZN v  | INV_X1    | 0.054 |   3.331 |    3.317 | 
     | FE_RC_1_0                       | A1 v -> ZN ^ | OAI22_X2  | 0.127 |   3.458 |    3.444 | 
     | g59817                          | A ^ -> ZN ^  | XNOR2_X1  | 0.170 |   3.628 |    3.614 | 
     | g59785                          | A1 ^ -> ZN v | NOR2_X1   | 0.044 |   3.672 |    3.658 | 
     | g59758                          | C1 v -> ZN ^ | OAI211_X1 | 0.136 |   3.808 |    3.794 | 
     | g59741                          | A1 ^ -> ZN v | NAND2_X1  | 0.074 |   3.882 |    3.869 | 
     | datapath_EXMEM_aluResult_reg[0] | D v          | DFFR_X1   | 0.000 |   3.883 |    3.869 | 
     +-----------------------------------------------------------------------------------------+ 
Path 7: VIOLATED Setup Check with Pin datapath_EXMEM_aluResult_reg[21]/CK 
Endpoint:   datapath_EXMEM_aluResult_reg[21]/D (^) checked with  leading edge 
of 'clk'
Beginpoint: datapath_EXMEM_rd_reg[0]/QN        (^) triggered by  leading edge 
of 'clk'
Path Groups: {reg2reg}
Analysis View: WC_VIEW
Other End Arrival Time          0.019
- Setup                         0.116
+ Phase Shift                   4.100
+ CPPR Adjustment               0.000
- Uncertainty                   0.100
= Required Time                 3.904
- Arrival Time                  3.916
= Slack Time                   -0.013
     Clock Rise Edge                 0.000
     + Clock Network Latency (Prop)  0.003
     = Beginpoint Arrival Time       0.003
     +------------------------------------------------------------------------------------------+ 
     |             Instance             |     Arc      |   Cell    | Delay | Arrival | Required | 
     |                                  |              |           |       |  Time   |   Time   | 
     |----------------------------------+--------------+-----------+-------+---------+----------| 
     | datapath_EXMEM_rd_reg[0]         | CK ^         |           |       |   0.003 |   -0.010 | 
     | datapath_EXMEM_rd_reg[0]         | CK ^ -> QN ^ | DFFR_X1   | 0.330 |   0.333 |    0.320 | 
     | g34387                           | B ^ -> ZN ^  | XNOR2_X1  | 0.156 |   0.489 |    0.476 | 
     | g34318                           | A1 ^ -> ZN ^ | AND2_X2   | 0.113 |   0.602 |    0.589 | 
     | g34314                           | A2 ^ -> ZN ^ | AND4_X2   | 0.176 |   0.778 |    0.766 | 
     | FE_OFC210_n_1943                 | A ^ -> ZN v  | INV_X2    | 0.042 |   0.820 |    0.807 | 
     | FE_OFC339_n_1442                 | A v -> ZN ^  | INV_X4    | 0.168 |   0.988 |    0.975 | 
     | g2                               | A2 ^ -> ZN ^ | OR2_X4    | 0.239 |   1.227 |    1.215 | 
     | g34220                           | B1 ^ -> ZN v | OAI21_X1  | 0.104 |   1.331 |    1.319 | 
     | g61618                           | C1 v -> ZN ^ | OAI211_X1 | 0.158 |   1.489 |    1.476 | 
     | g61582                           | A ^ -> ZN v  | INV_X1    | 0.038 |   1.527 |    1.514 | 
     | g60433                           | A1 v -> ZN ^ | NAND2_X1  | 0.075 |   1.602 |    1.589 | 
     | g60101                           | A2 ^ -> ZN v | NAND2_X1  | 0.049 |   1.650 |    1.638 | 
     | g60090                           | A1 v -> ZN v | AND2_X2   | 0.095 |   1.745 |    1.733 | 
     | FE_RC_2_0                        | B1 v -> ZN ^ | OAI21_X2  | 0.124 |   1.870 |    1.857 | 
     | FE_RC_3_0                        | B1 ^ -> ZN v | AOI21_X2  | 0.072 |   1.942 |    1.930 | 
     | g60016                           | B1 v -> ZN ^ | OAI21_X2  | 0.118 |   2.060 |    2.048 | 
     | g59995                           | B1 ^ -> ZN v | AOI21_X1  | 0.073 |   2.133 |    2.121 | 
     | g59976                           | B1 v -> ZN ^ | OAI21_X1  | 0.185 |   2.319 |    2.306 | 
     | FE_RC_4_0                        | B1 ^ -> ZN v | AOI21_X2  | 0.082 |   2.401 |    2.388 | 
     | g59939                           | B1 v -> ZN ^ | OAI21_X1  | 0.182 |   2.583 |    2.570 | 
     | g59932                           | A1 ^ -> ZN v | NAND2_X1  | 0.054 |   2.637 |    2.624 | 
     | g59923                           | A1 v -> ZN v | AND2_X1   | 0.114 |   2.750 |    2.738 | 
     | g59920                           | A1 v -> ZN ^ | NOR2_X1   | 0.216 |   2.966 |    2.953 | 
     | g59917                           | A ^ -> ZN v  | INV_X1    | 0.056 |   3.022 |    3.009 | 
     | g59909                           | A1 v -> ZN ^ | NAND2_X2  | 0.080 |   3.101 |    3.089 | 
     | FE_RC_0_0                        | B1 ^ -> ZN v | AOI21_X2  | 0.052 |   3.153 |    3.141 | 
     | g59863                           | B1 v -> ZN ^ | OAI21_X1  | 0.114 |   3.267 |    3.255 | 
     | g59856                           | A ^ -> ZN v  | INV_X1    | 0.059 |   3.326 |    3.314 | 
     | g59844                           | A1 v -> ZN v | OR2_X2    | 0.157 |   3.484 |    3.471 | 
     | g62763                           | S v -> Z v   | MUX2_X1   | 0.187 |   3.670 |    3.658 | 
     | g62762                           | A v -> ZN v  | XNOR2_X1  | 0.126 |   3.796 |    3.784 | 
     | g59778                           | A1 v -> ZN ^ | OAI222_X1 | 0.119 |   3.916 |    3.903 | 
     | datapath_EXMEM_aluResult_reg[21] | D ^          | DFFR_X1   | 0.000 |   3.916 |    3.904 | 
     +------------------------------------------------------------------------------------------+ 
Path 8: VIOLATED Setup Check with Pin datapath_EXMEM_aluResult_reg[20]/CK 
Endpoint:   datapath_EXMEM_aluResult_reg[20]/D (v) checked with  leading edge 
of 'clk'
Beginpoint: datapath_EXMEM_rd_reg[0]/QN        (^) triggered by  leading edge 
of 'clk'
Path Groups: {reg2reg}
Analysis View: WC_VIEW
Other End Arrival Time          0.016
- Setup                         0.152
+ Phase Shift                   4.100
+ CPPR Adjustment               0.000
- Uncertainty                   0.100
= Required Time                 3.864
- Arrival Time                  3.865
= Slack Time                   -0.001
     Clock Rise Edge                 0.000
     + Clock Network Latency (Prop)  0.003
     = Beginpoint Arrival Time       0.003
     +------------------------------------------------------------------------------------------+ 
     |             Instance             |     Arc      |   Cell    | Delay | Arrival | Required | 
     |                                  |              |           |       |  Time   |   Time   | 
     |----------------------------------+--------------+-----------+-------+---------+----------| 
     | datapath_EXMEM_rd_reg[0]         | CK ^         |           |       |   0.003 |    0.001 | 
     | datapath_EXMEM_rd_reg[0]         | CK ^ -> QN ^ | DFFR_X1   | 0.330 |   0.333 |    0.331 | 
     | g34387                           | B ^ -> ZN ^  | XNOR2_X1  | 0.156 |   0.489 |    0.488 | 
     | g34318                           | A1 ^ -> ZN ^ | AND2_X2   | 0.113 |   0.602 |    0.601 | 
     | g34314                           | A2 ^ -> ZN ^ | AND4_X2   | 0.176 |   0.778 |    0.777 | 
     | FE_OFC210_n_1943                 | A ^ -> ZN v  | INV_X2    | 0.042 |   0.820 |    0.818 | 
     | FE_OFC339_n_1442                 | A v -> ZN ^  | INV_X4    | 0.168 |   0.988 |    0.986 | 
     | g2                               | A2 ^ -> ZN ^ | OR2_X4    | 0.239 |   1.227 |    1.226 | 
     | g34220                           | B1 ^ -> ZN v | OAI21_X1  | 0.104 |   1.331 |    1.330 | 
     | g61618                           | C1 v -> ZN ^ | OAI211_X1 | 0.158 |   1.489 |    1.488 | 
     | g61582                           | A ^ -> ZN v  | INV_X1    | 0.038 |   1.527 |    1.525 | 
     | g60433                           | A1 v -> ZN ^ | NAND2_X1  | 0.075 |   1.602 |    1.600 | 
     | g60101                           | A2 ^ -> ZN v | NAND2_X1  | 0.049 |   1.650 |    1.649 | 
     | g60090                           | A1 v -> ZN v | AND2_X2   | 0.095 |   1.745 |    1.744 | 
     | FE_RC_2_0                        | B1 v -> ZN ^ | OAI21_X2  | 0.124 |   1.870 |    1.868 | 
     | FE_RC_3_0                        | B1 ^ -> ZN v | AOI21_X2  | 0.072 |   1.942 |    1.941 | 
     | g60016                           | B1 v -> ZN ^ | OAI21_X2  | 0.118 |   2.060 |    2.059 | 
     | g59995                           | B1 ^ -> ZN v | AOI21_X1  | 0.073 |   2.133 |    2.132 | 
     | g59976                           | B1 v -> ZN ^ | OAI21_X1  | 0.185 |   2.319 |    2.317 | 
     | FE_RC_4_0                        | B1 ^ -> ZN v | AOI21_X2  | 0.082 |   2.401 |    2.399 | 
     | g59939                           | B1 v -> ZN ^ | OAI21_X1  | 0.182 |   2.583 |    2.581 | 
     | g59932                           | A1 ^ -> ZN v | NAND2_X1  | 0.054 |   2.637 |    2.635 | 
     | g59923                           | A1 v -> ZN v | AND2_X1   | 0.114 |   2.750 |    2.749 | 
     | g59920                           | A1 v -> ZN ^ | NOR2_X1   | 0.216 |   2.966 |    2.965 | 
     | g59917                           | A ^ -> ZN v  | INV_X1    | 0.056 |   3.022 |    3.020 | 
     | g59909                           | A1 v -> ZN ^ | NAND2_X2  | 0.080 |   3.101 |    3.100 | 
     | FE_RC_0_0                        | B1 ^ -> ZN v | AOI21_X2  | 0.052 |   3.153 |    3.152 | 
     | g59863                           | B1 v -> ZN ^ | OAI21_X1  | 0.114 |   3.267 |    3.266 | 
     | g59856                           | A ^ -> ZN v  | INV_X1    | 0.059 |   3.326 |    3.325 | 
     | g62781                           | S v -> Z v   | MUX2_X1   | 0.187 |   3.513 |    3.512 | 
     | g62780                           | A v -> ZN ^  | XNOR2_X1  | 0.121 |   3.634 |    3.633 | 
     | g62764                           | A ^ -> ZN ^  | XNOR2_X1  | 0.141 |   3.775 |    3.774 | 
     | g59796                           | A1 ^ -> ZN v | OAI222_X1 | 0.090 |   3.865 |    3.864 | 
     | datapath_EXMEM_aluResult_reg[20] | D v          | DFFR_X1   | 0.000 |   3.865 |    3.864 | 
     +------------------------------------------------------------------------------------------+ 
Path 9: MET Setup Check with Pin datapath_EXMEM_aluResult_reg[24]/CK 
Endpoint:   datapath_EXMEM_aluResult_reg[24]/D (^) checked with  leading edge 
of 'clk'
Beginpoint: datapath_EXMEM_rd_reg[0]/QN        (^) triggered by  leading edge 
of 'clk'
Path Groups: {reg2reg}
Analysis View: WC_VIEW
Other End Arrival Time          0.016
- Setup                         0.118
+ Phase Shift                   4.100
+ CPPR Adjustment               0.000
- Uncertainty                   0.100
= Required Time                 3.898
- Arrival Time                  3.895
= Slack Time                    0.003
     Clock Rise Edge                 0.000
     + Clock Network Latency (Prop)  0.003
     = Beginpoint Arrival Time       0.003
     +------------------------------------------------------------------------------------------+ 
     |             Instance             |     Arc      |   Cell    | Delay | Arrival | Required | 
     |                                  |              |           |       |  Time   |   Time   | 
     |----------------------------------+--------------+-----------+-------+---------+----------| 
     | datapath_EXMEM_rd_reg[0]         | CK ^         |           |       |   0.003 |    0.006 | 
     | datapath_EXMEM_rd_reg[0]         | CK ^ -> QN ^ | DFFR_X1   | 0.330 |   0.333 |    0.336 | 
     | g34387                           | B ^ -> ZN ^  | XNOR2_X1  | 0.156 |   0.489 |    0.492 | 
     | g34318                           | A1 ^ -> ZN ^ | AND2_X2   | 0.113 |   0.602 |    0.605 | 
     | g34314                           | A2 ^ -> ZN ^ | AND4_X2   | 0.176 |   0.778 |    0.781 | 
     | FE_OFC210_n_1943                 | A ^ -> ZN v  | INV_X2    | 0.042 |   0.820 |    0.823 | 
     | FE_OFC339_n_1442                 | A v -> ZN ^  | INV_X4    | 0.168 |   0.988 |    0.991 | 
     | g2                               | A2 ^ -> ZN ^ | OR2_X4    | 0.239 |   1.227 |    1.230 | 
     | g34220                           | B1 ^ -> ZN v | OAI21_X1  | 0.104 |   1.331 |    1.334 | 
     | g61618                           | C1 v -> ZN ^ | OAI211_X1 | 0.158 |   1.489 |    1.492 | 
     | g61582                           | A ^ -> ZN v  | INV_X1    | 0.038 |   1.527 |    1.530 | 
     | g60433                           | A1 v -> ZN ^ | NAND2_X1  | 0.075 |   1.602 |    1.605 | 
     | g60101                           | A2 ^ -> ZN v | NAND2_X1  | 0.049 |   1.650 |    1.653 | 
     | g60090                           | A1 v -> ZN v | AND2_X2   | 0.095 |   1.745 |    1.749 | 
     | FE_RC_2_0                        | B1 v -> ZN ^ | OAI21_X2  | 0.124 |   1.870 |    1.873 | 
     | FE_RC_3_0                        | B1 ^ -> ZN v | AOI21_X2  | 0.072 |   1.942 |    1.945 | 
     | g60016                           | B1 v -> ZN ^ | OAI21_X2  | 0.118 |   2.060 |    2.063 | 
     | g59995                           | B1 ^ -> ZN v | AOI21_X1  | 0.073 |   2.133 |    2.136 | 
     | g59976                           | B1 v -> ZN ^ | OAI21_X1  | 0.185 |   2.319 |    2.322 | 
     | FE_RC_4_0                        | B1 ^ -> ZN v | AOI21_X2  | 0.082 |   2.401 |    2.404 | 
     | g59939                           | B1 v -> ZN ^ | OAI21_X1  | 0.182 |   2.583 |    2.586 | 
     | g59932                           | A1 ^ -> ZN v | NAND2_X1  | 0.054 |   2.637 |    2.640 | 
     | g59923                           | A1 v -> ZN v | AND2_X1   | 0.114 |   2.750 |    2.753 | 
     | g59920                           | A1 v -> ZN ^ | NOR2_X1   | 0.216 |   2.966 |    2.969 | 
     | g59917                           | A ^ -> ZN v  | INV_X1    | 0.056 |   3.022 |    3.025 | 
     | g59909                           | A1 v -> ZN ^ | NAND2_X2  | 0.080 |   3.101 |    3.104 | 
     | g59888                           | B1 ^ -> ZN v | AOI21_X1  | 0.067 |   3.168 |    3.171 | 
     | g59879                           | A1 v -> ZN ^ | NAND2_X1  | 0.098 |   3.266 |    3.269 | 
     | g62783                           | S ^ -> Z v   | MUX2_X1   | 0.233 |   3.499 |    3.502 | 
     | g62782                           | A v -> ZN v  | XNOR2_X1  | 0.131 |   3.630 |    3.633 | 
     | g62768                           | A v -> ZN v  | XNOR2_X1  | 0.137 |   3.767 |    3.770 | 
     | g59815                           | A1 v -> ZN ^ | OAI222_X1 | 0.128 |   3.895 |    3.898 | 
     | datapath_EXMEM_aluResult_reg[24] | D ^          | DFFR_X1   | 0.000 |   3.895 |    3.898 | 
     +------------------------------------------------------------------------------------------+ 
Path 10: MET Setup Check with Pin datapath_EXMEM_aluResult_reg[23]/CK 
Endpoint:   datapath_EXMEM_aluResult_reg[23]/D (^) checked with  leading edge 
of 'clk'
Beginpoint: datapath_MEMWB_rd_reg[3]/QN        (v) triggered by  leading edge 
of 'clk'
Path Groups: {reg2reg}
Analysis View: WC_VIEW
Other End Arrival Time          0.007
- Setup                         0.117
+ Phase Shift                   4.100
+ CPPR Adjustment               0.000
- Uncertainty                   0.100
= Required Time                 3.890
- Arrival Time                  3.871
= Slack Time                    0.019
     Clock Rise Edge                 0.000
     + Clock Network Latency (Prop)  0.010
     = Beginpoint Arrival Time       0.010
     +------------------------------------------------------------------------------------------+ 
     |             Instance             |     Arc      |   Cell    | Delay | Arrival | Required | 
     |                                  |              |           |       |  Time   |   Time   | 
     |----------------------------------+--------------+-----------+-------+---------+----------| 
     | datapath_MEMWB_rd_reg[3]         | CK ^         |           |       |   0.010 |    0.029 | 
     | datapath_MEMWB_rd_reg[3]         | CK ^ -> QN v | DFFR_X1   | 0.311 |   0.321 |    0.340 | 
     | g35074                           | A v -> ZN ^  | INV_X2    | 0.120 |   0.441 |    0.460 | 
     | g61886                           | A ^ -> ZN ^  | XNOR2_X1  | 0.130 |   0.571 |    0.590 | 
     | g61661                           | A1 ^ -> ZN ^ | AND4_X1   | 0.194 |   0.765 |    0.784 | 
     | g61555                           | A2 ^ -> ZN ^ | AND3_X4   | 0.175 |   0.940 |    0.959 | 
     | g60530                           | A1 ^ -> ZN v | NOR2_X1   | 0.046 |   0.986 |    1.005 | 
     | FE_OFC330_n_185                  | A v -> Z v   | BUF_X4    | 0.126 |   1.112 |    1.131 | 
     | g60458                           | A1 v -> ZN ^ | AOI222_X1 | 0.219 |   1.331 |    1.350 | 
     | FE_OFC320_n_745                  | A ^ -> ZN v  | INV_X1    | 0.094 |   1.426 |    1.445 | 
     | g60109                           | A v -> CO v  | FA_X1     | 0.313 |   1.739 |    1.758 | 
     | g60101                           | A1 v -> ZN ^ | NAND2_X1  | 0.066 |   1.805 |    1.824 | 
     | g60090                           | A1 ^ -> ZN ^ | AND2_X2   | 0.102 |   1.907 |    1.927 | 
     | FE_RC_2_0                        | B1 ^ -> ZN v | OAI21_X2  | 0.048 |   1.956 |    1.975 | 
     | FE_RC_3_0                        | B1 v -> ZN ^ | AOI21_X2  | 0.132 |   2.088 |    2.107 | 
     | g60016                           | B1 ^ -> ZN v | OAI21_X2  | 0.068 |   2.156 |    2.175 | 
     | g59995                           | B1 v -> ZN ^ | AOI21_X1  | 0.152 |   2.308 |    2.328 | 
     | g59976                           | B1 ^ -> ZN v | OAI21_X1  | 0.098 |   2.406 |    2.425 | 
     | FE_RC_4_0                        | B1 v -> ZN ^ | AOI21_X2  | 0.136 |   2.542 |    2.562 | 
     | g59939                           | B1 ^ -> ZN v | OAI21_X1  | 0.091 |   2.633 |    2.652 | 
     | g59932                           | A1 v -> ZN ^ | NAND2_X1  | 0.055 |   2.688 |    2.707 | 
     | g59923                           | A1 ^ -> ZN ^ | AND2_X1   | 0.114 |   2.802 |    2.821 | 
     | g59920                           | A1 ^ -> ZN v | NOR2_X1   | 0.051 |   2.853 |    2.873 | 
     | g59917                           | A v -> ZN ^  | INV_X1    | 0.054 |   2.908 |    2.927 | 
     | g59909                           | A1 ^ -> ZN v | NAND2_X2  | 0.049 |   2.956 |    2.976 | 
     | g59888                           | B1 v -> ZN ^ | AOI21_X1  | 0.168 |   3.124 |    3.143 | 
     | g62787                           | S ^ -> Z v   | MUX2_X1   | 0.249 |   3.373 |    3.392 | 
     | g62786                           | A v -> Z v   | XOR2_X1   | 0.189 |   3.561 |    3.580 | 
     | g62803                           | A v -> Z v   | XOR2_X1   | 0.184 |   3.745 |    3.764 | 
     | g59832                           | A1 v -> ZN ^ | OAI222_X1 | 0.126 |   3.871 |    3.890 | 
     | datapath_EXMEM_aluResult_reg[23] | D ^          | DFFR_X1   | 0.000 |   3.871 |    3.890 | 
     +------------------------------------------------------------------------------------------+ 
Path 11: MET Setup Check with Pin datapath_IF_pc_reg[22]/CK 
Endpoint:   datapath_IF_pc_reg[22]/D     (^) checked with  leading edge of 'clk'
Beginpoint: datapath_IFID_instr_reg[0]/Q (^) triggered by  leading edge of 'clk'
Path Groups: {reg2reg}
Analysis View: WC_VIEW
Other End Arrival Time          0.015
- Setup                         0.085
+ Phase Shift                   4.100
+ CPPR Adjustment               0.000
- Uncertainty                   0.100
= Required Time                 3.930
- Arrival Time                  3.903
= Slack Time                    0.026
     Clock Rise Edge                 0.000
     + Clock Network Latency (Prop)  0.015
     = Beginpoint Arrival Time       0.015
     +------------------------------------------------------------------------------------+ 
     |          Instance          |     Arc      |   Cell    | Delay | Arrival | Required | 
     |                            |              |           |       |  Time   |   Time   | 
     |----------------------------+--------------+-----------+-------+---------+----------| 
     | datapath_IFID_instr_reg[0] | CK ^         |           |       |   0.015 |    0.041 | 
     | datapath_IFID_instr_reg[0] | CK ^ -> Q ^  | DFFR_X1   | 0.380 |   0.394 |    0.421 | 
     | g35194                     | A2 ^ -> ZN ^ | AND2_X1   | 0.123 |   0.517 |    0.544 | 
     | g35071                     | A1 ^ -> ZN v | NAND2_X1  | 0.062 |   0.579 |    0.605 | 
     | g35034                     | A1 v -> ZN ^ | NOR2_X2   | 0.148 |   0.727 |    0.753 | 
     | g34968                     | A1 ^ -> ZN v | NAND2_X1  | 0.088 |   0.815 |    0.841 | 
     | g34936                     | A1 v -> ZN ^ | NAND2_X1  | 0.080 |   0.895 |    0.921 | 
     | g34931                     | A ^ -> ZN v  | INV_X1    | 0.045 |   0.940 |    0.966 | 
     | g34911                     | B1 v -> ZN ^ | OAI21_X1  | 0.185 |   1.125 |    1.152 | 
     | g61696                     | A ^ -> CO ^  | HA_X1     | 0.163 |   1.288 |    1.315 | 
     | g61632                     | A1 ^ -> ZN v | NAND2_X1  | 0.044 |   1.332 |    1.358 | 
     | g61622                     | A1 v -> ZN ^ | NAND2_X1  | 0.072 |   1.404 |    1.431 | 
     | g62822                     | A ^ -> ZN v  | OAI21_X1  | 0.061 |   1.465 |    1.492 | 
     | g60503                     | A1 v -> ZN ^ | NAND2_X1  | 0.089 |   1.554 |    1.581 | 
     | g60418                     | A ^ -> ZN v  | OAI21_X1  | 0.059 |   1.614 |    1.640 | 
     | g60340                     | A1 v -> ZN ^ | NAND2_X1  | 0.111 |   1.725 |    1.752 | 
     | g60258                     | A1 ^ -> ZN v | NAND2_X1  | 0.056 |   1.781 |    1.808 | 
     | g60164                     | A1 v -> ZN ^ | NAND2_X1  | 0.073 |   1.854 |    1.881 | 
     | g60088                     | A ^ -> ZN v  | OAI21_X1  | 0.058 |   1.912 |    1.939 | 
     | g60086                     | A1 v -> ZN ^ | NAND2_X1  | 0.077 |   1.990 |    2.016 | 
     | g60049                     | A ^ -> ZN v  | OAI21_X1  | 0.060 |   2.050 |    2.077 | 
     | g60047                     | A1 v -> ZN ^ | NAND2_X1  | 0.075 |   2.125 |    2.152 | 
     | g60014                     | A ^ -> ZN v  | OAI21_X1  | 0.060 |   2.186 |    2.212 | 
     | g60004                     | A1 v -> ZN ^ | NAND2_X1  | 0.074 |   2.260 |    2.286 | 
     | g59988                     | A ^ -> ZN v  | OAI21_X1  | 0.062 |   2.322 |    2.349 | 
     | g59982                     | A1 v -> ZN ^ | NAND2_X1  | 0.076 |   2.399 |    2.425 | 
     | g59958                     | A ^ -> ZN v  | OAI21_X1  | 0.061 |   2.460 |    2.486 | 
     | g59956                     | A1 v -> ZN ^ | NAND2_X1  | 0.076 |   2.536 |    2.562 | 
     | g59935                     | A ^ -> ZN v  | OAI21_X1  | 0.060 |   2.595 |    2.622 | 
     | g59930                     | A1 v -> ZN ^ | NAND2_X1  | 0.077 |   2.672 |    2.698 | 
     | g59907                     | A ^ -> ZN v  | OAI21_X1  | 0.061 |   2.733 |    2.760 | 
     | g59904                     | A1 v -> ZN ^ | NAND2_X1  | 0.089 |   2.822 |    2.848 | 
     | g59881                     | A ^ -> ZN v  | OAI21_X1  | 0.058 |   2.880 |    2.906 | 
     | g59873                     | A1 v -> ZN ^ | NAND2_X1  | 0.111 |   2.991 |    3.018 | 
     | g59818                     | C1 ^ -> ZN v | OAI211_X1 | 0.089 |   3.081 |    3.107 | 
     | g59791                     | A1 v -> ZN v | AND2_X1   | 0.145 |   3.226 |    3.252 | 
     | g59764                     | A1 v -> ZN ^ | NOR2_X1   | 0.113 |   3.338 |    3.365 | 
     | g59746                     | B1 ^ -> ZN v | AOI21_X1  | 0.075 |   3.413 |    3.440 | 
     | g59715                     | B1 v -> ZN ^ | OAI21_X1  | 0.166 |   3.580 |    3.606 | 
     | g59706                     | B1 ^ -> ZN v | AOI21_X1  | 0.087 |   3.667 |    3.693 | 
     | g59694                     | A v -> ZN v  | XNOR2_X1  | 0.133 |   3.800 |    3.826 | 
     | g59685                     | B1 v -> ZN ^ | OAI21_X1  | 0.103 |   3.903 |    3.930 | 
     | datapath_IF_pc_reg[22]     | D ^          | DFFR_X1   | 0.000 |   3.903 |    3.930 | 
     +------------------------------------------------------------------------------------+ 
Path 12: MET Setup Check with Pin datapath_EXMEM_aluResult_reg[14]/CK 
Endpoint:   datapath_EXMEM_aluResult_reg[14]/D (^) checked with  leading edge 
of 'clk'
Beginpoint: datapath_EXMEM_rd_reg[0]/QN        (^) triggered by  leading edge 
of 'clk'
Path Groups: {reg2reg}
Analysis View: WC_VIEW
Other End Arrival Time          0.013
- Setup                         0.121
+ Phase Shift                   4.100
+ CPPR Adjustment               0.000
- Uncertainty                   0.100
= Required Time                 3.892
- Arrival Time                  3.860
= Slack Time                    0.032
     Clock Rise Edge                 0.000
     + Clock Network Latency (Prop)  0.003
     = Beginpoint Arrival Time       0.003
     +------------------------------------------------------------------------------------------+ 
     |             Instance             |     Arc      |   Cell    | Delay | Arrival | Required | 
     |                                  |              |           |       |  Time   |   Time   | 
     |----------------------------------+--------------+-----------+-------+---------+----------| 
     | datapath_EXMEM_rd_reg[0]         | CK ^         |           |       |   0.003 |    0.035 | 
     | datapath_EXMEM_rd_reg[0]         | CK ^ -> QN ^ | DFFR_X1   | 0.330 |   0.333 |    0.365 | 
     | g34387                           | B ^ -> ZN ^  | XNOR2_X1  | 0.156 |   0.489 |    0.521 | 
     | g34318                           | A1 ^ -> ZN ^ | AND2_X2   | 0.113 |   0.602 |    0.634 | 
     | g34314                           | A2 ^ -> ZN ^ | AND4_X2   | 0.176 |   0.778 |    0.811 | 
     | FE_OFC210_n_1943                 | A ^ -> ZN v  | INV_X2    | 0.042 |   0.820 |    0.852 | 
     | FE_OFC339_n_1442                 | A v -> ZN ^  | INV_X4    | 0.168 |   0.988 |    1.020 | 
     | g2                               | A2 ^ -> ZN ^ | OR2_X4    | 0.239 |   1.227 |    1.260 | 
     | g34220                           | B1 ^ -> ZN v | OAI21_X1  | 0.104 |   1.331 |    1.364 | 
     | g61618                           | C1 v -> ZN ^ | OAI211_X1 | 0.158 |   1.489 |    1.521 | 
     | g61582                           | A ^ -> ZN v  | INV_X1    | 0.038 |   1.527 |    1.559 | 
     | g60433                           | A1 v -> ZN ^ | NAND2_X1  | 0.075 |   1.602 |    1.634 | 
     | g60101                           | A2 ^ -> ZN v | NAND2_X1  | 0.049 |   1.650 |    1.683 | 
     | g60090                           | A1 v -> ZN v | AND2_X2   | 0.095 |   1.745 |    1.778 | 
     | FE_RC_2_0                        | B1 v -> ZN ^ | OAI21_X2  | 0.124 |   1.870 |    1.902 | 
     | FE_RC_3_0                        | B1 ^ -> ZN v | AOI21_X2  | 0.072 |   1.942 |    1.975 | 
     | g60016                           | B1 v -> ZN ^ | OAI21_X2  | 0.118 |   2.060 |    2.093 | 
     | g59995                           | B1 ^ -> ZN v | AOI21_X1  | 0.073 |   2.133 |    2.166 | 
     | g59976                           | B1 v -> ZN ^ | OAI21_X1  | 0.185 |   2.319 |    2.351 | 
     | FE_RC_4_0                        | B1 ^ -> ZN v | AOI21_X2  | 0.082 |   2.401 |    2.433 | 
     | g59939                           | B1 v -> ZN ^ | OAI21_X1  | 0.182 |   2.583 |    2.615 | 
     | g59932                           | A1 ^ -> ZN v | NAND2_X1  | 0.054 |   2.637 |    2.669 | 
     | g59923                           | A1 v -> ZN v | AND2_X1   | 0.114 |   2.750 |    2.783 | 
     | g59920                           | A1 v -> ZN ^ | NOR2_X1   | 0.216 |   2.966 |    2.998 | 
     | g59917                           | A ^ -> ZN v  | INV_X1    | 0.056 |   3.022 |    3.054 | 
     | g59909                           | A1 v -> ZN ^ | NAND2_X2  | 0.080 |   3.101 |    3.134 | 
     | FE_RC_0_0                        | B1 ^ -> ZN v | AOI21_X2  | 0.052 |   3.153 |    3.186 | 
     | g59863                           | B1 v -> ZN ^ | OAI21_X1  | 0.114 |   3.267 |    3.300 | 
     | g59856                           | A ^ -> ZN v  | INV_X1    | 0.059 |   3.326 |    3.359 | 
     | g59844                           | A1 v -> ZN v | OR2_X2    | 0.157 |   3.484 |    3.516 | 
     | g59829                           | A1 v -> ZN v | AND2_X1   | 0.113 |   3.597 |    3.630 | 
     | g59792                           | A v -> ZN v  | XNOR2_X1  | 0.121 |   3.718 |    3.751 | 
     | g59761                           | A1 v -> ZN ^ | OAI222_X1 | 0.141 |   3.860 |    3.892 | 
     | datapath_EXMEM_aluResult_reg[14] | D ^          | DFFR_X1   | 0.000 |   3.860 |    3.892 | 
     +------------------------------------------------------------------------------------------+ 
Path 13: MET Setup Check with Pin datapath_IF_pc_reg[21]/CK 
Endpoint:   datapath_IF_pc_reg[21]/D     (v) checked with  leading edge of 'clk'
Beginpoint: datapath_IFID_instr_reg[0]/Q (^) triggered by  leading edge of 'clk'
Path Groups: {reg2reg}
Analysis View: WC_VIEW
Other End Arrival Time          0.015
- Setup                         0.150
+ Phase Shift                   4.100
+ CPPR Adjustment               0.000
- Uncertainty                   0.100
= Required Time                 3.865
- Arrival Time                  3.832
= Slack Time                    0.033
     Clock Rise Edge                 0.000
     + Clock Network Latency (Prop)  0.015
     = Beginpoint Arrival Time       0.015
     +------------------------------------------------------------------------------------+ 
     |          Instance          |     Arc      |   Cell    | Delay | Arrival | Required | 
     |                            |              |           |       |  Time   |   Time   | 
     |----------------------------+--------------+-----------+-------+---------+----------| 
     | datapath_IFID_instr_reg[0] | CK ^         |           |       |   0.015 |    0.047 | 
     | datapath_IFID_instr_reg[0] | CK ^ -> Q ^  | DFFR_X1   | 0.380 |   0.394 |    0.427 | 
     | g35194                     | A2 ^ -> ZN ^ | AND2_X1   | 0.123 |   0.517 |    0.550 | 
     | g35071                     | A1 ^ -> ZN v | NAND2_X1  | 0.062 |   0.579 |    0.611 | 
     | g35034                     | A1 v -> ZN ^ | NOR2_X2   | 0.148 |   0.727 |    0.759 | 
     | g34968                     | A1 ^ -> ZN v | NAND2_X1  | 0.088 |   0.815 |    0.848 | 
     | g34936                     | A1 v -> ZN ^ | NAND2_X1  | 0.080 |   0.895 |    0.928 | 
     | g34931                     | A ^ -> ZN v  | INV_X1    | 0.045 |   0.940 |    0.972 | 
     | g34911                     | B1 v -> ZN ^ | OAI21_X1  | 0.185 |   1.125 |    1.158 | 
     | g61696                     | A ^ -> CO ^  | HA_X1     | 0.163 |   1.288 |    1.321 | 
     | g61632                     | A1 ^ -> ZN v | NAND2_X1  | 0.044 |   1.332 |    1.365 | 
     | g61622                     | A1 v -> ZN ^ | NAND2_X1  | 0.072 |   1.404 |    1.437 | 
     | g62822                     | A ^ -> ZN v  | OAI21_X1  | 0.061 |   1.465 |    1.498 | 
     | g60503                     | A1 v -> ZN ^ | NAND2_X1  | 0.089 |   1.554 |    1.587 | 
     | g60418                     | A ^ -> ZN v  | OAI21_X1  | 0.059 |   1.614 |    1.647 | 
     | g60340                     | A1 v -> ZN ^ | NAND2_X1  | 0.111 |   1.725 |    1.758 | 
     | g60258                     | A1 ^ -> ZN v | NAND2_X1  | 0.056 |   1.781 |    1.814 | 
     | g60164                     | A1 v -> ZN ^ | NAND2_X1  | 0.073 |   1.854 |    1.887 | 
     | g60088                     | A ^ -> ZN v  | OAI21_X1  | 0.058 |   1.912 |    1.945 | 
     | g60086                     | A1 v -> ZN ^ | NAND2_X1  | 0.077 |   1.990 |    2.023 | 
     | g60049                     | A ^ -> ZN v  | OAI21_X1  | 0.060 |   2.050 |    2.083 | 
     | g60047                     | A1 v -> ZN ^ | NAND2_X1  | 0.075 |   2.125 |    2.158 | 
     | g60014                     | A ^ -> ZN v  | OAI21_X1  | 0.060 |   2.186 |    2.219 | 
     | g60004                     | A1 v -> ZN ^ | NAND2_X1  | 0.074 |   2.260 |    2.293 | 
     | g59988                     | A ^ -> ZN v  | OAI21_X1  | 0.062 |   2.322 |    2.355 | 
     | g59982                     | A1 v -> ZN ^ | NAND2_X1  | 0.076 |   2.399 |    2.432 | 
     | g59958                     | A ^ -> ZN v  | OAI21_X1  | 0.061 |   2.460 |    2.493 | 
     | g59956                     | A1 v -> ZN ^ | NAND2_X1  | 0.076 |   2.536 |    2.568 | 
     | g59935                     | A ^ -> ZN v  | OAI21_X1  | 0.060 |   2.595 |    2.628 | 
     | g59930                     | A1 v -> ZN ^ | NAND2_X1  | 0.077 |   2.672 |    2.705 | 
     | g59907                     | A ^ -> ZN v  | OAI21_X1  | 0.061 |   2.733 |    2.766 | 
     | g59904                     | A1 v -> ZN ^ | NAND2_X1  | 0.089 |   2.822 |    2.855 | 
     | g59881                     | A ^ -> ZN v  | OAI21_X1  | 0.058 |   2.880 |    2.913 | 
     | g59873                     | A1 v -> ZN ^ | NAND2_X1  | 0.111 |   2.991 |    3.024 | 
     | g59818                     | C1 ^ -> ZN v | OAI211_X1 | 0.089 |   3.081 |    3.113 | 
     | g59791                     | A1 v -> ZN v | AND2_X1   | 0.145 |   3.226 |    3.259 | 
     | g59764                     | A1 v -> ZN ^ | NOR2_X1   | 0.113 |   3.338 |    3.371 | 
     | g59746                     | B1 ^ -> ZN v | AOI21_X1  | 0.075 |   3.413 |    3.446 | 
     | g59715                     | B1 v -> ZN ^ | OAI21_X1  | 0.166 |   3.580 |    3.612 | 
     | g59704                     | A ^ -> ZN ^  | XNOR2_X1  | 0.159 |   3.739 |    3.772 | 
     | g59693                     | A1 ^ -> ZN v | OAI222_X1 | 0.093 |   3.832 |    3.865 | 
     | datapath_IF_pc_reg[21]     | D v          | DFFR_X1   | 0.000 |   3.832 |    3.865 | 
     +------------------------------------------------------------------------------------+ 
Path 14: MET Setup Check with Pin datapath_IF_pc_reg[12]/CK 
Endpoint:   datapath_IF_pc_reg[12]/D      (v) checked with  leading edge of 
'clk'
Beginpoint: datapath_IFID_instr_reg[16]/Q (^) triggered by  leading edge of 
'clk'
Path Groups: {reg2reg}
Analysis View: WC_VIEW
Other End Arrival Time          0.010
- Setup                         0.139
+ Phase Shift                   4.100
+ CPPR Adjustment               0.000
- Uncertainty                   0.100
= Required Time                 3.870
- Arrival Time                  3.823
= Slack Time                    0.047
     Clock Rise Edge                 0.000
     + Clock Network Latency (Prop)  -0.010
     = Beginpoint Arrival Time       -0.010
     +---------------------------------------------------------------------------------------------+ 
     |              Instance               |     Arc      |   Cell    | Delay | Arrival | Required | 
     |                                     |              |           |       |  Time   |   Time   | 
     |-------------------------------------+--------------+-----------+-------+---------+----------| 
     | datapath_IFID_instr_reg[16]         | CK ^         |           |       |  -0.010 |    0.037 | 
     | datapath_IFID_instr_reg[16]         | CK ^ -> Q ^  | DFFR_X1   | 0.472 |   0.462 |    0.509 | 
     | g526__1881                          | A2 ^ -> ZN v | NOR2_X1   | 0.063 |   0.526 |    0.573 | 
     | g505__6260                          | A1 v -> ZN ^ | NAND2_X1  | 0.112 |   0.638 |    0.685 | 
     | g503                                | A ^ -> ZN v  | INV_X1    | 0.053 |   0.692 |    0.739 | 
     | g498__7410                          | A1 v -> ZN v | AND2_X1   | 0.171 |   0.863 |    0.910 | 
     | FE_OFC340_datapath_registers_n_2526 | A v -> Z v   | CLKBUF_X2 | 0.241 |   1.104 |    1.151 | 
     | g3919__6260                         | A1 v -> ZN ^ | AOI22_X1  | 0.162 |   1.266 |    1.313 | 
     | g3523__2398                         | A4 ^ -> ZN ^ | AND4_X1   | 0.232 |   1.498 |    1.545 | 
     | g3416__5526                         | A1 ^ -> ZN v | NAND4_X1  | 0.138 |   1.636 |    1.683 | 
     | g62819                              | C1 v -> ZN ^ | AOI222_X1 | 0.341 |   1.977 |    2.024 | 
     | FE_OFC204_n_3638                    | A ^ -> Z ^   | CLKBUF_X1 | 0.176 |   2.152 |    2.199 | 
     | datapath_LT_TC_OP_g839              | A1 ^ -> ZN ^ | AND2_X1   | 0.120 |   2.273 |    2.320 | 
     | datapath_LT_TC_OP_g806              | A1 ^ -> ZN v | OAI22_X1  | 0.050 |   2.322 |    2.369 | 
     | datapath_LT_TC_OP_g785              | A v -> ZN ^  | AOI21_X1  | 0.201 |   2.523 |    2.570 | 
     | datapath_LT_TC_OP_g776              | A1 ^ -> ZN v | NAND2_X1  | 0.059 |   2.582 |    2.629 | 
     | datapath_LT_TC_OP_g773              | A1 v -> ZN ^ | NAND2_X1  | 0.057 |   2.639 |    2.686 | 
     | datapath_LT_TC_OP_g772              | A ^ -> ZN v  | OAI211_X1 | 0.075 |   2.714 |    2.761 | 
     | g62788                              | A2 v -> ZN v | OR2_X2    | 0.200 |   2.914 |    2.961 | 
     | g60341                              | A1 v -> ZN ^ | OAI222_X4 | 0.307 |   3.222 |    3.269 | 
     | FE_OFC328_n_868                     | A ^ -> ZN v  | INV_X4    | 0.046 |   3.268 |    3.315 | 
     | g60288                              | A1 v -> ZN ^ | NAND2_X4  | 0.097 |   3.365 |    3.412 | 
     | g60267                              | A ^ -> ZN v  | INV_X1    | 0.034 |   3.399 |    3.446 | 
     | g59946                              | A1 v -> ZN v | AND3_X1   | 0.105 |   3.503 |    3.550 | 
     | g59859                              | A v -> ZN ^  | AOI221_X1 | 0.282 |   3.786 |    3.833 | 
     | g59853                              | A ^ -> ZN v  | INV_X1    | 0.037 |   3.823 |    3.870 | 
     | datapath_IF_pc_reg[12]              | D v          | DFFR_X1   | 0.000 |   3.823 |    3.870 | 
     +---------------------------------------------------------------------------------------------+ 
Path 15: MET Setup Check with Pin datapath_IF_pc_reg[17]/CK 
Endpoint:   datapath_IF_pc_reg[17]/D     (^) checked with  leading edge of 'clk'
Beginpoint: datapath_IFID_instr_reg[0]/Q (^) triggered by  leading edge of 'clk'
Path Groups: {reg2reg}
Analysis View: WC_VIEW
Other End Arrival Time          0.022
- Setup                         0.103
+ Phase Shift                   4.100
+ CPPR Adjustment               0.000
- Uncertainty                   0.100
= Required Time                 3.919
- Arrival Time                  3.839
= Slack Time                    0.080
     Clock Rise Edge                 0.000
     + Clock Network Latency (Prop)  0.015
     = Beginpoint Arrival Time       0.015
     +------------------------------------------------------------------------------------+ 
     |          Instance          |     Arc      |   Cell    | Delay | Arrival | Required | 
     |                            |              |           |       |  Time   |   Time   | 
     |----------------------------+--------------+-----------+-------+---------+----------| 
     | datapath_IFID_instr_reg[0] | CK ^         |           |       |   0.015 |    0.095 | 
     | datapath_IFID_instr_reg[0] | CK ^ -> Q ^  | DFFR_X1   | 0.380 |   0.394 |    0.474 | 
     | g35194                     | A2 ^ -> ZN ^ | AND2_X1   | 0.123 |   0.517 |    0.597 | 
     | g35071                     | A1 ^ -> ZN v | NAND2_X1  | 0.062 |   0.579 |    0.659 | 
     | g35034                     | A1 v -> ZN ^ | NOR2_X2   | 0.148 |   0.727 |    0.807 | 
     | g34968                     | A1 ^ -> ZN v | NAND2_X1  | 0.088 |   0.815 |    0.895 | 
     | g34936                     | A1 v -> ZN ^ | NAND2_X1  | 0.080 |   0.895 |    0.975 | 
     | g34931                     | A ^ -> ZN v  | INV_X1    | 0.045 |   0.940 |    1.020 | 
     | g34911                     | B1 v -> ZN ^ | OAI21_X1  | 0.185 |   1.125 |    1.205 | 
     | g61696                     | A ^ -> CO ^  | HA_X1     | 0.163 |   1.288 |    1.368 | 
     | g61632                     | A1 ^ -> ZN v | NAND2_X1  | 0.044 |   1.332 |    1.412 | 
     | g61622                     | A1 v -> ZN ^ | NAND2_X1  | 0.072 |   1.404 |    1.484 | 
     | g62822                     | A ^ -> ZN v  | OAI21_X1  | 0.061 |   1.465 |    1.545 | 
     | g60503                     | A1 v -> ZN ^ | NAND2_X1  | 0.089 |   1.554 |    1.634 | 
     | g60418                     | A ^ -> ZN v  | OAI21_X1  | 0.059 |   1.614 |    1.694 | 
     | g60340                     | A1 v -> ZN ^ | NAND2_X1  | 0.111 |   1.725 |    1.805 | 
     | g60258                     | A1 ^ -> ZN v | NAND2_X1  | 0.056 |   1.781 |    1.861 | 
     | g60164                     | A1 v -> ZN ^ | NAND2_X1  | 0.073 |   1.854 |    1.934 | 
     | g60088                     | A ^ -> ZN v  | OAI21_X1  | 0.058 |   1.912 |    1.992 | 
     | g60086                     | A1 v -> ZN ^ | NAND2_X1  | 0.077 |   1.990 |    2.070 | 
     | g60049                     | A ^ -> ZN v  | OAI21_X1  | 0.060 |   2.050 |    2.130 | 
     | g60047                     | A1 v -> ZN ^ | NAND2_X1  | 0.075 |   2.125 |    2.205 | 
     | g60014                     | A ^ -> ZN v  | OAI21_X1  | 0.060 |   2.186 |    2.266 | 
     | g60004                     | A1 v -> ZN ^ | NAND2_X1  | 0.074 |   2.260 |    2.340 | 
     | g59988                     | A ^ -> ZN v  | OAI21_X1  | 0.062 |   2.322 |    2.402 | 
     | g59982                     | A1 v -> ZN ^ | NAND2_X1  | 0.076 |   2.399 |    2.479 | 
     | g59958                     | A ^ -> ZN v  | OAI21_X1  | 0.061 |   2.460 |    2.540 | 
     | g59956                     | A1 v -> ZN ^ | NAND2_X1  | 0.076 |   2.536 |    2.616 | 
     | g59935                     | A ^ -> ZN v  | OAI21_X1  | 0.060 |   2.595 |    2.675 | 
     | g59930                     | A1 v -> ZN ^ | NAND2_X1  | 0.077 |   2.672 |    2.752 | 
     | g59907                     | A ^ -> ZN v  | OAI21_X1  | 0.061 |   2.733 |    2.813 | 
     | g59904                     | A1 v -> ZN ^ | NAND2_X1  | 0.089 |   2.822 |    2.902 | 
     | g59881                     | A ^ -> ZN v  | OAI21_X1  | 0.058 |   2.880 |    2.960 | 
     | g59873                     | A1 v -> ZN ^ | NAND2_X1  | 0.111 |   2.991 |    3.071 | 
     | g59818                     | C1 ^ -> ZN v | OAI211_X1 | 0.089 |   3.081 |    3.161 | 
     | g59791                     | A1 v -> ZN v | AND2_X1   | 0.145 |   3.226 |    3.306 | 
     | g59770                     | A1 v -> ZN ^ | NOR2_X2   | 0.112 |   3.337 |    3.417 | 
     | g59755                     | A1 ^ -> ZN v | NOR2_X1   | 0.044 |   3.381 |    3.461 | 
     | FE_OCPC253_n_1320          | A v -> Z v   | BUF_X1    | 0.109 |   3.491 |    3.571 | 
     | g59733                     | A v -> Z v   | XOR2_X1   | 0.182 |   3.673 |    3.753 | 
     | g59712                     | B1 v -> ZN ^ | OAI221_X1 | 0.166 |   3.839 |    3.919 | 
     | datapath_IF_pc_reg[17]     | D ^          | DFFR_X1   | 0.000 |   3.839 |    3.919 | 
     +------------------------------------------------------------------------------------+ 
Path 16: MET Setup Check with Pin datapath_EXMEM_aluResult_reg[27]/CK 
Endpoint:   datapath_EXMEM_aluResult_reg[27]/D (^) checked with  leading edge 
of 'clk'
Beginpoint: datapath_EXMEM_rd_reg[0]/QN        (^) triggered by  leading edge 
of 'clk'
Path Groups: {reg2reg}
Analysis View: WC_VIEW
Other End Arrival Time          0.007
- Setup                         0.119
+ Phase Shift                   4.100
+ CPPR Adjustment               0.000
- Uncertainty                   0.100
= Required Time                 3.888
- Arrival Time                  3.801
= Slack Time                    0.087
     Clock Rise Edge                 0.000
     + Clock Network Latency (Prop)  0.003
     = Beginpoint Arrival Time       0.003
     +------------------------------------------------------------------------------------------+ 
     |             Instance             |     Arc      |   Cell    | Delay | Arrival | Required | 
     |                                  |              |           |       |  Time   |   Time   | 
     |----------------------------------+--------------+-----------+-------+---------+----------| 
     | datapath_EXMEM_rd_reg[0]         | CK ^         |           |       |   0.003 |    0.090 | 
     | datapath_EXMEM_rd_reg[0]         | CK ^ -> QN ^ | DFFR_X1   | 0.330 |   0.333 |    0.420 | 
     | g34387                           | B ^ -> ZN ^  | XNOR2_X1  | 0.156 |   0.489 |    0.576 | 
     | g34318                           | A1 ^ -> ZN ^ | AND2_X2   | 0.113 |   0.602 |    0.689 | 
     | g34314                           | A2 ^ -> ZN ^ | AND4_X2   | 0.176 |   0.778 |    0.865 | 
     | FE_OFC210_n_1943                 | A ^ -> ZN v  | INV_X2    | 0.042 |   0.820 |    0.907 | 
     | FE_OFC339_n_1442                 | A v -> ZN ^  | INV_X4    | 0.168 |   0.988 |    1.075 | 
     | g2                               | A2 ^ -> ZN ^ | OR2_X4    | 0.239 |   1.227 |    1.314 | 
     | g34220                           | B1 ^ -> ZN v | OAI21_X1  | 0.104 |   1.331 |    1.418 | 
     | g61618                           | C1 v -> ZN ^ | OAI211_X1 | 0.158 |   1.489 |    1.576 | 
     | g61582                           | A ^ -> ZN v  | INV_X1    | 0.038 |   1.527 |    1.614 | 
     | g60433                           | A1 v -> ZN ^ | NAND2_X1  | 0.075 |   1.602 |    1.689 | 
     | g60101                           | A2 ^ -> ZN v | NAND2_X1  | 0.049 |   1.650 |    1.738 | 
     | g60090                           | A1 v -> ZN v | AND2_X2   | 0.095 |   1.745 |    1.833 | 
     | FE_RC_2_0                        | B1 v -> ZN ^ | OAI21_X2  | 0.124 |   1.870 |    1.957 | 
     | FE_RC_3_0                        | B1 ^ -> ZN v | AOI21_X2  | 0.072 |   1.942 |    2.029 | 
     | g60016                           | B1 v -> ZN ^ | OAI21_X2  | 0.118 |   2.060 |    2.147 | 
     | g59995                           | B1 ^ -> ZN v | AOI21_X1  | 0.073 |   2.133 |    2.220 | 
     | g59976                           | B1 v -> ZN ^ | OAI21_X1  | 0.185 |   2.319 |    2.406 | 
     | FE_RC_4_0                        | B1 ^ -> ZN v | AOI21_X2  | 0.082 |   2.401 |    2.488 | 
     | g59939                           | B1 v -> ZN ^ | OAI21_X1  | 0.182 |   2.583 |    2.670 | 
     | g59932                           | A1 ^ -> ZN v | NAND2_X1  | 0.054 |   2.637 |    2.724 | 
     | g59923                           | A1 v -> ZN v | AND2_X1   | 0.114 |   2.750 |    2.837 | 
     | g59920                           | A1 v -> ZN ^ | NOR2_X1   | 0.216 |   2.966 |    3.053 | 
     | g59898                           | B1 ^ -> ZN v | AOI21_X1  | 0.106 |   3.072 |    3.159 | 
     | g59889                           | A1 v -> ZN v | AND2_X2   | 0.122 |   3.194 |    3.281 | 
     | g59877                           | A1 v -> ZN v | OR2_X2    | 0.160 |   3.354 |    3.441 | 
     | g62771                           | S v -> Z v   | MUX2_X1   | 0.187 |   3.542 |    3.629 | 
     | g62770                           | A v -> ZN v  | XNOR2_X1  | 0.125 |   3.667 |    3.754 | 
     | g59813                           | A1 v -> ZN ^ | OAI222_X1 | 0.134 |   3.801 |    3.888 | 
     | datapath_EXMEM_aluResult_reg[27] | D ^          | DFFR_X1   | 0.000 |   3.801 |    3.888 | 
     +------------------------------------------------------------------------------------------+ 
Path 17: MET Setup Check with Pin datapath_IF_pc_reg[29]/CK 
Endpoint:   datapath_IF_pc_reg[29]/D      (^) checked with  leading edge of 
'clk'
Beginpoint: datapath_IFID_instr_reg[16]/Q (^) triggered by  leading edge of 
'clk'
Path Groups: {reg2reg}
Analysis View: WC_VIEW
Other End Arrival Time          0.012
- Setup                         0.108
+ Phase Shift                   4.100
+ CPPR Adjustment               0.000
- Uncertainty                   0.100
= Required Time                 3.904
- Arrival Time                  3.812
= Slack Time                    0.091
     Clock Rise Edge                 0.000
     + Clock Network Latency (Prop)  -0.010
     = Beginpoint Arrival Time       -0.010
     +---------------------------------------------------------------------------------------------+ 
     |              Instance               |     Arc      |   Cell    | Delay | Arrival | Required | 
     |                                     |              |           |       |  Time   |   Time   | 
     |-------------------------------------+--------------+-----------+-------+---------+----------| 
     | datapath_IFID_instr_reg[16]         | CK ^         |           |       |  -0.010 |    0.082 | 
     | datapath_IFID_instr_reg[16]         | CK ^ -> Q ^  | DFFR_X1   | 0.472 |   0.462 |    0.554 | 
     | g526__1881                          | A2 ^ -> ZN v | NOR2_X1   | 0.063 |   0.526 |    0.617 | 
     | g505__6260                          | A1 v -> ZN ^ | NAND2_X1  | 0.112 |   0.638 |    0.729 | 
     | g503                                | A ^ -> ZN v  | INV_X1    | 0.053 |   0.692 |    0.783 | 
     | g498__7410                          | A1 v -> ZN v | AND2_X1   | 0.171 |   0.863 |    0.954 | 
     | FE_OFC340_datapath_registers_n_2526 | A v -> Z v   | CLKBUF_X2 | 0.241 |   1.104 |    1.195 | 
     | g3919__6260                         | A1 v -> ZN ^ | AOI22_X1  | 0.162 |   1.266 |    1.357 | 
     | g3523__2398                         | A4 ^ -> ZN ^ | AND4_X1   | 0.232 |   1.498 |    1.589 | 
     | g3416__5526                         | A1 ^ -> ZN v | NAND4_X1  | 0.138 |   1.636 |    1.727 | 
     | g62819                              | C1 v -> ZN ^ | AOI222_X1 | 0.341 |   1.977 |    2.068 | 
     | FE_OFC204_n_3638                    | A ^ -> Z ^   | CLKBUF_X1 | 0.176 |   2.152 |    2.244 | 
     | datapath_LT_TC_OP_g839              | A1 ^ -> ZN ^ | AND2_X1   | 0.120 |   2.273 |    2.364 | 
     | datapath_LT_TC_OP_g806              | A1 ^ -> ZN v | OAI22_X1  | 0.050 |   2.322 |    2.414 | 
     | datapath_LT_TC_OP_g785              | A v -> ZN ^  | AOI21_X1  | 0.201 |   2.523 |    2.614 | 
     | datapath_LT_TC_OP_g776              | A1 ^ -> ZN v | NAND2_X1  | 0.059 |   2.582 |    2.673 | 
     | datapath_LT_TC_OP_g773              | A1 v -> ZN ^ | NAND2_X1  | 0.057 |   2.639 |    2.731 | 
     | datapath_LT_TC_OP_g772              | A ^ -> ZN v  | OAI211_X1 | 0.075 |   2.714 |    2.805 | 
     | g62788                              | A2 v -> ZN v | OR2_X2    | 0.200 |   2.914 |    3.005 | 
     | g60341                              | A1 v -> ZN ^ | OAI222_X4 | 0.307 |   3.222 |    3.313 | 
     | g60289                              | A1 ^ -> ZN ^ | AND2_X2   | 0.186 |   3.407 |    3.499 | 
     | FE_OFC321_n_905                     | A ^ -> ZN v  | INV_X4    | 0.091 |   3.498 |    3.590 | 
     | g59729                              | A v -> ZN ^  | AOI21_X1  | 0.167 |   3.665 |    3.756 | 
     | g59720                              | A ^ -> ZN v  | OAI21_X1  | 0.071 |   3.736 |    3.827 | 
     | g59705                              | A v -> ZN ^  | OAI221_X1 | 0.076 |   3.812 |    3.903 | 
     | datapath_IF_pc_reg[29]              | D ^          | DFFR_X1   | 0.000 |   3.812 |    3.904 | 
     +---------------------------------------------------------------------------------------------+ 
Path 18: MET Setup Check with Pin datapath_EXMEM_aluResult_reg[26]/CK 
Endpoint:   datapath_EXMEM_aluResult_reg[26]/D (^) checked with  leading edge 
of 'clk'
Beginpoint: datapath_MEMWB_rd_reg[3]/QN        (v) triggered by  leading edge 
of 'clk'
Path Groups: {reg2reg}
Analysis View: WC_VIEW
Other End Arrival Time          0.007
- Setup                         0.117
+ Phase Shift                   4.100
+ CPPR Adjustment               0.000
- Uncertainty                   0.100
= Required Time                 3.890
- Arrival Time                  3.794
= Slack Time                    0.095
     Clock Rise Edge                 0.000
     + Clock Network Latency (Prop)  0.010
     = Beginpoint Arrival Time       0.010
     +------------------------------------------------------------------------------------------+ 
     |             Instance             |     Arc      |   Cell    | Delay | Arrival | Required | 
     |                                  |              |           |       |  Time   |   Time   | 
     |----------------------------------+--------------+-----------+-------+---------+----------| 
     | datapath_MEMWB_rd_reg[3]         | CK ^         |           |       |   0.010 |    0.105 | 
     | datapath_MEMWB_rd_reg[3]         | CK ^ -> QN v | DFFR_X1   | 0.311 |   0.321 |    0.416 | 
     | g35074                           | A v -> ZN ^  | INV_X2    | 0.120 |   0.441 |    0.536 | 
     | g61886                           | A ^ -> ZN ^  | XNOR2_X1  | 0.130 |   0.571 |    0.666 | 
     | g61661                           | A1 ^ -> ZN ^ | AND4_X1   | 0.194 |   0.765 |    0.860 | 
     | g61555                           | A2 ^ -> ZN ^ | AND3_X4   | 0.175 |   0.940 |    1.035 | 
     | g60530                           | A1 ^ -> ZN v | NOR2_X1   | 0.046 |   0.986 |    1.081 | 
     | FE_OFC330_n_185                  | A v -> Z v   | BUF_X4    | 0.126 |   1.112 |    1.207 | 
     | g60458                           | A1 v -> ZN ^ | AOI222_X1 | 0.219 |   1.331 |    1.426 | 
     | FE_OFC320_n_745                  | A ^ -> ZN v  | INV_X1    | 0.094 |   1.426 |    1.521 | 
     | g60109                           | A v -> CO v  | FA_X1     | 0.313 |   1.739 |    1.834 | 
     | g60101                           | A1 v -> ZN ^ | NAND2_X1  | 0.066 |   1.805 |    1.900 | 
     | g60090                           | A1 ^ -> ZN ^ | AND2_X2   | 0.102 |   1.907 |    2.003 | 
     | FE_RC_2_0                        | B1 ^ -> ZN v | OAI21_X2  | 0.048 |   1.956 |    2.051 | 
     | FE_RC_3_0                        | B1 v -> ZN ^ | AOI21_X2  | 0.132 |   2.088 |    2.183 | 
     | g60016                           | B1 ^ -> ZN v | OAI21_X2  | 0.068 |   2.156 |    2.251 | 
     | g59995                           | B1 v -> ZN ^ | AOI21_X1  | 0.152 |   2.308 |    2.404 | 
     | g59976                           | B1 ^ -> ZN v | OAI21_X1  | 0.098 |   2.406 |    2.501 | 
     | FE_RC_4_0                        | B1 v -> ZN ^ | AOI21_X2  | 0.136 |   2.542 |    2.638 | 
     | g59939                           | B1 ^ -> ZN v | OAI21_X1  | 0.091 |   2.633 |    2.728 | 
     | g59932                           | A1 v -> ZN ^ | NAND2_X1  | 0.055 |   2.688 |    2.783 | 
     | g59923                           | A1 ^ -> ZN ^ | AND2_X1   | 0.114 |   2.802 |    2.897 | 
     | g59920                           | A1 ^ -> ZN v | NOR2_X1   | 0.051 |   2.853 |    2.949 | 
     | g59898                           | B1 v -> ZN ^ | AOI21_X1  | 0.161 |   3.015 |    3.110 | 
     | g59889                           | A1 ^ -> ZN ^ | AND2_X2   | 0.152 |   3.167 |    3.262 | 
     | g62785                           | S ^ -> Z v   | MUX2_X1   | 0.228 |   3.395 |    3.490 | 
     | g62784                           | A v -> ZN v  | XNOR2_X1  | 0.130 |   3.526 |    3.621 | 
     | g62772                           | A v -> ZN v  | XNOR2_X1  | 0.133 |   3.658 |    3.754 | 
     | g59830                           | A1 v -> ZN ^ | OAI222_X1 | 0.136 |   3.794 |    3.890 | 
     | datapath_EXMEM_aluResult_reg[26] | D ^          | DFFR_X1   | 0.000 |   3.794 |    3.890 | 
     +------------------------------------------------------------------------------------------+ 
Path 19: MET Setup Check with Pin datapath_IF_pc_reg[28]/CK 
Endpoint:   datapath_IF_pc_reg[28]/D      (^) checked with  leading edge of 
'clk'
Beginpoint: datapath_IFID_instr_reg[16]/Q (^) triggered by  leading edge of 
'clk'
Path Groups: {reg2reg}
Analysis View: WC_VIEW
Other End Arrival Time          0.012
- Setup                         0.106
+ Phase Shift                   4.100
+ CPPR Adjustment               0.000
- Uncertainty                   0.100
= Required Time                 3.905
- Arrival Time                  3.803
= Slack Time                    0.102
     Clock Rise Edge                 0.000
     + Clock Network Latency (Prop)  -0.010
     = Beginpoint Arrival Time       -0.010
     +---------------------------------------------------------------------------------------------+ 
     |              Instance               |     Arc      |   Cell    | Delay | Arrival | Required | 
     |                                     |              |           |       |  Time   |   Time   | 
     |-------------------------------------+--------------+-----------+-------+---------+----------| 
     | datapath_IFID_instr_reg[16]         | CK ^         |           |       |  -0.010 |    0.092 | 
     | datapath_IFID_instr_reg[16]         | CK ^ -> Q ^  | DFFR_X1   | 0.472 |   0.462 |    0.564 | 
     | g526__1881                          | A2 ^ -> ZN v | NOR2_X1   | 0.063 |   0.526 |    0.628 | 
     | g505__6260                          | A1 v -> ZN ^ | NAND2_X1  | 0.112 |   0.638 |    0.740 | 
     | g503                                | A ^ -> ZN v  | INV_X1    | 0.053 |   0.692 |    0.794 | 
     | g498__7410                          | A1 v -> ZN v | AND2_X1   | 0.171 |   0.863 |    0.965 | 
     | FE_OFC340_datapath_registers_n_2526 | A v -> Z v   | CLKBUF_X2 | 0.241 |   1.104 |    1.206 | 
     | g3919__6260                         | A1 v -> ZN ^ | AOI22_X1  | 0.162 |   1.266 |    1.368 | 
     | g3523__2398                         | A4 ^ -> ZN ^ | AND4_X1   | 0.232 |   1.498 |    1.600 | 
     | g3416__5526                         | A1 ^ -> ZN v | NAND4_X1  | 0.138 |   1.636 |    1.738 | 
     | g62819                              | C1 v -> ZN ^ | AOI222_X1 | 0.341 |   1.977 |    2.078 | 
     | FE_OFC204_n_3638                    | A ^ -> Z ^   | CLKBUF_X1 | 0.176 |   2.152 |    2.254 | 
     | datapath_LT_TC_OP_g839              | A1 ^ -> ZN ^ | AND2_X1   | 0.120 |   2.273 |    2.374 | 
     | datapath_LT_TC_OP_g806              | A1 ^ -> ZN v | OAI22_X1  | 0.050 |   2.322 |    2.424 | 
     | datapath_LT_TC_OP_g785              | A v -> ZN ^  | AOI21_X1  | 0.201 |   2.523 |    2.625 | 
     | datapath_LT_TC_OP_g776              | A1 ^ -> ZN v | NAND2_X1  | 0.059 |   2.582 |    2.684 | 
     | datapath_LT_TC_OP_g773              | A1 v -> ZN ^ | NAND2_X1  | 0.057 |   2.639 |    2.741 | 
     | datapath_LT_TC_OP_g772              | A ^ -> ZN v  | OAI211_X1 | 0.075 |   2.714 |    2.816 | 
     | g62788                              | A2 v -> ZN v | OR2_X2    | 0.200 |   2.914 |    3.016 | 
     | g60341                              | A1 v -> ZN ^ | OAI222_X4 | 0.307 |   3.222 |    3.323 | 
     | g60289                              | A1 ^ -> ZN ^ | AND2_X2   | 0.186 |   3.407 |    3.509 | 
     | FE_OFC321_n_905                     | A ^ -> ZN v  | INV_X4    | 0.091 |   3.498 |    3.600 | 
     | g59742                              | A v -> ZN ^  | AOI21_X1  | 0.162 |   3.660 |    3.762 | 
     | g59730                              | A ^ -> ZN v  | OAI21_X1  | 0.070 |   3.731 |    3.833 | 
     | g59708                              | A v -> ZN ^  | OAI221_X1 | 0.073 |   3.803 |    3.905 | 
     | datapath_IF_pc_reg[28]              | D ^          | DFFR_X1   | 0.000 |   3.803 |    3.905 | 
     +---------------------------------------------------------------------------------------------+ 
Path 20: MET Setup Check with Pin datapath_IF_pc_reg[13]/CK 
Endpoint:   datapath_IF_pc_reg[13]/D      (v) checked with  leading edge of 
'clk'
Beginpoint: datapath_IFID_instr_reg[16]/Q (^) triggered by  leading edge of 
'clk'
Path Groups: {reg2reg}
Analysis View: WC_VIEW
Other End Arrival Time          0.009
- Setup                         0.140
+ Phase Shift                   4.100
+ CPPR Adjustment               0.000
- Uncertainty                   0.100
= Required Time                 3.869
- Arrival Time                  3.765
= Slack Time                    0.104
     Clock Rise Edge                 0.000
     + Clock Network Latency (Prop)  -0.010
     = Beginpoint Arrival Time       -0.010
     +---------------------------------------------------------------------------------------------+ 
     |              Instance               |     Arc      |   Cell    | Delay | Arrival | Required | 
     |                                     |              |           |       |  Time   |   Time   | 
     |-------------------------------------+--------------+-----------+-------+---------+----------| 
     | datapath_IFID_instr_reg[16]         | CK ^         |           |       |  -0.010 |    0.094 | 
     | datapath_IFID_instr_reg[16]         | CK ^ -> Q ^  | DFFR_X1   | 0.472 |   0.462 |    0.566 | 
     | g526__1881                          | A2 ^ -> ZN v | NOR2_X1   | 0.063 |   0.526 |    0.630 | 
     | g505__6260                          | A1 v -> ZN ^ | NAND2_X1  | 0.112 |   0.638 |    0.742 | 
     | g503                                | A ^ -> ZN v  | INV_X1    | 0.053 |   0.692 |    0.796 | 
     | g498__7410                          | A1 v -> ZN v | AND2_X1   | 0.171 |   0.863 |    0.967 | 
     | FE_OFC340_datapath_registers_n_2526 | A v -> Z v   | CLKBUF_X2 | 0.241 |   1.104 |    1.208 | 
     | g3919__6260                         | A1 v -> ZN ^ | AOI22_X1  | 0.162 |   1.266 |    1.370 | 
     | g3523__2398                         | A4 ^ -> ZN ^ | AND4_X1   | 0.232 |   1.498 |    1.602 | 
     | g3416__5526                         | A1 ^ -> ZN v | NAND4_X1  | 0.138 |   1.636 |    1.740 | 
     | g62819                              | C1 v -> ZN ^ | AOI222_X1 | 0.341 |   1.977 |    2.081 | 
     | FE_OFC204_n_3638                    | A ^ -> Z ^   | CLKBUF_X1 | 0.176 |   2.152 |    2.256 | 
     | datapath_LT_TC_OP_g839              | A1 ^ -> ZN ^ | AND2_X1   | 0.120 |   2.273 |    2.377 | 
     | datapath_LT_TC_OP_g806              | A1 ^ -> ZN v | OAI22_X1  | 0.050 |   2.322 |    2.426 | 
     | datapath_LT_TC_OP_g785              | A v -> ZN ^  | AOI21_X1  | 0.201 |   2.523 |    2.627 | 
     | datapath_LT_TC_OP_g776              | A1 ^ -> ZN v | NAND2_X1  | 0.059 |   2.582 |    2.686 | 
     | datapath_LT_TC_OP_g773              | A1 v -> ZN ^ | NAND2_X1  | 0.057 |   2.639 |    2.743 | 
     | datapath_LT_TC_OP_g772              | A ^ -> ZN v  | OAI211_X1 | 0.075 |   2.714 |    2.818 | 
     | g62788                              | A2 v -> ZN v | OR2_X2    | 0.200 |   2.914 |    3.018 | 
     | g60341                              | A1 v -> ZN ^ | OAI222_X4 | 0.307 |   3.222 |    3.326 | 
     | FE_OCPC358_n_868                    | A ^ -> Z ^   | BUF_X2    | 0.160 |   3.382 |    3.486 | 
     | g59941                              | B1 ^ -> ZN v | OAI21_X1  | 0.063 |   3.444 |    3.548 | 
     | g59811                              | B1 v -> ZN ^ | AOI221_X1 | 0.280 |   3.725 |    3.829 | 
     | g59809                              | A ^ -> ZN v  | INV_X1    | 0.040 |   3.765 |    3.869 | 
     | datapath_IF_pc_reg[13]              | D v          | DFFR_X1   | 0.000 |   3.765 |    3.869 | 
     +---------------------------------------------------------------------------------------------+ 
Path 21: MET Setup Check with Pin datapath_IF_pc_reg[18]/CK 
Endpoint:   datapath_IF_pc_reg[18]/D     (v) checked with  leading edge of 'clk'
Beginpoint: datapath_IFID_instr_reg[0]/Q (^) triggered by  leading edge of 'clk'
Path Groups: {reg2reg}
Analysis View: WC_VIEW
Other End Arrival Time          0.022
- Setup                         0.146
+ Phase Shift                   4.100
+ CPPR Adjustment               0.000
- Uncertainty                   0.100
= Required Time                 3.876
- Arrival Time                  3.764
= Slack Time                    0.112
     Clock Rise Edge                 0.000
     + Clock Network Latency (Prop)  0.015
     = Beginpoint Arrival Time       0.015
     +------------------------------------------------------------------------------------+ 
     |          Instance          |     Arc      |   Cell    | Delay | Arrival | Required | 
     |                            |              |           |       |  Time   |   Time   | 
     |----------------------------+--------------+-----------+-------+---------+----------| 
     | datapath_IFID_instr_reg[0] | CK ^         |           |       |   0.015 |    0.126 | 
     | datapath_IFID_instr_reg[0] | CK ^ -> Q ^  | DFFR_X1   | 0.380 |   0.394 |    0.506 | 
     | g35194                     | A2 ^ -> ZN ^ | AND2_X1   | 0.123 |   0.517 |    0.629 | 
     | g35071                     | A1 ^ -> ZN v | NAND2_X1  | 0.062 |   0.579 |    0.690 | 
     | g35034                     | A1 v -> ZN ^ | NOR2_X2   | 0.148 |   0.727 |    0.838 | 
     | g34968                     | A1 ^ -> ZN v | NAND2_X1  | 0.088 |   0.815 |    0.926 | 
     | g34936                     | A1 v -> ZN ^ | NAND2_X1  | 0.080 |   0.895 |    1.007 | 
     | g34931                     | A ^ -> ZN v  | INV_X1    | 0.045 |   0.940 |    1.051 | 
     | g34911                     | B1 v -> ZN ^ | OAI21_X1  | 0.185 |   1.125 |    1.237 | 
     | g61696                     | A ^ -> CO ^  | HA_X1     | 0.163 |   1.288 |    1.400 | 
     | g61632                     | A1 ^ -> ZN v | NAND2_X1  | 0.044 |   1.332 |    1.444 | 
     | g61622                     | A1 v -> ZN ^ | NAND2_X1  | 0.072 |   1.404 |    1.516 | 
     | g62822                     | A ^ -> ZN v  | OAI21_X1  | 0.061 |   1.465 |    1.577 | 
     | g60503                     | A1 v -> ZN ^ | NAND2_X1  | 0.089 |   1.554 |    1.666 | 
     | g60418                     | A ^ -> ZN v  | OAI21_X1  | 0.059 |   1.614 |    1.726 | 
     | g60340                     | A1 v -> ZN ^ | NAND2_X1  | 0.111 |   1.725 |    1.837 | 
     | g60258                     | A1 ^ -> ZN v | NAND2_X1  | 0.056 |   1.781 |    1.893 | 
     | g60164                     | A1 v -> ZN ^ | NAND2_X1  | 0.073 |   1.854 |    1.966 | 
     | g60088                     | A ^ -> ZN v  | OAI21_X1  | 0.058 |   1.912 |    2.024 | 
     | g60086                     | A1 v -> ZN ^ | NAND2_X1  | 0.077 |   1.990 |    2.101 | 
     | g60049                     | A ^ -> ZN v  | OAI21_X1  | 0.060 |   2.050 |    2.162 | 
     | g60047                     | A1 v -> ZN ^ | NAND2_X1  | 0.075 |   2.125 |    2.237 | 
     | g60014                     | A ^ -> ZN v  | OAI21_X1  | 0.060 |   2.186 |    2.298 | 
     | g60004                     | A1 v -> ZN ^ | NAND2_X1  | 0.074 |   2.260 |    2.372 | 
     | g59988                     | A ^ -> ZN v  | OAI21_X1  | 0.062 |   2.322 |    2.434 | 
     | g59982                     | A1 v -> ZN ^ | NAND2_X1  | 0.076 |   2.399 |    2.511 | 
     | g59958                     | A ^ -> ZN v  | OAI21_X1  | 0.061 |   2.460 |    2.572 | 
     | g59956                     | A1 v -> ZN ^ | NAND2_X1  | 0.076 |   2.536 |    2.647 | 
     | g59935                     | A ^ -> ZN v  | OAI21_X1  | 0.060 |   2.595 |    2.707 | 
     | g59930                     | A1 v -> ZN ^ | NAND2_X1  | 0.077 |   2.672 |    2.784 | 
     | g59907                     | A ^ -> ZN v  | OAI21_X1  | 0.061 |   2.733 |    2.845 | 
     | g59904                     | A1 v -> ZN ^ | NAND2_X1  | 0.089 |   2.822 |    2.934 | 
     | g59881                     | A ^ -> ZN v  | OAI21_X1  | 0.058 |   2.880 |    2.992 | 
     | g59873                     | A1 v -> ZN ^ | NAND2_X1  | 0.111 |   2.991 |    3.103 | 
     | g59818                     | C1 ^ -> ZN v | OAI211_X1 | 0.089 |   3.081 |    3.192 | 
     | g59791                     | A1 v -> ZN v | AND2_X1   | 0.145 |   3.226 |    3.337 | 
     | g59770                     | A1 v -> ZN ^ | NOR2_X2   | 0.112 |   3.337 |    3.449 | 
     | g59755                     | A1 ^ -> ZN v | NOR2_X1   | 0.044 |   3.381 |    3.493 | 
     | FE_OCPC254_n_1320          | A v -> ZN ^  | INV_X1    | 0.042 |   3.423 |    3.535 | 
     | g59739                     | A1 ^ -> ZN v | NAND2_X1  | 0.042 |   3.466 |    3.577 | 
     | g59725                     | A1 v -> ZN ^ | NAND2_X1  | 0.075 |   3.540 |    3.652 | 
     | g59713                     | A ^ -> ZN ^  | XNOR2_X1  | 0.132 |   3.672 |    3.784 | 
     | g59697                     | A1 ^ -> ZN v | OAI222_X1 | 0.092 |   3.764 |    3.876 | 
     | datapath_IF_pc_reg[18]     | D v          | DFFR_X1   | 0.000 |   3.764 |    3.876 | 
     +------------------------------------------------------------------------------------+ 
Path 22: MET Setup Check with Pin datapath_EXMEM_aluResult_reg[31]/CK 
Endpoint:   datapath_EXMEM_aluResult_reg[31]/D (v) checked with  leading edge 
of 'clk'
Beginpoint: datapath_EXMEM_rd_reg[0]/QN        (^) triggered by  leading edge 
of 'clk'
Path Groups: {reg2reg}
Analysis View: WC_VIEW
Other End Arrival Time          0.011
- Setup                         0.158
+ Phase Shift                   4.100
+ CPPR Adjustment               0.000
- Uncertainty                   0.100
= Required Time                 3.854
- Arrival Time                  3.731
= Slack Time                    0.122
     Clock Rise Edge                 0.000
     + Clock Network Latency (Prop)  0.003
     = Beginpoint Arrival Time       0.003
     +------------------------------------------------------------------------------------------+ 
     |             Instance             |     Arc      |   Cell    | Delay | Arrival | Required | 
     |                                  |              |           |       |  Time   |   Time   | 
     |----------------------------------+--------------+-----------+-------+---------+----------| 
     | datapath_EXMEM_rd_reg[0]         | CK ^         |           |       |   0.003 |    0.125 | 
     | datapath_EXMEM_rd_reg[0]         | CK ^ -> QN ^ | DFFR_X1   | 0.330 |   0.333 |    0.455 | 
     | g34387                           | B ^ -> ZN ^  | XNOR2_X1  | 0.156 |   0.489 |    0.611 | 
     | g34318                           | A1 ^ -> ZN ^ | AND2_X2   | 0.113 |   0.602 |    0.724 | 
     | g34314                           | A2 ^ -> ZN ^ | AND4_X2   | 0.176 |   0.778 |    0.901 | 
     | FE_OFC210_n_1943                 | A ^ -> ZN v  | INV_X2    | 0.042 |   0.820 |    0.942 | 
     | FE_OFC339_n_1442                 | A v -> ZN ^  | INV_X4    | 0.168 |   0.988 |    1.110 | 
     | g2                               | A2 ^ -> ZN ^ | OR2_X4    | 0.239 |   1.227 |    1.349 | 
     | g34220                           | B1 ^ -> ZN v | OAI21_X1  | 0.104 |   1.331 |    1.454 | 
     | g61618                           | C1 v -> ZN ^ | OAI211_X1 | 0.158 |   1.489 |    1.611 | 
     | g61582                           | A ^ -> ZN v  | INV_X1    | 0.038 |   1.527 |    1.649 | 
     | g60433                           | A1 v -> ZN ^ | NAND2_X1  | 0.075 |   1.602 |    1.724 | 
     | g60101                           | A2 ^ -> ZN v | NAND2_X1  | 0.049 |   1.650 |    1.773 | 
     | g60090                           | A1 v -> ZN v | AND2_X2   | 0.095 |   1.745 |    1.868 | 
     | FE_RC_2_0                        | B1 v -> ZN ^ | OAI21_X2  | 0.124 |   1.870 |    1.992 | 
     | FE_RC_3_0                        | B1 ^ -> ZN v | AOI21_X2  | 0.072 |   1.942 |    2.064 | 
     | g60016                           | B1 v -> ZN ^ | OAI21_X2  | 0.118 |   2.060 |    2.183 | 
     | g59995                           | B1 ^ -> ZN v | AOI21_X1  | 0.073 |   2.133 |    2.255 | 
     | g59976                           | B1 v -> ZN ^ | OAI21_X1  | 0.185 |   2.319 |    2.441 | 
     | FE_RC_4_0                        | B1 ^ -> ZN v | AOI21_X2  | 0.082 |   2.401 |    2.523 | 
     | g59939                           | B1 v -> ZN ^ | OAI21_X1  | 0.182 |   2.583 |    2.705 | 
     | g59932                           | A1 ^ -> ZN v | NAND2_X1  | 0.054 |   2.637 |    2.759 | 
     | g59923                           | A1 v -> ZN v | AND2_X1   | 0.114 |   2.750 |    2.873 | 
     | g59920                           | A1 v -> ZN ^ | NOR2_X1   | 0.216 |   2.966 |    3.088 | 
     | g59905                           | A1 ^ -> ZN v | AOI22_X1  | 0.113 |   3.079 |    3.201 | 
     | g59884                           | B1 v -> ZN ^ | OAI221_X1 | 0.198 |   3.277 |    3.400 | 
     | g59880                           | A ^ -> ZN v  | INV_X1    | 0.054 |   3.331 |    3.453 | 
     | FE_RC_1_0                        | A1 v -> ZN ^ | OAI22_X2  | 0.127 |   3.458 |    3.580 | 
     | g59817                           | A ^ -> ZN ^  | XNOR2_X1  | 0.170 |   3.628 |    3.750 | 
     | g59776                           | B1 ^ -> ZN v | OAI221_X1 | 0.103 |   3.731 |    3.853 | 
     | datapath_EXMEM_aluResult_reg[31] | D v          | DFFR_X1   | 0.000 |   3.731 |    3.854 | 
     +------------------------------------------------------------------------------------------+ 
Path 23: MET Setup Check with Pin datapath_EXMEM_aluResult_reg[17]/CK 
Endpoint:   datapath_EXMEM_aluResult_reg[17]/D (^) checked with  leading edge 
of 'clk'
Beginpoint: datapath_EXMEM_rd_reg[0]/QN        (^) triggered by  leading edge 
of 'clk'
Path Groups: {reg2reg}
Analysis View: WC_VIEW
Other End Arrival Time          0.010
- Setup                         0.117
+ Phase Shift                   4.100
+ CPPR Adjustment               0.000
- Uncertainty                   0.100
= Required Time                 3.893
- Arrival Time                  3.768
= Slack Time                    0.125
     Clock Rise Edge                 0.000
     + Clock Network Latency (Prop)  0.003
     = Beginpoint Arrival Time       0.003
     +------------------------------------------------------------------------------------------+ 
     |             Instance             |     Arc      |   Cell    | Delay | Arrival | Required | 
     |                                  |              |           |       |  Time   |   Time   | 
     |----------------------------------+--------------+-----------+-------+---------+----------| 
     | datapath_EXMEM_rd_reg[0]         | CK ^         |           |       |   0.003 |    0.128 | 
     | datapath_EXMEM_rd_reg[0]         | CK ^ -> QN ^ | DFFR_X1   | 0.330 |   0.333 |    0.458 | 
     | g34387                           | B ^ -> ZN ^  | XNOR2_X1  | 0.156 |   0.489 |    0.614 | 
     | g34318                           | A1 ^ -> ZN ^ | AND2_X2   | 0.113 |   0.602 |    0.727 | 
     | g34314                           | A2 ^ -> ZN ^ | AND4_X2   | 0.176 |   0.778 |    0.903 | 
     | FE_OFC210_n_1943                 | A ^ -> ZN v  | INV_X2    | 0.042 |   0.820 |    0.945 | 
     | FE_OFC339_n_1442                 | A v -> ZN ^  | INV_X4    | 0.168 |   0.988 |    1.113 | 
     | g2                               | A2 ^ -> ZN ^ | OR2_X4    | 0.239 |   1.227 |    1.352 | 
     | g34220                           | B1 ^ -> ZN v | OAI21_X1  | 0.104 |   1.331 |    1.456 | 
     | g61618                           | C1 v -> ZN ^ | OAI211_X1 | 0.158 |   1.489 |    1.614 | 
     | g61582                           | A ^ -> ZN v  | INV_X1    | 0.038 |   1.527 |    1.652 | 
     | g60433                           | A1 v -> ZN ^ | NAND2_X1  | 0.075 |   1.602 |    1.727 | 
     | g60101                           | A2 ^ -> ZN v | NAND2_X1  | 0.049 |   1.650 |    1.776 | 
     | g60090                           | A1 v -> ZN v | AND2_X2   | 0.095 |   1.745 |    1.871 | 
     | FE_RC_2_0                        | B1 v -> ZN ^ | OAI21_X2  | 0.124 |   1.870 |    1.995 | 
     | FE_RC_3_0                        | B1 ^ -> ZN v | AOI21_X2  | 0.072 |   1.942 |    2.067 | 
     | g60016                           | B1 v -> ZN ^ | OAI21_X2  | 0.118 |   2.060 |    2.186 | 
     | g59995                           | B1 ^ -> ZN v | AOI21_X1  | 0.073 |   2.133 |    2.258 | 
     | g59976                           | B1 v -> ZN ^ | OAI21_X1  | 0.185 |   2.319 |    2.444 | 
     | FE_RC_4_0                        | B1 ^ -> ZN v | AOI21_X2  | 0.082 |   2.401 |    2.526 | 
     | g59939                           | B1 v -> ZN ^ | OAI21_X1  | 0.182 |   2.583 |    2.708 | 
     | g59932                           | A1 ^ -> ZN v | NAND2_X1  | 0.054 |   2.637 |    2.762 | 
     | g59923                           | A1 v -> ZN v | AND2_X1   | 0.114 |   2.750 |    2.876 | 
     | g59920                           | A1 v -> ZN ^ | NOR2_X1   | 0.216 |   2.966 |    3.091 | 
     | g59898                           | B1 ^ -> ZN v | AOI21_X1  | 0.106 |   3.072 |    3.197 | 
     | g59889                           | A1 v -> ZN v | AND2_X2   | 0.122 |   3.194 |    3.319 | 
     | g59877                           | A1 v -> ZN v | OR2_X2    | 0.160 |   3.354 |    3.480 | 
     | g59862                           | A1 v -> ZN v | AND2_X2   | 0.099 |   3.454 |    3.579 | 
     | g59838                           | A v -> Z v   | XOR2_X1   | 0.178 |   3.632 |    3.757 | 
     | g59798                           | A1 v -> ZN ^ | OAI222_X1 | 0.136 |   3.768 |    3.893 | 
     | datapath_EXMEM_aluResult_reg[17] | D ^          | DFFR_X1   | 0.000 |   3.768 |    3.893 | 
     +------------------------------------------------------------------------------------------+ 
Path 24: MET Setup Check with Pin datapath_EXMEM_aluResult_reg[30]/CK 
Endpoint:   datapath_EXMEM_aluResult_reg[30]/D (v) checked with  leading edge 
of 'clk'
Beginpoint: datapath_MEMWB_rd_reg[3]/QN        (v) triggered by  leading edge 
of 'clk'
Path Groups: {reg2reg}
Analysis View: WC_VIEW
Other End Arrival Time          0.010
- Setup                         0.156
+ Phase Shift                   4.100
+ CPPR Adjustment               0.000
- Uncertainty                   0.100
= Required Time                 3.854
- Arrival Time                  3.710
= Slack Time                    0.144
     Clock Rise Edge                 0.000
     + Clock Network Latency (Prop)  0.010
     = Beginpoint Arrival Time       0.010
     +------------------------------------------------------------------------------------------+ 
     |             Instance             |     Arc      |   Cell    | Delay | Arrival | Required | 
     |                                  |              |           |       |  Time   |   Time   | 
     |----------------------------------+--------------+-----------+-------+---------+----------| 
     | datapath_MEMWB_rd_reg[3]         | CK ^         |           |       |   0.010 |    0.154 | 
     | datapath_MEMWB_rd_reg[3]         | CK ^ -> QN v | DFFR_X1   | 0.311 |   0.321 |    0.465 | 
     | g35074                           | A v -> ZN ^  | INV_X2    | 0.120 |   0.441 |    0.585 | 
     | g61886                           | A ^ -> ZN ^  | XNOR2_X1  | 0.130 |   0.571 |    0.715 | 
     | g61661                           | A1 ^ -> ZN ^ | AND4_X1   | 0.194 |   0.765 |    0.909 | 
     | g61555                           | A2 ^ -> ZN ^ | AND3_X4   | 0.175 |   0.940 |    1.084 | 
     | g60530                           | A1 ^ -> ZN v | NOR2_X1   | 0.046 |   0.986 |    1.130 | 
     | FE_OFC330_n_185                  | A v -> Z v   | BUF_X4    | 0.126 |   1.112 |    1.256 | 
     | g60458                           | A1 v -> ZN ^ | AOI222_X1 | 0.219 |   1.331 |    1.475 | 
     | FE_OFC320_n_745                  | A ^ -> ZN v  | INV_X1    | 0.094 |   1.426 |    1.569 | 
     | g60109                           | A v -> CO v  | FA_X1     | 0.313 |   1.739 |    1.882 | 
     | g60101                           | A1 v -> ZN ^ | NAND2_X1  | 0.066 |   1.805 |    1.949 | 
     | g60090                           | A1 ^ -> ZN ^ | AND2_X2   | 0.102 |   1.907 |    2.051 | 
     | FE_RC_2_0                        | B1 ^ -> ZN v | OAI21_X2  | 0.048 |   1.956 |    2.099 | 
     | FE_RC_3_0                        | B1 v -> ZN ^ | AOI21_X2  | 0.132 |   2.088 |    2.232 | 
     | g60016                           | B1 ^ -> ZN v | OAI21_X2  | 0.068 |   2.156 |    2.300 | 
     | g59995                           | B1 v -> ZN ^ | AOI21_X1  | 0.152 |   2.308 |    2.452 | 
     | g59976                           | B1 ^ -> ZN v | OAI21_X1  | 0.098 |   2.406 |    2.550 | 
     | FE_RC_4_0                        | B1 v -> ZN ^ | AOI21_X2  | 0.136 |   2.542 |    2.686 | 
     | g59939                           | B1 ^ -> ZN v | OAI21_X1  | 0.091 |   2.633 |    2.777 | 
     | g59932                           | A1 v -> ZN ^ | NAND2_X1  | 0.055 |   2.688 |    2.832 | 
     | g59923                           | A1 ^ -> ZN ^ | AND2_X1   | 0.114 |   2.802 |    2.946 | 
     | g59920                           | A1 ^ -> ZN v | NOR2_X1   | 0.051 |   2.853 |    2.997 | 
     | g59905                           | A1 v -> ZN ^ | AOI22_X1  | 0.197 |   3.050 |    3.194 | 
     | g59890                           | A1 ^ -> ZN ^ | AND2_X1   | 0.189 |   3.239 |    3.383 | 
     | g59872                           | S ^ -> Z v   | MUX2_X1   | 0.247 |   3.486 |    3.630 | 
     | g59834                           | A1 v -> ZN ^ | AOI22_X1  | 0.127 |   3.613 |    3.757 | 
     | g59793                           | B1 ^ -> ZN v | OAI221_X1 | 0.097 |   3.710 |    3.854 | 
     | datapath_EXMEM_aluResult_reg[30] | D v          | DFFR_X1   | 0.000 |   3.710 |    3.854 | 
     +------------------------------------------------------------------------------------------+ 
Path 25: MET Setup Check with Pin datapath_IF_pc_reg[10]/CK 
Endpoint:   datapath_IF_pc_reg[10]/D      (v) checked with  leading edge of 
'clk'
Beginpoint: datapath_IFID_instr_reg[16]/Q (^) triggered by  leading edge of 
'clk'
Path Groups: {reg2reg}
Analysis View: WC_VIEW
Other End Arrival Time          0.007
- Setup                         0.244
+ Phase Shift                   4.100
+ CPPR Adjustment               0.000
- Uncertainty                   0.100
= Required Time                 3.763
- Arrival Time                  3.616
= Slack Time                    0.147
     Clock Rise Edge                 0.000
     + Clock Network Latency (Prop)  -0.010
     = Beginpoint Arrival Time       -0.010
     +---------------------------------------------------------------------------------------------+ 
     |              Instance               |     Arc      |   Cell    | Delay | Arrival | Required | 
     |                                     |              |           |       |  Time   |   Time   | 
     |-------------------------------------+--------------+-----------+-------+---------+----------| 
     | datapath_IFID_instr_reg[16]         | CK ^         |           |       |  -0.010 |    0.137 | 
     | datapath_IFID_instr_reg[16]         | CK ^ -> Q ^  | DFFR_X1   | 0.472 |   0.462 |    0.609 | 
     | g526__1881                          | A2 ^ -> ZN v | NOR2_X1   | 0.063 |   0.526 |    0.673 | 
     | g505__6260                          | A1 v -> ZN ^ | NAND2_X1  | 0.112 |   0.638 |    0.785 | 
     | g503                                | A ^ -> ZN v  | INV_X1    | 0.053 |   0.692 |    0.839 | 
     | g498__7410                          | A1 v -> ZN v | AND2_X1   | 0.171 |   0.863 |    1.010 | 
     | FE_OFC340_datapath_registers_n_2526 | A v -> Z v   | CLKBUF_X2 | 0.241 |   1.104 |    1.251 | 
     | g3919__6260                         | A1 v -> ZN ^ | AOI22_X1  | 0.162 |   1.266 |    1.413 | 
     | g3523__2398                         | A4 ^ -> ZN ^ | AND4_X1   | 0.232 |   1.498 |    1.645 | 
     | g3416__5526                         | A1 ^ -> ZN v | NAND4_X1  | 0.138 |   1.636 |    1.783 | 
     | g62819                              | C1 v -> ZN ^ | AOI222_X1 | 0.341 |   1.977 |    2.123 | 
     | FE_OFC204_n_3638                    | A ^ -> Z ^   | CLKBUF_X1 | 0.176 |   2.152 |    2.299 | 
     | datapath_LT_TC_OP_g839              | A1 ^ -> ZN ^ | AND2_X1   | 0.120 |   2.273 |    2.419 | 
     | datapath_LT_TC_OP_g806              | A1 ^ -> ZN v | OAI22_X1  | 0.050 |   2.322 |    2.469 | 
     | datapath_LT_TC_OP_g785              | A v -> ZN ^  | AOI21_X1  | 0.201 |   2.523 |    2.670 | 
     | datapath_LT_TC_OP_g776              | A1 ^ -> ZN v | NAND2_X1  | 0.059 |   2.582 |    2.729 | 
     | datapath_LT_TC_OP_g773              | A1 v -> ZN ^ | NAND2_X1  | 0.057 |   2.639 |    2.786 | 
     | datapath_LT_TC_OP_g772              | A ^ -> ZN v  | OAI211_X1 | 0.075 |   2.714 |    2.861 | 
     | g62788                              | A2 v -> ZN v | OR2_X2    | 0.200 |   2.914 |    3.061 | 
     | g60341                              | A1 v -> ZN ^ | OAI222_X4 | 0.307 |   3.222 |    3.368 | 
     | FE_OCPC358_n_868                    | A ^ -> Z ^   | BUF_X2    | 0.160 |   3.382 |    3.529 | 
     | g59928                              | S ^ -> Z v   | MUX2_X1   | 0.234 |   3.616 |    3.763 | 
     | datapath_IF_pc_reg[10]              | D v          | SDFFR_X1  | 0.000 |   3.616 |    3.763 | 
     +---------------------------------------------------------------------------------------------+ 
Path 26: MET Setup Check with Pin datapath_IF_pc_reg[8]/CK 
Endpoint:   datapath_IF_pc_reg[8]/D       (v) checked with  leading edge of 
'clk'
Beginpoint: datapath_IFID_instr_reg[16]/Q (^) triggered by  leading edge of 
'clk'
Path Groups: {reg2reg}
Analysis View: WC_VIEW
Other End Arrival Time          0.007
- Setup                         0.244
+ Phase Shift                   4.100
+ CPPR Adjustment               0.000
- Uncertainty                   0.100
= Required Time                 3.763
- Arrival Time                  3.614
= Slack Time                    0.149
     Clock Rise Edge                 0.000
     + Clock Network Latency (Prop)  -0.010
     = Beginpoint Arrival Time       -0.010
     +---------------------------------------------------------------------------------------------+ 
     |              Instance               |     Arc      |   Cell    | Delay | Arrival | Required | 
     |                                     |              |           |       |  Time   |   Time   | 
     |-------------------------------------+--------------+-----------+-------+---------+----------| 
     | datapath_IFID_instr_reg[16]         | CK ^         |           |       |  -0.010 |    0.139 | 
     | datapath_IFID_instr_reg[16]         | CK ^ -> Q ^  | DFFR_X1   | 0.472 |   0.462 |    0.612 | 
     | g526__1881                          | A2 ^ -> ZN v | NOR2_X1   | 0.063 |   0.526 |    0.675 | 
     | g505__6260                          | A1 v -> ZN ^ | NAND2_X1  | 0.112 |   0.638 |    0.787 | 
     | g503                                | A ^ -> ZN v  | INV_X1    | 0.053 |   0.692 |    0.841 | 
     | g498__7410                          | A1 v -> ZN v | AND2_X1   | 0.171 |   0.863 |    1.012 | 
     | FE_OFC340_datapath_registers_n_2526 | A v -> Z v   | CLKBUF_X2 | 0.241 |   1.104 |    1.253 | 
     | g3919__6260                         | A1 v -> ZN ^ | AOI22_X1  | 0.162 |   1.266 |    1.415 | 
     | g3523__2398                         | A4 ^ -> ZN ^ | AND4_X1   | 0.232 |   1.498 |    1.647 | 
     | g3416__5526                         | A1 ^ -> ZN v | NAND4_X1  | 0.138 |   1.636 |    1.785 | 
     | g62819                              | C1 v -> ZN ^ | AOI222_X1 | 0.341 |   1.977 |    2.126 | 
     | FE_OFC204_n_3638                    | A ^ -> Z ^   | CLKBUF_X1 | 0.176 |   2.152 |    2.302 | 
     | datapath_LT_TC_OP_g839              | A1 ^ -> ZN ^ | AND2_X1   | 0.120 |   2.273 |    2.422 | 
     | datapath_LT_TC_OP_g806              | A1 ^ -> ZN v | OAI22_X1  | 0.050 |   2.322 |    2.471 | 
     | datapath_LT_TC_OP_g785              | A v -> ZN ^  | AOI21_X1  | 0.201 |   2.523 |    2.672 | 
     | datapath_LT_TC_OP_g776              | A1 ^ -> ZN v | NAND2_X1  | 0.059 |   2.582 |    2.731 | 
     | datapath_LT_TC_OP_g773              | A1 v -> ZN ^ | NAND2_X1  | 0.057 |   2.639 |    2.788 | 
     | datapath_LT_TC_OP_g772              | A ^ -> ZN v  | OAI211_X1 | 0.075 |   2.714 |    2.863 | 
     | g62788                              | A2 v -> ZN v | OR2_X2    | 0.200 |   2.914 |    3.063 | 
     | g60341                              | A1 v -> ZN ^ | OAI222_X4 | 0.307 |   3.222 |    3.371 | 
     | FE_OCPC358_n_868                    | A ^ -> Z ^   | BUF_X2    | 0.160 |   3.382 |    3.531 | 
     | g59975                              | S ^ -> Z v   | MUX2_X1   | 0.232 |   3.614 |    3.763 | 
     | datapath_IF_pc_reg[8]               | D v          | SDFFR_X1  | 0.000 |   3.614 |    3.763 | 
     +---------------------------------------------------------------------------------------------+ 
Path 27: MET Setup Check with Pin datapath_IF_pc_reg[9]/CK 
Endpoint:   datapath_IF_pc_reg[9]/D       (v) checked with  leading edge of 
'clk'
Beginpoint: datapath_IFID_instr_reg[16]/Q (^) triggered by  leading edge of 
'clk'
Path Groups: {reg2reg}
Analysis View: WC_VIEW
Other End Arrival Time          0.007
- Setup                         0.244
+ Phase Shift                   4.100
+ CPPR Adjustment               0.000
- Uncertainty                   0.100
= Required Time                 3.763
- Arrival Time                  3.614
= Slack Time                    0.149
     Clock Rise Edge                 0.000
     + Clock Network Latency (Prop)  -0.010
     = Beginpoint Arrival Time       -0.010
     +---------------------------------------------------------------------------------------------+ 
     |              Instance               |     Arc      |   Cell    | Delay | Arrival | Required | 
     |                                     |              |           |       |  Time   |   Time   | 
     |-------------------------------------+--------------+-----------+-------+---------+----------| 
     | datapath_IFID_instr_reg[16]         | CK ^         |           |       |  -0.010 |    0.140 | 
     | datapath_IFID_instr_reg[16]         | CK ^ -> Q ^  | DFFR_X1   | 0.472 |   0.462 |    0.612 | 
     | g526__1881                          | A2 ^ -> ZN v | NOR2_X1   | 0.063 |   0.526 |    0.675 | 
     | g505__6260                          | A1 v -> ZN ^ | NAND2_X1  | 0.112 |   0.638 |    0.788 | 
     | g503                                | A ^ -> ZN v  | INV_X1    | 0.053 |   0.692 |    0.841 | 
     | g498__7410                          | A1 v -> ZN v | AND2_X1   | 0.171 |   0.863 |    1.012 | 
     | FE_OFC340_datapath_registers_n_2526 | A v -> Z v   | CLKBUF_X2 | 0.241 |   1.104 |    1.253 | 
     | g3919__6260                         | A1 v -> ZN ^ | AOI22_X1  | 0.162 |   1.266 |    1.415 | 
     | g3523__2398                         | A4 ^ -> ZN ^ | AND4_X1   | 0.232 |   1.498 |    1.647 | 
     | g3416__5526                         | A1 ^ -> ZN v | NAND4_X1  | 0.138 |   1.636 |    1.785 | 
     | g62819                              | C1 v -> ZN ^ | AOI222_X1 | 0.341 |   1.977 |    2.126 | 
     | FE_OFC204_n_3638                    | A ^ -> Z ^   | CLKBUF_X1 | 0.176 |   2.152 |    2.302 | 
     | datapath_LT_TC_OP_g839              | A1 ^ -> ZN ^ | AND2_X1   | 0.120 |   2.273 |    2.422 | 
     | datapath_LT_TC_OP_g806              | A1 ^ -> ZN v | OAI22_X1  | 0.050 |   2.322 |    2.472 | 
     | datapath_LT_TC_OP_g785              | A v -> ZN ^  | AOI21_X1  | 0.201 |   2.523 |    2.672 | 
     | datapath_LT_TC_OP_g776              | A1 ^ -> ZN v | NAND2_X1  | 0.059 |   2.582 |    2.731 | 
     | datapath_LT_TC_OP_g773              | A1 v -> ZN ^ | NAND2_X1  | 0.057 |   2.639 |    2.789 | 
     | datapath_LT_TC_OP_g772              | A ^ -> ZN v  | OAI211_X1 | 0.075 |   2.714 |    2.863 | 
     | g62788                              | A2 v -> ZN v | OR2_X2    | 0.200 |   2.914 |    3.063 | 
     | g60341                              | A1 v -> ZN ^ | OAI222_X4 | 0.307 |   3.222 |    3.371 | 
     | FE_OCPC358_n_868                    | A ^ -> Z ^   | BUF_X2    | 0.160 |   3.382 |    3.531 | 
     | g59945                              | S ^ -> Z v   | MUX2_X1   | 0.232 |   3.614 |    3.763 | 
     | datapath_IF_pc_reg[9]               | D v          | SDFFR_X1  | 0.000 |   3.614 |    3.763 | 
     +---------------------------------------------------------------------------------------------+ 
Path 28: MET Setup Check with Pin datapath_IF_pc_reg[11]/CK 
Endpoint:   datapath_IF_pc_reg[11]/D      (v) checked with  leading edge of 
'clk'
Beginpoint: datapath_IFID_instr_reg[16]/Q (^) triggered by  leading edge of 
'clk'
Path Groups: {reg2reg}
Analysis View: WC_VIEW
Other End Arrival Time          0.010
- Setup                         0.243
+ Phase Shift                   4.100
+ CPPR Adjustment               0.000
- Uncertainty                   0.100
= Required Time                 3.767
- Arrival Time                  3.615
= Slack Time                    0.152
     Clock Rise Edge                 0.000
     + Clock Network Latency (Prop)  -0.010
     = Beginpoint Arrival Time       -0.010
     +---------------------------------------------------------------------------------------------+ 
     |              Instance               |     Arc      |   Cell    | Delay | Arrival | Required | 
     |                                     |              |           |       |  Time   |   Time   | 
     |-------------------------------------+--------------+-----------+-------+---------+----------| 
     | datapath_IFID_instr_reg[16]         | CK ^         |           |       |  -0.010 |    0.143 | 
     | datapath_IFID_instr_reg[16]         | CK ^ -> Q ^  | DFFR_X1   | 0.472 |   0.462 |    0.615 | 
     | g526__1881                          | A2 ^ -> ZN v | NOR2_X1   | 0.063 |   0.526 |    0.678 | 
     | g505__6260                          | A1 v -> ZN ^ | NAND2_X1  | 0.112 |   0.638 |    0.790 | 
     | g503                                | A ^ -> ZN v  | INV_X1    | 0.053 |   0.692 |    0.844 | 
     | g498__7410                          | A1 v -> ZN v | AND2_X1   | 0.171 |   0.863 |    1.015 | 
     | FE_OFC340_datapath_registers_n_2526 | A v -> Z v   | CLKBUF_X2 | 0.241 |   1.104 |    1.256 | 
     | g3919__6260                         | A1 v -> ZN ^ | AOI22_X1  | 0.162 |   1.266 |    1.418 | 
     | g3523__2398                         | A4 ^ -> ZN ^ | AND4_X1   | 0.232 |   1.498 |    1.650 | 
     | g3416__5526                         | A1 ^ -> ZN v | NAND4_X1  | 0.138 |   1.636 |    1.788 | 
     | g62819                              | C1 v -> ZN ^ | AOI222_X1 | 0.341 |   1.977 |    2.129 | 
     | FE_OFC204_n_3638                    | A ^ -> Z ^   | CLKBUF_X1 | 0.176 |   2.152 |    2.305 | 
     | datapath_LT_TC_OP_g839              | A1 ^ -> ZN ^ | AND2_X1   | 0.120 |   2.273 |    2.425 | 
     | datapath_LT_TC_OP_g806              | A1 ^ -> ZN v | OAI22_X1  | 0.050 |   2.322 |    2.475 | 
     | datapath_LT_TC_OP_g785              | A v -> ZN ^  | AOI21_X1  | 0.201 |   2.523 |    2.675 | 
     | datapath_LT_TC_OP_g776              | A1 ^ -> ZN v | NAND2_X1  | 0.059 |   2.582 |    2.734 | 
     | datapath_LT_TC_OP_g773              | A1 v -> ZN ^ | NAND2_X1  | 0.057 |   2.639 |    2.792 | 
     | datapath_LT_TC_OP_g772              | A ^ -> ZN v  | OAI211_X1 | 0.075 |   2.714 |    2.866 | 
     | g62788                              | A2 v -> ZN v | OR2_X2    | 0.200 |   2.914 |    3.066 | 
     | g60341                              | A1 v -> ZN ^ | OAI222_X4 | 0.307 |   3.222 |    3.374 | 
     | FE_OCPC358_n_868                    | A ^ -> Z ^   | BUF_X2    | 0.160 |   3.382 |    3.534 | 
     | g59901                              | S ^ -> Z v   | MUX2_X1   | 0.233 |   3.615 |    3.767 | 
     | datapath_IF_pc_reg[11]              | D v          | SDFFR_X1  | 0.000 |   3.615 |    3.767 | 
     +---------------------------------------------------------------------------------------------+ 
Path 29: MET Setup Check with Pin datapath_IF_pc_reg[5]/CK 
Endpoint:   datapath_IF_pc_reg[5]/D       (v) checked with  leading edge of 
'clk'
Beginpoint: datapath_IFID_instr_reg[16]/Q (^) triggered by  leading edge of 
'clk'
Path Groups: {reg2reg}
Analysis View: WC_VIEW
Other End Arrival Time          0.010
- Setup                         0.243
+ Phase Shift                   4.100
+ CPPR Adjustment               0.000
- Uncertainty                   0.100
= Required Time                 3.767
- Arrival Time                  3.613
= Slack Time                    0.154
     Clock Rise Edge                 0.000
     + Clock Network Latency (Prop)  -0.010
     = Beginpoint Arrival Time       -0.010
     +---------------------------------------------------------------------------------------------+ 
     |              Instance               |     Arc      |   Cell    | Delay | Arrival | Required | 
     |                                     |              |           |       |  Time   |   Time   | 
     |-------------------------------------+--------------+-----------+-------+---------+----------| 
     | datapath_IFID_instr_reg[16]         | CK ^         |           |       |  -0.010 |    0.144 | 
     | datapath_IFID_instr_reg[16]         | CK ^ -> Q ^  | DFFR_X1   | 0.472 |   0.462 |    0.616 | 
     | g526__1881                          | A2 ^ -> ZN v | NOR2_X1   | 0.063 |   0.526 |    0.679 | 
     | g505__6260                          | A1 v -> ZN ^ | NAND2_X1  | 0.112 |   0.638 |    0.792 | 
     | g503                                | A ^ -> ZN v  | INV_X1    | 0.053 |   0.692 |    0.845 | 
     | g498__7410                          | A1 v -> ZN v | AND2_X1   | 0.171 |   0.863 |    1.017 | 
     | FE_OFC340_datapath_registers_n_2526 | A v -> Z v   | CLKBUF_X2 | 0.241 |   1.104 |    1.257 | 
     | g3919__6260                         | A1 v -> ZN ^ | AOI22_X1  | 0.162 |   1.266 |    1.420 | 
     | g3523__2398                         | A4 ^ -> ZN ^ | AND4_X1   | 0.232 |   1.498 |    1.651 | 
     | g3416__5526                         | A1 ^ -> ZN v | NAND4_X1  | 0.138 |   1.636 |    1.789 | 
     | g62819                              | C1 v -> ZN ^ | AOI222_X1 | 0.341 |   1.977 |    2.130 | 
     | FE_OFC204_n_3638                    | A ^ -> Z ^   | CLKBUF_X1 | 0.176 |   2.152 |    2.306 | 
     | datapath_LT_TC_OP_g839              | A1 ^ -> ZN ^ | AND2_X1   | 0.120 |   2.273 |    2.426 | 
     | datapath_LT_TC_OP_g806              | A1 ^ -> ZN v | OAI22_X1  | 0.050 |   2.322 |    2.476 | 
     | datapath_LT_TC_OP_g785              | A v -> ZN ^  | AOI21_X1  | 0.201 |   2.523 |    2.676 | 
     | datapath_LT_TC_OP_g776              | A1 ^ -> ZN v | NAND2_X1  | 0.059 |   2.582 |    2.736 | 
     | datapath_LT_TC_OP_g773              | A1 v -> ZN ^ | NAND2_X1  | 0.057 |   2.639 |    2.793 | 
     | datapath_LT_TC_OP_g772              | A ^ -> ZN v  | OAI211_X1 | 0.075 |   2.714 |    2.867 | 
     | g62788                              | A2 v -> ZN v | OR2_X2    | 0.200 |   2.914 |    3.068 | 
     | g60341                              | A1 v -> ZN ^ | OAI222_X4 | 0.307 |   3.222 |    3.375 | 
     | FE_OCPC358_n_868                    | A ^ -> Z ^   | BUF_X2    | 0.160 |   3.382 |    3.535 | 
     | g60081                              | S ^ -> Z v   | MUX2_X1   | 0.232 |   3.613 |    3.767 | 
     | datapath_IF_pc_reg[5]               | D v          | SDFFR_X1  | 0.000 |   3.613 |    3.767 | 
     +---------------------------------------------------------------------------------------------+ 
Path 30: MET Setup Check with Pin datapath_IF_pc_reg[6]/CK 
Endpoint:   datapath_IF_pc_reg[6]/D       (v) checked with  leading edge of 
'clk'
Beginpoint: datapath_IFID_instr_reg[16]/Q (^) triggered by  leading edge of 
'clk'
Path Groups: {reg2reg}
Analysis View: WC_VIEW
Other End Arrival Time          0.011
- Setup                         0.242
+ Phase Shift                   4.100
+ CPPR Adjustment               0.000
- Uncertainty                   0.100
= Required Time                 3.768
- Arrival Time                  3.614
= Slack Time                    0.154
     Clock Rise Edge                 0.000
     + Clock Network Latency (Prop)  -0.010
     = Beginpoint Arrival Time       -0.010
     +---------------------------------------------------------------------------------------------+ 
     |              Instance               |     Arc      |   Cell    | Delay | Arrival | Required | 
     |                                     |              |           |       |  Time   |   Time   | 
     |-------------------------------------+--------------+-----------+-------+---------+----------| 
     | datapath_IFID_instr_reg[16]         | CK ^         |           |       |  -0.010 |    0.145 | 
     | datapath_IFID_instr_reg[16]         | CK ^ -> Q ^  | DFFR_X1   | 0.472 |   0.462 |    0.617 | 
     | g526__1881                          | A2 ^ -> ZN v | NOR2_X1   | 0.063 |   0.526 |    0.680 | 
     | g505__6260                          | A1 v -> ZN ^ | NAND2_X1  | 0.112 |   0.638 |    0.792 | 
     | g503                                | A ^ -> ZN v  | INV_X1    | 0.053 |   0.692 |    0.846 | 
     | g498__7410                          | A1 v -> ZN v | AND2_X1   | 0.171 |   0.863 |    1.017 | 
     | FE_OFC340_datapath_registers_n_2526 | A v -> Z v   | CLKBUF_X2 | 0.241 |   1.104 |    1.258 | 
     | g3919__6260                         | A1 v -> ZN ^ | AOI22_X1  | 0.162 |   1.266 |    1.420 | 
     | g3523__2398                         | A4 ^ -> ZN ^ | AND4_X1   | 0.232 |   1.498 |    1.652 | 
     | g3416__5526                         | A1 ^ -> ZN v | NAND4_X1  | 0.138 |   1.636 |    1.790 | 
     | g62819                              | C1 v -> ZN ^ | AOI222_X1 | 0.341 |   1.977 |    2.131 | 
     | FE_OFC204_n_3638                    | A ^ -> Z ^   | CLKBUF_X1 | 0.176 |   2.152 |    2.307 | 
     | datapath_LT_TC_OP_g839              | A1 ^ -> ZN ^ | AND2_X1   | 0.120 |   2.273 |    2.427 | 
     | datapath_LT_TC_OP_g806              | A1 ^ -> ZN v | OAI22_X1  | 0.050 |   2.322 |    2.477 | 
     | datapath_LT_TC_OP_g785              | A v -> ZN ^  | AOI21_X1  | 0.201 |   2.523 |    2.677 | 
     | datapath_LT_TC_OP_g776              | A1 ^ -> ZN v | NAND2_X1  | 0.059 |   2.582 |    2.736 | 
     | datapath_LT_TC_OP_g773              | A1 v -> ZN ^ | NAND2_X1  | 0.057 |   2.639 |    2.794 | 
     | datapath_LT_TC_OP_g772              | A ^ -> ZN v  | OAI211_X1 | 0.075 |   2.714 |    2.868 | 
     | g62788                              | A2 v -> ZN v | OR2_X2    | 0.200 |   2.914 |    3.068 | 
     | g60341                              | A1 v -> ZN ^ | OAI222_X4 | 0.307 |   3.222 |    3.376 | 
     | FE_OCPC358_n_868                    | A ^ -> Z ^   | BUF_X2    | 0.160 |   3.382 |    3.536 | 
     | g60045                              | S ^ -> Z v   | MUX2_X1   | 0.232 |   3.614 |    3.768 | 
     | datapath_IF_pc_reg[6]               | D v          | SDFFR_X1  | 0.000 |   3.614 |    3.768 | 
     +---------------------------------------------------------------------------------------------+ 
Path 31: MET Setup Check with Pin datapath_IF_pc_reg[7]/CK 
Endpoint:   datapath_IF_pc_reg[7]/D       (v) checked with  leading edge of 
'clk'
Beginpoint: datapath_IFID_instr_reg[16]/Q (^) triggered by  leading edge of 
'clk'
Path Groups: {reg2reg}
Analysis View: WC_VIEW
Other End Arrival Time          0.012
- Setup                         0.243
+ Phase Shift                   4.100
+ CPPR Adjustment               0.000
- Uncertainty                   0.100
= Required Time                 3.769
- Arrival Time                  3.613
= Slack Time                    0.156
     Clock Rise Edge                 0.000
     + Clock Network Latency (Prop)  -0.010
     = Beginpoint Arrival Time       -0.010
     +---------------------------------------------------------------------------------------------+ 
     |              Instance               |     Arc      |   Cell    | Delay | Arrival | Required | 
     |                                     |              |           |       |  Time   |   Time   | 
     |-------------------------------------+--------------+-----------+-------+---------+----------| 
     | datapath_IFID_instr_reg[16]         | CK ^         |           |       |  -0.010 |    0.147 | 
     | datapath_IFID_instr_reg[16]         | CK ^ -> Q ^  | DFFR_X1   | 0.472 |   0.462 |    0.619 | 
     | g526__1881                          | A2 ^ -> ZN v | NOR2_X1   | 0.063 |   0.526 |    0.682 | 
     | g505__6260                          | A1 v -> ZN ^ | NAND2_X1  | 0.112 |   0.638 |    0.795 | 
     | g503                                | A ^ -> ZN v  | INV_X1    | 0.053 |   0.692 |    0.848 | 
     | g498__7410                          | A1 v -> ZN v | AND2_X1   | 0.171 |   0.863 |    1.019 | 
     | FE_OFC340_datapath_registers_n_2526 | A v -> Z v   | CLKBUF_X2 | 0.241 |   1.104 |    1.260 | 
     | g3919__6260                         | A1 v -> ZN ^ | AOI22_X1  | 0.162 |   1.266 |    1.422 | 
     | g3523__2398                         | A4 ^ -> ZN ^ | AND4_X1   | 0.232 |   1.498 |    1.654 | 
     | g3416__5526                         | A1 ^ -> ZN v | NAND4_X1  | 0.138 |   1.636 |    1.792 | 
     | g62819                              | C1 v -> ZN ^ | AOI222_X1 | 0.341 |   1.977 |    2.133 | 
     | FE_OFC204_n_3638                    | A ^ -> Z ^   | CLKBUF_X1 | 0.176 |   2.152 |    2.309 | 
     | datapath_LT_TC_OP_g839              | A1 ^ -> ZN ^ | AND2_X1   | 0.120 |   2.273 |    2.429 | 
     | datapath_LT_TC_OP_g806              | A1 ^ -> ZN v | OAI22_X1  | 0.050 |   2.322 |    2.479 | 
     | datapath_LT_TC_OP_g785              | A v -> ZN ^  | AOI21_X1  | 0.201 |   2.523 |    2.679 | 
     | datapath_LT_TC_OP_g776              | A1 ^ -> ZN v | NAND2_X1  | 0.059 |   2.582 |    2.738 | 
     | datapath_LT_TC_OP_g773              | A1 v -> ZN ^ | NAND2_X1  | 0.057 |   2.639 |    2.796 | 
     | datapath_LT_TC_OP_g772              | A ^ -> ZN v  | OAI211_X1 | 0.075 |   2.714 |    2.870 | 
     | g62788                              | A2 v -> ZN v | OR2_X2    | 0.200 |   2.914 |    3.070 | 
     | g60341                              | A1 v -> ZN ^ | OAI222_X4 | 0.307 |   3.222 |    3.378 | 
     | FE_OCPC358_n_868                    | A ^ -> Z ^   | BUF_X2    | 0.160 |   3.382 |    3.538 | 
     | g60001                              | S ^ -> Z v   | MUX2_X1   | 0.231 |   3.613 |    3.769 | 
     | datapath_IF_pc_reg[7]               | D v          | SDFFR_X1  | 0.000 |   3.613 |    3.769 | 
     +---------------------------------------------------------------------------------------------+ 
Path 32: MET Setup Check with Pin datapath_IF_pc_reg[3]/CK 
Endpoint:   datapath_IF_pc_reg[3]/D       (v) checked with  leading edge of 
'clk'
Beginpoint: datapath_IFID_instr_reg[16]/Q (^) triggered by  leading edge of 
'clk'
Path Groups: {reg2reg}
Analysis View: WC_VIEW
Other End Arrival Time          0.014
- Setup                         0.243
+ Phase Shift                   4.100
+ CPPR Adjustment               0.000
- Uncertainty                   0.100
= Required Time                 3.771
- Arrival Time                  3.614
= Slack Time                    0.157
     Clock Rise Edge                 0.000
     + Clock Network Latency (Prop)  -0.010
     = Beginpoint Arrival Time       -0.010
     +---------------------------------------------------------------------------------------------+ 
     |              Instance               |     Arc      |   Cell    | Delay | Arrival | Required | 
     |                                     |              |           |       |  Time   |   Time   | 
     |-------------------------------------+--------------+-----------+-------+---------+----------| 
     | datapath_IFID_instr_reg[16]         | CK ^         |           |       |  -0.010 |    0.147 | 
     | datapath_IFID_instr_reg[16]         | CK ^ -> Q ^  | DFFR_X1   | 0.472 |   0.462 |    0.619 | 
     | g526__1881                          | A2 ^ -> ZN v | NOR2_X1   | 0.063 |   0.526 |    0.683 | 
     | g505__6260                          | A1 v -> ZN ^ | NAND2_X1  | 0.112 |   0.638 |    0.795 | 
     | g503                                | A ^ -> ZN v  | INV_X1    | 0.053 |   0.692 |    0.849 | 
     | g498__7410                          | A1 v -> ZN v | AND2_X1   | 0.171 |   0.863 |    1.020 | 
     | FE_OFC340_datapath_registers_n_2526 | A v -> Z v   | CLKBUF_X2 | 0.241 |   1.104 |    1.261 | 
     | g3919__6260                         | A1 v -> ZN ^ | AOI22_X1  | 0.162 |   1.266 |    1.423 | 
     | g3523__2398                         | A4 ^ -> ZN ^ | AND4_X1   | 0.232 |   1.498 |    1.655 | 
     | g3416__5526                         | A1 ^ -> ZN v | NAND4_X1  | 0.138 |   1.636 |    1.793 | 
     | g62819                              | C1 v -> ZN ^ | AOI222_X1 | 0.341 |   1.977 |    2.134 | 
     | FE_OFC204_n_3638                    | A ^ -> Z ^   | CLKBUF_X1 | 0.176 |   2.152 |    2.309 | 
     | datapath_LT_TC_OP_g839              | A1 ^ -> ZN ^ | AND2_X1   | 0.120 |   2.273 |    2.430 | 
     | datapath_LT_TC_OP_g806              | A1 ^ -> ZN v | OAI22_X1  | 0.050 |   2.322 |    2.479 | 
     | datapath_LT_TC_OP_g785              | A v -> ZN ^  | AOI21_X1  | 0.201 |   2.523 |    2.680 | 
     | datapath_LT_TC_OP_g776              | A1 ^ -> ZN v | NAND2_X1  | 0.059 |   2.582 |    2.739 | 
     | datapath_LT_TC_OP_g773              | A1 v -> ZN ^ | NAND2_X1  | 0.057 |   2.639 |    2.796 | 
     | datapath_LT_TC_OP_g772              | A ^ -> ZN v  | OAI211_X1 | 0.075 |   2.714 |    2.871 | 
     | g62788                              | A2 v -> ZN v | OR2_X2    | 0.200 |   2.914 |    3.071 | 
     | g60341                              | A1 v -> ZN ^ | OAI222_X4 | 0.307 |   3.222 |    3.379 | 
     | FE_OCPC359_n_868                    | A ^ -> Z ^   | BUF_X1    | 0.160 |   3.381 |    3.538 | 
     | g60256                              | S ^ -> Z v   | MUX2_X1   | 0.233 |   3.614 |    3.771 | 
     | datapath_IF_pc_reg[3]               | D v          | SDFFR_X1  | 0.000 |   3.614 |    3.771 | 
     +---------------------------------------------------------------------------------------------+ 
Path 33: MET Setup Check with Pin datapath_IF_pc_reg[2]/CK 
Endpoint:   datapath_IF_pc_reg[2]/D       (v) checked with  leading edge of 
'clk'
Beginpoint: datapath_IFID_instr_reg[16]/Q (^) triggered by  leading edge of 
'clk'
Path Groups: {reg2reg}
Analysis View: WC_VIEW
Other End Arrival Time          0.014
- Setup                         0.243
+ Phase Shift                   4.100
+ CPPR Adjustment               0.000
- Uncertainty                   0.100
= Required Time                 3.771
- Arrival Time                  3.612
= Slack Time                    0.159
     Clock Rise Edge                 0.000
     + Clock Network Latency (Prop)  -0.010
     = Beginpoint Arrival Time       -0.010
     +---------------------------------------------------------------------------------------------+ 
     |              Instance               |     Arc      |   Cell    | Delay | Arrival | Required | 
     |                                     |              |           |       |  Time   |   Time   | 
     |-------------------------------------+--------------+-----------+-------+---------+----------| 
     | datapath_IFID_instr_reg[16]         | CK ^         |           |       |  -0.010 |    0.150 | 
     | datapath_IFID_instr_reg[16]         | CK ^ -> Q ^  | DFFR_X1   | 0.472 |   0.462 |    0.622 | 
     | g526__1881                          | A2 ^ -> ZN v | NOR2_X1   | 0.063 |   0.526 |    0.685 | 
     | g505__6260                          | A1 v -> ZN ^ | NAND2_X1  | 0.112 |   0.638 |    0.798 | 
     | g503                                | A ^ -> ZN v  | INV_X1    | 0.053 |   0.692 |    0.851 | 
     | g498__7410                          | A1 v -> ZN v | AND2_X1   | 0.171 |   0.863 |    1.022 | 
     | FE_OFC340_datapath_registers_n_2526 | A v -> Z v   | CLKBUF_X2 | 0.241 |   1.104 |    1.263 | 
     | g3919__6260                         | A1 v -> ZN ^ | AOI22_X1  | 0.162 |   1.266 |    1.425 | 
     | g3523__2398                         | A4 ^ -> ZN ^ | AND4_X1   | 0.232 |   1.498 |    1.657 | 
     | g3416__5526                         | A1 ^ -> ZN v | NAND4_X1  | 0.138 |   1.636 |    1.795 | 
     | g62819                              | C1 v -> ZN ^ | AOI222_X1 | 0.341 |   1.977 |    2.136 | 
     | FE_OFC204_n_3638                    | A ^ -> Z ^   | CLKBUF_X1 | 0.176 |   2.152 |    2.312 | 
     | datapath_LT_TC_OP_g839              | A1 ^ -> ZN ^ | AND2_X1   | 0.120 |   2.273 |    2.432 | 
     | datapath_LT_TC_OP_g806              | A1 ^ -> ZN v | OAI22_X1  | 0.050 |   2.322 |    2.482 | 
     | datapath_LT_TC_OP_g785              | A v -> ZN ^  | AOI21_X1  | 0.201 |   2.523 |    2.682 | 
     | datapath_LT_TC_OP_g776              | A1 ^ -> ZN v | NAND2_X1  | 0.059 |   2.582 |    2.741 | 
     | datapath_LT_TC_OP_g773              | A1 v -> ZN ^ | NAND2_X1  | 0.057 |   2.639 |    2.799 | 
     | datapath_LT_TC_OP_g772              | A ^ -> ZN v  | OAI211_X1 | 0.075 |   2.714 |    2.873 | 
     | g62788                              | A2 v -> ZN v | OR2_X2    | 0.200 |   2.914 |    3.073 | 
     | g60341                              | A1 v -> ZN ^ | OAI222_X4 | 0.307 |   3.222 |    3.381 | 
     | FE_OCPC359_n_868                    | A ^ -> Z ^   | BUF_X1    | 0.160 |   3.381 |    3.541 | 
     | g60260                              | S ^ -> Z v   | MUX2_X1   | 0.230 |   3.612 |    3.771 | 
     | datapath_IF_pc_reg[2]               | D v          | SDFFR_X1  | 0.000 |   3.612 |    3.771 | 
     +---------------------------------------------------------------------------------------------+ 
Path 34: MET Setup Check with Pin datapath_IF_pc_reg[4]/CK 
Endpoint:   datapath_IF_pc_reg[4]/D       (v) checked with  leading edge of 
'clk'
Beginpoint: datapath_IFID_instr_reg[16]/Q (^) triggered by  leading edge of 
'clk'
Path Groups: {reg2reg}
Analysis View: WC_VIEW
Other End Arrival Time          0.014
- Setup                         0.243
+ Phase Shift                   4.100
+ CPPR Adjustment               0.000
- Uncertainty                   0.100
= Required Time                 3.772
- Arrival Time                  3.611
= Slack Time                    0.161
     Clock Rise Edge                 0.000
     + Clock Network Latency (Prop)  -0.010
     = Beginpoint Arrival Time       -0.010
     +---------------------------------------------------------------------------------------------+ 
     |              Instance               |     Arc      |   Cell    | Delay | Arrival | Required | 
     |                                     |              |           |       |  Time   |   Time   | 
     |-------------------------------------+--------------+-----------+-------+---------+----------| 
     | datapath_IFID_instr_reg[16]         | CK ^         |           |       |  -0.010 |    0.151 | 
     | datapath_IFID_instr_reg[16]         | CK ^ -> Q ^  | DFFR_X1   | 0.472 |   0.462 |    0.623 | 
     | g526__1881                          | A2 ^ -> ZN v | NOR2_X1   | 0.063 |   0.526 |    0.687 | 
     | g505__6260                          | A1 v -> ZN ^ | NAND2_X1  | 0.112 |   0.638 |    0.799 | 
     | g503                                | A ^ -> ZN v  | INV_X1    | 0.053 |   0.692 |    0.852 | 
     | g498__7410                          | A1 v -> ZN v | AND2_X1   | 0.171 |   0.863 |    1.024 | 
     | FE_OFC340_datapath_registers_n_2526 | A v -> Z v   | CLKBUF_X2 | 0.241 |   1.104 |    1.265 | 
     | g3919__6260                         | A1 v -> ZN ^ | AOI22_X1  | 0.162 |   1.266 |    1.427 | 
     | g3523__2398                         | A4 ^ -> ZN ^ | AND4_X1   | 0.232 |   1.498 |    1.659 | 
     | g3416__5526                         | A1 ^ -> ZN v | NAND4_X1  | 0.138 |   1.636 |    1.797 | 
     | g62819                              | C1 v -> ZN ^ | AOI222_X1 | 0.341 |   1.977 |    2.137 | 
     | FE_OFC204_n_3638                    | A ^ -> Z ^   | CLKBUF_X1 | 0.176 |   2.152 |    2.313 | 
     | datapath_LT_TC_OP_g839              | A1 ^ -> ZN ^ | AND2_X1   | 0.120 |   2.273 |    2.433 | 
     | datapath_LT_TC_OP_g806              | A1 ^ -> ZN v | OAI22_X1  | 0.050 |   2.322 |    2.483 | 
     | datapath_LT_TC_OP_g785              | A v -> ZN ^  | AOI21_X1  | 0.201 |   2.523 |    2.684 | 
     | datapath_LT_TC_OP_g776              | A1 ^ -> ZN v | NAND2_X1  | 0.059 |   2.582 |    2.743 | 
     | datapath_LT_TC_OP_g773              | A1 v -> ZN ^ | NAND2_X1  | 0.057 |   2.639 |    2.800 | 
     | datapath_LT_TC_OP_g772              | A ^ -> ZN v  | OAI211_X1 | 0.075 |   2.714 |    2.875 | 
     | g62788                              | A2 v -> ZN v | OR2_X2    | 0.200 |   2.914 |    3.075 | 
     | g60341                              | A1 v -> ZN ^ | OAI222_X4 | 0.307 |   3.222 |    3.382 | 
     | FE_OCPC359_n_868                    | A ^ -> Z ^   | BUF_X1    | 0.160 |   3.381 |    3.542 | 
     | g60151                              | S ^ -> Z v   | MUX2_X1   | 0.229 |   3.611 |    3.772 | 
     | datapath_IF_pc_reg[4]               | D v          | SDFFR_X1  | 0.000 |   3.611 |    3.772 | 
     +---------------------------------------------------------------------------------------------+ 
Path 35: MET Setup Check with Pin datapath_IF_pc_reg[1]/CK 
Endpoint:   datapath_IF_pc_reg[1]/D       (v) checked with  leading edge of 
'clk'
Beginpoint: datapath_IFID_instr_reg[16]/Q (^) triggered by  leading edge of 
'clk'
Path Groups: {reg2reg}
Analysis View: WC_VIEW
Other End Arrival Time          0.020
- Setup                         0.241
+ Phase Shift                   4.100
+ CPPR Adjustment               0.000
- Uncertainty                   0.100
= Required Time                 3.779
- Arrival Time                  3.611
= Slack Time                    0.169
     Clock Rise Edge                 0.000
     + Clock Network Latency (Prop)  -0.010
     = Beginpoint Arrival Time       -0.010
     +---------------------------------------------------------------------------------------------+ 
     |              Instance               |     Arc      |   Cell    | Delay | Arrival | Required | 
     |                                     |              |           |       |  Time   |   Time   | 
     |-------------------------------------+--------------+-----------+-------+---------+----------| 
     | datapath_IFID_instr_reg[16]         | CK ^         |           |       |  -0.010 |    0.159 | 
     | datapath_IFID_instr_reg[16]         | CK ^ -> Q ^  | DFFR_X1   | 0.472 |   0.462 |    0.631 | 
     | g526__1881                          | A2 ^ -> ZN v | NOR2_X1   | 0.063 |   0.526 |    0.694 | 
     | g505__6260                          | A1 v -> ZN ^ | NAND2_X1  | 0.112 |   0.638 |    0.807 | 
     | g503                                | A ^ -> ZN v  | INV_X1    | 0.053 |   0.692 |    0.860 | 
     | g498__7410                          | A1 v -> ZN v | AND2_X1   | 0.171 |   0.863 |    1.032 | 
     | FE_OFC340_datapath_registers_n_2526 | A v -> Z v   | CLKBUF_X2 | 0.241 |   1.104 |    1.273 | 
     | g3919__6260                         | A1 v -> ZN ^ | AOI22_X1  | 0.162 |   1.266 |    1.435 | 
     | g3523__2398                         | A4 ^ -> ZN ^ | AND4_X1   | 0.232 |   1.498 |    1.666 | 
     | g3416__5526                         | A1 ^ -> ZN v | NAND4_X1  | 0.138 |   1.636 |    1.804 | 
     | g62819                              | C1 v -> ZN ^ | AOI222_X1 | 0.341 |   1.977 |    2.145 | 
     | FE_OFC204_n_3638                    | A ^ -> Z ^   | CLKBUF_X1 | 0.176 |   2.152 |    2.321 | 
     | datapath_LT_TC_OP_g839              | A1 ^ -> ZN ^ | AND2_X1   | 0.120 |   2.273 |    2.441 | 
     | datapath_LT_TC_OP_g806              | A1 ^ -> ZN v | OAI22_X1  | 0.050 |   2.322 |    2.491 | 
     | datapath_LT_TC_OP_g785              | A v -> ZN ^  | AOI21_X1  | 0.201 |   2.523 |    2.691 | 
     | datapath_LT_TC_OP_g776              | A1 ^ -> ZN v | NAND2_X1  | 0.059 |   2.582 |    2.751 | 
     | datapath_LT_TC_OP_g773              | A1 v -> ZN ^ | NAND2_X1  | 0.057 |   2.639 |    2.808 | 
     | datapath_LT_TC_OP_g772              | A ^ -> ZN v  | OAI211_X1 | 0.075 |   2.714 |    2.882 | 
     | g62788                              | A2 v -> ZN v | OR2_X2    | 0.200 |   2.914 |    3.083 | 
     | g60341                              | A1 v -> ZN ^ | OAI222_X4 | 0.307 |   3.222 |    3.390 | 
     | FE_OCPC359_n_868                    | A ^ -> Z ^   | BUF_X1    | 0.160 |   3.381 |    3.550 | 
     | g60259                              | S ^ -> Z v   | MUX2_X1   | 0.229 |   3.611 |    3.779 | 
     | datapath_IF_pc_reg[1]               | D v          | SDFFR_X1  | 0.000 |   3.611 |    3.779 | 
     +---------------------------------------------------------------------------------------------+ 
Path 36: MET Setup Check with Pin datapath_IF_pc_reg[20]/CK 
Endpoint:   datapath_IF_pc_reg[20]/D     (^) checked with  leading edge of 'clk'
Beginpoint: datapath_IFID_instr_reg[0]/Q (^) triggered by  leading edge of 'clk'
Path Groups: {reg2reg}
Analysis View: WC_VIEW
Other End Arrival Time          0.014
- Setup                         0.107
+ Phase Shift                   4.100
+ CPPR Adjustment               0.000
- Uncertainty                   0.100
= Required Time                 3.908
- Arrival Time                  3.724
= Slack Time                    0.183
     Clock Rise Edge                 0.000
     + Clock Network Latency (Prop)  0.015
     = Beginpoint Arrival Time       0.015
     +------------------------------------------------------------------------------------+ 
     |          Instance          |     Arc      |   Cell    | Delay | Arrival | Required | 
     |                            |              |           |       |  Time   |   Time   | 
     |----------------------------+--------------+-----------+-------+---------+----------| 
     | datapath_IFID_instr_reg[0] | CK ^         |           |       |   0.015 |    0.198 | 
     | datapath_IFID_instr_reg[0] | CK ^ -> Q ^  | DFFR_X1   | 0.380 |   0.394 |    0.577 | 
     | g35194                     | A2 ^ -> ZN ^ | AND2_X1   | 0.123 |   0.517 |    0.700 | 
     | g35071                     | A1 ^ -> ZN v | NAND2_X1  | 0.062 |   0.579 |    0.762 | 
     | g35034                     | A1 v -> ZN ^ | NOR2_X2   | 0.148 |   0.727 |    0.910 | 
     | g34968                     | A1 ^ -> ZN v | NAND2_X1  | 0.088 |   0.815 |    0.998 | 
     | g34936                     | A1 v -> ZN ^ | NAND2_X1  | 0.080 |   0.895 |    1.078 | 
     | g34931                     | A ^ -> ZN v  | INV_X1    | 0.045 |   0.940 |    1.123 | 
     | g34911                     | B1 v -> ZN ^ | OAI21_X1  | 0.185 |   1.125 |    1.308 | 
     | g61696                     | A ^ -> CO ^  | HA_X1     | 0.163 |   1.288 |    1.471 | 
     | g61632                     | A1 ^ -> ZN v | NAND2_X1  | 0.044 |   1.332 |    1.515 | 
     | g61622                     | A1 v -> ZN ^ | NAND2_X1  | 0.072 |   1.404 |    1.587 | 
     | g62822                     | A ^ -> ZN v  | OAI21_X1  | 0.061 |   1.465 |    1.649 | 
     | g60503                     | A1 v -> ZN ^ | NAND2_X1  | 0.089 |   1.554 |    1.738 | 
     | g60418                     | A ^ -> ZN v  | OAI21_X1  | 0.059 |   1.614 |    1.797 | 
     | g60340                     | A1 v -> ZN ^ | NAND2_X1  | 0.111 |   1.725 |    1.908 | 
     | g60258                     | A1 ^ -> ZN v | NAND2_X1  | 0.056 |   1.781 |    1.964 | 
     | g60164                     | A1 v -> ZN ^ | NAND2_X1  | 0.073 |   1.854 |    2.037 | 
     | g60088                     | A ^ -> ZN v  | OAI21_X1  | 0.058 |   1.912 |    2.096 | 
     | g60086                     | A1 v -> ZN ^ | NAND2_X1  | 0.077 |   1.990 |    2.173 | 
     | g60049                     | A ^ -> ZN v  | OAI21_X1  | 0.060 |   2.050 |    2.233 | 
     | g60047                     | A1 v -> ZN ^ | NAND2_X1  | 0.075 |   2.125 |    2.309 | 
     | g60014                     | A ^ -> ZN v  | OAI21_X1  | 0.060 |   2.186 |    2.369 | 
     | g60004                     | A1 v -> ZN ^ | NAND2_X1  | 0.074 |   2.260 |    2.443 | 
     | g59988                     | A ^ -> ZN v  | OAI21_X1  | 0.062 |   2.322 |    2.506 | 
     | g59982                     | A1 v -> ZN ^ | NAND2_X1  | 0.076 |   2.399 |    2.582 | 
     | g59958                     | A ^ -> ZN v  | OAI21_X1  | 0.061 |   2.460 |    2.643 | 
     | g59956                     | A1 v -> ZN ^ | NAND2_X1  | 0.076 |   2.536 |    2.719 | 
     | g59935                     | A ^ -> ZN v  | OAI21_X1  | 0.060 |   2.595 |    2.779 | 
     | g59930                     | A1 v -> ZN ^ | NAND2_X1  | 0.077 |   2.672 |    2.855 | 
     | g59907                     | A ^ -> ZN v  | OAI21_X1  | 0.061 |   2.733 |    2.916 | 
     | g59904                     | A1 v -> ZN ^ | NAND2_X1  | 0.089 |   2.822 |    3.005 | 
     | g59881                     | A ^ -> ZN v  | OAI21_X1  | 0.058 |   2.880 |    3.063 | 
     | g59873                     | A1 v -> ZN ^ | NAND2_X1  | 0.111 |   2.991 |    3.174 | 
     | g59818                     | C1 ^ -> ZN v | OAI211_X1 | 0.089 |   3.081 |    3.264 | 
     | g59791                     | A1 v -> ZN v | AND2_X1   | 0.145 |   3.226 |    3.409 | 
     | g59764                     | A1 v -> ZN ^ | NOR2_X1   | 0.113 |   3.338 |    3.522 | 
     | g59746                     | B1 ^ -> ZN v | AOI21_X1  | 0.075 |   3.413 |    3.597 | 
     | g59721                     | A v -> ZN v  | XNOR2_X1  | 0.133 |   3.546 |    3.729 | 
     | g59703                     | B1 v -> ZN ^ | OAI221_X1 | 0.178 |   3.724 |    3.908 | 
     | datapath_IF_pc_reg[20]     | D ^          | DFFR_X1   | 0.000 |   3.724 |    3.908 | 
     +------------------------------------------------------------------------------------+ 
Path 37: MET Setup Check with Pin datapath_IF_pc_reg[19]/CK 
Endpoint:   datapath_IF_pc_reg[19]/D      (^) checked with  leading edge of 
'clk'
Beginpoint: datapath_IFID_instr_reg[16]/Q (^) triggered by  leading edge of 
'clk'
Path Groups: {reg2reg}
Analysis View: WC_VIEW
Other End Arrival Time          0.022
- Setup                         0.104
+ Phase Shift                   4.100
+ CPPR Adjustment               0.000
- Uncertainty                   0.100
= Required Time                 3.918
- Arrival Time                  3.711
= Slack Time                    0.207
     Clock Rise Edge                 0.000
     + Clock Network Latency (Prop)  -0.010
     = Beginpoint Arrival Time       -0.010
     +---------------------------------------------------------------------------------------------+ 
     |              Instance               |     Arc      |   Cell    | Delay | Arrival | Required | 
     |                                     |              |           |       |  Time   |   Time   | 
     |-------------------------------------+--------------+-----------+-------+---------+----------| 
     | datapath_IFID_instr_reg[16]         | CK ^         |           |       |  -0.010 |    0.197 | 
     | datapath_IFID_instr_reg[16]         | CK ^ -> Q ^  | DFFR_X1   | 0.472 |   0.462 |    0.669 | 
     | g526__1881                          | A2 ^ -> ZN v | NOR2_X1   | 0.063 |   0.526 |    0.733 | 
     | g505__6260                          | A1 v -> ZN ^ | NAND2_X1  | 0.112 |   0.638 |    0.845 | 
     | g503                                | A ^ -> ZN v  | INV_X1    | 0.053 |   0.692 |    0.899 | 
     | g498__7410                          | A1 v -> ZN v | AND2_X1   | 0.171 |   0.863 |    1.070 | 
     | FE_OFC340_datapath_registers_n_2526 | A v -> Z v   | CLKBUF_X2 | 0.241 |   1.104 |    1.311 | 
     | g3919__6260                         | A1 v -> ZN ^ | AOI22_X1  | 0.162 |   1.266 |    1.473 | 
     | g3523__2398                         | A4 ^ -> ZN ^ | AND4_X1   | 0.232 |   1.498 |    1.705 | 
     | g3416__5526                         | A1 ^ -> ZN v | NAND4_X1  | 0.138 |   1.636 |    1.843 | 
     | g62819                              | C1 v -> ZN ^ | AOI222_X1 | 0.341 |   1.977 |    2.183 | 
     | FE_OFC204_n_3638                    | A ^ -> Z ^   | CLKBUF_X1 | 0.176 |   2.152 |    2.359 | 
     | datapath_LT_TC_OP_g839              | A1 ^ -> ZN ^ | AND2_X1   | 0.120 |   2.273 |    2.479 | 
     | datapath_LT_TC_OP_g806              | A1 ^ -> ZN v | OAI22_X1  | 0.050 |   2.322 |    2.529 | 
     | datapath_LT_TC_OP_g785              | A v -> ZN ^  | AOI21_X1  | 0.201 |   2.523 |    2.730 | 
     | datapath_LT_TC_OP_g776              | A1 ^ -> ZN v | NAND2_X1  | 0.059 |   2.582 |    2.789 | 
     | datapath_LT_TC_OP_g773              | A1 v -> ZN ^ | NAND2_X1  | 0.057 |   2.639 |    2.846 | 
     | datapath_LT_TC_OP_g772              | A ^ -> ZN v  | OAI211_X1 | 0.075 |   2.714 |    2.921 | 
     | g62788                              | A2 v -> ZN v | OR2_X2    | 0.200 |   2.914 |    3.121 | 
     | g60341                              | A1 v -> ZN ^ | OAI222_X4 | 0.307 |   3.222 |    3.428 | 
     | g60289                              | A1 ^ -> ZN ^ | AND2_X2   | 0.186 |   3.407 |    3.614 | 
     | FE_OFC215_n_905                     | A ^ -> ZN v  | INV_X4    | 0.102 |   3.509 |    3.716 | 
     | g59711                              | B2 v -> ZN ^ | OAI221_X1 | 0.202 |   3.711 |    3.918 | 
     | datapath_IF_pc_reg[19]              | D ^          | DFFR_X1   | 0.000 |   3.711 |    3.918 | 
     +---------------------------------------------------------------------------------------------+ 
Path 38: MET Setup Check with Pin datapath_IF_pc_reg[27]/CK 
Endpoint:   datapath_IF_pc_reg[27]/D      (^) checked with  leading edge of 
'clk'
Beginpoint: datapath_IFID_instr_reg[16]/Q (^) triggered by  leading edge of 
'clk'
Path Groups: {reg2reg}
Analysis View: WC_VIEW
Other End Arrival Time          0.012
- Setup                         0.107
+ Phase Shift                   4.100
+ CPPR Adjustment               0.000
- Uncertainty                   0.100
= Required Time                 3.905
- Arrival Time                  3.697
= Slack Time                    0.208
     Clock Rise Edge                 0.000
     + Clock Network Latency (Prop)  -0.010
     = Beginpoint Arrival Time       -0.010
     +---------------------------------------------------------------------------------------------+ 
     |              Instance               |     Arc      |   Cell    | Delay | Arrival | Required | 
     |                                     |              |           |       |  Time   |   Time   | 
     |-------------------------------------+--------------+-----------+-------+---------+----------| 
     | datapath_IFID_instr_reg[16]         | CK ^         |           |       |  -0.010 |    0.198 | 
     | datapath_IFID_instr_reg[16]         | CK ^ -> Q ^  | DFFR_X1   | 0.472 |   0.462 |    0.670 | 
     | g526__1881                          | A2 ^ -> ZN v | NOR2_X1   | 0.063 |   0.526 |    0.733 | 
     | g505__6260                          | A1 v -> ZN ^ | NAND2_X1  | 0.112 |   0.638 |    0.846 | 
     | g503                                | A ^ -> ZN v  | INV_X1    | 0.053 |   0.692 |    0.899 | 
     | g498__7410                          | A1 v -> ZN v | AND2_X1   | 0.171 |   0.863 |    1.071 | 
     | FE_OFC340_datapath_registers_n_2526 | A v -> Z v   | CLKBUF_X2 | 0.241 |   1.104 |    1.312 | 
     | g3919__6260                         | A1 v -> ZN ^ | AOI22_X1  | 0.162 |   1.266 |    1.474 | 
     | g3523__2398                         | A4 ^ -> ZN ^ | AND4_X1   | 0.232 |   1.498 |    1.705 | 
     | g3416__5526                         | A1 ^ -> ZN v | NAND4_X1  | 0.138 |   1.636 |    1.843 | 
     | g62819                              | C1 v -> ZN ^ | AOI222_X1 | 0.341 |   1.977 |    2.184 | 
     | FE_OFC204_n_3638                    | A ^ -> Z ^   | CLKBUF_X1 | 0.176 |   2.152 |    2.360 | 
     | datapath_LT_TC_OP_g839              | A1 ^ -> ZN ^ | AND2_X1   | 0.120 |   2.273 |    2.480 | 
     | datapath_LT_TC_OP_g806              | A1 ^ -> ZN v | OAI22_X1  | 0.050 |   2.322 |    2.530 | 
     | datapath_LT_TC_OP_g785              | A v -> ZN ^  | AOI21_X1  | 0.201 |   2.523 |    2.730 | 
     | datapath_LT_TC_OP_g776              | A1 ^ -> ZN v | NAND2_X1  | 0.059 |   2.582 |    2.790 | 
     | datapath_LT_TC_OP_g773              | A1 v -> ZN ^ | NAND2_X1  | 0.057 |   2.639 |    2.847 | 
     | datapath_LT_TC_OP_g772              | A ^ -> ZN v  | OAI211_X1 | 0.075 |   2.714 |    2.921 | 
     | g62788                              | A2 v -> ZN v | OR2_X2    | 0.200 |   2.914 |    3.122 | 
     | g60341                              | A1 v -> ZN ^ | OAI222_X4 | 0.307 |   3.222 |    3.429 | 
     | g60289                              | A1 ^ -> ZN ^ | AND2_X2   | 0.186 |   3.407 |    3.615 | 
     | FE_OFC321_n_905                     | A ^ -> ZN v  | INV_X4    | 0.091 |   3.498 |    3.706 | 
     | g59719                              | B2 v -> ZN ^ | OAI221_X1 | 0.199 |   3.697 |    3.905 | 
     | datapath_IF_pc_reg[27]              | D ^          | DFFR_X1   | 0.000 |   3.697 |    3.905 | 
     +---------------------------------------------------------------------------------------------+ 
Path 39: MET Setup Check with Pin datapath_IF_pc_reg[14]/CK 
Endpoint:   datapath_IF_pc_reg[14]/D      (^) checked with  leading edge of 
'clk'
Beginpoint: datapath_IFID_instr_reg[16]/Q (^) triggered by  leading edge of 
'clk'
Path Groups: {reg2reg}
Analysis View: WC_VIEW
Other End Arrival Time          0.009
- Setup                         0.107
+ Phase Shift                   4.100
+ CPPR Adjustment               0.000
- Uncertainty                   0.100
= Required Time                 3.902
- Arrival Time                  3.691
= Slack Time                    0.211
     Clock Rise Edge                 0.000
     + Clock Network Latency (Prop)  -0.010
     = Beginpoint Arrival Time       -0.010
     +---------------------------------------------------------------------------------------------+ 
     |              Instance               |     Arc      |   Cell    | Delay | Arrival | Required | 
     |                                     |              |           |       |  Time   |   Time   | 
     |-------------------------------------+--------------+-----------+-------+---------+----------| 
     | datapath_IFID_instr_reg[16]         | CK ^         |           |       |  -0.010 |    0.201 | 
     | datapath_IFID_instr_reg[16]         | CK ^ -> Q ^  | DFFR_X1   | 0.472 |   0.462 |    0.673 | 
     | g526__1881                          | A2 ^ -> ZN v | NOR2_X1   | 0.063 |   0.526 |    0.736 | 
     | g505__6260                          | A1 v -> ZN ^ | NAND2_X1  | 0.112 |   0.638 |    0.849 | 
     | g503                                | A ^ -> ZN v  | INV_X1    | 0.053 |   0.692 |    0.902 | 
     | g498__7410                          | A1 v -> ZN v | AND2_X1   | 0.171 |   0.863 |    1.074 | 
     | FE_OFC340_datapath_registers_n_2526 | A v -> Z v   | CLKBUF_X2 | 0.241 |   1.104 |    1.315 | 
     | g3919__6260                         | A1 v -> ZN ^ | AOI22_X1  | 0.162 |   1.266 |    1.477 | 
     | g3523__2398                         | A4 ^ -> ZN ^ | AND4_X1   | 0.232 |   1.498 |    1.708 | 
     | g3416__5526                         | A1 ^ -> ZN v | NAND4_X1  | 0.138 |   1.636 |    1.846 | 
     | g62819                              | C1 v -> ZN ^ | AOI222_X1 | 0.341 |   1.977 |    2.187 | 
     | FE_OFC204_n_3638                    | A ^ -> Z ^   | CLKBUF_X1 | 0.176 |   2.152 |    2.363 | 
     | datapath_LT_TC_OP_g839              | A1 ^ -> ZN ^ | AND2_X1   | 0.120 |   2.273 |    2.483 | 
     | datapath_LT_TC_OP_g806              | A1 ^ -> ZN v | OAI22_X1  | 0.050 |   2.322 |    2.533 | 
     | datapath_LT_TC_OP_g785              | A v -> ZN ^  | AOI21_X1  | 0.201 |   2.523 |    2.733 | 
     | datapath_LT_TC_OP_g776              | A1 ^ -> ZN v | NAND2_X1  | 0.059 |   2.582 |    2.793 | 
     | datapath_LT_TC_OP_g773              | A1 v -> ZN ^ | NAND2_X1  | 0.057 |   2.639 |    2.850 | 
     | datapath_LT_TC_OP_g772              | A ^ -> ZN v  | OAI211_X1 | 0.075 |   2.714 |    2.924 | 
     | g62788                              | A2 v -> ZN v | OR2_X2    | 0.200 |   2.914 |    3.125 | 
     | g60341                              | A1 v -> ZN ^ | OAI222_X4 | 0.307 |   3.222 |    3.432 | 
     | g60289                              | A1 ^ -> ZN ^ | AND2_X2   | 0.186 |   3.407 |    3.618 | 
     | FE_OFC215_n_905                     | A ^ -> ZN v  | INV_X4    | 0.102 |   3.509 |    3.720 | 
     | g59777                              | B1 v -> ZN ^ | OAI221_X1 | 0.182 |   3.691 |    3.902 | 
     | datapath_IF_pc_reg[14]              | D ^          | DFFR_X1   | 0.000 |   3.691 |    3.902 | 
     +---------------------------------------------------------------------------------------------+ 
Path 40: MET Setup Check with Pin datapath_IF_pc_reg[25]/CK 
Endpoint:   datapath_IF_pc_reg[25]/D      (^) checked with  leading edge of 
'clk'
Beginpoint: datapath_IFID_instr_reg[16]/Q (^) triggered by  leading edge of 
'clk'
Path Groups: {reg2reg}
Analysis View: WC_VIEW
Other End Arrival Time          0.010
- Setup                         0.105
+ Phase Shift                   4.100
+ CPPR Adjustment               0.000
- Uncertainty                   0.100
= Required Time                 3.904
- Arrival Time                  3.691
= Slack Time                    0.213
     Clock Rise Edge                 0.000
     + Clock Network Latency (Prop)  -0.010
     = Beginpoint Arrival Time       -0.010
     +---------------------------------------------------------------------------------------------+ 
     |              Instance               |     Arc      |   Cell    | Delay | Arrival | Required | 
     |                                     |              |           |       |  Time   |   Time   | 
     |-------------------------------------+--------------+-----------+-------+---------+----------| 
     | datapath_IFID_instr_reg[16]         | CK ^         |           |       |  -0.010 |    0.203 | 
     | datapath_IFID_instr_reg[16]         | CK ^ -> Q ^  | DFFR_X1   | 0.472 |   0.462 |    0.675 | 
     | g526__1881                          | A2 ^ -> ZN v | NOR2_X1   | 0.063 |   0.526 |    0.739 | 
     | g505__6260                          | A1 v -> ZN ^ | NAND2_X1  | 0.112 |   0.638 |    0.851 | 
     | g503                                | A ^ -> ZN v  | INV_X1    | 0.053 |   0.692 |    0.905 | 
     | g498__7410                          | A1 v -> ZN v | AND2_X1   | 0.171 |   0.863 |    1.076 | 
     | FE_OFC340_datapath_registers_n_2526 | A v -> Z v   | CLKBUF_X2 | 0.241 |   1.104 |    1.317 | 
     | g3919__6260                         | A1 v -> ZN ^ | AOI22_X1  | 0.162 |   1.266 |    1.479 | 
     | g3523__2398                         | A4 ^ -> ZN ^ | AND4_X1   | 0.232 |   1.498 |    1.711 | 
     | g3416__5526                         | A1 ^ -> ZN v | NAND4_X1  | 0.138 |   1.636 |    1.849 | 
     | g62819                              | C1 v -> ZN ^ | AOI222_X1 | 0.341 |   1.977 |    2.190 | 
     | FE_OFC204_n_3638                    | A ^ -> Z ^   | CLKBUF_X1 | 0.176 |   2.152 |    2.366 | 
     | datapath_LT_TC_OP_g839              | A1 ^ -> ZN ^ | AND2_X1   | 0.120 |   2.273 |    2.486 | 
     | datapath_LT_TC_OP_g806              | A1 ^ -> ZN v | OAI22_X1  | 0.050 |   2.322 |    2.535 | 
     | datapath_LT_TC_OP_g785              | A v -> ZN ^  | AOI21_X1  | 0.201 |   2.523 |    2.736 | 
     | datapath_LT_TC_OP_g776              | A1 ^ -> ZN v | NAND2_X1  | 0.059 |   2.582 |    2.795 | 
     | datapath_LT_TC_OP_g773              | A1 v -> ZN ^ | NAND2_X1  | 0.057 |   2.639 |    2.852 | 
     | datapath_LT_TC_OP_g772              | A ^ -> ZN v  | OAI211_X1 | 0.075 |   2.714 |    2.927 | 
     | g62788                              | A2 v -> ZN v | OR2_X2    | 0.200 |   2.914 |    3.127 | 
     | g60341                              | A1 v -> ZN ^ | OAI222_X4 | 0.307 |   3.222 |    3.435 | 
     | g60289                              | A1 ^ -> ZN ^ | AND2_X2   | 0.186 |   3.407 |    3.620 | 
     | FE_OFC321_n_905                     | A ^ -> ZN v  | INV_X4    | 0.091 |   3.498 |    3.712 | 
     | g59743                              | B2 v -> ZN ^ | OAI221_X1 | 0.193 |   3.691 |    3.904 | 
     | datapath_IF_pc_reg[25]              | D ^          | DFFR_X1   | 0.000 |   3.691 |    3.904 | 
     +---------------------------------------------------------------------------------------------+ 
Path 41: MET Setup Check with Pin datapath_IF_pc_reg[15]/CK 
Endpoint:   datapath_IF_pc_reg[15]/D      (^) checked with  leading edge of 
'clk'
Beginpoint: datapath_IFID_instr_reg[16]/Q (^) triggered by  leading edge of 
'clk'
Path Groups: {reg2reg}
Analysis View: WC_VIEW
Other End Arrival Time          0.012
- Setup                         0.107
+ Phase Shift                   4.100
+ CPPR Adjustment               0.000
- Uncertainty                   0.100
= Required Time                 3.904
- Arrival Time                  3.686
= Slack Time                    0.218
     Clock Rise Edge                 0.000
     + Clock Network Latency (Prop)  -0.010
     = Beginpoint Arrival Time       -0.010
     +---------------------------------------------------------------------------------------------+ 
     |              Instance               |     Arc      |   Cell    | Delay | Arrival | Required | 
     |                                     |              |           |       |  Time   |   Time   | 
     |-------------------------------------+--------------+-----------+-------+---------+----------| 
     | datapath_IFID_instr_reg[16]         | CK ^         |           |       |  -0.010 |    0.208 | 
     | datapath_IFID_instr_reg[16]         | CK ^ -> Q ^  | DFFR_X1   | 0.472 |   0.462 |    0.681 | 
     | g526__1881                          | A2 ^ -> ZN v | NOR2_X1   | 0.063 |   0.526 |    0.744 | 
     | g505__6260                          | A1 v -> ZN ^ | NAND2_X1  | 0.112 |   0.638 |    0.856 | 
     | g503                                | A ^ -> ZN v  | INV_X1    | 0.053 |   0.692 |    0.910 | 
     | g498__7410                          | A1 v -> ZN v | AND2_X1   | 0.171 |   0.863 |    1.081 | 
     | FE_OFC340_datapath_registers_n_2526 | A v -> Z v   | CLKBUF_X2 | 0.241 |   1.104 |    1.322 | 
     | g3919__6260                         | A1 v -> ZN ^ | AOI22_X1  | 0.162 |   1.266 |    1.484 | 
     | g3523__2398                         | A4 ^ -> ZN ^ | AND4_X1   | 0.232 |   1.498 |    1.716 | 
     | g3416__5526                         | A1 ^ -> ZN v | NAND4_X1  | 0.138 |   1.636 |    1.854 | 
     | g62819                              | C1 v -> ZN ^ | AOI222_X1 | 0.341 |   1.977 |    2.195 | 
     | FE_OFC204_n_3638                    | A ^ -> Z ^   | CLKBUF_X1 | 0.176 |   2.152 |    2.371 | 
     | datapath_LT_TC_OP_g839              | A1 ^ -> ZN ^ | AND2_X1   | 0.120 |   2.273 |    2.491 | 
     | datapath_LT_TC_OP_g806              | A1 ^ -> ZN v | OAI22_X1  | 0.050 |   2.322 |    2.540 | 
     | datapath_LT_TC_OP_g785              | A v -> ZN ^  | AOI21_X1  | 0.201 |   2.523 |    2.741 | 
     | datapath_LT_TC_OP_g776              | A1 ^ -> ZN v | NAND2_X1  | 0.059 |   2.582 |    2.800 | 
     | datapath_LT_TC_OP_g773              | A1 v -> ZN ^ | NAND2_X1  | 0.057 |   2.639 |    2.857 | 
     | datapath_LT_TC_OP_g772              | A ^ -> ZN v  | OAI211_X1 | 0.075 |   2.714 |    2.932 | 
     | g62788                              | A2 v -> ZN v | OR2_X2    | 0.200 |   2.914 |    3.132 | 
     | g60341                              | A1 v -> ZN ^ | OAI222_X4 | 0.307 |   3.222 |    3.440 | 
     | g60289                              | A1 ^ -> ZN ^ | AND2_X2   | 0.186 |   3.407 |    3.626 | 
     | FE_OFC321_n_905                     | A ^ -> ZN v  | INV_X4    | 0.091 |   3.498 |    3.717 | 
     | g59745                              | B1 v -> ZN ^ | OAI221_X1 | 0.188 |   3.686 |    3.904 | 
     | datapath_IF_pc_reg[15]              | D ^          | DFFR_X1   | 0.000 |   3.686 |    3.904 | 
     +---------------------------------------------------------------------------------------------+ 
Path 42: MET Setup Check with Pin datapath_IF_pc_reg[16]/CK 
Endpoint:   datapath_IF_pc_reg[16]/D      (^) checked with  leading edge of 
'clk'
Beginpoint: datapath_IFID_instr_reg[16]/Q (^) triggered by  leading edge of 
'clk'
Path Groups: {reg2reg}
Analysis View: WC_VIEW
Other End Arrival Time          0.022
- Setup                         0.104
+ Phase Shift                   4.100
+ CPPR Adjustment               0.000
- Uncertainty                   0.100
= Required Time                 3.918
- Arrival Time                  3.696
= Slack Time                    0.222
     Clock Rise Edge                 0.000
     + Clock Network Latency (Prop)  -0.010
     = Beginpoint Arrival Time       -0.010
     +---------------------------------------------------------------------------------------------+ 
     |              Instance               |     Arc      |   Cell    | Delay | Arrival | Required | 
     |                                     |              |           |       |  Time   |   Time   | 
     |-------------------------------------+--------------+-----------+-------+---------+----------| 
     | datapath_IFID_instr_reg[16]         | CK ^         |           |       |  -0.010 |    0.212 | 
     | datapath_IFID_instr_reg[16]         | CK ^ -> Q ^  | DFFR_X1   | 0.472 |   0.462 |    0.684 | 
     | g526__1881                          | A2 ^ -> ZN v | NOR2_X1   | 0.063 |   0.526 |    0.748 | 
     | g505__6260                          | A1 v -> ZN ^ | NAND2_X1  | 0.112 |   0.638 |    0.860 | 
     | g503                                | A ^ -> ZN v  | INV_X1    | 0.053 |   0.692 |    0.914 | 
     | g498__7410                          | A1 v -> ZN v | AND2_X1   | 0.171 |   0.863 |    1.085 | 
     | FE_OFC340_datapath_registers_n_2526 | A v -> Z v   | CLKBUF_X2 | 0.241 |   1.104 |    1.326 | 
     | g3919__6260                         | A1 v -> ZN ^ | AOI22_X1  | 0.162 |   1.266 |    1.488 | 
     | g3523__2398                         | A4 ^ -> ZN ^ | AND4_X1   | 0.232 |   1.498 |    1.720 | 
     | g3416__5526                         | A1 ^ -> ZN v | NAND4_X1  | 0.138 |   1.636 |    1.858 | 
     | g62819                              | C1 v -> ZN ^ | AOI222_X1 | 0.341 |   1.977 |    2.199 | 
     | FE_OFC204_n_3638                    | A ^ -> Z ^   | CLKBUF_X1 | 0.176 |   2.152 |    2.375 | 
     | datapath_LT_TC_OP_g839              | A1 ^ -> ZN ^ | AND2_X1   | 0.120 |   2.273 |    2.495 | 
     | datapath_LT_TC_OP_g806              | A1 ^ -> ZN v | OAI22_X1  | 0.050 |   2.322 |    2.544 | 
     | datapath_LT_TC_OP_g785              | A v -> ZN ^  | AOI21_X1  | 0.201 |   2.523 |    2.745 | 
     | datapath_LT_TC_OP_g776              | A1 ^ -> ZN v | NAND2_X1  | 0.059 |   2.582 |    2.804 | 
     | datapath_LT_TC_OP_g773              | A1 v -> ZN ^ | NAND2_X1  | 0.057 |   2.639 |    2.861 | 
     | datapath_LT_TC_OP_g772              | A ^ -> ZN v  | OAI211_X1 | 0.075 |   2.714 |    2.936 | 
     | g62788                              | A2 v -> ZN v | OR2_X2    | 0.200 |   2.914 |    3.136 | 
     | g60341                              | A1 v -> ZN ^ | OAI222_X4 | 0.307 |   3.222 |    3.444 | 
     | g60289                              | A1 ^ -> ZN ^ | AND2_X2   | 0.186 |   3.407 |    3.629 | 
     | FE_OFC321_n_905                     | A ^ -> ZN v  | INV_X4    | 0.091 |   3.498 |    3.721 | 
     | g59731                              | B2 v -> ZN ^ | OAI221_X1 | 0.198 |   3.696 |    3.918 | 
     | datapath_IF_pc_reg[16]              | D ^          | DFFR_X1   | 0.000 |   3.696 |    3.918 | 
     +---------------------------------------------------------------------------------------------+ 
Path 43: MET Setup Check with Pin datapath_IF_pc_reg[26]/CK 
Endpoint:   datapath_IF_pc_reg[26]/D      (^) checked with  leading edge of 
'clk'
Beginpoint: datapath_IFID_instr_reg[16]/Q (^) triggered by  leading edge of 
'clk'
Path Groups: {reg2reg}
Analysis View: WC_VIEW
Other End Arrival Time          0.010
- Setup                         0.106
+ Phase Shift                   4.100
+ CPPR Adjustment               0.000
- Uncertainty                   0.100
= Required Time                 3.904
- Arrival Time                  3.676
= Slack Time                    0.227
     Clock Rise Edge                 0.000
     + Clock Network Latency (Prop)  -0.010
     = Beginpoint Arrival Time       -0.010
     +---------------------------------------------------------------------------------------------+ 
     |              Instance               |     Arc      |   Cell    | Delay | Arrival | Required | 
     |                                     |              |           |       |  Time   |   Time   | 
     |-------------------------------------+--------------+-----------+-------+---------+----------| 
     | datapath_IFID_instr_reg[16]         | CK ^         |           |       |  -0.010 |    0.218 | 
     | datapath_IFID_instr_reg[16]         | CK ^ -> Q ^  | DFFR_X1   | 0.472 |   0.462 |    0.690 | 
     | g526__1881                          | A2 ^ -> ZN v | NOR2_X1   | 0.063 |   0.526 |    0.753 | 
     | g505__6260                          | A1 v -> ZN ^ | NAND2_X1  | 0.112 |   0.638 |    0.865 | 
     | g503                                | A ^ -> ZN v  | INV_X1    | 0.053 |   0.692 |    0.919 | 
     | g498__7410                          | A1 v -> ZN v | AND2_X1   | 0.171 |   0.863 |    1.090 | 
     | FE_OFC340_datapath_registers_n_2526 | A v -> Z v   | CLKBUF_X2 | 0.241 |   1.104 |    1.331 | 
     | g3919__6260                         | A1 v -> ZN ^ | AOI22_X1  | 0.162 |   1.266 |    1.493 | 
     | g3523__2398                         | A4 ^ -> ZN ^ | AND4_X1   | 0.232 |   1.498 |    1.725 | 
     | g3416__5526                         | A1 ^ -> ZN v | NAND4_X1  | 0.138 |   1.636 |    1.863 | 
     | g62819                              | C1 v -> ZN ^ | AOI222_X1 | 0.341 |   1.977 |    2.204 | 
     | FE_OFC204_n_3638                    | A ^ -> Z ^   | CLKBUF_X1 | 0.176 |   2.152 |    2.380 | 
     | datapath_LT_TC_OP_g839              | A1 ^ -> ZN ^ | AND2_X1   | 0.120 |   2.273 |    2.500 | 
     | datapath_LT_TC_OP_g806              | A1 ^ -> ZN v | OAI22_X1  | 0.050 |   2.322 |    2.550 | 
     | datapath_LT_TC_OP_g785              | A v -> ZN ^  | AOI21_X1  | 0.201 |   2.523 |    2.750 | 
     | datapath_LT_TC_OP_g776              | A1 ^ -> ZN v | NAND2_X1  | 0.059 |   2.582 |    2.809 | 
     | datapath_LT_TC_OP_g773              | A1 v -> ZN ^ | NAND2_X1  | 0.057 |   2.639 |    2.867 | 
     | datapath_LT_TC_OP_g772              | A ^ -> ZN v  | OAI211_X1 | 0.075 |   2.714 |    2.941 | 
     | g62788                              | A2 v -> ZN v | OR2_X2    | 0.200 |   2.914 |    3.141 | 
     | g60341                              | A1 v -> ZN ^ | OAI222_X4 | 0.307 |   3.222 |    3.449 | 
     | g60289                              | A1 ^ -> ZN ^ | AND2_X2   | 0.186 |   3.407 |    3.635 | 
     | FE_OFC321_n_905                     | A ^ -> ZN v  | INV_X4    | 0.091 |   3.498 |    3.726 | 
     | g59732                              | B1 v -> ZN ^ | OAI221_X1 | 0.178 |   3.676 |    3.904 | 
     | datapath_IF_pc_reg[26]              | D ^          | DFFR_X1   | 0.000 |   3.676 |    3.904 | 
     +---------------------------------------------------------------------------------------------+ 
Path 44: MET Setup Check with Pin datapath_IFID_instr_reg[17]/CK 
Endpoint:   datapath_IFID_instr_reg[17]/D (v) checked with  leading edge of 
'clk'
Beginpoint: datapath_IFID_instr_reg[16]/Q (^) triggered by  leading edge of 
'clk'
Path Groups: {reg2reg}
Analysis View: WC_VIEW
Other End Arrival Time         -0.012
- Setup                         0.132
+ Phase Shift                   4.100
+ CPPR Adjustment               0.000
- Uncertainty                   0.100
= Required Time                 3.856
- Arrival Time                  3.628
= Slack Time                    0.229
     Clock Rise Edge                 0.000
     + Clock Network Latency (Prop)  -0.010
     = Beginpoint Arrival Time       -0.010
     +---------------------------------------------------------------------------------------------+ 
     |              Instance               |     Arc      |   Cell    | Delay | Arrival | Required | 
     |                                     |              |           |       |  Time   |   Time   | 
     |-------------------------------------+--------------+-----------+-------+---------+----------| 
     | datapath_IFID_instr_reg[16]         | CK ^         |           |       |  -0.010 |    0.219 | 
     | datapath_IFID_instr_reg[16]         | CK ^ -> Q ^  | DFFR_X1   | 0.472 |   0.462 |    0.691 | 
     | g526__1881                          | A2 ^ -> ZN v | NOR2_X1   | 0.063 |   0.526 |    0.755 | 
     | g505__6260                          | A1 v -> ZN ^ | NAND2_X1  | 0.112 |   0.638 |    0.867 | 
     | g503                                | A ^ -> ZN v  | INV_X1    | 0.053 |   0.692 |    0.921 | 
     | g498__7410                          | A1 v -> ZN v | AND2_X1   | 0.171 |   0.863 |    1.092 | 
     | FE_OFC340_datapath_registers_n_2526 | A v -> Z v   | CLKBUF_X2 | 0.241 |   1.104 |    1.333 | 
     | g3919__6260                         | A1 v -> ZN ^ | AOI22_X1  | 0.162 |   1.266 |    1.495 | 
     | g3523__2398                         | A4 ^ -> ZN ^ | AND4_X1   | 0.232 |   1.498 |    1.727 | 
     | g3416__5526                         | A1 ^ -> ZN v | NAND4_X1  | 0.138 |   1.636 |    1.865 | 
     | g62819                              | C1 v -> ZN ^ | AOI222_X1 | 0.341 |   1.977 |    2.205 | 
     | FE_OFC204_n_3638                    | A ^ -> Z ^   | CLKBUF_X1 | 0.176 |   2.152 |    2.381 | 
     | datapath_LT_TC_OP_g839              | A1 ^ -> ZN ^ | AND2_X1   | 0.120 |   2.273 |    2.501 | 
     | datapath_LT_TC_OP_g806              | A1 ^ -> ZN v | OAI22_X1  | 0.050 |   2.322 |    2.551 | 
     | datapath_LT_TC_OP_g785              | A v -> ZN ^  | AOI21_X1  | 0.201 |   2.523 |    2.752 | 
     | datapath_LT_TC_OP_g776              | A1 ^ -> ZN v | NAND2_X1  | 0.059 |   2.582 |    2.811 | 
     | datapath_LT_TC_OP_g773              | A1 v -> ZN ^ | NAND2_X1  | 0.057 |   2.639 |    2.868 | 
     | datapath_LT_TC_OP_g772              | A ^ -> ZN v  | OAI211_X1 | 0.075 |   2.714 |    2.943 | 
     | g62788                              | A2 v -> ZN v | OR2_X2    | 0.200 |   2.914 |    3.143 | 
     | g60341                              | A1 v -> ZN ^ | OAI222_X4 | 0.307 |   3.222 |    3.450 | 
     | g60289                              | A1 ^ -> ZN ^ | AND2_X2   | 0.186 |   3.407 |    3.636 | 
     | FE_OFC215_n_905                     | A ^ -> ZN v  | INV_X4    | 0.102 |   3.509 |    3.738 | 
     | g60207                              | A1 v -> ZN v | AND2_X1   | 0.119 |   3.628 |    3.856 | 
     | datapath_IFID_instr_reg[17]         | D v          | DFFR_X1   | 0.000 |   3.628 |    3.856 | 
     +---------------------------------------------------------------------------------------------+ 
Path 45: MET Setup Check with Pin datapath_IFID_instr_reg[16]/CK 
Endpoint:   datapath_IFID_instr_reg[16]/D (v) checked with  leading edge of 
'clk'
Beginpoint: datapath_IFID_instr_reg[16]/Q (^) triggered by  leading edge of 
'clk'
Path Groups: {reg2reg}
Analysis View: WC_VIEW
Other End Arrival Time         -0.011
- Setup                         0.131
+ Phase Shift                   4.100
+ CPPR Adjustment               0.000
- Uncertainty                   0.100
= Required Time                 3.859
- Arrival Time                  3.628
= Slack Time                    0.230
     Clock Rise Edge                 0.000
     + Clock Network Latency (Prop)  -0.010
     = Beginpoint Arrival Time       -0.010
     +---------------------------------------------------------------------------------------------+ 
     |              Instance               |     Arc      |   Cell    | Delay | Arrival | Required | 
     |                                     |              |           |       |  Time   |   Time   | 
     |-------------------------------------+--------------+-----------+-------+---------+----------| 
     | datapath_IFID_instr_reg[16]         | CK ^         |           |       |  -0.010 |    0.221 | 
     | datapath_IFID_instr_reg[16]         | CK ^ -> Q ^  | DFFR_X1   | 0.472 |   0.462 |    0.693 | 
     | g526__1881                          | A2 ^ -> ZN v | NOR2_X1   | 0.063 |   0.526 |    0.756 | 
     | g505__6260                          | A1 v -> ZN ^ | NAND2_X1  | 0.112 |   0.638 |    0.869 | 
     | g503                                | A ^ -> ZN v  | INV_X1    | 0.053 |   0.692 |    0.922 | 
     | g498__7410                          | A1 v -> ZN v | AND2_X1   | 0.171 |   0.863 |    1.093 | 
     | FE_OFC340_datapath_registers_n_2526 | A v -> Z v   | CLKBUF_X2 | 0.241 |   1.104 |    1.334 | 
     | g3919__6260                         | A1 v -> ZN ^ | AOI22_X1  | 0.162 |   1.266 |    1.496 | 
     | g3523__2398                         | A4 ^ -> ZN ^ | AND4_X1   | 0.232 |   1.498 |    1.728 | 
     | g3416__5526                         | A1 ^ -> ZN v | NAND4_X1  | 0.138 |   1.636 |    1.866 | 
     | g62819                              | C1 v -> ZN ^ | AOI222_X1 | 0.341 |   1.977 |    2.207 | 
     | FE_OFC204_n_3638                    | A ^ -> Z ^   | CLKBUF_X1 | 0.176 |   2.152 |    2.383 | 
     | datapath_LT_TC_OP_g839              | A1 ^ -> ZN ^ | AND2_X1   | 0.120 |   2.273 |    2.503 | 
     | datapath_LT_TC_OP_g806              | A1 ^ -> ZN v | OAI22_X1  | 0.050 |   2.322 |    2.553 | 
     | datapath_LT_TC_OP_g785              | A v -> ZN ^  | AOI21_X1  | 0.201 |   2.523 |    2.753 | 
     | datapath_LT_TC_OP_g776              | A1 ^ -> ZN v | NAND2_X1  | 0.059 |   2.582 |    2.812 | 
     | datapath_LT_TC_OP_g773              | A1 v -> ZN ^ | NAND2_X1  | 0.057 |   2.639 |    2.870 | 
     | datapath_LT_TC_OP_g772              | A ^ -> ZN v  | OAI211_X1 | 0.075 |   2.714 |    2.944 | 
     | g62788                              | A2 v -> ZN v | OR2_X2    | 0.200 |   2.914 |    3.144 | 
     | g60341                              | A1 v -> ZN ^ | OAI222_X4 | 0.307 |   3.222 |    3.452 | 
     | g60289                              | A1 ^ -> ZN ^ | AND2_X2   | 0.186 |   3.407 |    3.638 | 
     | FE_OFC215_n_905                     | A ^ -> ZN v  | INV_X4    | 0.102 |   3.509 |    3.739 | 
     | g60206                              | A1 v -> ZN v | AND2_X1   | 0.119 |   3.628 |    3.858 | 
     | datapath_IFID_instr_reg[16]         | D v          | DFFR_X1   | 0.000 |   3.628 |    3.859 | 
     +---------------------------------------------------------------------------------------------+ 
Path 46: MET Setup Check with Pin datapath_IFID_instr_reg[18]/CK 
Endpoint:   datapath_IFID_instr_reg[18]/D (v) checked with  leading edge of 
'clk'
Beginpoint: datapath_IFID_instr_reg[16]/Q (^) triggered by  leading edge of 
'clk'
Path Groups: {reg2reg}
Analysis View: WC_VIEW
Other End Arrival Time         -0.011
- Setup                         0.131
+ Phase Shift                   4.100
+ CPPR Adjustment               0.000
- Uncertainty                   0.100
= Required Time                 3.859
- Arrival Time                  3.628
= Slack Time                    0.231
     Clock Rise Edge                 0.000
     + Clock Network Latency (Prop)  -0.010
     = Beginpoint Arrival Time       -0.010
     +---------------------------------------------------------------------------------------------+ 
     |              Instance               |     Arc      |   Cell    | Delay | Arrival | Required | 
     |                                     |              |           |       |  Time   |   Time   | 
     |-------------------------------------+--------------+-----------+-------+---------+----------| 
     | datapath_IFID_instr_reg[16]         | CK ^         |           |       |  -0.010 |    0.221 | 
     | datapath_IFID_instr_reg[16]         | CK ^ -> Q ^  | DFFR_X1   | 0.472 |   0.462 |    0.693 | 
     | g526__1881                          | A2 ^ -> ZN v | NOR2_X1   | 0.063 |   0.526 |    0.757 | 
     | g505__6260                          | A1 v -> ZN ^ | NAND2_X1  | 0.112 |   0.638 |    0.869 | 
     | g503                                | A ^ -> ZN v  | INV_X1    | 0.053 |   0.692 |    0.923 | 
     | g498__7410                          | A1 v -> ZN v | AND2_X1   | 0.171 |   0.863 |    1.094 | 
     | FE_OFC340_datapath_registers_n_2526 | A v -> Z v   | CLKBUF_X2 | 0.241 |   1.104 |    1.335 | 
     | g3919__6260                         | A1 v -> ZN ^ | AOI22_X1  | 0.162 |   1.266 |    1.497 | 
     | g3523__2398                         | A4 ^ -> ZN ^ | AND4_X1   | 0.232 |   1.498 |    1.729 | 
     | g3416__5526                         | A1 ^ -> ZN v | NAND4_X1  | 0.138 |   1.636 |    1.867 | 
     | g62819                              | C1 v -> ZN ^ | AOI222_X1 | 0.341 |   1.977 |    2.208 | 
     | FE_OFC204_n_3638                    | A ^ -> Z ^   | CLKBUF_X1 | 0.176 |   2.152 |    2.384 | 
     | datapath_LT_TC_OP_g839              | A1 ^ -> ZN ^ | AND2_X1   | 0.120 |   2.273 |    2.504 | 
     | datapath_LT_TC_OP_g806              | A1 ^ -> ZN v | OAI22_X1  | 0.050 |   2.322 |    2.553 | 
     | datapath_LT_TC_OP_g785              | A v -> ZN ^  | AOI21_X1  | 0.201 |   2.523 |    2.754 | 
     | datapath_LT_TC_OP_g776              | A1 ^ -> ZN v | NAND2_X1  | 0.059 |   2.582 |    2.813 | 
     | datapath_LT_TC_OP_g773              | A1 v -> ZN ^ | NAND2_X1  | 0.057 |   2.639 |    2.870 | 
     | datapath_LT_TC_OP_g772              | A ^ -> ZN v  | OAI211_X1 | 0.075 |   2.714 |    2.945 | 
     | g62788                              | A2 v -> ZN v | OR2_X2    | 0.200 |   2.914 |    3.145 | 
     | g60341                              | A1 v -> ZN ^ | OAI222_X4 | 0.307 |   3.222 |    3.453 | 
     | g60289                              | A1 ^ -> ZN ^ | AND2_X2   | 0.186 |   3.407 |    3.638 | 
     | FE_OFC215_n_905                     | A ^ -> ZN v  | INV_X4    | 0.102 |   3.509 |    3.740 | 
     | g60208                              | A1 v -> ZN v | AND2_X1   | 0.119 |   3.628 |    3.859 | 
     | datapath_IFID_instr_reg[18]         | D v          | DFFR_X1   | 0.000 |   3.628 |    3.859 | 
     +---------------------------------------------------------------------------------------------+ 
Path 47: MET Setup Check with Pin datapath_IFID_instr_reg[19]/CK 
Endpoint:   datapath_IFID_instr_reg[19]/D (v) checked with  leading edge of 
'clk'
Beginpoint: datapath_IFID_instr_reg[16]/Q (^) triggered by  leading edge of 
'clk'
Path Groups: {reg2reg}
Analysis View: WC_VIEW
Other End Arrival Time         -0.011
- Setup                         0.131
+ Phase Shift                   4.100
+ CPPR Adjustment               0.000
- Uncertainty                   0.100
= Required Time                 3.859
- Arrival Time                  3.626
= Slack Time                    0.232
     Clock Rise Edge                 0.000
     + Clock Network Latency (Prop)  -0.010
     = Beginpoint Arrival Time       -0.010
     +---------------------------------------------------------------------------------------------+ 
     |              Instance               |     Arc      |   Cell    | Delay | Arrival | Required | 
     |                                     |              |           |       |  Time   |   Time   | 
     |-------------------------------------+--------------+-----------+-------+---------+----------| 
     | datapath_IFID_instr_reg[16]         | CK ^         |           |       |  -0.010 |    0.223 | 
     | datapath_IFID_instr_reg[16]         | CK ^ -> Q ^  | DFFR_X1   | 0.472 |   0.462 |    0.695 | 
     | g526__1881                          | A2 ^ -> ZN v | NOR2_X1   | 0.063 |   0.526 |    0.758 | 
     | g505__6260                          | A1 v -> ZN ^ | NAND2_X1  | 0.112 |   0.638 |    0.871 | 
     | g503                                | A ^ -> ZN v  | INV_X1    | 0.053 |   0.692 |    0.924 | 
     | g498__7410                          | A1 v -> ZN v | AND2_X1   | 0.171 |   0.863 |    1.095 | 
     | FE_OFC340_datapath_registers_n_2526 | A v -> Z v   | CLKBUF_X2 | 0.241 |   1.104 |    1.336 | 
     | g3919__6260                         | A1 v -> ZN ^ | AOI22_X1  | 0.162 |   1.266 |    1.498 | 
     | g3523__2398                         | A4 ^ -> ZN ^ | AND4_X1   | 0.232 |   1.498 |    1.730 | 
     | g3416__5526                         | A1 ^ -> ZN v | NAND4_X1  | 0.138 |   1.636 |    1.868 | 
     | g62819                              | C1 v -> ZN ^ | AOI222_X1 | 0.341 |   1.977 |    2.209 | 
     | FE_OFC204_n_3638                    | A ^ -> Z ^   | CLKBUF_X1 | 0.176 |   2.152 |    2.385 | 
     | datapath_LT_TC_OP_g839              | A1 ^ -> ZN ^ | AND2_X1   | 0.120 |   2.273 |    2.505 | 
     | datapath_LT_TC_OP_g806              | A1 ^ -> ZN v | OAI22_X1  | 0.050 |   2.322 |    2.555 | 
     | datapath_LT_TC_OP_g785              | A v -> ZN ^  | AOI21_X1  | 0.201 |   2.523 |    2.755 | 
     | datapath_LT_TC_OP_g776              | A1 ^ -> ZN v | NAND2_X1  | 0.059 |   2.582 |    2.814 | 
     | datapath_LT_TC_OP_g773              | A1 v -> ZN ^ | NAND2_X1  | 0.057 |   2.639 |    2.872 | 
     | datapath_LT_TC_OP_g772              | A ^ -> ZN v  | OAI211_X1 | 0.075 |   2.714 |    2.946 | 
     | g62788                              | A2 v -> ZN v | OR2_X2    | 0.200 |   2.914 |    3.146 | 
     | g60341                              | A1 v -> ZN ^ | OAI222_X4 | 0.307 |   3.222 |    3.454 | 
     | g60289                              | A1 ^ -> ZN ^ | AND2_X2   | 0.186 |   3.407 |    3.640 | 
     | FE_OFC215_n_905                     | A ^ -> ZN v  | INV_X4    | 0.102 |   3.509 |    3.741 | 
     | g60209                              | A1 v -> ZN v | AND2_X1   | 0.118 |   3.626 |    3.859 | 
     | datapath_IFID_instr_reg[19]         | D v          | DFFR_X1   | 0.000 |   3.626 |    3.859 | 
     +---------------------------------------------------------------------------------------------+ 
Path 48: MET Setup Check with Pin datapath_EXMEM_aluResult_reg[19]/CK 
Endpoint:   datapath_EXMEM_aluResult_reg[19]/D (v) checked with  leading edge 
of 'clk'
Beginpoint: datapath_EXMEM_rd_reg[0]/QN        (^) triggered by  leading edge 
of 'clk'
Path Groups: {reg2reg}
Analysis View: WC_VIEW
Other End Arrival Time          0.010
- Setup                         0.153
+ Phase Shift                   4.100
+ CPPR Adjustment               0.000
- Uncertainty                   0.100
= Required Time                 3.857
- Arrival Time                  3.617
= Slack Time                    0.240
     Clock Rise Edge                 0.000
     + Clock Network Latency (Prop)  0.003
     = Beginpoint Arrival Time       0.003
     +------------------------------------------------------------------------------------------+ 
     |             Instance             |     Arc      |   Cell    | Delay | Arrival | Required | 
     |                                  |              |           |       |  Time   |   Time   | 
     |----------------------------------+--------------+-----------+-------+---------+----------| 
     | datapath_EXMEM_rd_reg[0]         | CK ^         |           |       |   0.003 |    0.243 | 
     | datapath_EXMEM_rd_reg[0]         | CK ^ -> QN ^ | DFFR_X1   | 0.330 |   0.333 |    0.573 | 
     | g34387                           | B ^ -> ZN ^  | XNOR2_X1  | 0.156 |   0.489 |    0.729 | 
     | g34318                           | A1 ^ -> ZN ^ | AND2_X2   | 0.113 |   0.602 |    0.842 | 
     | g34314                           | A2 ^ -> ZN ^ | AND4_X2   | 0.176 |   0.778 |    1.018 | 
     | FE_OFC210_n_1943                 | A ^ -> ZN v  | INV_X2    | 0.042 |   0.820 |    1.060 | 
     | FE_OFC339_n_1442                 | A v -> ZN ^  | INV_X4    | 0.168 |   0.988 |    1.228 | 
     | g2                               | A2 ^ -> ZN ^ | OR2_X4    | 0.239 |   1.227 |    1.467 | 
     | g34220                           | B1 ^ -> ZN v | OAI21_X1  | 0.104 |   1.331 |    1.571 | 
     | g61618                           | C1 v -> ZN ^ | OAI211_X1 | 0.158 |   1.489 |    1.729 | 
     | g61582                           | A ^ -> ZN v  | INV_X1    | 0.038 |   1.527 |    1.767 | 
     | g60433                           | A1 v -> ZN ^ | NAND2_X1  | 0.075 |   1.602 |    1.842 | 
     | g60101                           | A2 ^ -> ZN v | NAND2_X1  | 0.049 |   1.650 |    1.890 | 
     | g60090                           | A1 v -> ZN v | AND2_X2   | 0.095 |   1.745 |    1.985 | 
     | FE_RC_2_0                        | B1 v -> ZN ^ | OAI21_X2  | 0.124 |   1.870 |    2.110 | 
     | FE_RC_3_0                        | B1 ^ -> ZN v | AOI21_X2  | 0.072 |   1.942 |    2.182 | 
     | g60016                           | B1 v -> ZN ^ | OAI21_X2  | 0.118 |   2.060 |    2.300 | 
     | g59995                           | B1 ^ -> ZN v | AOI21_X1  | 0.073 |   2.133 |    2.373 | 
     | g59976                           | B1 v -> ZN ^ | OAI21_X1  | 0.185 |   2.319 |    2.559 | 
     | FE_RC_4_0                        | B1 ^ -> ZN v | AOI21_X2  | 0.082 |   2.401 |    2.641 | 
     | g59939                           | B1 v -> ZN ^ | OAI21_X1  | 0.182 |   2.583 |    2.823 | 
     | g59932                           | A1 ^ -> ZN v | NAND2_X1  | 0.054 |   2.637 |    2.877 | 
     | g59923                           | A1 v -> ZN v | AND2_X1   | 0.114 |   2.750 |    2.990 | 
     | g59920                           | A1 v -> ZN ^ | NOR2_X1   | 0.216 |   2.966 |    3.206 | 
     | g59905                           | A1 ^ -> ZN v | AOI22_X1  | 0.113 |   3.079 |    3.319 | 
     | g59890                           | A1 v -> ZN v | AND2_X1   | 0.142 |   3.221 |    3.461 | 
     | g59860                           | B1 v -> ZN ^ | OAI21_X1  | 0.119 |   3.340 |    3.580 | 
     | g35294                           | A ^ -> Z ^   | XOR2_X1   | 0.181 |   3.521 |    3.761 | 
     | g59795                           | A1 ^ -> ZN v | OAI222_X1 | 0.096 |   3.617 |    3.857 | 
     | datapath_EXMEM_aluResult_reg[19] | D v          | DFFR_X1   | 0.000 |   3.617 |    3.857 | 
     +------------------------------------------------------------------------------------------+ 
Path 49: MET Setup Check with Pin datapath_IFID_instr_reg[15]/CK 
Endpoint:   datapath_IFID_instr_reg[15]/D (v) checked with  leading edge of 
'clk'
Beginpoint: datapath_IFID_instr_reg[16]/Q (^) triggered by  leading edge of 
'clk'
Path Groups: {reg2reg}
Analysis View: WC_VIEW
Other End Arrival Time          0.002
- Setup                         0.129
+ Phase Shift                   4.100
+ CPPR Adjustment               0.000
- Uncertainty                   0.100
= Required Time                 3.872
- Arrival Time                  3.626
= Slack Time                    0.246
     Clock Rise Edge                 0.000
     + Clock Network Latency (Prop)  -0.010
     = Beginpoint Arrival Time       -0.010
     +---------------------------------------------------------------------------------------------+ 
     |              Instance               |     Arc      |   Cell    | Delay | Arrival | Required | 
     |                                     |              |           |       |  Time   |   Time   | 
     |-------------------------------------+--------------+-----------+-------+---------+----------| 
     | datapath_IFID_instr_reg[16]         | CK ^         |           |       |  -0.010 |    0.237 | 
     | datapath_IFID_instr_reg[16]         | CK ^ -> Q ^  | DFFR_X1   | 0.472 |   0.462 |    0.709 | 
     | g526__1881                          | A2 ^ -> ZN v | NOR2_X1   | 0.063 |   0.526 |    0.772 | 
     | g505__6260                          | A1 v -> ZN ^ | NAND2_X1  | 0.112 |   0.638 |    0.884 | 
     | g503                                | A ^ -> ZN v  | INV_X1    | 0.053 |   0.692 |    0.938 | 
     | g498__7410                          | A1 v -> ZN v | AND2_X1   | 0.171 |   0.863 |    1.109 | 
     | FE_OFC340_datapath_registers_n_2526 | A v -> Z v   | CLKBUF_X2 | 0.241 |   1.104 |    1.350 | 
     | g3919__6260                         | A1 v -> ZN ^ | AOI22_X1  | 0.162 |   1.266 |    1.512 | 
     | g3523__2398                         | A4 ^ -> ZN ^ | AND4_X1   | 0.232 |   1.498 |    1.744 | 
     | g3416__5526                         | A1 ^ -> ZN v | NAND4_X1  | 0.138 |   1.636 |    1.882 | 
     | g62819                              | C1 v -> ZN ^ | AOI222_X1 | 0.341 |   1.977 |    2.223 | 
     | FE_OFC204_n_3638                    | A ^ -> Z ^   | CLKBUF_X1 | 0.176 |   2.152 |    2.399 | 
     | datapath_LT_TC_OP_g839              | A1 ^ -> ZN ^ | AND2_X1   | 0.120 |   2.273 |    2.519 | 
     | datapath_LT_TC_OP_g806              | A1 ^ -> ZN v | OAI22_X1  | 0.050 |   2.322 |    2.569 | 
     | datapath_LT_TC_OP_g785              | A v -> ZN ^  | AOI21_X1  | 0.201 |   2.523 |    2.769 | 
     | datapath_LT_TC_OP_g776              | A1 ^ -> ZN v | NAND2_X1  | 0.059 |   2.582 |    2.828 | 
     | datapath_LT_TC_OP_g773              | A1 v -> ZN ^ | NAND2_X1  | 0.057 |   2.639 |    2.886 | 
     | datapath_LT_TC_OP_g772              | A ^ -> ZN v  | OAI211_X1 | 0.075 |   2.714 |    2.960 | 
     | g62788                              | A2 v -> ZN v | OR2_X2    | 0.200 |   2.914 |    3.160 | 
     | g60341                              | A1 v -> ZN ^ | OAI222_X4 | 0.307 |   3.222 |    3.468 | 
     | g60289                              | A1 ^ -> ZN ^ | AND2_X2   | 0.186 |   3.407 |    3.654 | 
     | FE_OFC215_n_905                     | A ^ -> ZN v  | INV_X4    | 0.102 |   3.509 |    3.755 | 
     | g60205                              | A1 v -> ZN v | AND2_X1   | 0.117 |   3.626 |    3.872 | 
     | datapath_IFID_instr_reg[15]         | D v          | DFFR_X1   | 0.000 |   3.626 |    3.872 | 
     +---------------------------------------------------------------------------------------------+ 
Path 50: MET Setup Check with Pin datapath_IFID_instr_reg[22]/CK 
Endpoint:   datapath_IFID_instr_reg[22]/D (v) checked with  leading edge of 
'clk'
Beginpoint: datapath_IFID_instr_reg[16]/Q (^) triggered by  leading edge of 
'clk'
Path Groups: {reg2reg}
Analysis View: WC_VIEW
Other End Arrival Time          0.009
- Setup                         0.131
+ Phase Shift                   4.100
+ CPPR Adjustment               0.000
- Uncertainty                   0.100
= Required Time                 3.878
- Arrival Time                  3.628
= Slack Time                    0.250
     Clock Rise Edge                 0.000
     + Clock Network Latency (Prop)  -0.010
     = Beginpoint Arrival Time       -0.010
     +---------------------------------------------------------------------------------------------+ 
     |              Instance               |     Arc      |   Cell    | Delay | Arrival | Required | 
     |                                     |              |           |       |  Time   |   Time   | 
     |-------------------------------------+--------------+-----------+-------+---------+----------| 
     | datapath_IFID_instr_reg[16]         | CK ^         |           |       |  -0.010 |    0.240 | 
     | datapath_IFID_instr_reg[16]         | CK ^ -> Q ^  | DFFR_X1   | 0.472 |   0.462 |    0.712 | 
     | g526__1881                          | A2 ^ -> ZN v | NOR2_X1   | 0.063 |   0.526 |    0.776 | 
     | g505__6260                          | A1 v -> ZN ^ | NAND2_X1  | 0.112 |   0.638 |    0.888 | 
     | g503                                | A ^ -> ZN v  | INV_X1    | 0.053 |   0.692 |    0.942 | 
     | g498__7410                          | A1 v -> ZN v | AND2_X1   | 0.171 |   0.863 |    1.113 | 
     | FE_OFC340_datapath_registers_n_2526 | A v -> Z v   | CLKBUF_X2 | 0.241 |   1.104 |    1.354 | 
     | g3919__6260                         | A1 v -> ZN ^ | AOI22_X1  | 0.162 |   1.266 |    1.516 | 
     | g3523__2398                         | A4 ^ -> ZN ^ | AND4_X1   | 0.232 |   1.498 |    1.748 | 
     | g3416__5526                         | A1 ^ -> ZN v | NAND4_X1  | 0.138 |   1.636 |    1.886 | 
     | g62819                              | C1 v -> ZN ^ | AOI222_X1 | 0.341 |   1.977 |    2.227 | 
     | FE_OFC204_n_3638                    | A ^ -> Z ^   | CLKBUF_X1 | 0.176 |   2.152 |    2.403 | 
     | datapath_LT_TC_OP_g839              | A1 ^ -> ZN ^ | AND2_X1   | 0.120 |   2.273 |    2.523 | 
     | datapath_LT_TC_OP_g806              | A1 ^ -> ZN v | OAI22_X1  | 0.050 |   2.322 |    2.572 | 
     | datapath_LT_TC_OP_g785              | A v -> ZN ^  | AOI21_X1  | 0.201 |   2.523 |    2.773 | 
     | datapath_LT_TC_OP_g776              | A1 ^ -> ZN v | NAND2_X1  | 0.059 |   2.582 |    2.832 | 
     | datapath_LT_TC_OP_g773              | A1 v -> ZN ^ | NAND2_X1  | 0.057 |   2.639 |    2.889 | 
     | datapath_LT_TC_OP_g772              | A ^ -> ZN v  | OAI211_X1 | 0.075 |   2.714 |    2.964 | 
     | g62788                              | A2 v -> ZN v | OR2_X2    | 0.200 |   2.914 |    3.164 | 
     | g60341                              | A1 v -> ZN ^ | OAI222_X4 | 0.307 |   3.222 |    3.472 | 
     | g60289                              | A1 ^ -> ZN ^ | AND2_X2   | 0.186 |   3.407 |    3.657 | 
     | FE_OFC215_n_905                     | A ^ -> ZN v  | INV_X4    | 0.102 |   3.509 |    3.759 | 
     | g60212                              | A1 v -> ZN v | AND2_X1   | 0.119 |   3.628 |    3.878 | 
     | datapath_IFID_instr_reg[22]         | D v          | DFFR_X1   | 0.000 |   3.628 |    3.878 | 
     +---------------------------------------------------------------------------------------------+ 

