###############################################################
#  Generated by:      Cadence Innovus 23.12-s091_1
#  OS:                Linux x86_64(Host ID nanohub-2907946-1)
#  Generated on:      Tue Aug 11 20:10:18 2026
#  Design:            pipelined_cpu_core
#  Command:           report_timing -late  -max_paths 50 -nworst 1 > reports/40_final_setup.rpt
###############################################################
Path 1: VIOLATED Setup Check with Pin datapath/EXMEM_aluResult_reg[0]/CK 
Endpoint:   datapath/EXMEM_aluResult_reg[0]/D (v) checked with  leading edge of 
'clk'
Beginpoint: datapath/EXMEM_aluResult_reg[0]/Q (^) triggered by  leading edge of 
'clk'
Path Groups: {reg2reg}
Analysis View: WC_VIEW
Other End Arrival Time          0.340
- Setup                         0.151
+ Phase Shift                   3.000
+ CPPR Adjustment               0.000
- Uncertainty                   0.100
= Required Time                 3.089
- Arrival Time                  3.925
= Slack Time                   -0.836
     Clock Rise Edge                 0.000
     + Clock Network Latency (Prop)  0.340
     = Beginpoint Arrival Time       0.340
     +-----------------------------------------------------------------------------------------------------------+ 
     |                      Instance                      |     Arc      |   Cell   | Delay | Arrival | Required | 
     |                                                    |              |          |       |  Time   |   Time   | 
     |----------------------------------------------------+--------------+----------+-------+---------+----------| 
     | datapath/EXMEM_aluResult_reg[0]                    | CK ^         |          |       |   0.340 |   -0.496 | 
     | datapath/EXMEM_aluResult_reg[0]                    | CK ^ -> Q ^  | DFFR_X1  | 0.426 |   0.766 |   -0.070 | 
     | datapath/FE_RC_791_0                               | B1 ^ -> ZN v | OAI21_X2 | 0.079 |   0.846 |    0.010 | 
     | datapath/g27623_dup                                | A1 v -> ZN ^ | NAND2_X4 | 0.059 |   0.905 |    0.069 | 
     | datapath/FE_RC_159_0                               | A1 ^ -> ZN v | NAND2_X4 | 0.036 |   0.942 |    0.106 | 
     | datapath/FE_RC_158_0                               | A1 v -> ZN ^ | NAND3_X4 | 0.053 |   0.994 |    0.158 | 
     | datapath/ALU_ALU_GEN[0].slice_i_bitAdder/FE_RC_798 | A1 ^ -> ZN v | NAND2_X4 | 0.040 |   1.034 |    0.198 | 
     | _0                                                 |              |          |       |         |          | 
     | datapath/ALU_ALU_GEN[0].slice_i_bitAdder/FE_RC_752 | A1 v -> ZN ^ | NAND2_X4 | 0.045 |   1.079 |    0.243 | 
     | _0                                                 |              |          |       |         |          | 
     | datapath/ALU_ALU_GEN[1].slice_i_bitAdder/FE_RC_781 | A1 ^ -> ZN v | NAND2_X4 | 0.036 |   1.115 |    0.279 | 
     | _0                                                 |              |          |       |         |          | 
     | datapath/ALU_ALU_GEN[1].slice_i_bitAdder/g156__547 | A1 v -> ZN ^ | NAND2_X4 | 0.045 |   1.160 |    0.324 | 
     | 7                                                  |              |          |       |         |          | 
     | datapath/ALU_ALU_GEN[2].slice_i_bitAdder/g158__170 | A1 ^ -> ZN v | NAND2_X4 | 0.036 |   1.196 |    0.360 | 
     | 5                                                  |              |          |       |         |          | 
     | datapath/ALU_ALU_GEN[2].slice_i_bitAdder/g156__161 | A1 v -> ZN ^ | NAND2_X4 | 0.044 |   1.240 |    0.404 | 
     | 7                                                  |              |          |       |         |          | 
     | datapath/ALU_ALU_GEN[3].slice_i_bitAdder/FE_RC_153 | A1 ^ -> ZN v | NAND2_X4 | 0.036 |   1.275 |    0.439 | 
     | _0                                                 |              |          |       |         |          | 
     | datapath/ALU_ALU_GEN[3].slice_i_bitAdder/g156__748 | A1 v -> ZN ^ | NAND2_X4 | 0.044 |   1.319 |    0.483 | 
     | 2                                                  |              |          |       |         |          | 
     | datapath/ALU_ALU_GEN[4].slice_i_bitAdder/g158__239 | A1 ^ -> ZN v | NAND2_X4 | 0.036 |   1.355 |    0.519 | 
     | 8                                                  |              |          |       |         |          | 
     | datapath/ALU_ALU_GEN[4].slice_i_bitAdder/g156__641 | A1 v -> ZN ^ | NAND2_X4 | 0.044 |   1.399 |    0.563 | 
     | 7                                                  |              |          |       |         |          | 
     | datapath/ALU_ALU_GEN[5].slice_i_bitAdder/g158__280 | A1 ^ -> ZN v | NAND2_X4 | 0.036 |   1.435 |    0.599 | 
     | 2                                                  |              |          |       |         |          | 
     | datapath/ALU_ALU_GEN[5].slice_i_bitAdder/g156__368 | A1 v -> ZN ^ | NAND2_X4 | 0.045 |   1.479 |    0.643 | 
     | 0                                                  |              |          |       |         |          | 
     | datapath/ALU_ALU_GEN[6].slice_i_bitAdder/g158__473 | A1 ^ -> ZN v | NAND2_X4 | 0.036 |   1.516 |    0.680 | 
     | 3                                                  |              |          |       |         |          | 
     | datapath/ALU_ALU_GEN[6].slice_i_bitAdder/g156__511 | A1 v -> ZN ^ | NAND2_X4 | 0.044 |   1.560 |    0.724 | 
     | 5                                                  |              |          |       |         |          | 
     | datapath/ALU_ALU_GEN[7].slice_i_bitAdder/g158__547 | A1 ^ -> ZN v | NAND2_X4 | 0.036 |   1.595 |    0.759 | 
     | 7                                                  |              |          |       |         |          | 
     | datapath/ALU_ALU_GEN[7].slice_i_bitAdder/g156__741 | A1 v -> ZN ^ | NAND2_X4 | 0.044 |   1.640 |    0.804 | 
     | 0                                                  |              |          |       |         |          | 
     | datapath/ALU_ALU_GEN[8].slice_i_bitAdder/g158__161 | A1 ^ -> ZN v | NAND2_X4 | 0.036 |   1.675 |    0.839 | 
     | 7                                                  |              |          |       |         |          | 
     | datapath/ALU_ALU_GEN[8].slice_i_bitAdder/g156__678 | A1 v -> ZN ^ | NAND2_X4 | 0.044 |   1.720 |    0.884 | 
     | 3                                                  |              |          |       |         |          | 
     | datapath/ALU_ALU_GEN[9].slice_i_bitAdder/g158__511 | A1 ^ -> ZN v | NAND2_X4 | 0.036 |   1.756 |    0.920 | 
     | 5                                                  |              |          |       |         |          | 
     | datapath/ALU_ALU_GEN[9].slice_i_bitAdder/g156__613 | A1 v -> ZN ^ | NAND2_X4 | 0.046 |   1.802 |    0.966 | 
     | 1                                                  |              |          |       |         |          | 
     | datapath/ALU_ALU_GEN[10].slice_i_bitAdder/g158__16 | A1 ^ -> ZN v | NAND2_X4 | 0.036 |   1.839 |    1.003 | 
     | 66                                                 |              |          |       |         |          | 
     | datapath/ALU_ALU_GEN[10].slice_i_bitAdder/g156__28 | A1 v -> ZN ^ | NAND2_X4 | 0.049 |   1.888 |    1.052 | 
     | 83                                                 |              |          |       |         |          | 
     | datapath/ALU_ALU_GEN[11].slice_i_bitAdder/g158__84 | A1 ^ -> ZN v | NAND2_X4 | 0.038 |   1.925 |    1.089 | 
     | 28                                                 |              |          |       |         |          | 
     | datapath/ALU_ALU_GEN[11].slice_i_bitAdder/g156__62 | A1 v -> ZN ^ | NAND2_X4 | 0.044 |   1.970 |    1.134 | 
     | 60                                                 |              |          |       |         |          | 
     | datapath/ALU_ALU_GEN[12].slice_i_bitAdder/g158__82 | A1 ^ -> ZN v | NAND2_X4 | 0.035 |   2.005 |    1.169 | 
     | 46                                                 |              |          |       |         |          | 
     | datapath/ALU_ALU_GEN[12].slice_i_bitAdder/g156__17 | A1 v -> ZN ^ | NAND2_X4 | 0.047 |   2.052 |    1.216 | 
     | 05                                                 |              |          |       |         |          | 
     | datapath/ALU_ALU_GEN[13].slice_i_bitAdder/g158__61 | A1 ^ -> ZN v | NAND2_X4 | 0.036 |   2.088 |    1.252 | 
     | 61                                                 |              |          |       |         |          | 
     | datapath/ALU_ALU_GEN[13].slice_i_bitAdder/g156__47 | A1 v -> ZN ^ | NAND2_X4 | 0.045 |   2.133 |    1.297 | 
     | 33                                                 |              |          |       |         |          | 
     | datapath/ALU_ALU_GEN[14].slice_i_bitAdder/g158__23 | A1 ^ -> ZN v | NAND2_X4 | 0.036 |   2.169 |    1.333 | 
     | 98                                                 |              |          |       |         |          | 
     | datapath/ALU_ALU_GEN[14].slice_i_bitAdder/g156__54 | A1 v -> ZN ^ | NAND2_X4 | 0.044 |   2.213 |    1.377 | 
     | 77                                                 |              |          |       |         |          | 
     | datapath/ALU_ALU_GEN[15].slice_i_bitAdder/FE_RC_75 | A1 ^ -> ZN v | NAND2_X4 | 0.035 |   2.248 |    1.412 | 
     | 1_0                                                |              |          |       |         |          | 
     | datapath/ALU_ALU_GEN[15].slice_i_bitAdder/g156__16 | A1 v -> ZN ^ | NAND2_X4 | 0.046 |   2.294 |    1.458 | 
     | 17                                                 |              |          |       |         |          | 
     | datapath/ALU_ALU_GEN[16].slice_i_bitAdder/FE_RC_11 | A1 ^ -> ZN v | NAND2_X4 | 0.036 |   2.330 |    1.494 | 
     | 6_0                                                |              |          |       |         |          | 
     | datapath/ALU_ALU_GEN[16].slice_i_bitAdder/FE_RC_11 | A1 v -> ZN ^ | NAND2_X4 | 0.048 |   2.377 |    1.541 | 
     | 5_0                                                |              |          |       |         |          | 
     | datapath/ALU_ALU_GEN[17].slice_i_bitAdder/g155__54 | A1 ^ -> ZN v | NAND2_X4 | 0.037 |   2.414 |    1.578 | 
     | 77                                                 |              |          |       |         |          | 
     | datapath/ALU_ALU_GEN[17].slice_i_bitAdder/g153__64 | A1 v -> ZN ^ | NAND2_X4 | 0.045 |   2.459 |    1.623 | 
     | 17                                                 |              |          |       |         |          | 
     | datapath/ALU_ALU_GEN[18].slice_i_bitAdder/g158__36 | A1 ^ -> ZN v | NAND2_X4 | 0.035 |   2.495 |    1.659 | 
     | 80                                                 |              |          |       |         |          | 
     | datapath/ALU_ALU_GEN[18].slice_i_bitAdder/g156__67 | A1 v -> ZN ^ | NAND2_X4 | 0.045 |   2.540 |    1.704 | 
     | 83                                                 |              |          |       |         |          | 
     | datapath/ALU_ALU_GEN[19].slice_i_bitAdder/g158__18 | A1 ^ -> ZN v | NAND2_X4 | 0.036 |   2.576 |    1.740 | 
     | 81                                                 |              |          |       |         |          | 
     | datapath/ALU_ALU_GEN[19].slice_i_bitAdder/g156__61 | A1 v -> ZN ^ | NAND2_X4 | 0.045 |   2.621 |    1.785 | 
     | 31                                                 |              |          |       |         |          | 
     | datapath/ALU_ALU_GEN[20].slice_i_bitAdder/FE_RC_15 | A1 ^ -> ZN v | NAND2_X4 | 0.035 |   2.656 |    1.820 | 
     | 2_0                                                |              |          |       |         |          | 
     | datapath/ALU_ALU_GEN[20].slice_i_bitAdder/g156__28 | A1 v -> ZN ^ | NAND2_X4 | 0.045 |   2.701 |    1.865 | 
     | 83                                                 |              |          |       |         |          | 
     | datapath/ALU_ALU_GEN[21].slice_i_bitAdder/g155__43 | A1 ^ -> ZN v | NAND2_X4 | 0.036 |   2.737 |    1.901 | 
     | 19                                                 |              |          |       |         |          | 
     | datapath/ALU_ALU_GEN[21].slice_i_bitAdder/g153__62 | A1 v -> ZN ^ | NAND2_X4 | 0.049 |   2.786 |    1.950 | 
     | 60                                                 |              |          |       |         |          | 
     | datapath/ALU_ALU_GEN[22].slice_i_bitAdder/g158__51 | A1 ^ -> ZN v | NAND2_X4 | 0.037 |   2.824 |    1.988 | 
     | 22                                                 |              |          |       |         |          | 
     | datapath/ALU_ALU_GEN[22].slice_i_bitAdder/g156__17 | A1 v -> ZN ^ | NAND2_X4 | 0.047 |   2.871 |    2.035 | 
     | 05                                                 |              |          |       |         |          | 
     | datapath/ALU_ALU_GEN[23].slice_i_bitAdder/g158__61 | A1 ^ -> ZN v | NAND2_X4 | 0.036 |   2.907 |    2.071 | 
     | 61                                                 |              |          |       |         |          | 
     | datapath/ALU_ALU_GEN[23].slice_i_bitAdder/g156__47 | A1 v -> ZN ^ | NAND2_X4 | 0.045 |   2.952 |    2.116 | 
     | 33                                                 |              |          |       |         |          | 
     | datapath/ALU_ALU_GEN[24].slice_i_bitAdder/g158__54 | A1 ^ -> ZN v | NAND2_X4 | 0.035 |   2.987 |    2.151 | 
     | 77                                                 |              |          |       |         |          | 
     | datapath/ALU_ALU_GEN[24].slice_i_bitAdder/g156__64 | A1 v -> ZN ^ | NAND2_X4 | 0.052 |   3.039 |    2.203 | 
     | 17                                                 |              |          |       |         |          | 
     | datapath/ALU_ALU_GEN[25].slice_i_bitAdder/g158__36 | A1 ^ -> ZN v | NAND2_X4 | 0.039 |   3.077 |    2.241 | 
     | 80                                                 |              |          |       |         |          | 
     | datapath/ALU_ALU_GEN[25].slice_i_bitAdder/g156__67 | A1 v -> ZN ^ | NAND2_X4 | 0.045 |   3.122 |    2.286 | 
     | 83                                                 |              |          |       |         |          | 
     | datapath/ALU_ALU_GEN[26].slice_i_bitAdder/g158__51 | A1 ^ -> ZN v | NAND2_X4 | 0.035 |   3.158 |    2.322 | 
     | 15                                                 |              |          |       |         |          | 
     | datapath/ALU_ALU_GEN[26].slice_i_bitAdder/g156__61 | A1 v -> ZN ^ | NAND2_X4 | 0.045 |   3.202 |    2.366 | 
     | 31                                                 |              |          |       |         |          | 
     | datapath/ALU_ALU_GEN[27].slice_i_bitAdder/g158__64 | A1 ^ -> ZN v | NAND2_X4 | 0.035 |   3.238 |    2.402 | 
     | 17                                                 |              |          |       |         |          | 
     | datapath/ALU_ALU_GEN[27].slice_i_bitAdder/g156__16 | A1 v -> ZN ^ | NAND2_X4 | 0.045 |   3.282 |    2.446 | 
     | 66                                                 |              |          |       |         |          | 
     | datapath/ALU_ALU_GEN[28].slice_i_bitAdder/g158__16 | A1 ^ -> ZN v | NAND2_X4 | 0.035 |   3.318 |    2.482 | 
     | 17                                                 |              |          |       |         |          | 
     | datapath/ALU_ALU_GEN[28].slice_i_bitAdder/g156__67 | A1 v -> ZN ^ | NAND2_X4 | 0.045 |   3.363 |    2.527 | 
     | 83                                                 |              |          |       |         |          | 
     | datapath/ALU_ALU_GEN[29].slice_i_bitAdder/g158__47 | A1 ^ -> ZN v | NAND2_X4 | 0.035 |   3.398 |    2.562 | 
     | 33                                                 |              |          |       |         |          | 
     | datapath/ALU_ALU_GEN[29].slice_i_bitAdder/g156__51 | A1 v -> ZN ^ | NAND2_X4 | 0.044 |   3.442 |    2.606 | 
     | 15                                                 |              |          |       |         |          | 
     | datapath/ALU_ALU_GEN[30].slice_i_bitAdder/g158__54 | A1 ^ -> ZN v | NAND2_X4 | 0.036 |   3.478 |    2.642 | 
     | 77                                                 |              |          |       |         |          | 
     | datapath/ALU_ALU_GEN[30].slice_i_bitAdder/g156__74 | A1 v -> ZN ^ | NAND2_X4 | 0.061 |   3.539 |    2.703 | 
     | 10                                                 |              |          |       |         |          | 
     | datapath/ALU_msb_bitAdder/g118__1617               | A ^ -> ZN ^  | XNOR2_X2 | 0.122 |   3.661 |    2.825 | 
     | datapath/g17621                                    | A ^ -> ZN v  | INV_X2   | 0.039 |   3.700 |    2.864 | 
     | datapath/g17616                                    | B v -> ZN v  | XNOR2_X2 | 0.132 |   3.833 |    2.997 | 
     | datapath/ALU_ALU_GEN[0].slice_i_resultMux/FE_RC_11 | A1 v -> ZN ^ | NAND2_X2 | 0.057 |   3.890 |    3.054 | 
     | 3_0                                                |              |          |       |         |          | 
     | datapath/ALU_ALU_GEN[0].slice_i_resultMux/FE_RC_77 | A1 ^ -> ZN v | NAND2_X2 | 0.035 |   3.925 |    3.089 | 
     | _0                                                 |              |          |       |         |          | 
     | datapath/EXMEM_aluResult_reg[0]                    | D v          | DFFR_X1  | 0.000 |   3.925 |    3.089 | 
     +-----------------------------------------------------------------------------------------------------------+ 
Path 2: VIOLATED Setup Check with Pin datapath/EXMEM_aluResult_reg[24]/CK 
Endpoint:   datapath/EXMEM_aluResult_reg[24]/D (v) checked with  leading edge 
of 'clk'
Beginpoint: datapath/EXMEM_aluResult_reg[0]/Q  (^) triggered by  leading edge 
of 'clk'
Path Groups: {reg2reg}
Analysis View: WC_VIEW
Other End Arrival Time          0.161
- Setup                         0.138
+ Phase Shift                   3.000
+ CPPR Adjustment               0.000
- Uncertainty                   0.100
= Required Time                 2.923
- Arrival Time                  3.247
= Slack Time                   -0.324
     Clock Rise Edge                 0.000
     + Clock Network Latency (Prop)  0.340
     = Beginpoint Arrival Time       0.340
     +------------------------------------------------------------------------------------------------------------+ 
     |                      Instance                      |     Arc      |   Cell    | Delay | Arrival | Required | 
     |                                                    |              |           |       |  Time   |   Time   | 
     |----------------------------------------------------+--------------+-----------+-------+---------+----------| 
     | datapath/EXMEM_aluResult_reg[0]                    | CK ^         |           |       |   0.340 |    0.016 | 
     | datapath/EXMEM_aluResult_reg[0]                    | CK ^ -> Q ^  | DFFR_X1   | 0.426 |   0.766 |    0.442 | 
     | datapath/FE_RC_791_0                               | B1 ^ -> ZN v | OAI21_X2  | 0.079 |   0.846 |    0.521 | 
     | datapath/FE_RC_790_0                               | A1 v -> ZN ^ | NAND2_X1  | 0.109 |   0.954 |    0.630 | 
     | datapath/FE_RC_158_0                               | A2 ^ -> ZN v | NAND3_X4  | 0.078 |   1.032 |    0.708 | 
     | datapath/ALU_ALU_GEN[0].slice_i_bitAdder/FE_RC_798 | A1 v -> ZN ^ | NAND2_X4  | 0.051 |   1.084 |    0.759 | 
     | _0                                                 |              |           |       |         |          | 
     | datapath/ALU_ALU_GEN[0].slice_i_bitAdder/FE_RC_752 | A1 ^ -> ZN v | NAND2_X4  | 0.036 |   1.120 |    0.795 | 
     | _0                                                 |              |           |       |         |          | 
     | datapath/ALU_ALU_GEN[1].slice_i_bitAdder/FE_RC_781 | A1 v -> ZN ^ | NAND2_X4  | 0.042 |   1.162 |    0.838 | 
     | _0                                                 |              |           |       |         |          | 
     | datapath/ALU_ALU_GEN[1].slice_i_bitAdder/g156__547 | A1 ^ -> ZN v | NAND2_X4  | 0.036 |   1.199 |    0.874 | 
     | 7                                                  |              |           |       |         |          | 
     | datapath/ALU_ALU_GEN[2].slice_i_bitAdder/g158__170 | A1 v -> ZN ^ | NAND2_X4  | 0.044 |   1.242 |    0.918 | 
     | 5                                                  |              |           |       |         |          | 
     | datapath/ALU_ALU_GEN[2].slice_i_bitAdder/g156__161 | A1 ^ -> ZN v | NAND2_X4  | 0.036 |   1.278 |    0.954 | 
     | 7                                                  |              |           |       |         |          | 
     | datapath/ALU_ALU_GEN[3].slice_i_bitAdder/FE_RC_153 | A1 v -> ZN ^ | NAND2_X4  | 0.044 |   1.322 |    0.998 | 
     | _0                                                 |              |           |       |         |          | 
     | datapath/ALU_ALU_GEN[3].slice_i_bitAdder/g156__748 | A1 ^ -> ZN v | NAND2_X4  | 0.036 |   1.358 |    1.034 | 
     | 2                                                  |              |           |       |         |          | 
     | datapath/ALU_ALU_GEN[4].slice_i_bitAdder/g158__239 | A1 v -> ZN ^ | NAND2_X4  | 0.044 |   1.402 |    1.078 | 
     | 8                                                  |              |           |       |         |          | 
     | datapath/ALU_ALU_GEN[4].slice_i_bitAdder/g156__641 | A1 ^ -> ZN v | NAND2_X4  | 0.036 |   1.438 |    1.114 | 
     | 7                                                  |              |           |       |         |          | 
     | datapath/ALU_ALU_GEN[5].slice_i_bitAdder/g158__280 | A1 v -> ZN ^ | NAND2_X4  | 0.043 |   1.481 |    1.156 | 
     | 2                                                  |              |           |       |         |          | 
     | datapath/ALU_ALU_GEN[5].slice_i_bitAdder/g156__368 | A1 ^ -> ZN v | NAND2_X4  | 0.036 |   1.517 |    1.193 | 
     | 0                                                  |              |           |       |         |          | 
     | datapath/ALU_ALU_GEN[6].slice_i_bitAdder/g158__473 | A1 v -> ZN ^ | NAND2_X4  | 0.044 |   1.561 |    1.236 | 
     | 3                                                  |              |           |       |         |          | 
     | datapath/ALU_ALU_GEN[6].slice_i_bitAdder/g156__511 | A1 ^ -> ZN v | NAND2_X4  | 0.036 |   1.596 |    1.272 | 
     | 5                                                  |              |           |       |         |          | 
     | datapath/ALU_ALU_GEN[7].slice_i_bitAdder/g158__547 | A1 v -> ZN ^ | NAND2_X4  | 0.044 |   1.640 |    1.316 | 
     | 7                                                  |              |           |       |         |          | 
     | datapath/ALU_ALU_GEN[7].slice_i_bitAdder/g156__741 | A1 ^ -> ZN v | NAND2_X4  | 0.036 |   1.676 |    1.352 | 
     | 0                                                  |              |           |       |         |          | 
     | datapath/ALU_ALU_GEN[8].slice_i_bitAdder/g158__161 | A1 v -> ZN ^ | NAND2_X4  | 0.044 |   1.720 |    1.395 | 
     | 7                                                  |              |           |       |         |          | 
     | datapath/ALU_ALU_GEN[8].slice_i_bitAdder/g156__678 | A1 ^ -> ZN v | NAND2_X4  | 0.036 |   1.756 |    1.431 | 
     | 3                                                  |              |           |       |         |          | 
     | datapath/ALU_ALU_GEN[9].slice_i_bitAdder/g158__511 | A1 v -> ZN ^ | NAND2_X4  | 0.044 |   1.800 |    1.475 | 
     | 5                                                  |              |           |       |         |          | 
     | datapath/ALU_ALU_GEN[9].slice_i_bitAdder/g156__613 | A1 ^ -> ZN v | NAND2_X4  | 0.037 |   1.837 |    1.513 | 
     | 1                                                  |              |           |       |         |          | 
     | datapath/ALU_ALU_GEN[10].slice_i_bitAdder/g158__16 | A1 v -> ZN ^ | NAND2_X4  | 0.043 |   1.880 |    1.556 | 
     | 66                                                 |              |           |       |         |          | 
     | datapath/ALU_ALU_GEN[10].slice_i_bitAdder/g156__28 | A1 ^ -> ZN v | NAND2_X4  | 0.039 |   1.919 |    1.595 | 
     | 83                                                 |              |           |       |         |          | 
     | datapath/ALU_ALU_GEN[11].slice_i_bitAdder/g158__84 | A1 v -> ZN ^ | NAND2_X4  | 0.044 |   1.963 |    1.639 | 
     | 28                                                 |              |           |       |         |          | 
     | datapath/ALU_ALU_GEN[11].slice_i_bitAdder/g156__62 | A1 ^ -> ZN v | NAND2_X4  | 0.036 |   1.999 |    1.675 | 
     | 60                                                 |              |           |       |         |          | 
     | datapath/ALU_ALU_GEN[12].slice_i_bitAdder/g158__82 | A1 v -> ZN ^ | NAND2_X4  | 0.043 |   2.042 |    1.718 | 
     | 46                                                 |              |           |       |         |          | 
     | datapath/ALU_ALU_GEN[12].slice_i_bitAdder/g156__17 | A1 ^ -> ZN v | NAND2_X4  | 0.037 |   2.079 |    1.755 | 
     | 05                                                 |              |           |       |         |          | 
     | datapath/ALU_ALU_GEN[13].slice_i_bitAdder/g158__61 | A1 v -> ZN ^ | NAND2_X4  | 0.043 |   2.123 |    1.798 | 
     | 61                                                 |              |           |       |         |          | 
     | datapath/ALU_ALU_GEN[13].slice_i_bitAdder/g156__47 | A1 ^ -> ZN v | NAND2_X4  | 0.036 |   2.159 |    1.835 | 
     | 33                                                 |              |           |       |         |          | 
     | datapath/ALU_ALU_GEN[14].slice_i_bitAdder/g158__23 | A1 v -> ZN ^ | NAND2_X4  | 0.043 |   2.202 |    1.878 | 
     | 98                                                 |              |           |       |         |          | 
     | datapath/ALU_ALU_GEN[14].slice_i_bitAdder/g156__54 | A1 ^ -> ZN v | NAND2_X4  | 0.036 |   2.238 |    1.913 | 
     | 77                                                 |              |           |       |         |          | 
     | datapath/ALU_ALU_GEN[15].slice_i_bitAdder/FE_RC_75 | A1 v -> ZN ^ | NAND2_X4  | 0.043 |   2.280 |    1.956 | 
     | 1_0                                                |              |           |       |         |          | 
     | datapath/ALU_ALU_GEN[15].slice_i_bitAdder/g156__16 | A1 ^ -> ZN v | NAND2_X4  | 0.036 |   2.317 |    1.992 | 
     | 17                                                 |              |           |       |         |          | 
     | datapath/ALU_ALU_GEN[16].slice_i_bitAdder/FE_RC_11 | A1 v -> ZN ^ | NAND2_X4  | 0.043 |   2.360 |    2.035 | 
     | 6_0                                                |              |           |       |         |          | 
     | datapath/ALU_ALU_GEN[16].slice_i_bitAdder/FE_RC_11 | A1 ^ -> ZN v | NAND2_X4  | 0.038 |   2.398 |    2.073 | 
     | 5_0                                                |              |           |       |         |          | 
     | datapath/ALU_ALU_GEN[17].slice_i_bitAdder/g155__54 | A1 v -> ZN ^ | NAND2_X4  | 0.043 |   2.441 |    2.116 | 
     | 77                                                 |              |           |       |         |          | 
     | datapath/ALU_ALU_GEN[17].slice_i_bitAdder/g153__64 | A1 ^ -> ZN v | NAND2_X4  | 0.036 |   2.476 |    2.152 | 
     | 17                                                 |              |           |       |         |          | 
     | datapath/ALU_ALU_GEN[18].slice_i_bitAdder/g158__36 | A1 v -> ZN ^ | NAND2_X4  | 0.043 |   2.519 |    2.195 | 
     | 80                                                 |              |           |       |         |          | 
     | datapath/ALU_ALU_GEN[18].slice_i_bitAdder/g156__67 | A1 ^ -> ZN v | NAND2_X4  | 0.036 |   2.556 |    2.231 | 
     | 83                                                 |              |           |       |         |          | 
     | datapath/ALU_ALU_GEN[19].slice_i_bitAdder/g158__18 | A1 v -> ZN ^ | NAND2_X4  | 0.043 |   2.599 |    2.274 | 
     | 81                                                 |              |           |       |         |          | 
     | datapath/ALU_ALU_GEN[19].slice_i_bitAdder/g156__61 | A1 ^ -> ZN v | NAND2_X4  | 0.036 |   2.635 |    2.310 | 
     | 31                                                 |              |           |       |         |          | 
     | datapath/ALU_ALU_GEN[20].slice_i_bitAdder/FE_RC_15 | A1 v -> ZN ^ | NAND2_X4  | 0.043 |   2.678 |    2.353 | 
     | 2_0                                                |              |           |       |         |          | 
     | datapath/ALU_ALU_GEN[20].slice_i_bitAdder/g156__28 | A1 ^ -> ZN v | NAND2_X4  | 0.036 |   2.714 |    2.389 | 
     | 83                                                 |              |           |       |         |          | 
     | datapath/ALU_ALU_GEN[21].slice_i_bitAdder/g155__43 | A1 v -> ZN ^ | NAND2_X4  | 0.043 |   2.757 |    2.433 | 
     | 19                                                 |              |           |       |         |          | 
     | datapath/ALU_ALU_GEN[21].slice_i_bitAdder/g153__62 | A1 ^ -> ZN v | NAND2_X4  | 0.039 |   2.796 |    2.472 | 
     | 60                                                 |              |           |       |         |          | 
     | datapath/ALU_ALU_GEN[22].slice_i_bitAdder/g158__51 | A1 v -> ZN ^ | NAND2_X4  | 0.044 |   2.840 |    2.516 | 
     | 22                                                 |              |           |       |         |          | 
     | datapath/ALU_ALU_GEN[22].slice_i_bitAdder/g156__17 | A1 ^ -> ZN v | NAND2_X4  | 0.037 |   2.877 |    2.553 | 
     | 05                                                 |              |           |       |         |          | 
     | datapath/ALU_ALU_GEN[23].slice_i_bitAdder/g158__61 | A1 v -> ZN ^ | NAND2_X4  | 0.043 |   2.921 |    2.596 | 
     | 61                                                 |              |           |       |         |          | 
     | datapath/ALU_ALU_GEN[23].slice_i_bitAdder/g156__47 | A1 ^ -> ZN v | NAND2_X4  | 0.036 |   2.957 |    2.632 | 
     | 33                                                 |              |           |       |         |          | 
     | datapath/FE_OCPC387_ALU_cout_24                    | A v -> Z v   | CLKBUF_X1 | 0.100 |   3.056 |    2.732 | 
     | datapath/ALU_ALU_GEN[24].slice_i_bitAdder/FE_RC_44 | A1 v -> ZN ^ | NAND2_X1  | 0.050 |   3.106 |    2.781 | 
     | 8_0                                                |              |           |       |         |          | 
     | datapath/ALU_ALU_GEN[24].slice_i_bitAdder/FE_RC_44 | A ^ -> ZN v  | OAI21_X1  | 0.049 |   3.155 |    2.830 | 
     | 7_0                                                |              |           |       |         |          | 
     | datapath/ALU_ALU_GEN[24].slice_i_resultMux/FE_RC_4 | A1 v -> ZN ^ | NAND2_X1  | 0.049 |   3.204 |    2.879 | 
     | 65_0                                               |              |           |       |         |          | 
     | datapath/ALU_ALU_GEN[24].slice_i_resultMux/g145__4 | A1 ^ -> ZN v | NAND2_X1  | 0.043 |   3.247 |    2.923 | 
     | 319                                                |              |           |       |         |          | 
     | datapath/EXMEM_aluResult_reg[24]                   | D v          | DFFR_X1   | 0.000 |   3.247 |    2.923 | 
     +------------------------------------------------------------------------------------------------------------+ 
Path 3: VIOLATED Setup Check with Pin datapath/EXMEM_aluResult_reg[31]/CK 
Endpoint:   datapath/EXMEM_aluResult_reg[31]/D (v) checked with  leading edge 
of 'clk'
Beginpoint: datapath/EXMEM_aluResult_reg[0]/Q  (^) triggered by  leading edge 
of 'clk'
Path Groups: {reg2reg}
Analysis View: WC_VIEW
Other End Arrival Time          0.802
- Setup                         0.138
+ Phase Shift                   3.000
+ CPPR Adjustment               0.000
- Uncertainty                   0.100
= Required Time                 3.564
- Arrival Time                  3.815
= Slack Time                   -0.251
     Clock Rise Edge                 0.000
     + Clock Network Latency (Prop)  0.340
     = Beginpoint Arrival Time       0.340
     +------------------------------------------------------------------------------------------------------------+ 
     |                      Instance                      |     Arc      |   Cell    | Delay | Arrival | Required | 
     |                                                    |              |           |       |  Time   |   Time   | 
     |----------------------------------------------------+--------------+-----------+-------+---------+----------| 
     | datapath/EXMEM_aluResult_reg[0]                    | CK ^         |           |       |   0.340 |    0.090 | 
     | datapath/EXMEM_aluResult_reg[0]                    | CK ^ -> Q ^  | DFFR_X1   | 0.426 |   0.766 |    0.516 | 
     | datapath/FE_RC_791_0                               | B1 ^ -> ZN v | OAI21_X2  | 0.079 |   0.846 |    0.595 | 
     | datapath/FE_RC_790_0                               | A1 v -> ZN ^ | NAND2_X1  | 0.109 |   0.954 |    0.704 | 
     | datapath/FE_RC_158_0                               | A2 ^ -> ZN v | NAND3_X4  | 0.078 |   1.032 |    0.782 | 
     | datapath/ALU_ALU_GEN[0].slice_i_bitAdder/FE_RC_798 | A1 v -> ZN ^ | NAND2_X4  | 0.051 |   1.084 |    0.833 | 
     | _0                                                 |              |           |       |         |          | 
     | datapath/ALU_ALU_GEN[0].slice_i_bitAdder/FE_RC_752 | A1 ^ -> ZN v | NAND2_X4  | 0.036 |   1.120 |    0.869 | 
     | _0                                                 |              |           |       |         |          | 
     | datapath/ALU_ALU_GEN[1].slice_i_bitAdder/FE_RC_781 | A1 v -> ZN ^ | NAND2_X4  | 0.042 |   1.162 |    0.912 | 
     | _0                                                 |              |           |       |         |          | 
     | datapath/ALU_ALU_GEN[1].slice_i_bitAdder/g156__547 | A1 ^ -> ZN v | NAND2_X4  | 0.036 |   1.199 |    0.948 | 
     | 7                                                  |              |           |       |         |          | 
     | datapath/ALU_ALU_GEN[2].slice_i_bitAdder/g158__170 | A1 v -> ZN ^ | NAND2_X4  | 0.044 |   1.242 |    0.992 | 
     | 5                                                  |              |           |       |         |          | 
     | datapath/ALU_ALU_GEN[2].slice_i_bitAdder/g156__161 | A1 ^ -> ZN v | NAND2_X4  | 0.036 |   1.278 |    1.028 | 
     | 7                                                  |              |           |       |         |          | 
     | datapath/ALU_ALU_GEN[3].slice_i_bitAdder/FE_RC_153 | A1 v -> ZN ^ | NAND2_X4  | 0.044 |   1.322 |    1.072 | 
     | _0                                                 |              |           |       |         |          | 
     | datapath/ALU_ALU_GEN[3].slice_i_bitAdder/g156__748 | A1 ^ -> ZN v | NAND2_X4  | 0.036 |   1.358 |    1.107 | 
     | 2                                                  |              |           |       |         |          | 
     | datapath/ALU_ALU_GEN[4].slice_i_bitAdder/g158__239 | A1 v -> ZN ^ | NAND2_X4  | 0.044 |   1.402 |    1.151 | 
     | 8                                                  |              |           |       |         |          | 
     | datapath/ALU_ALU_GEN[4].slice_i_bitAdder/g156__641 | A1 ^ -> ZN v | NAND2_X4  | 0.036 |   1.438 |    1.188 | 
     | 7                                                  |              |           |       |         |          | 
     | datapath/ALU_ALU_GEN[5].slice_i_bitAdder/g158__280 | A1 v -> ZN ^ | NAND2_X4  | 0.043 |   1.481 |    1.230 | 
     | 2                                                  |              |           |       |         |          | 
     | datapath/ALU_ALU_GEN[5].slice_i_bitAdder/g156__368 | A1 ^ -> ZN v | NAND2_X4  | 0.036 |   1.517 |    1.266 | 
     | 0                                                  |              |           |       |         |          | 
     | datapath/ALU_ALU_GEN[6].slice_i_bitAdder/g158__473 | A1 v -> ZN ^ | NAND2_X4  | 0.044 |   1.561 |    1.310 | 
     | 3                                                  |              |           |       |         |          | 
     | datapath/ALU_ALU_GEN[6].slice_i_bitAdder/g156__511 | A1 ^ -> ZN v | NAND2_X4  | 0.036 |   1.596 |    1.346 | 
     | 5                                                  |              |           |       |         |          | 
     | datapath/ALU_ALU_GEN[7].slice_i_bitAdder/g158__547 | A1 v -> ZN ^ | NAND2_X4  | 0.044 |   1.640 |    1.390 | 
     | 7                                                  |              |           |       |         |          | 
     | datapath/ALU_ALU_GEN[7].slice_i_bitAdder/g156__741 | A1 ^ -> ZN v | NAND2_X4  | 0.036 |   1.676 |    1.426 | 
     | 0                                                  |              |           |       |         |          | 
     | datapath/ALU_ALU_GEN[8].slice_i_bitAdder/g158__161 | A1 v -> ZN ^ | NAND2_X4  | 0.044 |   1.720 |    1.469 | 
     | 7                                                  |              |           |       |         |          | 
     | datapath/ALU_ALU_GEN[8].slice_i_bitAdder/g156__678 | A1 ^ -> ZN v | NAND2_X4  | 0.036 |   1.756 |    1.505 | 
     | 3                                                  |              |           |       |         |          | 
     | datapath/ALU_ALU_GEN[9].slice_i_bitAdder/g158__511 | A1 v -> ZN ^ | NAND2_X4  | 0.044 |   1.800 |    1.549 | 
     | 5                                                  |              |           |       |         |          | 
     | datapath/ALU_ALU_GEN[9].slice_i_bitAdder/g156__613 | A1 ^ -> ZN v | NAND2_X4  | 0.037 |   1.837 |    1.587 | 
     | 1                                                  |              |           |       |         |          | 
     | datapath/ALU_ALU_GEN[10].slice_i_bitAdder/g158__16 | A1 v -> ZN ^ | NAND2_X4  | 0.043 |   1.880 |    1.630 | 
     | 66                                                 |              |           |       |         |          | 
     | datapath/ALU_ALU_GEN[10].slice_i_bitAdder/g156__28 | A1 ^ -> ZN v | NAND2_X4  | 0.039 |   1.919 |    1.669 | 
     | 83                                                 |              |           |       |         |          | 
     | datapath/ALU_ALU_GEN[11].slice_i_bitAdder/g158__84 | A1 v -> ZN ^ | NAND2_X4  | 0.044 |   1.963 |    1.713 | 
     | 28                                                 |              |           |       |         |          | 
     | datapath/ALU_ALU_GEN[11].slice_i_bitAdder/g156__62 | A1 ^ -> ZN v | NAND2_X4  | 0.036 |   1.999 |    1.749 | 
     | 60                                                 |              |           |       |         |          | 
     | datapath/ALU_ALU_GEN[12].slice_i_bitAdder/g158__82 | A1 v -> ZN ^ | NAND2_X4  | 0.043 |   2.042 |    1.791 | 
     | 46                                                 |              |           |       |         |          | 
     | datapath/ALU_ALU_GEN[12].slice_i_bitAdder/g156__17 | A1 ^ -> ZN v | NAND2_X4  | 0.037 |   2.079 |    1.829 | 
     | 05                                                 |              |           |       |         |          | 
     | datapath/ALU_ALU_GEN[13].slice_i_bitAdder/g158__61 | A1 v -> ZN ^ | NAND2_X4  | 0.043 |   2.123 |    1.872 | 
     | 61                                                 |              |           |       |         |          | 
     | datapath/ALU_ALU_GEN[13].slice_i_bitAdder/g156__47 | A1 ^ -> ZN v | NAND2_X4  | 0.036 |   2.159 |    1.908 | 
     | 33                                                 |              |           |       |         |          | 
     | datapath/ALU_ALU_GEN[14].slice_i_bitAdder/g158__23 | A1 v -> ZN ^ | NAND2_X4  | 0.043 |   2.202 |    1.952 | 
     | 98                                                 |              |           |       |         |          | 
     | datapath/ALU_ALU_GEN[14].slice_i_bitAdder/g156__54 | A1 ^ -> ZN v | NAND2_X4  | 0.036 |   2.238 |    1.987 | 
     | 77                                                 |              |           |       |         |          | 
     | datapath/ALU_ALU_GEN[15].slice_i_bitAdder/FE_RC_75 | A1 v -> ZN ^ | NAND2_X4  | 0.043 |   2.280 |    2.030 | 
     | 1_0                                                |              |           |       |         |          | 
     | datapath/ALU_ALU_GEN[15].slice_i_bitAdder/g156__16 | A1 ^ -> ZN v | NAND2_X4  | 0.036 |   2.317 |    2.066 | 
     | 17                                                 |              |           |       |         |          | 
     | datapath/ALU_ALU_GEN[16].slice_i_bitAdder/FE_RC_11 | A1 v -> ZN ^ | NAND2_X4  | 0.043 |   2.360 |    2.109 | 
     | 6_0                                                |              |           |       |         |          | 
     | datapath/ALU_ALU_GEN[16].slice_i_bitAdder/FE_RC_11 | A1 ^ -> ZN v | NAND2_X4  | 0.038 |   2.398 |    2.147 | 
     | 5_0                                                |              |           |       |         |          | 
     | datapath/ALU_ALU_GEN[17].slice_i_bitAdder/g155__54 | A1 v -> ZN ^ | NAND2_X4  | 0.043 |   2.441 |    2.190 | 
     | 77                                                 |              |           |       |         |          | 
     | datapath/ALU_ALU_GEN[17].slice_i_bitAdder/g153__64 | A1 ^ -> ZN v | NAND2_X4  | 0.036 |   2.476 |    2.226 | 
     | 17                                                 |              |           |       |         |          | 
     | datapath/ALU_ALU_GEN[18].slice_i_bitAdder/g158__36 | A1 v -> ZN ^ | NAND2_X4  | 0.043 |   2.519 |    2.269 | 
     | 80                                                 |              |           |       |         |          | 
     | datapath/ALU_ALU_GEN[18].slice_i_bitAdder/g156__67 | A1 ^ -> ZN v | NAND2_X4  | 0.036 |   2.556 |    2.305 | 
     | 83                                                 |              |           |       |         |          | 
     | datapath/ALU_ALU_GEN[19].slice_i_bitAdder/g158__18 | A1 v -> ZN ^ | NAND2_X4  | 0.043 |   2.599 |    2.348 | 
     | 81                                                 |              |           |       |         |          | 
     | datapath/ALU_ALU_GEN[19].slice_i_bitAdder/g156__61 | A1 ^ -> ZN v | NAND2_X4  | 0.036 |   2.635 |    2.384 | 
     | 31                                                 |              |           |       |         |          | 
     | datapath/ALU_ALU_GEN[20].slice_i_bitAdder/FE_RC_15 | A1 v -> ZN ^ | NAND2_X4  | 0.043 |   2.678 |    2.427 | 
     | 2_0                                                |              |           |       |         |          | 
     | datapath/ALU_ALU_GEN[20].slice_i_bitAdder/g156__28 | A1 ^ -> ZN v | NAND2_X4  | 0.036 |   2.714 |    2.463 | 
     | 83                                                 |              |           |       |         |          | 
     | datapath/ALU_ALU_GEN[21].slice_i_bitAdder/g155__43 | A1 v -> ZN ^ | NAND2_X4  | 0.043 |   2.757 |    2.507 | 
     | 19                                                 |              |           |       |         |          | 
     | datapath/ALU_ALU_GEN[21].slice_i_bitAdder/g153__62 | A1 ^ -> ZN v | NAND2_X4  | 0.039 |   2.796 |    2.546 | 
     | 60                                                 |              |           |       |         |          | 
     | datapath/ALU_ALU_GEN[22].slice_i_bitAdder/g158__51 | A1 v -> ZN ^ | NAND2_X4  | 0.044 |   2.840 |    2.589 | 
     | 22                                                 |              |           |       |         |          | 
     | datapath/ALU_ALU_GEN[22].slice_i_bitAdder/g156__17 | A1 ^ -> ZN v | NAND2_X4  | 0.037 |   2.877 |    2.627 | 
     | 05                                                 |              |           |       |         |          | 
     | datapath/ALU_ALU_GEN[23].slice_i_bitAdder/g158__61 | A1 v -> ZN ^ | NAND2_X4  | 0.043 |   2.921 |    2.670 | 
     | 61                                                 |              |           |       |         |          | 
     | datapath/ALU_ALU_GEN[23].slice_i_bitAdder/g156__47 | A1 ^ -> ZN v | NAND2_X4  | 0.036 |   2.957 |    2.706 | 
     | 33                                                 |              |           |       |         |          | 
     | datapath/ALU_ALU_GEN[24].slice_i_bitAdder/g158__54 | A1 v -> ZN ^ | NAND2_X4  | 0.043 |   2.999 |    2.749 | 
     | 77                                                 |              |           |       |         |          | 
     | datapath/ALU_ALU_GEN[24].slice_i_bitAdder/g156__64 | A1 ^ -> ZN v | NAND2_X4  | 0.040 |   3.040 |    2.789 | 
     | 17                                                 |              |           |       |         |          | 
     | datapath/ALU_ALU_GEN[25].slice_i_bitAdder/g158__36 | A1 v -> ZN ^ | NAND2_X4  | 0.045 |   3.084 |    2.834 | 
     | 80                                                 |              |           |       |         |          | 
     | datapath/ALU_ALU_GEN[25].slice_i_bitAdder/g156__67 | A1 ^ -> ZN v | NAND2_X4  | 0.036 |   3.120 |    2.870 | 
     | 83                                                 |              |           |       |         |          | 
     | datapath/ALU_ALU_GEN[26].slice_i_bitAdder/g158__51 | A1 v -> ZN ^ | NAND2_X4  | 0.043 |   3.163 |    2.913 | 
     | 15                                                 |              |           |       |         |          | 
     | datapath/ALU_ALU_GEN[26].slice_i_bitAdder/g156__61 | A1 ^ -> ZN v | NAND2_X4  | 0.036 |   3.199 |    2.949 | 
     | 31                                                 |              |           |       |         |          | 
     | datapath/ALU_ALU_GEN[27].slice_i_bitAdder/g158__64 | A1 v -> ZN ^ | NAND2_X4  | 0.043 |   3.242 |    2.991 | 
     | 17                                                 |              |           |       |         |          | 
     | datapath/ALU_ALU_GEN[27].slice_i_bitAdder/g156__16 | A1 ^ -> ZN v | NAND2_X4  | 0.036 |   3.278 |    3.027 | 
     | 66                                                 |              |           |       |         |          | 
     | datapath/ALU_ALU_GEN[28].slice_i_bitAdder/g158__16 | A1 v -> ZN ^ | NAND2_X4  | 0.043 |   3.320 |    3.070 | 
     | 17                                                 |              |           |       |         |          | 
     | datapath/ALU_ALU_GEN[28].slice_i_bitAdder/g156__67 | A1 ^ -> ZN v | NAND2_X4  | 0.036 |   3.356 |    3.106 | 
     | 83                                                 |              |           |       |         |          | 
     | datapath/ALU_ALU_GEN[29].slice_i_bitAdder/g158__47 | A1 v -> ZN ^ | NAND2_X4  | 0.043 |   3.399 |    3.149 | 
     | 33                                                 |              |           |       |         |          | 
     | datapath/ALU_ALU_GEN[29].slice_i_bitAdder/g156__51 | A1 ^ -> ZN v | NAND2_X4  | 0.036 |   3.435 |    3.184 | 
     | 15                                                 |              |           |       |         |          | 
     | datapath/ALU_ALU_GEN[30].slice_i_bitAdder/g158__54 | A1 v -> ZN ^ | NAND2_X4  | 0.043 |   3.478 |    3.227 | 
     | 77                                                 |              |           |       |         |          | 
     | datapath/ALU_ALU_GEN[30].slice_i_bitAdder/g156__74 | A1 ^ -> ZN v | NAND2_X4  | 0.045 |   3.523 |    3.273 | 
     | 10                                                 |              |           |       |         |          | 
     | datapath/ALU_msb_bitAdder/g118__1617               | A v -> ZN v  | XNOR2_X2  | 0.114 |   3.637 |    3.386 | 
     | datapath/FE_OCPC406_ALU_msb_aADDb                  | A v -> Z v   | CLKBUF_X1 | 0.094 |   3.731 |    3.481 | 
     | datapath/ALU_msb_resultMux/FE_RC_414_0             | A1 v -> ZN ^ | NAND2_X1  | 0.046 |   3.777 |    3.527 | 
     | datapath/ALU_msb_resultMux/g151__8246              | A1 ^ -> ZN v | NAND2_X1  | 0.037 |   3.815 |    3.564 | 
     | datapath/EXMEM_aluResult_reg[31]                   | D v          | DFFR_X1   | 0.000 |   3.815 |    3.564 | 
     +------------------------------------------------------------------------------------------------------------+ 
Path 4: VIOLATED Setup Check with Pin datapath/EXMEM_aluResult_reg[30]/CK 
Endpoint:   datapath/EXMEM_aluResult_reg[30]/D (v) checked with  leading edge 
of 'clk'
Beginpoint: datapath/EXMEM_aluResult_reg[0]/Q  (^) triggered by  leading edge 
of 'clk'
Path Groups: {reg2reg}
Analysis View: WC_VIEW
Other End Arrival Time          0.723
- Setup                         0.134
+ Phase Shift                   3.000
+ CPPR Adjustment               0.000
- Uncertainty                   0.100
= Required Time                 3.489
- Arrival Time                  3.719
= Slack Time                   -0.230
     Clock Rise Edge                 0.000
     + Clock Network Latency (Prop)  0.340
     = Beginpoint Arrival Time       0.340
     +------------------------------------------------------------------------------------------------------------+ 
     |                      Instance                      |     Arc      |   Cell    | Delay | Arrival | Required | 
     |                                                    |              |           |       |  Time   |   Time   | 
     |----------------------------------------------------+--------------+-----------+-------+---------+----------| 
     | datapath/EXMEM_aluResult_reg[0]                    | CK ^         |           |       |   0.340 |    0.110 | 
     | datapath/EXMEM_aluResult_reg[0]                    | CK ^ -> Q ^  | DFFR_X1   | 0.426 |   0.766 |    0.536 | 
     | datapath/FE_RC_791_0                               | B1 ^ -> ZN v | OAI21_X2  | 0.079 |   0.846 |    0.615 | 
     | datapath/FE_RC_790_0                               | A1 v -> ZN ^ | NAND2_X1  | 0.109 |   0.954 |    0.724 | 
     | datapath/FE_RC_158_0                               | A2 ^ -> ZN v | NAND3_X4  | 0.078 |   1.032 |    0.802 | 
     | datapath/ALU_ALU_GEN[0].slice_i_bitAdder/FE_RC_798 | A1 v -> ZN ^ | NAND2_X4  | 0.051 |   1.084 |    0.853 | 
     | _0                                                 |              |           |       |         |          | 
     | datapath/ALU_ALU_GEN[0].slice_i_bitAdder/FE_RC_752 | A1 ^ -> ZN v | NAND2_X4  | 0.036 |   1.120 |    0.889 | 
     | _0                                                 |              |           |       |         |          | 
     | datapath/ALU_ALU_GEN[1].slice_i_bitAdder/FE_RC_781 | A1 v -> ZN ^ | NAND2_X4  | 0.042 |   1.162 |    0.932 | 
     | _0                                                 |              |           |       |         |          | 
     | datapath/ALU_ALU_GEN[1].slice_i_bitAdder/g156__547 | A1 ^ -> ZN v | NAND2_X4  | 0.036 |   1.199 |    0.968 | 
     | 7                                                  |              |           |       |         |          | 
     | datapath/ALU_ALU_GEN[2].slice_i_bitAdder/g158__170 | A1 v -> ZN ^ | NAND2_X4  | 0.044 |   1.242 |    1.012 | 
     | 5                                                  |              |           |       |         |          | 
     | datapath/ALU_ALU_GEN[2].slice_i_bitAdder/g156__161 | A1 ^ -> ZN v | NAND2_X4  | 0.036 |   1.278 |    1.048 | 
     | 7                                                  |              |           |       |         |          | 
     | datapath/ALU_ALU_GEN[3].slice_i_bitAdder/FE_RC_153 | A1 v -> ZN ^ | NAND2_X4  | 0.044 |   1.322 |    1.092 | 
     | _0                                                 |              |           |       |         |          | 
     | datapath/ALU_ALU_GEN[3].slice_i_bitAdder/g156__748 | A1 ^ -> ZN v | NAND2_X4  | 0.036 |   1.358 |    1.128 | 
     | 2                                                  |              |           |       |         |          | 
     | datapath/ALU_ALU_GEN[4].slice_i_bitAdder/g158__239 | A1 v -> ZN ^ | NAND2_X4  | 0.044 |   1.402 |    1.172 | 
     | 8                                                  |              |           |       |         |          | 
     | datapath/ALU_ALU_GEN[4].slice_i_bitAdder/g156__641 | A1 ^ -> ZN v | NAND2_X4  | 0.036 |   1.438 |    1.208 | 
     | 7                                                  |              |           |       |         |          | 
     | datapath/ALU_ALU_GEN[5].slice_i_bitAdder/g158__280 | A1 v -> ZN ^ | NAND2_X4  | 0.043 |   1.481 |    1.250 | 
     | 2                                                  |              |           |       |         |          | 
     | datapath/ALU_ALU_GEN[5].slice_i_bitAdder/g156__368 | A1 ^ -> ZN v | NAND2_X4  | 0.036 |   1.517 |    1.287 | 
     | 0                                                  |              |           |       |         |          | 
     | datapath/ALU_ALU_GEN[6].slice_i_bitAdder/g158__473 | A1 v -> ZN ^ | NAND2_X4  | 0.044 |   1.561 |    1.330 | 
     | 3                                                  |              |           |       |         |          | 
     | datapath/ALU_ALU_GEN[6].slice_i_bitAdder/g156__511 | A1 ^ -> ZN v | NAND2_X4  | 0.036 |   1.596 |    1.366 | 
     | 5                                                  |              |           |       |         |          | 
     | datapath/ALU_ALU_GEN[7].slice_i_bitAdder/g158__547 | A1 v -> ZN ^ | NAND2_X4  | 0.044 |   1.640 |    1.410 | 
     | 7                                                  |              |           |       |         |          | 
     | datapath/ALU_ALU_GEN[7].slice_i_bitAdder/g156__741 | A1 ^ -> ZN v | NAND2_X4  | 0.036 |   1.676 |    1.446 | 
     | 0                                                  |              |           |       |         |          | 
     | datapath/ALU_ALU_GEN[8].slice_i_bitAdder/g158__161 | A1 v -> ZN ^ | NAND2_X4  | 0.044 |   1.720 |    1.489 | 
     | 7                                                  |              |           |       |         |          | 
     | datapath/ALU_ALU_GEN[8].slice_i_bitAdder/g156__678 | A1 ^ -> ZN v | NAND2_X4  | 0.036 |   1.756 |    1.525 | 
     | 3                                                  |              |           |       |         |          | 
     | datapath/ALU_ALU_GEN[9].slice_i_bitAdder/g158__511 | A1 v -> ZN ^ | NAND2_X4  | 0.044 |   1.800 |    1.569 | 
     | 5                                                  |              |           |       |         |          | 
     | datapath/ALU_ALU_GEN[9].slice_i_bitAdder/g156__613 | A1 ^ -> ZN v | NAND2_X4  | 0.037 |   1.837 |    1.607 | 
     | 1                                                  |              |           |       |         |          | 
     | datapath/ALU_ALU_GEN[10].slice_i_bitAdder/g158__16 | A1 v -> ZN ^ | NAND2_X4  | 0.043 |   1.880 |    1.650 | 
     | 66                                                 |              |           |       |         |          | 
     | datapath/ALU_ALU_GEN[10].slice_i_bitAdder/g156__28 | A1 ^ -> ZN v | NAND2_X4  | 0.039 |   1.919 |    1.689 | 
     | 83                                                 |              |           |       |         |          | 
     | datapath/ALU_ALU_GEN[11].slice_i_bitAdder/g158__84 | A1 v -> ZN ^ | NAND2_X4  | 0.044 |   1.963 |    1.733 | 
     | 28                                                 |              |           |       |         |          | 
     | datapath/ALU_ALU_GEN[11].slice_i_bitAdder/g156__62 | A1 ^ -> ZN v | NAND2_X4  | 0.036 |   1.999 |    1.769 | 
     | 60                                                 |              |           |       |         |          | 
     | datapath/ALU_ALU_GEN[12].slice_i_bitAdder/g158__82 | A1 v -> ZN ^ | NAND2_X4  | 0.043 |   2.042 |    1.812 | 
     | 46                                                 |              |           |       |         |          | 
     | datapath/ALU_ALU_GEN[12].slice_i_bitAdder/g156__17 | A1 ^ -> ZN v | NAND2_X4  | 0.037 |   2.079 |    1.849 | 
     | 05                                                 |              |           |       |         |          | 
     | datapath/ALU_ALU_GEN[13].slice_i_bitAdder/g158__61 | A1 v -> ZN ^ | NAND2_X4  | 0.043 |   2.123 |    1.892 | 
     | 61                                                 |              |           |       |         |          | 
     | datapath/ALU_ALU_GEN[13].slice_i_bitAdder/g156__47 | A1 ^ -> ZN v | NAND2_X4  | 0.036 |   2.159 |    1.929 | 
     | 33                                                 |              |           |       |         |          | 
     | datapath/ALU_ALU_GEN[14].slice_i_bitAdder/g158__23 | A1 v -> ZN ^ | NAND2_X4  | 0.043 |   2.202 |    1.972 | 
     | 98                                                 |              |           |       |         |          | 
     | datapath/ALU_ALU_GEN[14].slice_i_bitAdder/g156__54 | A1 ^ -> ZN v | NAND2_X4  | 0.036 |   2.238 |    2.007 | 
     | 77                                                 |              |           |       |         |          | 
     | datapath/ALU_ALU_GEN[15].slice_i_bitAdder/FE_RC_75 | A1 v -> ZN ^ | NAND2_X4  | 0.043 |   2.280 |    2.050 | 
     | 1_0                                                |              |           |       |         |          | 
     | datapath/ALU_ALU_GEN[15].slice_i_bitAdder/g156__16 | A1 ^ -> ZN v | NAND2_X4  | 0.036 |   2.317 |    2.086 | 
     | 17                                                 |              |           |       |         |          | 
     | datapath/ALU_ALU_GEN[16].slice_i_bitAdder/FE_RC_11 | A1 v -> ZN ^ | NAND2_X4  | 0.043 |   2.360 |    2.129 | 
     | 6_0                                                |              |           |       |         |          | 
     | datapath/ALU_ALU_GEN[16].slice_i_bitAdder/FE_RC_11 | A1 ^ -> ZN v | NAND2_X4  | 0.038 |   2.398 |    2.167 | 
     | 5_0                                                |              |           |       |         |          | 
     | datapath/ALU_ALU_GEN[17].slice_i_bitAdder/g155__54 | A1 v -> ZN ^ | NAND2_X4  | 0.043 |   2.441 |    2.210 | 
     | 77                                                 |              |           |       |         |          | 
     | datapath/ALU_ALU_GEN[17].slice_i_bitAdder/g153__64 | A1 ^ -> ZN v | NAND2_X4  | 0.036 |   2.476 |    2.246 | 
     | 17                                                 |              |           |       |         |          | 
     | datapath/ALU_ALU_GEN[18].slice_i_bitAdder/g158__36 | A1 v -> ZN ^ | NAND2_X4  | 0.043 |   2.519 |    2.289 | 
     | 80                                                 |              |           |       |         |          | 
     | datapath/ALU_ALU_GEN[18].slice_i_bitAdder/g156__67 | A1 ^ -> ZN v | NAND2_X4  | 0.036 |   2.556 |    2.325 | 
     | 83                                                 |              |           |       |         |          | 
     | datapath/ALU_ALU_GEN[19].slice_i_bitAdder/g158__18 | A1 v -> ZN ^ | NAND2_X4  | 0.043 |   2.599 |    2.368 | 
     | 81                                                 |              |           |       |         |          | 
     | datapath/ALU_ALU_GEN[19].slice_i_bitAdder/g156__61 | A1 ^ -> ZN v | NAND2_X4  | 0.036 |   2.635 |    2.404 | 
     | 31                                                 |              |           |       |         |          | 
     | datapath/ALU_ALU_GEN[20].slice_i_bitAdder/FE_RC_15 | A1 v -> ZN ^ | NAND2_X4  | 0.043 |   2.678 |    2.447 | 
     | 2_0                                                |              |           |       |         |          | 
     | datapath/ALU_ALU_GEN[20].slice_i_bitAdder/g156__28 | A1 ^ -> ZN v | NAND2_X4  | 0.036 |   2.714 |    2.483 | 
     | 83                                                 |              |           |       |         |          | 
     | datapath/ALU_ALU_GEN[21].slice_i_bitAdder/g155__43 | A1 v -> ZN ^ | NAND2_X4  | 0.043 |   2.757 |    2.527 | 
     | 19                                                 |              |           |       |         |          | 
     | datapath/ALU_ALU_GEN[21].slice_i_bitAdder/g153__62 | A1 ^ -> ZN v | NAND2_X4  | 0.039 |   2.796 |    2.566 | 
     | 60                                                 |              |           |       |         |          | 
     | datapath/ALU_ALU_GEN[22].slice_i_bitAdder/g158__51 | A1 v -> ZN ^ | NAND2_X4  | 0.044 |   2.840 |    2.610 | 
     | 22                                                 |              |           |       |         |          | 
     | datapath/ALU_ALU_GEN[22].slice_i_bitAdder/g156__17 | A1 ^ -> ZN v | NAND2_X4  | 0.037 |   2.877 |    2.647 | 
     | 05                                                 |              |           |       |         |          | 
     | datapath/ALU_ALU_GEN[23].slice_i_bitAdder/g158__61 | A1 v -> ZN ^ | NAND2_X4  | 0.043 |   2.921 |    2.690 | 
     | 61                                                 |              |           |       |         |          | 
     | datapath/ALU_ALU_GEN[23].slice_i_bitAdder/g156__47 | A1 ^ -> ZN v | NAND2_X4  | 0.036 |   2.957 |    2.726 | 
     | 33                                                 |              |           |       |         |          | 
     | datapath/ALU_ALU_GEN[24].slice_i_bitAdder/g158__54 | A1 v -> ZN ^ | NAND2_X4  | 0.043 |   2.999 |    2.769 | 
     | 77                                                 |              |           |       |         |          | 
     | datapath/ALU_ALU_GEN[24].slice_i_bitAdder/g156__64 | A1 ^ -> ZN v | NAND2_X4  | 0.040 |   3.040 |    2.809 | 
     | 17                                                 |              |           |       |         |          | 
     | datapath/ALU_ALU_GEN[25].slice_i_bitAdder/g158__36 | A1 v -> ZN ^ | NAND2_X4  | 0.045 |   3.084 |    2.854 | 
     | 80                                                 |              |           |       |         |          | 
     | datapath/ALU_ALU_GEN[25].slice_i_bitAdder/g156__67 | A1 ^ -> ZN v | NAND2_X4  | 0.036 |   3.120 |    2.890 | 
     | 83                                                 |              |           |       |         |          | 
     | datapath/ALU_ALU_GEN[26].slice_i_bitAdder/g158__51 | A1 v -> ZN ^ | NAND2_X4  | 0.043 |   3.163 |    2.933 | 
     | 15                                                 |              |           |       |         |          | 
     | datapath/ALU_ALU_GEN[26].slice_i_bitAdder/g156__61 | A1 ^ -> ZN v | NAND2_X4  | 0.036 |   3.199 |    2.969 | 
     | 31                                                 |              |           |       |         |          | 
     | datapath/ALU_ALU_GEN[27].slice_i_bitAdder/g158__64 | A1 v -> ZN ^ | NAND2_X4  | 0.043 |   3.242 |    3.011 | 
     | 17                                                 |              |           |       |         |          | 
     | datapath/ALU_ALU_GEN[27].slice_i_bitAdder/g156__16 | A1 ^ -> ZN v | NAND2_X4  | 0.036 |   3.278 |    3.047 | 
     | 66                                                 |              |           |       |         |          | 
     | datapath/ALU_ALU_GEN[28].slice_i_bitAdder/g158__16 | A1 v -> ZN ^ | NAND2_X4  | 0.043 |   3.320 |    3.090 | 
     | 17                                                 |              |           |       |         |          | 
     | datapath/ALU_ALU_GEN[28].slice_i_bitAdder/g156__67 | A1 ^ -> ZN v | NAND2_X4  | 0.036 |   3.356 |    3.126 | 
     | 83                                                 |              |           |       |         |          | 
     | datapath/ALU_ALU_GEN[29].slice_i_bitAdder/g158__47 | A1 v -> ZN ^ | NAND2_X4  | 0.043 |   3.399 |    3.169 | 
     | 33                                                 |              |           |       |         |          | 
     | datapath/ALU_ALU_GEN[29].slice_i_bitAdder/g156__51 | A1 ^ -> ZN v | NAND2_X4  | 0.036 |   3.435 |    3.204 | 
     | 15                                                 |              |           |       |         |          | 
     | datapath/FE_OCPC396_ALU_cout_30                    | A v -> Z v   | CLKBUF_X1 | 0.100 |   3.535 |    3.305 | 
     | datapath/ALU_ALU_GEN[30].slice_i_bitAdder/FE_RC_41 | A1 v -> ZN ^ | NAND2_X1  | 0.050 |   3.585 |    3.354 | 
     | 9_0                                                |              |           |       |         |          | 
     | datapath/ALU_ALU_GEN[30].slice_i_bitAdder/FE_RC_41 | A ^ -> ZN v  | OAI21_X1  | 0.050 |   3.635 |    3.404 | 
     | 8_0                                                |              |           |       |         |          | 
     | datapath/ALU_ALU_GEN[30].slice_i_resultMux/g153__8 | A1 v -> ZN ^ | NAND2_X1  | 0.049 |   3.684 |    3.454 | 
     | 428                                                |              |           |       |         |          | 
     | datapath/ALU_ALU_GEN[30].slice_i_resultMux/g151__6 | A1 ^ -> ZN v | NAND2_X1  | 0.035 |   3.719 |    3.489 | 
     | 260                                                |              |           |       |         |          | 
     | datapath/EXMEM_aluResult_reg[30]                   | D v          | DFFR_X1   | 0.000 |   3.719 |    3.489 | 
     +------------------------------------------------------------------------------------------------------------+ 
Path 5: VIOLATED Setup Check with Pin datapath/IF_pc_reg[31]/CK 
Endpoint:   datapath/IF_pc_reg[31]/D     (v) checked with  leading edge of 'clk'
Beginpoint: datapath/IFID_instr_reg[4]/Q (^) triggered by  leading edge of 'clk'
Path Groups: {reg2reg}
Analysis View: WC_VIEW
Other End Arrival Time          0.623
- Setup                         0.150
+ Phase Shift                   3.000
+ CPPR Adjustment               0.000
- Uncertainty                   0.100
= Required Time                 3.373
- Arrival Time                  3.549
= Slack Time                   -0.176
     Clock Rise Edge                 0.000
     + Clock Network Latency (Prop)  0.065
     = Beginpoint Arrival Time       0.065
     +-----------------------------------------------------------------------------------------------------------+ 
     |                      Instance                      |     Arc      |   Cell   | Delay | Arrival | Required | 
     |                                                    |              |          |       |  Time   |   Time   | 
     |----------------------------------------------------+--------------+----------+-------+---------+----------| 
     | datapath/IFID_instr_reg[4]                         | CK ^         |          |       |   0.065 |   -0.111 | 
     | datapath/IFID_instr_reg[4]                         | CK ^ -> Q ^  | DFFR_X1  | 0.394 |   0.459 |    0.284 | 
     | datapath/immediate_generation/FE_OCPC354_IFID_opco | A ^ -> ZN v  | INV_X1   | 0.035 |   0.495 |    0.319 | 
     | de_4                                               |              |          |       |         |          | 
     | datapath/immediate_generation/g3391__1617          | A1 v -> ZN v | AND2_X2  | 0.095 |   0.589 |    0.414 | 
     | datapath/immediate_generation/g3386__8428          | A1 v -> ZN ^ | NAND2_X4 | 0.049 |   0.638 |    0.463 | 
     | datapath/immediate_generation/g3367__9315          | A1 ^ -> ZN v | NAND2_X2 | 0.042 |   0.681 |    0.505 | 
     | datapath/immediate_generation/g3361__6131          | A1 v -> ZN ^ | NAND2_X1 | 0.061 |   0.741 |    0.566 | 
     | datapath/immediate_generation/g3353__3680          | A1 ^ -> ZN v | NAND2_X2 | 0.054 |   0.796 |    0.620 | 
     | datapath/pc_plus_imm/FA_GEN[2].fa_i/g160           | A v -> ZN ^  | INV_X2   | 0.043 |   0.839 |    0.663 | 
     | datapath/pc_plus_imm/FA_GEN[2].fa_i/g157__8246     | A1 ^ -> ZN v | NAND2_X2 | 0.039 |   0.877 |    0.702 | 
     | datapath/pc_plus_imm/FA_GEN[2].fa_i/g155__1705     | A1 v -> ZN ^ | NAND2_X4 | 0.045 |   0.922 |    0.747 | 
     | datapath/pc_plus_imm/FA_GEN[2].fa_i/g153__1617     | A1 ^ -> ZN v | NAND2_X4 | 0.036 |   0.958 |    0.783 | 
     | datapath/pc_plus_imm/FA_GEN[3].fa_i/g155__5115     | A1 v -> ZN ^ | NAND2_X4 | 0.044 |   1.002 |    0.826 | 
     | datapath/pc_plus_imm/FA_GEN[3].fa_i/g153__6131     | A1 ^ -> ZN v | NAND2_X4 | 0.036 |   1.038 |    0.862 | 
     | datapath/pc_plus_imm/FA_GEN[4].fa_i/g155__2883     | A1 v -> ZN ^ | NAND2_X4 | 0.044 |   1.082 |    0.906 | 
     | datapath/pc_plus_imm/FA_GEN[4].fa_i/g153__9315     | A1 ^ -> ZN v | NAND2_X4 | 0.041 |   1.123 |    0.947 | 
     | datapath/pc_plus_imm/FA_GEN[5].fa_i/g155__2398     | A1 v -> ZN ^ | NAND2_X4 | 0.047 |   1.170 |    0.994 | 
     | datapath/pc_plus_imm/FA_GEN[5].fa_i/g153__6417     | A1 ^ -> ZN v | NAND2_X4 | 0.036 |   1.206 |    1.031 | 
     | datapath/pc_plus_imm/FA_GEN[6].fa_i/g155__6783     | A1 v -> ZN ^ | NAND2_X4 | 0.043 |   1.250 |    1.074 | 
     | datapath/pc_plus_imm/FA_GEN[6].fa_i/g153__8428     | A1 ^ -> ZN v | NAND2_X4 | 0.038 |   1.287 |    1.112 | 
     | datapath/pc_plus_imm/FA_GEN[7].fa_i/g155__8246     | A1 v -> ZN ^ | NAND2_X4 | 0.045 |   1.332 |    1.156 | 
     | datapath/pc_plus_imm/FA_GEN[7].fa_i/g153__1705     | A1 ^ -> ZN v | NAND2_X4 | 0.036 |   1.368 |    1.192 | 
     | datapath/pc_plus_imm/FA_GEN[8].fa_i/g155__4733     | A1 v -> ZN ^ | NAND2_X4 | 0.044 |   1.411 |    1.236 | 
     | datapath/pc_plus_imm/FA_GEN[8].fa_i/g153__5115     | A1 ^ -> ZN v | NAND2_X4 | 0.036 |   1.448 |    1.272 | 
     | datapath/pc_plus_imm/FA_GEN[9].fa_i/g155__2346     | A1 v -> ZN ^ | NAND2_X4 | 0.043 |   1.491 |    1.315 | 
     | datapath/pc_plus_imm/FA_GEN[9].fa_i/g153__9945     | A1 ^ -> ZN v | NAND2_X4 | 0.036 |   1.527 |    1.351 | 
     | datapath/pc_plus_imm/FA_GEN[10].fa_i/g137__2398    | A1 v -> ZN ^ | NAND2_X4 | 0.044 |   1.570 |    1.395 | 
     | datapath/pc_plus_imm/FA_GEN[10].fa_i/g135__6417    | A1 ^ -> ZN v | NAND2_X4 | 0.037 |   1.607 |    1.432 | 
     | datapath/pc_plus_imm/FA_GEN[11].fa_i/g137__5526    | A1 v -> ZN ^ | NAND2_X4 | 0.044 |   1.651 |    1.475 | 
     | datapath/pc_plus_imm/FA_GEN[11].fa_i/g135__4319    | A1 ^ -> ZN v | NAND2_X4 | 0.037 |   1.688 |    1.512 | 
     | datapath/pc_plus_imm/FA_GEN[12].fa_i/g137__1705    | A1 v -> ZN ^ | NAND2_X4 | 0.044 |   1.732 |    1.556 | 
     | datapath/pc_plus_imm/FA_GEN[12].fa_i/g135__1617    | A1 ^ -> ZN v | NAND2_X4 | 0.037 |   1.768 |    1.593 | 
     | datapath/pc_plus_imm/FA_GEN[13].fa_i/g137__1881    | A1 v -> ZN ^ | NAND2_X4 | 0.044 |   1.812 |    1.636 | 
     | datapath/pc_plus_imm/FA_GEN[13].fa_i/g135__7098    | A1 ^ -> ZN v | NAND2_X4 | 0.033 |   1.845 |    1.669 | 
     | datapath/pc_plus_imm/FA_GEN[14].fa_i/g137__9315    | A1 v -> ZN ^ | NAND2_X2 | 0.044 |   1.888 |    1.713 | 
     | datapath/pc_plus_imm/FA_GEN[14].fa_i/g135__4733    | A1 ^ -> ZN v | NAND2_X2 | 0.039 |   1.927 |    1.751 | 
     | datapath/pc_plus_imm/FA_GEN[15].fa_i/g137__7410    | A1 v -> ZN ^ | NAND2_X2 | 0.045 |   1.972 |    1.796 | 
     | datapath/pc_plus_imm/FA_GEN[15].fa_i/g135__2346    | A1 ^ -> ZN v | NAND2_X2 | 0.039 |   2.010 |    1.835 | 
     | datapath/pc_plus_imm/FA_GEN[16].fa_i/g146__6260    | A1 v -> ZN ^ | NAND2_X2 | 0.058 |   2.069 |    1.893 | 
     | datapath/pc_plus_imm/FA_GEN[16].fa_i/g144__2398    | A1 ^ -> ZN v | NAND2_X4 | 0.039 |   2.108 |    1.932 | 
     | datapath/pc_plus_imm/FA_GEN[17].fa_i/g155__6783    | A1 v -> ZN ^ | NAND2_X2 | 0.047 |   2.155 |    1.979 | 
     | datapath/pc_plus_imm/FA_GEN[17].fa_i/g153__5526    | A1 ^ -> ZN v | NAND2_X2 | 0.039 |   2.194 |    2.019 | 
     | datapath/pc_plus_imm/FA_GEN[18].fa_i/g155__5122    | A1 v -> ZN ^ | NAND2_X2 | 0.045 |   2.239 |    2.063 | 
     | datapath/pc_plus_imm/FA_GEN[18].fa_i/g153__1705    | A1 ^ -> ZN v | NAND2_X2 | 0.038 |   2.277 |    2.102 | 
     | datapath/pc_plus_imm/FA_GEN[19].fa_i/g155__5115    | A1 v -> ZN ^ | NAND2_X2 | 0.058 |   2.335 |    2.160 | 
     | datapath/pc_plus_imm/FA_GEN[19].fa_i/g153__1881    | A1 ^ -> ZN v | NAND2_X4 | 0.039 |   2.374 |    2.199 | 
     | datapath/pc_plus_imm/FA_GEN[20].fa_i/g155__9945    | A1 v -> ZN ^ | NAND2_X2 | 0.045 |   2.420 |    2.244 | 
     | datapath/pc_plus_imm/FA_GEN[20].fa_i/g153__9315    | A1 ^ -> ZN v | NAND2_X2 | 0.039 |   2.459 |    2.283 | 
     | datapath/pc_plus_imm/FA_GEN[21].fa_i/g155__6417    | A1 v -> ZN ^ | NAND2_X2 | 0.058 |   2.517 |    2.341 | 
     | datapath/pc_plus_imm/FA_GEN[21].fa_i/g153__7410    | A1 ^ -> ZN v | NAND2_X4 | 0.042 |   2.558 |    2.383 | 
     | datapath/pc_plus_imm/FA_GEN[22].fa_i/FE_RC_402_0   | A1 v -> ZN ^ | NAND2_X4 | 0.044 |   2.603 |    2.427 | 
     | datapath/pc_plus_imm/FA_GEN[22].fa_i/FE_RC_401_0   | A1 ^ -> ZN v | NAND2_X4 | 0.036 |   2.639 |    2.463 | 
     | datapath/pc_plus_imm/FA_GEN[23].fa_i/g155__1617    | A1 v -> ZN ^ | NAND2_X4 | 0.043 |   2.682 |    2.507 | 
     | datapath/pc_plus_imm/FA_GEN[23].fa_i/g153__3680    | A1 ^ -> ZN v | NAND2_X4 | 0.036 |   2.719 |    2.543 | 
     | datapath/pc_plus_imm/FA_GEN[24].fa_i/g155__7098    | A1 v -> ZN ^ | NAND2_X4 | 0.043 |   2.762 |    2.586 | 
     | datapath/pc_plus_imm/FA_GEN[24].fa_i/g153__8246    | A1 ^ -> ZN v | NAND2_X4 | 0.040 |   2.802 |    2.626 | 
     | datapath/pc_plus_imm/FA_GEN[25].fa_i/g155__4733    | A1 v -> ZN ^ | NAND2_X4 | 0.044 |   2.846 |    2.670 | 
     | datapath/pc_plus_imm/FA_GEN[25].fa_i/g153__7482    | A1 ^ -> ZN v | NAND2_X4 | 0.036 |   2.882 |    2.707 | 
     | datapath/pc_plus_imm/FA_GEN[26].fa_i/g155__2346    | A1 v -> ZN ^ | NAND2_X4 | 0.043 |   2.925 |    2.749 | 
     | datapath/pc_plus_imm/FA_GEN[26].fa_i/g153__2883    | A1 ^ -> ZN v | NAND2_X4 | 0.036 |   2.961 |    2.785 | 
     | datapath/pc_plus_imm/FA_GEN[27].fa_i/g155__2398    | A1 v -> ZN ^ | NAND2_X4 | 0.043 |   3.004 |    2.829 | 
     | datapath/pc_plus_imm/FA_GEN[27].fa_i/g153__5477    | A1 ^ -> ZN v | NAND2_X4 | 0.038 |   3.042 |    2.867 | 
     | datapath/pc_plus_imm/FA_GEN[28].fa_i/g155__5526    | A1 v -> ZN ^ | NAND2_X4 | 0.044 |   3.086 |    2.910 | 
     | datapath/pc_plus_imm/FA_GEN[28].fa_i/g153__8428    | A1 ^ -> ZN v | NAND2_X4 | 0.036 |   3.122 |    2.947 | 
     | datapath/pc_plus_imm/FA_GEN[29].fa_i/g155__5122    | A1 v -> ZN ^ | NAND2_X4 | 0.043 |   3.165 |    2.990 | 
     | datapath/pc_plus_imm/FA_GEN[29].fa_i/g153__2802    | A1 ^ -> ZN v | NAND2_X4 | 0.035 |   3.200 |    3.025 | 
     | datapath/pc_plus_imm/FA_GEN[30].fa_i/g155__1881    | A1 v -> ZN ^ | NAND2_X2 | 0.044 |   3.244 |    3.069 | 
     | datapath/pc_plus_imm/FA_GEN[30].fa_i/g153__6131    | A1 ^ -> ZN v | NAND2_X2 | 0.038 |   3.283 |    3.107 | 
     | datapath/pc_plus_imm/FA_GEN[31].fa_i/FE_RC_270_0   | A1 v -> ZN ^ | NAND2_X1 | 0.046 |   3.328 |    3.153 | 
     | datapath/pc_plus_imm/FA_GEN[31].fa_i/FE_RC_269_0   | A ^ -> ZN v  | OAI21_X1 | 0.049 |   3.377 |    3.202 | 
     | datapath/branch_or_inc_4/g867__8246                | A1 v -> ZN ^ | NAND2_X1 | 0.055 |   3.432 |    3.257 | 
     | datapath/branch_or_inc_4/g822__2346                | A1 ^ -> ZN v | NAND2_X1 | 0.037 |   3.469 |    3.293 | 
     | datapath/FE_RC_298_0                               | A1 v -> ZN ^ | NAND2_X1 | 0.045 |   3.514 |    3.338 | 
     | datapath/FE_RC_297_0                               | A1 ^ -> ZN v | NAND2_X1 | 0.035 |   3.549 |    3.373 | 
     | datapath/IF_pc_reg[31]                             | D v          | DFFR_X2  | 0.000 |   3.549 |    3.373 | 
     +-----------------------------------------------------------------------------------------------------------+ 
Path 6: VIOLATED Setup Check with Pin datapath/IF_pc_reg[30]/CK 
Endpoint:   datapath/IF_pc_reg[30]/D     (v) checked with  leading edge of 'clk'
Beginpoint: datapath/IFID_instr_reg[4]/Q (^) triggered by  leading edge of 'clk'
Path Groups: {reg2reg}
Analysis View: WC_VIEW
Other End Arrival Time          0.610
- Setup                         0.136
+ Phase Shift                   3.000
+ CPPR Adjustment               0.000
- Uncertainty                   0.100
= Required Time                 3.374
- Arrival Time                  3.548
= Slack Time                   -0.174
     Clock Rise Edge                 0.000
     + Clock Network Latency (Prop)  0.065
     = Beginpoint Arrival Time       0.065
     +-----------------------------------------------------------------------------------------------------------+ 
     |                      Instance                      |     Arc      |   Cell   | Delay | Arrival | Required | 
     |                                                    |              |          |       |  Time   |   Time   | 
     |----------------------------------------------------+--------------+----------+-------+---------+----------| 
     | datapath/IFID_instr_reg[4]                         | CK ^         |          |       |   0.065 |   -0.109 | 
     | datapath/IFID_instr_reg[4]                         | CK ^ -> Q ^  | DFFR_X1  | 0.394 |   0.459 |    0.285 | 
     | datapath/immediate_generation/FE_OCPC354_IFID_opco | A ^ -> ZN v  | INV_X1   | 0.035 |   0.495 |    0.320 | 
     | de_4                                               |              |          |       |         |          | 
     | datapath/immediate_generation/g3391__1617          | A1 v -> ZN v | AND2_X2  | 0.095 |   0.589 |    0.415 | 
     | datapath/immediate_generation/g3386__8428          | A1 v -> ZN ^ | NAND2_X4 | 0.049 |   0.638 |    0.464 | 
     | datapath/immediate_generation/g3367__9315          | A1 ^ -> ZN v | NAND2_X2 | 0.042 |   0.681 |    0.506 | 
     | datapath/immediate_generation/g3361__6131          | A1 v -> ZN ^ | NAND2_X1 | 0.061 |   0.741 |    0.567 | 
     | datapath/immediate_generation/g3353__3680          | A1 ^ -> ZN v | NAND2_X2 | 0.054 |   0.796 |    0.621 | 
     | datapath/pc_plus_imm/FA_GEN[2].fa_i/g160           | A v -> ZN ^  | INV_X2   | 0.043 |   0.839 |    0.664 | 
     | datapath/pc_plus_imm/FA_GEN[2].fa_i/g157__8246     | A1 ^ -> ZN v | NAND2_X2 | 0.039 |   0.877 |    0.703 | 
     | datapath/pc_plus_imm/FA_GEN[2].fa_i/g155__1705     | A1 v -> ZN ^ | NAND2_X4 | 0.045 |   0.922 |    0.748 | 
     | datapath/pc_plus_imm/FA_GEN[2].fa_i/g153__1617     | A1 ^ -> ZN v | NAND2_X4 | 0.036 |   0.958 |    0.784 | 
     | datapath/pc_plus_imm/FA_GEN[3].fa_i/g155__5115     | A1 v -> ZN ^ | NAND2_X4 | 0.044 |   1.002 |    0.827 | 
     | datapath/pc_plus_imm/FA_GEN[3].fa_i/g153__6131     | A1 ^ -> ZN v | NAND2_X4 | 0.036 |   1.038 |    0.863 | 
     | datapath/pc_plus_imm/FA_GEN[4].fa_i/g155__2883     | A1 v -> ZN ^ | NAND2_X4 | 0.044 |   1.082 |    0.907 | 
     | datapath/pc_plus_imm/FA_GEN[4].fa_i/g153__9315     | A1 ^ -> ZN v | NAND2_X4 | 0.041 |   1.123 |    0.948 | 
     | datapath/pc_plus_imm/FA_GEN[5].fa_i/g155__2398     | A1 v -> ZN ^ | NAND2_X4 | 0.047 |   1.170 |    0.996 | 
     | datapath/pc_plus_imm/FA_GEN[5].fa_i/g153__6417     | A1 ^ -> ZN v | NAND2_X4 | 0.036 |   1.206 |    1.032 | 
     | datapath/pc_plus_imm/FA_GEN[6].fa_i/g155__6783     | A1 v -> ZN ^ | NAND2_X4 | 0.043 |   1.250 |    1.075 | 
     | datapath/pc_plus_imm/FA_GEN[6].fa_i/g153__8428     | A1 ^ -> ZN v | NAND2_X4 | 0.038 |   1.287 |    1.113 | 
     | datapath/pc_plus_imm/FA_GEN[7].fa_i/g155__8246     | A1 v -> ZN ^ | NAND2_X4 | 0.045 |   1.332 |    1.157 | 
     | datapath/pc_plus_imm/FA_GEN[7].fa_i/g153__1705     | A1 ^ -> ZN v | NAND2_X4 | 0.036 |   1.368 |    1.193 | 
     | datapath/pc_plus_imm/FA_GEN[8].fa_i/g155__4733     | A1 v -> ZN ^ | NAND2_X4 | 0.044 |   1.411 |    1.237 | 
     | datapath/pc_plus_imm/FA_GEN[8].fa_i/g153__5115     | A1 ^ -> ZN v | NAND2_X4 | 0.036 |   1.448 |    1.273 | 
     | datapath/pc_plus_imm/FA_GEN[9].fa_i/g155__2346     | A1 v -> ZN ^ | NAND2_X4 | 0.043 |   1.491 |    1.316 | 
     | datapath/pc_plus_imm/FA_GEN[9].fa_i/g153__9945     | A1 ^ -> ZN v | NAND2_X4 | 0.036 |   1.527 |    1.352 | 
     | datapath/pc_plus_imm/FA_GEN[10].fa_i/g137__2398    | A1 v -> ZN ^ | NAND2_X4 | 0.044 |   1.570 |    1.396 | 
     | datapath/pc_plus_imm/FA_GEN[10].fa_i/g135__6417    | A1 ^ -> ZN v | NAND2_X4 | 0.037 |   1.607 |    1.433 | 
     | datapath/pc_plus_imm/FA_GEN[11].fa_i/g137__5526    | A1 v -> ZN ^ | NAND2_X4 | 0.044 |   1.651 |    1.476 | 
     | datapath/pc_plus_imm/FA_GEN[11].fa_i/g135__4319    | A1 ^ -> ZN v | NAND2_X4 | 0.037 |   1.688 |    1.514 | 
     | datapath/pc_plus_imm/FA_GEN[12].fa_i/g137__1705    | A1 v -> ZN ^ | NAND2_X4 | 0.044 |   1.732 |    1.557 | 
     | datapath/pc_plus_imm/FA_GEN[12].fa_i/g135__1617    | A1 ^ -> ZN v | NAND2_X4 | 0.037 |   1.768 |    1.594 | 
     | datapath/pc_plus_imm/FA_GEN[13].fa_i/g137__1881    | A1 v -> ZN ^ | NAND2_X4 | 0.044 |   1.812 |    1.637 | 
     | datapath/pc_plus_imm/FA_GEN[13].fa_i/g135__7098    | A1 ^ -> ZN v | NAND2_X4 | 0.033 |   1.845 |    1.670 | 
     | datapath/pc_plus_imm/FA_GEN[14].fa_i/g137__9315    | A1 v -> ZN ^ | NAND2_X2 | 0.044 |   1.888 |    1.714 | 
     | datapath/pc_plus_imm/FA_GEN[14].fa_i/g135__4733    | A1 ^ -> ZN v | NAND2_X2 | 0.039 |   1.927 |    1.752 | 
     | datapath/pc_plus_imm/FA_GEN[15].fa_i/g137__7410    | A1 v -> ZN ^ | NAND2_X2 | 0.045 |   1.972 |    1.797 | 
     | datapath/pc_plus_imm/FA_GEN[15].fa_i/g135__2346    | A1 ^ -> ZN v | NAND2_X2 | 0.039 |   2.010 |    1.836 | 
     | datapath/pc_plus_imm/FA_GEN[16].fa_i/g146__6260    | A1 v -> ZN ^ | NAND2_X2 | 0.058 |   2.069 |    1.894 | 
     | datapath/pc_plus_imm/FA_GEN[16].fa_i/g144__2398    | A1 ^ -> ZN v | NAND2_X4 | 0.039 |   2.108 |    1.933 | 
     | datapath/pc_plus_imm/FA_GEN[17].fa_i/g155__6783    | A1 v -> ZN ^ | NAND2_X2 | 0.047 |   2.155 |    1.980 | 
     | datapath/pc_plus_imm/FA_GEN[17].fa_i/g153__5526    | A1 ^ -> ZN v | NAND2_X2 | 0.039 |   2.194 |    2.020 | 
     | datapath/pc_plus_imm/FA_GEN[18].fa_i/g155__5122    | A1 v -> ZN ^ | NAND2_X2 | 0.045 |   2.239 |    2.065 | 
     | datapath/pc_plus_imm/FA_GEN[18].fa_i/g153__1705    | A1 ^ -> ZN v | NAND2_X2 | 0.038 |   2.277 |    2.103 | 
     | datapath/pc_plus_imm/FA_GEN[19].fa_i/g155__5115    | A1 v -> ZN ^ | NAND2_X2 | 0.058 |   2.335 |    2.161 | 
     | datapath/pc_plus_imm/FA_GEN[19].fa_i/g153__1881    | A1 ^ -> ZN v | NAND2_X4 | 0.039 |   2.374 |    2.200 | 
     | datapath/pc_plus_imm/FA_GEN[20].fa_i/g155__9945    | A1 v -> ZN ^ | NAND2_X2 | 0.045 |   2.420 |    2.245 | 
     | datapath/pc_plus_imm/FA_GEN[20].fa_i/g153__9315    | A1 ^ -> ZN v | NAND2_X2 | 0.039 |   2.459 |    2.285 | 
     | datapath/pc_plus_imm/FA_GEN[21].fa_i/g155__6417    | A1 v -> ZN ^ | NAND2_X2 | 0.058 |   2.517 |    2.342 | 
     | datapath/pc_plus_imm/FA_GEN[21].fa_i/g153__7410    | A1 ^ -> ZN v | NAND2_X4 | 0.042 |   2.558 |    2.384 | 
     | datapath/pc_plus_imm/FA_GEN[22].fa_i/FE_RC_402_0   | A1 v -> ZN ^ | NAND2_X4 | 0.044 |   2.603 |    2.428 | 
     | datapath/pc_plus_imm/FA_GEN[22].fa_i/FE_RC_401_0   | A1 ^ -> ZN v | NAND2_X4 | 0.036 |   2.639 |    2.464 | 
     | datapath/pc_plus_imm/FA_GEN[23].fa_i/g155__1617    | A1 v -> ZN ^ | NAND2_X4 | 0.043 |   2.682 |    2.508 | 
     | datapath/pc_plus_imm/FA_GEN[23].fa_i/g153__3680    | A1 ^ -> ZN v | NAND2_X4 | 0.036 |   2.719 |    2.544 | 
     | datapath/pc_plus_imm/FA_GEN[24].fa_i/g155__7098    | A1 v -> ZN ^ | NAND2_X4 | 0.043 |   2.762 |    2.587 | 
     | datapath/pc_plus_imm/FA_GEN[24].fa_i/g153__8246    | A1 ^ -> ZN v | NAND2_X4 | 0.040 |   2.802 |    2.627 | 
     | datapath/pc_plus_imm/FA_GEN[25].fa_i/g155__4733    | A1 v -> ZN ^ | NAND2_X4 | 0.044 |   2.846 |    2.671 | 
     | datapath/pc_plus_imm/FA_GEN[25].fa_i/g153__7482    | A1 ^ -> ZN v | NAND2_X4 | 0.036 |   2.882 |    2.708 | 
     | datapath/pc_plus_imm/FA_GEN[26].fa_i/g155__2346    | A1 v -> ZN ^ | NAND2_X4 | 0.043 |   2.925 |    2.751 | 
     | datapath/pc_plus_imm/FA_GEN[26].fa_i/g153__2883    | A1 ^ -> ZN v | NAND2_X4 | 0.036 |   2.961 |    2.787 | 
     | datapath/pc_plus_imm/FA_GEN[27].fa_i/g155__2398    | A1 v -> ZN ^ | NAND2_X4 | 0.043 |   3.004 |    2.830 | 
     | datapath/pc_plus_imm/FA_GEN[27].fa_i/g153__5477    | A1 ^ -> ZN v | NAND2_X4 | 0.038 |   3.042 |    2.868 | 
     | datapath/pc_plus_imm/FA_GEN[28].fa_i/g155__5526    | A1 v -> ZN ^ | NAND2_X4 | 0.044 |   3.086 |    2.912 | 
     | datapath/pc_plus_imm/FA_GEN[28].fa_i/g153__8428    | A1 ^ -> ZN v | NAND2_X4 | 0.036 |   3.122 |    2.948 | 
     | datapath/pc_plus_imm/FA_GEN[29].fa_i/g155__5122    | A1 v -> ZN ^ | NAND2_X4 | 0.043 |   3.165 |    2.991 | 
     | datapath/pc_plus_imm/FA_GEN[29].fa_i/g153__2802    | A1 ^ -> ZN v | NAND2_X4 | 0.035 |   3.200 |    3.026 | 
     | datapath/pc_plus_imm/FE_OCPC887_cout_30            | A v -> Z v   | BUF_X1   | 0.085 |   3.286 |    3.111 | 
     | datapath/pc_plus_imm/FA_GEN[30].fa_i/FE_RC_332_0   | A1 v -> ZN ^ | NAND2_X1 | 0.045 |   3.331 |    3.156 | 
     | datapath/pc_plus_imm/FA_GEN[30].fa_i/FE_RC_331_0   | A ^ -> ZN v  | OAI21_X1 | 0.052 |   3.382 |    3.208 | 
     | datapath/branch_or_inc_4/g861__6783                | A1 v -> ZN ^ | NAND2_X1 | 0.048 |   3.430 |    3.256 | 
     | datapath/branch_or_inc_4/g833__6783                | A1 ^ -> ZN v | NAND2_X1 | 0.036 |   3.466 |    3.292 | 
     | datapath/FE_RC_390_0                               | A1 v -> ZN ^ | NAND2_X1 | 0.046 |   3.513 |    3.338 | 
     | datapath/FE_RC_389_0                               | A1 ^ -> ZN v | NAND2_X1 | 0.036 |   3.548 |    3.374 | 
     | datapath/IF_pc_reg[30]                             | D v          | DFFR_X1  | 0.000 |   3.548 |    3.374 | 
     +-----------------------------------------------------------------------------------------------------------+ 
Path 7: VIOLATED Setup Check with Pin datapath/IF_pc_reg[29]/CK 
Endpoint:   datapath/IF_pc_reg[29]/D     (^) checked with  leading edge of 'clk'
Beginpoint: datapath/IFID_instr_reg[1]/Q (^) triggered by  leading edge of 'clk'
Path Groups: {reg2reg}
Analysis View: WC_VIEW
Other End Arrival Time          0.548
- Setup                         0.071
+ Phase Shift                   3.000
+ CPPR Adjustment               0.000
- Uncertainty                   0.100
= Required Time                 3.377
- Arrival Time                  3.539
= Slack Time                   -0.162
     Clock Rise Edge                 0.000
     + Clock Network Latency (Prop)  0.069
     = Beginpoint Arrival Time       0.069
     +---------------------------------------------------------------------------------------------------------+ 
     |                     Instance                     |     Arc      |   Cell   | Delay | Arrival | Required | 
     |                                                  |              |          |       |  Time   |   Time   | 
     |--------------------------------------------------+--------------+----------+-------+---------+----------| 
     | datapath/IFID_instr_reg[1]                       | CK ^         |          |       |   0.069 |   -0.093 | 
     | datapath/IFID_instr_reg[1]                       | CK ^ -> Q ^  | DFFR_X1  | 0.426 |   0.495 |    0.333 | 
     | datapath/immediate_generation/FE_RC_399_0        | A1 ^ -> ZN v | NAND2_X2 | 0.071 |   0.566 |    0.404 | 
     | datapath/immediate_generation/FE_OCPC359_n_25    | A v -> ZN ^  | INV_X1   | 0.048 |   0.615 |    0.453 | 
     | datapath/immediate_generation/g3387__5526        | A1 ^ -> ZN v | NAND2_X1 | 0.061 |   0.675 |    0.513 | 
     | datapath/immediate_generation/FE_RC_878_0        | A v -> ZN ^  | INV_X2   | 0.054 |   0.729 |    0.567 | 
     | datapath/immediate_generation/FE_RC_877_0        | A1 ^ -> ZN v | NAND3_X2 | 0.047 |   0.777 |    0.615 | 
     | datapath/immediate_generation/g3342__1666        | A1 v -> ZN ^ | NAND2_X2 | 0.055 |   0.831 |    0.669 | 
     | datapath/pc_plus_imm/FA_GEN[1].fa_i/g36__3680    | A1 ^ -> ZN ^ | AND2_X4  | 0.090 |   0.922 |    0.760 | 
     | datapath/pc_plus_imm/FA_GEN[2].fa_i/g155__1705   | A2 ^ -> ZN v | NAND2_X4 | 0.037 |   0.959 |    0.797 | 
     | datapath/pc_plus_imm/FA_GEN[2].fa_i/g153__1617   | A1 v -> ZN ^ | NAND2_X4 | 0.045 |   1.004 |    0.842 | 
     | datapath/pc_plus_imm/FA_GEN[3].fa_i/g155__5115   | A1 ^ -> ZN v | NAND2_X4 | 0.035 |   1.039 |    0.877 | 
     | datapath/pc_plus_imm/FA_GEN[3].fa_i/g153__6131   | A1 v -> ZN ^ | NAND2_X4 | 0.044 |   1.084 |    0.922 | 
     | datapath/pc_plus_imm/FA_GEN[4].fa_i/g155__2883   | A1 ^ -> ZN v | NAND2_X4 | 0.036 |   1.119 |    0.957 | 
     | datapath/pc_plus_imm/FA_GEN[4].fa_i/g153__9315   | A1 v -> ZN ^ | NAND2_X4 | 0.053 |   1.172 |    1.010 | 
     | datapath/pc_plus_imm/FA_GEN[5].fa_i/g155__2398   | A1 ^ -> ZN v | NAND2_X4 | 0.040 |   1.212 |    1.050 | 
     | datapath/pc_plus_imm/FA_GEN[5].fa_i/g153__6417   | A1 v -> ZN ^ | NAND2_X4 | 0.045 |   1.258 |    1.095 | 
     | datapath/pc_plus_imm/FA_GEN[6].fa_i/g155__6783   | A1 ^ -> ZN v | NAND2_X4 | 0.035 |   1.293 |    1.131 | 
     | datapath/pc_plus_imm/FA_GEN[6].fa_i/g153__8428   | A1 v -> ZN ^ | NAND2_X4 | 0.047 |   1.340 |    1.178 | 
     | datapath/pc_plus_imm/FA_GEN[7].fa_i/g155__8246   | A1 ^ -> ZN v | NAND2_X4 | 0.037 |   1.377 |    1.215 | 
     | datapath/pc_plus_imm/FA_GEN[7].fa_i/g153__1705   | A1 v -> ZN ^ | NAND2_X4 | 0.044 |   1.421 |    1.259 | 
     | datapath/pc_plus_imm/FA_GEN[8].fa_i/g155__4733   | A1 ^ -> ZN v | NAND2_X4 | 0.036 |   1.457 |    1.295 | 
     | datapath/pc_plus_imm/FA_GEN[8].fa_i/g153__5115   | A1 v -> ZN ^ | NAND2_X4 | 0.045 |   1.501 |    1.339 | 
     | datapath/pc_plus_imm/FA_GEN[9].fa_i/g155__2346   | A1 ^ -> ZN v | NAND2_X4 | 0.036 |   1.537 |    1.375 | 
     | datapath/pc_plus_imm/FA_GEN[9].fa_i/g153__9945   | A1 v -> ZN ^ | NAND2_X4 | 0.044 |   1.581 |    1.419 | 
     | datapath/pc_plus_imm/FA_GEN[10].fa_i/g137__2398  | A1 ^ -> ZN v | NAND2_X4 | 0.036 |   1.618 |    1.455 | 
     | datapath/pc_plus_imm/FA_GEN[10].fa_i/g135__6417  | A1 v -> ZN ^ | NAND2_X4 | 0.046 |   1.663 |    1.501 | 
     | datapath/pc_plus_imm/FA_GEN[11].fa_i/g137__5526  | A1 ^ -> ZN v | NAND2_X4 | 0.036 |   1.699 |    1.537 | 
     | datapath/pc_plus_imm/FA_GEN[11].fa_i/g135__4319  | A1 v -> ZN ^ | NAND2_X4 | 0.046 |   1.745 |    1.583 | 
     | datapath/pc_plus_imm/FA_GEN[12].fa_i/g137__1705  | A1 ^ -> ZN v | NAND2_X4 | 0.036 |   1.782 |    1.619 | 
     | datapath/pc_plus_imm/FA_GEN[12].fa_i/g135__1617  | A1 v -> ZN ^ | NAND2_X4 | 0.046 |   1.827 |    1.665 | 
     | datapath/pc_plus_imm/FA_GEN[13].fa_i/g137__1881  | A1 ^ -> ZN v | NAND2_X4 | 0.036 |   1.863 |    1.701 | 
     | datapath/pc_plus_imm/FA_GEN[13].fa_i/g135__7098  | A1 v -> ZN ^ | NAND2_X4 | 0.039 |   1.903 |    1.741 | 
     | datapath/pc_plus_imm/FA_GEN[14].fa_i/g137__9315  | A1 ^ -> ZN v | NAND2_X2 | 0.034 |   1.937 |    1.775 | 
     | datapath/pc_plus_imm/FA_GEN[14].fa_i/g135__4733  | A1 v -> ZN ^ | NAND2_X2 | 0.048 |   1.985 |    1.823 | 
     | datapath/pc_plus_imm/FA_GEN[15].fa_i/g137__7410  | A1 ^ -> ZN v | NAND2_X2 | 0.038 |   2.023 |    1.861 | 
     | datapath/pc_plus_imm/FA_GEN[15].fa_i/g135__2346  | A1 v -> ZN ^ | NAND2_X2 | 0.049 |   2.072 |    1.910 | 
     | datapath/pc_plus_imm/FA_GEN[16].fa_i/g146__6260  | A1 ^ -> ZN v | NAND2_X2 | 0.046 |   2.118 |    1.956 | 
     | datapath/pc_plus_imm/FA_GEN[16].fa_i/g144__2398  | A1 v -> ZN ^ | NAND2_X4 | 0.043 |   2.161 |    1.999 | 
     | datapath/pc_plus_imm/FA_GEN[17].fa_i/g155__6783  | A1 ^ -> ZN v | NAND2_X2 | 0.036 |   2.198 |    2.036 | 
     | datapath/pc_plus_imm/FA_GEN[17].fa_i/g153__5526  | A1 v -> ZN ^ | NAND2_X2 | 0.048 |   2.246 |    2.083 | 
     | datapath/pc_plus_imm/FA_GEN[18].fa_i/g155__5122  | A1 ^ -> ZN v | NAND2_X2 | 0.038 |   2.283 |    2.121 | 
     | datapath/pc_plus_imm/FA_GEN[18].fa_i/g153__1705  | A1 v -> ZN ^ | NAND2_X2 | 0.048 |   2.331 |    2.169 | 
     | datapath/pc_plus_imm/FA_GEN[19].fa_i/g155__5115  | A1 ^ -> ZN v | NAND2_X2 | 0.046 |   2.377 |    2.215 | 
     | datapath/pc_plus_imm/FA_GEN[19].fa_i/g153__1881  | A1 v -> ZN ^ | NAND2_X4 | 0.043 |   2.420 |    2.258 | 
     | datapath/pc_plus_imm/FA_GEN[20].fa_i/g155__9945  | A1 ^ -> ZN v | NAND2_X2 | 0.035 |   2.455 |    2.293 | 
     | datapath/pc_plus_imm/FA_GEN[20].fa_i/g153__9315  | A1 v -> ZN ^ | NAND2_X2 | 0.048 |   2.504 |    2.341 | 
     | datapath/pc_plus_imm/FA_GEN[21].fa_i/g155__6417  | A1 ^ -> ZN v | NAND2_X2 | 0.046 |   2.549 |    2.387 | 
     | datapath/pc_plus_imm/FA_GEN[21].fa_i/g153__7410  | A1 v -> ZN ^ | NAND2_X4 | 0.047 |   2.597 |    2.434 | 
     | datapath/pc_plus_imm/FA_GEN[22].fa_i/FE_RC_402_0 | A1 ^ -> ZN v | NAND2_X4 | 0.036 |   2.632 |    2.470 | 
     | datapath/pc_plus_imm/FA_GEN[22].fa_i/FE_RC_401_0 | A1 v -> ZN ^ | NAND2_X4 | 0.045 |   2.677 |    2.515 | 
     | datapath/pc_plus_imm/FA_GEN[23].fa_i/g155__1617  | A1 ^ -> ZN v | NAND2_X4 | 0.036 |   2.713 |    2.551 | 
     | datapath/pc_plus_imm/FA_GEN[23].fa_i/g153__3680  | A1 v -> ZN ^ | NAND2_X4 | 0.045 |   2.758 |    2.596 | 
     | datapath/pc_plus_imm/FA_GEN[24].fa_i/g155__7098  | A1 ^ -> ZN v | NAND2_X4 | 0.036 |   2.794 |    2.632 | 
     | datapath/pc_plus_imm/FA_GEN[24].fa_i/g153__8246  | A1 v -> ZN ^ | NAND2_X4 | 0.050 |   2.844 |    2.682 | 
     | datapath/pc_plus_imm/FA_GEN[25].fa_i/g155__4733  | A1 ^ -> ZN v | NAND2_X4 | 0.038 |   2.881 |    2.719 | 
     | datapath/pc_plus_imm/FA_GEN[25].fa_i/g153__7482  | A1 v -> ZN ^ | NAND2_X4 | 0.045 |   2.927 |    2.765 | 
     | datapath/pc_plus_imm/FA_GEN[26].fa_i/g155__2346  | A1 ^ -> ZN v | NAND2_X4 | 0.036 |   2.962 |    2.800 | 
     | datapath/pc_plus_imm/FA_GEN[26].fa_i/g153__2883  | A1 v -> ZN ^ | NAND2_X4 | 0.045 |   3.007 |    2.845 | 
     | datapath/pc_plus_imm/FA_GEN[27].fa_i/g155__2398  | A1 ^ -> ZN v | NAND2_X4 | 0.036 |   3.043 |    2.881 | 
     | datapath/pc_plus_imm/FA_GEN[27].fa_i/g153__5477  | A1 v -> ZN ^ | NAND2_X4 | 0.048 |   3.091 |    2.929 | 
     | datapath/pc_plus_imm/FA_GEN[28].fa_i/g155__5526  | A1 ^ -> ZN v | NAND2_X4 | 0.037 |   3.128 |    2.966 | 
     | datapath/pc_plus_imm/FA_GEN[28].fa_i/g153__8428  | A1 v -> ZN ^ | NAND2_X4 | 0.045 |   3.173 |    3.011 | 
     | datapath/pc_plus_imm/FE_OCPC571_cout_29          | A ^ -> Z ^   | BUF_X1   | 0.084 |   3.257 |    3.095 | 
     | datapath/pc_plus_imm/FA_GEN[29].fa_i/FE_RC_814_0 | A1 ^ -> ZN v | NAND2_X1 | 0.039 |   3.296 |    3.134 | 
     | datapath/pc_plus_imm/FA_GEN[29].fa_i/FE_RC_813_0 | A v -> ZN ^  | OAI21_X1 | 0.065 |   3.361 |    3.199 | 
     | datapath/branch_or_inc_4/g866__5122              | A1 ^ -> ZN v | NAND2_X1 | 0.050 |   3.411 |    3.249 | 
     | datapath/branch_or_inc_4/g834__3680              | A1 v -> ZN ^ | NAND2_X1 | 0.051 |   3.462 |    3.300 | 
     | datapath/FE_RC_816_0                             | A1 ^ -> ZN v | NAND2_X1 | 0.037 |   3.499 |    3.337 | 
     | datapath/FE_RC_815_0                             | A1 v -> ZN ^ | NAND2_X1 | 0.040 |   3.539 |    3.377 | 
     | datapath/IF_pc_reg[29]                           | D ^          | DFFR_X1  | 0.000 |   3.539 |    3.377 | 
     +---------------------------------------------------------------------------------------------------------+ 
Path 8: VIOLATED Setup Check with Pin datapath/EXMEM_aluResult_reg[22]/CK 
Endpoint:   datapath/EXMEM_aluResult_reg[22]/D (v) checked with  leading edge 
of 'clk'
Beginpoint: datapath/EXMEM_aluResult_reg[0]/Q  (^) triggered by  leading edge 
of 'clk'
Path Groups: {reg2reg}
Analysis View: WC_VIEW
Other End Arrival Time          0.161
- Setup                         0.136
+ Phase Shift                   3.000
+ CPPR Adjustment               0.000
- Uncertainty                   0.100
= Required Time                 2.925
- Arrival Time                  3.082
= Slack Time                   -0.158
     Clock Rise Edge                 0.000
     + Clock Network Latency (Prop)  0.340
     = Beginpoint Arrival Time       0.340
     +------------------------------------------------------------------------------------------------------------+ 
     |                      Instance                      |     Arc      |   Cell    | Delay | Arrival | Required | 
     |                                                    |              |           |       |  Time   |   Time   | 
     |----------------------------------------------------+--------------+-----------+-------+---------+----------| 
     | datapath/EXMEM_aluResult_reg[0]                    | CK ^         |           |       |   0.340 |    0.182 | 
     | datapath/EXMEM_aluResult_reg[0]                    | CK ^ -> Q ^  | DFFR_X1   | 0.426 |   0.766 |    0.608 | 
     | datapath/FE_RC_791_0                               | B1 ^ -> ZN v | OAI21_X2  | 0.079 |   0.846 |    0.688 | 
     | datapath/FE_RC_790_0                               | A1 v -> ZN ^ | NAND2_X1  | 0.109 |   0.954 |    0.797 | 
     | datapath/FE_RC_158_0                               | A2 ^ -> ZN v | NAND3_X4  | 0.078 |   1.032 |    0.875 | 
     | datapath/ALU_ALU_GEN[0].slice_i_bitAdder/FE_RC_798 | A1 v -> ZN ^ | NAND2_X4  | 0.051 |   1.084 |    0.926 | 
     | _0                                                 |              |           |       |         |          | 
     | datapath/ALU_ALU_GEN[0].slice_i_bitAdder/FE_RC_752 | A1 ^ -> ZN v | NAND2_X4  | 0.036 |   1.120 |    0.962 | 
     | _0                                                 |              |           |       |         |          | 
     | datapath/ALU_ALU_GEN[1].slice_i_bitAdder/FE_RC_781 | A1 v -> ZN ^ | NAND2_X4  | 0.042 |   1.162 |    1.004 | 
     | _0                                                 |              |           |       |         |          | 
     | datapath/ALU_ALU_GEN[1].slice_i_bitAdder/g156__547 | A1 ^ -> ZN v | NAND2_X4  | 0.036 |   1.199 |    1.041 | 
     | 7                                                  |              |           |       |         |          | 
     | datapath/ALU_ALU_GEN[2].slice_i_bitAdder/g158__170 | A1 v -> ZN ^ | NAND2_X4  | 0.044 |   1.242 |    1.085 | 
     | 5                                                  |              |           |       |         |          | 
     | datapath/ALU_ALU_GEN[2].slice_i_bitAdder/g156__161 | A1 ^ -> ZN v | NAND2_X4  | 0.036 |   1.278 |    1.120 | 
     | 7                                                  |              |           |       |         |          | 
     | datapath/ALU_ALU_GEN[3].slice_i_bitAdder/FE_RC_153 | A1 v -> ZN ^ | NAND2_X4  | 0.044 |   1.322 |    1.164 | 
     | _0                                                 |              |           |       |         |          | 
     | datapath/ALU_ALU_GEN[3].slice_i_bitAdder/g156__748 | A1 ^ -> ZN v | NAND2_X4  | 0.036 |   1.358 |    1.200 | 
     | 2                                                  |              |           |       |         |          | 
     | datapath/ALU_ALU_GEN[4].slice_i_bitAdder/g158__239 | A1 v -> ZN ^ | NAND2_X4  | 0.044 |   1.402 |    1.244 | 
     | 8                                                  |              |           |       |         |          | 
     | datapath/ALU_ALU_GEN[4].slice_i_bitAdder/g156__641 | A1 ^ -> ZN v | NAND2_X4  | 0.036 |   1.438 |    1.280 | 
     | 7                                                  |              |           |       |         |          | 
     | datapath/ALU_ALU_GEN[5].slice_i_bitAdder/g158__280 | A1 v -> ZN ^ | NAND2_X4  | 0.043 |   1.481 |    1.323 | 
     | 2                                                  |              |           |       |         |          | 
     | datapath/ALU_ALU_GEN[5].slice_i_bitAdder/g156__368 | A1 ^ -> ZN v | NAND2_X4  | 0.036 |   1.517 |    1.359 | 
     | 0                                                  |              |           |       |         |          | 
     | datapath/ALU_ALU_GEN[6].slice_i_bitAdder/g158__473 | A1 v -> ZN ^ | NAND2_X4  | 0.044 |   1.561 |    1.403 | 
     | 3                                                  |              |           |       |         |          | 
     | datapath/ALU_ALU_GEN[6].slice_i_bitAdder/g156__511 | A1 ^ -> ZN v | NAND2_X4  | 0.036 |   1.596 |    1.438 | 
     | 5                                                  |              |           |       |         |          | 
     | datapath/ALU_ALU_GEN[7].slice_i_bitAdder/g158__547 | A1 v -> ZN ^ | NAND2_X4  | 0.044 |   1.640 |    1.482 | 
     | 7                                                  |              |           |       |         |          | 
     | datapath/ALU_ALU_GEN[7].slice_i_bitAdder/g156__741 | A1 ^ -> ZN v | NAND2_X4  | 0.036 |   1.676 |    1.518 | 
     | 0                                                  |              |           |       |         |          | 
     | datapath/ALU_ALU_GEN[8].slice_i_bitAdder/g158__161 | A1 v -> ZN ^ | NAND2_X4  | 0.044 |   1.720 |    1.562 | 
     | 7                                                  |              |           |       |         |          | 
     | datapath/ALU_ALU_GEN[8].slice_i_bitAdder/g156__678 | A1 ^ -> ZN v | NAND2_X4  | 0.036 |   1.756 |    1.598 | 
     | 3                                                  |              |           |       |         |          | 
     | datapath/ALU_ALU_GEN[9].slice_i_bitAdder/g158__511 | A1 v -> ZN ^ | NAND2_X4  | 0.044 |   1.800 |    1.642 | 
     | 5                                                  |              |           |       |         |          | 
     | datapath/ALU_ALU_GEN[9].slice_i_bitAdder/g156__613 | A1 ^ -> ZN v | NAND2_X4  | 0.037 |   1.837 |    1.679 | 
     | 1                                                  |              |           |       |         |          | 
     | datapath/ALU_ALU_GEN[10].slice_i_bitAdder/g158__16 | A1 v -> ZN ^ | NAND2_X4  | 0.043 |   1.880 |    1.723 | 
     | 66                                                 |              |           |       |         |          | 
     | datapath/ALU_ALU_GEN[10].slice_i_bitAdder/g156__28 | A1 ^ -> ZN v | NAND2_X4  | 0.039 |   1.919 |    1.761 | 
     | 83                                                 |              |           |       |         |          | 
     | datapath/ALU_ALU_GEN[11].slice_i_bitAdder/g158__84 | A1 v -> ZN ^ | NAND2_X4  | 0.044 |   1.963 |    1.806 | 
     | 28                                                 |              |           |       |         |          | 
     | datapath/ALU_ALU_GEN[11].slice_i_bitAdder/g156__62 | A1 ^ -> ZN v | NAND2_X4  | 0.036 |   1.999 |    1.841 | 
     | 60                                                 |              |           |       |         |          | 
     | datapath/ALU_ALU_GEN[12].slice_i_bitAdder/g158__82 | A1 v -> ZN ^ | NAND2_X4  | 0.043 |   2.042 |    1.884 | 
     | 46                                                 |              |           |       |         |          | 
     | datapath/ALU_ALU_GEN[12].slice_i_bitAdder/g156__17 | A1 ^ -> ZN v | NAND2_X4  | 0.037 |   2.079 |    1.921 | 
     | 05                                                 |              |           |       |         |          | 
     | datapath/ALU_ALU_GEN[13].slice_i_bitAdder/g158__61 | A1 v -> ZN ^ | NAND2_X4  | 0.043 |   2.123 |    1.965 | 
     | 61                                                 |              |           |       |         |          | 
     | datapath/ALU_ALU_GEN[13].slice_i_bitAdder/g156__47 | A1 ^ -> ZN v | NAND2_X4  | 0.036 |   2.159 |    2.001 | 
     | 33                                                 |              |           |       |         |          | 
     | datapath/ALU_ALU_GEN[14].slice_i_bitAdder/g158__23 | A1 v -> ZN ^ | NAND2_X4  | 0.043 |   2.202 |    2.044 | 
     | 98                                                 |              |           |       |         |          | 
     | datapath/ALU_ALU_GEN[14].slice_i_bitAdder/g156__54 | A1 ^ -> ZN v | NAND2_X4  | 0.036 |   2.238 |    2.080 | 
     | 77                                                 |              |           |       |         |          | 
     | datapath/ALU_ALU_GEN[15].slice_i_bitAdder/FE_RC_75 | A1 v -> ZN ^ | NAND2_X4  | 0.043 |   2.280 |    2.123 | 
     | 1_0                                                |              |           |       |         |          | 
     | datapath/ALU_ALU_GEN[15].slice_i_bitAdder/g156__16 | A1 ^ -> ZN v | NAND2_X4  | 0.036 |   2.317 |    2.159 | 
     | 17                                                 |              |           |       |         |          | 
     | datapath/ALU_ALU_GEN[16].slice_i_bitAdder/FE_RC_11 | A1 v -> ZN ^ | NAND2_X4  | 0.043 |   2.360 |    2.202 | 
     | 6_0                                                |              |           |       |         |          | 
     | datapath/ALU_ALU_GEN[16].slice_i_bitAdder/FE_RC_11 | A1 ^ -> ZN v | NAND2_X4  | 0.038 |   2.398 |    2.240 | 
     | 5_0                                                |              |           |       |         |          | 
     | datapath/ALU_ALU_GEN[17].slice_i_bitAdder/g155__54 | A1 v -> ZN ^ | NAND2_X4  | 0.043 |   2.441 |    2.283 | 
     | 77                                                 |              |           |       |         |          | 
     | datapath/ALU_ALU_GEN[17].slice_i_bitAdder/g153__64 | A1 ^ -> ZN v | NAND2_X4  | 0.036 |   2.476 |    2.319 | 
     | 17                                                 |              |           |       |         |          | 
     | datapath/ALU_ALU_GEN[18].slice_i_bitAdder/g158__36 | A1 v -> ZN ^ | NAND2_X4  | 0.043 |   2.519 |    2.362 | 
     | 80                                                 |              |           |       |         |          | 
     | datapath/ALU_ALU_GEN[18].slice_i_bitAdder/g156__67 | A1 ^ -> ZN v | NAND2_X4  | 0.036 |   2.556 |    2.398 | 
     | 83                                                 |              |           |       |         |          | 
     | datapath/ALU_ALU_GEN[19].slice_i_bitAdder/g158__18 | A1 v -> ZN ^ | NAND2_X4  | 0.043 |   2.599 |    2.441 | 
     | 81                                                 |              |           |       |         |          | 
     | datapath/ALU_ALU_GEN[19].slice_i_bitAdder/g156__61 | A1 ^ -> ZN v | NAND2_X4  | 0.036 |   2.635 |    2.477 | 
     | 31                                                 |              |           |       |         |          | 
     | datapath/ALU_ALU_GEN[20].slice_i_bitAdder/FE_RC_15 | A1 v -> ZN ^ | NAND2_X4  | 0.043 |   2.678 |    2.520 | 
     | 2_0                                                |              |           |       |         |          | 
     | datapath/ALU_ALU_GEN[20].slice_i_bitAdder/g156__28 | A1 ^ -> ZN v | NAND2_X4  | 0.036 |   2.714 |    2.556 | 
     | 83                                                 |              |           |       |         |          | 
     | datapath/ALU_ALU_GEN[21].slice_i_bitAdder/g155__43 | A1 v -> ZN ^ | NAND2_X4  | 0.043 |   2.757 |    2.599 | 
     | 19                                                 |              |           |       |         |          | 
     | datapath/ALU_ALU_GEN[21].slice_i_bitAdder/g153__62 | A1 ^ -> ZN v | NAND2_X4  | 0.039 |   2.796 |    2.638 | 
     | 60                                                 |              |           |       |         |          | 
     | datapath/FE_OCPC381_ALU_cout_22                    | A v -> Z v   | CLKBUF_X1 | 0.102 |   2.898 |    2.740 | 
     | datapath/ALU_ALU_GEN[22].slice_i_bitAdder/FE_RC_46 | A1 v -> ZN ^ | NAND2_X1  | 0.050 |   2.948 |    2.790 | 
     | 9_0                                                |              |           |       |         |          | 
     | datapath/ALU_ALU_GEN[22].slice_i_bitAdder/FE_RC_46 | A ^ -> ZN v  | OAI21_X1  | 0.049 |   2.997 |    2.839 | 
     | 8_0                                                |              |           |       |         |          | 
     | datapath/ALU_ALU_GEN[22].slice_i_resultMux/FE_RC_7 | A1 v -> ZN ^ | NAND2_X1  | 0.049 |   3.045 |    2.888 | 
     | 43_0                                               |              |           |       |         |          | 
     | datapath/ALU_ALU_GEN[22].slice_i_resultMux/g145__1 | A1 ^ -> ZN v | NAND2_X1  | 0.037 |   3.082 |    2.925 | 
     | 881                                                |              |           |       |         |          | 
     | datapath/EXMEM_aluResult_reg[22]                   | D v          | DFFR_X1   | 0.000 |   3.082 |    2.925 | 
     +------------------------------------------------------------------------------------------------------------+ 
Path 9: VIOLATED Setup Check with Pin datapath/EXMEM_aluResult_reg[29]/CK 
Endpoint:   datapath/EXMEM_aluResult_reg[29]/D (v) checked with  leading edge 
of 'clk'
Beginpoint: datapath/EXMEM_aluResult_reg[0]/Q  (^) triggered by  leading edge 
of 'clk'
Path Groups: {reg2reg}
Analysis View: WC_VIEW
Other End Arrival Time          0.723
- Setup                         0.134
+ Phase Shift                   3.000
+ CPPR Adjustment               0.000
- Uncertainty                   0.100
= Required Time                 3.489
- Arrival Time                  3.641
= Slack Time                   -0.152
     Clock Rise Edge                 0.000
     + Clock Network Latency (Prop)  0.340
     = Beginpoint Arrival Time       0.340
     +------------------------------------------------------------------------------------------------------------+ 
     |                      Instance                      |     Arc      |   Cell    | Delay | Arrival | Required | 
     |                                                    |              |           |       |  Time   |   Time   | 
     |----------------------------------------------------+--------------+-----------+-------+---------+----------| 
     | datapath/EXMEM_aluResult_reg[0]                    | CK ^         |           |       |   0.340 |    0.188 | 
     | datapath/EXMEM_aluResult_reg[0]                    | CK ^ -> Q ^  | DFFR_X1   | 0.426 |   0.766 |    0.614 | 
     | datapath/FE_RC_791_0                               | B1 ^ -> ZN v | OAI21_X2  | 0.079 |   0.846 |    0.694 | 
     | datapath/FE_RC_790_0                               | A1 v -> ZN ^ | NAND2_X1  | 0.109 |   0.954 |    0.802 | 
     | datapath/FE_RC_158_0                               | A2 ^ -> ZN v | NAND3_X4  | 0.078 |   1.032 |    0.880 | 
     | datapath/ALU_ALU_GEN[0].slice_i_bitAdder/FE_RC_798 | A1 v -> ZN ^ | NAND2_X4  | 0.051 |   1.084 |    0.932 | 
     | _0                                                 |              |           |       |         |          | 
     | datapath/ALU_ALU_GEN[0].slice_i_bitAdder/FE_RC_752 | A1 ^ -> ZN v | NAND2_X4  | 0.036 |   1.120 |    0.968 | 
     | _0                                                 |              |           |       |         |          | 
     | datapath/ALU_ALU_GEN[1].slice_i_bitAdder/FE_RC_781 | A1 v -> ZN ^ | NAND2_X4  | 0.042 |   1.162 |    1.010 | 
     | _0                                                 |              |           |       |         |          | 
     | datapath/ALU_ALU_GEN[1].slice_i_bitAdder/g156__547 | A1 ^ -> ZN v | NAND2_X4  | 0.036 |   1.199 |    1.046 | 
     | 7                                                  |              |           |       |         |          | 
     | datapath/ALU_ALU_GEN[2].slice_i_bitAdder/g158__170 | A1 v -> ZN ^ | NAND2_X4  | 0.044 |   1.242 |    1.090 | 
     | 5                                                  |              |           |       |         |          | 
     | datapath/ALU_ALU_GEN[2].slice_i_bitAdder/g156__161 | A1 ^ -> ZN v | NAND2_X4  | 0.036 |   1.278 |    1.126 | 
     | 7                                                  |              |           |       |         |          | 
     | datapath/ALU_ALU_GEN[3].slice_i_bitAdder/FE_RC_153 | A1 v -> ZN ^ | NAND2_X4  | 0.044 |   1.322 |    1.170 | 
     | _0                                                 |              |           |       |         |          | 
     | datapath/ALU_ALU_GEN[3].slice_i_bitAdder/g156__748 | A1 ^ -> ZN v | NAND2_X4  | 0.036 |   1.358 |    1.206 | 
     | 2                                                  |              |           |       |         |          | 
     | datapath/ALU_ALU_GEN[4].slice_i_bitAdder/g158__239 | A1 v -> ZN ^ | NAND2_X4  | 0.044 |   1.402 |    1.250 | 
     | 8                                                  |              |           |       |         |          | 
     | datapath/ALU_ALU_GEN[4].slice_i_bitAdder/g156__641 | A1 ^ -> ZN v | NAND2_X4  | 0.036 |   1.438 |    1.286 | 
     | 7                                                  |              |           |       |         |          | 
     | datapath/ALU_ALU_GEN[5].slice_i_bitAdder/g158__280 | A1 v -> ZN ^ | NAND2_X4  | 0.043 |   1.481 |    1.329 | 
     | 2                                                  |              |           |       |         |          | 
     | datapath/ALU_ALU_GEN[5].slice_i_bitAdder/g156__368 | A1 ^ -> ZN v | NAND2_X4  | 0.036 |   1.517 |    1.365 | 
     | 0                                                  |              |           |       |         |          | 
     | datapath/ALU_ALU_GEN[6].slice_i_bitAdder/g158__473 | A1 v -> ZN ^ | NAND2_X4  | 0.044 |   1.561 |    1.409 | 
     | 3                                                  |              |           |       |         |          | 
     | datapath/ALU_ALU_GEN[6].slice_i_bitAdder/g156__511 | A1 ^ -> ZN v | NAND2_X4  | 0.036 |   1.596 |    1.444 | 
     | 5                                                  |              |           |       |         |          | 
     | datapath/ALU_ALU_GEN[7].slice_i_bitAdder/g158__547 | A1 v -> ZN ^ | NAND2_X4  | 0.044 |   1.640 |    1.488 | 
     | 7                                                  |              |           |       |         |          | 
     | datapath/ALU_ALU_GEN[7].slice_i_bitAdder/g156__741 | A1 ^ -> ZN v | NAND2_X4  | 0.036 |   1.676 |    1.524 | 
     | 0                                                  |              |           |       |         |          | 
     | datapath/ALU_ALU_GEN[8].slice_i_bitAdder/g158__161 | A1 v -> ZN ^ | NAND2_X4  | 0.044 |   1.720 |    1.568 | 
     | 7                                                  |              |           |       |         |          | 
     | datapath/ALU_ALU_GEN[8].slice_i_bitAdder/g156__678 | A1 ^ -> ZN v | NAND2_X4  | 0.036 |   1.756 |    1.604 | 
     | 3                                                  |              |           |       |         |          | 
     | datapath/ALU_ALU_GEN[9].slice_i_bitAdder/g158__511 | A1 v -> ZN ^ | NAND2_X4  | 0.044 |   1.800 |    1.648 | 
     | 5                                                  |              |           |       |         |          | 
     | datapath/ALU_ALU_GEN[9].slice_i_bitAdder/g156__613 | A1 ^ -> ZN v | NAND2_X4  | 0.037 |   1.837 |    1.685 | 
     | 1                                                  |              |           |       |         |          | 
     | datapath/ALU_ALU_GEN[10].slice_i_bitAdder/g158__16 | A1 v -> ZN ^ | NAND2_X4  | 0.043 |   1.880 |    1.728 | 
     | 66                                                 |              |           |       |         |          | 
     | datapath/ALU_ALU_GEN[10].slice_i_bitAdder/g156__28 | A1 ^ -> ZN v | NAND2_X4  | 0.039 |   1.919 |    1.767 | 
     | 83                                                 |              |           |       |         |          | 
     | datapath/ALU_ALU_GEN[11].slice_i_bitAdder/g158__84 | A1 v -> ZN ^ | NAND2_X4  | 0.044 |   1.963 |    1.811 | 
     | 28                                                 |              |           |       |         |          | 
     | datapath/ALU_ALU_GEN[11].slice_i_bitAdder/g156__62 | A1 ^ -> ZN v | NAND2_X4  | 0.036 |   1.999 |    1.847 | 
     | 60                                                 |              |           |       |         |          | 
     | datapath/ALU_ALU_GEN[12].slice_i_bitAdder/g158__82 | A1 v -> ZN ^ | NAND2_X4  | 0.043 |   2.042 |    1.890 | 
     | 46                                                 |              |           |       |         |          | 
     | datapath/ALU_ALU_GEN[12].slice_i_bitAdder/g156__17 | A1 ^ -> ZN v | NAND2_X4  | 0.037 |   2.079 |    1.927 | 
     | 05                                                 |              |           |       |         |          | 
     | datapath/ALU_ALU_GEN[13].slice_i_bitAdder/g158__61 | A1 v -> ZN ^ | NAND2_X4  | 0.043 |   2.123 |    1.970 | 
     | 61                                                 |              |           |       |         |          | 
     | datapath/ALU_ALU_GEN[13].slice_i_bitAdder/g156__47 | A1 ^ -> ZN v | NAND2_X4  | 0.036 |   2.159 |    2.007 | 
     | 33                                                 |              |           |       |         |          | 
     | datapath/ALU_ALU_GEN[14].slice_i_bitAdder/g158__23 | A1 v -> ZN ^ | NAND2_X4  | 0.043 |   2.202 |    2.050 | 
     | 98                                                 |              |           |       |         |          | 
     | datapath/ALU_ALU_GEN[14].slice_i_bitAdder/g156__54 | A1 ^ -> ZN v | NAND2_X4  | 0.036 |   2.238 |    2.086 | 
     | 77                                                 |              |           |       |         |          | 
     | datapath/ALU_ALU_GEN[15].slice_i_bitAdder/FE_RC_75 | A1 v -> ZN ^ | NAND2_X4  | 0.043 |   2.280 |    2.128 | 
     | 1_0                                                |              |           |       |         |          | 
     | datapath/ALU_ALU_GEN[15].slice_i_bitAdder/g156__16 | A1 ^ -> ZN v | NAND2_X4  | 0.036 |   2.317 |    2.165 | 
     | 17                                                 |              |           |       |         |          | 
     | datapath/ALU_ALU_GEN[16].slice_i_bitAdder/FE_RC_11 | A1 v -> ZN ^ | NAND2_X4  | 0.043 |   2.360 |    2.208 | 
     | 6_0                                                |              |           |       |         |          | 
     | datapath/ALU_ALU_GEN[16].slice_i_bitAdder/FE_RC_11 | A1 ^ -> ZN v | NAND2_X4  | 0.038 |   2.398 |    2.246 | 
     | 5_0                                                |              |           |       |         |          | 
     | datapath/ALU_ALU_GEN[17].slice_i_bitAdder/g155__54 | A1 v -> ZN ^ | NAND2_X4  | 0.043 |   2.441 |    2.288 | 
     | 77                                                 |              |           |       |         |          | 
     | datapath/ALU_ALU_GEN[17].slice_i_bitAdder/g153__64 | A1 ^ -> ZN v | NAND2_X4  | 0.036 |   2.476 |    2.324 | 
     | 17                                                 |              |           |       |         |          | 
     | datapath/ALU_ALU_GEN[18].slice_i_bitAdder/g158__36 | A1 v -> ZN ^ | NAND2_X4  | 0.043 |   2.519 |    2.367 | 
     | 80                                                 |              |           |       |         |          | 
     | datapath/ALU_ALU_GEN[18].slice_i_bitAdder/g156__67 | A1 ^ -> ZN v | NAND2_X4  | 0.036 |   2.556 |    2.404 | 
     | 83                                                 |              |           |       |         |          | 
     | datapath/ALU_ALU_GEN[19].slice_i_bitAdder/g158__18 | A1 v -> ZN ^ | NAND2_X4  | 0.043 |   2.599 |    2.447 | 
     | 81                                                 |              |           |       |         |          | 
     | datapath/ALU_ALU_GEN[19].slice_i_bitAdder/g156__61 | A1 ^ -> ZN v | NAND2_X4  | 0.036 |   2.635 |    2.483 | 
     | 31                                                 |              |           |       |         |          | 
     | datapath/ALU_ALU_GEN[20].slice_i_bitAdder/FE_RC_15 | A1 v -> ZN ^ | NAND2_X4  | 0.043 |   2.678 |    2.525 | 
     | 2_0                                                |              |           |       |         |          | 
     | datapath/ALU_ALU_GEN[20].slice_i_bitAdder/g156__28 | A1 ^ -> ZN v | NAND2_X4  | 0.036 |   2.714 |    2.562 | 
     | 83                                                 |              |           |       |         |          | 
     | datapath/ALU_ALU_GEN[21].slice_i_bitAdder/g155__43 | A1 v -> ZN ^ | NAND2_X4  | 0.043 |   2.757 |    2.605 | 
     | 19                                                 |              |           |       |         |          | 
     | datapath/ALU_ALU_GEN[21].slice_i_bitAdder/g153__62 | A1 ^ -> ZN v | NAND2_X4  | 0.039 |   2.796 |    2.644 | 
     | 60                                                 |              |           |       |         |          | 
     | datapath/ALU_ALU_GEN[22].slice_i_bitAdder/g158__51 | A1 v -> ZN ^ | NAND2_X4  | 0.044 |   2.840 |    2.688 | 
     | 22                                                 |              |           |       |         |          | 
     | datapath/ALU_ALU_GEN[22].slice_i_bitAdder/g156__17 | A1 ^ -> ZN v | NAND2_X4  | 0.037 |   2.877 |    2.725 | 
     | 05                                                 |              |           |       |         |          | 
     | datapath/ALU_ALU_GEN[23].slice_i_bitAdder/g158__61 | A1 v -> ZN ^ | NAND2_X4  | 0.043 |   2.921 |    2.768 | 
     | 61                                                 |              |           |       |         |          | 
     | datapath/ALU_ALU_GEN[23].slice_i_bitAdder/g156__47 | A1 ^ -> ZN v | NAND2_X4  | 0.036 |   2.957 |    2.804 | 
     | 33                                                 |              |           |       |         |          | 
     | datapath/ALU_ALU_GEN[24].slice_i_bitAdder/g158__54 | A1 v -> ZN ^ | NAND2_X4  | 0.043 |   2.999 |    2.847 | 
     | 77                                                 |              |           |       |         |          | 
     | datapath/ALU_ALU_GEN[24].slice_i_bitAdder/g156__64 | A1 ^ -> ZN v | NAND2_X4  | 0.040 |   3.040 |    2.887 | 
     | 17                                                 |              |           |       |         |          | 
     | datapath/ALU_ALU_GEN[25].slice_i_bitAdder/g158__36 | A1 v -> ZN ^ | NAND2_X4  | 0.045 |   3.084 |    2.932 | 
     | 80                                                 |              |           |       |         |          | 
     | datapath/ALU_ALU_GEN[25].slice_i_bitAdder/g156__67 | A1 ^ -> ZN v | NAND2_X4  | 0.036 |   3.120 |    2.968 | 
     | 83                                                 |              |           |       |         |          | 
     | datapath/ALU_ALU_GEN[26].slice_i_bitAdder/g158__51 | A1 v -> ZN ^ | NAND2_X4  | 0.043 |   3.163 |    3.011 | 
     | 15                                                 |              |           |       |         |          | 
     | datapath/ALU_ALU_GEN[26].slice_i_bitAdder/g156__61 | A1 ^ -> ZN v | NAND2_X4  | 0.036 |   3.199 |    3.047 | 
     | 31                                                 |              |           |       |         |          | 
     | datapath/ALU_ALU_GEN[27].slice_i_bitAdder/g158__64 | A1 v -> ZN ^ | NAND2_X4  | 0.043 |   3.242 |    3.090 | 
     | 17                                                 |              |           |       |         |          | 
     | datapath/ALU_ALU_GEN[27].slice_i_bitAdder/g156__16 | A1 ^ -> ZN v | NAND2_X4  | 0.036 |   3.278 |    3.125 | 
     | 66                                                 |              |           |       |         |          | 
     | datapath/ALU_ALU_GEN[28].slice_i_bitAdder/g158__16 | A1 v -> ZN ^ | NAND2_X4  | 0.043 |   3.320 |    3.168 | 
     | 17                                                 |              |           |       |         |          | 
     | datapath/ALU_ALU_GEN[28].slice_i_bitAdder/g156__67 | A1 ^ -> ZN v | NAND2_X4  | 0.036 |   3.356 |    3.204 | 
     | 83                                                 |              |           |       |         |          | 
     | datapath/FE_OCPC391_ALU_cout_29                    | A v -> Z v   | CLKBUF_X1 | 0.100 |   3.456 |    3.304 | 
     | datapath/ALU_ALU_GEN[29].slice_i_bitAdder/FE_RC_42 | A1 v -> ZN ^ | NAND2_X1  | 0.050 |   3.506 |    3.354 | 
     | 1_0                                                |              |           |       |         |          | 
     | datapath/ALU_ALU_GEN[29].slice_i_bitAdder/FE_RC_42 | A ^ -> ZN v  | OAI21_X1  | 0.049 |   3.555 |    3.403 | 
     | 0_0                                                |              |           |       |         |          | 
     | datapath/ALU_ALU_GEN[29].slice_i_resultMux/FE_RC_4 | A1 v -> ZN ^ | NAND2_X1  | 0.050 |   3.605 |    3.453 | 
     | 22_0                                               |              |           |       |         |          | 
     | datapath/ALU_ALU_GEN[29].slice_i_resultMux/g151__9 | A1 ^ -> ZN v | NAND2_X1  | 0.036 |   3.641 |    3.489 | 
     | 945                                                |              |           |       |         |          | 
     | datapath/EXMEM_aluResult_reg[29]                   | D v          | DFFR_X1   | 0.000 |   3.641 |    3.489 | 
     +------------------------------------------------------------------------------------------------------------+ 
Path 10: VIOLATED Setup Check with Pin datapath/IF_pc_reg[28]/CK 
Endpoint:   datapath/IF_pc_reg[28]/D     (v) checked with  leading edge of 'clk'
Beginpoint: datapath/IFID_instr_reg[4]/Q (^) triggered by  leading edge of 'clk'
Path Groups: {reg2reg}
Analysis View: WC_VIEW
Other End Arrival Time          0.547
- Setup                         0.148
+ Phase Shift                   3.000
+ CPPR Adjustment               0.000
- Uncertainty                   0.100
= Required Time                 3.299
- Arrival Time                  3.399
= Slack Time                   -0.100
     Clock Rise Edge                 0.000
     + Clock Network Latency (Prop)  0.065
     = Beginpoint Arrival Time       0.065
     +-----------------------------------------------------------------------------------------------------------+ 
     |                      Instance                      |     Arc      |   Cell   | Delay | Arrival | Required | 
     |                                                    |              |          |       |  Time   |   Time   | 
     |----------------------------------------------------+--------------+----------+-------+---------+----------| 
     | datapath/IFID_instr_reg[4]                         | CK ^         |          |       |   0.065 |   -0.035 | 
     | datapath/IFID_instr_reg[4]                         | CK ^ -> Q ^  | DFFR_X1  | 0.394 |   0.459 |    0.360 | 
     | datapath/immediate_generation/FE_OCPC354_IFID_opco | A ^ -> ZN v  | INV_X1   | 0.035 |   0.495 |    0.395 | 
     | de_4                                               |              |          |       |         |          | 
     | datapath/immediate_generation/g3391__1617          | A1 v -> ZN v | AND2_X2  | 0.095 |   0.589 |    0.490 | 
     | datapath/immediate_generation/g3386__8428          | A1 v -> ZN ^ | NAND2_X4 | 0.049 |   0.638 |    0.539 | 
     | datapath/immediate_generation/g3367__9315          | A1 ^ -> ZN v | NAND2_X2 | 0.042 |   0.681 |    0.581 | 
     | datapath/immediate_generation/g3361__6131          | A1 v -> ZN ^ | NAND2_X1 | 0.061 |   0.741 |    0.641 | 
     | datapath/immediate_generation/g3353__3680          | A1 ^ -> ZN v | NAND2_X2 | 0.054 |   0.796 |    0.696 | 
     | datapath/pc_plus_imm/FA_GEN[2].fa_i/g160           | A v -> ZN ^  | INV_X2   | 0.043 |   0.839 |    0.739 | 
     | datapath/pc_plus_imm/FA_GEN[2].fa_i/g157__8246     | A1 ^ -> ZN v | NAND2_X2 | 0.039 |   0.877 |    0.778 | 
     | datapath/pc_plus_imm/FA_GEN[2].fa_i/g155__1705     | A1 v -> ZN ^ | NAND2_X4 | 0.045 |   0.922 |    0.822 | 
     | datapath/pc_plus_imm/FA_GEN[2].fa_i/g153__1617     | A1 ^ -> ZN v | NAND2_X4 | 0.036 |   0.958 |    0.858 | 
     | datapath/pc_plus_imm/FA_GEN[3].fa_i/g155__5115     | A1 v -> ZN ^ | NAND2_X4 | 0.044 |   1.002 |    0.902 | 
     | datapath/pc_plus_imm/FA_GEN[3].fa_i/g153__6131     | A1 ^ -> ZN v | NAND2_X4 | 0.036 |   1.038 |    0.938 | 
     | datapath/pc_plus_imm/FA_GEN[4].fa_i/g155__2883     | A1 v -> ZN ^ | NAND2_X4 | 0.044 |   1.082 |    0.982 | 
     | datapath/pc_plus_imm/FA_GEN[4].fa_i/g153__9315     | A1 ^ -> ZN v | NAND2_X4 | 0.041 |   1.123 |    1.023 | 
     | datapath/pc_plus_imm/FA_GEN[5].fa_i/g155__2398     | A1 v -> ZN ^ | NAND2_X4 | 0.047 |   1.170 |    1.070 | 
     | datapath/pc_plus_imm/FA_GEN[5].fa_i/g153__6417     | A1 ^ -> ZN v | NAND2_X4 | 0.036 |   1.206 |    1.106 | 
     | datapath/pc_plus_imm/FA_GEN[6].fa_i/g155__6783     | A1 v -> ZN ^ | NAND2_X4 | 0.043 |   1.250 |    1.150 | 
     | datapath/pc_plus_imm/FA_GEN[6].fa_i/g153__8428     | A1 ^ -> ZN v | NAND2_X4 | 0.038 |   1.287 |    1.187 | 
     | datapath/pc_plus_imm/FA_GEN[7].fa_i/g155__8246     | A1 v -> ZN ^ | NAND2_X4 | 0.045 |   1.332 |    1.232 | 
     | datapath/pc_plus_imm/FA_GEN[7].fa_i/g153__1705     | A1 ^ -> ZN v | NAND2_X4 | 0.036 |   1.368 |    1.268 | 
     | datapath/pc_plus_imm/FA_GEN[8].fa_i/g155__4733     | A1 v -> ZN ^ | NAND2_X4 | 0.044 |   1.411 |    1.311 | 
     | datapath/pc_plus_imm/FA_GEN[8].fa_i/g153__5115     | A1 ^ -> ZN v | NAND2_X4 | 0.036 |   1.448 |    1.348 | 
     | datapath/pc_plus_imm/FA_GEN[9].fa_i/g155__2346     | A1 v -> ZN ^ | NAND2_X4 | 0.043 |   1.491 |    1.391 | 
     | datapath/pc_plus_imm/FA_GEN[9].fa_i/g153__9945     | A1 ^ -> ZN v | NAND2_X4 | 0.036 |   1.527 |    1.427 | 
     | datapath/pc_plus_imm/FA_GEN[10].fa_i/g137__2398    | A1 v -> ZN ^ | NAND2_X4 | 0.044 |   1.570 |    1.471 | 
     | datapath/pc_plus_imm/FA_GEN[10].fa_i/g135__6417    | A1 ^ -> ZN v | NAND2_X4 | 0.037 |   1.607 |    1.508 | 
     | datapath/pc_plus_imm/FA_GEN[11].fa_i/g137__5526    | A1 v -> ZN ^ | NAND2_X4 | 0.044 |   1.651 |    1.551 | 
     | datapath/pc_plus_imm/FA_GEN[11].fa_i/g135__4319    | A1 ^ -> ZN v | NAND2_X4 | 0.037 |   1.688 |    1.588 | 
     | datapath/pc_plus_imm/FA_GEN[12].fa_i/g137__1705    | A1 v -> ZN ^ | NAND2_X4 | 0.044 |   1.732 |    1.632 | 
     | datapath/pc_plus_imm/FA_GEN[12].fa_i/g135__1617    | A1 ^ -> ZN v | NAND2_X4 | 0.037 |   1.768 |    1.668 | 
     | datapath/pc_plus_imm/FA_GEN[13].fa_i/g137__1881    | A1 v -> ZN ^ | NAND2_X4 | 0.044 |   1.812 |    1.712 | 
     | datapath/pc_plus_imm/FA_GEN[13].fa_i/g135__7098    | A1 ^ -> ZN v | NAND2_X4 | 0.033 |   1.845 |    1.745 | 
     | datapath/pc_plus_imm/FA_GEN[14].fa_i/g137__9315    | A1 v -> ZN ^ | NAND2_X2 | 0.044 |   1.888 |    1.788 | 
     | datapath/pc_plus_imm/FA_GEN[14].fa_i/g135__4733    | A1 ^ -> ZN v | NAND2_X2 | 0.039 |   1.927 |    1.827 | 
     | datapath/pc_plus_imm/FA_GEN[15].fa_i/g137__7410    | A1 v -> ZN ^ | NAND2_X2 | 0.045 |   1.972 |    1.872 | 
     | datapath/pc_plus_imm/FA_GEN[15].fa_i/g135__2346    | A1 ^ -> ZN v | NAND2_X2 | 0.039 |   2.010 |    1.911 | 
     | datapath/pc_plus_imm/FA_GEN[16].fa_i/g146__6260    | A1 v -> ZN ^ | NAND2_X2 | 0.058 |   2.069 |    1.969 | 
     | datapath/pc_plus_imm/FA_GEN[16].fa_i/g144__2398    | A1 ^ -> ZN v | NAND2_X4 | 0.039 |   2.108 |    2.008 | 
     | datapath/pc_plus_imm/FA_GEN[17].fa_i/g155__6783    | A1 v -> ZN ^ | NAND2_X2 | 0.047 |   2.155 |    2.055 | 
     | datapath/pc_plus_imm/FA_GEN[17].fa_i/g153__5526    | A1 ^ -> ZN v | NAND2_X2 | 0.039 |   2.194 |    2.095 | 
     | datapath/pc_plus_imm/FA_GEN[18].fa_i/g155__5122    | A1 v -> ZN ^ | NAND2_X2 | 0.045 |   2.239 |    2.139 | 
     | datapath/pc_plus_imm/FA_GEN[18].fa_i/g153__1705    | A1 ^ -> ZN v | NAND2_X2 | 0.038 |   2.277 |    2.178 | 
     | datapath/pc_plus_imm/FA_GEN[19].fa_i/g155__5115    | A1 v -> ZN ^ | NAND2_X2 | 0.058 |   2.335 |    2.236 | 
     | datapath/pc_plus_imm/FA_GEN[19].fa_i/g153__1881    | A1 ^ -> ZN v | NAND2_X4 | 0.039 |   2.374 |    2.274 | 
     | datapath/pc_plus_imm/FA_GEN[20].fa_i/g155__9945    | A1 v -> ZN ^ | NAND2_X2 | 0.045 |   2.420 |    2.320 | 
     | datapath/pc_plus_imm/FA_GEN[20].fa_i/g153__9315    | A1 ^ -> ZN v | NAND2_X2 | 0.039 |   2.459 |    2.359 | 
     | datapath/pc_plus_imm/FA_GEN[21].fa_i/g155__6417    | A1 v -> ZN ^ | NAND2_X2 | 0.058 |   2.517 |    2.417 | 
     | datapath/pc_plus_imm/FA_GEN[21].fa_i/g153__7410    | A1 ^ -> ZN v | NAND2_X4 | 0.042 |   2.558 |    2.459 | 
     | datapath/pc_plus_imm/FA_GEN[22].fa_i/FE_RC_402_0   | A1 v -> ZN ^ | NAND2_X4 | 0.044 |   2.603 |    2.503 | 
     | datapath/pc_plus_imm/FA_GEN[22].fa_i/FE_RC_401_0   | A1 ^ -> ZN v | NAND2_X4 | 0.036 |   2.639 |    2.539 | 
     | datapath/pc_plus_imm/FA_GEN[23].fa_i/g155__1617    | A1 v -> ZN ^ | NAND2_X4 | 0.043 |   2.682 |    2.582 | 
     | datapath/pc_plus_imm/FA_GEN[23].fa_i/g153__3680    | A1 ^ -> ZN v | NAND2_X4 | 0.036 |   2.719 |    2.619 | 
     | datapath/pc_plus_imm/FA_GEN[24].fa_i/g155__7098    | A1 v -> ZN ^ | NAND2_X4 | 0.043 |   2.762 |    2.662 | 
     | datapath/pc_plus_imm/FA_GEN[24].fa_i/g153__8246    | A1 ^ -> ZN v | NAND2_X4 | 0.040 |   2.802 |    2.702 | 
     | datapath/pc_plus_imm/FA_GEN[25].fa_i/g155__4733    | A1 v -> ZN ^ | NAND2_X4 | 0.044 |   2.846 |    2.746 | 
     | datapath/pc_plus_imm/FA_GEN[25].fa_i/g153__7482    | A1 ^ -> ZN v | NAND2_X4 | 0.036 |   2.882 |    2.782 | 
     | datapath/pc_plus_imm/FA_GEN[26].fa_i/g155__2346    | A1 v -> ZN ^ | NAND2_X4 | 0.043 |   2.925 |    2.825 | 
     | datapath/pc_plus_imm/FA_GEN[26].fa_i/g153__2883    | A1 ^ -> ZN v | NAND2_X4 | 0.036 |   2.961 |    2.861 | 
     | datapath/pc_plus_imm/FA_GEN[27].fa_i/g155__2398    | A1 v -> ZN ^ | NAND2_X4 | 0.043 |   3.004 |    2.904 | 
     | datapath/pc_plus_imm/FA_GEN[27].fa_i/g153__5477    | A1 ^ -> ZN v | NAND2_X4 | 0.038 |   3.042 |    2.942 | 
     | datapath/pc_plus_imm/FA_GEN[28].fa_i/g2__1617      | A v -> Z v   | XOR2_X1  | 0.177 |   3.219 |    3.120 | 
     | datapath/branch_or_inc_4/g864__2802                | A1 v -> ZN ^ | NAND2_X1 | 0.054 |   3.274 |    3.174 | 
     | datapath/branch_or_inc_4/g816__7482                | A1 ^ -> ZN v | NAND2_X1 | 0.038 |   3.312 |    3.212 | 
     | datapath/g38883                                    | A v -> ZN ^  | INV_X1   | 0.051 |   3.363 |    3.263 | 
     | datapath/g38750                                    | B1 ^ -> ZN v | OAI21_X2 | 0.036 |   3.399 |    3.299 | 
     | datapath/IF_pc_reg[28]                             | D v          | DFFR_X1  | 0.000 |   3.399 |    3.299 | 
     +-----------------------------------------------------------------------------------------------------------+ 
Path 11: VIOLATED Setup Check with Pin datapath/IF_pc_reg[26]/CK 
Endpoint:   datapath/IF_pc_reg[26]/D     (v) checked with  leading edge of 'clk'
Beginpoint: datapath/IFID_instr_reg[4]/Q (^) triggered by  leading edge of 'clk'
Path Groups: {reg2reg}
Analysis View: WC_VIEW
Other End Arrival Time          0.378
- Setup                         0.136
+ Phase Shift                   3.000
+ CPPR Adjustment               0.000
- Uncertainty                   0.100
= Required Time                 3.142
- Arrival Time                  3.241
= Slack Time                   -0.099
     Clock Rise Edge                 0.000
     + Clock Network Latency (Prop)  0.065
     = Beginpoint Arrival Time       0.065
     +-----------------------------------------------------------------------------------------------------------+ 
     |                      Instance                      |     Arc      |   Cell   | Delay | Arrival | Required | 
     |                                                    |              |          |       |  Time   |   Time   | 
     |----------------------------------------------------+--------------+----------+-------+---------+----------| 
     | datapath/IFID_instr_reg[4]                         | CK ^         |          |       |   0.065 |   -0.034 | 
     | datapath/IFID_instr_reg[4]                         | CK ^ -> Q ^  | DFFR_X1  | 0.394 |   0.459 |    0.360 | 
     | datapath/immediate_generation/FE_OCPC354_IFID_opco | A ^ -> ZN v  | INV_X1   | 0.035 |   0.495 |    0.395 | 
     | de_4                                               |              |          |       |         |          | 
     | datapath/immediate_generation/g3391__1617          | A1 v -> ZN v | AND2_X2  | 0.095 |   0.589 |    0.490 | 
     | datapath/immediate_generation/g3386__8428          | A1 v -> ZN ^ | NAND2_X4 | 0.049 |   0.638 |    0.539 | 
     | datapath/immediate_generation/g3367__9315          | A1 ^ -> ZN v | NAND2_X2 | 0.042 |   0.681 |    0.581 | 
     | datapath/immediate_generation/g3361__6131          | A1 v -> ZN ^ | NAND2_X1 | 0.061 |   0.741 |    0.642 | 
     | datapath/immediate_generation/g3353__3680          | A1 ^ -> ZN v | NAND2_X2 | 0.054 |   0.796 |    0.696 | 
     | datapath/pc_plus_imm/FA_GEN[2].fa_i/g160           | A v -> ZN ^  | INV_X2   | 0.043 |   0.839 |    0.739 | 
     | datapath/pc_plus_imm/FA_GEN[2].fa_i/g157__8246     | A1 ^ -> ZN v | NAND2_X2 | 0.039 |   0.877 |    0.778 | 
     | datapath/pc_plus_imm/FA_GEN[2].fa_i/g155__1705     | A1 v -> ZN ^ | NAND2_X4 | 0.045 |   0.922 |    0.823 | 
     | datapath/pc_plus_imm/FA_GEN[2].fa_i/g153__1617     | A1 ^ -> ZN v | NAND2_X4 | 0.036 |   0.958 |    0.859 | 
     | datapath/pc_plus_imm/FA_GEN[3].fa_i/g155__5115     | A1 v -> ZN ^ | NAND2_X4 | 0.044 |   1.002 |    0.902 | 
     | datapath/pc_plus_imm/FA_GEN[3].fa_i/g153__6131     | A1 ^ -> ZN v | NAND2_X4 | 0.036 |   1.038 |    0.938 | 
     | datapath/pc_plus_imm/FA_GEN[4].fa_i/g155__2883     | A1 v -> ZN ^ | NAND2_X4 | 0.044 |   1.082 |    0.982 | 
     | datapath/pc_plus_imm/FA_GEN[4].fa_i/g153__9315     | A1 ^ -> ZN v | NAND2_X4 | 0.041 |   1.123 |    1.023 | 
     | datapath/pc_plus_imm/FA_GEN[5].fa_i/g155__2398     | A1 v -> ZN ^ | NAND2_X4 | 0.047 |   1.170 |    1.070 | 
     | datapath/pc_plus_imm/FA_GEN[5].fa_i/g153__6417     | A1 ^ -> ZN v | NAND2_X4 | 0.036 |   1.206 |    1.107 | 
     | datapath/pc_plus_imm/FA_GEN[6].fa_i/g155__6783     | A1 v -> ZN ^ | NAND2_X4 | 0.043 |   1.250 |    1.150 | 
     | datapath/pc_plus_imm/FA_GEN[6].fa_i/g153__8428     | A1 ^ -> ZN v | NAND2_X4 | 0.038 |   1.287 |    1.188 | 
     | datapath/pc_plus_imm/FA_GEN[7].fa_i/g155__8246     | A1 v -> ZN ^ | NAND2_X4 | 0.045 |   1.332 |    1.232 | 
     | datapath/pc_plus_imm/FA_GEN[7].fa_i/g153__1705     | A1 ^ -> ZN v | NAND2_X4 | 0.036 |   1.368 |    1.268 | 
     | datapath/pc_plus_imm/FA_GEN[8].fa_i/g155__4733     | A1 v -> ZN ^ | NAND2_X4 | 0.044 |   1.411 |    1.312 | 
     | datapath/pc_plus_imm/FA_GEN[8].fa_i/g153__5115     | A1 ^ -> ZN v | NAND2_X4 | 0.036 |   1.448 |    1.348 | 
     | datapath/pc_plus_imm/FA_GEN[9].fa_i/g155__2346     | A1 v -> ZN ^ | NAND2_X4 | 0.043 |   1.491 |    1.391 | 
     | datapath/pc_plus_imm/FA_GEN[9].fa_i/g153__9945     | A1 ^ -> ZN v | NAND2_X4 | 0.036 |   1.527 |    1.427 | 
     | datapath/pc_plus_imm/FA_GEN[10].fa_i/g137__2398    | A1 v -> ZN ^ | NAND2_X4 | 0.044 |   1.570 |    1.471 | 
     | datapath/pc_plus_imm/FA_GEN[10].fa_i/g135__6417    | A1 ^ -> ZN v | NAND2_X4 | 0.037 |   1.607 |    1.508 | 
     | datapath/pc_plus_imm/FA_GEN[11].fa_i/g137__5526    | A1 v -> ZN ^ | NAND2_X4 | 0.044 |   1.651 |    1.551 | 
     | datapath/pc_plus_imm/FA_GEN[11].fa_i/g135__4319    | A1 ^ -> ZN v | NAND2_X4 | 0.037 |   1.688 |    1.588 | 
     | datapath/pc_plus_imm/FA_GEN[12].fa_i/g137__1705    | A1 v -> ZN ^ | NAND2_X4 | 0.044 |   1.732 |    1.632 | 
     | datapath/pc_plus_imm/FA_GEN[12].fa_i/g135__1617    | A1 ^ -> ZN v | NAND2_X4 | 0.037 |   1.768 |    1.669 | 
     | datapath/pc_plus_imm/FA_GEN[13].fa_i/g137__1881    | A1 v -> ZN ^ | NAND2_X4 | 0.044 |   1.812 |    1.712 | 
     | datapath/pc_plus_imm/FA_GEN[13].fa_i/g135__7098    | A1 ^ -> ZN v | NAND2_X4 | 0.033 |   1.845 |    1.745 | 
     | datapath/pc_plus_imm/FA_GEN[14].fa_i/g137__9315    | A1 v -> ZN ^ | NAND2_X2 | 0.044 |   1.888 |    1.789 | 
     | datapath/pc_plus_imm/FA_GEN[14].fa_i/g135__4733    | A1 ^ -> ZN v | NAND2_X2 | 0.039 |   1.927 |    1.827 | 
     | datapath/pc_plus_imm/FA_GEN[15].fa_i/g137__7410    | A1 v -> ZN ^ | NAND2_X2 | 0.045 |   1.972 |    1.872 | 
     | datapath/pc_plus_imm/FA_GEN[15].fa_i/g135__2346    | A1 ^ -> ZN v | NAND2_X2 | 0.039 |   2.010 |    1.911 | 
     | datapath/pc_plus_imm/FA_GEN[16].fa_i/g146__6260    | A1 v -> ZN ^ | NAND2_X2 | 0.058 |   2.069 |    1.969 | 
     | datapath/pc_plus_imm/FA_GEN[16].fa_i/g144__2398    | A1 ^ -> ZN v | NAND2_X4 | 0.039 |   2.108 |    2.008 | 
     | datapath/pc_plus_imm/FA_GEN[17].fa_i/g155__6783    | A1 v -> ZN ^ | NAND2_X2 | 0.047 |   2.155 |    2.055 | 
     | datapath/pc_plus_imm/FA_GEN[17].fa_i/g153__5526    | A1 ^ -> ZN v | NAND2_X2 | 0.039 |   2.194 |    2.095 | 
     | datapath/pc_plus_imm/FA_GEN[18].fa_i/g155__5122    | A1 v -> ZN ^ | NAND2_X2 | 0.045 |   2.239 |    2.140 | 
     | datapath/pc_plus_imm/FA_GEN[18].fa_i/g153__1705    | A1 ^ -> ZN v | NAND2_X2 | 0.038 |   2.277 |    2.178 | 
     | datapath/pc_plus_imm/FA_GEN[19].fa_i/g155__5115    | A1 v -> ZN ^ | NAND2_X2 | 0.058 |   2.335 |    2.236 | 
     | datapath/pc_plus_imm/FA_GEN[19].fa_i/g153__1881    | A1 ^ -> ZN v | NAND2_X4 | 0.039 |   2.374 |    2.275 | 
     | datapath/pc_plus_imm/FA_GEN[20].fa_i/g155__9945    | A1 v -> ZN ^ | NAND2_X2 | 0.045 |   2.420 |    2.320 | 
     | datapath/pc_plus_imm/FA_GEN[20].fa_i/g153__9315    | A1 ^ -> ZN v | NAND2_X2 | 0.039 |   2.459 |    2.359 | 
     | datapath/pc_plus_imm/FA_GEN[21].fa_i/g155__6417    | A1 v -> ZN ^ | NAND2_X2 | 0.058 |   2.517 |    2.417 | 
     | datapath/pc_plus_imm/FA_GEN[21].fa_i/g153__7410    | A1 ^ -> ZN v | NAND2_X4 | 0.042 |   2.558 |    2.459 | 
     | datapath/pc_plus_imm/FA_GEN[22].fa_i/FE_RC_402_0   | A1 v -> ZN ^ | NAND2_X4 | 0.044 |   2.603 |    2.503 | 
     | datapath/pc_plus_imm/FA_GEN[22].fa_i/FE_RC_401_0   | A1 ^ -> ZN v | NAND2_X4 | 0.036 |   2.639 |    2.539 | 
     | datapath/pc_plus_imm/FA_GEN[23].fa_i/g155__1617    | A1 v -> ZN ^ | NAND2_X4 | 0.043 |   2.682 |    2.583 | 
     | datapath/pc_plus_imm/FA_GEN[23].fa_i/g153__3680    | A1 ^ -> ZN v | NAND2_X4 | 0.036 |   2.719 |    2.619 | 
     | datapath/pc_plus_imm/FA_GEN[24].fa_i/g155__7098    | A1 v -> ZN ^ | NAND2_X4 | 0.043 |   2.762 |    2.662 | 
     | datapath/pc_plus_imm/FA_GEN[24].fa_i/g153__8246    | A1 ^ -> ZN v | NAND2_X4 | 0.040 |   2.802 |    2.702 | 
     | datapath/pc_plus_imm/FA_GEN[25].fa_i/g155__4733    | A1 v -> ZN ^ | NAND2_X4 | 0.044 |   2.846 |    2.746 | 
     | datapath/pc_plus_imm/FA_GEN[25].fa_i/g153__7482    | A1 ^ -> ZN v | NAND2_X4 | 0.036 |   2.882 |    2.783 | 
     | datapath/pc_plus_imm/FE_OCPC517_cout_26            | A v -> Z v   | BUF_X1   | 0.096 |   2.978 |    2.878 | 
     | datapath/pc_plus_imm/FA_GEN[26].fa_i/FE_RC_431_0   | A1 v -> ZN ^ | NAND2_X1 | 0.046 |   3.024 |    2.925 | 
     | datapath/pc_plus_imm/FA_GEN[26].fa_i/FE_RC_430_0   | A ^ -> ZN v  | OAI21_X1 | 0.049 |   3.074 |    2.974 | 
     | datapath/branch_or_inc_4/g872__7482                | A1 v -> ZN ^ | NAND2_X1 | 0.048 |   3.121 |    3.022 | 
     | datapath/branch_or_inc_4/g837__1705                | A1 ^ -> ZN v | NAND2_X1 | 0.038 |   3.159 |    3.060 | 
     | datapath/FE_RC_825_0                               | A1 v -> ZN ^ | NAND2_X1 | 0.045 |   3.205 |    3.105 | 
     | datapath/FE_RC_824_0                               | A1 ^ -> ZN v | NAND2_X1 | 0.036 |   3.241 |    3.142 | 
     | datapath/IF_pc_reg[26]                             | D v          | DFFR_X1  | 0.000 |   3.241 |    3.142 | 
     +-----------------------------------------------------------------------------------------------------------+ 
Path 12: VIOLATED Setup Check with Pin datapath/EXMEM_aluResult_reg[23]/CK 
Endpoint:   datapath/EXMEM_aluResult_reg[23]/D (v) checked with  leading edge 
of 'clk'
Beginpoint: datapath/EXMEM_aluResult_reg[0]/Q  (^) triggered by  leading edge 
of 'clk'
Path Groups: {reg2reg}
Analysis View: WC_VIEW
Other End Arrival Time          0.326
- Setup                         0.136
+ Phase Shift                   3.000
+ CPPR Adjustment               0.000
- Uncertainty                   0.100
= Required Time                 3.090
- Arrival Time                  3.165
= Slack Time                   -0.075
     Clock Rise Edge                 0.000
     + Clock Network Latency (Prop)  0.340
     = Beginpoint Arrival Time       0.340
     +------------------------------------------------------------------------------------------------------------+ 
     |                      Instance                      |     Arc      |   Cell    | Delay | Arrival | Required | 
     |                                                    |              |           |       |  Time   |   Time   | 
     |----------------------------------------------------+--------------+-----------+-------+---------+----------| 
     | datapath/EXMEM_aluResult_reg[0]                    | CK ^         |           |       |   0.340 |    0.265 | 
     | datapath/EXMEM_aluResult_reg[0]                    | CK ^ -> Q ^  | DFFR_X1   | 0.426 |   0.766 |    0.691 | 
     | datapath/FE_RC_791_0                               | B1 ^ -> ZN v | OAI21_X2  | 0.079 |   0.846 |    0.771 | 
     | datapath/FE_RC_790_0                               | A1 v -> ZN ^ | NAND2_X1  | 0.109 |   0.954 |    0.879 | 
     | datapath/FE_RC_158_0                               | A2 ^ -> ZN v | NAND3_X4  | 0.078 |   1.032 |    0.957 | 
     | datapath/ALU_ALU_GEN[0].slice_i_bitAdder/FE_RC_798 | A1 v -> ZN ^ | NAND2_X4  | 0.051 |   1.084 |    1.009 | 
     | _0                                                 |              |           |       |         |          | 
     | datapath/ALU_ALU_GEN[0].slice_i_bitAdder/FE_RC_752 | A1 ^ -> ZN v | NAND2_X4  | 0.036 |   1.120 |    1.045 | 
     | _0                                                 |              |           |       |         |          | 
     | datapath/ALU_ALU_GEN[1].slice_i_bitAdder/FE_RC_781 | A1 v -> ZN ^ | NAND2_X4  | 0.042 |   1.162 |    1.087 | 
     | _0                                                 |              |           |       |         |          | 
     | datapath/ALU_ALU_GEN[1].slice_i_bitAdder/g156__547 | A1 ^ -> ZN v | NAND2_X4  | 0.036 |   1.199 |    1.123 | 
     | 7                                                  |              |           |       |         |          | 
     | datapath/ALU_ALU_GEN[2].slice_i_bitAdder/g158__170 | A1 v -> ZN ^ | NAND2_X4  | 0.044 |   1.242 |    1.167 | 
     | 5                                                  |              |           |       |         |          | 
     | datapath/ALU_ALU_GEN[2].slice_i_bitAdder/g156__161 | A1 ^ -> ZN v | NAND2_X4  | 0.036 |   1.278 |    1.203 | 
     | 7                                                  |              |           |       |         |          | 
     | datapath/ALU_ALU_GEN[3].slice_i_bitAdder/FE_RC_153 | A1 v -> ZN ^ | NAND2_X4  | 0.044 |   1.322 |    1.247 | 
     | _0                                                 |              |           |       |         |          | 
     | datapath/ALU_ALU_GEN[3].slice_i_bitAdder/g156__748 | A1 ^ -> ZN v | NAND2_X4  | 0.036 |   1.358 |    1.283 | 
     | 2                                                  |              |           |       |         |          | 
     | datapath/ALU_ALU_GEN[4].slice_i_bitAdder/g158__239 | A1 v -> ZN ^ | NAND2_X4  | 0.044 |   1.402 |    1.327 | 
     | 8                                                  |              |           |       |         |          | 
     | datapath/ALU_ALU_GEN[4].slice_i_bitAdder/g156__641 | A1 ^ -> ZN v | NAND2_X4  | 0.036 |   1.438 |    1.363 | 
     | 7                                                  |              |           |       |         |          | 
     | datapath/ALU_ALU_GEN[5].slice_i_bitAdder/g158__280 | A1 v -> ZN ^ | NAND2_X4  | 0.043 |   1.481 |    1.405 | 
     | 2                                                  |              |           |       |         |          | 
     | datapath/ALU_ALU_GEN[5].slice_i_bitAdder/g156__368 | A1 ^ -> ZN v | NAND2_X4  | 0.036 |   1.517 |    1.442 | 
     | 0                                                  |              |           |       |         |          | 
     | datapath/ALU_ALU_GEN[6].slice_i_bitAdder/g158__473 | A1 v -> ZN ^ | NAND2_X4  | 0.044 |   1.561 |    1.485 | 
     | 3                                                  |              |           |       |         |          | 
     | datapath/ALU_ALU_GEN[6].slice_i_bitAdder/g156__511 | A1 ^ -> ZN v | NAND2_X4  | 0.036 |   1.596 |    1.521 | 
     | 5                                                  |              |           |       |         |          | 
     | datapath/ALU_ALU_GEN[7].slice_i_bitAdder/g158__547 | A1 v -> ZN ^ | NAND2_X4  | 0.044 |   1.640 |    1.565 | 
     | 7                                                  |              |           |       |         |          | 
     | datapath/ALU_ALU_GEN[7].slice_i_bitAdder/g156__741 | A1 ^ -> ZN v | NAND2_X4  | 0.036 |   1.676 |    1.601 | 
     | 0                                                  |              |           |       |         |          | 
     | datapath/ALU_ALU_GEN[8].slice_i_bitAdder/g158__161 | A1 v -> ZN ^ | NAND2_X4  | 0.044 |   1.720 |    1.644 | 
     | 7                                                  |              |           |       |         |          | 
     | datapath/ALU_ALU_GEN[8].slice_i_bitAdder/g156__678 | A1 ^ -> ZN v | NAND2_X4  | 0.036 |   1.756 |    1.680 | 
     | 3                                                  |              |           |       |         |          | 
     | datapath/ALU_ALU_GEN[9].slice_i_bitAdder/g158__511 | A1 v -> ZN ^ | NAND2_X4  | 0.044 |   1.800 |    1.725 | 
     | 5                                                  |              |           |       |         |          | 
     | datapath/ALU_ALU_GEN[9].slice_i_bitAdder/g156__613 | A1 ^ -> ZN v | NAND2_X4  | 0.037 |   1.837 |    1.762 | 
     | 1                                                  |              |           |       |         |          | 
     | datapath/ALU_ALU_GEN[10].slice_i_bitAdder/g158__16 | A1 v -> ZN ^ | NAND2_X4  | 0.043 |   1.880 |    1.805 | 
     | 66                                                 |              |           |       |         |          | 
     | datapath/ALU_ALU_GEN[10].slice_i_bitAdder/g156__28 | A1 ^ -> ZN v | NAND2_X4  | 0.039 |   1.919 |    1.844 | 
     | 83                                                 |              |           |       |         |          | 
     | datapath/ALU_ALU_GEN[11].slice_i_bitAdder/g158__84 | A1 v -> ZN ^ | NAND2_X4  | 0.044 |   1.963 |    1.888 | 
     | 28                                                 |              |           |       |         |          | 
     | datapath/ALU_ALU_GEN[11].slice_i_bitAdder/g156__62 | A1 ^ -> ZN v | NAND2_X4  | 0.036 |   1.999 |    1.924 | 
     | 60                                                 |              |           |       |         |          | 
     | datapath/ALU_ALU_GEN[12].slice_i_bitAdder/g158__82 | A1 v -> ZN ^ | NAND2_X4  | 0.043 |   2.042 |    1.967 | 
     | 46                                                 |              |           |       |         |          | 
     | datapath/ALU_ALU_GEN[12].slice_i_bitAdder/g156__17 | A1 ^ -> ZN v | NAND2_X4  | 0.037 |   2.079 |    2.004 | 
     | 05                                                 |              |           |       |         |          | 
     | datapath/ALU_ALU_GEN[13].slice_i_bitAdder/g158__61 | A1 v -> ZN ^ | NAND2_X4  | 0.043 |   2.123 |    2.047 | 
     | 61                                                 |              |           |       |         |          | 
     | datapath/ALU_ALU_GEN[13].slice_i_bitAdder/g156__47 | A1 ^ -> ZN v | NAND2_X4  | 0.036 |   2.159 |    2.084 | 
     | 33                                                 |              |           |       |         |          | 
     | datapath/ALU_ALU_GEN[14].slice_i_bitAdder/g158__23 | A1 v -> ZN ^ | NAND2_X4  | 0.043 |   2.202 |    2.127 | 
     | 98                                                 |              |           |       |         |          | 
     | datapath/ALU_ALU_GEN[14].slice_i_bitAdder/g156__54 | A1 ^ -> ZN v | NAND2_X4  | 0.036 |   2.238 |    2.162 | 
     | 77                                                 |              |           |       |         |          | 
     | datapath/ALU_ALU_GEN[15].slice_i_bitAdder/FE_RC_75 | A1 v -> ZN ^ | NAND2_X4  | 0.043 |   2.280 |    2.205 | 
     | 1_0                                                |              |           |       |         |          | 
     | datapath/ALU_ALU_GEN[15].slice_i_bitAdder/g156__16 | A1 ^ -> ZN v | NAND2_X4  | 0.036 |   2.317 |    2.242 | 
     | 17                                                 |              |           |       |         |          | 
     | datapath/ALU_ALU_GEN[16].slice_i_bitAdder/FE_RC_11 | A1 v -> ZN ^ | NAND2_X4  | 0.043 |   2.360 |    2.284 | 
     | 6_0                                                |              |           |       |         |          | 
     | datapath/ALU_ALU_GEN[16].slice_i_bitAdder/FE_RC_11 | A1 ^ -> ZN v | NAND2_X4  | 0.038 |   2.398 |    2.322 | 
     | 5_0                                                |              |           |       |         |          | 
     | datapath/ALU_ALU_GEN[17].slice_i_bitAdder/g155__54 | A1 v -> ZN ^ | NAND2_X4  | 0.043 |   2.441 |    2.365 | 
     | 77                                                 |              |           |       |         |          | 
     | datapath/ALU_ALU_GEN[17].slice_i_bitAdder/g153__64 | A1 ^ -> ZN v | NAND2_X4  | 0.036 |   2.476 |    2.401 | 
     | 17                                                 |              |           |       |         |          | 
     | datapath/ALU_ALU_GEN[18].slice_i_bitAdder/g158__36 | A1 v -> ZN ^ | NAND2_X4  | 0.043 |   2.519 |    2.444 | 
     | 80                                                 |              |           |       |         |          | 
     | datapath/ALU_ALU_GEN[18].slice_i_bitAdder/g156__67 | A1 ^ -> ZN v | NAND2_X4  | 0.036 |   2.556 |    2.481 | 
     | 83                                                 |              |           |       |         |          | 
     | datapath/ALU_ALU_GEN[19].slice_i_bitAdder/g158__18 | A1 v -> ZN ^ | NAND2_X4  | 0.043 |   2.599 |    2.523 | 
     | 81                                                 |              |           |       |         |          | 
     | datapath/ALU_ALU_GEN[19].slice_i_bitAdder/g156__61 | A1 ^ -> ZN v | NAND2_X4  | 0.036 |   2.635 |    2.559 | 
     | 31                                                 |              |           |       |         |          | 
     | datapath/ALU_ALU_GEN[20].slice_i_bitAdder/FE_RC_15 | A1 v -> ZN ^ | NAND2_X4  | 0.043 |   2.678 |    2.602 | 
     | 2_0                                                |              |           |       |         |          | 
     | datapath/ALU_ALU_GEN[20].slice_i_bitAdder/g156__28 | A1 ^ -> ZN v | NAND2_X4  | 0.036 |   2.714 |    2.639 | 
     | 83                                                 |              |           |       |         |          | 
     | datapath/ALU_ALU_GEN[21].slice_i_bitAdder/g155__43 | A1 v -> ZN ^ | NAND2_X4  | 0.043 |   2.757 |    2.682 | 
     | 19                                                 |              |           |       |         |          | 
     | datapath/ALU_ALU_GEN[21].slice_i_bitAdder/g153__62 | A1 ^ -> ZN v | NAND2_X4  | 0.039 |   2.796 |    2.721 | 
     | 60                                                 |              |           |       |         |          | 
     | datapath/ALU_ALU_GEN[22].slice_i_bitAdder/g158__51 | A1 v -> ZN ^ | NAND2_X4  | 0.044 |   2.840 |    2.765 | 
     | 22                                                 |              |           |       |         |          | 
     | datapath/ALU_ALU_GEN[22].slice_i_bitAdder/g156__17 | A1 ^ -> ZN v | NAND2_X4  | 0.037 |   2.877 |    2.802 | 
     | 05                                                 |              |           |       |         |          | 
     | datapath/FE_OCPC380_ALU_cout_23                    | A v -> Z v   | CLKBUF_X1 | 0.101 |   2.978 |    2.903 | 
     | datapath/ALU_ALU_GEN[23].slice_i_bitAdder/FE_RC_45 | A1 v -> ZN ^ | NAND2_X1  | 0.050 |   3.027 |    2.952 | 
     | 6_0                                                |              |           |       |         |          | 
     | datapath/ALU_ALU_GEN[23].slice_i_bitAdder/FE_RC_45 | A ^ -> ZN v  | OAI21_X1  | 0.050 |   3.077 |    3.002 | 
     | 5_0                                                |              |           |       |         |          | 
     | datapath/ALU_ALU_GEN[23].slice_i_resultMux/FE_RC_8 | A1 v -> ZN ^ | NAND2_X1  | 0.050 |   3.128 |    3.052 | 
     | 64_0                                               |              |           |       |         |          | 
     | datapath/ALU_ALU_GEN[23].slice_i_resultMux/g145__2 | A1 ^ -> ZN v | NAND2_X1  | 0.038 |   3.165 |    3.090 | 
     | 346                                                |              |           |       |         |          | 
     | datapath/EXMEM_aluResult_reg[23]                   | D v          | DFFR_X1   | 0.000 |   3.165 |    3.090 | 
     +------------------------------------------------------------------------------------------------------------+ 
Path 13: VIOLATED Setup Check with Pin datapath/EXMEM_aluResult_reg[28]/CK 
Endpoint:   datapath/EXMEM_aluResult_reg[28]/D (v) checked with  leading edge 
of 'clk'
Beginpoint: datapath/EXMEM_aluResult_reg[0]/Q  (^) triggered by  leading edge 
of 'clk'
Path Groups: {reg2reg}
Analysis View: WC_VIEW
Other End Arrival Time          0.723
- Setup                         0.135
+ Phase Shift                   3.000
+ CPPR Adjustment               0.000
- Uncertainty                   0.100
= Required Time                 3.489
- Arrival Time                  3.562
= Slack Time                   -0.074
     Clock Rise Edge                 0.000
     + Clock Network Latency (Prop)  0.340
     = Beginpoint Arrival Time       0.340
     +------------------------------------------------------------------------------------------------------------+ 
     |                      Instance                      |     Arc      |   Cell    | Delay | Arrival | Required | 
     |                                                    |              |           |       |  Time   |   Time   | 
     |----------------------------------------------------+--------------+-----------+-------+---------+----------| 
     | datapath/EXMEM_aluResult_reg[0]                    | CK ^         |           |       |   0.340 |    0.266 | 
     | datapath/EXMEM_aluResult_reg[0]                    | CK ^ -> Q ^  | DFFR_X1   | 0.426 |   0.766 |    0.692 | 
     | datapath/FE_RC_791_0                               | B1 ^ -> ZN v | OAI21_X2  | 0.079 |   0.846 |    0.772 | 
     | datapath/FE_RC_790_0                               | A1 v -> ZN ^ | NAND2_X1  | 0.109 |   0.954 |    0.880 | 
     | datapath/FE_RC_158_0                               | A2 ^ -> ZN v | NAND3_X4  | 0.078 |   1.032 |    0.959 | 
     | datapath/ALU_ALU_GEN[0].slice_i_bitAdder/FE_RC_798 | A1 v -> ZN ^ | NAND2_X4  | 0.051 |   1.084 |    1.010 | 
     | _0                                                 |              |           |       |         |          | 
     | datapath/ALU_ALU_GEN[0].slice_i_bitAdder/FE_RC_752 | A1 ^ -> ZN v | NAND2_X4  | 0.036 |   1.120 |    1.046 | 
     | _0                                                 |              |           |       |         |          | 
     | datapath/ALU_ALU_GEN[1].slice_i_bitAdder/FE_RC_781 | A1 v -> ZN ^ | NAND2_X4  | 0.042 |   1.162 |    1.088 | 
     | _0                                                 |              |           |       |         |          | 
     | datapath/ALU_ALU_GEN[1].slice_i_bitAdder/g156__547 | A1 ^ -> ZN v | NAND2_X4  | 0.036 |   1.199 |    1.125 | 
     | 7                                                  |              |           |       |         |          | 
     | datapath/ALU_ALU_GEN[2].slice_i_bitAdder/g158__170 | A1 v -> ZN ^ | NAND2_X4  | 0.044 |   1.242 |    1.168 | 
     | 5                                                  |              |           |       |         |          | 
     | datapath/ALU_ALU_GEN[2].slice_i_bitAdder/g156__161 | A1 ^ -> ZN v | NAND2_X4  | 0.036 |   1.278 |    1.204 | 
     | 7                                                  |              |           |       |         |          | 
     | datapath/ALU_ALU_GEN[3].slice_i_bitAdder/FE_RC_153 | A1 v -> ZN ^ | NAND2_X4  | 0.044 |   1.322 |    1.248 | 
     | _0                                                 |              |           |       |         |          | 
     | datapath/ALU_ALU_GEN[3].slice_i_bitAdder/g156__748 | A1 ^ -> ZN v | NAND2_X4  | 0.036 |   1.358 |    1.284 | 
     | 2                                                  |              |           |       |         |          | 
     | datapath/ALU_ALU_GEN[4].slice_i_bitAdder/g158__239 | A1 v -> ZN ^ | NAND2_X4  | 0.044 |   1.402 |    1.328 | 
     | 8                                                  |              |           |       |         |          | 
     | datapath/ALU_ALU_GEN[4].slice_i_bitAdder/g156__641 | A1 ^ -> ZN v | NAND2_X4  | 0.036 |   1.438 |    1.364 | 
     | 7                                                  |              |           |       |         |          | 
     | datapath/ALU_ALU_GEN[5].slice_i_bitAdder/g158__280 | A1 v -> ZN ^ | NAND2_X4  | 0.043 |   1.481 |    1.407 | 
     | 2                                                  |              |           |       |         |          | 
     | datapath/ALU_ALU_GEN[5].slice_i_bitAdder/g156__368 | A1 ^ -> ZN v | NAND2_X4  | 0.036 |   1.517 |    1.443 | 
     | 0                                                  |              |           |       |         |          | 
     | datapath/ALU_ALU_GEN[6].slice_i_bitAdder/g158__473 | A1 v -> ZN ^ | NAND2_X4  | 0.044 |   1.561 |    1.487 | 
     | 3                                                  |              |           |       |         |          | 
     | datapath/ALU_ALU_GEN[6].slice_i_bitAdder/g156__511 | A1 ^ -> ZN v | NAND2_X4  | 0.036 |   1.596 |    1.522 | 
     | 5                                                  |              |           |       |         |          | 
     | datapath/ALU_ALU_GEN[7].slice_i_bitAdder/g158__547 | A1 v -> ZN ^ | NAND2_X4  | 0.044 |   1.640 |    1.566 | 
     | 7                                                  |              |           |       |         |          | 
     | datapath/ALU_ALU_GEN[7].slice_i_bitAdder/g156__741 | A1 ^ -> ZN v | NAND2_X4  | 0.036 |   1.676 |    1.602 | 
     | 0                                                  |              |           |       |         |          | 
     | datapath/ALU_ALU_GEN[8].slice_i_bitAdder/g158__161 | A1 v -> ZN ^ | NAND2_X4  | 0.044 |   1.720 |    1.646 | 
     | 7                                                  |              |           |       |         |          | 
     | datapath/ALU_ALU_GEN[8].slice_i_bitAdder/g156__678 | A1 ^ -> ZN v | NAND2_X4  | 0.036 |   1.756 |    1.682 | 
     | 3                                                  |              |           |       |         |          | 
     | datapath/ALU_ALU_GEN[9].slice_i_bitAdder/g158__511 | A1 v -> ZN ^ | NAND2_X4  | 0.044 |   1.800 |    1.726 | 
     | 5                                                  |              |           |       |         |          | 
     | datapath/ALU_ALU_GEN[9].slice_i_bitAdder/g156__613 | A1 ^ -> ZN v | NAND2_X4  | 0.037 |   1.837 |    1.763 | 
     | 1                                                  |              |           |       |         |          | 
     | datapath/ALU_ALU_GEN[10].slice_i_bitAdder/g158__16 | A1 v -> ZN ^ | NAND2_X4  | 0.043 |   1.880 |    1.807 | 
     | 66                                                 |              |           |       |         |          | 
     | datapath/ALU_ALU_GEN[10].slice_i_bitAdder/g156__28 | A1 ^ -> ZN v | NAND2_X4  | 0.039 |   1.919 |    1.845 | 
     | 83                                                 |              |           |       |         |          | 
     | datapath/ALU_ALU_GEN[11].slice_i_bitAdder/g158__84 | A1 v -> ZN ^ | NAND2_X4  | 0.044 |   1.963 |    1.890 | 
     | 28                                                 |              |           |       |         |          | 
     | datapath/ALU_ALU_GEN[11].slice_i_bitAdder/g156__62 | A1 ^ -> ZN v | NAND2_X4  | 0.036 |   1.999 |    1.925 | 
     | 60                                                 |              |           |       |         |          | 
     | datapath/ALU_ALU_GEN[12].slice_i_bitAdder/g158__82 | A1 v -> ZN ^ | NAND2_X4  | 0.043 |   2.042 |    1.968 | 
     | 46                                                 |              |           |       |         |          | 
     | datapath/ALU_ALU_GEN[12].slice_i_bitAdder/g156__17 | A1 ^ -> ZN v | NAND2_X4  | 0.037 |   2.079 |    2.005 | 
     | 05                                                 |              |           |       |         |          | 
     | datapath/ALU_ALU_GEN[13].slice_i_bitAdder/g158__61 | A1 v -> ZN ^ | NAND2_X4  | 0.043 |   2.123 |    2.049 | 
     | 61                                                 |              |           |       |         |          | 
     | datapath/ALU_ALU_GEN[13].slice_i_bitAdder/g156__47 | A1 ^ -> ZN v | NAND2_X4  | 0.036 |   2.159 |    2.085 | 
     | 33                                                 |              |           |       |         |          | 
     | datapath/ALU_ALU_GEN[14].slice_i_bitAdder/g158__23 | A1 v -> ZN ^ | NAND2_X4  | 0.043 |   2.202 |    2.128 | 
     | 98                                                 |              |           |       |         |          | 
     | datapath/ALU_ALU_GEN[14].slice_i_bitAdder/g156__54 | A1 ^ -> ZN v | NAND2_X4  | 0.036 |   2.238 |    2.164 | 
     | 77                                                 |              |           |       |         |          | 
     | datapath/ALU_ALU_GEN[15].slice_i_bitAdder/FE_RC_75 | A1 v -> ZN ^ | NAND2_X4  | 0.043 |   2.280 |    2.206 | 
     | 1_0                                                |              |           |       |         |          | 
     | datapath/ALU_ALU_GEN[15].slice_i_bitAdder/g156__16 | A1 ^ -> ZN v | NAND2_X4  | 0.036 |   2.317 |    2.243 | 
     | 17                                                 |              |           |       |         |          | 
     | datapath/ALU_ALU_GEN[16].slice_i_bitAdder/FE_RC_11 | A1 v -> ZN ^ | NAND2_X4  | 0.043 |   2.360 |    2.286 | 
     | 6_0                                                |              |           |       |         |          | 
     | datapath/ALU_ALU_GEN[16].slice_i_bitAdder/FE_RC_11 | A1 ^ -> ZN v | NAND2_X4  | 0.038 |   2.398 |    2.324 | 
     | 5_0                                                |              |           |       |         |          | 
     | datapath/ALU_ALU_GEN[17].slice_i_bitAdder/g155__54 | A1 v -> ZN ^ | NAND2_X4  | 0.043 |   2.441 |    2.367 | 
     | 77                                                 |              |           |       |         |          | 
     | datapath/ALU_ALU_GEN[17].slice_i_bitAdder/g153__64 | A1 ^ -> ZN v | NAND2_X4  | 0.036 |   2.476 |    2.403 | 
     | 17                                                 |              |           |       |         |          | 
     | datapath/ALU_ALU_GEN[18].slice_i_bitAdder/g158__36 | A1 v -> ZN ^ | NAND2_X4  | 0.043 |   2.519 |    2.446 | 
     | 80                                                 |              |           |       |         |          | 
     | datapath/ALU_ALU_GEN[18].slice_i_bitAdder/g156__67 | A1 ^ -> ZN v | NAND2_X4  | 0.036 |   2.556 |    2.482 | 
     | 83                                                 |              |           |       |         |          | 
     | datapath/ALU_ALU_GEN[19].slice_i_bitAdder/g158__18 | A1 v -> ZN ^ | NAND2_X4  | 0.043 |   2.599 |    2.525 | 
     | 81                                                 |              |           |       |         |          | 
     | datapath/ALU_ALU_GEN[19].slice_i_bitAdder/g156__61 | A1 ^ -> ZN v | NAND2_X4  | 0.036 |   2.635 |    2.561 | 
     | 31                                                 |              |           |       |         |          | 
     | datapath/ALU_ALU_GEN[20].slice_i_bitAdder/FE_RC_15 | A1 v -> ZN ^ | NAND2_X4  | 0.043 |   2.678 |    2.604 | 
     | 2_0                                                |              |           |       |         |          | 
     | datapath/ALU_ALU_GEN[20].slice_i_bitAdder/g156__28 | A1 ^ -> ZN v | NAND2_X4  | 0.036 |   2.714 |    2.640 | 
     | 83                                                 |              |           |       |         |          | 
     | datapath/ALU_ALU_GEN[21].slice_i_bitAdder/g155__43 | A1 v -> ZN ^ | NAND2_X4  | 0.043 |   2.757 |    2.683 | 
     | 19                                                 |              |           |       |         |          | 
     | datapath/ALU_ALU_GEN[21].slice_i_bitAdder/g153__62 | A1 ^ -> ZN v | NAND2_X4  | 0.039 |   2.796 |    2.722 | 
     | 60                                                 |              |           |       |         |          | 
     | datapath/ALU_ALU_GEN[22].slice_i_bitAdder/g158__51 | A1 v -> ZN ^ | NAND2_X4  | 0.044 |   2.840 |    2.766 | 
     | 22                                                 |              |           |       |         |          | 
     | datapath/ALU_ALU_GEN[22].slice_i_bitAdder/g156__17 | A1 ^ -> ZN v | NAND2_X4  | 0.037 |   2.877 |    2.803 | 
     | 05                                                 |              |           |       |         |          | 
     | datapath/ALU_ALU_GEN[23].slice_i_bitAdder/g158__61 | A1 v -> ZN ^ | NAND2_X4  | 0.043 |   2.921 |    2.847 | 
     | 61                                                 |              |           |       |         |          | 
     | datapath/ALU_ALU_GEN[23].slice_i_bitAdder/g156__47 | A1 ^ -> ZN v | NAND2_X4  | 0.036 |   2.957 |    2.883 | 
     | 33                                                 |              |           |       |         |          | 
     | datapath/ALU_ALU_GEN[24].slice_i_bitAdder/g158__54 | A1 v -> ZN ^ | NAND2_X4  | 0.043 |   2.999 |    2.925 | 
     | 77                                                 |              |           |       |         |          | 
     | datapath/ALU_ALU_GEN[24].slice_i_bitAdder/g156__64 | A1 ^ -> ZN v | NAND2_X4  | 0.040 |   3.040 |    2.966 | 
     | 17                                                 |              |           |       |         |          | 
     | datapath/ALU_ALU_GEN[25].slice_i_bitAdder/g158__36 | A1 v -> ZN ^ | NAND2_X4  | 0.045 |   3.084 |    3.010 | 
     | 80                                                 |              |           |       |         |          | 
     | datapath/ALU_ALU_GEN[25].slice_i_bitAdder/g156__67 | A1 ^ -> ZN v | NAND2_X4  | 0.036 |   3.120 |    3.046 | 
     | 83                                                 |              |           |       |         |          | 
     | datapath/ALU_ALU_GEN[26].slice_i_bitAdder/g158__51 | A1 v -> ZN ^ | NAND2_X4  | 0.043 |   3.163 |    3.089 | 
     | 15                                                 |              |           |       |         |          | 
     | datapath/ALU_ALU_GEN[26].slice_i_bitAdder/g156__61 | A1 ^ -> ZN v | NAND2_X4  | 0.036 |   3.199 |    3.125 | 
     | 31                                                 |              |           |       |         |          | 
     | datapath/ALU_ALU_GEN[27].slice_i_bitAdder/g158__64 | A1 v -> ZN ^ | NAND2_X4  | 0.043 |   3.242 |    3.168 | 
     | 17                                                 |              |           |       |         |          | 
     | datapath/ALU_ALU_GEN[27].slice_i_bitAdder/g156__16 | A1 ^ -> ZN v | NAND2_X4  | 0.036 |   3.278 |    3.204 | 
     | 66                                                 |              |           |       |         |          | 
     | datapath/FE_OCPC390_ALU_cout_28                    | A v -> Z v   | CLKBUF_X1 | 0.100 |   3.378 |    3.304 | 
     | datapath/ALU_ALU_GEN[28].slice_i_bitAdder/FE_RC_42 | A1 v -> ZN ^ | NAND2_X1  | 0.050 |   3.428 |    3.354 | 
     | 9_0                                                |              |           |       |         |          | 
     | datapath/ALU_ALU_GEN[28].slice_i_bitAdder/FE_RC_42 | A ^ -> ZN v  | OAI21_X1  | 0.049 |   3.477 |    3.403 | 
     | 8_0                                                |              |           |       |         |          | 
     | datapath/ALU_ALU_GEN[28].slice_i_resultMux/g150__7 | A1 v -> ZN ^ | NAND2_X1  | 0.048 |   3.525 |    3.451 | 
     | 098                                                |              |           |       |         |          | 
     | datapath/ALU_ALU_GEN[28].slice_i_resultMux/g148__5 | A1 ^ -> ZN v | NAND2_X1  | 0.037 |   3.562 |    3.489 | 
     | 122                                                |              |           |       |         |          | 
     | datapath/EXMEM_aluResult_reg[28]                   | D v          | DFFR_X1   | 0.000 |   3.562 |    3.489 | 
     +------------------------------------------------------------------------------------------------------------+ 
Path 14: VIOLATED Setup Check with Pin datapath/IF_pc_reg[25]/CK 
Endpoint:   datapath/IF_pc_reg[25]/D     (^) checked with  leading edge of 'clk'
Beginpoint: datapath/IFID_instr_reg[1]/Q (^) triggered by  leading edge of 'clk'
Path Groups: {reg2reg}
Analysis View: WC_VIEW
Other End Arrival Time          0.378
- Setup                         0.082
+ Phase Shift                   3.000
+ CPPR Adjustment               0.000
- Uncertainty                   0.100
= Required Time                 3.196
- Arrival Time                  3.240
= Slack Time                   -0.045
     Clock Rise Edge                 0.000
     + Clock Network Latency (Prop)  0.069
     = Beginpoint Arrival Time       0.069
     +---------------------------------------------------------------------------------------------------------+ 
     |                     Instance                     |     Arc      |   Cell   | Delay | Arrival | Required | 
     |                                                  |              |          |       |  Time   |   Time   | 
     |--------------------------------------------------+--------------+----------+-------+---------+----------| 
     | datapath/IFID_instr_reg[1]                       | CK ^         |          |       |   0.069 |    0.024 | 
     | datapath/IFID_instr_reg[1]                       | CK ^ -> Q ^  | DFFR_X1  | 0.426 |   0.495 |    0.450 | 
     | datapath/immediate_generation/FE_RC_399_0        | A1 ^ -> ZN v | NAND2_X2 | 0.071 |   0.566 |    0.522 | 
     | datapath/immediate_generation/FE_OCPC359_n_25    | A v -> ZN ^  | INV_X1   | 0.048 |   0.615 |    0.570 | 
     | datapath/immediate_generation/g3387__5526        | A1 ^ -> ZN v | NAND2_X1 | 0.061 |   0.675 |    0.630 | 
     | datapath/immediate_generation/FE_RC_878_0        | A v -> ZN ^  | INV_X2   | 0.054 |   0.729 |    0.685 | 
     | datapath/immediate_generation/FE_RC_877_0        | A1 ^ -> ZN v | NAND3_X2 | 0.047 |   0.777 |    0.732 | 
     | datapath/immediate_generation/g3342__1666        | A1 v -> ZN ^ | NAND2_X2 | 0.055 |   0.831 |    0.787 | 
     | datapath/pc_plus_imm/FA_GEN[1].fa_i/g36__3680    | A1 ^ -> ZN ^ | AND2_X4  | 0.090 |   0.922 |    0.877 | 
     | datapath/pc_plus_imm/FA_GEN[2].fa_i/g155__1705   | A2 ^ -> ZN v | NAND2_X4 | 0.037 |   0.959 |    0.914 | 
     | datapath/pc_plus_imm/FA_GEN[2].fa_i/g153__1617   | A1 v -> ZN ^ | NAND2_X4 | 0.045 |   1.004 |    0.959 | 
     | datapath/pc_plus_imm/FA_GEN[3].fa_i/g155__5115   | A1 ^ -> ZN v | NAND2_X4 | 0.035 |   1.039 |    0.995 | 
     | datapath/pc_plus_imm/FA_GEN[3].fa_i/g153__6131   | A1 v -> ZN ^ | NAND2_X4 | 0.044 |   1.084 |    1.039 | 
     | datapath/pc_plus_imm/FA_GEN[4].fa_i/g155__2883   | A1 ^ -> ZN v | NAND2_X4 | 0.036 |   1.119 |    1.074 | 
     | datapath/pc_plus_imm/FA_GEN[4].fa_i/g153__9315   | A1 v -> ZN ^ | NAND2_X4 | 0.053 |   1.172 |    1.127 | 
     | datapath/pc_plus_imm/FA_GEN[5].fa_i/g155__2398   | A1 ^ -> ZN v | NAND2_X4 | 0.040 |   1.212 |    1.168 | 
     | datapath/pc_plus_imm/FA_GEN[5].fa_i/g153__6417   | A1 v -> ZN ^ | NAND2_X4 | 0.045 |   1.258 |    1.213 | 
     | datapath/pc_plus_imm/FA_GEN[6].fa_i/g155__6783   | A1 ^ -> ZN v | NAND2_X4 | 0.035 |   1.293 |    1.248 | 
     | datapath/pc_plus_imm/FA_GEN[6].fa_i/g153__8428   | A1 v -> ZN ^ | NAND2_X4 | 0.047 |   1.340 |    1.295 | 
     | datapath/pc_plus_imm/FA_GEN[7].fa_i/g155__8246   | A1 ^ -> ZN v | NAND2_X4 | 0.037 |   1.377 |    1.332 | 
     | datapath/pc_plus_imm/FA_GEN[7].fa_i/g153__1705   | A1 v -> ZN ^ | NAND2_X4 | 0.044 |   1.421 |    1.376 | 
     | datapath/pc_plus_imm/FA_GEN[8].fa_i/g155__4733   | A1 ^ -> ZN v | NAND2_X4 | 0.036 |   1.457 |    1.412 | 
     | datapath/pc_plus_imm/FA_GEN[8].fa_i/g153__5115   | A1 v -> ZN ^ | NAND2_X4 | 0.045 |   1.501 |    1.457 | 
     | datapath/pc_plus_imm/FA_GEN[9].fa_i/g155__2346   | A1 ^ -> ZN v | NAND2_X4 | 0.036 |   1.537 |    1.492 | 
     | datapath/pc_plus_imm/FA_GEN[9].fa_i/g153__9945   | A1 v -> ZN ^ | NAND2_X4 | 0.044 |   1.581 |    1.537 | 
     | datapath/pc_plus_imm/FA_GEN[10].fa_i/g137__2398  | A1 ^ -> ZN v | NAND2_X4 | 0.036 |   1.618 |    1.573 | 
     | datapath/pc_plus_imm/FA_GEN[10].fa_i/g135__6417  | A1 v -> ZN ^ | NAND2_X4 | 0.046 |   1.663 |    1.618 | 
     | datapath/pc_plus_imm/FA_GEN[11].fa_i/g137__5526  | A1 ^ -> ZN v | NAND2_X4 | 0.036 |   1.699 |    1.654 | 
     | datapath/pc_plus_imm/FA_GEN[11].fa_i/g135__4319  | A1 v -> ZN ^ | NAND2_X4 | 0.046 |   1.745 |    1.700 | 
     | datapath/pc_plus_imm/FA_GEN[12].fa_i/g137__1705  | A1 ^ -> ZN v | NAND2_X4 | 0.036 |   1.782 |    1.737 | 
     | datapath/pc_plus_imm/FA_GEN[12].fa_i/g135__1617  | A1 v -> ZN ^ | NAND2_X4 | 0.046 |   1.827 |    1.783 | 
     | datapath/pc_plus_imm/FA_GEN[13].fa_i/g137__1881  | A1 ^ -> ZN v | NAND2_X4 | 0.036 |   1.863 |    1.819 | 
     | datapath/pc_plus_imm/FA_GEN[13].fa_i/g135__7098  | A1 v -> ZN ^ | NAND2_X4 | 0.039 |   1.903 |    1.858 | 
     | datapath/pc_plus_imm/FA_GEN[14].fa_i/g137__9315  | A1 ^ -> ZN v | NAND2_X2 | 0.034 |   1.937 |    1.893 | 
     | datapath/pc_plus_imm/FA_GEN[14].fa_i/g135__4733  | A1 v -> ZN ^ | NAND2_X2 | 0.048 |   1.985 |    1.940 | 
     | datapath/pc_plus_imm/FA_GEN[15].fa_i/g137__7410  | A1 ^ -> ZN v | NAND2_X2 | 0.038 |   2.023 |    1.978 | 
     | datapath/pc_plus_imm/FA_GEN[15].fa_i/g135__2346  | A1 v -> ZN ^ | NAND2_X2 | 0.049 |   2.072 |    2.027 | 
     | datapath/pc_plus_imm/FA_GEN[16].fa_i/g146__6260  | A1 ^ -> ZN v | NAND2_X2 | 0.046 |   2.118 |    2.074 | 
     | datapath/pc_plus_imm/FA_GEN[16].fa_i/g144__2398  | A1 v -> ZN ^ | NAND2_X4 | 0.043 |   2.161 |    2.116 | 
     | datapath/pc_plus_imm/FA_GEN[17].fa_i/g155__6783  | A1 ^ -> ZN v | NAND2_X2 | 0.036 |   2.198 |    2.153 | 
     | datapath/pc_plus_imm/FA_GEN[17].fa_i/g153__5526  | A1 v -> ZN ^ | NAND2_X2 | 0.048 |   2.246 |    2.201 | 
     | datapath/pc_plus_imm/FA_GEN[18].fa_i/g155__5122  | A1 ^ -> ZN v | NAND2_X2 | 0.038 |   2.283 |    2.238 | 
     | datapath/pc_plus_imm/FA_GEN[18].fa_i/g153__1705  | A1 v -> ZN ^ | NAND2_X2 | 0.048 |   2.331 |    2.286 | 
     | datapath/pc_plus_imm/FA_GEN[19].fa_i/g155__5115  | A1 ^ -> ZN v | NAND2_X2 | 0.046 |   2.377 |    2.332 | 
     | datapath/pc_plus_imm/FA_GEN[19].fa_i/g153__1881  | A1 v -> ZN ^ | NAND2_X4 | 0.043 |   2.420 |    2.375 | 
     | datapath/pc_plus_imm/FA_GEN[20].fa_i/g155__9945  | A1 ^ -> ZN v | NAND2_X2 | 0.035 |   2.455 |    2.410 | 
     | datapath/pc_plus_imm/FA_GEN[20].fa_i/g153__9315  | A1 v -> ZN ^ | NAND2_X2 | 0.048 |   2.504 |    2.459 | 
     | datapath/pc_plus_imm/FA_GEN[21].fa_i/g155__6417  | A1 ^ -> ZN v | NAND2_X2 | 0.046 |   2.549 |    2.505 | 
     | datapath/pc_plus_imm/FA_GEN[21].fa_i/g153__7410  | A1 v -> ZN ^ | NAND2_X4 | 0.047 |   2.597 |    2.552 | 
     | datapath/pc_plus_imm/FA_GEN[22].fa_i/FE_RC_402_0 | A1 ^ -> ZN v | NAND2_X4 | 0.036 |   2.632 |    2.588 | 
     | datapath/pc_plus_imm/FA_GEN[22].fa_i/FE_RC_401_0 | A1 v -> ZN ^ | NAND2_X4 | 0.045 |   2.677 |    2.633 | 
     | datapath/pc_plus_imm/FA_GEN[23].fa_i/g155__1617  | A1 ^ -> ZN v | NAND2_X4 | 0.036 |   2.713 |    2.668 | 
     | datapath/pc_plus_imm/FA_GEN[23].fa_i/g153__3680  | A1 v -> ZN ^ | NAND2_X4 | 0.045 |   2.758 |    2.714 | 
     | datapath/pc_plus_imm/FA_GEN[24].fa_i/g155__7098  | A1 ^ -> ZN v | NAND2_X4 | 0.036 |   2.794 |    2.749 | 
     | datapath/pc_plus_imm/FA_GEN[24].fa_i/g153__8246  | A1 v -> ZN ^ | NAND2_X4 | 0.050 |   2.844 |    2.799 | 
     | datapath/pc_plus_imm/FE_OCPC573_cout_25          | A ^ -> Z ^   | BUF_X1   | 0.087 |   2.931 |    2.886 | 
     | datapath/pc_plus_imm/FA_GEN[25].fa_i/FE_RC_441_0 | A1 ^ -> ZN v | NAND2_X1 | 0.040 |   2.971 |    2.926 | 
     | datapath/pc_plus_imm/FA_GEN[25].fa_i/FE_RC_440_0 | A v -> ZN ^  | OAI21_X1 | 0.065 |   3.035 |    2.991 | 
     | datapath/branch_or_inc_4/g862__3680              | A1 ^ -> ZN v | NAND2_X1 | 0.051 |   3.086 |    3.041 | 
     | datapath/branch_or_inc_4/g817__4733              | A1 v -> ZN ^ | NAND2_X1 | 0.051 |   3.137 |    3.092 | 
     | datapath/g38865                                  | A ^ -> ZN v  | INV_X1   | 0.028 |   3.165 |    3.121 | 
     | datapath/FE_RC_446_0                             | B1 v -> ZN ^ | OAI21_X2 | 0.075 |   3.240 |    3.196 | 
     | datapath/IF_pc_reg[25]                           | D ^          | DFFR_X1  | 0.000 |   3.240 |    3.196 | 
     +---------------------------------------------------------------------------------------------------------+ 
Path 15: VIOLATED Setup Check with Pin datapath/IFID_instr_reg[6]/CK 
Endpoint:   datapath/IFID_instr_reg[6]/D  (v) checked with  leading edge of 
'clk'
Beginpoint: datapath/IFID_instr_reg[21]/Q (^) triggered by  leading edge of 
'clk'
Path Groups: {reg2reg}
Analysis View: WC_VIEW
Other End Arrival Time          0.065
- Setup                         0.135
+ Phase Shift                   3.000
+ CPPR Adjustment               0.000
- Uncertainty                   0.100
= Required Time                 2.830
- Arrival Time                  2.873
= Slack Time                   -0.043
     Clock Rise Edge                 0.000
     + Clock Network Latency (Prop)  0.124
     = Beginpoint Arrival Time       0.124
     +---------------------------------------------------------------------------------------+ 
     |           Instance            |     Arc      |   Cell    | Delay | Arrival | Required | 
     |                               |              |           |       |  Time   |   Time   | 
     |-------------------------------+--------------+-----------+-------+---------+----------| 
     | datapath/IFID_instr_reg[21]   | CK ^         |           |       |   0.124 |    0.080 | 
     | datapath/IFID_instr_reg[21]   | CK ^ -> Q ^  | DFFR_X1   | 0.383 |   0.507 |    0.463 | 
     | datapath/FE_OFC226_IFID_rs2_1 | A ^ -> ZN v  | INV_X2    | 0.040 |   0.547 |    0.503 | 
     | datapath/FE_OFC227_IFID_rs2_1 | A v -> ZN ^  | INV_X1    | 0.104 |   0.651 |    0.608 | 
     | datapath/g528__7410           | A2 ^ -> ZN v | NAND2_X1  | 0.057 |   0.708 |    0.664 | 
     | datapath/g514__5115           | A1 v -> ZN ^ | NOR2_X1   | 0.084 |   0.792 |    0.748 | 
     | datapath/FE_OCPC366_n_1407    | A ^ -> Z ^   | CLKBUF_X3 | 0.132 |   0.924 |    0.880 | 
     | datapath/g486__6161           | A1 ^ -> ZN ^ | AND2_X4   | 0.268 |   1.192 |    1.149 | 
     | datapath/g39839               | B1 ^ -> ZN v | AOI22_X1  | 0.097 |   1.289 |    1.245 | 
     | datapath/g3482                | A1 v -> ZN v | AND4_X1   | 0.158 |   1.447 |    1.404 | 
     | datapath/g3403                | A1 v -> ZN ^ | NAND4_X4  | 0.067 |   1.514 |    1.470 | 
     | datapath/g27947               | A1 ^ -> ZN v | AOI22_X1  | 0.049 |   1.563 |    1.519 | 
     | datapath/g27825               | A v -> ZN ^  | OAI21_X1  | 0.138 |   1.701 |    1.657 | 
     | datapath/FE_RC_612_0          | A1 ^ -> ZN v | NAND2_X1  | 0.092 |   1.793 |    1.750 | 
     | datapath/FE_RC_611_0          | B2 v -> ZN ^ | AOI21_X1  | 0.138 |   1.931 |    1.887 | 
     | datapath/FE_RC_467_0          | C1 ^ -> ZN v | OAI211_X1 | 0.100 |   2.031 |    1.987 | 
     | datapath/FE_RC_839_0          | C2 v -> ZN ^ | OAI211_X2 | 0.132 |   2.163 |    2.119 | 
     | datapath/LT_TC_OP_g770        | B1 ^ -> ZN v | AOI21_X1  | 0.054 |   2.217 |    2.173 | 
     | datapath/FE_RC_540_0          | A v -> ZN ^  | INV_X1    | 0.046 |   2.263 |    2.219 | 
     | datapath/FE_RC_599_0          | A1 ^ -> ZN v | NAND2_X1  | 0.047 |   2.310 |    2.266 | 
     | datapath/g39660               | A1 v -> ZN ^ | NAND2_X1  | 0.050 |   2.360 |    2.316 | 
     | g1033                         | A ^ -> ZN v  | INV_X1    | 0.028 |   2.388 |    2.345 | 
     | g1056                         | A1 v -> ZN ^ | NOR2_X2   | 0.064 |   2.452 |    2.408 | 
     | datapath/g38987               | A ^ -> ZN v  | INV_X1    | 0.045 |   2.497 |    2.453 | 
     | datapath/g38861               | A1 v -> ZN v | AND2_X4   | 0.096 |   2.593 |    2.549 | 
     | datapath/FE_OCPC913_n_235     | A v -> ZN ^  | INV_X8    | 0.055 |   2.648 |    2.604 | 
     | datapath/FE_OCPC914_n_235     | A ^ -> ZN v  | INV_X16   | 0.038 |   2.686 |    2.642 | 
     | datapath/g38661               | B1 v -> ZN ^ | AOI22_X1  | 0.153 |   2.839 |    2.796 | 
     | datapath/g38600               | A ^ -> ZN v  | INV_X1    | 0.034 |   2.873 |    2.830 | 
     | datapath/IFID_instr_reg[6]    | D v          | DFFR_X1   | 0.000 |   2.873 |    2.830 | 
     +---------------------------------------------------------------------------------------+ 
Path 16: VIOLATED Setup Check with Pin datapath/IF_pc_reg[20]/CK 
Endpoint:   datapath/IF_pc_reg[20]/D      (^) checked with  leading edge of 
'clk'
Beginpoint: datapath/IFID_instr_reg[16]/Q (^) triggered by  leading edge of 
'clk'
Path Groups: {reg2reg}
Analysis View: WC_VIEW
Other End Arrival Time          0.156
- Setup                         0.084
+ Phase Shift                   3.000
+ CPPR Adjustment               0.000
- Uncertainty                   0.100
= Required Time                 2.971
- Arrival Time                  3.013
= Slack Time                   -0.042
     Clock Rise Edge                 0.000
     + Clock Network Latency (Prop)  0.186
     = Beginpoint Arrival Time       0.186
     +------------------------------------------------------------------------------------------------------------+ 
     |                      Instance                      |     Arc      |   Cell    | Delay | Arrival | Required | 
     |                                                    |              |           |       |  Time   |   Time   | 
     |----------------------------------------------------+--------------+-----------+-------+---------+----------| 
     | datapath/IFID_instr_reg[16]                        | CK ^         |           |       |   0.186 |    0.144 | 
     | datapath/IFID_instr_reg[16]                        | CK ^ -> Q ^  | DFFR_X1   | 0.431 |   0.617 |    0.575 | 
     | datapath/g40271                                    | A2 ^ -> ZN ^ | AND2_X2   | 0.131 |   0.748 |    0.706 | 
     | datapath/g535__1617                                | A1 ^ -> ZN ^ | AND2_X4   | 0.104 |   0.852 |    0.810 | 
     | datapath/g568__6417                                | A1 ^ -> ZN ^ | AND2_X4   | 0.281 |   1.133 |    1.091 | 
     | datapath/g4074                                     | A1 ^ -> ZN v | NAND2_X1  | 0.064 |   1.198 |    1.155 | 
     | datapath/g3561                                     | A2 v -> ZN v | AND2_X1   | 0.116 |   1.313 |    1.271 | 
     | datapath/g3432__6131                               | A1 v -> ZN v | AND3_X1   | 0.110 |   1.423 |    1.381 | 
     | datapath/g3403__7098                               | A2 v -> ZN ^ | NAND4_X2  | 0.085 |   1.508 |    1.465 | 
     | datapath/g27899                                    | A1 ^ -> ZN v | NAND2_X1  | 0.053 |   1.560 |    1.518 | 
     | datapath/g27734                                    | A v -> ZN ^  | OAI221_X1 | 0.107 |   1.668 |    1.625 | 
     | datapath/FE_OFC637_n_1209                          | A ^ -> ZN v  | INV_X1    | 0.071 |   1.739 |    1.697 | 
     | datapath/FE_RC_613_0                               | A2 v -> ZN ^ | NOR2_X1   | 0.117 |   1.857 |    1.814 | 
     | datapath/FE_RC_611_0                               | A ^ -> ZN v  | AOI21_X1  | 0.046 |   1.903 |    1.860 | 
     | datapath/FE_RC_467_0                               | C1 v -> ZN ^ | OAI211_X1 | 0.168 |   2.071 |    2.028 | 
     | datapath/FE_RC_839_0                               | C2 ^ -> ZN v | OAI211_X2 | 0.091 |   2.162 |    2.120 | 
     | datapath/LT_TC_OP_g770                             | B1 v -> ZN ^ | AOI21_X1  | 0.112 |   2.274 |    2.232 | 
     | datapath/FE_RC_540_0                               | A ^ -> ZN v  | INV_X1    | 0.037 |   2.311 |    2.269 | 
     | datapath/FE_RC_599_0                               | A1 v -> ZN ^ | NAND2_X1  | 0.070 |   2.381 |    2.339 | 
     | datapath/FE_RC_598_0                               | A1 ^ -> ZN ^ | AND2_X1   | 0.144 |   2.526 |    2.483 | 
     | datapath/FE_OFC964_FE_RN_355_0                     | A ^ -> ZN v  | INV_X4    | 0.056 |   2.581 |    2.539 | 
     | datapath/branch_or_inc_4/FE_OFC965_FE_RN_355_0     | A v -> ZN ^  | INV_X2    | 0.069 |   2.650 |    2.608 | 
     | datapath/branch_or_inc_4/FE_OFC958_FE_DBTN57_n_134 | A ^ -> ZN v  | INV_X2    | 0.039 |   2.690 |    2.647 | 
     | 8                                                  |              |           |       |         |          | 
     | datapath/branch_or_inc_4/FE_OFC962_FE_DBTN57_n_134 | A v -> ZN ^  | INV_X1    | 0.096 |   2.786 |    2.743 | 
     | 8                                                  |              |           |       |         |          | 
     | datapath/branch_or_inc_4/g858__4319                | A2 ^ -> ZN v | NAND2_X1  | 0.057 |   2.843 |    2.801 | 
     | datapath/branch_or_inc_4/g840__7098                | A2 v -> ZN ^ | NAND2_X1  | 0.060 |   2.903 |    2.861 | 
     | datapath/g38967                                    | A ^ -> ZN v  | INV_X1    | 0.025 |   2.928 |    2.886 | 
     | datapath/FE_RC_676_0                               | B1 v -> ZN ^ | OAI21_X1  | 0.085 |   3.013 |    2.971 | 
     | datapath/IF_pc_reg[20]                             | D ^          | DFFR_X1   | 0.000 |   3.013 |    2.971 | 
     +------------------------------------------------------------------------------------------------------------+ 
Path 17: VIOLATED Setup Check with Pin datapath/IFID_instr_reg[5]/CK 
Endpoint:   datapath/IFID_instr_reg[5]/D  (v) checked with  leading edge of 
'clk'
Beginpoint: datapath/IFID_instr_reg[21]/Q (^) triggered by  leading edge of 
'clk'
Path Groups: {reg2reg}
Analysis View: WC_VIEW
Other End Arrival Time          0.065
- Setup                         0.135
+ Phase Shift                   3.000
+ CPPR Adjustment               0.000
- Uncertainty                   0.100
= Required Time                 2.830
- Arrival Time                  2.871
= Slack Time                   -0.041
     Clock Rise Edge                 0.000
     + Clock Network Latency (Prop)  0.124
     = Beginpoint Arrival Time       0.124
     +---------------------------------------------------------------------------------------+ 
     |           Instance            |     Arc      |   Cell    | Delay | Arrival | Required | 
     |                               |              |           |       |  Time   |   Time   | 
     |-------------------------------+--------------+-----------+-------+---------+----------| 
     | datapath/IFID_instr_reg[21]   | CK ^         |           |       |   0.124 |    0.083 | 
     | datapath/IFID_instr_reg[21]   | CK ^ -> Q ^  | DFFR_X1   | 0.383 |   0.507 |    0.466 | 
     | datapath/FE_OFC226_IFID_rs2_1 | A ^ -> ZN v  | INV_X2    | 0.040 |   0.547 |    0.506 | 
     | datapath/FE_OFC227_IFID_rs2_1 | A v -> ZN ^  | INV_X1    | 0.104 |   0.651 |    0.610 | 
     | datapath/g528__7410           | A2 ^ -> ZN v | NAND2_X1  | 0.057 |   0.708 |    0.667 | 
     | datapath/g514__5115           | A1 v -> ZN ^ | NOR2_X1   | 0.084 |   0.792 |    0.751 | 
     | datapath/FE_OCPC366_n_1407    | A ^ -> Z ^   | CLKBUF_X3 | 0.132 |   0.924 |    0.883 | 
     | datapath/g486__6161           | A1 ^ -> ZN ^ | AND2_X4   | 0.268 |   1.192 |    1.152 | 
     | datapath/g39839               | B1 ^ -> ZN v | AOI22_X1  | 0.097 |   1.289 |    1.248 | 
     | datapath/g3482                | A1 v -> ZN v | AND4_X1   | 0.158 |   1.447 |    1.406 | 
     | datapath/g3403                | A1 v -> ZN ^ | NAND4_X4  | 0.067 |   1.514 |    1.473 | 
     | datapath/g27947               | A1 ^ -> ZN v | AOI22_X1  | 0.049 |   1.563 |    1.522 | 
     | datapath/g27825               | A v -> ZN ^  | OAI21_X1  | 0.138 |   1.701 |    1.660 | 
     | datapath/FE_RC_612_0          | A1 ^ -> ZN v | NAND2_X1  | 0.092 |   1.793 |    1.752 | 
     | datapath/FE_RC_611_0          | B2 v -> ZN ^ | AOI21_X1  | 0.138 |   1.931 |    1.890 | 
     | datapath/FE_RC_467_0          | C1 ^ -> ZN v | OAI211_X1 | 0.100 |   2.031 |    1.990 | 
     | datapath/FE_RC_839_0          | C2 v -> ZN ^ | OAI211_X2 | 0.132 |   2.163 |    2.122 | 
     | datapath/LT_TC_OP_g770        | B1 ^ -> ZN v | AOI21_X1  | 0.054 |   2.217 |    2.176 | 
     | datapath/FE_RC_540_0          | A v -> ZN ^  | INV_X1    | 0.046 |   2.263 |    2.222 | 
     | datapath/FE_RC_599_0          | A1 ^ -> ZN v | NAND2_X1  | 0.047 |   2.310 |    2.269 | 
     | datapath/g39660               | A1 v -> ZN ^ | NAND2_X1  | 0.050 |   2.360 |    2.319 | 
     | g1033                         | A ^ -> ZN v  | INV_X1    | 0.028 |   2.388 |    2.347 | 
     | g1056                         | A1 v -> ZN ^ | NOR2_X2   | 0.064 |   2.452 |    2.411 | 
     | datapath/g38987               | A ^ -> ZN v  | INV_X1    | 0.045 |   2.497 |    2.456 | 
     | datapath/g38861               | A1 v -> ZN v | AND2_X4   | 0.096 |   2.593 |    2.552 | 
     | datapath/FE_OCPC913_n_235     | A v -> ZN ^  | INV_X8    | 0.055 |   2.648 |    2.607 | 
     | datapath/FE_OCPC914_n_235     | A ^ -> ZN v  | INV_X16   | 0.038 |   2.686 |    2.645 | 
     | datapath/g38663               | B1 v -> ZN ^ | AOI22_X1  | 0.152 |   2.838 |    2.797 | 
     | datapath/g38602               | A ^ -> ZN v  | INV_X1    | 0.033 |   2.871 |    2.830 | 
     | datapath/IFID_instr_reg[5]    | D v          | DFFR_X1   | 0.000 |   2.871 |    2.830 | 
     +---------------------------------------------------------------------------------------+ 
Path 18: VIOLATED Setup Check with Pin datapath/IFID_pc_reg[2]/CK 
Endpoint:   datapath/IFID_pc_reg[2]/D     (v) checked with  leading edge of 
'clk'
Beginpoint: datapath/IFID_instr_reg[21]/Q (^) triggered by  leading edge of 
'clk'
Path Groups: {reg2reg}
Analysis View: WC_VIEW
Other End Arrival Time          0.064
- Setup                         0.135
+ Phase Shift                   3.000
+ CPPR Adjustment               0.000
- Uncertainty                   0.100
= Required Time                 2.830
- Arrival Time                  2.870
= Slack Time                   -0.041
     Clock Rise Edge                 0.000
     + Clock Network Latency (Prop)  0.124
     = Beginpoint Arrival Time       0.124
     +---------------------------------------------------------------------------------------+ 
     |           Instance            |     Arc      |   Cell    | Delay | Arrival | Required | 
     |                               |              |           |       |  Time   |   Time   | 
     |-------------------------------+--------------+-----------+-------+---------+----------| 
     | datapath/IFID_instr_reg[21]   | CK ^         |           |       |   0.124 |    0.083 | 
     | datapath/IFID_instr_reg[21]   | CK ^ -> Q ^  | DFFR_X1   | 0.383 |   0.507 |    0.466 | 
     | datapath/FE_OFC226_IFID_rs2_1 | A ^ -> ZN v  | INV_X2    | 0.040 |   0.547 |    0.506 | 
     | datapath/FE_OFC227_IFID_rs2_1 | A v -> ZN ^  | INV_X1    | 0.104 |   0.651 |    0.611 | 
     | datapath/g528__7410           | A2 ^ -> ZN v | NAND2_X1  | 0.057 |   0.708 |    0.667 | 
     | datapath/g514__5115           | A1 v -> ZN ^ | NOR2_X1   | 0.084 |   0.792 |    0.751 | 
     | datapath/FE_OCPC366_n_1407    | A ^ -> Z ^   | CLKBUF_X3 | 0.132 |   0.924 |    0.883 | 
     | datapath/g486__6161           | A1 ^ -> ZN ^ | AND2_X4   | 0.268 |   1.192 |    1.152 | 
     | datapath/g39839               | B1 ^ -> ZN v | AOI22_X1  | 0.097 |   1.289 |    1.248 | 
     | datapath/g3482                | A1 v -> ZN v | AND4_X1   | 0.158 |   1.447 |    1.407 | 
     | datapath/g3403                | A1 v -> ZN ^ | NAND4_X4  | 0.067 |   1.514 |    1.473 | 
     | datapath/g27947               | A1 ^ -> ZN v | AOI22_X1  | 0.049 |   1.563 |    1.522 | 
     | datapath/g27825               | A v -> ZN ^  | OAI21_X1  | 0.138 |   1.701 |    1.660 | 
     | datapath/FE_RC_612_0          | A1 ^ -> ZN v | NAND2_X1  | 0.092 |   1.793 |    1.753 | 
     | datapath/FE_RC_611_0          | B2 v -> ZN ^ | AOI21_X1  | 0.138 |   1.931 |    1.890 | 
     | datapath/FE_RC_467_0          | C1 ^ -> ZN v | OAI211_X1 | 0.100 |   2.031 |    1.990 | 
     | datapath/FE_RC_839_0          | C2 v -> ZN ^ | OAI211_X2 | 0.132 |   2.163 |    2.122 | 
     | datapath/LT_TC_OP_g770        | B1 ^ -> ZN v | AOI21_X1  | 0.054 |   2.217 |    2.176 | 
     | datapath/FE_RC_540_0          | A v -> ZN ^  | INV_X1    | 0.046 |   2.263 |    2.222 | 
     | datapath/FE_RC_599_0          | A1 ^ -> ZN v | NAND2_X1  | 0.047 |   2.310 |    2.269 | 
     | datapath/g39660               | A1 v -> ZN ^ | NAND2_X1  | 0.050 |   2.360 |    2.319 | 
     | g1033                         | A ^ -> ZN v  | INV_X1    | 0.028 |   2.388 |    2.348 | 
     | g1056                         | A1 v -> ZN ^ | NOR2_X2   | 0.064 |   2.452 |    2.411 | 
     | datapath/g38987               | A ^ -> ZN v  | INV_X1    | 0.045 |   2.497 |    2.456 | 
     | datapath/g38861               | A1 v -> ZN v | AND2_X4   | 0.096 |   2.593 |    2.552 | 
     | datapath/FE_OCPC913_n_235     | A v -> ZN ^  | INV_X8    | 0.055 |   2.648 |    2.607 | 
     | datapath/FE_OCPC914_n_235     | A ^ -> ZN v  | INV_X16   | 0.038 |   2.686 |    2.645 | 
     | datapath/g38694               | B1 v -> ZN ^ | AOI22_X1  | 0.152 |   2.838 |    2.798 | 
     | datapath/g38632               | A ^ -> ZN v  | INV_X1    | 0.032 |   2.870 |    2.830 | 
     | datapath/IFID_pc_reg[2]       | D v          | DFFR_X1   | 0.000 |   2.870 |    2.830 | 
     +---------------------------------------------------------------------------------------+ 
Path 19: VIOLATED Setup Check with Pin datapath/IF_pc_reg[23]/CK 
Endpoint:   datapath/IF_pc_reg[23]/D     (^) checked with  leading edge of 'clk'
Beginpoint: datapath/IFID_instr_reg[1]/Q (^) triggered by  leading edge of 'clk'
Path Groups: {reg2reg}
Analysis View: WC_VIEW
Other End Arrival Time          0.213
- Setup                         0.082
+ Phase Shift                   3.000
+ CPPR Adjustment               0.000
- Uncertainty                   0.100
= Required Time                 3.031
- Arrival Time                  3.071
= Slack Time                   -0.040
     Clock Rise Edge                 0.000
     + Clock Network Latency (Prop)  0.069
     = Beginpoint Arrival Time       0.069
     +---------------------------------------------------------------------------------------------------------+ 
     |                     Instance                     |     Arc      |   Cell   | Delay | Arrival | Required | 
     |                                                  |              |          |       |  Time   |   Time   | 
     |--------------------------------------------------+--------------+----------+-------+---------+----------| 
     | datapath/IFID_instr_reg[1]                       | CK ^         |          |       |   0.069 |    0.029 | 
     | datapath/IFID_instr_reg[1]                       | CK ^ -> Q ^  | DFFR_X1  | 0.426 |   0.495 |    0.455 | 
     | datapath/immediate_generation/FE_RC_399_0        | A1 ^ -> ZN v | NAND2_X2 | 0.071 |   0.566 |    0.526 | 
     | datapath/immediate_generation/FE_OCPC359_n_25    | A v -> ZN ^  | INV_X1   | 0.048 |   0.615 |    0.575 | 
     | datapath/immediate_generation/g3387__5526        | A1 ^ -> ZN v | NAND2_X1 | 0.061 |   0.675 |    0.635 | 
     | datapath/immediate_generation/FE_RC_878_0        | A v -> ZN ^  | INV_X2   | 0.054 |   0.729 |    0.689 | 
     | datapath/immediate_generation/FE_RC_877_0        | A1 ^ -> ZN v | NAND3_X2 | 0.047 |   0.777 |    0.737 | 
     | datapath/immediate_generation/g3342__1666        | A1 v -> ZN ^ | NAND2_X2 | 0.055 |   0.831 |    0.791 | 
     | datapath/pc_plus_imm/FA_GEN[1].fa_i/g36__3680    | A1 ^ -> ZN ^ | AND2_X4  | 0.090 |   0.922 |    0.882 | 
     | datapath/pc_plus_imm/FA_GEN[2].fa_i/g155__1705   | A2 ^ -> ZN v | NAND2_X4 | 0.037 |   0.959 |    0.919 | 
     | datapath/pc_plus_imm/FA_GEN[2].fa_i/g153__1617   | A1 v -> ZN ^ | NAND2_X4 | 0.045 |   1.004 |    0.964 | 
     | datapath/pc_plus_imm/FA_GEN[3].fa_i/g155__5115   | A1 ^ -> ZN v | NAND2_X4 | 0.035 |   1.039 |    0.999 | 
     | datapath/pc_plus_imm/FA_GEN[3].fa_i/g153__6131   | A1 v -> ZN ^ | NAND2_X4 | 0.044 |   1.084 |    1.044 | 
     | datapath/pc_plus_imm/FA_GEN[4].fa_i/g155__2883   | A1 ^ -> ZN v | NAND2_X4 | 0.036 |   1.119 |    1.079 | 
     | datapath/pc_plus_imm/FA_GEN[4].fa_i/g153__9315   | A1 v -> ZN ^ | NAND2_X4 | 0.053 |   1.172 |    1.132 | 
     | datapath/pc_plus_imm/FA_GEN[5].fa_i/g155__2398   | A1 ^ -> ZN v | NAND2_X4 | 0.040 |   1.212 |    1.172 | 
     | datapath/pc_plus_imm/FA_GEN[5].fa_i/g153__6417   | A1 v -> ZN ^ | NAND2_X4 | 0.045 |   1.258 |    1.217 | 
     | datapath/pc_plus_imm/FA_GEN[6].fa_i/g155__6783   | A1 ^ -> ZN v | NAND2_X4 | 0.035 |   1.293 |    1.253 | 
     | datapath/pc_plus_imm/FA_GEN[6].fa_i/g153__8428   | A1 v -> ZN ^ | NAND2_X4 | 0.047 |   1.340 |    1.300 | 
     | datapath/pc_plus_imm/FA_GEN[7].fa_i/g155__8246   | A1 ^ -> ZN v | NAND2_X4 | 0.037 |   1.377 |    1.337 | 
     | datapath/pc_plus_imm/FA_GEN[7].fa_i/g153__1705   | A1 v -> ZN ^ | NAND2_X4 | 0.044 |   1.421 |    1.381 | 
     | datapath/pc_plus_imm/FA_GEN[8].fa_i/g155__4733   | A1 ^ -> ZN v | NAND2_X4 | 0.036 |   1.457 |    1.417 | 
     | datapath/pc_plus_imm/FA_GEN[8].fa_i/g153__5115   | A1 v -> ZN ^ | NAND2_X4 | 0.045 |   1.501 |    1.461 | 
     | datapath/pc_plus_imm/FA_GEN[9].fa_i/g155__2346   | A1 ^ -> ZN v | NAND2_X4 | 0.036 |   1.537 |    1.497 | 
     | datapath/pc_plus_imm/FA_GEN[9].fa_i/g153__9945   | A1 v -> ZN ^ | NAND2_X4 | 0.044 |   1.581 |    1.541 | 
     | datapath/pc_plus_imm/FA_GEN[10].fa_i/g137__2398  | A1 ^ -> ZN v | NAND2_X4 | 0.036 |   1.618 |    1.577 | 
     | datapath/pc_plus_imm/FA_GEN[10].fa_i/g135__6417  | A1 v -> ZN ^ | NAND2_X4 | 0.046 |   1.663 |    1.623 | 
     | datapath/pc_plus_imm/FA_GEN[11].fa_i/g137__5526  | A1 ^ -> ZN v | NAND2_X4 | 0.036 |   1.699 |    1.659 | 
     | datapath/pc_plus_imm/FA_GEN[11].fa_i/g135__4319  | A1 v -> ZN ^ | NAND2_X4 | 0.046 |   1.745 |    1.705 | 
     | datapath/pc_plus_imm/FA_GEN[12].fa_i/g137__1705  | A1 ^ -> ZN v | NAND2_X4 | 0.036 |   1.782 |    1.741 | 
     | datapath/pc_plus_imm/FA_GEN[12].fa_i/g135__1617  | A1 v -> ZN ^ | NAND2_X4 | 0.046 |   1.827 |    1.787 | 
     | datapath/pc_plus_imm/FA_GEN[13].fa_i/g137__1881  | A1 ^ -> ZN v | NAND2_X4 | 0.036 |   1.863 |    1.823 | 
     | datapath/pc_plus_imm/FA_GEN[13].fa_i/g135__7098  | A1 v -> ZN ^ | NAND2_X4 | 0.039 |   1.903 |    1.863 | 
     | datapath/pc_plus_imm/FA_GEN[14].fa_i/g137__9315  | A1 ^ -> ZN v | NAND2_X2 | 0.034 |   1.937 |    1.897 | 
     | datapath/pc_plus_imm/FA_GEN[14].fa_i/g135__4733  | A1 v -> ZN ^ | NAND2_X2 | 0.048 |   1.985 |    1.945 | 
     | datapath/pc_plus_imm/FA_GEN[15].fa_i/g137__7410  | A1 ^ -> ZN v | NAND2_X2 | 0.038 |   2.023 |    1.983 | 
     | datapath/pc_plus_imm/FA_GEN[15].fa_i/g135__2346  | A1 v -> ZN ^ | NAND2_X2 | 0.049 |   2.072 |    2.032 | 
     | datapath/pc_plus_imm/FA_GEN[16].fa_i/g146__6260  | A1 ^ -> ZN v | NAND2_X2 | 0.046 |   2.118 |    2.078 | 
     | datapath/pc_plus_imm/FA_GEN[16].fa_i/g144__2398  | A1 v -> ZN ^ | NAND2_X4 | 0.043 |   2.161 |    2.121 | 
     | datapath/pc_plus_imm/FA_GEN[17].fa_i/g155__6783  | A1 ^ -> ZN v | NAND2_X2 | 0.036 |   2.198 |    2.158 | 
     | datapath/pc_plus_imm/FA_GEN[17].fa_i/g153__5526  | A1 v -> ZN ^ | NAND2_X2 | 0.048 |   2.246 |    2.205 | 
     | datapath/pc_plus_imm/FA_GEN[18].fa_i/g155__5122  | A1 ^ -> ZN v | NAND2_X2 | 0.038 |   2.283 |    2.243 | 
     | datapath/pc_plus_imm/FA_GEN[18].fa_i/g153__1705  | A1 v -> ZN ^ | NAND2_X2 | 0.048 |   2.331 |    2.291 | 
     | datapath/pc_plus_imm/FA_GEN[19].fa_i/g155__5115  | A1 ^ -> ZN v | NAND2_X2 | 0.046 |   2.377 |    2.337 | 
     | datapath/pc_plus_imm/FA_GEN[19].fa_i/g153__1881  | A1 v -> ZN ^ | NAND2_X4 | 0.043 |   2.420 |    2.380 | 
     | datapath/pc_plus_imm/FA_GEN[20].fa_i/g155__9945  | A1 ^ -> ZN v | NAND2_X2 | 0.035 |   2.455 |    2.415 | 
     | datapath/pc_plus_imm/FA_GEN[20].fa_i/g153__9315  | A1 v -> ZN ^ | NAND2_X2 | 0.048 |   2.504 |    2.463 | 
     | datapath/pc_plus_imm/FA_GEN[21].fa_i/g155__6417  | A1 ^ -> ZN v | NAND2_X2 | 0.046 |   2.549 |    2.509 | 
     | datapath/pc_plus_imm/FA_GEN[21].fa_i/g153__7410  | A1 v -> ZN ^ | NAND2_X4 | 0.047 |   2.597 |    2.556 | 
     | datapath/pc_plus_imm/FA_GEN[22].fa_i/FE_RC_402_0 | A1 ^ -> ZN v | NAND2_X4 | 0.036 |   2.632 |    2.592 | 
     | datapath/pc_plus_imm/FA_GEN[22].fa_i/FE_RC_401_0 | A1 v -> ZN ^ | NAND2_X4 | 0.045 |   2.677 |    2.637 | 
     | datapath/pc_plus_imm/FE_OCPC518_cout_23          | A ^ -> Z ^   | BUF_X1   | 0.084 |   2.762 |    2.721 | 
     | datapath/pc_plus_imm/FA_GEN[23].fa_i/FE_RC_460_0 | A1 ^ -> ZN v | NAND2_X1 | 0.039 |   2.800 |    2.760 | 
     | datapath/pc_plus_imm/FA_GEN[23].fa_i/FE_RC_459_0 | A v -> ZN ^  | OAI21_X1 | 0.065 |   2.866 |    2.825 | 
     | datapath/branch_or_inc_4/g868__7098              | A1 ^ -> ZN v | NAND2_X1 | 0.051 |   2.916 |    2.876 | 
     | datapath/branch_or_inc_4/g828__5107              | A1 v -> ZN ^ | NAND2_X1 | 0.050 |   2.967 |    2.926 | 
     | datapath/g38882                                  | A ^ -> ZN v  | INV_X1   | 0.029 |   2.995 |    2.955 | 
     | datapath/FE_RC_464_0                             | B1 v -> ZN ^ | OAI21_X2 | 0.076 |   3.071 |    3.031 | 
     | datapath/IF_pc_reg[23]                           | D ^          | DFFR_X1  | 0.000 |   3.071 |    3.031 | 
     +---------------------------------------------------------------------------------------------------------+ 
Path 20: VIOLATED Setup Check with Pin datapath/IFID_instr_reg[1]/CK 
Endpoint:   datapath/IFID_instr_reg[1]/D  (v) checked with  leading edge of 
'clk'
Beginpoint: datapath/IFID_instr_reg[21]/Q (^) triggered by  leading edge of 
'clk'
Path Groups: {reg2reg}
Analysis View: WC_VIEW
Other End Arrival Time          0.069
- Setup                         0.129
+ Phase Shift                   3.000
+ CPPR Adjustment               0.000
- Uncertainty                   0.100
= Required Time                 2.840
- Arrival Time                  2.875
= Slack Time                   -0.035
     Clock Rise Edge                 0.000
     + Clock Network Latency (Prop)  0.124
     = Beginpoint Arrival Time       0.124
     +---------------------------------------------------------------------------------------+ 
     |           Instance            |     Arc      |   Cell    | Delay | Arrival | Required | 
     |                               |              |           |       |  Time   |   Time   | 
     |-------------------------------+--------------+-----------+-------+---------+----------| 
     | datapath/IFID_instr_reg[21]   | CK ^         |           |       |   0.124 |    0.089 | 
     | datapath/IFID_instr_reg[21]   | CK ^ -> Q ^  | DFFR_X1   | 0.383 |   0.507 |    0.472 | 
     | datapath/FE_OFC226_IFID_rs2_1 | A ^ -> ZN v  | INV_X2    | 0.040 |   0.547 |    0.512 | 
     | datapath/FE_OFC227_IFID_rs2_1 | A v -> ZN ^  | INV_X1    | 0.104 |   0.651 |    0.616 | 
     | datapath/g528__7410           | A2 ^ -> ZN v | NAND2_X1  | 0.057 |   0.708 |    0.673 | 
     | datapath/g514__5115           | A1 v -> ZN ^ | NOR2_X1   | 0.084 |   0.792 |    0.757 | 
     | datapath/FE_OCPC366_n_1407    | A ^ -> Z ^   | CLKBUF_X3 | 0.132 |   0.924 |    0.889 | 
     | datapath/g486__6161           | A1 ^ -> ZN ^ | AND2_X4   | 0.268 |   1.192 |    1.158 | 
     | datapath/g39839               | B1 ^ -> ZN v | AOI22_X1  | 0.097 |   1.289 |    1.254 | 
     | datapath/g3482                | A1 v -> ZN v | AND4_X1   | 0.158 |   1.447 |    1.412 | 
     | datapath/g3403                | A1 v -> ZN ^ | NAND4_X4  | 0.067 |   1.514 |    1.479 | 
     | datapath/g27947               | A1 ^ -> ZN v | AOI22_X1  | 0.049 |   1.563 |    1.528 | 
     | datapath/g27825               | A v -> ZN ^  | OAI21_X1  | 0.138 |   1.701 |    1.666 | 
     | datapath/FE_RC_612_0          | A1 ^ -> ZN v | NAND2_X1  | 0.092 |   1.793 |    1.758 | 
     | datapath/FE_RC_611_0          | B2 v -> ZN ^ | AOI21_X1  | 0.138 |   1.931 |    1.896 | 
     | datapath/FE_RC_467_0          | C1 ^ -> ZN v | OAI211_X1 | 0.100 |   2.031 |    1.996 | 
     | datapath/FE_RC_839_0          | C2 v -> ZN ^ | OAI211_X2 | 0.132 |   2.163 |    2.128 | 
     | datapath/LT_TC_OP_g770        | B1 ^ -> ZN v | AOI21_X1  | 0.054 |   2.217 |    2.182 | 
     | datapath/FE_RC_540_0          | A v -> ZN ^  | INV_X1    | 0.046 |   2.263 |    2.228 | 
     | datapath/FE_RC_599_0          | A1 ^ -> ZN v | NAND2_X1  | 0.047 |   2.310 |    2.275 | 
     | datapath/g39660               | A1 v -> ZN ^ | NAND2_X1  | 0.050 |   2.360 |    2.325 | 
     | g1033                         | A ^ -> ZN v  | INV_X1    | 0.028 |   2.388 |    2.353 | 
     | g1056                         | A1 v -> ZN ^ | NOR2_X2   | 0.064 |   2.452 |    2.417 | 
     | datapath/g38987               | A ^ -> ZN v  | INV_X1    | 0.045 |   2.497 |    2.462 | 
     | datapath/g38861               | A1 v -> ZN v | AND2_X4   | 0.096 |   2.593 |    2.558 | 
     | datapath/FE_OCPC913_n_235     | A v -> ZN ^  | INV_X8    | 0.055 |   2.648 |    2.613 | 
     | datapath/FE_OCPC914_n_235     | A ^ -> ZN v  | INV_X16   | 0.038 |   2.686 |    2.651 | 
     | datapath/g38673               | B1 v -> ZN ^ | AOI22_X1  | 0.155 |   2.841 |    2.807 | 
     | datapath/g38611               | A ^ -> ZN v  | INV_X1    | 0.033 |   2.875 |    2.840 | 
     | datapath/IFID_instr_reg[1]    | D v          | DFFR_X1   | 0.000 |   2.875 |    2.840 | 
     +---------------------------------------------------------------------------------------+ 
Path 21: VIOLATED Setup Check with Pin datapath/IFID_instr_reg[11]/CK 
Endpoint:   datapath/IFID_instr_reg[11]/D (v) checked with  leading edge of 
'clk'
Beginpoint: datapath/IFID_instr_reg[21]/Q (^) triggered by  leading edge of 
'clk'
Path Groups: {reg2reg}
Analysis View: WC_VIEW
Other End Arrival Time          0.068
- Setup                         0.129
+ Phase Shift                   3.000
+ CPPR Adjustment               0.000
- Uncertainty                   0.100
= Required Time                 2.839
- Arrival Time                  2.873
= Slack Time                   -0.034
     Clock Rise Edge                 0.000
     + Clock Network Latency (Prop)  0.124
     = Beginpoint Arrival Time       0.124
     +---------------------------------------------------------------------------------------+ 
     |           Instance            |     Arc      |   Cell    | Delay | Arrival | Required | 
     |                               |              |           |       |  Time   |   Time   | 
     |-------------------------------+--------------+-----------+-------+---------+----------| 
     | datapath/IFID_instr_reg[21]   | CK ^         |           |       |   0.124 |    0.089 | 
     | datapath/IFID_instr_reg[21]   | CK ^ -> Q ^  | DFFR_X1   | 0.383 |   0.507 |    0.472 | 
     | datapath/FE_OFC226_IFID_rs2_1 | A ^ -> ZN v  | INV_X2    | 0.040 |   0.547 |    0.513 | 
     | datapath/FE_OFC227_IFID_rs2_1 | A v -> ZN ^  | INV_X1    | 0.104 |   0.651 |    0.617 | 
     | datapath/g528__7410           | A2 ^ -> ZN v | NAND2_X1  | 0.057 |   0.708 |    0.674 | 
     | datapath/g514__5115           | A1 v -> ZN ^ | NOR2_X1   | 0.084 |   0.792 |    0.757 | 
     | datapath/FE_OCPC366_n_1407    | A ^ -> Z ^   | CLKBUF_X3 | 0.132 |   0.924 |    0.890 | 
     | datapath/g486__6161           | A1 ^ -> ZN ^ | AND2_X4   | 0.268 |   1.192 |    1.158 | 
     | datapath/g39839               | B1 ^ -> ZN v | AOI22_X1  | 0.097 |   1.289 |    1.255 | 
     | datapath/g3482                | A1 v -> ZN v | AND4_X1   | 0.158 |   1.447 |    1.413 | 
     | datapath/g3403                | A1 v -> ZN ^ | NAND4_X4  | 0.067 |   1.514 |    1.480 | 
     | datapath/g27947               | A1 ^ -> ZN v | AOI22_X1  | 0.049 |   1.563 |    1.529 | 
     | datapath/g27825               | A v -> ZN ^  | OAI21_X1  | 0.138 |   1.701 |    1.667 | 
     | datapath/FE_RC_612_0          | A1 ^ -> ZN v | NAND2_X1  | 0.092 |   1.793 |    1.759 | 
     | datapath/FE_RC_611_0          | B2 v -> ZN ^ | AOI21_X1  | 0.138 |   1.931 |    1.897 | 
     | datapath/FE_RC_467_0          | C1 ^ -> ZN v | OAI211_X1 | 0.100 |   2.031 |    1.997 | 
     | datapath/FE_RC_839_0          | C2 v -> ZN ^ | OAI211_X2 | 0.132 |   2.163 |    2.128 | 
     | datapath/LT_TC_OP_g770        | B1 ^ -> ZN v | AOI21_X1  | 0.054 |   2.217 |    2.183 | 
     | datapath/FE_RC_540_0          | A v -> ZN ^  | INV_X1    | 0.046 |   2.263 |    2.229 | 
     | datapath/FE_RC_599_0          | A1 ^ -> ZN v | NAND2_X1  | 0.047 |   2.310 |    2.276 | 
     | datapath/g39660               | A1 v -> ZN ^ | NAND2_X1  | 0.050 |   2.360 |    2.326 | 
     | g1033                         | A ^ -> ZN v  | INV_X1    | 0.028 |   2.388 |    2.354 | 
     | g1056                         | A1 v -> ZN ^ | NOR2_X2   | 0.064 |   2.452 |    2.418 | 
     | datapath/g38987               | A ^ -> ZN v  | INV_X1    | 0.045 |   2.497 |    2.463 | 
     | datapath/g38861               | A1 v -> ZN v | AND2_X4   | 0.096 |   2.593 |    2.559 | 
     | datapath/FE_OCPC913_n_235     | A v -> ZN ^  | INV_X8    | 0.055 |   2.648 |    2.614 | 
     | datapath/FE_OCPC914_n_235     | A ^ -> ZN v  | INV_X16   | 0.038 |   2.686 |    2.652 | 
     | datapath/g38658               | B1 v -> ZN ^ | AOI22_X1  | 0.154 |   2.840 |    2.806 | 
     | datapath/g38597               | A ^ -> ZN v  | INV_X1    | 0.033 |   2.873 |    2.839 | 
     | datapath/IFID_instr_reg[11]   | D v          | DFFR_X1   | 0.000 |   2.873 |    2.839 | 
     +---------------------------------------------------------------------------------------+ 
Path 22: VIOLATED Setup Check with Pin datapath/IFID_instr_reg[0]/CK 
Endpoint:   datapath/IFID_instr_reg[0]/D  (^) checked with  leading edge of 
'clk'
Beginpoint: datapath/IFID_instr_reg[16]/Q (^) triggered by  leading edge of 
'clk'
Path Groups: {reg2reg}
Analysis View: WC_VIEW
Other End Arrival Time          0.069
- Setup                         0.067
+ Phase Shift                   3.000
+ CPPR Adjustment               0.000
- Uncertainty                   0.100
= Required Time                 2.902
- Arrival Time                  2.935
= Slack Time                   -0.033
     Clock Rise Edge                 0.000
     + Clock Network Latency (Prop)  0.186
     = Beginpoint Arrival Time       0.186
     +-------------------------------------------------------------------------------------+ 
     |          Instance           |     Arc      |   Cell    | Delay | Arrival | Required | 
     |                             |              |           |       |  Time   |   Time   | 
     |-----------------------------+--------------+-----------+-------+---------+----------| 
     | datapath/IFID_instr_reg[16] | CK ^         |           |       |   0.186 |    0.153 | 
     | datapath/IFID_instr_reg[16] | CK ^ -> Q ^  | DFFR_X1   | 0.431 |   0.617 |    0.584 | 
     | datapath/g40271             | A2 ^ -> ZN ^ | AND2_X2   | 0.131 |   0.748 |    0.715 | 
     | datapath/g535__1617         | A1 ^ -> ZN ^ | AND2_X4   | 0.104 |   0.852 |    0.819 | 
     | datapath/g568__6417         | A1 ^ -> ZN ^ | AND2_X4   | 0.281 |   1.133 |    1.100 | 
     | datapath/g4074              | A1 ^ -> ZN v | NAND2_X1  | 0.064 |   1.198 |    1.164 | 
     | datapath/g3561              | A2 v -> ZN v | AND2_X1   | 0.116 |   1.313 |    1.280 | 
     | datapath/g3432__6131        | A1 v -> ZN v | AND3_X1   | 0.110 |   1.423 |    1.390 | 
     | datapath/g3403__7098        | A2 v -> ZN ^ | NAND4_X2  | 0.085 |   1.508 |    1.474 | 
     | datapath/g27899             | A1 ^ -> ZN v | NAND2_X1  | 0.053 |   1.560 |    1.527 | 
     | datapath/g27734             | A v -> ZN ^  | OAI221_X1 | 0.107 |   1.668 |    1.634 | 
     | datapath/FE_OFC637_n_1209   | A ^ -> ZN v  | INV_X1    | 0.071 |   1.739 |    1.706 | 
     | datapath/FE_RC_613_0        | A2 v -> ZN ^ | NOR2_X1   | 0.117 |   1.857 |    1.823 | 
     | datapath/FE_RC_611_0        | A ^ -> ZN v  | AOI21_X1  | 0.046 |   1.903 |    1.869 | 
     | datapath/FE_RC_467_0        | C1 v -> ZN ^ | OAI211_X1 | 0.168 |   2.071 |    2.037 | 
     | datapath/FE_RC_839_0        | C2 ^ -> ZN v | OAI211_X2 | 0.091 |   2.162 |    2.128 | 
     | datapath/LT_TC_OP_g770      | B1 v -> ZN ^ | AOI21_X1  | 0.112 |   2.274 |    2.241 | 
     | datapath/FE_RC_540_0        | A ^ -> ZN v  | INV_X1    | 0.037 |   2.311 |    2.278 | 
     | datapath/FE_RC_599_0        | A1 v -> ZN ^ | NAND2_X1  | 0.070 |   2.381 |    2.348 | 
     | datapath/g39660             | A1 ^ -> ZN v | NAND2_X1  | 0.045 |   2.426 |    2.393 | 
     | g1033                       | A v -> ZN ^  | INV_X1    | 0.055 |   2.482 |    2.448 | 
     | g1056                       | A1 ^ -> ZN v | NOR2_X2   | 0.024 |   2.505 |    2.472 | 
     | datapath/g38987             | A v -> ZN ^  | INV_X1    | 0.090 |   2.596 |    2.562 | 
     | datapath/g38860             | A1 ^ -> ZN ^ | AND2_X4   | 0.118 |   2.714 |    2.680 | 
     | datapath/FE_OCPC918_n_236   | A ^ -> Z ^   | BUF_X16   | 0.120 |   2.834 |    2.801 | 
     | datapath/FE_RC_637_0        | A1 ^ -> ZN v | NAND2_X1  | 0.054 |   2.888 |    2.855 | 
     | datapath/FE_RC_636_0        | A1 v -> ZN ^ | NAND2_X1  | 0.047 |   2.935 |    2.902 | 
     | datapath/IFID_instr_reg[0]  | D ^          | DFFR_X1   | 0.000 |   2.935 |    2.902 | 
     +-------------------------------------------------------------------------------------+ 
Path 23: VIOLATED Setup Check with Pin datapath/IFID_instr_reg[8]/CK 
Endpoint:   datapath/IFID_instr_reg[8]/D  (v) checked with  leading edge of 
'clk'
Beginpoint: datapath/IFID_instr_reg[21]/Q (^) triggered by  leading edge of 
'clk'
Path Groups: {reg2reg}
Analysis View: WC_VIEW
Other End Arrival Time          0.069
- Setup                         0.129
+ Phase Shift                   3.000
+ CPPR Adjustment               0.000
- Uncertainty                   0.100
= Required Time                 2.840
- Arrival Time                  2.873
= Slack Time                   -0.033
     Clock Rise Edge                 0.000
     + Clock Network Latency (Prop)  0.124
     = Beginpoint Arrival Time       0.124
     +---------------------------------------------------------------------------------------+ 
     |           Instance            |     Arc      |   Cell    | Delay | Arrival | Required | 
     |                               |              |           |       |  Time   |   Time   | 
     |-------------------------------+--------------+-----------+-------+---------+----------| 
     | datapath/IFID_instr_reg[21]   | CK ^         |           |       |   0.124 |    0.090 | 
     | datapath/IFID_instr_reg[21]   | CK ^ -> Q ^  | DFFR_X1   | 0.383 |   0.507 |    0.473 | 
     | datapath/FE_OFC226_IFID_rs2_1 | A ^ -> ZN v  | INV_X2    | 0.040 |   0.547 |    0.513 | 
     | datapath/FE_OFC227_IFID_rs2_1 | A v -> ZN ^  | INV_X1    | 0.104 |   0.651 |    0.618 | 
     | datapath/g528__7410           | A2 ^ -> ZN v | NAND2_X1  | 0.057 |   0.708 |    0.675 | 
     | datapath/g514__5115           | A1 v -> ZN ^ | NOR2_X1   | 0.084 |   0.792 |    0.758 | 
     | datapath/FE_OCPC366_n_1407    | A ^ -> Z ^   | CLKBUF_X3 | 0.132 |   0.924 |    0.891 | 
     | datapath/g486__6161           | A1 ^ -> ZN ^ | AND2_X4   | 0.268 |   1.192 |    1.159 | 
     | datapath/g39839               | B1 ^ -> ZN v | AOI22_X1  | 0.097 |   1.289 |    1.256 | 
     | datapath/g3482                | A1 v -> ZN v | AND4_X1   | 0.158 |   1.447 |    1.414 | 
     | datapath/g3403                | A1 v -> ZN ^ | NAND4_X4  | 0.067 |   1.514 |    1.480 | 
     | datapath/g27947               | A1 ^ -> ZN v | AOI22_X1  | 0.049 |   1.563 |    1.529 | 
     | datapath/g27825               | A v -> ZN ^  | OAI21_X1  | 0.138 |   1.701 |    1.668 | 
     | datapath/FE_RC_612_0          | A1 ^ -> ZN v | NAND2_X1  | 0.092 |   1.793 |    1.760 | 
     | datapath/FE_RC_611_0          | B2 v -> ZN ^ | AOI21_X1  | 0.138 |   1.931 |    1.897 | 
     | datapath/FE_RC_467_0          | C1 ^ -> ZN v | OAI211_X1 | 0.100 |   2.031 |    1.998 | 
     | datapath/FE_RC_839_0          | C2 v -> ZN ^ | OAI211_X2 | 0.132 |   2.163 |    2.129 | 
     | datapath/LT_TC_OP_g770        | B1 ^ -> ZN v | AOI21_X1  | 0.054 |   2.217 |    2.184 | 
     | datapath/FE_RC_540_0          | A v -> ZN ^  | INV_X1    | 0.046 |   2.263 |    2.230 | 
     | datapath/FE_RC_599_0          | A1 ^ -> ZN v | NAND2_X1  | 0.047 |   2.310 |    2.277 | 
     | datapath/g39660               | A1 v -> ZN ^ | NAND2_X1  | 0.050 |   2.360 |    2.326 | 
     | g1033                         | A ^ -> ZN v  | INV_X1    | 0.028 |   2.388 |    2.355 | 
     | g1056                         | A1 v -> ZN ^ | NOR2_X2   | 0.064 |   2.452 |    2.419 | 
     | datapath/g38987               | A ^ -> ZN v  | INV_X1    | 0.045 |   2.497 |    2.464 | 
     | datapath/g38861               | A1 v -> ZN v | AND2_X4   | 0.096 |   2.593 |    2.560 | 
     | datapath/FE_OCPC913_n_235     | A v -> ZN ^  | INV_X8    | 0.055 |   2.648 |    2.615 | 
     | datapath/FE_OCPC914_n_235     | A ^ -> ZN v  | INV_X16   | 0.038 |   2.686 |    2.653 | 
     | datapath/g38719               | B1 v -> ZN ^ | AOI22_X1  | 0.153 |   2.839 |    2.806 | 
     | datapath/g38656               | A ^ -> ZN v  | INV_X1    | 0.034 |   2.873 |    2.840 | 
     | datapath/IFID_instr_reg[8]    | D v          | DFFR_X1   | 0.000 |   2.873 |    2.840 | 
     +---------------------------------------------------------------------------------------+ 
Path 24: VIOLATED Setup Check with Pin datapath/IFID_instr_reg[2]/CK 
Endpoint:   datapath/IFID_instr_reg[2]/D  (^) checked with  leading edge of 
'clk'
Beginpoint: datapath/IFID_instr_reg[16]/Q (^) triggered by  leading edge of 
'clk'
Path Groups: {reg2reg}
Analysis View: WC_VIEW
Other End Arrival Time          0.065
- Setup                         0.066
+ Phase Shift                   3.000
+ CPPR Adjustment               0.000
- Uncertainty                   0.100
= Required Time                 2.899
- Arrival Time                  2.932
= Slack Time                   -0.033
     Clock Rise Edge                 0.000
     + Clock Network Latency (Prop)  0.186
     = Beginpoint Arrival Time       0.186
     +-------------------------------------------------------------------------------------+ 
     |          Instance           |     Arc      |   Cell    | Delay | Arrival | Required | 
     |                             |              |           |       |  Time   |   Time   | 
     |-----------------------------+--------------+-----------+-------+---------+----------| 
     | datapath/IFID_instr_reg[16] | CK ^         |           |       |   0.186 |    0.153 | 
     | datapath/IFID_instr_reg[16] | CK ^ -> Q ^  | DFFR_X1   | 0.431 |   0.617 |    0.584 | 
     | datapath/g40271             | A2 ^ -> ZN ^ | AND2_X2   | 0.131 |   0.748 |    0.715 | 
     | datapath/g535__1617         | A1 ^ -> ZN ^ | AND2_X4   | 0.104 |   0.852 |    0.819 | 
     | datapath/g568__6417         | A1 ^ -> ZN ^ | AND2_X4   | 0.281 |   1.133 |    1.100 | 
     | datapath/g4074              | A1 ^ -> ZN v | NAND2_X1  | 0.064 |   1.198 |    1.164 | 
     | datapath/g3561              | A2 v -> ZN v | AND2_X1   | 0.116 |   1.313 |    1.280 | 
     | datapath/g3432__6131        | A1 v -> ZN v | AND3_X1   | 0.110 |   1.423 |    1.390 | 
     | datapath/g3403__7098        | A2 v -> ZN ^ | NAND4_X2  | 0.085 |   1.508 |    1.474 | 
     | datapath/g27899             | A1 ^ -> ZN v | NAND2_X1  | 0.053 |   1.560 |    1.527 | 
     | datapath/g27734             | A v -> ZN ^  | OAI221_X1 | 0.107 |   1.668 |    1.634 | 
     | datapath/FE_OFC637_n_1209   | A ^ -> ZN v  | INV_X1    | 0.071 |   1.739 |    1.706 | 
     | datapath/FE_RC_613_0        | A2 v -> ZN ^ | NOR2_X1   | 0.117 |   1.857 |    1.823 | 
     | datapath/FE_RC_611_0        | A ^ -> ZN v  | AOI21_X1  | 0.046 |   1.903 |    1.869 | 
     | datapath/FE_RC_467_0        | C1 v -> ZN ^ | OAI211_X1 | 0.168 |   2.071 |    2.037 | 
     | datapath/FE_RC_839_0        | C2 ^ -> ZN v | OAI211_X2 | 0.091 |   2.162 |    2.129 | 
     | datapath/LT_TC_OP_g770      | B1 v -> ZN ^ | AOI21_X1  | 0.112 |   2.274 |    2.241 | 
     | datapath/FE_RC_540_0        | A ^ -> ZN v  | INV_X1    | 0.037 |   2.311 |    2.278 | 
     | datapath/FE_RC_599_0        | A1 v -> ZN ^ | NAND2_X1  | 0.070 |   2.381 |    2.348 | 
     | datapath/g39660             | A1 ^ -> ZN v | NAND2_X1  | 0.045 |   2.426 |    2.393 | 
     | g1033                       | A v -> ZN ^  | INV_X1    | 0.055 |   2.482 |    2.448 | 
     | g1056                       | A1 ^ -> ZN v | NOR2_X2   | 0.024 |   2.505 |    2.472 | 
     | datapath/g38987             | A v -> ZN ^  | INV_X1    | 0.090 |   2.596 |    2.562 | 
     | datapath/g38861             | A1 ^ -> ZN ^ | AND2_X4   | 0.123 |   2.719 |    2.686 | 
     | datapath/FE_OCPC913_n_235   | A ^ -> ZN v  | INV_X8    | 0.035 |   2.754 |    2.721 | 
     | datapath/FE_OCPC914_n_235   | A v -> ZN ^  | INV_X16   | 0.074 |   2.828 |    2.795 | 
     | datapath/g38666             | B1 ^ -> ZN v | AOI22_X2  | 0.062 |   2.890 |    2.857 | 
     | datapath/g38605             | A v -> ZN ^  | INV_X1    | 0.042 |   2.932 |    2.899 | 
     | datapath/IFID_instr_reg[2]  | D ^          | DFFR_X1   | 0.000 |   2.932 |    2.899 | 
     +-------------------------------------------------------------------------------------+ 
Path 25: VIOLATED Setup Check with Pin datapath/IFID_instr_reg[20]/CK 
Endpoint:   datapath/IFID_instr_reg[20]/D (v) checked with  leading edge of 
'clk'
Beginpoint: datapath/IFID_instr_reg[21]/Q (^) triggered by  leading edge of 
'clk'
Path Groups: {reg2reg}
Analysis View: WC_VIEW
Other End Arrival Time          0.068
- Setup                         0.129
+ Phase Shift                   3.000
+ CPPR Adjustment               0.000
- Uncertainty                   0.100
= Required Time                 2.839
- Arrival Time                  2.872
= Slack Time                   -0.033
     Clock Rise Edge                 0.000
     + Clock Network Latency (Prop)  0.124
     = Beginpoint Arrival Time       0.124
     +---------------------------------------------------------------------------------------+ 
     |           Instance            |     Arc      |   Cell    | Delay | Arrival | Required | 
     |                               |              |           |       |  Time   |   Time   | 
     |-------------------------------+--------------+-----------+-------+---------+----------| 
     | datapath/IFID_instr_reg[21]   | CK ^         |           |       |   0.124 |    0.091 | 
     | datapath/IFID_instr_reg[21]   | CK ^ -> Q ^  | DFFR_X1   | 0.383 |   0.507 |    0.474 | 
     | datapath/FE_OFC226_IFID_rs2_1 | A ^ -> ZN v  | INV_X2    | 0.040 |   0.547 |    0.514 | 
     | datapath/FE_OFC227_IFID_rs2_1 | A v -> ZN ^  | INV_X1    | 0.104 |   0.651 |    0.618 | 
     | datapath/g528__7410           | A2 ^ -> ZN v | NAND2_X1  | 0.057 |   0.708 |    0.675 | 
     | datapath/g514__5115           | A1 v -> ZN ^ | NOR2_X1   | 0.084 |   0.792 |    0.759 | 
     | datapath/FE_OCPC366_n_1407    | A ^ -> Z ^   | CLKBUF_X3 | 0.132 |   0.924 |    0.891 | 
     | datapath/g486__6161           | A1 ^ -> ZN ^ | AND2_X4   | 0.268 |   1.192 |    1.159 | 
     | datapath/g39839               | B1 ^ -> ZN v | AOI22_X1  | 0.097 |   1.289 |    1.256 | 
     | datapath/g3482                | A1 v -> ZN v | AND4_X1   | 0.158 |   1.447 |    1.414 | 
     | datapath/g3403                | A1 v -> ZN ^ | NAND4_X4  | 0.067 |   1.514 |    1.481 | 
     | datapath/g27947               | A1 ^ -> ZN v | AOI22_X1  | 0.049 |   1.563 |    1.530 | 
     | datapath/g27825               | A v -> ZN ^  | OAI21_X1  | 0.138 |   1.701 |    1.668 | 
     | datapath/FE_RC_612_0          | A1 ^ -> ZN v | NAND2_X1  | 0.092 |   1.793 |    1.760 | 
     | datapath/FE_RC_611_0          | B2 v -> ZN ^ | AOI21_X1  | 0.138 |   1.931 |    1.898 | 
     | datapath/FE_RC_467_0          | C1 ^ -> ZN v | OAI211_X1 | 0.100 |   2.031 |    1.998 | 
     | datapath/FE_RC_839_0          | C2 v -> ZN ^ | OAI211_X2 | 0.132 |   2.163 |    2.130 | 
     | datapath/LT_TC_OP_g770        | B1 ^ -> ZN v | AOI21_X1  | 0.054 |   2.217 |    2.184 | 
     | datapath/FE_RC_540_0          | A v -> ZN ^  | INV_X1    | 0.046 |   2.263 |    2.230 | 
     | datapath/FE_RC_599_0          | A1 ^ -> ZN v | NAND2_X1  | 0.047 |   2.310 |    2.277 | 
     | datapath/g39660               | A1 v -> ZN ^ | NAND2_X1  | 0.050 |   2.360 |    2.327 | 
     | g1033                         | A ^ -> ZN v  | INV_X1    | 0.028 |   2.388 |    2.355 | 
     | g1056                         | A1 v -> ZN ^ | NOR2_X2   | 0.064 |   2.452 |    2.419 | 
     | datapath/g38987               | A ^ -> ZN v  | INV_X1    | 0.045 |   2.497 |    2.464 | 
     | datapath/g38861               | A1 v -> ZN v | AND2_X4   | 0.096 |   2.593 |    2.560 | 
     | datapath/FE_OCPC913_n_235     | A v -> ZN ^  | INV_X8    | 0.055 |   2.648 |    2.615 | 
     | datapath/FE_OCPC914_n_235     | A ^ -> ZN v  | INV_X16   | 0.038 |   2.686 |    2.653 | 
     | datapath/g38681               | B1 v -> ZN ^ | AOI22_X1  | 0.154 |   2.840 |    2.807 | 
     | datapath/g38619               | A ^ -> ZN v  | INV_X1    | 0.032 |   2.872 |    2.839 | 
     | datapath/IFID_instr_reg[20]   | D v          | DFFR_X1   | 0.000 |   2.872 |    2.839 | 
     +---------------------------------------------------------------------------------------+ 
Path 26: VIOLATED Setup Check with Pin datapath/IF_pc_reg[3]/CK 
Endpoint:   datapath/IF_pc_reg[3]/D       (v) checked with  leading edge of 
'clk'
Beginpoint: datapath/IFID_instr_reg[16]/Q (^) triggered by  leading edge of 
'clk'
Path Groups: {reg2reg}
Analysis View: WC_VIEW
Other End Arrival Time          0.065
- Setup                         0.237
+ Phase Shift                   3.000
+ CPPR Adjustment               0.000
- Uncertainty                   0.100
= Required Time                 2.727
- Arrival Time                  2.759
= Slack Time                   -0.032
     Clock Rise Edge                 0.000
     + Clock Network Latency (Prop)  0.186
     = Beginpoint Arrival Time       0.186
     +---------------------------------------------------------------------------------------------+ 
     |              Instance               |     Arc      |   Cell    | Delay | Arrival | Required | 
     |                                     |              |           |       |  Time   |   Time   | 
     |-------------------------------------+--------------+-----------+-------+---------+----------| 
     | datapath/IFID_instr_reg[16]         | CK ^         |           |       |   0.186 |    0.154 | 
     | datapath/IFID_instr_reg[16]         | CK ^ -> Q ^  | DFFR_X1   | 0.431 |   0.617 |    0.585 | 
     | datapath/g40271                     | A2 ^ -> ZN ^ | AND2_X2   | 0.131 |   0.748 |    0.716 | 
     | datapath/g535__1617                 | A1 ^ -> ZN ^ | AND2_X4   | 0.104 |   0.852 |    0.820 | 
     | datapath/g568__6417                 | A1 ^ -> ZN ^ | AND2_X4   | 0.281 |   1.133 |    1.101 | 
     | datapath/g4074                      | A1 ^ -> ZN v | NAND2_X1  | 0.064 |   1.198 |    1.165 | 
     | datapath/g3561                      | A2 v -> ZN v | AND2_X1   | 0.116 |   1.313 |    1.281 | 
     | datapath/g3432__6131                | A1 v -> ZN v | AND3_X1   | 0.110 |   1.423 |    1.391 | 
     | datapath/g3403__7098                | A2 v -> ZN ^ | NAND4_X2  | 0.085 |   1.508 |    1.475 | 
     | datapath/g27899                     | A1 ^ -> ZN v | NAND2_X1  | 0.053 |   1.560 |    1.528 | 
     | datapath/g27734                     | A v -> ZN ^  | OAI221_X1 | 0.107 |   1.668 |    1.635 | 
     | datapath/FE_OFC637_n_1209           | A ^ -> ZN v  | INV_X1    | 0.071 |   1.739 |    1.707 | 
     | datapath/FE_RC_613_0                | A2 v -> ZN ^ | NOR2_X1   | 0.117 |   1.857 |    1.824 | 
     | datapath/FE_RC_611_0                | A ^ -> ZN v  | AOI21_X1  | 0.046 |   1.903 |    1.870 | 
     | datapath/FE_RC_467_0                | C1 v -> ZN ^ | OAI211_X1 | 0.168 |   2.071 |    2.038 | 
     | datapath/FE_RC_839_0                | C2 ^ -> ZN v | OAI211_X2 | 0.091 |   2.162 |    2.130 | 
     | datapath/LT_TC_OP_g770              | B1 v -> ZN ^ | AOI21_X1  | 0.112 |   2.274 |    2.242 | 
     | datapath/FE_RC_540_0                | A ^ -> ZN v  | INV_X1    | 0.037 |   2.311 |    2.279 | 
     | datapath/FE_RC_599_0                | A1 v -> ZN ^ | NAND2_X1  | 0.070 |   2.381 |    2.349 | 
     | datapath/FE_RC_598_0                | A1 ^ -> ZN ^ | AND2_X1   | 0.144 |   2.526 |    2.493 | 
     | datapath/FE_OFC964_FE_RN_355_0      | A ^ -> ZN v  | INV_X4    | 0.056 |   2.581 |    2.549 | 
     | datapath/branch_or_inc_4/g821__2883 | S v -> Z v   | MUX2_X1   | 0.178 |   2.759 |    2.727 | 
     | datapath/IF_pc_reg[3]               | D v          | SDFFR_X2  | 0.000 |   2.759 |    2.727 | 
     +---------------------------------------------------------------------------------------------+ 
Path 27: VIOLATED Setup Check with Pin datapath/IF_pc_reg[1]/CK 
Endpoint:   datapath/IF_pc_reg[1]/D       (v) checked with  leading edge of 
'clk'
Beginpoint: datapath/IFID_instr_reg[16]/Q (^) triggered by  leading edge of 
'clk'
Path Groups: {reg2reg}
Analysis View: WC_VIEW
Other End Arrival Time          0.065
- Setup                         0.237
+ Phase Shift                   3.000
+ CPPR Adjustment               0.000
- Uncertainty                   0.100
= Required Time                 2.727
- Arrival Time                  2.759
= Slack Time                   -0.032
     Clock Rise Edge                 0.000
     + Clock Network Latency (Prop)  0.186
     = Beginpoint Arrival Time       0.186
     +---------------------------------------------------------------------------------------------+ 
     |              Instance               |     Arc      |   Cell    | Delay | Arrival | Required | 
     |                                     |              |           |       |  Time   |   Time   | 
     |-------------------------------------+--------------+-----------+-------+---------+----------| 
     | datapath/IFID_instr_reg[16]         | CK ^         |           |       |   0.186 |    0.154 | 
     | datapath/IFID_instr_reg[16]         | CK ^ -> Q ^  | DFFR_X1   | 0.431 |   0.617 |    0.585 | 
     | datapath/g40271                     | A2 ^ -> ZN ^ | AND2_X2   | 0.131 |   0.748 |    0.716 | 
     | datapath/g535__1617                 | A1 ^ -> ZN ^ | AND2_X4   | 0.104 |   0.852 |    0.820 | 
     | datapath/g568__6417                 | A1 ^ -> ZN ^ | AND2_X4   | 0.281 |   1.133 |    1.102 | 
     | datapath/g4074                      | A1 ^ -> ZN v | NAND2_X1  | 0.064 |   1.198 |    1.166 | 
     | datapath/g3561                      | A2 v -> ZN v | AND2_X1   | 0.116 |   1.313 |    1.281 | 
     | datapath/g3432__6131                | A1 v -> ZN v | AND3_X1   | 0.110 |   1.423 |    1.391 | 
     | datapath/g3403__7098                | A2 v -> ZN ^ | NAND4_X2  | 0.085 |   1.508 |    1.476 | 
     | datapath/g27899                     | A1 ^ -> ZN v | NAND2_X1  | 0.053 |   1.560 |    1.528 | 
     | datapath/g27734                     | A v -> ZN ^  | OAI221_X1 | 0.107 |   1.668 |    1.636 | 
     | datapath/FE_OFC637_n_1209           | A ^ -> ZN v  | INV_X1    | 0.071 |   1.739 |    1.707 | 
     | datapath/FE_RC_613_0                | A2 v -> ZN ^ | NOR2_X1   | 0.117 |   1.857 |    1.825 | 
     | datapath/FE_RC_611_0                | A ^ -> ZN v  | AOI21_X1  | 0.046 |   1.903 |    1.871 | 
     | datapath/FE_RC_467_0                | C1 v -> ZN ^ | OAI211_X1 | 0.168 |   2.071 |    2.039 | 
     | datapath/FE_RC_839_0                | C2 ^ -> ZN v | OAI211_X2 | 0.091 |   2.162 |    2.130 | 
     | datapath/LT_TC_OP_g770              | B1 v -> ZN ^ | AOI21_X1  | 0.112 |   2.274 |    2.242 | 
     | datapath/FE_RC_540_0                | A ^ -> ZN v  | INV_X1    | 0.037 |   2.311 |    2.279 | 
     | datapath/FE_RC_599_0                | A1 v -> ZN ^ | NAND2_X1  | 0.070 |   2.381 |    2.349 | 
     | datapath/FE_RC_598_0                | A1 ^ -> ZN ^ | AND2_X1   | 0.144 |   2.526 |    2.494 | 
     | datapath/FE_OFC964_FE_RN_355_0      | A ^ -> ZN v  | INV_X4    | 0.056 |   2.581 |    2.549 | 
     | datapath/branch_or_inc_4/g826__5477 | S v -> Z v   | MUX2_X1   | 0.178 |   2.759 |    2.727 | 
     | datapath/IF_pc_reg[1]               | D v          | SDFFR_X2  | 0.000 |   2.759 |    2.727 | 
     +---------------------------------------------------------------------------------------------+ 
Path 28: VIOLATED Setup Check with Pin datapath/IF_pc_reg[2]/CK 
Endpoint:   datapath/IF_pc_reg[2]/D       (v) checked with  leading edge of 
'clk'
Beginpoint: datapath/IFID_instr_reg[16]/Q (^) triggered by  leading edge of 
'clk'
Path Groups: {reg2reg}
Analysis View: WC_VIEW
Other End Arrival Time          0.065
- Setup                         0.237
+ Phase Shift                   3.000
+ CPPR Adjustment               0.000
- Uncertainty                   0.100
= Required Time                 2.727
- Arrival Time                  2.759
= Slack Time                   -0.032
     Clock Rise Edge                 0.000
     + Clock Network Latency (Prop)  0.186
     = Beginpoint Arrival Time       0.186
     +---------------------------------------------------------------------------------------------+ 
     |              Instance               |     Arc      |   Cell    | Delay | Arrival | Required | 
     |                                     |              |           |       |  Time   |   Time   | 
     |-------------------------------------+--------------+-----------+-------+---------+----------| 
     | datapath/IFID_instr_reg[16]         | CK ^         |           |       |   0.186 |    0.154 | 
     | datapath/IFID_instr_reg[16]         | CK ^ -> Q ^  | DFFR_X1   | 0.431 |   0.617 |    0.585 | 
     | datapath/g40271                     | A2 ^ -> ZN ^ | AND2_X2   | 0.131 |   0.748 |    0.717 | 
     | datapath/g535__1617                 | A1 ^ -> ZN ^ | AND2_X4   | 0.104 |   0.852 |    0.820 | 
     | datapath/g568__6417                 | A1 ^ -> ZN ^ | AND2_X4   | 0.281 |   1.133 |    1.102 | 
     | datapath/g4074                      | A1 ^ -> ZN v | NAND2_X1  | 0.064 |   1.198 |    1.166 | 
     | datapath/g3561                      | A2 v -> ZN v | AND2_X1   | 0.116 |   1.313 |    1.282 | 
     | datapath/g3432__6131                | A1 v -> ZN v | AND3_X1   | 0.110 |   1.423 |    1.391 | 
     | datapath/g3403__7098                | A2 v -> ZN ^ | NAND4_X2  | 0.085 |   1.508 |    1.476 | 
     | datapath/g27899                     | A1 ^ -> ZN v | NAND2_X1  | 0.053 |   1.560 |    1.529 | 
     | datapath/g27734                     | A v -> ZN ^  | OAI221_X1 | 0.107 |   1.668 |    1.636 | 
     | datapath/FE_OFC637_n_1209           | A ^ -> ZN v  | INV_X1    | 0.071 |   1.739 |    1.707 | 
     | datapath/FE_RC_613_0                | A2 v -> ZN ^ | NOR2_X1   | 0.117 |   1.857 |    1.825 | 
     | datapath/FE_RC_611_0                | A ^ -> ZN v  | AOI21_X1  | 0.046 |   1.903 |    1.871 | 
     | datapath/FE_RC_467_0                | C1 v -> ZN ^ | OAI211_X1 | 0.168 |   2.071 |    2.039 | 
     | datapath/FE_RC_839_0                | C2 ^ -> ZN v | OAI211_X2 | 0.091 |   2.162 |    2.130 | 
     | datapath/LT_TC_OP_g770              | B1 v -> ZN ^ | AOI21_X1  | 0.112 |   2.274 |    2.242 | 
     | datapath/FE_RC_540_0                | A ^ -> ZN v  | INV_X1    | 0.037 |   2.311 |    2.280 | 
     | datapath/FE_RC_599_0                | A1 v -> ZN ^ | NAND2_X1  | 0.070 |   2.381 |    2.350 | 
     | datapath/FE_RC_598_0                | A1 ^ -> ZN ^ | AND2_X1   | 0.144 |   2.526 |    2.494 | 
     | datapath/FE_OFC964_FE_RN_355_0      | A ^ -> ZN v  | INV_X4    | 0.056 |   2.581 |    2.549 | 
     | datapath/branch_or_inc_4/g824__7410 | S v -> Z v   | MUX2_X1   | 0.178 |   2.759 |    2.727 | 
     | datapath/IF_pc_reg[2]               | D v          | SDFFR_X2  | 0.000 |   2.759 |    2.727 | 
     +---------------------------------------------------------------------------------------------+ 
Path 29: VIOLATED Setup Check with Pin datapath/IFID_pc_reg[1]/CK 
Endpoint:   datapath/IFID_pc_reg[1]/D     (^) checked with  leading edge of 
'clk'
Beginpoint: datapath/IFID_instr_reg[16]/Q (^) triggered by  leading edge of 
'clk'
Path Groups: {reg2reg}
Analysis View: WC_VIEW
Other End Arrival Time          0.065
- Setup                         0.066
+ Phase Shift                   3.000
+ CPPR Adjustment               0.000
- Uncertainty                   0.100
= Required Time                 2.899
- Arrival Time                  2.930
= Slack Time                   -0.031
     Clock Rise Edge                 0.000
     + Clock Network Latency (Prop)  0.186
     = Beginpoint Arrival Time       0.186
     +-------------------------------------------------------------------------------------+ 
     |          Instance           |     Arc      |   Cell    | Delay | Arrival | Required | 
     |                             |              |           |       |  Time   |   Time   | 
     |-----------------------------+--------------+-----------+-------+---------+----------| 
     | datapath/IFID_instr_reg[16] | CK ^         |           |       |   0.186 |    0.155 | 
     | datapath/IFID_instr_reg[16] | CK ^ -> Q ^  | DFFR_X1   | 0.431 |   0.617 |    0.586 | 
     | datapath/g40271             | A2 ^ -> ZN ^ | AND2_X2   | 0.131 |   0.748 |    0.717 | 
     | datapath/g535__1617         | A1 ^ -> ZN ^ | AND2_X4   | 0.104 |   0.852 |    0.821 | 
     | datapath/g568__6417         | A1 ^ -> ZN ^ | AND2_X4   | 0.281 |   1.133 |    1.102 | 
     | datapath/g4074              | A1 ^ -> ZN v | NAND2_X1  | 0.064 |   1.198 |    1.166 | 
     | datapath/g3561              | A2 v -> ZN v | AND2_X1   | 0.116 |   1.313 |    1.282 | 
     | datapath/g3432__6131        | A1 v -> ZN v | AND3_X1   | 0.110 |   1.423 |    1.392 | 
     | datapath/g3403__7098        | A2 v -> ZN ^ | NAND4_X2  | 0.085 |   1.508 |    1.476 | 
     | datapath/g27899             | A1 ^ -> ZN v | NAND2_X1  | 0.053 |   1.560 |    1.529 | 
     | datapath/g27734             | A v -> ZN ^  | OAI221_X1 | 0.107 |   1.668 |    1.636 | 
     | datapath/FE_OFC637_n_1209   | A ^ -> ZN v  | INV_X1    | 0.071 |   1.739 |    1.708 | 
     | datapath/FE_RC_613_0        | A2 v -> ZN ^ | NOR2_X1   | 0.117 |   1.857 |    1.825 | 
     | datapath/FE_RC_611_0        | A ^ -> ZN v  | AOI21_X1  | 0.046 |   1.903 |    1.871 | 
     | datapath/FE_RC_467_0        | C1 v -> ZN ^ | OAI211_X1 | 0.168 |   2.071 |    2.039 | 
     | datapath/FE_RC_839_0        | C2 ^ -> ZN v | OAI211_X2 | 0.091 |   2.162 |    2.131 | 
     | datapath/LT_TC_OP_g770      | B1 v -> ZN ^ | AOI21_X1  | 0.112 |   2.274 |    2.243 | 
     | datapath/FE_RC_540_0        | A ^ -> ZN v  | INV_X1    | 0.037 |   2.311 |    2.280 | 
     | datapath/FE_RC_599_0        | A1 v -> ZN ^ | NAND2_X1  | 0.070 |   2.381 |    2.350 | 
     | datapath/g39660             | A1 ^ -> ZN v | NAND2_X1  | 0.045 |   2.426 |    2.395 | 
     | g1033                       | A v -> ZN ^  | INV_X1    | 0.055 |   2.482 |    2.450 | 
     | g1056                       | A1 ^ -> ZN v | NOR2_X2   | 0.024 |   2.505 |    2.474 | 
     | datapath/g38987             | A v -> ZN ^  | INV_X1    | 0.090 |   2.596 |    2.564 | 
     | datapath/g38861             | A1 ^ -> ZN ^ | AND2_X4   | 0.123 |   2.719 |    2.688 | 
     | datapath/FE_OCPC913_n_235   | A ^ -> ZN v  | INV_X8    | 0.035 |   2.754 |    2.723 | 
     | datapath/FE_OCPC914_n_235   | A v -> ZN ^  | INV_X16   | 0.074 |   2.828 |    2.797 | 
     | datapath/g38693             | B1 ^ -> ZN v | AOI22_X2  | 0.061 |   2.889 |    2.858 | 
     | datapath/g38631             | A v -> ZN ^  | INV_X1    | 0.041 |   2.930 |    2.899 | 
     | datapath/IFID_pc_reg[1]     | D ^          | DFFR_X1   | 0.000 |   2.930 |    2.899 | 
     +-------------------------------------------------------------------------------------+ 
Path 30: VIOLATED Setup Check with Pin datapath/IFID_instr_reg[3]/CK 
Endpoint:   datapath/IFID_instr_reg[3]/D  (^) checked with  leading edge of 
'clk'
Beginpoint: datapath/IFID_instr_reg[16]/Q (^) triggered by  leading edge of 
'clk'
Path Groups: {reg2reg}
Analysis View: WC_VIEW
Other End Arrival Time          0.065
- Setup                         0.066
+ Phase Shift                   3.000
+ CPPR Adjustment               0.000
- Uncertainty                   0.100
= Required Time                 2.899
- Arrival Time                  2.930
= Slack Time                   -0.031
     Clock Rise Edge                 0.000
     + Clock Network Latency (Prop)  0.186
     = Beginpoint Arrival Time       0.186
     +-------------------------------------------------------------------------------------+ 
     |          Instance           |     Arc      |   Cell    | Delay | Arrival | Required | 
     |                             |              |           |       |  Time   |   Time   | 
     |-----------------------------+--------------+-----------+-------+---------+----------| 
     | datapath/IFID_instr_reg[16] | CK ^         |           |       |   0.186 |    0.155 | 
     | datapath/IFID_instr_reg[16] | CK ^ -> Q ^  | DFFR_X1   | 0.431 |   0.617 |    0.586 | 
     | datapath/g40271             | A2 ^ -> ZN ^ | AND2_X2   | 0.131 |   0.748 |    0.717 | 
     | datapath/g535__1617         | A1 ^ -> ZN ^ | AND2_X4   | 0.104 |   0.852 |    0.821 | 
     | datapath/g568__6417         | A1 ^ -> ZN ^ | AND2_X4   | 0.281 |   1.133 |    1.103 | 
     | datapath/g4074              | A1 ^ -> ZN v | NAND2_X1  | 0.064 |   1.198 |    1.167 | 
     | datapath/g3561              | A2 v -> ZN v | AND2_X1   | 0.116 |   1.313 |    1.282 | 
     | datapath/g3432__6131        | A1 v -> ZN v | AND3_X1   | 0.110 |   1.423 |    1.392 | 
     | datapath/g3403__7098        | A2 v -> ZN ^ | NAND4_X2  | 0.085 |   1.508 |    1.477 | 
     | datapath/g27899             | A1 ^ -> ZN v | NAND2_X1  | 0.053 |   1.560 |    1.529 | 
     | datapath/g27734             | A v -> ZN ^  | OAI221_X1 | 0.107 |   1.668 |    1.637 | 
     | datapath/FE_OFC637_n_1209   | A ^ -> ZN v  | INV_X1    | 0.071 |   1.739 |    1.708 | 
     | datapath/FE_RC_613_0        | A2 v -> ZN ^ | NOR2_X1   | 0.117 |   1.857 |    1.826 | 
     | datapath/FE_RC_611_0        | A ^ -> ZN v  | AOI21_X1  | 0.046 |   1.903 |    1.872 | 
     | datapath/FE_RC_467_0        | C1 v -> ZN ^ | OAI211_X1 | 0.168 |   2.071 |    2.040 | 
     | datapath/FE_RC_839_0        | C2 ^ -> ZN v | OAI211_X2 | 0.091 |   2.162 |    2.131 | 
     | datapath/LT_TC_OP_g770      | B1 v -> ZN ^ | AOI21_X1  | 0.112 |   2.274 |    2.243 | 
     | datapath/FE_RC_540_0        | A ^ -> ZN v  | INV_X1    | 0.037 |   2.311 |    2.280 | 
     | datapath/FE_RC_599_0        | A1 v -> ZN ^ | NAND2_X1  | 0.070 |   2.381 |    2.350 | 
     | datapath/g39660             | A1 ^ -> ZN v | NAND2_X1  | 0.045 |   2.426 |    2.395 | 
     | g1033                       | A v -> ZN ^  | INV_X1    | 0.055 |   2.482 |    2.451 | 
     | g1056                       | A1 ^ -> ZN v | NOR2_X2   | 0.024 |   2.505 |    2.474 | 
     | datapath/g38987             | A v -> ZN ^  | INV_X1    | 0.090 |   2.596 |    2.565 | 
     | datapath/g38861             | A1 ^ -> ZN ^ | AND2_X4   | 0.123 |   2.719 |    2.688 | 
     | datapath/FE_OCPC913_n_235   | A ^ -> ZN v  | INV_X8    | 0.035 |   2.754 |    2.723 | 
     | datapath/FE_OCPC914_n_235   | A v -> ZN ^  | INV_X16   | 0.074 |   2.828 |    2.797 | 
     | datapath/g38669             | B1 ^ -> ZN v | AOI22_X2  | 0.061 |   2.889 |    2.858 | 
     | datapath/g38608             | A v -> ZN ^  | INV_X1    | 0.041 |   2.930 |    2.899 | 
     | datapath/IFID_instr_reg[3]  | D ^          | DFFR_X1   | 0.000 |   2.930 |    2.899 | 
     +-------------------------------------------------------------------------------------+ 
Path 31: VIOLATED Setup Check with Pin datapath/IFID_instr_reg[7]/CK 
Endpoint:   datapath/IFID_instr_reg[7]/D  (v) checked with  leading edge of 
'clk'
Beginpoint: datapath/IFID_instr_reg[21]/Q (^) triggered by  leading edge of 
'clk'
Path Groups: {reg2reg}
Analysis View: WC_VIEW
Other End Arrival Time          0.068
- Setup                         0.129
+ Phase Shift                   3.000
+ CPPR Adjustment               0.000
- Uncertainty                   0.100
= Required Time                 2.839
- Arrival Time                  2.870
= Slack Time                   -0.031
     Clock Rise Edge                 0.000
     + Clock Network Latency (Prop)  0.124
     = Beginpoint Arrival Time       0.124
     +---------------------------------------------------------------------------------------+ 
     |           Instance            |     Arc      |   Cell    | Delay | Arrival | Required | 
     |                               |              |           |       |  Time   |   Time   | 
     |-------------------------------+--------------+-----------+-------+---------+----------| 
     | datapath/IFID_instr_reg[21]   | CK ^         |           |       |   0.124 |    0.093 | 
     | datapath/IFID_instr_reg[21]   | CK ^ -> Q ^  | DFFR_X1   | 0.383 |   0.507 |    0.476 | 
     | datapath/FE_OFC226_IFID_rs2_1 | A ^ -> ZN v  | INV_X2    | 0.040 |   0.547 |    0.516 | 
     | datapath/FE_OFC227_IFID_rs2_1 | A v -> ZN ^  | INV_X1    | 0.104 |   0.651 |    0.621 | 
     | datapath/g528__7410           | A2 ^ -> ZN v | NAND2_X1  | 0.057 |   0.708 |    0.677 | 
     | datapath/g514__5115           | A1 v -> ZN ^ | NOR2_X1   | 0.084 |   0.792 |    0.761 | 
     | datapath/FE_OCPC366_n_1407    | A ^ -> Z ^   | CLKBUF_X3 | 0.132 |   0.924 |    0.893 | 
     | datapath/g486__6161           | A1 ^ -> ZN ^ | AND2_X4   | 0.268 |   1.192 |    1.162 | 
     | datapath/g39839               | B1 ^ -> ZN v | AOI22_X1  | 0.097 |   1.289 |    1.258 | 
     | datapath/g3482                | A1 v -> ZN v | AND4_X1   | 0.158 |   1.447 |    1.417 | 
     | datapath/g3403                | A1 v -> ZN ^ | NAND4_X4  | 0.067 |   1.514 |    1.483 | 
     | datapath/g27947               | A1 ^ -> ZN v | AOI22_X1  | 0.049 |   1.563 |    1.532 | 
     | datapath/g27825               | A v -> ZN ^  | OAI21_X1  | 0.138 |   1.701 |    1.670 | 
     | datapath/FE_RC_612_0          | A1 ^ -> ZN v | NAND2_X1  | 0.092 |   1.793 |    1.763 | 
     | datapath/FE_RC_611_0          | B2 v -> ZN ^ | AOI21_X1  | 0.138 |   1.931 |    1.900 | 
     | datapath/FE_RC_467_0          | C1 ^ -> ZN v | OAI211_X1 | 0.100 |   2.031 |    2.000 | 
     | datapath/FE_RC_839_0          | C2 v -> ZN ^ | OAI211_X2 | 0.132 |   2.163 |    2.132 | 
     | datapath/LT_TC_OP_g770        | B1 ^ -> ZN v | AOI21_X1  | 0.054 |   2.217 |    2.186 | 
     | datapath/FE_RC_540_0          | A v -> ZN ^  | INV_X1    | 0.046 |   2.263 |    2.232 | 
     | datapath/FE_RC_599_0          | A1 ^ -> ZN v | NAND2_X1  | 0.047 |   2.310 |    2.279 | 
     | datapath/g39660               | A1 v -> ZN ^ | NAND2_X1  | 0.050 |   2.360 |    2.329 | 
     | g1033                         | A ^ -> ZN v  | INV_X1    | 0.028 |   2.388 |    2.358 | 
     | g1056                         | A1 v -> ZN ^ | NOR2_X2   | 0.064 |   2.452 |    2.421 | 
     | datapath/g38987               | A ^ -> ZN v  | INV_X1    | 0.045 |   2.497 |    2.466 | 
     | datapath/g38861               | A1 v -> ZN v | AND2_X4   | 0.096 |   2.593 |    2.562 | 
     | datapath/FE_OCPC913_n_235     | A v -> ZN ^  | INV_X8    | 0.055 |   2.648 |    2.617 | 
     | datapath/FE_OCPC914_n_235     | A ^ -> ZN v  | INV_X16   | 0.038 |   2.686 |    2.655 | 
     | datapath/g38718               | B1 v -> ZN ^ | AOI22_X1  | 0.152 |   2.838 |    2.807 | 
     | datapath/g38655               | A ^ -> ZN v  | INV_X1    | 0.032 |   2.870 |    2.839 | 
     | datapath/IFID_instr_reg[7]    | D v          | DFFR_X1   | 0.000 |   2.870 |    2.839 | 
     +---------------------------------------------------------------------------------------+ 
Path 32: VIOLATED Setup Check with Pin datapath/IFID_instr_reg[4]/CK 
Endpoint:   datapath/IFID_instr_reg[4]/D  (^) checked with  leading edge of 
'clk'
Beginpoint: datapath/IFID_instr_reg[16]/Q (^) triggered by  leading edge of 
'clk'
Path Groups: {reg2reg}
Analysis View: WC_VIEW
Other End Arrival Time          0.065
- Setup                         0.066
+ Phase Shift                   3.000
+ CPPR Adjustment               0.000
- Uncertainty                   0.100
= Required Time                 2.899
- Arrival Time                  2.930
= Slack Time                   -0.031
     Clock Rise Edge                 0.000
     + Clock Network Latency (Prop)  0.186
     = Beginpoint Arrival Time       0.186
     +-------------------------------------------------------------------------------------+ 
     |          Instance           |     Arc      |   Cell    | Delay | Arrival | Required | 
     |                             |              |           |       |  Time   |   Time   | 
     |-----------------------------+--------------+-----------+-------+---------+----------| 
     | datapath/IFID_instr_reg[16] | CK ^         |           |       |   0.186 |    0.155 | 
     | datapath/IFID_instr_reg[16] | CK ^ -> Q ^  | DFFR_X1   | 0.431 |   0.617 |    0.586 | 
     | datapath/g40271             | A2 ^ -> ZN ^ | AND2_X2   | 0.131 |   0.748 |    0.718 | 
     | datapath/g535__1617         | A1 ^ -> ZN ^ | AND2_X4   | 0.104 |   0.852 |    0.821 | 
     | datapath/g568__6417         | A1 ^ -> ZN ^ | AND2_X4   | 0.281 |   1.133 |    1.103 | 
     | datapath/g4074              | A1 ^ -> ZN v | NAND2_X1  | 0.064 |   1.198 |    1.167 | 
     | datapath/g3561              | A2 v -> ZN v | AND2_X1   | 0.116 |   1.313 |    1.283 | 
     | datapath/g3432__6131        | A1 v -> ZN v | AND3_X1   | 0.110 |   1.423 |    1.392 | 
     | datapath/g3403__7098        | A2 v -> ZN ^ | NAND4_X2  | 0.085 |   1.508 |    1.477 | 
     | datapath/g27899             | A1 ^ -> ZN v | NAND2_X1  | 0.053 |   1.560 |    1.530 | 
     | datapath/g27734             | A v -> ZN ^  | OAI221_X1 | 0.107 |   1.668 |    1.637 | 
     | datapath/FE_OFC637_n_1209   | A ^ -> ZN v  | INV_X1    | 0.071 |   1.739 |    1.709 | 
     | datapath/FE_RC_613_0        | A2 v -> ZN ^ | NOR2_X1   | 0.117 |   1.857 |    1.826 | 
     | datapath/FE_RC_611_0        | A ^ -> ZN v  | AOI21_X1  | 0.046 |   1.903 |    1.872 | 
     | datapath/FE_RC_467_0        | C1 v -> ZN ^ | OAI211_X1 | 0.168 |   2.071 |    2.040 | 
     | datapath/FE_RC_839_0        | C2 ^ -> ZN v | OAI211_X2 | 0.091 |   2.162 |    2.131 | 
     | datapath/LT_TC_OP_g770      | B1 v -> ZN ^ | AOI21_X1  | 0.112 |   2.274 |    2.243 | 
     | datapath/FE_RC_540_0        | A ^ -> ZN v  | INV_X1    | 0.037 |   2.311 |    2.281 | 
     | datapath/FE_RC_599_0        | A1 v -> ZN ^ | NAND2_X1  | 0.070 |   2.381 |    2.351 | 
     | datapath/g39660             | A1 ^ -> ZN v | NAND2_X1  | 0.045 |   2.426 |    2.396 | 
     | g1033                       | A v -> ZN ^  | INV_X1    | 0.055 |   2.482 |    2.451 | 
     | g1056                       | A1 ^ -> ZN v | NOR2_X2   | 0.024 |   2.505 |    2.475 | 
     | datapath/g38987             | A v -> ZN ^  | INV_X1    | 0.090 |   2.596 |    2.565 | 
     | datapath/g38861             | A1 ^ -> ZN ^ | AND2_X4   | 0.123 |   2.719 |    2.688 | 
     | datapath/FE_OCPC913_n_235   | A ^ -> ZN v  | INV_X8    | 0.035 |   2.754 |    2.723 | 
     | datapath/FE_OCPC914_n_235   | A v -> ZN ^  | INV_X16   | 0.074 |   2.828 |    2.798 | 
     | datapath/g38671             | B1 ^ -> ZN v | AOI22_X2  | 0.061 |   2.889 |    2.858 | 
     | datapath/g38609             | A v -> ZN ^  | INV_X1    | 0.041 |   2.930 |    2.899 | 
     | datapath/IFID_instr_reg[4]  | D ^          | DFFR_X1   | 0.000 |   2.930 |    2.899 | 
     +-------------------------------------------------------------------------------------+ 
Path 33: VIOLATED Setup Check with Pin datapath/IFID_instr_reg[9]/CK 
Endpoint:   datapath/IFID_instr_reg[9]/D  (^) checked with  leading edge of 
'clk'
Beginpoint: datapath/IFID_instr_reg[16]/Q (^) triggered by  leading edge of 
'clk'
Path Groups: {reg2reg}
Analysis View: WC_VIEW
Other End Arrival Time          0.069
- Setup                         0.066
+ Phase Shift                   3.000
+ CPPR Adjustment               0.000
- Uncertainty                   0.100
= Required Time                 2.902
- Arrival Time                  2.932
= Slack Time                   -0.029
     Clock Rise Edge                 0.000
     + Clock Network Latency (Prop)  0.186
     = Beginpoint Arrival Time       0.186
     +-------------------------------------------------------------------------------------+ 
     |          Instance           |     Arc      |   Cell    | Delay | Arrival | Required | 
     |                             |              |           |       |  Time   |   Time   | 
     |-----------------------------+--------------+-----------+-------+---------+----------| 
     | datapath/IFID_instr_reg[16] | CK ^         |           |       |   0.186 |    0.157 | 
     | datapath/IFID_instr_reg[16] | CK ^ -> Q ^  | DFFR_X1   | 0.431 |   0.617 |    0.588 | 
     | datapath/g40271             | A2 ^ -> ZN ^ | AND2_X2   | 0.131 |   0.748 |    0.719 | 
     | datapath/g535__1617         | A1 ^ -> ZN ^ | AND2_X4   | 0.104 |   0.852 |    0.823 | 
     | datapath/g568__6417         | A1 ^ -> ZN ^ | AND2_X4   | 0.281 |   1.133 |    1.104 | 
     | datapath/g4074              | A1 ^ -> ZN v | NAND2_X1  | 0.064 |   1.198 |    1.168 | 
     | datapath/g3561              | A2 v -> ZN v | AND2_X1   | 0.116 |   1.313 |    1.284 | 
     | datapath/g3432__6131        | A1 v -> ZN v | AND3_X1   | 0.110 |   1.423 |    1.394 | 
     | datapath/g3403__7098        | A2 v -> ZN ^ | NAND4_X2  | 0.085 |   1.508 |    1.478 | 
     | datapath/g27899             | A1 ^ -> ZN v | NAND2_X1  | 0.053 |   1.560 |    1.531 | 
     | datapath/g27734             | A v -> ZN ^  | OAI221_X1 | 0.107 |   1.668 |    1.638 | 
     | datapath/FE_OFC637_n_1209   | A ^ -> ZN v  | INV_X1    | 0.071 |   1.739 |    1.710 | 
     | datapath/FE_RC_613_0        | A2 v -> ZN ^ | NOR2_X1   | 0.117 |   1.857 |    1.827 | 
     | datapath/FE_RC_611_0        | A ^ -> ZN v  | AOI21_X1  | 0.046 |   1.903 |    1.873 | 
     | datapath/FE_RC_467_0        | C1 v -> ZN ^ | OAI211_X1 | 0.168 |   2.071 |    2.041 | 
     | datapath/FE_RC_839_0        | C2 ^ -> ZN v | OAI211_X2 | 0.091 |   2.162 |    2.132 | 
     | datapath/LT_TC_OP_g770      | B1 v -> ZN ^ | AOI21_X1  | 0.112 |   2.274 |    2.245 | 
     | datapath/FE_RC_540_0        | A ^ -> ZN v  | INV_X1    | 0.037 |   2.311 |    2.282 | 
     | datapath/FE_RC_599_0        | A1 v -> ZN ^ | NAND2_X1  | 0.070 |   2.381 |    2.352 | 
     | datapath/g39660             | A1 ^ -> ZN v | NAND2_X1  | 0.045 |   2.426 |    2.397 | 
     | g1033                       | A v -> ZN ^  | INV_X1    | 0.055 |   2.482 |    2.452 | 
     | g1056                       | A1 ^ -> ZN v | NOR2_X2   | 0.024 |   2.505 |    2.476 | 
     | datapath/g38987             | A v -> ZN ^  | INV_X1    | 0.090 |   2.596 |    2.566 | 
     | datapath/g38860             | A1 ^ -> ZN ^ | AND2_X4   | 0.118 |   2.714 |    2.684 | 
     | datapath/FE_OCPC918_n_236   | A ^ -> Z ^   | BUF_X16   | 0.120 |   2.834 |    2.805 | 
     | datapath/FE_RC_648_0        | A1 ^ -> ZN v | NAND2_X1  | 0.052 |   2.886 |    2.857 | 
     | datapath/FE_RC_647_0        | A1 v -> ZN ^ | NAND2_X1  | 0.045 |   2.932 |    2.902 | 
     | datapath/IFID_instr_reg[9]  | D ^          | DFFR_X1   | 0.000 |   2.932 |    2.902 | 
     +-------------------------------------------------------------------------------------+ 
Path 34: VIOLATED Setup Check with Pin datapath/IF_pc_reg[21]/CK 
Endpoint:   datapath/IF_pc_reg[21]/D      (^) checked with  leading edge of 
'clk'
Beginpoint: datapath/IFID_instr_reg[16]/Q (^) triggered by  leading edge of 
'clk'
Path Groups: {reg2reg}
Analysis View: WC_VIEW
Other End Arrival Time          0.156
- Setup                         0.080
+ Phase Shift                   3.000
+ CPPR Adjustment               0.000
- Uncertainty                   0.100
= Required Time                 2.976
- Arrival Time                  3.002
= Slack Time                   -0.026
     Clock Rise Edge                 0.000
     + Clock Network Latency (Prop)  0.186
     = Beginpoint Arrival Time       0.186
     +------------------------------------------------------------------------------------------------------------+ 
     |                      Instance                      |     Arc      |   Cell    | Delay | Arrival | Required | 
     |                                                    |              |           |       |  Time   |   Time   | 
     |----------------------------------------------------+--------------+-----------+-------+---------+----------| 
     | datapath/IFID_instr_reg[16]                        | CK ^         |           |       |   0.186 |    0.160 | 
     | datapath/IFID_instr_reg[16]                        | CK ^ -> Q ^  | DFFR_X1   | 0.431 |   0.617 |    0.591 | 
     | datapath/g40271                                    | A2 ^ -> ZN ^ | AND2_X2   | 0.131 |   0.748 |    0.722 | 
     | datapath/g535__1617                                | A1 ^ -> ZN ^ | AND2_X4   | 0.104 |   0.852 |    0.826 | 
     | datapath/g568__6417                                | A1 ^ -> ZN ^ | AND2_X4   | 0.281 |   1.133 |    1.108 | 
     | datapath/g4074                                     | A1 ^ -> ZN v | NAND2_X1  | 0.064 |   1.198 |    1.172 | 
     | datapath/g3561                                     | A2 v -> ZN v | AND2_X1   | 0.116 |   1.313 |    1.287 | 
     | datapath/g3432__6131                               | A1 v -> ZN v | AND3_X1   | 0.110 |   1.423 |    1.397 | 
     | datapath/g3403__7098                               | A2 v -> ZN ^ | NAND4_X2  | 0.085 |   1.508 |    1.482 | 
     | datapath/g27899                                    | A1 ^ -> ZN v | NAND2_X1  | 0.053 |   1.560 |    1.535 | 
     | datapath/g27734                                    | A v -> ZN ^  | OAI221_X1 | 0.107 |   1.668 |    1.642 | 
     | datapath/FE_OFC637_n_1209                          | A ^ -> ZN v  | INV_X1    | 0.071 |   1.739 |    1.713 | 
     | datapath/FE_RC_613_0                               | A2 v -> ZN ^ | NOR2_X1   | 0.117 |   1.857 |    1.831 | 
     | datapath/FE_RC_611_0                               | A ^ -> ZN v  | AOI21_X1  | 0.046 |   1.903 |    1.877 | 
     | datapath/FE_RC_467_0                               | C1 v -> ZN ^ | OAI211_X1 | 0.168 |   2.071 |    2.045 | 
     | datapath/FE_RC_839_0                               | C2 ^ -> ZN v | OAI211_X2 | 0.091 |   2.162 |    2.136 | 
     | datapath/LT_TC_OP_g770                             | B1 v -> ZN ^ | AOI21_X1  | 0.112 |   2.274 |    2.248 | 
     | datapath/FE_RC_540_0                               | A ^ -> ZN v  | INV_X1    | 0.037 |   2.311 |    2.285 | 
     | datapath/FE_RC_599_0                               | A1 v -> ZN ^ | NAND2_X1  | 0.070 |   2.381 |    2.356 | 
     | datapath/FE_RC_598_0                               | A1 ^ -> ZN ^ | AND2_X1   | 0.144 |   2.526 |    2.500 | 
     | datapath/FE_OFC964_FE_RN_355_0                     | A ^ -> ZN v  | INV_X4    | 0.056 |   2.581 |    2.555 | 
     | datapath/branch_or_inc_4/FE_OFC965_FE_RN_355_0     | A v -> ZN ^  | INV_X2    | 0.069 |   2.650 |    2.624 | 
     | datapath/branch_or_inc_4/FE_OFC958_FE_DBTN57_n_134 | A ^ -> ZN v  | INV_X2    | 0.039 |   2.690 |    2.664 | 
     | 8                                                  |              |           |       |         |          | 
     | datapath/branch_or_inc_4/FE_OFC962_FE_DBTN57_n_134 | A v -> ZN ^  | INV_X1    | 0.096 |   2.786 |    2.760 | 
     | 8                                                  |              |           |       |         |          | 
     | datapath/branch_or_inc_4/g856__5107                | A2 ^ -> ZN v | NAND2_X1  | 0.056 |   2.841 |    2.816 | 
     | datapath/branch_or_inc_4/g838__5122                | A2 v -> ZN ^ | NAND2_X1  | 0.059 |   2.900 |    2.874 | 
     | datapath/g38962                                    | A ^ -> ZN v  | INV_X1    | 0.028 |   2.928 |    2.902 | 
     | datapath/FE_RC_603_0                               | B1 v -> ZN ^ | OAI21_X2  | 0.073 |   3.002 |    2.976 | 
     | datapath/IF_pc_reg[21]                             | D ^          | DFFR_X1   | 0.000 |   3.002 |    2.976 | 
     +------------------------------------------------------------------------------------------------------------+ 
Path 35: VIOLATED Setup Check with Pin datapath/IFID_instr_reg[10]/CK 
Endpoint:   datapath/IFID_instr_reg[10]/D (^) checked with  leading edge of 
'clk'
Beginpoint: datapath/IFID_instr_reg[16]/Q (^) triggered by  leading edge of 
'clk'
Path Groups: {reg2reg}
Analysis View: WC_VIEW
Other End Arrival Time          0.069
- Setup                         0.063
+ Phase Shift                   3.000
+ CPPR Adjustment               0.000
- Uncertainty                   0.100
= Required Time                 2.906
- Arrival Time                  2.931
= Slack Time                   -0.025
     Clock Rise Edge                 0.000
     + Clock Network Latency (Prop)  0.186
     = Beginpoint Arrival Time       0.186
     +-------------------------------------------------------------------------------------+ 
     |          Instance           |     Arc      |   Cell    | Delay | Arrival | Required | 
     |                             |              |           |       |  Time   |   Time   | 
     |-----------------------------+--------------+-----------+-------+---------+----------| 
     | datapath/IFID_instr_reg[16] | CK ^         |           |       |   0.186 |    0.161 | 
     | datapath/IFID_instr_reg[16] | CK ^ -> Q ^  | DFFR_X1   | 0.431 |   0.617 |    0.592 | 
     | datapath/g40271             | A2 ^ -> ZN ^ | AND2_X2   | 0.131 |   0.748 |    0.723 | 
     | datapath/g535__1617         | A1 ^ -> ZN ^ | AND2_X4   | 0.104 |   0.852 |    0.827 | 
     | datapath/g568__6417         | A1 ^ -> ZN ^ | AND2_X4   | 0.281 |   1.133 |    1.108 | 
     | datapath/g4074              | A1 ^ -> ZN v | NAND2_X1  | 0.064 |   1.198 |    1.172 | 
     | datapath/g3561              | A2 v -> ZN v | AND2_X1   | 0.116 |   1.313 |    1.288 | 
     | datapath/g3432__6131        | A1 v -> ZN v | AND3_X1   | 0.110 |   1.423 |    1.398 | 
     | datapath/g3403__7098        | A2 v -> ZN ^ | NAND4_X2  | 0.085 |   1.508 |    1.482 | 
     | datapath/g27899             | A1 ^ -> ZN v | NAND2_X1  | 0.053 |   1.560 |    1.535 | 
     | datapath/g27734             | A v -> ZN ^  | OAI221_X1 | 0.107 |   1.668 |    1.642 | 
     | datapath/FE_OFC637_n_1209   | A ^ -> ZN v  | INV_X1    | 0.071 |   1.739 |    1.714 | 
     | datapath/FE_RC_613_0        | A2 v -> ZN ^ | NOR2_X1   | 0.117 |   1.857 |    1.831 | 
     | datapath/FE_RC_611_0        | A ^ -> ZN v  | AOI21_X1  | 0.046 |   1.903 |    1.877 | 
     | datapath/FE_RC_467_0        | C1 v -> ZN ^ | OAI211_X1 | 0.168 |   2.071 |    2.045 | 
     | datapath/FE_RC_839_0        | C2 ^ -> ZN v | OAI211_X2 | 0.091 |   2.162 |    2.137 | 
     | datapath/LT_TC_OP_g770      | B1 v -> ZN ^ | AOI21_X1  | 0.112 |   2.274 |    2.249 | 
     | datapath/FE_RC_540_0        | A ^ -> ZN v  | INV_X1    | 0.037 |   2.311 |    2.286 | 
     | datapath/FE_RC_599_0        | A1 v -> ZN ^ | NAND2_X1  | 0.070 |   2.381 |    2.356 | 
     | datapath/g39660             | A1 ^ -> ZN v | NAND2_X1  | 0.045 |   2.426 |    2.401 | 
     | g1033                       | A v -> ZN ^  | INV_X1    | 0.055 |   2.482 |    2.456 | 
     | g1056                       | A1 ^ -> ZN v | NOR2_X2   | 0.024 |   2.505 |    2.480 | 
     | datapath/g38987             | A v -> ZN ^  | INV_X1    | 0.090 |   2.596 |    2.570 | 
     | datapath/g38861             | A1 ^ -> ZN ^ | AND2_X4   | 0.123 |   2.719 |    2.694 | 
     | datapath/FE_OCPC913_n_235   | A ^ -> ZN v  | INV_X8    | 0.035 |   2.754 |    2.729 | 
     | datapath/FE_OCPC914_n_235   | A v -> ZN ^  | INV_X16   | 0.074 |   2.828 |    2.803 | 
     | datapath/g38660             | B1 ^ -> ZN v | AOI22_X2  | 0.061 |   2.889 |    2.864 | 
     | datapath/g38599             | A v -> ZN ^  | INV_X1    | 0.042 |   2.931 |    2.906 | 
     | datapath/IFID_instr_reg[10] | D ^          | DFFR_X1   | 0.000 |   2.931 |    2.906 | 
     +-------------------------------------------------------------------------------------+ 
Path 36: VIOLATED Setup Check with Pin datapath/EXMEM_aluResult_reg[27]/CK 
Endpoint:   datapath/EXMEM_aluResult_reg[27]/D (v) checked with  leading edge 
of 'clk'
Beginpoint: datapath/EXMEM_aluResult_reg[0]/Q  (^) triggered by  leading edge 
of 'clk'
Path Groups: {reg2reg}
Analysis View: WC_VIEW
Other End Arrival Time          0.723
- Setup                         0.135
+ Phase Shift                   3.000
+ CPPR Adjustment               0.000
- Uncertainty                   0.100
= Required Time                 3.488
- Arrival Time                  3.501
= Slack Time                   -0.013
     Clock Rise Edge                 0.000
     + Clock Network Latency (Prop)  0.340
     = Beginpoint Arrival Time       0.340
     +------------------------------------------------------------------------------------------------------------+ 
     |                      Instance                      |     Arc      |   Cell    | Delay | Arrival | Required | 
     |                                                    |              |           |       |  Time   |   Time   | 
     |----------------------------------------------------+--------------+-----------+-------+---------+----------| 
     | datapath/EXMEM_aluResult_reg[0]                    | CK ^         |           |       |   0.340 |    0.328 | 
     | datapath/EXMEM_aluResult_reg[0]                    | CK ^ -> Q ^  | DFFR_X1   | 0.426 |   0.766 |    0.754 | 
     | datapath/FE_RC_791_0                               | B1 ^ -> ZN v | OAI21_X2  | 0.079 |   0.846 |    0.833 | 
     | datapath/FE_RC_790_0                               | A1 v -> ZN ^ | NAND2_X1  | 0.109 |   0.954 |    0.942 | 
     | datapath/FE_RC_158_0                               | A2 ^ -> ZN v | NAND3_X4  | 0.078 |   1.032 |    1.020 | 
     | datapath/ALU_ALU_GEN[0].slice_i_bitAdder/FE_RC_798 | A1 v -> ZN ^ | NAND2_X4  | 0.051 |   1.084 |    1.071 | 
     | _0                                                 |              |           |       |         |          | 
     | datapath/ALU_ALU_GEN[0].slice_i_bitAdder/FE_RC_752 | A1 ^ -> ZN v | NAND2_X4  | 0.036 |   1.120 |    1.107 | 
     | _0                                                 |              |           |       |         |          | 
     | datapath/ALU_ALU_GEN[1].slice_i_bitAdder/FE_RC_781 | A1 v -> ZN ^ | NAND2_X4  | 0.042 |   1.162 |    1.150 | 
     | _0                                                 |              |           |       |         |          | 
     | datapath/ALU_ALU_GEN[1].slice_i_bitAdder/g156__547 | A1 ^ -> ZN v | NAND2_X4  | 0.036 |   1.199 |    1.186 | 
     | 7                                                  |              |           |       |         |          | 
     | datapath/ALU_ALU_GEN[2].slice_i_bitAdder/g158__170 | A1 v -> ZN ^ | NAND2_X4  | 0.044 |   1.242 |    1.230 | 
     | 5                                                  |              |           |       |         |          | 
     | datapath/ALU_ALU_GEN[2].slice_i_bitAdder/g156__161 | A1 ^ -> ZN v | NAND2_X4  | 0.036 |   1.278 |    1.266 | 
     | 7                                                  |              |           |       |         |          | 
     | datapath/ALU_ALU_GEN[3].slice_i_bitAdder/FE_RC_153 | A1 v -> ZN ^ | NAND2_X4  | 0.044 |   1.322 |    1.310 | 
     | _0                                                 |              |           |       |         |          | 
     | datapath/ALU_ALU_GEN[3].slice_i_bitAdder/g156__748 | A1 ^ -> ZN v | NAND2_X4  | 0.036 |   1.358 |    1.345 | 
     | 2                                                  |              |           |       |         |          | 
     | datapath/ALU_ALU_GEN[4].slice_i_bitAdder/g158__239 | A1 v -> ZN ^ | NAND2_X4  | 0.044 |   1.402 |    1.389 | 
     | 8                                                  |              |           |       |         |          | 
     | datapath/ALU_ALU_GEN[4].slice_i_bitAdder/g156__641 | A1 ^ -> ZN v | NAND2_X4  | 0.036 |   1.438 |    1.426 | 
     | 7                                                  |              |           |       |         |          | 
     | datapath/ALU_ALU_GEN[5].slice_i_bitAdder/g158__280 | A1 v -> ZN ^ | NAND2_X4  | 0.043 |   1.481 |    1.468 | 
     | 2                                                  |              |           |       |         |          | 
     | datapath/ALU_ALU_GEN[5].slice_i_bitAdder/g156__368 | A1 ^ -> ZN v | NAND2_X4  | 0.036 |   1.517 |    1.504 | 
     | 0                                                  |              |           |       |         |          | 
     | datapath/ALU_ALU_GEN[6].slice_i_bitAdder/g158__473 | A1 v -> ZN ^ | NAND2_X4  | 0.044 |   1.561 |    1.548 | 
     | 3                                                  |              |           |       |         |          | 
     | datapath/ALU_ALU_GEN[6].slice_i_bitAdder/g156__511 | A1 ^ -> ZN v | NAND2_X4  | 0.036 |   1.596 |    1.584 | 
     | 5                                                  |              |           |       |         |          | 
     | datapath/ALU_ALU_GEN[7].slice_i_bitAdder/g158__547 | A1 v -> ZN ^ | NAND2_X4  | 0.044 |   1.640 |    1.628 | 
     | 7                                                  |              |           |       |         |          | 
     | datapath/ALU_ALU_GEN[7].slice_i_bitAdder/g156__741 | A1 ^ -> ZN v | NAND2_X4  | 0.036 |   1.676 |    1.664 | 
     | 0                                                  |              |           |       |         |          | 
     | datapath/ALU_ALU_GEN[8].slice_i_bitAdder/g158__161 | A1 v -> ZN ^ | NAND2_X4  | 0.044 |   1.720 |    1.707 | 
     | 7                                                  |              |           |       |         |          | 
     | datapath/ALU_ALU_GEN[8].slice_i_bitAdder/g156__678 | A1 ^ -> ZN v | NAND2_X4  | 0.036 |   1.756 |    1.743 | 
     | 3                                                  |              |           |       |         |          | 
     | datapath/ALU_ALU_GEN[9].slice_i_bitAdder/g158__511 | A1 v -> ZN ^ | NAND2_X4  | 0.044 |   1.800 |    1.787 | 
     | 5                                                  |              |           |       |         |          | 
     | datapath/ALU_ALU_GEN[9].slice_i_bitAdder/g156__613 | A1 ^ -> ZN v | NAND2_X4  | 0.037 |   1.837 |    1.825 | 
     | 1                                                  |              |           |       |         |          | 
     | datapath/ALU_ALU_GEN[10].slice_i_bitAdder/g158__16 | A1 v -> ZN ^ | NAND2_X4  | 0.043 |   1.880 |    1.868 | 
     | 66                                                 |              |           |       |         |          | 
     | datapath/ALU_ALU_GEN[10].slice_i_bitAdder/g156__28 | A1 ^ -> ZN v | NAND2_X4  | 0.039 |   1.919 |    1.907 | 
     | 83                                                 |              |           |       |         |          | 
     | datapath/ALU_ALU_GEN[11].slice_i_bitAdder/g158__84 | A1 v -> ZN ^ | NAND2_X4  | 0.044 |   1.963 |    1.951 | 
     | 28                                                 |              |           |       |         |          | 
     | datapath/ALU_ALU_GEN[11].slice_i_bitAdder/g156__62 | A1 ^ -> ZN v | NAND2_X4  | 0.036 |   1.999 |    1.987 | 
     | 60                                                 |              |           |       |         |          | 
     | datapath/ALU_ALU_GEN[12].slice_i_bitAdder/g158__82 | A1 v -> ZN ^ | NAND2_X4  | 0.043 |   2.042 |    2.029 | 
     | 46                                                 |              |           |       |         |          | 
     | datapath/ALU_ALU_GEN[12].slice_i_bitAdder/g156__17 | A1 ^ -> ZN v | NAND2_X4  | 0.037 |   2.079 |    2.067 | 
     | 05                                                 |              |           |       |         |          | 
     | datapath/ALU_ALU_GEN[13].slice_i_bitAdder/g158__61 | A1 v -> ZN ^ | NAND2_X4  | 0.043 |   2.123 |    2.110 | 
     | 61                                                 |              |           |       |         |          | 
     | datapath/ALU_ALU_GEN[13].slice_i_bitAdder/g156__47 | A1 ^ -> ZN v | NAND2_X4  | 0.036 |   2.159 |    2.146 | 
     | 33                                                 |              |           |       |         |          | 
     | datapath/ALU_ALU_GEN[14].slice_i_bitAdder/g158__23 | A1 v -> ZN ^ | NAND2_X4  | 0.043 |   2.202 |    2.190 | 
     | 98                                                 |              |           |       |         |          | 
     | datapath/ALU_ALU_GEN[14].slice_i_bitAdder/g156__54 | A1 ^ -> ZN v | NAND2_X4  | 0.036 |   2.238 |    2.225 | 
     | 77                                                 |              |           |       |         |          | 
     | datapath/ALU_ALU_GEN[15].slice_i_bitAdder/FE_RC_75 | A1 v -> ZN ^ | NAND2_X4  | 0.043 |   2.280 |    2.268 | 
     | 1_0                                                |              |           |       |         |          | 
     | datapath/ALU_ALU_GEN[15].slice_i_bitAdder/g156__16 | A1 ^ -> ZN v | NAND2_X4  | 0.036 |   2.317 |    2.304 | 
     | 17                                                 |              |           |       |         |          | 
     | datapath/ALU_ALU_GEN[16].slice_i_bitAdder/FE_RC_11 | A1 v -> ZN ^ | NAND2_X4  | 0.043 |   2.360 |    2.347 | 
     | 6_0                                                |              |           |       |         |          | 
     | datapath/ALU_ALU_GEN[16].slice_i_bitAdder/FE_RC_11 | A1 ^ -> ZN v | NAND2_X4  | 0.038 |   2.398 |    2.385 | 
     | 5_0                                                |              |           |       |         |          | 
     | datapath/ALU_ALU_GEN[17].slice_i_bitAdder/g155__54 | A1 v -> ZN ^ | NAND2_X4  | 0.043 |   2.441 |    2.428 | 
     | 77                                                 |              |           |       |         |          | 
     | datapath/ALU_ALU_GEN[17].slice_i_bitAdder/g153__64 | A1 ^ -> ZN v | NAND2_X4  | 0.036 |   2.476 |    2.464 | 
     | 17                                                 |              |           |       |         |          | 
     | datapath/ALU_ALU_GEN[18].slice_i_bitAdder/g158__36 | A1 v -> ZN ^ | NAND2_X4  | 0.043 |   2.519 |    2.507 | 
     | 80                                                 |              |           |       |         |          | 
     | datapath/ALU_ALU_GEN[18].slice_i_bitAdder/g156__67 | A1 ^ -> ZN v | NAND2_X4  | 0.036 |   2.556 |    2.543 | 
     | 83                                                 |              |           |       |         |          | 
     | datapath/ALU_ALU_GEN[19].slice_i_bitAdder/g158__18 | A1 v -> ZN ^ | NAND2_X4  | 0.043 |   2.599 |    2.586 | 
     | 81                                                 |              |           |       |         |          | 
     | datapath/ALU_ALU_GEN[19].slice_i_bitAdder/g156__61 | A1 ^ -> ZN v | NAND2_X4  | 0.036 |   2.635 |    2.622 | 
     | 31                                                 |              |           |       |         |          | 
     | datapath/ALU_ALU_GEN[20].slice_i_bitAdder/FE_RC_15 | A1 v -> ZN ^ | NAND2_X4  | 0.043 |   2.678 |    2.665 | 
     | 2_0                                                |              |           |       |         |          | 
     | datapath/ALU_ALU_GEN[20].slice_i_bitAdder/g156__28 | A1 ^ -> ZN v | NAND2_X4  | 0.036 |   2.714 |    2.701 | 
     | 83                                                 |              |           |       |         |          | 
     | datapath/ALU_ALU_GEN[21].slice_i_bitAdder/g155__43 | A1 v -> ZN ^ | NAND2_X4  | 0.043 |   2.757 |    2.745 | 
     | 19                                                 |              |           |       |         |          | 
     | datapath/ALU_ALU_GEN[21].slice_i_bitAdder/g153__62 | A1 ^ -> ZN v | NAND2_X4  | 0.039 |   2.796 |    2.784 | 
     | 60                                                 |              |           |       |         |          | 
     | datapath/ALU_ALU_GEN[22].slice_i_bitAdder/g158__51 | A1 v -> ZN ^ | NAND2_X4  | 0.044 |   2.840 |    2.827 | 
     | 22                                                 |              |           |       |         |          | 
     | datapath/ALU_ALU_GEN[22].slice_i_bitAdder/g156__17 | A1 ^ -> ZN v | NAND2_X4  | 0.037 |   2.877 |    2.865 | 
     | 05                                                 |              |           |       |         |          | 
     | datapath/ALU_ALU_GEN[23].slice_i_bitAdder/g158__61 | A1 v -> ZN ^ | NAND2_X4  | 0.043 |   2.921 |    2.908 | 
     | 61                                                 |              |           |       |         |          | 
     | datapath/ALU_ALU_GEN[23].slice_i_bitAdder/g156__47 | A1 ^ -> ZN v | NAND2_X4  | 0.036 |   2.957 |    2.944 | 
     | 33                                                 |              |           |       |         |          | 
     | datapath/ALU_ALU_GEN[24].slice_i_bitAdder/g158__54 | A1 v -> ZN ^ | NAND2_X4  | 0.043 |   2.999 |    2.987 | 
     | 77                                                 |              |           |       |         |          | 
     | datapath/ALU_ALU_GEN[24].slice_i_bitAdder/g156__64 | A1 ^ -> ZN v | NAND2_X4  | 0.040 |   3.040 |    3.027 | 
     | 17                                                 |              |           |       |         |          | 
     | datapath/ALU_ALU_GEN[25].slice_i_bitAdder/g158__36 | A1 v -> ZN ^ | NAND2_X4  | 0.045 |   3.084 |    3.072 | 
     | 80                                                 |              |           |       |         |          | 
     | datapath/ALU_ALU_GEN[25].slice_i_bitAdder/g156__67 | A1 ^ -> ZN v | NAND2_X4  | 0.036 |   3.120 |    3.108 | 
     | 83                                                 |              |           |       |         |          | 
     | datapath/ALU_ALU_GEN[26].slice_i_bitAdder/g158__51 | A1 v -> ZN ^ | NAND2_X4  | 0.043 |   3.163 |    3.151 | 
     | 15                                                 |              |           |       |         |          | 
     | datapath/ALU_ALU_GEN[26].slice_i_bitAdder/g156__61 | A1 ^ -> ZN v | NAND2_X4  | 0.036 |   3.199 |    3.187 | 
     | 31                                                 |              |           |       |         |          | 
     | datapath/FE_OCPC865_ALU_cout_27                    | A v -> Z v   | CLKBUF_X1 | 0.094 |   3.293 |    3.280 | 
     | datapath/ALU_ALU_GEN[27].slice_i_bitAdder/g157__74 | A v -> ZN v  | XNOR2_X1  | 0.118 |   3.411 |    3.399 | 
     | 10                                                 |              |           |       |         |          | 
     | datapath/ALU_ALU_GEN[27].slice_i_resultMux/g150__4 | A1 v -> ZN ^ | NAND2_X1  | 0.052 |   3.463 |    3.450 | 
     | 319                                                |              |           |       |         |          | 
     | datapath/ALU_ALU_GEN[27].slice_i_resultMux/g148__5 | A1 ^ -> ZN v | NAND2_X1  | 0.038 |   3.501 |    3.488 | 
     | 107                                                |              |           |       |         |          | 
     | datapath/EXMEM_aluResult_reg[27]                   | D v          | DFFR_X1   | 0.000 |   3.501 |    3.488 | 
     +------------------------------------------------------------------------------------------------------------+ 
Path 37: VIOLATED Setup Check with Pin datapath/IF_pc_reg[24]/CK 
Endpoint:   datapath/IF_pc_reg[24]/D     (^) checked with  leading edge of 'clk'
Beginpoint: datapath/IFID_instr_reg[1]/Q (^) triggered by  leading edge of 'clk'
Path Groups: {reg2reg}
Analysis View: WC_VIEW
Other End Arrival Time          0.328
- Setup                         0.078
+ Phase Shift                   3.000
+ CPPR Adjustment               0.000
- Uncertainty                   0.100
= Required Time                 3.150
- Arrival Time                  3.153
= Slack Time                   -0.003
     Clock Rise Edge                 0.000
     + Clock Network Latency (Prop)  0.069
     = Beginpoint Arrival Time       0.069
     +---------------------------------------------------------------------------------------------------------+ 
     |                     Instance                     |     Arc      |   Cell   | Delay | Arrival | Required | 
     |                                                  |              |          |       |  Time   |   Time   | 
     |--------------------------------------------------+--------------+----------+-------+---------+----------| 
     | datapath/IFID_instr_reg[1]                       | CK ^         |          |       |   0.069 |    0.067 | 
     | datapath/IFID_instr_reg[1]                       | CK ^ -> Q ^  | DFFR_X1  | 0.426 |   0.495 |    0.493 | 
     | datapath/immediate_generation/FE_RC_399_0        | A1 ^ -> ZN v | NAND2_X2 | 0.071 |   0.566 |    0.564 | 
     | datapath/immediate_generation/FE_OCPC359_n_25    | A v -> ZN ^  | INV_X1   | 0.048 |   0.615 |    0.612 | 
     | datapath/immediate_generation/g3387__5526        | A1 ^ -> ZN v | NAND2_X1 | 0.061 |   0.675 |    0.673 | 
     | datapath/immediate_generation/FE_RC_878_0        | A v -> ZN ^  | INV_X2   | 0.054 |   0.729 |    0.727 | 
     | datapath/immediate_generation/FE_RC_877_0        | A1 ^ -> ZN v | NAND3_X2 | 0.047 |   0.777 |    0.774 | 
     | datapath/immediate_generation/g3342__1666        | A1 v -> ZN ^ | NAND2_X2 | 0.055 |   0.831 |    0.829 | 
     | datapath/pc_plus_imm/FA_GEN[1].fa_i/g36__3680    | A1 ^ -> ZN ^ | AND2_X4  | 0.090 |   0.922 |    0.919 | 
     | datapath/pc_plus_imm/FA_GEN[2].fa_i/g155__1705   | A2 ^ -> ZN v | NAND2_X4 | 0.037 |   0.959 |    0.956 | 
     | datapath/pc_plus_imm/FA_GEN[2].fa_i/g153__1617   | A1 v -> ZN ^ | NAND2_X4 | 0.045 |   1.004 |    1.001 | 
     | datapath/pc_plus_imm/FA_GEN[3].fa_i/g155__5115   | A1 ^ -> ZN v | NAND2_X4 | 0.035 |   1.039 |    1.037 | 
     | datapath/pc_plus_imm/FA_GEN[3].fa_i/g153__6131   | A1 v -> ZN ^ | NAND2_X4 | 0.044 |   1.084 |    1.081 | 
     | datapath/pc_plus_imm/FA_GEN[4].fa_i/g155__2883   | A1 ^ -> ZN v | NAND2_X4 | 0.036 |   1.119 |    1.117 | 
     | datapath/pc_plus_imm/FA_GEN[4].fa_i/g153__9315   | A1 v -> ZN ^ | NAND2_X4 | 0.053 |   1.172 |    1.169 | 
     | datapath/pc_plus_imm/FA_GEN[5].fa_i/g155__2398   | A1 ^ -> ZN v | NAND2_X4 | 0.040 |   1.212 |    1.210 | 
     | datapath/pc_plus_imm/FA_GEN[5].fa_i/g153__6417   | A1 v -> ZN ^ | NAND2_X4 | 0.045 |   1.258 |    1.255 | 
     | datapath/pc_plus_imm/FA_GEN[6].fa_i/g155__6783   | A1 ^ -> ZN v | NAND2_X4 | 0.035 |   1.293 |    1.290 | 
     | datapath/pc_plus_imm/FA_GEN[6].fa_i/g153__8428   | A1 v -> ZN ^ | NAND2_X4 | 0.047 |   1.340 |    1.337 | 
     | datapath/pc_plus_imm/FA_GEN[7].fa_i/g155__8246   | A1 ^ -> ZN v | NAND2_X4 | 0.037 |   1.377 |    1.374 | 
     | datapath/pc_plus_imm/FA_GEN[7].fa_i/g153__1705   | A1 v -> ZN ^ | NAND2_X4 | 0.044 |   1.421 |    1.419 | 
     | datapath/pc_plus_imm/FA_GEN[8].fa_i/g155__4733   | A1 ^ -> ZN v | NAND2_X4 | 0.036 |   1.457 |    1.454 | 
     | datapath/pc_plus_imm/FA_GEN[8].fa_i/g153__5115   | A1 v -> ZN ^ | NAND2_X4 | 0.045 |   1.501 |    1.499 | 
     | datapath/pc_plus_imm/FA_GEN[9].fa_i/g155__2346   | A1 ^ -> ZN v | NAND2_X4 | 0.036 |   1.537 |    1.535 | 
     | datapath/pc_plus_imm/FA_GEN[9].fa_i/g153__9945   | A1 v -> ZN ^ | NAND2_X4 | 0.044 |   1.581 |    1.579 | 
     | datapath/pc_plus_imm/FA_GEN[10].fa_i/g137__2398  | A1 ^ -> ZN v | NAND2_X4 | 0.036 |   1.618 |    1.615 | 
     | datapath/pc_plus_imm/FA_GEN[10].fa_i/g135__6417  | A1 v -> ZN ^ | NAND2_X4 | 0.046 |   1.663 |    1.661 | 
     | datapath/pc_plus_imm/FA_GEN[11].fa_i/g137__5526  | A1 ^ -> ZN v | NAND2_X4 | 0.036 |   1.699 |    1.697 | 
     | datapath/pc_plus_imm/FA_GEN[11].fa_i/g135__4319  | A1 v -> ZN ^ | NAND2_X4 | 0.046 |   1.745 |    1.743 | 
     | datapath/pc_plus_imm/FA_GEN[12].fa_i/g137__1705  | A1 ^ -> ZN v | NAND2_X4 | 0.036 |   1.782 |    1.779 | 
     | datapath/pc_plus_imm/FA_GEN[12].fa_i/g135__1617  | A1 v -> ZN ^ | NAND2_X4 | 0.046 |   1.827 |    1.825 | 
     | datapath/pc_plus_imm/FA_GEN[13].fa_i/g137__1881  | A1 ^ -> ZN v | NAND2_X4 | 0.036 |   1.863 |    1.861 | 
     | datapath/pc_plus_imm/FA_GEN[13].fa_i/g135__7098  | A1 v -> ZN ^ | NAND2_X4 | 0.039 |   1.903 |    1.900 | 
     | datapath/pc_plus_imm/FA_GEN[14].fa_i/g137__9315  | A1 ^ -> ZN v | NAND2_X2 | 0.034 |   1.937 |    1.935 | 
     | datapath/pc_plus_imm/FA_GEN[14].fa_i/g135__4733  | A1 v -> ZN ^ | NAND2_X2 | 0.048 |   1.985 |    1.983 | 
     | datapath/pc_plus_imm/FA_GEN[15].fa_i/g137__7410  | A1 ^ -> ZN v | NAND2_X2 | 0.038 |   2.023 |    2.021 | 
     | datapath/pc_plus_imm/FA_GEN[15].fa_i/g135__2346  | A1 v -> ZN ^ | NAND2_X2 | 0.049 |   2.072 |    2.069 | 
     | datapath/pc_plus_imm/FA_GEN[16].fa_i/g146__6260  | A1 ^ -> ZN v | NAND2_X2 | 0.046 |   2.118 |    2.116 | 
     | datapath/pc_plus_imm/FA_GEN[16].fa_i/g144__2398  | A1 v -> ZN ^ | NAND2_X4 | 0.043 |   2.161 |    2.159 | 
     | datapath/pc_plus_imm/FA_GEN[17].fa_i/g155__6783  | A1 ^ -> ZN v | NAND2_X2 | 0.036 |   2.198 |    2.195 | 
     | datapath/pc_plus_imm/FA_GEN[17].fa_i/g153__5526  | A1 v -> ZN ^ | NAND2_X2 | 0.048 |   2.246 |    2.243 | 
     | datapath/pc_plus_imm/FA_GEN[18].fa_i/g155__5122  | A1 ^ -> ZN v | NAND2_X2 | 0.038 |   2.283 |    2.281 | 
     | datapath/pc_plus_imm/FA_GEN[18].fa_i/g153__1705  | A1 v -> ZN ^ | NAND2_X2 | 0.048 |   2.331 |    2.329 | 
     | datapath/pc_plus_imm/FA_GEN[19].fa_i/g155__5115  | A1 ^ -> ZN v | NAND2_X2 | 0.046 |   2.377 |    2.374 | 
     | datapath/pc_plus_imm/FA_GEN[19].fa_i/g153__1881  | A1 v -> ZN ^ | NAND2_X4 | 0.043 |   2.420 |    2.417 | 
     | datapath/pc_plus_imm/FA_GEN[20].fa_i/g155__9945  | A1 ^ -> ZN v | NAND2_X2 | 0.035 |   2.455 |    2.452 | 
     | datapath/pc_plus_imm/FA_GEN[20].fa_i/g153__9315  | A1 v -> ZN ^ | NAND2_X2 | 0.048 |   2.504 |    2.501 | 
     | datapath/pc_plus_imm/FA_GEN[21].fa_i/g155__6417  | A1 ^ -> ZN v | NAND2_X2 | 0.046 |   2.549 |    2.547 | 
     | datapath/pc_plus_imm/FA_GEN[21].fa_i/g153__7410  | A1 v -> ZN ^ | NAND2_X4 | 0.047 |   2.597 |    2.594 | 
     | datapath/pc_plus_imm/FA_GEN[22].fa_i/FE_RC_402_0 | A1 ^ -> ZN v | NAND2_X4 | 0.036 |   2.632 |    2.630 | 
     | datapath/pc_plus_imm/FA_GEN[22].fa_i/FE_RC_401_0 | A1 v -> ZN ^ | NAND2_X4 | 0.045 |   2.677 |    2.675 | 
     | datapath/pc_plus_imm/FA_GEN[23].fa_i/g155__1617  | A1 ^ -> ZN v | NAND2_X4 | 0.036 |   2.713 |    2.711 | 
     | datapath/pc_plus_imm/FA_GEN[23].fa_i/g153__3680  | A1 v -> ZN ^ | NAND2_X4 | 0.045 |   2.758 |    2.756 | 
     | datapath/pc_plus_imm/FE_OCPC520_cout_24          | A ^ -> Z ^   | BUF_X1   | 0.085 |   2.844 |    2.841 | 
     | datapath/pc_plus_imm/FA_GEN[24].fa_i/FE_RC_452_0 | A1 ^ -> ZN v | NAND2_X1 | 0.039 |   2.883 |    2.881 | 
     | datapath/pc_plus_imm/FA_GEN[24].fa_i/FE_RC_451_0 | A v -> ZN ^  | OAI21_X1 | 0.065 |   2.948 |    2.945 | 
     | datapath/branch_or_inc_4/g865__1705              | A1 ^ -> ZN v | NAND2_X1 | 0.051 |   2.999 |    2.996 | 
     | datapath/branch_or_inc_4/g815__5115              | A1 v -> ZN ^ | NAND2_X1 | 0.051 |   3.050 |    3.047 | 
     | datapath/g38959                                  | A ^ -> ZN v  | INV_X1   | 0.029 |   3.078 |    3.076 | 
     | datapath/FE_RC_463_0                             | B1 v -> ZN ^ | OAI21_X2 | 0.074 |   3.153 |    3.150 | 
     | datapath/IF_pc_reg[24]                           | D ^          | DFFR_X1  | 0.000 |   3.153 |    3.150 | 
     +---------------------------------------------------------------------------------------------------------+ 
Path 38: VIOLATED Setup Check with Pin datapath/IF_pc_reg[27]/CK 
Endpoint:   datapath/IF_pc_reg[27]/D     (v) checked with  leading edge of 'clk'
Beginpoint: datapath/IFID_instr_reg[4]/Q (^) triggered by  leading edge of 'clk'
Path Groups: {reg2reg}
Analysis View: WC_VIEW
Other End Arrival Time          0.547
- Setup                         0.134
+ Phase Shift                   3.000
+ CPPR Adjustment               0.000
- Uncertainty                   0.100
= Required Time                 3.313
- Arrival Time                  3.315
= Slack Time                   -0.002
     Clock Rise Edge                 0.000
     + Clock Network Latency (Prop)  0.065
     = Beginpoint Arrival Time       0.065
     +-----------------------------------------------------------------------------------------------------------+ 
     |                      Instance                      |     Arc      |   Cell   | Delay | Arrival | Required | 
     |                                                    |              |          |       |  Time   |   Time   | 
     |----------------------------------------------------+--------------+----------+-------+---------+----------| 
     | datapath/IFID_instr_reg[4]                         | CK ^         |          |       |   0.065 |    0.063 | 
     | datapath/IFID_instr_reg[4]                         | CK ^ -> Q ^  | DFFR_X1  | 0.394 |   0.459 |    0.457 | 
     | datapath/immediate_generation/FE_OCPC354_IFID_opco | A ^ -> ZN v  | INV_X1   | 0.035 |   0.495 |    0.493 | 
     | de_4                                               |              |          |       |         |          | 
     | datapath/immediate_generation/g3391__1617          | A1 v -> ZN v | AND2_X2  | 0.095 |   0.589 |    0.587 | 
     | datapath/immediate_generation/g3386__8428          | A1 v -> ZN ^ | NAND2_X4 | 0.049 |   0.638 |    0.636 | 
     | datapath/immediate_generation/g3367__9315          | A1 ^ -> ZN v | NAND2_X2 | 0.042 |   0.681 |    0.678 | 
     | datapath/immediate_generation/g3361__6131          | A1 v -> ZN ^ | NAND2_X1 | 0.061 |   0.741 |    0.739 | 
     | datapath/immediate_generation/g3353__3680          | A1 ^ -> ZN v | NAND2_X2 | 0.054 |   0.796 |    0.793 | 
     | datapath/pc_plus_imm/FA_GEN[2].fa_i/g160           | A v -> ZN ^  | INV_X2   | 0.043 |   0.839 |    0.837 | 
     | datapath/pc_plus_imm/FA_GEN[2].fa_i/g157__8246     | A1 ^ -> ZN v | NAND2_X2 | 0.039 |   0.877 |    0.875 | 
     | datapath/pc_plus_imm/FA_GEN[2].fa_i/g155__1705     | A1 v -> ZN ^ | NAND2_X4 | 0.045 |   0.922 |    0.920 | 
     | datapath/pc_plus_imm/FA_GEN[2].fa_i/g153__1617     | A1 ^ -> ZN v | NAND2_X4 | 0.036 |   0.958 |    0.956 | 
     | datapath/pc_plus_imm/FA_GEN[3].fa_i/g155__5115     | A1 v -> ZN ^ | NAND2_X4 | 0.044 |   1.002 |    1.000 | 
     | datapath/pc_plus_imm/FA_GEN[3].fa_i/g153__6131     | A1 ^ -> ZN v | NAND2_X4 | 0.036 |   1.038 |    1.036 | 
     | datapath/pc_plus_imm/FA_GEN[4].fa_i/g155__2883     | A1 v -> ZN ^ | NAND2_X4 | 0.044 |   1.082 |    1.080 | 
     | datapath/pc_plus_imm/FA_GEN[4].fa_i/g153__9315     | A1 ^ -> ZN v | NAND2_X4 | 0.041 |   1.123 |    1.121 | 
     | datapath/pc_plus_imm/FA_GEN[5].fa_i/g155__2398     | A1 v -> ZN ^ | NAND2_X4 | 0.047 |   1.170 |    1.168 | 
     | datapath/pc_plus_imm/FA_GEN[5].fa_i/g153__6417     | A1 ^ -> ZN v | NAND2_X4 | 0.036 |   1.206 |    1.204 | 
     | datapath/pc_plus_imm/FA_GEN[6].fa_i/g155__6783     | A1 v -> ZN ^ | NAND2_X4 | 0.043 |   1.250 |    1.247 | 
     | datapath/pc_plus_imm/FA_GEN[6].fa_i/g153__8428     | A1 ^ -> ZN v | NAND2_X4 | 0.038 |   1.287 |    1.285 | 
     | datapath/pc_plus_imm/FA_GEN[7].fa_i/g155__8246     | A1 v -> ZN ^ | NAND2_X4 | 0.045 |   1.332 |    1.330 | 
     | datapath/pc_plus_imm/FA_GEN[7].fa_i/g153__1705     | A1 ^ -> ZN v | NAND2_X4 | 0.036 |   1.368 |    1.366 | 
     | datapath/pc_plus_imm/FA_GEN[8].fa_i/g155__4733     | A1 v -> ZN ^ | NAND2_X4 | 0.044 |   1.411 |    1.409 | 
     | datapath/pc_plus_imm/FA_GEN[8].fa_i/g153__5115     | A1 ^ -> ZN v | NAND2_X4 | 0.036 |   1.448 |    1.445 | 
     | datapath/pc_plus_imm/FA_GEN[9].fa_i/g155__2346     | A1 v -> ZN ^ | NAND2_X4 | 0.043 |   1.491 |    1.489 | 
     | datapath/pc_plus_imm/FA_GEN[9].fa_i/g153__9945     | A1 ^ -> ZN v | NAND2_X4 | 0.036 |   1.527 |    1.524 | 
     | datapath/pc_plus_imm/FA_GEN[10].fa_i/g137__2398    | A1 v -> ZN ^ | NAND2_X4 | 0.044 |   1.570 |    1.568 | 
     | datapath/pc_plus_imm/FA_GEN[10].fa_i/g135__6417    | A1 ^ -> ZN v | NAND2_X4 | 0.037 |   1.607 |    1.605 | 
     | datapath/pc_plus_imm/FA_GEN[11].fa_i/g137__5526    | A1 v -> ZN ^ | NAND2_X4 | 0.044 |   1.651 |    1.649 | 
     | datapath/pc_plus_imm/FA_GEN[11].fa_i/g135__4319    | A1 ^ -> ZN v | NAND2_X4 | 0.037 |   1.688 |    1.686 | 
     | datapath/pc_plus_imm/FA_GEN[12].fa_i/g137__1705    | A1 v -> ZN ^ | NAND2_X4 | 0.044 |   1.732 |    1.729 | 
     | datapath/pc_plus_imm/FA_GEN[12].fa_i/g135__1617    | A1 ^ -> ZN v | NAND2_X4 | 0.037 |   1.768 |    1.766 | 
     | datapath/pc_plus_imm/FA_GEN[13].fa_i/g137__1881    | A1 v -> ZN ^ | NAND2_X4 | 0.044 |   1.812 |    1.810 | 
     | datapath/pc_plus_imm/FA_GEN[13].fa_i/g135__7098    | A1 ^ -> ZN v | NAND2_X4 | 0.033 |   1.845 |    1.842 | 
     | datapath/pc_plus_imm/FA_GEN[14].fa_i/g137__9315    | A1 v -> ZN ^ | NAND2_X2 | 0.044 |   1.888 |    1.886 | 
     | datapath/pc_plus_imm/FA_GEN[14].fa_i/g135__4733    | A1 ^ -> ZN v | NAND2_X2 | 0.039 |   1.927 |    1.925 | 
     | datapath/pc_plus_imm/FA_GEN[15].fa_i/g137__7410    | A1 v -> ZN ^ | NAND2_X2 | 0.045 |   1.972 |    1.969 | 
     | datapath/pc_plus_imm/FA_GEN[15].fa_i/g135__2346    | A1 ^ -> ZN v | NAND2_X2 | 0.039 |   2.010 |    2.008 | 
     | datapath/pc_plus_imm/FA_GEN[16].fa_i/g146__6260    | A1 v -> ZN ^ | NAND2_X2 | 0.058 |   2.069 |    2.067 | 
     | datapath/pc_plus_imm/FA_GEN[16].fa_i/g144__2398    | A1 ^ -> ZN v | NAND2_X4 | 0.039 |   2.108 |    2.105 | 
     | datapath/pc_plus_imm/FA_GEN[17].fa_i/g155__6783    | A1 v -> ZN ^ | NAND2_X2 | 0.047 |   2.155 |    2.153 | 
     | datapath/pc_plus_imm/FA_GEN[17].fa_i/g153__5526    | A1 ^ -> ZN v | NAND2_X2 | 0.039 |   2.194 |    2.192 | 
     | datapath/pc_plus_imm/FA_GEN[18].fa_i/g155__5122    | A1 v -> ZN ^ | NAND2_X2 | 0.045 |   2.239 |    2.237 | 
     | datapath/pc_plus_imm/FA_GEN[18].fa_i/g153__1705    | A1 ^ -> ZN v | NAND2_X2 | 0.038 |   2.277 |    2.275 | 
     | datapath/pc_plus_imm/FA_GEN[19].fa_i/g155__5115    | A1 v -> ZN ^ | NAND2_X2 | 0.058 |   2.335 |    2.333 | 
     | datapath/pc_plus_imm/FA_GEN[19].fa_i/g153__1881    | A1 ^ -> ZN v | NAND2_X4 | 0.039 |   2.374 |    2.372 | 
     | datapath/pc_plus_imm/FA_GEN[20].fa_i/g155__9945    | A1 v -> ZN ^ | NAND2_X2 | 0.045 |   2.420 |    2.418 | 
     | datapath/pc_plus_imm/FA_GEN[20].fa_i/g153__9315    | A1 ^ -> ZN v | NAND2_X2 | 0.039 |   2.459 |    2.457 | 
     | datapath/pc_plus_imm/FA_GEN[21].fa_i/g155__6417    | A1 v -> ZN ^ | NAND2_X2 | 0.058 |   2.517 |    2.515 | 
     | datapath/pc_plus_imm/FA_GEN[21].fa_i/g153__7410    | A1 ^ -> ZN v | NAND2_X4 | 0.042 |   2.558 |    2.556 | 
     | datapath/pc_plus_imm/FA_GEN[22].fa_i/FE_RC_402_0   | A1 v -> ZN ^ | NAND2_X4 | 0.044 |   2.603 |    2.600 | 
     | datapath/pc_plus_imm/FA_GEN[22].fa_i/FE_RC_401_0   | A1 ^ -> ZN v | NAND2_X4 | 0.036 |   2.639 |    2.637 | 
     | datapath/pc_plus_imm/FA_GEN[23].fa_i/g155__1617    | A1 v -> ZN ^ | NAND2_X4 | 0.043 |   2.682 |    2.680 | 
     | datapath/pc_plus_imm/FA_GEN[23].fa_i/g153__3680    | A1 ^ -> ZN v | NAND2_X4 | 0.036 |   2.719 |    2.717 | 
     | datapath/pc_plus_imm/FA_GEN[24].fa_i/g155__7098    | A1 v -> ZN ^ | NAND2_X4 | 0.043 |   2.762 |    2.760 | 
     | datapath/pc_plus_imm/FA_GEN[24].fa_i/g153__8246    | A1 ^ -> ZN v | NAND2_X4 | 0.040 |   2.802 |    2.799 | 
     | datapath/pc_plus_imm/FA_GEN[25].fa_i/g155__4733    | A1 v -> ZN ^ | NAND2_X4 | 0.044 |   2.846 |    2.844 | 
     | datapath/pc_plus_imm/FA_GEN[25].fa_i/g153__7482    | A1 ^ -> ZN v | NAND2_X4 | 0.036 |   2.882 |    2.880 | 
     | datapath/pc_plus_imm/FA_GEN[26].fa_i/g155__2346    | A1 v -> ZN ^ | NAND2_X4 | 0.043 |   2.925 |    2.923 | 
     | datapath/pc_plus_imm/FA_GEN[26].fa_i/g153__2883    | A1 ^ -> ZN v | NAND2_X4 | 0.036 |   2.961 |    2.959 | 
     | datapath/pc_plus_imm/FE_OCPC577_cout_27            | A v -> Z v   | BUF_X1   | 0.093 |   3.055 |    3.052 | 
     | datapath/pc_plus_imm/FA_GEN[27].fa_i/FE_RC_425_0   | A1 v -> ZN ^ | NAND2_X1 | 0.046 |   3.101 |    3.099 | 
     | datapath/pc_plus_imm/FA_GEN[27].fa_i/FE_RC_424_0   | A ^ -> ZN v  | OAI21_X1 | 0.049 |   3.150 |    3.148 | 
     | datapath/branch_or_inc_4/g869__6131                | A1 v -> ZN ^ | NAND2_X1 | 0.047 |   3.197 |    3.195 | 
     | datapath/branch_or_inc_4/g827__2398                | A1 ^ -> ZN v | NAND2_X1 | 0.038 |   3.235 |    3.233 | 
     | datapath/FE_RC_855_0                               | A1 v -> ZN ^ | NAND2_X1 | 0.046 |   3.281 |    3.279 | 
     | datapath/FE_RC_854_0                               | A1 ^ -> ZN v | NAND2_X1 | 0.034 |   3.315 |    3.313 | 
     | datapath/IF_pc_reg[27]                             | D v          | DFFR_X1  | 0.000 |   3.315 |    3.313 | 
     +-----------------------------------------------------------------------------------------------------------+ 
Path 39: MET Setup Check with Pin datapath/IFID_instr_reg[13]/CK 
Endpoint:   datapath/IFID_instr_reg[13]/D (v) checked with  leading edge of 
'clk'
Beginpoint: datapath/IFID_instr_reg[21]/Q (^) triggered by  leading edge of 
'clk'
Path Groups: {reg2reg}
Analysis View: WC_VIEW
Other End Arrival Time          0.117
- Setup                         0.140
+ Phase Shift                   3.000
+ CPPR Adjustment               0.000
- Uncertainty                   0.100
= Required Time                 2.876
- Arrival Time                  2.875
= Slack Time                    0.001
     Clock Rise Edge                 0.000
     + Clock Network Latency (Prop)  0.124
     = Beginpoint Arrival Time       0.124
     +---------------------------------------------------------------------------------------+ 
     |           Instance            |     Arc      |   Cell    | Delay | Arrival | Required | 
     |                               |              |           |       |  Time   |   Time   | 
     |-------------------------------+--------------+-----------+-------+---------+----------| 
     | datapath/IFID_instr_reg[21]   | CK ^         |           |       |   0.124 |    0.125 | 
     | datapath/IFID_instr_reg[21]   | CK ^ -> Q ^  | DFFR_X1   | 0.383 |   0.507 |    0.508 | 
     | datapath/FE_OFC226_IFID_rs2_1 | A ^ -> ZN v  | INV_X2    | 0.040 |   0.547 |    0.548 | 
     | datapath/FE_OFC227_IFID_rs2_1 | A v -> ZN ^  | INV_X1    | 0.104 |   0.651 |    0.652 | 
     | datapath/g528__7410           | A2 ^ -> ZN v | NAND2_X1  | 0.057 |   0.708 |    0.709 | 
     | datapath/g514__5115           | A1 v -> ZN ^ | NOR2_X1   | 0.084 |   0.792 |    0.793 | 
     | datapath/FE_OCPC366_n_1407    | A ^ -> Z ^   | CLKBUF_X3 | 0.132 |   0.924 |    0.925 | 
     | datapath/g486__6161           | A1 ^ -> ZN ^ | AND2_X4   | 0.268 |   1.192 |    1.193 | 
     | datapath/g39839               | B1 ^ -> ZN v | AOI22_X1  | 0.097 |   1.289 |    1.290 | 
     | datapath/g3482                | A1 v -> ZN v | AND4_X1   | 0.158 |   1.447 |    1.448 | 
     | datapath/g3403                | A1 v -> ZN ^ | NAND4_X4  | 0.067 |   1.514 |    1.515 | 
     | datapath/g27947               | A1 ^ -> ZN v | AOI22_X1  | 0.049 |   1.563 |    1.564 | 
     | datapath/g27825               | A v -> ZN ^  | OAI21_X1  | 0.138 |   1.701 |    1.702 | 
     | datapath/FE_RC_612_0          | A1 ^ -> ZN v | NAND2_X1  | 0.092 |   1.793 |    1.794 | 
     | datapath/FE_RC_611_0          | B2 v -> ZN ^ | AOI21_X1  | 0.138 |   1.931 |    1.932 | 
     | datapath/FE_RC_467_0          | C1 ^ -> ZN v | OAI211_X1 | 0.100 |   2.031 |    2.032 | 
     | datapath/FE_RC_839_0          | C2 v -> ZN ^ | OAI211_X2 | 0.132 |   2.163 |    2.164 | 
     | datapath/LT_TC_OP_g770        | B1 ^ -> ZN v | AOI21_X1  | 0.054 |   2.217 |    2.218 | 
     | datapath/FE_RC_540_0          | A v -> ZN ^  | INV_X1    | 0.046 |   2.263 |    2.264 | 
     | datapath/FE_RC_599_0          | A1 ^ -> ZN v | NAND2_X1  | 0.047 |   2.310 |    2.311 | 
     | datapath/g39660               | A1 v -> ZN ^ | NAND2_X1  | 0.050 |   2.360 |    2.361 | 
     | g1033                         | A ^ -> ZN v  | INV_X1    | 0.028 |   2.388 |    2.389 | 
     | g1056                         | A1 v -> ZN ^ | NOR2_X2   | 0.064 |   2.452 |    2.453 | 
     | datapath/g38987               | A ^ -> ZN v  | INV_X1    | 0.045 |   2.497 |    2.498 | 
     | datapath/g38861               | A1 v -> ZN v | AND2_X4   | 0.096 |   2.593 |    2.594 | 
     | datapath/FE_OCPC913_n_235     | A v -> ZN ^  | INV_X8    | 0.055 |   2.648 |    2.649 | 
     | datapath/FE_OCPC914_n_235     | A ^ -> ZN v  | INV_X16   | 0.038 |   2.686 |    2.687 | 
     | datapath/g38664               | B1 v -> ZN ^ | AOI22_X1  | 0.155 |   2.841 |    2.842 | 
     | datapath/FE_OFC610_n_334      | A ^ -> ZN v  | INV_X1    | 0.034 |   2.875 |    2.876 | 
     | datapath/IFID_instr_reg[13]   | D v          | DFFR_X1   | 0.000 |   2.875 |    2.876 | 
     +---------------------------------------------------------------------------------------+ 
Path 40: MET Setup Check with Pin datapath/IFID_instr_reg[12]/CK 
Endpoint:   datapath/IFID_instr_reg[12]/D (v) checked with  leading edge of 
'clk'
Beginpoint: datapath/IFID_instr_reg[21]/Q (^) triggered by  leading edge of 
'clk'
Path Groups: {reg2reg}
Analysis View: WC_VIEW
Other End Arrival Time          0.117
- Setup                         0.140
+ Phase Shift                   3.000
+ CPPR Adjustment               0.000
- Uncertainty                   0.100
= Required Time                 2.877
- Arrival Time                  2.874
= Slack Time                    0.003
     Clock Rise Edge                 0.000
     + Clock Network Latency (Prop)  0.124
     = Beginpoint Arrival Time       0.124
     +---------------------------------------------------------------------------------------+ 
     |           Instance            |     Arc      |   Cell    | Delay | Arrival | Required | 
     |                               |              |           |       |  Time   |   Time   | 
     |-------------------------------+--------------+-----------+-------+---------+----------| 
     | datapath/IFID_instr_reg[21]   | CK ^         |           |       |   0.124 |    0.126 | 
     | datapath/IFID_instr_reg[21]   | CK ^ -> Q ^  | DFFR_X1   | 0.383 |   0.507 |    0.509 | 
     | datapath/FE_OFC226_IFID_rs2_1 | A ^ -> ZN v  | INV_X2    | 0.040 |   0.547 |    0.550 | 
     | datapath/FE_OFC227_IFID_rs2_1 | A v -> ZN ^  | INV_X1    | 0.104 |   0.651 |    0.654 | 
     | datapath/g528__7410           | A2 ^ -> ZN v | NAND2_X1  | 0.057 |   0.708 |    0.711 | 
     | datapath/g514__5115           | A1 v -> ZN ^ | NOR2_X1   | 0.084 |   0.792 |    0.794 | 
     | datapath/FE_OCPC366_n_1407    | A ^ -> Z ^   | CLKBUF_X3 | 0.132 |   0.924 |    0.927 | 
     | datapath/g486__6161           | A1 ^ -> ZN ^ | AND2_X4   | 0.268 |   1.192 |    1.195 | 
     | datapath/g39839               | B1 ^ -> ZN v | AOI22_X1  | 0.097 |   1.289 |    1.292 | 
     | datapath/g3482                | A1 v -> ZN v | AND4_X1   | 0.158 |   1.447 |    1.450 | 
     | datapath/g3403                | A1 v -> ZN ^ | NAND4_X4  | 0.067 |   1.514 |    1.517 | 
     | datapath/g27947               | A1 ^ -> ZN v | AOI22_X1  | 0.049 |   1.563 |    1.565 | 
     | datapath/g27825               | A v -> ZN ^  | OAI21_X1  | 0.138 |   1.701 |    1.704 | 
     | datapath/FE_RC_612_0          | A1 ^ -> ZN v | NAND2_X1  | 0.092 |   1.793 |    1.796 | 
     | datapath/FE_RC_611_0          | B2 v -> ZN ^ | AOI21_X1  | 0.138 |   1.931 |    1.933 | 
     | datapath/FE_RC_467_0          | C1 ^ -> ZN v | OAI211_X1 | 0.100 |   2.031 |    2.034 | 
     | datapath/FE_RC_839_0          | C2 v -> ZN ^ | OAI211_X2 | 0.132 |   2.163 |    2.165 | 
     | datapath/LT_TC_OP_g770        | B1 ^ -> ZN v | AOI21_X1  | 0.054 |   2.217 |    2.220 | 
     | datapath/FE_RC_540_0          | A v -> ZN ^  | INV_X1    | 0.046 |   2.263 |    2.266 | 
     | datapath/FE_RC_599_0          | A1 ^ -> ZN v | NAND2_X1  | 0.047 |   2.310 |    2.313 | 
     | datapath/g39660               | A1 v -> ZN ^ | NAND2_X1  | 0.050 |   2.360 |    2.363 | 
     | g1033                         | A ^ -> ZN v  | INV_X1    | 0.028 |   2.388 |    2.391 | 
     | g1056                         | A1 v -> ZN ^ | NOR2_X2   | 0.064 |   2.452 |    2.455 | 
     | datapath/g38987               | A ^ -> ZN v  | INV_X1    | 0.045 |   2.497 |    2.500 | 
     | datapath/g38861               | A1 v -> ZN v | AND2_X4   | 0.096 |   2.593 |    2.596 | 
     | datapath/FE_OCPC913_n_235     | A v -> ZN ^  | INV_X8    | 0.055 |   2.648 |    2.651 | 
     | datapath/FE_OCPC914_n_235     | A ^ -> ZN v  | INV_X16   | 0.038 |   2.686 |    2.689 | 
     | datapath/g38659               | B1 v -> ZN ^ | AOI22_X1  | 0.154 |   2.840 |    2.842 | 
     | datapath/g38598               | A ^ -> ZN v  | INV_X1    | 0.034 |   2.874 |    2.877 | 
     | datapath/IFID_instr_reg[12]   | D v          | DFFR_X1   | 0.000 |   2.874 |    2.877 | 
     +---------------------------------------------------------------------------------------+ 
Path 41: MET Setup Check with Pin datapath/IFID_instr_reg[14]/CK 
Endpoint:   datapath/IFID_instr_reg[14]/D (v) checked with  leading edge of 
'clk'
Beginpoint: datapath/IFID_instr_reg[21]/Q (^) triggered by  leading edge of 
'clk'
Path Groups: {reg2reg}
Analysis View: WC_VIEW
Other End Arrival Time          0.117
- Setup                         0.140
+ Phase Shift                   3.000
+ CPPR Adjustment               0.000
- Uncertainty                   0.100
= Required Time                 2.877
- Arrival Time                  2.873
= Slack Time                    0.004
     Clock Rise Edge                 0.000
     + Clock Network Latency (Prop)  0.124
     = Beginpoint Arrival Time       0.124
     +---------------------------------------------------------------------------------------+ 
     |           Instance            |     Arc      |   Cell    | Delay | Arrival | Required | 
     |                               |              |           |       |  Time   |   Time   | 
     |-------------------------------+--------------+-----------+-------+---------+----------| 
     | datapath/IFID_instr_reg[21]   | CK ^         |           |       |   0.124 |    0.127 | 
     | datapath/IFID_instr_reg[21]   | CK ^ -> Q ^  | DFFR_X1   | 0.383 |   0.507 |    0.510 | 
     | datapath/FE_OFC226_IFID_rs2_1 | A ^ -> ZN v  | INV_X2    | 0.040 |   0.547 |    0.551 | 
     | datapath/FE_OFC227_IFID_rs2_1 | A v -> ZN ^  | INV_X1    | 0.104 |   0.651 |    0.655 | 
     | datapath/g528__7410           | A2 ^ -> ZN v | NAND2_X1  | 0.057 |   0.708 |    0.712 | 
     | datapath/g514__5115           | A1 v -> ZN ^ | NOR2_X1   | 0.084 |   0.792 |    0.795 | 
     | datapath/FE_OCPC366_n_1407    | A ^ -> Z ^   | CLKBUF_X3 | 0.132 |   0.924 |    0.928 | 
     | datapath/g486__6161           | A1 ^ -> ZN ^ | AND2_X4   | 0.268 |   1.192 |    1.196 | 
     | datapath/g39839               | B1 ^ -> ZN v | AOI22_X1  | 0.097 |   1.289 |    1.293 | 
     | datapath/g3482                | A1 v -> ZN v | AND4_X1   | 0.158 |   1.447 |    1.451 | 
     | datapath/g3403                | A1 v -> ZN ^ | NAND4_X4  | 0.067 |   1.514 |    1.518 | 
     | datapath/g27947               | A1 ^ -> ZN v | AOI22_X1  | 0.049 |   1.563 |    1.566 | 
     | datapath/g27825               | A v -> ZN ^  | OAI21_X1  | 0.138 |   1.701 |    1.705 | 
     | datapath/FE_RC_612_0          | A1 ^ -> ZN v | NAND2_X1  | 0.092 |   1.793 |    1.797 | 
     | datapath/FE_RC_611_0          | B2 v -> ZN ^ | AOI21_X1  | 0.138 |   1.931 |    1.934 | 
     | datapath/FE_RC_467_0          | C1 ^ -> ZN v | OAI211_X1 | 0.100 |   2.031 |    2.035 | 
     | datapath/FE_RC_839_0          | C2 v -> ZN ^ | OAI211_X2 | 0.132 |   2.163 |    2.166 | 
     | datapath/LT_TC_OP_g770        | B1 ^ -> ZN v | AOI21_X1  | 0.054 |   2.217 |    2.221 | 
     | datapath/FE_RC_540_0          | A v -> ZN ^  | INV_X1    | 0.046 |   2.263 |    2.267 | 
     | datapath/FE_RC_599_0          | A1 ^ -> ZN v | NAND2_X1  | 0.047 |   2.310 |    2.314 | 
     | datapath/g39660               | A1 v -> ZN ^ | NAND2_X1  | 0.050 |   2.360 |    2.364 | 
     | g1033                         | A ^ -> ZN v  | INV_X1    | 0.028 |   2.388 |    2.392 | 
     | g1056                         | A1 v -> ZN ^ | NOR2_X2   | 0.064 |   2.452 |    2.456 | 
     | datapath/g38987               | A ^ -> ZN v  | INV_X1    | 0.045 |   2.497 |    2.501 | 
     | datapath/g38861               | A1 v -> ZN v | AND2_X4   | 0.096 |   2.593 |    2.597 | 
     | datapath/FE_OCPC913_n_235     | A v -> ZN ^  | INV_X8    | 0.055 |   2.648 |    2.652 | 
     | datapath/FE_OCPC914_n_235     | A ^ -> ZN v  | INV_X16   | 0.038 |   2.686 |    2.690 | 
     | datapath/g38672               | B1 v -> ZN ^ | AOI22_X1  | 0.153 |   2.839 |    2.843 | 
     | datapath/g38610               | A ^ -> ZN v  | INV_X1    | 0.034 |   2.873 |    2.877 | 
     | datapath/IFID_instr_reg[14]   | D v          | DFFR_X1   | 0.000 |   2.873 |    2.877 | 
     +---------------------------------------------------------------------------------------+ 
Path 42: MET Setup Check with Pin datapath/IF_pc_reg[11]/CK 
Endpoint:   datapath/IF_pc_reg[11]/D      (v) checked with  leading edge of 
'clk'
Beginpoint: datapath/IFID_instr_reg[21]/Q (^) triggered by  leading edge of 
'clk'
Path Groups: {reg2reg}
Analysis View: WC_VIEW
Other End Arrival Time          0.328
- Setup                         0.244
+ Phase Shift                   3.000
+ CPPR Adjustment               0.000
- Uncertainty                   0.100
= Required Time                 2.984
- Arrival Time                  2.978
= Slack Time                    0.006
     Clock Rise Edge                 0.000
     + Clock Network Latency (Prop)  0.124
     = Beginpoint Arrival Time       0.124
     +------------------------------------------------------------------------------------------------------------+ 
     |                      Instance                      |     Arc      |   Cell    | Delay | Arrival | Required | 
     |                                                    |              |           |       |  Time   |   Time   | 
     |----------------------------------------------------+--------------+-----------+-------+---------+----------| 
     | datapath/IFID_instr_reg[21]                        | CK ^         |           |       |   0.124 |    0.130 | 
     | datapath/IFID_instr_reg[21]                        | CK ^ -> Q ^  | DFFR_X1   | 0.383 |   0.507 |    0.513 | 
     | datapath/FE_OFC226_IFID_rs2_1                      | A ^ -> ZN v  | INV_X2    | 0.040 |   0.547 |    0.553 | 
     | datapath/FE_OFC227_IFID_rs2_1                      | A v -> ZN ^  | INV_X1    | 0.104 |   0.651 |    0.658 | 
     | datapath/g528__7410                                | A2 ^ -> ZN v | NAND2_X1  | 0.057 |   0.708 |    0.714 | 
     | datapath/g514__5115                                | A1 v -> ZN ^ | NOR2_X1   | 0.084 |   0.792 |    0.798 | 
     | datapath/FE_OCPC366_n_1407                         | A ^ -> Z ^   | CLKBUF_X3 | 0.132 |   0.924 |    0.930 | 
     | datapath/g486__6161                                | A1 ^ -> ZN ^ | AND2_X4   | 0.268 |   1.192 |    1.199 | 
     | datapath/g39839                                    | B1 ^ -> ZN v | AOI22_X1  | 0.097 |   1.289 |    1.295 | 
     | datapath/g3482                                     | A1 v -> ZN v | AND4_X1   | 0.158 |   1.447 |    1.454 | 
     | datapath/g3403                                     | A1 v -> ZN ^ | NAND4_X4  | 0.067 |   1.514 |    1.520 | 
     | datapath/g27947                                    | A1 ^ -> ZN v | AOI22_X1  | 0.049 |   1.563 |    1.569 | 
     | datapath/g27825                                    | A v -> ZN ^  | OAI21_X1  | 0.138 |   1.701 |    1.707 | 
     | datapath/FE_RC_612_0                               | A1 ^ -> ZN v | NAND2_X1  | 0.092 |   1.793 |    1.800 | 
     | datapath/FE_RC_611_0                               | B2 v -> ZN ^ | AOI21_X1  | 0.138 |   1.931 |    1.937 | 
     | datapath/FE_RC_467_0                               | C1 ^ -> ZN v | OAI211_X1 | 0.100 |   2.031 |    2.037 | 
     | datapath/FE_RC_839_0                               | C2 v -> ZN ^ | OAI211_X2 | 0.132 |   2.163 |    2.169 | 
     | datapath/LT_TC_OP_g770                             | B1 ^ -> ZN v | AOI21_X1  | 0.054 |   2.217 |    2.223 | 
     | datapath/FE_RC_540_0                               | A v -> ZN ^  | INV_X1    | 0.046 |   2.263 |    2.269 | 
     | datapath/FE_RC_599_0                               | A1 ^ -> ZN v | NAND2_X1  | 0.047 |   2.310 |    2.316 | 
     | datapath/FE_RC_598_0                               | A1 v -> ZN v | AND2_X1   | 0.115 |   2.425 |    2.431 | 
     | datapath/FE_OFC964_FE_RN_355_0                     | A v -> ZN ^  | INV_X4    | 0.095 |   2.519 |    2.526 | 
     | datapath/branch_or_inc_4/FE_OFC965_FE_RN_355_0     | A ^ -> ZN v  | INV_X2    | 0.048 |   2.567 |    2.574 | 
     | datapath/branch_or_inc_4/FE_OFC957_FE_DBTN57_n_134 | A v -> ZN ^  | INV_X2    | 0.154 |   2.721 |    2.728 | 
     | 8                                                  |              |           |       |         |          | 
     | datapath/branch_or_inc_4/g836__2802                | S ^ -> Z v   | MUX2_X1   | 0.256 |   2.978 |    2.984 | 
     | datapath/IF_pc_reg[11]                             | D v          | SDFFR_X1  | 0.000 |   2.978 |    2.984 | 
     +------------------------------------------------------------------------------------------------------------+ 
Path 43: MET Setup Check with Pin datapath/IFID_instr_reg[21]/CK 
Endpoint:   datapath/IFID_instr_reg[21]/D (v) checked with  leading edge of 
'clk'
Beginpoint: datapath/IFID_instr_reg[21]/Q (^) triggered by  leading edge of 
'clk'
Path Groups: {reg2reg}
Analysis View: WC_VIEW
Other End Arrival Time          0.123
- Setup                         0.136
+ Phase Shift                   3.000
+ CPPR Adjustment               0.000
- Uncertainty                   0.100
= Required Time                 2.887
- Arrival Time                  2.879
= Slack Time                    0.008
     Clock Rise Edge                 0.000
     + Clock Network Latency (Prop)  0.124
     = Beginpoint Arrival Time       0.124
     +---------------------------------------------------------------------------------------+ 
     |           Instance            |     Arc      |   Cell    | Delay | Arrival | Required | 
     |                               |              |           |       |  Time   |   Time   | 
     |-------------------------------+--------------+-----------+-------+---------+----------| 
     | datapath/IFID_instr_reg[21]   | CK ^         |           |       |   0.124 |    0.132 | 
     | datapath/IFID_instr_reg[21]   | CK ^ -> Q ^  | DFFR_X1   | 0.383 |   0.507 |    0.515 | 
     | datapath/FE_OFC226_IFID_rs2_1 | A ^ -> ZN v  | INV_X2    | 0.040 |   0.547 |    0.555 | 
     | datapath/FE_OFC227_IFID_rs2_1 | A v -> ZN ^  | INV_X1    | 0.104 |   0.651 |    0.659 | 
     | datapath/g528__7410           | A2 ^ -> ZN v | NAND2_X1  | 0.057 |   0.708 |    0.716 | 
     | datapath/g514__5115           | A1 v -> ZN ^ | NOR2_X1   | 0.084 |   0.792 |    0.800 | 
     | datapath/FE_OCPC366_n_1407    | A ^ -> Z ^   | CLKBUF_X3 | 0.132 |   0.924 |    0.932 | 
     | datapath/g486__6161           | A1 ^ -> ZN ^ | AND2_X4   | 0.268 |   1.192 |    1.200 | 
     | datapath/g39839               | B1 ^ -> ZN v | AOI22_X1  | 0.097 |   1.289 |    1.297 | 
     | datapath/g3482                | A1 v -> ZN v | AND4_X1   | 0.158 |   1.447 |    1.455 | 
     | datapath/g3403                | A1 v -> ZN ^ | NAND4_X4  | 0.067 |   1.514 |    1.522 | 
     | datapath/g27947               | A1 ^ -> ZN v | AOI22_X1  | 0.049 |   1.563 |    1.571 | 
     | datapath/g27825               | A v -> ZN ^  | OAI21_X1  | 0.138 |   1.701 |    1.709 | 
     | datapath/FE_RC_612_0          | A1 ^ -> ZN v | NAND2_X1  | 0.092 |   1.793 |    1.801 | 
     | datapath/FE_RC_611_0          | B2 v -> ZN ^ | AOI21_X1  | 0.138 |   1.931 |    1.939 | 
     | datapath/FE_RC_467_0          | C1 ^ -> ZN v | OAI211_X1 | 0.100 |   2.031 |    2.039 | 
     | datapath/FE_RC_839_0          | C2 v -> ZN ^ | OAI211_X2 | 0.132 |   2.163 |    2.171 | 
     | datapath/LT_TC_OP_g770        | B1 ^ -> ZN v | AOI21_X1  | 0.054 |   2.217 |    2.225 | 
     | datapath/FE_RC_540_0          | A v -> ZN ^  | INV_X1    | 0.046 |   2.263 |    2.271 | 
     | datapath/FE_RC_599_0          | A1 ^ -> ZN v | NAND2_X1  | 0.047 |   2.310 |    2.318 | 
     | datapath/g39660               | A1 v -> ZN ^ | NAND2_X1  | 0.050 |   2.360 |    2.368 | 
     | g1033                         | A ^ -> ZN v  | INV_X1    | 0.028 |   2.388 |    2.396 | 
     | g1056                         | A1 v -> ZN ^ | NOR2_X2   | 0.064 |   2.452 |    2.460 | 
     | datapath/g38987               | A ^ -> ZN v  | INV_X1    | 0.045 |   2.497 |    2.505 | 
     | datapath/g38861               | A1 v -> ZN v | AND2_X4   | 0.096 |   2.593 |    2.601 | 
     | datapath/FE_OCPC913_n_235     | A v -> ZN ^  | INV_X8    | 0.055 |   2.648 |    2.656 | 
     | datapath/FE_OCPC914_n_235     | A ^ -> ZN v  | INV_X16   | 0.038 |   2.686 |    2.694 | 
     | datapath/g38682               | B1 v -> ZN ^ | AOI22_X1  | 0.160 |   2.846 |    2.854 | 
     | datapath/g38620               | A ^ -> ZN v  | INV_X1    | 0.033 |   2.879 |    2.887 | 
     | datapath/IFID_instr_reg[21]   | D v          | DFFR_X1   | 0.000 |   2.879 |    2.887 | 
     +---------------------------------------------------------------------------------------+ 
Path 44: MET Setup Check with Pin datapath/IFID_instr_reg[24]/CK 
Endpoint:   datapath/IFID_instr_reg[24]/D (v) checked with  leading edge of 
'clk'
Beginpoint: datapath/IFID_instr_reg[21]/Q (^) triggered by  leading edge of 
'clk'
Path Groups: {reg2reg}
Analysis View: WC_VIEW
Other End Arrival Time          0.123
- Setup                         0.136
+ Phase Shift                   3.000
+ CPPR Adjustment               0.000
- Uncertainty                   0.100
= Required Time                 2.888
- Arrival Time                  2.874
= Slack Time                    0.014
     Clock Rise Edge                 0.000
     + Clock Network Latency (Prop)  0.124
     = Beginpoint Arrival Time       0.124
     +---------------------------------------------------------------------------------------+ 
     |           Instance            |     Arc      |   Cell    | Delay | Arrival | Required | 
     |                               |              |           |       |  Time   |   Time   | 
     |-------------------------------+--------------+-----------+-------+---------+----------| 
     | datapath/IFID_instr_reg[21]   | CK ^         |           |       |   0.124 |    0.138 | 
     | datapath/IFID_instr_reg[21]   | CK ^ -> Q ^  | DFFR_X1   | 0.383 |   0.507 |    0.521 | 
     | datapath/FE_OFC226_IFID_rs2_1 | A ^ -> ZN v  | INV_X2    | 0.040 |   0.547 |    0.561 | 
     | datapath/FE_OFC227_IFID_rs2_1 | A v -> ZN ^  | INV_X1    | 0.104 |   0.651 |    0.665 | 
     | datapath/g528__7410           | A2 ^ -> ZN v | NAND2_X1  | 0.057 |   0.708 |    0.722 | 
     | datapath/g514__5115           | A1 v -> ZN ^ | NOR2_X1   | 0.084 |   0.792 |    0.806 | 
     | datapath/FE_OCPC366_n_1407    | A ^ -> Z ^   | CLKBUF_X3 | 0.132 |   0.924 |    0.938 | 
     | datapath/g486__6161           | A1 ^ -> ZN ^ | AND2_X4   | 0.268 |   1.192 |    1.206 | 
     | datapath/g39839               | B1 ^ -> ZN v | AOI22_X1  | 0.097 |   1.289 |    1.303 | 
     | datapath/g3482                | A1 v -> ZN v | AND4_X1   | 0.158 |   1.447 |    1.461 | 
     | datapath/g3403                | A1 v -> ZN ^ | NAND4_X4  | 0.067 |   1.514 |    1.528 | 
     | datapath/g27947               | A1 ^ -> ZN v | AOI22_X1  | 0.049 |   1.563 |    1.577 | 
     | datapath/g27825               | A v -> ZN ^  | OAI21_X1  | 0.138 |   1.701 |    1.715 | 
     | datapath/FE_RC_612_0          | A1 ^ -> ZN v | NAND2_X1  | 0.092 |   1.793 |    1.807 | 
     | datapath/FE_RC_611_0          | B2 v -> ZN ^ | AOI21_X1  | 0.138 |   1.931 |    1.945 | 
     | datapath/FE_RC_467_0          | C1 ^ -> ZN v | OAI211_X1 | 0.100 |   2.031 |    2.045 | 
     | datapath/FE_RC_839_0          | C2 v -> ZN ^ | OAI211_X2 | 0.132 |   2.163 |    2.177 | 
     | datapath/LT_TC_OP_g770        | B1 ^ -> ZN v | AOI21_X1  | 0.054 |   2.217 |    2.231 | 
     | datapath/FE_RC_540_0          | A v -> ZN ^  | INV_X1    | 0.046 |   2.263 |    2.277 | 
     | datapath/FE_RC_599_0          | A1 ^ -> ZN v | NAND2_X1  | 0.047 |   2.310 |    2.324 | 
     | datapath/g39660               | A1 v -> ZN ^ | NAND2_X1  | 0.050 |   2.360 |    2.374 | 
     | g1033                         | A ^ -> ZN v  | INV_X1    | 0.028 |   2.388 |    2.402 | 
     | g1056                         | A1 v -> ZN ^ | NOR2_X2   | 0.064 |   2.452 |    2.466 | 
     | datapath/g38987               | A ^ -> ZN v  | INV_X1    | 0.045 |   2.497 |    2.511 | 
     | datapath/g38861               | A1 v -> ZN v | AND2_X4   | 0.096 |   2.593 |    2.607 | 
     | datapath/FE_OCPC913_n_235     | A v -> ZN ^  | INV_X8    | 0.055 |   2.648 |    2.662 | 
     | datapath/FE_OCPC914_n_235     | A ^ -> ZN v  | INV_X16   | 0.038 |   2.686 |    2.700 | 
     | datapath/g38684               | B1 v -> ZN ^ | AOI22_X1  | 0.154 |   2.840 |    2.854 | 
     | datapath/g38622               | A ^ -> ZN v  | INV_X1    | 0.034 |   2.874 |    2.888 | 
     | datapath/IFID_instr_reg[24]   | D v          | DFFR_X1   | 0.000 |   2.874 |    2.888 | 
     +---------------------------------------------------------------------------------------+ 
Path 45: MET Setup Check with Pin datapath/IFID_instr_reg[22]/CK 
Endpoint:   datapath/IFID_instr_reg[22]/D (v) checked with  leading edge of 
'clk'
Beginpoint: datapath/IFID_instr_reg[21]/Q (^) triggered by  leading edge of 
'clk'
Path Groups: {reg2reg}
Analysis View: WC_VIEW
Other End Arrival Time          0.123
- Setup                         0.135
+ Phase Shift                   3.000
+ CPPR Adjustment               0.000
- Uncertainty                   0.100
= Required Time                 2.888
- Arrival Time                  2.871
= Slack Time                    0.017
     Clock Rise Edge                 0.000
     + Clock Network Latency (Prop)  0.124
     = Beginpoint Arrival Time       0.124
     +---------------------------------------------------------------------------------------+ 
     |           Instance            |     Arc      |   Cell    | Delay | Arrival | Required | 
     |                               |              |           |       |  Time   |   Time   | 
     |-------------------------------+--------------+-----------+-------+---------+----------| 
     | datapath/IFID_instr_reg[21]   | CK ^         |           |       |   0.124 |    0.140 | 
     | datapath/IFID_instr_reg[21]   | CK ^ -> Q ^  | DFFR_X1   | 0.383 |   0.507 |    0.523 | 
     | datapath/FE_OFC226_IFID_rs2_1 | A ^ -> ZN v  | INV_X2    | 0.040 |   0.547 |    0.563 | 
     | datapath/FE_OFC227_IFID_rs2_1 | A v -> ZN ^  | INV_X1    | 0.104 |   0.651 |    0.668 | 
     | datapath/g528__7410           | A2 ^ -> ZN v | NAND2_X1  | 0.057 |   0.708 |    0.725 | 
     | datapath/g514__5115           | A1 v -> ZN ^ | NOR2_X1   | 0.084 |   0.792 |    0.808 | 
     | datapath/FE_OCPC366_n_1407    | A ^ -> Z ^   | CLKBUF_X3 | 0.132 |   0.924 |    0.941 | 
     | datapath/g486__6161           | A1 ^ -> ZN ^ | AND2_X4   | 0.268 |   1.192 |    1.209 | 
     | datapath/g39839               | B1 ^ -> ZN v | AOI22_X1  | 0.097 |   1.289 |    1.306 | 
     | datapath/g3482                | A1 v -> ZN v | AND4_X1   | 0.158 |   1.447 |    1.464 | 
     | datapath/g3403                | A1 v -> ZN ^ | NAND4_X4  | 0.067 |   1.514 |    1.530 | 
     | datapath/g27947               | A1 ^ -> ZN v | AOI22_X1  | 0.049 |   1.563 |    1.579 | 
     | datapath/g27825               | A v -> ZN ^  | OAI21_X1  | 0.138 |   1.701 |    1.718 | 
     | datapath/FE_RC_612_0          | A1 ^ -> ZN v | NAND2_X1  | 0.092 |   1.793 |    1.810 | 
     | datapath/FE_RC_611_0          | B2 v -> ZN ^ | AOI21_X1  | 0.138 |   1.931 |    1.947 | 
     | datapath/FE_RC_467_0          | C1 ^ -> ZN v | OAI211_X1 | 0.100 |   2.031 |    2.048 | 
     | datapath/FE_RC_839_0          | C2 v -> ZN ^ | OAI211_X2 | 0.132 |   2.163 |    2.179 | 
     | datapath/LT_TC_OP_g770        | B1 ^ -> ZN v | AOI21_X1  | 0.054 |   2.217 |    2.234 | 
     | datapath/FE_RC_540_0          | A v -> ZN ^  | INV_X1    | 0.046 |   2.263 |    2.280 | 
     | datapath/FE_RC_599_0          | A1 ^ -> ZN v | NAND2_X1  | 0.047 |   2.310 |    2.327 | 
     | datapath/g39660               | A1 v -> ZN ^ | NAND2_X1  | 0.050 |   2.360 |    2.376 | 
     | g1033                         | A ^ -> ZN v  | INV_X1    | 0.028 |   2.388 |    2.405 | 
     | g1056                         | A1 v -> ZN ^ | NOR2_X2   | 0.064 |   2.452 |    2.469 | 
     | datapath/g38987               | A ^ -> ZN v  | INV_X1    | 0.045 |   2.497 |    2.514 | 
     | datapath/g38861               | A1 v -> ZN v | AND2_X4   | 0.096 |   2.593 |    2.610 | 
     | datapath/FE_OCPC913_n_235     | A v -> ZN ^  | INV_X8    | 0.055 |   2.648 |    2.665 | 
     | datapath/FE_OCPC914_n_235     | A ^ -> ZN v  | INV_X16   | 0.038 |   2.686 |    2.703 | 
     | datapath/g38685               | B1 v -> ZN ^ | AOI22_X1  | 0.153 |   2.839 |    2.856 | 
     | datapath/g38623               | A ^ -> ZN v  | INV_X1    | 0.032 |   2.871 |    2.888 | 
     | datapath/IFID_instr_reg[22]   | D v          | DFFR_X1   | 0.000 |   2.871 |    2.888 | 
     +---------------------------------------------------------------------------------------+ 
Path 46: MET Setup Check with Pin datapath/IFID_instr_reg[23]/CK 
Endpoint:   datapath/IFID_instr_reg[23]/D (v) checked with  leading edge of 
'clk'
Beginpoint: datapath/IFID_instr_reg[21]/Q (^) triggered by  leading edge of 
'clk'
Path Groups: {reg2reg}
Analysis View: WC_VIEW
Other End Arrival Time          0.124
- Setup                         0.135
+ Phase Shift                   3.000
+ CPPR Adjustment               0.000
- Uncertainty                   0.100
= Required Time                 2.888
- Arrival Time                  2.871
= Slack Time                    0.017
     Clock Rise Edge                 0.000
     + Clock Network Latency (Prop)  0.124
     = Beginpoint Arrival Time       0.124
     +---------------------------------------------------------------------------------------+ 
     |           Instance            |     Arc      |   Cell    | Delay | Arrival | Required | 
     |                               |              |           |       |  Time   |   Time   | 
     |-------------------------------+--------------+-----------+-------+---------+----------| 
     | datapath/IFID_instr_reg[21]   | CK ^         |           |       |   0.124 |    0.140 | 
     | datapath/IFID_instr_reg[21]   | CK ^ -> Q ^  | DFFR_X1   | 0.383 |   0.507 |    0.523 | 
     | datapath/FE_OFC226_IFID_rs2_1 | A ^ -> ZN v  | INV_X2    | 0.040 |   0.547 |    0.564 | 
     | datapath/FE_OFC227_IFID_rs2_1 | A v -> ZN ^  | INV_X1    | 0.104 |   0.651 |    0.668 | 
     | datapath/g528__7410           | A2 ^ -> ZN v | NAND2_X1  | 0.057 |   0.708 |    0.725 | 
     | datapath/g514__5115           | A1 v -> ZN ^ | NOR2_X1   | 0.084 |   0.792 |    0.808 | 
     | datapath/FE_OCPC366_n_1407    | A ^ -> Z ^   | CLKBUF_X3 | 0.132 |   0.924 |    0.941 | 
     | datapath/g486__6161           | A1 ^ -> ZN ^ | AND2_X4   | 0.268 |   1.192 |    1.209 | 
     | datapath/g39839               | B1 ^ -> ZN v | AOI22_X1  | 0.097 |   1.289 |    1.306 | 
     | datapath/g3482                | A1 v -> ZN v | AND4_X1   | 0.158 |   1.447 |    1.464 | 
     | datapath/g3403                | A1 v -> ZN ^ | NAND4_X4  | 0.067 |   1.514 |    1.531 | 
     | datapath/g27947               | A1 ^ -> ZN v | AOI22_X1  | 0.049 |   1.563 |    1.580 | 
     | datapath/g27825               | A v -> ZN ^  | OAI21_X1  | 0.138 |   1.701 |    1.718 | 
     | datapath/FE_RC_612_0          | A1 ^ -> ZN v | NAND2_X1  | 0.092 |   1.793 |    1.810 | 
     | datapath/FE_RC_611_0          | B2 v -> ZN ^ | AOI21_X1  | 0.138 |   1.931 |    1.948 | 
     | datapath/FE_RC_467_0          | C1 ^ -> ZN v | OAI211_X1 | 0.100 |   2.031 |    2.048 | 
     | datapath/FE_RC_839_0          | C2 v -> ZN ^ | OAI211_X2 | 0.132 |   2.163 |    2.179 | 
     | datapath/LT_TC_OP_g770        | B1 ^ -> ZN v | AOI21_X1  | 0.054 |   2.217 |    2.234 | 
     | datapath/FE_RC_540_0          | A v -> ZN ^  | INV_X1    | 0.046 |   2.263 |    2.280 | 
     | datapath/FE_RC_599_0          | A1 ^ -> ZN v | NAND2_X1  | 0.047 |   2.310 |    2.327 | 
     | datapath/g39660               | A1 v -> ZN ^ | NAND2_X1  | 0.050 |   2.360 |    2.377 | 
     | g1033                         | A ^ -> ZN v  | INV_X1    | 0.028 |   2.388 |    2.405 | 
     | g1056                         | A1 v -> ZN ^ | NOR2_X2   | 0.064 |   2.452 |    2.469 | 
     | datapath/g38987               | A ^ -> ZN v  | INV_X1    | 0.045 |   2.497 |    2.514 | 
     | datapath/g38861               | A1 v -> ZN v | AND2_X4   | 0.096 |   2.593 |    2.610 | 
     | datapath/FE_OCPC913_n_235     | A v -> ZN ^  | INV_X8    | 0.055 |   2.648 |    2.665 | 
     | datapath/FE_OCPC914_n_235     | A ^ -> ZN v  | INV_X16   | 0.038 |   2.686 |    2.703 | 
     | datapath/g38683               | B1 v -> ZN ^ | AOI22_X1  | 0.153 |   2.839 |    2.855 | 
     | datapath/g38621               | A ^ -> ZN v  | INV_X1    | 0.033 |   2.871 |    2.888 | 
     | datapath/IFID_instr_reg[23]   | D v          | DFFR_X1   | 0.000 |   2.871 |    2.888 | 
     +---------------------------------------------------------------------------------------+ 
Path 47: MET Setup Check with Pin datapath/IFID_instr_reg[18]/CK 
Endpoint:   datapath/IFID_instr_reg[18]/D (v) checked with  leading edge of 
'clk'
Beginpoint: datapath/IFID_instr_reg[21]/Q (^) triggered by  leading edge of 
'clk'
Path Groups: {reg2reg}
Analysis View: WC_VIEW
Other End Arrival Time          0.123
- Setup                         0.135
+ Phase Shift                   3.000
+ CPPR Adjustment               0.000
- Uncertainty                   0.100
= Required Time                 2.888
- Arrival Time                  2.871
= Slack Time                    0.017
     Clock Rise Edge                 0.000
     + Clock Network Latency (Prop)  0.124
     = Beginpoint Arrival Time       0.124
     +---------------------------------------------------------------------------------------+ 
     |           Instance            |     Arc      |   Cell    | Delay | Arrival | Required | 
     |                               |              |           |       |  Time   |   Time   | 
     |-------------------------------+--------------+-----------+-------+---------+----------| 
     | datapath/IFID_instr_reg[21]   | CK ^         |           |       |   0.124 |    0.141 | 
     | datapath/IFID_instr_reg[21]   | CK ^ -> Q ^  | DFFR_X1   | 0.383 |   0.507 |    0.524 | 
     | datapath/FE_OFC226_IFID_rs2_1 | A ^ -> ZN v  | INV_X2    | 0.040 |   0.547 |    0.564 | 
     | datapath/FE_OFC227_IFID_rs2_1 | A v -> ZN ^  | INV_X1    | 0.104 |   0.651 |    0.669 | 
     | datapath/g528__7410           | A2 ^ -> ZN v | NAND2_X1  | 0.057 |   0.708 |    0.725 | 
     | datapath/g514__5115           | A1 v -> ZN ^ | NOR2_X1   | 0.084 |   0.792 |    0.809 | 
     | datapath/FE_OCPC366_n_1407    | A ^ -> Z ^   | CLKBUF_X3 | 0.132 |   0.924 |    0.941 | 
     | datapath/g486__6161           | A1 ^ -> ZN ^ | AND2_X4   | 0.268 |   1.192 |    1.210 | 
     | datapath/g39839               | B1 ^ -> ZN v | AOI22_X1  | 0.097 |   1.289 |    1.306 | 
     | datapath/g3482                | A1 v -> ZN v | AND4_X1   | 0.158 |   1.447 |    1.465 | 
     | datapath/g3403                | A1 v -> ZN ^ | NAND4_X4  | 0.067 |   1.514 |    1.531 | 
     | datapath/g27947               | A1 ^ -> ZN v | AOI22_X1  | 0.049 |   1.563 |    1.580 | 
     | datapath/g27825               | A v -> ZN ^  | OAI21_X1  | 0.138 |   1.701 |    1.718 | 
     | datapath/FE_RC_612_0          | A1 ^ -> ZN v | NAND2_X1  | 0.092 |   1.793 |    1.811 | 
     | datapath/FE_RC_611_0          | B2 v -> ZN ^ | AOI21_X1  | 0.138 |   1.931 |    1.948 | 
     | datapath/FE_RC_467_0          | C1 ^ -> ZN v | OAI211_X1 | 0.100 |   2.031 |    2.048 | 
     | datapath/FE_RC_839_0          | C2 v -> ZN ^ | OAI211_X2 | 0.132 |   2.163 |    2.180 | 
     | datapath/LT_TC_OP_g770        | B1 ^ -> ZN v | AOI21_X1  | 0.054 |   2.217 |    2.234 | 
     | datapath/FE_RC_540_0          | A v -> ZN ^  | INV_X1    | 0.046 |   2.263 |    2.280 | 
     | datapath/FE_RC_599_0          | A1 ^ -> ZN v | NAND2_X1  | 0.047 |   2.310 |    2.327 | 
     | datapath/g39660               | A1 v -> ZN ^ | NAND2_X1  | 0.050 |   2.360 |    2.377 | 
     | g1033                         | A ^ -> ZN v  | INV_X1    | 0.028 |   2.388 |    2.406 | 
     | g1056                         | A1 v -> ZN ^ | NOR2_X2   | 0.064 |   2.452 |    2.469 | 
     | datapath/g38987               | A ^ -> ZN v  | INV_X1    | 0.045 |   2.497 |    2.514 | 
     | datapath/g38861               | A1 v -> ZN v | AND2_X4   | 0.096 |   2.593 |    2.610 | 
     | datapath/FE_OCPC913_n_235     | A v -> ZN ^  | INV_X8    | 0.055 |   2.648 |    2.665 | 
     | datapath/FE_OCPC914_n_235     | A ^ -> ZN v  | INV_X16   | 0.038 |   2.686 |    2.703 | 
     | datapath/g38679               | B1 v -> ZN ^ | AOI22_X1  | 0.152 |   2.838 |    2.855 | 
     | datapath/g38617               | A ^ -> ZN v  | INV_X1    | 0.033 |   2.871 |    2.888 | 
     | datapath/IFID_instr_reg[18]   | D v          | DFFR_X1   | 0.000 |   2.871 |    2.888 | 
     +---------------------------------------------------------------------------------------+ 
Path 48: MET Setup Check with Pin datapath/IF_pc_reg[10]/CK 
Endpoint:   datapath/IF_pc_reg[10]/D      (v) checked with  leading edge of 
'clk'
Beginpoint: datapath/IFID_instr_reg[21]/Q (^) triggered by  leading edge of 
'clk'
Path Groups: {reg2reg}
Analysis View: WC_VIEW
Other End Arrival Time          0.328
- Setup                         0.243
+ Phase Shift                   3.000
+ CPPR Adjustment               0.000
- Uncertainty                   0.100
= Required Time                 2.984
- Arrival Time                  2.964
= Slack Time                    0.020
     Clock Rise Edge                 0.000
     + Clock Network Latency (Prop)  0.124
     = Beginpoint Arrival Time       0.124
     +------------------------------------------------------------------------------------------------------------+ 
     |                      Instance                      |     Arc      |   Cell    | Delay | Arrival | Required | 
     |                                                    |              |           |       |  Time   |   Time   | 
     |----------------------------------------------------+--------------+-----------+-------+---------+----------| 
     | datapath/IFID_instr_reg[21]                        | CK ^         |           |       |   0.124 |    0.144 | 
     | datapath/IFID_instr_reg[21]                        | CK ^ -> Q ^  | DFFR_X1   | 0.383 |   0.507 |    0.527 | 
     | datapath/FE_OFC226_IFID_rs2_1                      | A ^ -> ZN v  | INV_X2    | 0.040 |   0.547 |    0.567 | 
     | datapath/FE_OFC227_IFID_rs2_1                      | A v -> ZN ^  | INV_X1    | 0.104 |   0.651 |    0.672 | 
     | datapath/g528__7410                                | A2 ^ -> ZN v | NAND2_X1  | 0.057 |   0.708 |    0.728 | 
     | datapath/g514__5115                                | A1 v -> ZN ^ | NOR2_X1   | 0.084 |   0.792 |    0.812 | 
     | datapath/FE_OCPC366_n_1407                         | A ^ -> Z ^   | CLKBUF_X3 | 0.132 |   0.924 |    0.944 | 
     | datapath/g486__6161                                | A1 ^ -> ZN ^ | AND2_X4   | 0.268 |   1.192 |    1.213 | 
     | datapath/g39839                                    | B1 ^ -> ZN v | AOI22_X1  | 0.097 |   1.289 |    1.309 | 
     | datapath/g3482                                     | A1 v -> ZN v | AND4_X1   | 0.158 |   1.447 |    1.467 | 
     | datapath/g3403                                     | A1 v -> ZN ^ | NAND4_X4  | 0.067 |   1.514 |    1.534 | 
     | datapath/g27947                                    | A1 ^ -> ZN v | AOI22_X1  | 0.049 |   1.563 |    1.583 | 
     | datapath/g27825                                    | A v -> ZN ^  | OAI21_X1  | 0.138 |   1.701 |    1.721 | 
     | datapath/FE_RC_612_0                               | A1 ^ -> ZN v | NAND2_X1  | 0.092 |   1.793 |    1.813 | 
     | datapath/FE_RC_611_0                               | B2 v -> ZN ^ | AOI21_X1  | 0.138 |   1.931 |    1.951 | 
     | datapath/FE_RC_467_0                               | C1 ^ -> ZN v | OAI211_X1 | 0.100 |   2.031 |    2.051 | 
     | datapath/FE_RC_839_0                               | C2 v -> ZN ^ | OAI211_X2 | 0.132 |   2.163 |    2.183 | 
     | datapath/LT_TC_OP_g770                             | B1 ^ -> ZN v | AOI21_X1  | 0.054 |   2.217 |    2.237 | 
     | datapath/FE_RC_540_0                               | A v -> ZN ^  | INV_X1    | 0.046 |   2.263 |    2.283 | 
     | datapath/FE_RC_599_0                               | A1 ^ -> ZN v | NAND2_X1  | 0.047 |   2.310 |    2.330 | 
     | datapath/FE_RC_598_0                               | A1 v -> ZN v | AND2_X1   | 0.115 |   2.425 |    2.445 | 
     | datapath/FE_OFC964_FE_RN_355_0                     | A v -> ZN ^  | INV_X4    | 0.095 |   2.519 |    2.540 | 
     | datapath/branch_or_inc_4/FE_OFC965_FE_RN_355_0     | A ^ -> ZN v  | INV_X2    | 0.048 |   2.567 |    2.588 | 
     | datapath/branch_or_inc_4/FE_OFC957_FE_DBTN57_n_134 | A v -> ZN ^  | INV_X2    | 0.154 |   2.721 |    2.741 | 
     | 8                                                  |              |           |       |         |          | 
     | datapath/branch_or_inc_4/g839__8246                | S ^ -> Z v   | MUX2_X1   | 0.243 |   2.964 |    2.984 | 
     | datapath/IF_pc_reg[10]                             | D v          | SDFFR_X1  | 0.000 |   2.964 |    2.984 | 
     +------------------------------------------------------------------------------------------------------------+ 
Path 49: MET Setup Check with Pin datapath/IF_pc_reg[5]/CK 
Endpoint:   datapath/IF_pc_reg[5]/D       (v) checked with  leading edge of 
'clk'
Beginpoint: datapath/IFID_instr_reg[21]/Q (^) triggered by  leading edge of 
'clk'
Path Groups: {reg2reg}
Analysis View: WC_VIEW
Other End Arrival Time          0.328
- Setup                         0.243
+ Phase Shift                   3.000
+ CPPR Adjustment               0.000
- Uncertainty                   0.100
= Required Time                 2.985
- Arrival Time                  2.962
= Slack Time                    0.024
     Clock Rise Edge                 0.000
     + Clock Network Latency (Prop)  0.124
     = Beginpoint Arrival Time       0.124
     +------------------------------------------------------------------------------------------------------------+ 
     |                      Instance                      |     Arc      |   Cell    | Delay | Arrival | Required | 
     |                                                    |              |           |       |  Time   |   Time   | 
     |----------------------------------------------------+--------------+-----------+-------+---------+----------| 
     | datapath/IFID_instr_reg[21]                        | CK ^         |           |       |   0.124 |    0.147 | 
     | datapath/IFID_instr_reg[21]                        | CK ^ -> Q ^  | DFFR_X1   | 0.383 |   0.507 |    0.530 | 
     | datapath/FE_OFC226_IFID_rs2_1                      | A ^ -> ZN v  | INV_X2    | 0.040 |   0.547 |    0.570 | 
     | datapath/FE_OFC227_IFID_rs2_1                      | A v -> ZN ^  | INV_X1    | 0.104 |   0.651 |    0.675 | 
     | datapath/g528__7410                                | A2 ^ -> ZN v | NAND2_X1  | 0.057 |   0.708 |    0.732 | 
     | datapath/g514__5115                                | A1 v -> ZN ^ | NOR2_X1   | 0.084 |   0.792 |    0.815 | 
     | datapath/FE_OCPC366_n_1407                         | A ^ -> Z ^   | CLKBUF_X3 | 0.132 |   0.924 |    0.947 | 
     | datapath/g486__6161                                | A1 ^ -> ZN ^ | AND2_X4   | 0.268 |   1.192 |    1.216 | 
     | datapath/g39839                                    | B1 ^ -> ZN v | AOI22_X1  | 0.097 |   1.289 |    1.313 | 
     | datapath/g3482                                     | A1 v -> ZN v | AND4_X1   | 0.158 |   1.447 |    1.471 | 
     | datapath/g3403                                     | A1 v -> ZN ^ | NAND4_X4  | 0.067 |   1.514 |    1.537 | 
     | datapath/g27947                                    | A1 ^ -> ZN v | AOI22_X1  | 0.049 |   1.563 |    1.586 | 
     | datapath/g27825                                    | A v -> ZN ^  | OAI21_X1  | 0.138 |   1.701 |    1.724 | 
     | datapath/FE_RC_612_0                               | A1 ^ -> ZN v | NAND2_X1  | 0.092 |   1.793 |    1.817 | 
     | datapath/FE_RC_611_0                               | B2 v -> ZN ^ | AOI21_X1  | 0.138 |   1.931 |    1.954 | 
     | datapath/FE_RC_467_0                               | C1 ^ -> ZN v | OAI211_X1 | 0.100 |   2.031 |    2.054 | 
     | datapath/FE_RC_839_0                               | C2 v -> ZN ^ | OAI211_X2 | 0.132 |   2.163 |    2.186 | 
     | datapath/LT_TC_OP_g770                             | B1 ^ -> ZN v | AOI21_X1  | 0.054 |   2.217 |    2.240 | 
     | datapath/FE_RC_540_0                               | A v -> ZN ^  | INV_X1    | 0.046 |   2.263 |    2.286 | 
     | datapath/FE_RC_599_0                               | A1 ^ -> ZN v | NAND2_X1  | 0.047 |   2.310 |    2.333 | 
     | datapath/FE_RC_598_0                               | A1 v -> ZN v | AND2_X1   | 0.115 |   2.425 |    2.448 | 
     | datapath/FE_OFC964_FE_RN_355_0                     | A v -> ZN ^  | INV_X4    | 0.095 |   2.519 |    2.543 | 
     | datapath/branch_or_inc_4/FE_OFC965_FE_RN_355_0     | A ^ -> ZN v  | INV_X2    | 0.048 |   2.567 |    2.591 | 
     | datapath/branch_or_inc_4/FE_OFC957_FE_DBTN57_n_134 | A v -> ZN ^  | INV_X2    | 0.154 |   2.721 |    2.745 | 
     | 8                                                  |              |           |       |         |          | 
     | datapath/branch_or_inc_4/g819__9315                | S ^ -> Z v   | MUX2_X1   | 0.241 |   2.962 |    2.985 | 
     | datapath/IF_pc_reg[5]                              | D v          | SDFFR_X1  | 0.000 |   2.962 |    2.985 | 
     +------------------------------------------------------------------------------------------------------------+ 
Path 50: MET Setup Check with Pin datapath/IF_pc_reg[12]/CK 
Endpoint:   datapath/IF_pc_reg[12]/D      (v) checked with  leading edge of 
'clk'
Beginpoint: datapath/IFID_instr_reg[21]/Q (^) triggered by  leading edge of 
'clk'
Path Groups: {reg2reg}
Analysis View: WC_VIEW
Other End Arrival Time          0.328
- Setup                         0.243
+ Phase Shift                   3.000
+ CPPR Adjustment               0.000
- Uncertainty                   0.100
= Required Time                 2.986
- Arrival Time                  2.959
= Slack Time                    0.026
     Clock Rise Edge                 0.000
     + Clock Network Latency (Prop)  0.124
     = Beginpoint Arrival Time       0.124
     +------------------------------------------------------------------------------------------------------------+ 
     |                      Instance                      |     Arc      |   Cell    | Delay | Arrival | Required | 
     |                                                    |              |           |       |  Time   |   Time   | 
     |----------------------------------------------------+--------------+-----------+-------+---------+----------| 
     | datapath/IFID_instr_reg[21]                        | CK ^         |           |       |   0.124 |    0.150 | 
     | datapath/IFID_instr_reg[21]                        | CK ^ -> Q ^  | DFFR_X1   | 0.383 |   0.507 |    0.533 | 
     | datapath/FE_OFC226_IFID_rs2_1                      | A ^ -> ZN v  | INV_X2    | 0.040 |   0.547 |    0.573 | 
     | datapath/FE_OFC227_IFID_rs2_1                      | A v -> ZN ^  | INV_X1    | 0.104 |   0.651 |    0.678 | 
     | datapath/g528__7410                                | A2 ^ -> ZN v | NAND2_X1  | 0.057 |   0.708 |    0.734 | 
     | datapath/g514__5115                                | A1 v -> ZN ^ | NOR2_X1   | 0.084 |   0.792 |    0.818 | 
     | datapath/FE_OCPC366_n_1407                         | A ^ -> Z ^   | CLKBUF_X3 | 0.132 |   0.924 |    0.950 | 
     | datapath/g486__6161                                | A1 ^ -> ZN ^ | AND2_X4   | 0.268 |   1.192 |    1.219 | 
     | datapath/g39839                                    | B1 ^ -> ZN v | AOI22_X1  | 0.097 |   1.289 |    1.315 | 
     | datapath/g3482                                     | A1 v -> ZN v | AND4_X1   | 0.158 |   1.447 |    1.473 | 
     | datapath/g3403                                     | A1 v -> ZN ^ | NAND4_X4  | 0.067 |   1.514 |    1.540 | 
     | datapath/g27947                                    | A1 ^ -> ZN v | AOI22_X1  | 0.049 |   1.563 |    1.589 | 
     | datapath/g27825                                    | A v -> ZN ^  | OAI21_X1  | 0.138 |   1.701 |    1.727 | 
     | datapath/FE_RC_612_0                               | A1 ^ -> ZN v | NAND2_X1  | 0.092 |   1.793 |    1.819 | 
     | datapath/FE_RC_611_0                               | B2 v -> ZN ^ | AOI21_X1  | 0.138 |   1.931 |    1.957 | 
     | datapath/FE_RC_467_0                               | C1 ^ -> ZN v | OAI211_X1 | 0.100 |   2.031 |    2.057 | 
     | datapath/FE_RC_839_0                               | C2 v -> ZN ^ | OAI211_X2 | 0.132 |   2.163 |    2.189 | 
     | datapath/LT_TC_OP_g770                             | B1 ^ -> ZN v | AOI21_X1  | 0.054 |   2.217 |    2.243 | 
     | datapath/FE_RC_540_0                               | A v -> ZN ^  | INV_X1    | 0.046 |   2.263 |    2.289 | 
     | datapath/FE_RC_599_0                               | A1 ^ -> ZN v | NAND2_X1  | 0.047 |   2.310 |    2.336 | 
     | datapath/FE_RC_598_0                               | A1 v -> ZN v | AND2_X1   | 0.115 |   2.425 |    2.451 | 
     | datapath/FE_OFC964_FE_RN_355_0                     | A v -> ZN ^  | INV_X4    | 0.095 |   2.519 |    2.546 | 
     | datapath/branch_or_inc_4/FE_OFC965_FE_RN_355_0     | A ^ -> ZN v  | INV_X2    | 0.048 |   2.567 |    2.594 | 
     | datapath/branch_or_inc_4/FE_OFC957_FE_DBTN57_n_134 | A v -> ZN ^  | INV_X2    | 0.154 |   2.721 |    2.747 | 
     | 8                                                  |              |           |       |         |          | 
     | datapath/branch_or_inc_4/g835__1617                | S ^ -> Z v   | MUX2_X1   | 0.238 |   2.959 |    2.986 | 
     | datapath/IF_pc_reg[12]                             | D v          | SDFFR_X1  | 0.000 |   2.959 |    2.986 | 
     +------------------------------------------------------------------------------------------------------------+ 

