###############################################################
#  Generated by:      Cadence Innovus 23.12-s091_1
#  OS:                Linux x86_64(Host ID nanohub-2908156-5)
#  Generated on:      Wed Aug 12 14:45:13 2026
#  Design:            pipelined_cpu_core
#  Command:           report_timing -late  -max_paths 50 -nworst 1 > reports/40_final_setup.rpt
###############################################################
Path 1: VIOLATED Setup Check with Pin datapath/EXMEM_aluResult_reg[0]/CK 
Endpoint:   datapath/EXMEM_aluResult_reg[0]/D (^) checked with  leading edge of 
'clk'
Beginpoint: datapath/MEMWB_rd_reg[1]/Q        (^) triggered by  leading edge of 
'clk'
Path Groups: {reg2reg}
Analysis View: WC_VIEW
Other End Arrival Time         -0.041
- Setup                         0.065
+ Phase Shift                   4.100
+ CPPR Adjustment               0.000
- Uncertainty                   0.100
= Required Time                 3.895
- Arrival Time                  3.899
= Slack Time                   -0.005
     Clock Rise Edge                 0.000
     + Clock Network Latency (Prop)  -0.252
     = Beginpoint Arrival Time       -0.252
     +-----------------------------------------------------------------------------------------------------------+ 
     |                      Instance                      |     Arc      |   Cell   | Delay | Arrival | Required | 
     |                                                    |              |          |       |  Time   |   Time   | 
     |----------------------------------------------------+--------------+----------+-------+---------+----------| 
     | datapath/MEMWB_rd_reg[1]                           | CK ^         |          |       |  -0.252 |   -0.256 | 
     | datapath/MEMWB_rd_reg[1]                           | CK ^ -> Q ^  | DFFRS_X2 | 0.444 |   0.193 |    0.188 | 
     | ALU_forward/FE_RC_337_0                            | A ^ -> ZN v  | INV_X2   | 0.032 |   0.225 |    0.220 | 
     | ALU_forward/FE_RC_335_0                            | A1 v -> ZN ^ | NAND2_X1 | 0.054 |   0.279 |    0.275 | 
     | ALU_forward/FE_RC_579_0                            | A1 ^ -> ZN v | NAND3_X1 | 0.060 |   0.339 |    0.335 | 
     | ALU_forward/FE_RC_644_0                            | A v -> ZN ^  | INV_X2   | 0.049 |   0.388 |    0.383 | 
     | ALU_forward/FE_RC_643_0                            | A1 ^ -> ZN ^ | AND2_X4  | 0.084 |   0.472 |    0.468 | 
     | ALU_forward/FE_RC_594_0                            | A2 ^ -> ZN v | NAND3_X4 | 0.064 |   0.536 |    0.532 | 
     | datapath/FE_OFC872_IDEX_forwardB_0                 | A v -> ZN ^  | INV_X8   | 0.074 |   0.610 |    0.606 | 
     | datapath/FE_OFC873_IDEX_forwardB_0                 | A ^ -> ZN v  | INV_X2   | 0.037 |   0.647 |    0.643 | 
     | datapath/g26278                                    | A1 v -> ZN ^ | NAND3_X2 | 0.054 |   0.701 |    0.696 | 
     | datapath/FE_RC_580_0                               | A1 ^ -> ZN v | NAND3_X2 | 0.056 |   0.757 |    0.753 | 
     | datapath/FE_RC_442_0                               | A1 v -> ZN ^ | NAND3_X2 | 0.060 |   0.818 |    0.813 | 
     | datapath/ALU_ALU_GEN[0].slice_i_bitAdder/FE_RC_560 | A1 ^ -> ZN v | NAND2_X2 | 0.051 |   0.868 |    0.864 | 
     | _0                                                 |              |          |       |         |          | 
     | datapath/ALU_ALU_GEN[0].slice_i_bitAdder/FE_RC_154 | A1 v -> ZN ^ | NAND2_X4 | 0.048 |   0.916 |    0.912 | 
     | _0                                                 |              |          |       |         |          | 
     | datapath/ALU_ALU_GEN[1].slice_i_bitAdder/FE_RC_585 | A ^ -> ZN v  | OAI21_X4 | 0.049 |   0.965 |    0.960 | 
     | _0                                                 |              |          |       |         |          | 
     | datapath/ALU_ALU_GEN[1].slice_i_bitAdder/FE_RC_584 | A1 v -> ZN ^ | NAND2_X4 | 0.051 |   1.016 |    1.012 | 
     | _0                                                 |              |          |       |         |          | 
     | datapath/ALU_ALU_GEN[2].slice_i_bitAdder/FE_RC_543 | A1 ^ -> ZN v | NAND2_X4 | 0.036 |   1.053 |    1.048 | 
     | _0                                                 |              |          |       |         |          | 
     | datapath/ALU_ALU_GEN[2].slice_i_bitAdder/FE_RC_161 | A1 v -> ZN ^ | NAND2_X4 | 0.045 |   1.098 |    1.093 | 
     | _0                                                 |              |          |       |         |          | 
     | datapath/ALU_ALU_GEN[3].slice_i_bitAdder/FE_RC_599 | A1 ^ -> ZN v | NAND2_X4 | 0.036 |   1.133 |    1.129 | 
     | _0                                                 |              |          |       |         |          | 
     | datapath/ALU_ALU_GEN[3].slice_i_bitAdder/g153__641 | A1 v -> ZN ^ | NAND2_X4 | 0.044 |   1.177 |    1.173 | 
     | 7                                                  |              |          |       |         |          | 
     | datapath/ALU_ALU_GEN[4].slice_i_bitAdder/FE_RC_287 | A1 ^ -> ZN v | NAND2_X4 | 0.035 |   1.212 |    1.208 | 
     | _0                                                 |              |          |       |         |          | 
     | datapath/ALU_ALU_GEN[4].slice_i_bitAdder/FE_RC_286 | A1 v -> ZN ^ | NAND2_X4 | 0.052 |   1.264 |    1.259 | 
     | _0                                                 |              |          |       |         |          | 
     | datapath/ALU_ALU_GEN[5].slice_i_bitAdder/g155__473 | A1 ^ -> ZN v | NAND2_X4 | 0.039 |   1.303 |    1.298 | 
     | 3                                                  |              |          |       |         |          | 
     | datapath/ALU_ALU_GEN[5].slice_i_bitAdder/g153__511 | A1 v -> ZN ^ | NAND2_X4 | 0.046 |   1.349 |    1.345 | 
     | 5                                                  |              |          |       |         |          | 
     | datapath/ALU_ALU_GEN[6].slice_i_bitAdder/FE_RC_556 | A1 ^ -> ZN v | NAND2_X4 | 0.037 |   1.386 |    1.381 | 
     | _0                                                 |              |          |       |         |          | 
     | datapath/ALU_ALU_GEN[6].slice_i_bitAdder/FE_RC_555 | A1 v -> ZN ^ | NAND2_X4 | 0.048 |   1.433 |    1.429 | 
     | _0                                                 |              |          |       |         |          | 
     | datapath/ALU_ALU_GEN[7].slice_i_bitAdder/g155__161 | A1 ^ -> ZN v | NAND2_X4 | 0.037 |   1.470 |    1.466 | 
     | 7                                                  |              |          |       |         |          | 
     | datapath/ALU_ALU_GEN[7].slice_i_bitAdder/g153__678 | A1 v -> ZN ^ | NAND2_X4 | 0.045 |   1.515 |    1.511 | 
     | 3                                                  |              |          |       |         |          | 
     | datapath/ALU_ALU_GEN[8].slice_i_bitAdder/FE_RC_636 | A1 ^ -> ZN v | NAND2_X4 | 0.036 |   1.551 |    1.546 | 
     | _0                                                 |              |          |       |         |          | 
     | datapath/ALU_ALU_GEN[8].slice_i_bitAdder/FE_RC_635 | A1 v -> ZN ^ | NAND2_X4 | 0.053 |   1.603 |    1.599 | 
     | _0                                                 |              |          |       |         |          | 
     | datapath/ALU_ALU_GEN[9].slice_i_bitAdder/g137__166 | A1 ^ -> ZN v | NAND2_X4 | 0.039 |   1.642 |    1.637 | 
     | 6                                                  |              |          |       |         |          | 
     | datapath/ALU_ALU_GEN[9].slice_i_bitAdder/g135__288 | A1 v -> ZN ^ | NAND2_X4 | 0.044 |   1.686 |    1.682 | 
     | 3                                                  |              |          |       |         |          | 
     | datapath/ALU_ALU_GEN[10].slice_i_bitAdder/FE_RC_63 | A1 ^ -> ZN v | NAND2_X4 | 0.035 |   1.721 |    1.717 | 
     | 4_0                                                |              |          |       |         |          | 
     | datapath/ALU_ALU_GEN[10].slice_i_bitAdder/g144__62 | A1 v -> ZN ^ | NAND2_X4 | 0.056 |   1.777 |    1.772 | 
     | 60                                                 |              |          |       |         |          | 
     | datapath/ALU_ALU_GEN[11].slice_i_bitAdder/g155__82 | A1 ^ -> ZN v | NAND2_X4 | 0.040 |   1.817 |    1.812 | 
     | 46                                                 |              |          |       |         |          | 
     | datapath/ALU_ALU_GEN[11].slice_i_bitAdder/g153__17 | A1 v -> ZN ^ | NAND2_X4 | 0.047 |   1.863 |    1.859 | 
     | 05                                                 |              |          |       |         |          | 
     | datapath/ALU_ALU_GEN[12].slice_i_bitAdder/g155__93 | A1 ^ -> ZN v | NAND2_X4 | 0.036 |   1.899 |    1.895 | 
     | 15                                                 |              |          |       |         |          | 
     | datapath/ALU_ALU_GEN[12].slice_i_bitAdder/g153__47 | A1 v -> ZN ^ | NAND2_X4 | 0.046 |   1.945 |    1.940 | 
     | 33                                                 |              |          |       |         |          | 
     | datapath/ALU_ALU_GEN[13].slice_i_bitAdder/g155__23 | A1 ^ -> ZN v | NAND2_X4 | 0.036 |   1.981 |    1.976 | 
     | 98                                                 |              |          |       |         |          | 
     | datapath/ALU_ALU_GEN[13].slice_i_bitAdder/g153__64 | A1 v -> ZN ^ | NAND2_X4 | 0.051 |   2.032 |    2.027 | 
     | 17                                                 |              |          |       |         |          | 
     | datapath/ALU_ALU_GEN[14].slice_i_bitAdder/g155__16 | A1 ^ -> ZN v | NAND2_X4 | 0.038 |   2.069 |    2.065 | 
     | 17                                                 |              |          |       |         |          | 
     | datapath/ALU_ALU_GEN[14].slice_i_bitAdder/g153__67 | A1 v -> ZN ^ | NAND2_X4 | 0.046 |   2.115 |    2.111 | 
     | 83                                                 |              |          |       |         |          | 
     | datapath/ALU_ALU_GEN[15].slice_i_bitAdder/g155__51 | A1 ^ -> ZN v | NAND2_X4 | 0.035 |   2.150 |    2.146 | 
     | 15                                                 |              |          |       |         |          | 
     | datapath/ALU_ALU_GEN[15].slice_i_bitAdder/g153__61 | A1 v -> ZN ^ | NAND2_X4 | 0.045 |   2.196 |    2.191 | 
     | 31                                                 |              |          |       |         |          | 
     | datapath/ALU_ALU_GEN[16].slice_i_bitAdder/g158__16 | A1 ^ -> ZN v | NAND2_X4 | 0.036 |   2.231 |    2.227 | 
     | 66                                                 |              |          |       |         |          | 
     | datapath/ALU_ALU_GEN[16].slice_i_bitAdder/g156__28 | A1 v -> ZN ^ | NAND2_X4 | 0.047 |   2.278 |    2.274 | 
     | 83                                                 |              |          |       |         |          | 
     | datapath/ALU_ALU_GEN[17].slice_i_bitAdder/g155__84 | A1 ^ -> ZN v | NAND2_X4 | 0.036 |   2.314 |    2.309 | 
     | 28                                                 |              |          |       |         |          | 
     | datapath/ALU_ALU_GEN[17].slice_i_bitAdder/g153__62 | A1 v -> ZN ^ | NAND2_X4 | 0.046 |   2.359 |    2.355 | 
     | 60                                                 |              |          |       |         |          | 
     | datapath/ALU_ALU_GEN[18].slice_i_bitAdder/g158__82 | A1 ^ -> ZN v | NAND2_X4 | 0.035 |   2.395 |    2.390 | 
     | 46                                                 |              |          |       |         |          | 
     | datapath/ALU_ALU_GEN[18].slice_i_bitAdder/g156__17 | A1 v -> ZN ^ | NAND2_X4 | 0.046 |   2.441 |    2.436 | 
     | 05                                                 |              |          |       |         |          | 
     | datapath/ALU_ALU_GEN[19].slice_i_bitAdder/g158__93 | A1 ^ -> ZN v | NAND2_X4 | 0.036 |   2.476 |    2.472 | 
     | 15                                                 |              |          |       |         |          | 
     | datapath/ALU_ALU_GEN[19].slice_i_bitAdder/g156__47 | A1 v -> ZN ^ | NAND2_X4 | 0.048 |   2.524 |    2.520 | 
     | 33                                                 |              |          |       |         |          | 
     | datapath/ALU_ALU_GEN[20].slice_i_bitAdder/g158__23 | A1 ^ -> ZN v | NAND2_X4 | 0.037 |   2.561 |    2.557 | 
     | 98                                                 |              |          |       |         |          | 
     | datapath/ALU_ALU_GEN[20].slice_i_bitAdder/g156__64 | A1 v -> ZN ^ | NAND2_X4 | 0.046 |   2.607 |    2.602 | 
     | 17                                                 |              |          |       |         |          | 
     | datapath/ALU_ALU_GEN[21].slice_i_bitAdder/g158__36 | A1 ^ -> ZN v | NAND2_X4 | 0.035 |   2.642 |    2.638 | 
     | 80                                                 |              |          |       |         |          | 
     | datapath/ALU_ALU_GEN[21].slice_i_bitAdder/g156__67 | A1 v -> ZN ^ | NAND2_X4 | 0.050 |   2.692 |    2.687 | 
     | 83                                                 |              |          |       |         |          | 
     | datapath/ALU_ALU_GEN[22].slice_i_bitAdder/g158__51 | A1 ^ -> ZN v | NAND2_X4 | 0.037 |   2.729 |    2.725 | 
     | 15                                                 |              |          |       |         |          | 
     | datapath/ALU_ALU_GEN[22].slice_i_bitAdder/g156__18 | A1 v -> ZN ^ | NAND2_X4 | 0.046 |   2.775 |    2.771 | 
     | 81                                                 |              |          |       |         |          | 
     | datapath/ALU_ALU_GEN[23].slice_i_bitAdder/g158__74 | A1 ^ -> ZN v | NAND2_X4 | 0.035 |   2.810 |    2.806 | 
     | 10                                                 |              |          |       |         |          | 
     | datapath/ALU_ALU_GEN[23].slice_i_bitAdder/g156__16 | A1 v -> ZN ^ | NAND2_X4 | 0.056 |   2.867 |    2.862 | 
     | 66                                                 |              |          |       |         |          | 
     | datapath/ALU_ALU_GEN[24].slice_i_bitAdder/g158__67 | A1 ^ -> ZN v | NAND2_X4 | 0.040 |   2.907 |    2.902 | 
     | 83                                                 |              |          |       |         |          | 
     | datapath/ALU_ALU_GEN[24].slice_i_bitAdder/g156__55 | A1 v -> ZN ^ | NAND2_X4 | 0.049 |   2.956 |    2.952 | 
     | 26                                                 |              |          |       |         |          | 
     | datapath/ALU_ALU_GEN[25].slice_i_bitAdder/g158__18 | A1 ^ -> ZN v | NAND2_X4 | 0.037 |   2.993 |    2.989 | 
     | 81                                                 |              |          |       |         |          | 
     | datapath/ALU_ALU_GEN[25].slice_i_bitAdder/g156__61 | A1 v -> ZN ^ | NAND2_X4 | 0.046 |   3.039 |    3.035 | 
     | 31                                                 |              |          |       |         |          | 
     | datapath/ALU_ALU_GEN[26].slice_i_bitAdder/g158__16 | A1 ^ -> ZN v | NAND2_X4 | 0.035 |   3.075 |    3.070 | 
     | 66                                                 |              |          |       |         |          | 
     | datapath/ALU_ALU_GEN[26].slice_i_bitAdder/g156__23 | A1 v -> ZN ^ | NAND2_X4 | 0.047 |   3.121 |    3.117 | 
     | 46                                                 |              |          |       |         |          | 
     | datapath/ALU_ALU_GEN[27].slice_i_bitAdder/g158__55 | A1 ^ -> ZN v | NAND2_X4 | 0.036 |   3.157 |    3.153 | 
     | 26                                                 |              |          |       |         |          | 
     | datapath/ALU_ALU_GEN[27].slice_i_bitAdder/g156__84 | A1 v -> ZN ^ | NAND2_X4 | 0.050 |   3.207 |    3.203 | 
     | 28                                                 |              |          |       |         |          | 
     | datapath/ALU_ALU_GEN[28].slice_i_bitAdder/g158__51 | A1 ^ -> ZN v | NAND2_X4 | 0.038 |   3.245 |    3.241 | 
     | 15                                                 |              |          |       |         |          | 
     | datapath/ALU_ALU_GEN[28].slice_i_bitAdder/g156__61 | A1 v -> ZN ^ | NAND2_X4 | 0.045 |   3.290 |    3.286 | 
     | 31                                                 |              |          |       |         |          | 
     | datapath/ALU_ALU_GEN[29].slice_i_bitAdder/FE_RC_77 | A1 ^ -> ZN v | NAND2_X4 | 0.035 |   3.326 |    3.321 | 
     | _0                                                 |              |          |       |         |          | 
     | datapath/ALU_ALU_GEN[29].slice_i_bitAdder/g156__28 | A1 v -> ZN ^ | NAND2_X4 | 0.047 |   3.373 |    3.368 | 
     | 83                                                 |              |          |       |         |          | 
     | datapath/ALU_ALU_GEN[30].slice_i_bitAdder/FE_RC_58 | A1 ^ -> ZN v | NAND2_X4 | 0.036 |   3.409 |    3.404 | 
     | 8_0                                                |              |          |       |         |          | 
     | datapath/ALU_ALU_GEN[30].slice_i_bitAdder/FE_RC_58 | A1 v -> ZN ^ | NAND2_X4 | 0.057 |   3.465 |    3.461 | 
     | 7_0                                                |              |          |       |         |          | 
     | datapath/ALU_msb_bitAdder/g119__1881               | A1 ^ -> ZN v | NAND2_X4 | 0.040 |   3.506 |    3.501 | 
     | datapath/ALU_msb_bitAdder/g117__7098               | A1 v -> ZN ^ | NAND2_X4 | 0.039 |   3.545 |    3.541 | 
     | datapath/g16080                                    | A ^ -> ZN ^  | XNOR2_X2 | 0.113 |   3.658 |    3.654 | 
     | datapath/g16078                                    | A ^ -> ZN ^  | XNOR2_X2 | 0.136 |   3.794 |    3.790 | 
     | datapath/ALU_ALU_GEN[0].slice_i_resultMux/FE_RC_59 | A1 ^ -> ZN v | NAND2_X2 | 0.060 |   3.854 |    3.849 | 
     | 1_0                                                |              |          |       |         |          | 
     | datapath/ALU_ALU_GEN[0].slice_i_resultMux/FE_RC_42 | A1 v -> ZN ^ | NAND2_X2 | 0.045 |   3.899 |    3.894 | 
     | _0                                                 |              |          |       |         |          | 
     | datapath/EXMEM_aluResult_reg[0]                    | D ^          | DFFR_X2  | 0.000 |   3.899 |    3.895 | 
     +-----------------------------------------------------------------------------------------------------------+ 
Path 2: MET Setup Check with Pin datapath/IF_pc_reg[31]/CK 
Endpoint:   datapath/IF_pc_reg[31]/D      (^) checked with  leading edge of 
'clk'
Beginpoint: datapath/IFID_instr_reg[2]/QN (v) triggered by  leading edge of 
'clk'
Path Groups: {reg2reg}
Analysis View: WC_VIEW
Other End Arrival Time          0.000
- Setup                         0.086
+ Phase Shift                   4.100
+ CPPR Adjustment               0.000
- Uncertainty                   0.100
= Required Time                 3.914
- Arrival Time                  3.895
= Slack Time                    0.019
     Clock Rise Edge                 0.000
     + Clock Network Latency (Prop)  -0.025
     = Beginpoint Arrival Time       -0.025
     +-----------------------------------------------------------------------------------------------------------+ 
     |                      Instance                      |     Arc      |   Cell   | Delay | Arrival | Required | 
     |                                                    |              |          |       |  Time   |   Time   | 
     |----------------------------------------------------+--------------+----------+-------+---------+----------| 
     | datapath/IFID_instr_reg[2]                         | CK ^         |          |       |  -0.025 |   -0.007 | 
     | datapath/IFID_instr_reg[2]                         | CK ^ -> QN v | DFFR_X1  | 0.302 |   0.276 |    0.295 | 
     | datapath/g35806                                    | A v -> ZN ^  | INV_X4   | 0.075 |   0.352 |    0.371 | 
     | datapath/immediate_generation/g3570__1666          | A1 ^ -> ZN v | NAND2_X1 | 0.039 |   0.391 |    0.409 | 
     | datapath/immediate_generation/FE_OFC911_n_35       | A v -> ZN ^  | INV_X1   | 0.054 |   0.445 |    0.464 | 
     | datapath/immediate_generation/g3567__2883          | A1 ^ -> ZN v | NAND2_X2 | 0.051 |   0.496 |    0.515 | 
     | datapath/immediate_generation/g3550__1705          | A1 v -> ZN ^ | NAND2_X4 | 0.045 |   0.541 |    0.560 | 
     | datapath/immediate_generation/g3542__4319          | A1 ^ -> ZN ^ | AND2_X1  | 0.111 |   0.652 |    0.671 | 
     | datapath/immediate_generation/g3535__7410          | A1 ^ -> ZN v | NAND2_X1 | 0.042 |   0.694 |    0.713 | 
     | datapath/immediate_generation/g3529__9315          | A1 v -> ZN ^ | NAND2_X1 | 0.106 |   0.801 |    0.819 | 
     | datapath/pc_plus_imm/FA_GEN[3].fa_i/FE_OFC877_IFID | A ^ -> ZN v  | INV_X1   | 0.045 |   0.846 |    0.865 | 
     | _imm_3                                             |              |          |       |         |          | 
     | datapath/pc_plus_imm/FA_GEN[3].fa_i/g157__6161     | A1 v -> ZN ^ | NAND2_X2 | 0.050 |   0.896 |    0.915 | 
     | datapath/pc_plus_imm/FA_GEN[3].fa_i/g155__7482     | A2 ^ -> ZN v | NAND2_X2 | 0.046 |   0.942 |    0.961 | 
     | datapath/pc_plus_imm/FA_GEN[3].fa_i/g153__1881     | A1 v -> ZN ^ | NAND2_X4 | 0.044 |   0.986 |    1.004 | 
     | datapath/pc_plus_imm/FA_GEN[4].fa_i/g155__2346     | A1 ^ -> ZN v | NAND2_X2 | 0.043 |   1.028 |    1.047 | 
     | datapath/pc_plus_imm/FA_GEN[4].fa_i/g153__9945     | A1 v -> ZN ^ | NAND2_X4 | 0.054 |   1.083 |    1.101 | 
     | datapath/pc_plus_imm/FA_GEN[5].fa_i/FE_RC_565_0    | A2 ^ -> ZN v | NAND2_X2 | 0.051 |   1.133 |    1.152 | 
     | datapath/pc_plus_imm/FA_GEN[5].fa_i/FE_RC_564_0    | A1 v -> ZN ^ | NAND2_X4 | 0.045 |   1.178 |    1.197 | 
     | datapath/pc_plus_imm/FA_GEN[6].fa_i/g155__3680     | A1 ^ -> ZN v | NAND2_X2 | 0.044 |   1.222 |    1.241 | 
     | datapath/pc_plus_imm/FA_GEN[6].fa_i/g153__5526     | A1 v -> ZN ^ | NAND2_X4 | 0.051 |   1.273 |    1.291 | 
     | datapath/pc_plus_imm/FA_GEN[7].fa_i/g155__7098     | A1 ^ -> ZN v | NAND2_X4 | 0.038 |   1.311 |    1.329 | 
     | datapath/pc_plus_imm/FA_GEN[7].fa_i/g153__5122     | A1 v -> ZN ^ | NAND2_X4 | 0.042 |   1.352 |    1.371 | 
     | datapath/pc_plus_imm/FA_GEN[8].fa_i/g155__4733     | A1 ^ -> ZN v | NAND2_X2 | 0.035 |   1.388 |    1.406 | 
     | datapath/pc_plus_imm/FA_GEN[8].fa_i/g153__5115     | A1 v -> ZN ^ | NAND2_X2 | 0.060 |   1.447 |    1.466 | 
     | datapath/pc_plus_imm/FA_GEN[9].fa_i/g155__2346     | A1 ^ -> ZN v | NAND2_X2 | 0.042 |   1.490 |    1.508 | 
     | datapath/pc_plus_imm/FA_GEN[9].fa_i/g153__9945     | A1 v -> ZN ^ | NAND2_X2 | 0.056 |   1.545 |    1.564 | 
     | datapath/pc_plus_imm/FA_GEN[10].fa_i/g137__2398    | A1 ^ -> ZN v | NAND2_X2 | 0.048 |   1.594 |    1.612 | 
     | datapath/pc_plus_imm/FA_GEN[10].fa_i/g135__6417    | A1 v -> ZN ^ | NAND2_X4 | 0.047 |   1.641 |    1.659 | 
     | datapath/pc_plus_imm/FA_GEN[11].fa_i/FE_RC_12_0    | A1 ^ -> ZN v | NAND2_X2 | 0.036 |   1.677 |    1.696 | 
     | datapath/pc_plus_imm/FA_GEN[11].fa_i/g153__4319    | A1 v -> ZN ^ | NAND2_X2 | 0.056 |   1.732 |    1.751 | 
     | datapath/pc_plus_imm/FA_GEN[12].fa_i/g155__2802    | A1 ^ -> ZN v | NAND2_X2 | 0.050 |   1.782 |    1.801 | 
     | datapath/pc_plus_imm/FA_GEN[12].fa_i/g153__3680    | A1 v -> ZN ^ | NAND2_X4 | 0.051 |   1.833 |    1.852 | 
     | datapath/pc_plus_imm/FA_GEN[13].fa_i/g155__6131    | A1 ^ -> ZN v | NAND2_X4 | 0.037 |   1.870 |    1.888 | 
     | datapath/pc_plus_imm/FA_GEN[13].fa_i/g153__8246    | A1 v -> ZN ^ | NAND2_X4 | 0.051 |   1.921 |    1.939 | 
     | datapath/pc_plus_imm/FA_GEN[14].fa_i/g155__6161    | A1 ^ -> ZN v | NAND2_X4 | 0.038 |   1.959 |    1.978 | 
     | datapath/pc_plus_imm/FA_GEN[14].fa_i/g153__7482    | A1 v -> ZN ^ | NAND2_X4 | 0.048 |   2.007 |    2.025 | 
     | datapath/pc_plus_imm/FA_GEN[15].fa_i/g155__1666    | A1 ^ -> ZN v | NAND2_X4 | 0.037 |   2.043 |    2.062 | 
     | datapath/pc_plus_imm/FA_GEN[15].fa_i/g153__2883    | A1 v -> ZN ^ | NAND2_X4 | 0.048 |   2.091 |    2.110 | 
     | datapath/pc_plus_imm/FA_GEN[16].fa_i/g155__5107    | A1 ^ -> ZN v | NAND2_X4 | 0.037 |   2.128 |    2.147 | 
     | datapath/pc_plus_imm/FA_GEN[16].fa_i/g153__5477    | A1 v -> ZN ^ | NAND2_X4 | 0.048 |   2.176 |    2.195 | 
     | datapath/pc_plus_imm/FA_GEN[17].fa_i/g155__6783    | A1 ^ -> ZN v | NAND2_X4 | 0.037 |   2.214 |    2.233 | 
     | datapath/pc_plus_imm/FA_GEN[17].fa_i/g153__8428    | A1 v -> ZN ^ | NAND2_X4 | 0.049 |   2.263 |    2.281 | 
     | datapath/pc_plus_imm/FA_GEN[18].fa_i/g155__5122    | A1 ^ -> ZN v | NAND2_X4 | 0.037 |   2.299 |    2.318 | 
     | datapath/pc_plus_imm/FA_GEN[18].fa_i/g153__2802    | A1 v -> ZN ^ | NAND2_X4 | 0.048 |   2.347 |    2.366 | 
     | datapath/pc_plus_imm/FA_GEN[19].fa_i/g155__5115    | A1 ^ -> ZN v | NAND2_X4 | 0.037 |   2.384 |    2.403 | 
     | datapath/pc_plus_imm/FA_GEN[19].fa_i/g153__6131    | A1 v -> ZN ^ | NAND2_X4 | 0.048 |   2.432 |    2.450 | 
     | datapath/pc_plus_imm/FA_GEN[20].fa_i/g155__9945    | A1 ^ -> ZN v | NAND2_X4 | 0.037 |   2.469 |    2.487 | 
     | datapath/pc_plus_imm/FA_GEN[20].fa_i/g153__6161    | A1 v -> ZN ^ | NAND2_X4 | 0.050 |   2.518 |    2.537 | 
     | datapath/pc_plus_imm/FA_GEN[21].fa_i/g155__6417    | A1 ^ -> ZN v | NAND2_X4 | 0.038 |   2.556 |    2.574 | 
     | datapath/pc_plus_imm/FA_GEN[21].fa_i/g153__1666    | A1 v -> ZN ^ | NAND2_X4 | 0.041 |   2.597 |    2.616 | 
     | datapath/pc_plus_imm/FA_GEN[22].fa_i/g155__4319    | A1 ^ -> ZN v | NAND2_X2 | 0.035 |   2.633 |    2.651 | 
     | datapath/pc_plus_imm/FA_GEN[22].fa_i/g153__5107    | A1 v -> ZN ^ | NAND2_X2 | 0.059 |   2.692 |    2.710 | 
     | datapath/pc_plus_imm/FA_GEN[23].fa_i/g155__1617    | A1 ^ -> ZN v | NAND2_X2 | 0.043 |   2.734 |    2.753 | 
     | datapath/pc_plus_imm/FA_GEN[23].fa_i/g153__6783    | A1 v -> ZN ^ | NAND2_X2 | 0.051 |   2.785 |    2.804 | 
     | datapath/pc_plus_imm/FA_GEN[24].fa_i/g149__7098    | A1 ^ -> ZN v | NAND2_X1 | 0.039 |   2.824 |    2.843 | 
     | datapath/pc_plus_imm/FA_GEN[24].fa_i/g147__5122    | A1 v -> ZN ^ | NAND2_X1 | 0.072 |   2.896 |    2.915 | 
     | datapath/pc_plus_imm/FA_GEN[25].fa_i/g119__4733    | A1 ^ -> ZN v | NAND2_X1 | 0.046 |   2.943 |    2.961 | 
     | datapath/pc_plus_imm/FA_GEN[25].fa_i/g117__5115    | A1 v -> ZN ^ | NAND2_X1 | 0.067 |   3.010 |    3.029 | 
     | datapath/pc_plus_imm/FA_GEN[26].fa_i/g120__2346    | A1 ^ -> ZN v | NAND2_X1 | 0.045 |   3.055 |    3.073 | 
     | datapath/pc_plus_imm/FA_GEN[26].fa_i/g118__9945    | A1 v -> ZN ^ | NAND2_X1 | 0.073 |   3.127 |    3.146 | 
     | datapath/pc_plus_imm/FA_GEN[27].fa_i/FE_RC_538_0   | A2 ^ -> ZN v | NAND2_X1 | 0.058 |   3.185 |    3.204 | 
     | datapath/pc_plus_imm/FA_GEN[27].fa_i/FE_RC_537_0   | A1 v -> ZN ^ | NAND2_X2 | 0.053 |   3.238 |    3.257 | 
     | datapath/pc_plus_imm/FA_GEN[28].fa_i/g79__8428     | A1 ^ -> ZN v | NAND2_X1 | 0.039 |   3.277 |    3.296 | 
     | datapath/pc_plus_imm/FA_GEN[28].fa_i/g77__4319     | A1 v -> ZN ^ | NAND2_X1 | 0.069 |   3.347 |    3.365 | 
     | datapath/pc_plus_imm/FA_GEN[29].fa_i/g79__2802     | A1 ^ -> ZN v | NAND2_X1 | 0.046 |   3.393 |    3.412 | 
     | datapath/pc_plus_imm/FA_GEN[29].fa_i/g77__1617     | A1 v -> ZN ^ | NAND2_X1 | 0.068 |   3.461 |    3.479 | 
     | datapath/pc_plus_imm/FA_GEN[30].fa_i/g79__6131     | A1 ^ -> ZN v | NAND2_X1 | 0.053 |   3.513 |    3.532 | 
     | datapath/pc_plus_imm/FA_GEN[30].fa_i/g77__7098     | A1 v -> ZN ^ | NAND2_X2 | 0.055 |   3.568 |    3.587 | 
     | datapath/pc_plus_imm/FA_GEN[31].fa_i/FE_RC_520_0   | A1 ^ -> ZN v | NAND2_X1 | 0.039 |   3.607 |    3.626 | 
     | datapath/pc_plus_imm/FA_GEN[31].fa_i/FE_RC_519_0   | A v -> ZN ^  | OAI21_X1 | 0.069 |   3.676 |    3.695 | 
     | datapath/branch_or_inc_4/g849__6783                | A1 ^ -> ZN v | NAND2_X1 | 0.051 |   3.727 |    3.746 | 
     | datapath/branch_or_inc_4/g816__5107                | A1 v -> ZN ^ | NAND2_X1 | 0.052 |   3.779 |    3.798 | 
     | datapath/g35787                                    | A ^ -> ZN v  | INV_X1   | 0.024 |   3.803 |    3.822 | 
     | datapath/FE_RC_18_0                                | B1 v -> ZN ^ | OAI21_X1 | 0.092 |   3.895 |    3.914 | 
     | datapath/IF_pc_reg[31]                             | D ^          | DFFR_X1  | 0.000 |   3.895 |    3.914 | 
     +-----------------------------------------------------------------------------------------------------------+ 
Path 3: MET Setup Check with Pin datapath/IF_pc_reg[26]/CK 
Endpoint:   datapath/IF_pc_reg[26]/D      (^) checked with  leading edge of 
'clk'
Beginpoint: datapath/IFID_instr_reg[17]/Q (^) triggered by  leading edge of 
'clk'
Path Groups: {reg2reg}
Analysis View: WC_VIEW
Other End Arrival Time          0.000
- Setup                         0.223
+ Phase Shift                   4.100
+ CPPR Adjustment               0.000
- Uncertainty                   0.100
= Required Time                 3.777
- Arrival Time                  3.727
= Slack Time                    0.050
     Clock Rise Edge                 0.000
     + Clock Network Latency (Prop)  0.010
     = Beginpoint Arrival Time       0.010
     +------------------------------------------------------------------------------------------------------------+ 
     |                      Instance                      |     Arc      |   Cell    | Delay | Arrival | Required | 
     |                                                    |              |           |       |  Time   |   Time   | 
     |----------------------------------------------------+--------------+-----------+-------+---------+----------| 
     | datapath/IFID_instr_reg[17]                        | CK ^         |           |       |   0.010 |    0.060 | 
     | datapath/IFID_instr_reg[17]                        | CK ^ -> Q ^  | DFFR_X1   | 0.447 |   0.457 |    0.507 | 
     | datapath/FE_OFC241_IFID_rs1_2                      | A ^ -> Z ^   | BUF_X1    | 0.271 |   0.728 |    0.778 | 
     | datapath/g26897                                    | A ^ -> Z v   | XOR2_X1   | 0.075 |   0.803 |    0.853 | 
     | datapath/g26745                                    | A2 v -> ZN ^ | NOR3_X1   | 0.201 |   1.003 |    1.054 | 
     | datapath/g26732                                    | A1 ^ -> ZN ^ | AND4_X1   | 0.224 |   1.227 |    1.277 | 
     | datapath/g26729                                    | A ^ -> ZN v  | INV_X1    | 0.025 |   1.252 |    1.303 | 
     | datapath/g26725                                    | A1 v -> ZN v | OR2_X1    | 0.179 |   1.431 |    1.481 | 
     | datapath/g26715                                    | B2 v -> ZN ^ | AOI21_X1  | 0.158 |   1.589 |    1.639 | 
     | datapath/FE_OFC228_n_702                           | A ^ -> Z ^   | BUF_X4    | 0.160 |   1.749 |    1.800 | 
     | datapath/FE_OFC229_n_702                           | A ^ -> ZN v  | INV_X4    | 0.081 |   1.830 |    1.880 | 
     | datapath/FE_RC_667_0                               | C1 v -> ZN ^ | OAI221_X1 | 0.199 |   2.029 |    2.079 | 
     | datapath/LT_TC_OP_g1833                            | A ^ -> ZN v  | INV_X1    | 0.053 |   2.082 |    2.132 | 
     | datapath/LT_TC_OP_g1804                            | A1 v -> ZN v | AND2_X1   | 0.117 |   2.199 |    2.249 | 
     | datapath/LT_TC_OP_g1781                            | A v -> ZN ^  | AOI21_X1  | 0.188 |   2.387 |    2.437 | 
     | datapath/LT_TC_OP_g1776                            | A ^ -> ZN v  | INV_X1    | 0.039 |   2.426 |    2.477 | 
     | datapath/LT_TC_OP_g1765                            | B v -> ZN ^  | AOI211_X1 | 0.260 |   2.687 |    2.737 | 
     | datapath/LT_TC_OP_g1747                            | C2 ^ -> ZN v | AOI221_X1 | 0.081 |   2.768 |    2.818 | 
     | datapath/FE_RC_400_0                               | C1 v -> ZN ^ | OAI221_X1 | 0.129 |   2.897 |    2.947 | 
     | datapath/LT_TC_OP_g1745                            | C1 ^ -> ZN v | AOI221_X1 | 0.072 |   2.968 |    3.019 | 
     | datapath/FE_OFC956_IFID_lessThan                   | A v -> Z v   | BUF_X2    | 0.119 |   3.088 |    3.138 | 
     | datapath/g16081                                    | A1 v -> ZN v | AND2_X2   | 0.087 |   3.175 |    3.225 | 
     | datapath/g16079                                    | A1 v -> ZN v | OR2_X2    | 0.167 |   3.342 |    3.392 | 
     | datapath/branch_or_inc_4/FE_OFC853_IFID_takeBranch | A v -> Z v   | BUF_X4    | 0.126 |   3.467 |    3.518 | 
     | datapath/branch_or_inc_4/FE_OFC855_IFID_takeBranch | A v -> ZN ^  | INV_X1    | 0.140 |   3.608 |    3.658 | 
     | datapath/branch_or_inc_4/g845__6260                | A2 ^ -> ZN v | NAND2_X1  | 0.061 |   3.669 |    3.720 | 
     | datapath/branch_or_inc_4/g831__5115                | A2 v -> ZN ^ | NAND2_X1  | 0.058 |   3.727 |    3.777 | 
     | datapath/IF_pc_reg[26]                             | D ^          | SDFFRS_X1 | 0.000 |   3.727 |    3.777 | 
     +------------------------------------------------------------------------------------------------------------+ 
Path 4: MET Setup Check with Pin datapath/IF_pc_reg[25]/CK 
Endpoint:   datapath/IF_pc_reg[25]/D      (v) checked with  leading edge of 
'clk'
Beginpoint: datapath/IFID_instr_reg[17]/Q (^) triggered by  leading edge of 
'clk'
Path Groups: {reg2reg}
Analysis View: WC_VIEW
Other End Arrival Time         -0.037
- Setup                         0.244
+ Phase Shift                   4.100
+ CPPR Adjustment               0.000
- Uncertainty                   0.100
= Required Time                 3.719
- Arrival Time                  3.667
= Slack Time                    0.052
     Clock Rise Edge                 0.000
     + Clock Network Latency (Prop)  0.010
     = Beginpoint Arrival Time       0.010
     +------------------------------------------------------------------------------------------------------------+ 
     |                      Instance                      |     Arc      |   Cell    | Delay | Arrival | Required | 
     |                                                    |              |           |       |  Time   |   Time   | 
     |----------------------------------------------------+--------------+-----------+-------+---------+----------| 
     | datapath/IFID_instr_reg[17]                        | CK ^         |           |       |   0.010 |    0.062 | 
     | datapath/IFID_instr_reg[17]                        | CK ^ -> Q ^  | DFFR_X1   | 0.447 |   0.457 |    0.509 | 
     | datapath/FE_OFC241_IFID_rs1_2                      | A ^ -> Z ^   | BUF_X1    | 0.271 |   0.728 |    0.780 | 
     | datapath/g26897                                    | A ^ -> Z v   | XOR2_X1   | 0.075 |   0.803 |    0.855 | 
     | datapath/g26745                                    | A2 v -> ZN ^ | NOR3_X1   | 0.201 |   1.003 |    1.056 | 
     | datapath/g26732                                    | A1 ^ -> ZN ^ | AND4_X1   | 0.224 |   1.227 |    1.279 | 
     | datapath/g26724                                    | A1 ^ -> ZN v | NOR2_X1   | 0.042 |   1.269 |    1.321 | 
     | datapath/g26723                                    | A v -> ZN ^  | INV_X1    | 0.054 |   1.323 |    1.375 | 
     | datapath/g26716                                    | A2 ^ -> ZN ^ | OR3_X1    | 0.120 |   1.442 |    1.494 | 
     | datapath/FE_DBTC4_n_534                            | A ^ -> ZN v  | INV_X4    | 0.078 |   1.521 |    1.573 | 
     | datapath/g26480                                    | A2 v -> ZN ^ | AOI222_X1 | 0.246 |   1.767 |    1.819 | 
     | datapath/FE_OFC155_LT_TC_OP_n_16                   | A ^ -> Z ^   | BUF_X1    | 0.166 |   1.932 |    1.985 | 
     | datapath/LT_TC_OP_g1789                            | A ^ -> ZN v  | OAI211_X1 | 0.092 |   2.024 |    2.077 | 
     | datapath/LT_TC_OP_g1757                            | A2 v -> ZN ^ | AOI222_X1 | 0.277 |   2.301 |    2.353 | 
     | datapath/FE_RC_668_0                               | C2 ^ -> ZN v | OAI211_X1 | 0.126 |   2.427 |    2.479 | 
     | datapath/LT_TC_OP_g1747                            | C1 v -> ZN ^ | AOI221_X1 | 0.202 |   2.629 |    2.682 | 
     | datapath/FE_RC_400_0                               | C1 ^ -> ZN v | OAI221_X1 | 0.111 |   2.741 |    2.793 | 
     | datapath/LT_TC_OP_g1745                            | C1 v -> ZN ^ | AOI221_X1 | 0.195 |   2.936 |    2.988 | 
     | datapath/FE_OFC956_IFID_lessThan                   | A ^ -> Z ^   | BUF_X2    | 0.138 |   3.073 |    3.126 | 
     | datapath/g16081                                    | A1 ^ -> ZN ^ | AND2_X2   | 0.094 |   3.168 |    3.220 | 
     | datapath/g16079                                    | A1 ^ -> ZN ^ | OR2_X2    | 0.083 |   3.250 |    3.303 | 
     | datapath/branch_or_inc_4/FE_OFC854_IFID_takeBranch | A ^ -> Z ^   | BUF_X1    | 0.180 |   3.431 |    3.483 | 
     | datapath/branch_or_inc_4/g811__1666                | S ^ -> Z v   | MUX2_X1   | 0.236 |   3.667 |    3.719 | 
     | datapath/IF_pc_reg[25]                             | D v          | SDFFR_X1  | 0.000 |   3.667 |    3.719 | 
     +------------------------------------------------------------------------------------------------------------+ 
Path 5: MET Setup Check with Pin datapath/IF_pc_reg[10]/CK 
Endpoint:   datapath/IF_pc_reg[10]/D      (v) checked with  leading edge of 
'clk'
Beginpoint: datapath/IFID_instr_reg[17]/Q (^) triggered by  leading edge of 
'clk'
Path Groups: {reg2reg}
Analysis View: WC_VIEW
Other End Arrival Time         -0.013
- Setup                         0.245
+ Phase Shift                   4.100
+ CPPR Adjustment               0.000
- Uncertainty                   0.100
= Required Time                 3.742
- Arrival Time                  3.687
= Slack Time                    0.054
     Clock Rise Edge                 0.000
     + Clock Network Latency (Prop)  0.010
     = Beginpoint Arrival Time       0.010
     +------------------------------------------------------------------------------------------------------------+ 
     |                      Instance                      |     Arc      |   Cell    | Delay | Arrival | Required | 
     |                                                    |              |           |       |  Time   |   Time   | 
     |----------------------------------------------------+--------------+-----------+-------+---------+----------| 
     | datapath/IFID_instr_reg[17]                        | CK ^         |           |       |   0.010 |    0.064 | 
     | datapath/IFID_instr_reg[17]                        | CK ^ -> Q ^  | DFFR_X1   | 0.447 |   0.457 |    0.511 | 
     | datapath/FE_OFC241_IFID_rs1_2                      | A ^ -> Z ^   | BUF_X1    | 0.271 |   0.728 |    0.782 | 
     | datapath/g26897                                    | A ^ -> Z v   | XOR2_X1   | 0.075 |   0.803 |    0.857 | 
     | datapath/g26745                                    | A2 v -> ZN ^ | NOR3_X1   | 0.201 |   1.003 |    1.058 | 
     | datapath/g26732                                    | A1 ^ -> ZN ^ | AND4_X1   | 0.224 |   1.227 |    1.281 | 
     | datapath/g26724                                    | A1 ^ -> ZN v | NOR2_X1   | 0.042 |   1.269 |    1.323 | 
     | datapath/g26723                                    | A v -> ZN ^  | INV_X1    | 0.054 |   1.323 |    1.377 | 
     | datapath/g26716                                    | A2 ^ -> ZN ^ | OR3_X1    | 0.120 |   1.442 |    1.496 | 
     | datapath/FE_DBTC4_n_534                            | A ^ -> ZN v  | INV_X4    | 0.078 |   1.521 |    1.575 | 
     | datapath/g26480                                    | A2 v -> ZN ^ | AOI222_X1 | 0.246 |   1.767 |    1.821 | 
     | datapath/FE_OFC155_LT_TC_OP_n_16                   | A ^ -> Z ^   | BUF_X1    | 0.166 |   1.932 |    1.987 | 
     | datapath/LT_TC_OP_g1789                            | A ^ -> ZN v  | OAI211_X1 | 0.092 |   2.024 |    2.079 | 
     | datapath/LT_TC_OP_g1757                            | A2 v -> ZN ^ | AOI222_X1 | 0.277 |   2.301 |    2.355 | 
     | datapath/FE_RC_668_0                               | C2 ^ -> ZN v | OAI211_X1 | 0.126 |   2.427 |    2.481 | 
     | datapath/LT_TC_OP_g1747                            | C1 v -> ZN ^ | AOI221_X1 | 0.202 |   2.629 |    2.684 | 
     | datapath/FE_RC_400_0                               | C1 ^ -> ZN v | OAI221_X1 | 0.111 |   2.741 |    2.795 | 
     | datapath/LT_TC_OP_g1745                            | C1 v -> ZN ^ | AOI221_X1 | 0.195 |   2.936 |    2.990 | 
     | datapath/FE_OFC956_IFID_lessThan                   | A ^ -> Z ^   | BUF_X2    | 0.138 |   3.073 |    3.128 | 
     | datapath/g16081                                    | A1 ^ -> ZN ^ | AND2_X2   | 0.094 |   3.168 |    3.222 | 
     | datapath/g16079                                    | A1 ^ -> ZN ^ | OR2_X2    | 0.083 |   3.250 |    3.305 | 
     | datapath/branch_or_inc_4/FE_OFC853_IFID_takeBranch | A ^ -> Z ^   | BUF_X4    | 0.185 |   3.435 |    3.490 | 
     | datapath/branch_or_inc_4/g833__4733                | S ^ -> Z v   | MUX2_X1   | 0.252 |   3.687 |    3.742 | 
     | datapath/IF_pc_reg[10]                             | D v          | SDFFR_X1  | 0.000 |   3.687 |    3.742 | 
     +------------------------------------------------------------------------------------------------------------+ 
Path 6: MET Setup Check with Pin datapath/IF_pc_reg[15]/CK 
Endpoint:   datapath/IF_pc_reg[15]/D      (v) checked with  leading edge of 
'clk'
Beginpoint: datapath/IFID_instr_reg[17]/Q (^) triggered by  leading edge of 
'clk'
Path Groups: {reg2reg}
Analysis View: WC_VIEW
Other End Arrival Time         -0.016
- Setup                         0.245
+ Phase Shift                   4.100
+ CPPR Adjustment               0.000
- Uncertainty                   0.100
= Required Time                 3.739
- Arrival Time                  3.684
= Slack Time                    0.055
     Clock Rise Edge                 0.000
     + Clock Network Latency (Prop)  0.010
     = Beginpoint Arrival Time       0.010
     +------------------------------------------------------------------------------------------------------------+ 
     |                      Instance                      |     Arc      |   Cell    | Delay | Arrival | Required | 
     |                                                    |              |           |       |  Time   |   Time   | 
     |----------------------------------------------------+--------------+-----------+-------+---------+----------| 
     | datapath/IFID_instr_reg[17]                        | CK ^         |           |       |   0.010 |    0.065 | 
     | datapath/IFID_instr_reg[17]                        | CK ^ -> Q ^  | DFFR_X1   | 0.447 |   0.457 |    0.511 | 
     | datapath/FE_OFC241_IFID_rs1_2                      | A ^ -> Z ^   | BUF_X1    | 0.271 |   0.728 |    0.783 | 
     | datapath/g26897                                    | A ^ -> Z v   | XOR2_X1   | 0.075 |   0.803 |    0.857 | 
     | datapath/g26745                                    | A2 v -> ZN ^ | NOR3_X1   | 0.201 |   1.003 |    1.058 | 
     | datapath/g26732                                    | A1 ^ -> ZN ^ | AND4_X1   | 0.224 |   1.227 |    1.282 | 
     | datapath/g26724                                    | A1 ^ -> ZN v | NOR2_X1   | 0.042 |   1.269 |    1.323 | 
     | datapath/g26723                                    | A v -> ZN ^  | INV_X1    | 0.054 |   1.323 |    1.377 | 
     | datapath/g26716                                    | A2 ^ -> ZN ^ | OR3_X1    | 0.120 |   1.442 |    1.497 | 
     | datapath/FE_DBTC4_n_534                            | A ^ -> ZN v  | INV_X4    | 0.078 |   1.521 |    1.575 | 
     | datapath/g26480                                    | A2 v -> ZN ^ | AOI222_X1 | 0.246 |   1.767 |    1.821 | 
     | datapath/FE_OFC155_LT_TC_OP_n_16                   | A ^ -> Z ^   | BUF_X1    | 0.166 |   1.932 |    1.987 | 
     | datapath/LT_TC_OP_g1789                            | A ^ -> ZN v  | OAI211_X1 | 0.092 |   2.024 |    2.079 | 
     | datapath/LT_TC_OP_g1757                            | A2 v -> ZN ^ | AOI222_X1 | 0.277 |   2.301 |    2.356 | 
     | datapath/FE_RC_668_0                               | C2 ^ -> ZN v | OAI211_X1 | 0.126 |   2.427 |    2.482 | 
     | datapath/LT_TC_OP_g1747                            | C1 v -> ZN ^ | AOI221_X1 | 0.202 |   2.629 |    2.684 | 
     | datapath/FE_RC_400_0                               | C1 ^ -> ZN v | OAI221_X1 | 0.111 |   2.741 |    2.795 | 
     | datapath/LT_TC_OP_g1745                            | C1 v -> ZN ^ | AOI221_X1 | 0.195 |   2.936 |    2.990 | 
     | datapath/FE_OFC956_IFID_lessThan                   | A ^ -> Z ^   | BUF_X2    | 0.138 |   3.073 |    3.128 | 
     | datapath/g16081                                    | A1 ^ -> ZN ^ | AND2_X2   | 0.094 |   3.168 |    3.222 | 
     | datapath/g16079                                    | A1 ^ -> ZN ^ | OR2_X2    | 0.083 |   3.250 |    3.305 | 
     | datapath/branch_or_inc_4/FE_OFC853_IFID_takeBranch | A ^ -> Z ^   | BUF_X4    | 0.185 |   3.435 |    3.490 | 
     | datapath/branch_or_inc_4/g823__1617                | S ^ -> Z v   | MUX2_X1   | 0.248 |   3.684 |    3.739 | 
     | datapath/IF_pc_reg[15]                             | D v          | SDFFR_X1  | 0.000 |   3.684 |    3.739 | 
     +------------------------------------------------------------------------------------------------------------+ 
Path 7: MET Setup Check with Pin datapath/IF_pc_reg[30]/CK 
Endpoint:   datapath/IF_pc_reg[30]/D      (^) checked with  leading edge of 
'clk'
Beginpoint: datapath/IFID_instr_reg[2]/QN (v) triggered by  leading edge of 
'clk'
Path Groups: {reg2reg}
Analysis View: WC_VIEW
Other End Arrival Time          0.000
- Setup                         0.088
+ Phase Shift                   4.100
+ CPPR Adjustment               0.000
- Uncertainty                   0.100
= Required Time                 3.912
- Arrival Time                  3.857
= Slack Time                    0.055
     Clock Rise Edge                 0.000
     + Clock Network Latency (Prop)  -0.025
     = Beginpoint Arrival Time       -0.025
     +-----------------------------------------------------------------------------------------------------------+ 
     |                      Instance                      |     Arc      |   Cell   | Delay | Arrival | Required | 
     |                                                    |              |          |       |  Time   |   Time   | 
     |----------------------------------------------------+--------------+----------+-------+---------+----------| 
     | datapath/IFID_instr_reg[2]                         | CK ^         |          |       |  -0.025 |    0.030 | 
     | datapath/IFID_instr_reg[2]                         | CK ^ -> QN v | DFFR_X1  | 0.302 |   0.276 |    0.331 | 
     | datapath/g35806                                    | A v -> ZN ^  | INV_X4   | 0.075 |   0.352 |    0.407 | 
     | datapath/immediate_generation/g3570__1666          | A1 ^ -> ZN v | NAND2_X1 | 0.039 |   0.391 |    0.446 | 
     | datapath/immediate_generation/FE_OFC911_n_35       | A v -> ZN ^  | INV_X1   | 0.054 |   0.445 |    0.500 | 
     | datapath/immediate_generation/g3567__2883          | A1 ^ -> ZN v | NAND2_X2 | 0.051 |   0.496 |    0.551 | 
     | datapath/immediate_generation/g3550__1705          | A1 v -> ZN ^ | NAND2_X4 | 0.045 |   0.541 |    0.596 | 
     | datapath/immediate_generation/g3542__4319          | A1 ^ -> ZN ^ | AND2_X1  | 0.111 |   0.652 |    0.707 | 
     | datapath/immediate_generation/g3535__7410          | A1 ^ -> ZN v | NAND2_X1 | 0.042 |   0.694 |    0.749 | 
     | datapath/immediate_generation/g3529__9315          | A1 v -> ZN ^ | NAND2_X1 | 0.106 |   0.801 |    0.856 | 
     | datapath/pc_plus_imm/FA_GEN[3].fa_i/FE_OFC877_IFID | A ^ -> ZN v  | INV_X1   | 0.045 |   0.846 |    0.901 | 
     | _imm_3                                             |              |          |       |         |          | 
     | datapath/pc_plus_imm/FA_GEN[3].fa_i/g157__6161     | A1 v -> ZN ^ | NAND2_X2 | 0.050 |   0.896 |    0.951 | 
     | datapath/pc_plus_imm/FA_GEN[3].fa_i/g155__7482     | A2 ^ -> ZN v | NAND2_X2 | 0.046 |   0.942 |    0.997 | 
     | datapath/pc_plus_imm/FA_GEN[3].fa_i/g153__1881     | A1 v -> ZN ^ | NAND2_X4 | 0.044 |   0.986 |    1.041 | 
     | datapath/pc_plus_imm/FA_GEN[4].fa_i/g155__2346     | A1 ^ -> ZN v | NAND2_X2 | 0.043 |   1.028 |    1.083 | 
     | datapath/pc_plus_imm/FA_GEN[4].fa_i/g153__9945     | A1 v -> ZN ^ | NAND2_X4 | 0.054 |   1.083 |    1.137 | 
     | datapath/pc_plus_imm/FA_GEN[5].fa_i/FE_RC_565_0    | A2 ^ -> ZN v | NAND2_X2 | 0.051 |   1.133 |    1.188 | 
     | datapath/pc_plus_imm/FA_GEN[5].fa_i/FE_RC_564_0    | A1 v -> ZN ^ | NAND2_X4 | 0.045 |   1.178 |    1.233 | 
     | datapath/pc_plus_imm/FA_GEN[6].fa_i/g155__3680     | A1 ^ -> ZN v | NAND2_X2 | 0.044 |   1.222 |    1.277 | 
     | datapath/pc_plus_imm/FA_GEN[6].fa_i/g153__5526     | A1 v -> ZN ^ | NAND2_X4 | 0.051 |   1.273 |    1.327 | 
     | datapath/pc_plus_imm/FA_GEN[7].fa_i/g155__7098     | A1 ^ -> ZN v | NAND2_X4 | 0.038 |   1.311 |    1.365 | 
     | datapath/pc_plus_imm/FA_GEN[7].fa_i/g153__5122     | A1 v -> ZN ^ | NAND2_X4 | 0.042 |   1.352 |    1.407 | 
     | datapath/pc_plus_imm/FA_GEN[8].fa_i/g155__4733     | A1 ^ -> ZN v | NAND2_X2 | 0.035 |   1.388 |    1.442 | 
     | datapath/pc_plus_imm/FA_GEN[8].fa_i/g153__5115     | A1 v -> ZN ^ | NAND2_X2 | 0.060 |   1.447 |    1.502 | 
     | datapath/pc_plus_imm/FA_GEN[9].fa_i/g155__2346     | A1 ^ -> ZN v | NAND2_X2 | 0.042 |   1.490 |    1.545 | 
     | datapath/pc_plus_imm/FA_GEN[9].fa_i/g153__9945     | A1 v -> ZN ^ | NAND2_X2 | 0.056 |   1.545 |    1.600 | 
     | datapath/pc_plus_imm/FA_GEN[10].fa_i/g137__2398    | A1 ^ -> ZN v | NAND2_X2 | 0.048 |   1.594 |    1.648 | 
     | datapath/pc_plus_imm/FA_GEN[10].fa_i/g135__6417    | A1 v -> ZN ^ | NAND2_X4 | 0.047 |   1.641 |    1.695 | 
     | datapath/pc_plus_imm/FA_GEN[11].fa_i/FE_RC_12_0    | A1 ^ -> ZN v | NAND2_X2 | 0.036 |   1.677 |    1.732 | 
     | datapath/pc_plus_imm/FA_GEN[11].fa_i/g153__4319    | A1 v -> ZN ^ | NAND2_X2 | 0.056 |   1.732 |    1.787 | 
     | datapath/pc_plus_imm/FA_GEN[12].fa_i/g155__2802    | A1 ^ -> ZN v | NAND2_X2 | 0.050 |   1.782 |    1.837 | 
     | datapath/pc_plus_imm/FA_GEN[12].fa_i/g153__3680    | A1 v -> ZN ^ | NAND2_X4 | 0.051 |   1.833 |    1.888 | 
     | datapath/pc_plus_imm/FA_GEN[13].fa_i/g155__6131    | A1 ^ -> ZN v | NAND2_X4 | 0.037 |   1.870 |    1.924 | 
     | datapath/pc_plus_imm/FA_GEN[13].fa_i/g153__8246    | A1 v -> ZN ^ | NAND2_X4 | 0.051 |   1.921 |    1.975 | 
     | datapath/pc_plus_imm/FA_GEN[14].fa_i/g155__6161    | A1 ^ -> ZN v | NAND2_X4 | 0.038 |   1.959 |    2.014 | 
     | datapath/pc_plus_imm/FA_GEN[14].fa_i/g153__7482    | A1 v -> ZN ^ | NAND2_X4 | 0.048 |   2.007 |    2.061 | 
     | datapath/pc_plus_imm/FA_GEN[15].fa_i/g155__1666    | A1 ^ -> ZN v | NAND2_X4 | 0.037 |   2.043 |    2.098 | 
     | datapath/pc_plus_imm/FA_GEN[15].fa_i/g153__2883    | A1 v -> ZN ^ | NAND2_X4 | 0.048 |   2.091 |    2.146 | 
     | datapath/pc_plus_imm/FA_GEN[16].fa_i/g155__5107    | A1 ^ -> ZN v | NAND2_X4 | 0.037 |   2.128 |    2.183 | 
     | datapath/pc_plus_imm/FA_GEN[16].fa_i/g153__5477    | A1 v -> ZN ^ | NAND2_X4 | 0.048 |   2.176 |    2.231 | 
     | datapath/pc_plus_imm/FA_GEN[17].fa_i/g155__6783    | A1 ^ -> ZN v | NAND2_X4 | 0.037 |   2.214 |    2.269 | 
     | datapath/pc_plus_imm/FA_GEN[17].fa_i/g153__8428    | A1 v -> ZN ^ | NAND2_X4 | 0.049 |   2.263 |    2.317 | 
     | datapath/pc_plus_imm/FA_GEN[18].fa_i/g155__5122    | A1 ^ -> ZN v | NAND2_X4 | 0.037 |   2.299 |    2.354 | 
     | datapath/pc_plus_imm/FA_GEN[18].fa_i/g153__2802    | A1 v -> ZN ^ | NAND2_X4 | 0.048 |   2.347 |    2.402 | 
     | datapath/pc_plus_imm/FA_GEN[19].fa_i/g155__5115    | A1 ^ -> ZN v | NAND2_X4 | 0.037 |   2.384 |    2.439 | 
     | datapath/pc_plus_imm/FA_GEN[19].fa_i/g153__6131    | A1 v -> ZN ^ | NAND2_X4 | 0.048 |   2.432 |    2.487 | 
     | datapath/pc_plus_imm/FA_GEN[20].fa_i/g155__9945    | A1 ^ -> ZN v | NAND2_X4 | 0.037 |   2.469 |    2.523 | 
     | datapath/pc_plus_imm/FA_GEN[20].fa_i/g153__6161    | A1 v -> ZN ^ | NAND2_X4 | 0.050 |   2.518 |    2.573 | 
     | datapath/pc_plus_imm/FA_GEN[21].fa_i/g155__6417    | A1 ^ -> ZN v | NAND2_X4 | 0.038 |   2.556 |    2.611 | 
     | datapath/pc_plus_imm/FA_GEN[21].fa_i/g153__1666    | A1 v -> ZN ^ | NAND2_X4 | 0.041 |   2.597 |    2.652 | 
     | datapath/pc_plus_imm/FA_GEN[22].fa_i/g155__4319    | A1 ^ -> ZN v | NAND2_X2 | 0.035 |   2.633 |    2.688 | 
     | datapath/pc_plus_imm/FA_GEN[22].fa_i/g153__5107    | A1 v -> ZN ^ | NAND2_X2 | 0.059 |   2.692 |    2.746 | 
     | datapath/pc_plus_imm/FA_GEN[23].fa_i/g155__1617    | A1 ^ -> ZN v | NAND2_X2 | 0.043 |   2.734 |    2.789 | 
     | datapath/pc_plus_imm/FA_GEN[23].fa_i/g153__6783    | A1 v -> ZN ^ | NAND2_X2 | 0.051 |   2.785 |    2.840 | 
     | datapath/pc_plus_imm/FA_GEN[24].fa_i/g149__7098    | A1 ^ -> ZN v | NAND2_X1 | 0.039 |   2.824 |    2.879 | 
     | datapath/pc_plus_imm/FA_GEN[24].fa_i/g147__5122    | A1 v -> ZN ^ | NAND2_X1 | 0.072 |   2.896 |    2.951 | 
     | datapath/pc_plus_imm/FA_GEN[25].fa_i/g119__4733    | A1 ^ -> ZN v | NAND2_X1 | 0.046 |   2.943 |    2.997 | 
     | datapath/pc_plus_imm/FA_GEN[25].fa_i/g117__5115    | A1 v -> ZN ^ | NAND2_X1 | 0.067 |   3.010 |    3.065 | 
     | datapath/pc_plus_imm/FA_GEN[26].fa_i/g120__2346    | A1 ^ -> ZN v | NAND2_X1 | 0.045 |   3.055 |    3.109 | 
     | datapath/pc_plus_imm/FA_GEN[26].fa_i/g118__9945    | A1 v -> ZN ^ | NAND2_X1 | 0.073 |   3.127 |    3.182 | 
     | datapath/pc_plus_imm/FA_GEN[27].fa_i/FE_RC_538_0   | A2 ^ -> ZN v | NAND2_X1 | 0.058 |   3.185 |    3.240 | 
     | datapath/pc_plus_imm/FA_GEN[27].fa_i/FE_RC_537_0   | A1 v -> ZN ^ | NAND2_X2 | 0.053 |   3.238 |    3.293 | 
     | datapath/pc_plus_imm/FA_GEN[28].fa_i/g79__8428     | A1 ^ -> ZN v | NAND2_X1 | 0.039 |   3.277 |    3.332 | 
     | datapath/pc_plus_imm/FA_GEN[28].fa_i/g77__4319     | A1 v -> ZN ^ | NAND2_X1 | 0.069 |   3.347 |    3.401 | 
     | datapath/pc_plus_imm/FA_GEN[29].fa_i/g79__2802     | A1 ^ -> ZN v | NAND2_X1 | 0.046 |   3.393 |    3.448 | 
     | datapath/pc_plus_imm/FA_GEN[29].fa_i/g77__1617     | A1 v -> ZN ^ | NAND2_X1 | 0.068 |   3.461 |    3.515 | 
     | datapath/pc_plus_imm/FA_GEN[30].fa_i/g2__7482      | A ^ -> Z ^   | XOR2_X1  | 0.171 |   3.631 |    3.686 | 
     | datapath/branch_or_inc_4/g846__4319                | A1 ^ -> ZN v | NAND2_X1 | 0.053 |   3.684 |    3.739 | 
     | datapath/branch_or_inc_4/g827__8246                | A1 v -> ZN ^ | NAND2_X1 | 0.052 |   3.736 |    3.791 | 
     | datapath/g35800                                    | A ^ -> ZN v  | INV_X1   | 0.024 |   3.760 |    3.815 | 
     | datapath/g35644                                    | B1 v -> ZN ^ | OAI21_X1 | 0.097 |   3.857 |    3.912 | 
     | datapath/IF_pc_reg[30]                             | D ^          | DFFR_X1  | 0.000 |   3.857 |    3.912 | 
     +-----------------------------------------------------------------------------------------------------------+ 
Path 8: MET Setup Check with Pin datapath/IF_pc_reg[24]/CK 
Endpoint:   datapath/IF_pc_reg[24]/D      (v) checked with  leading edge of 
'clk'
Beginpoint: datapath/IFID_instr_reg[17]/Q (^) triggered by  leading edge of 
'clk'
Path Groups: {reg2reg}
Analysis View: WC_VIEW
Other End Arrival Time         -0.037
- Setup                         0.243
+ Phase Shift                   4.100
+ CPPR Adjustment               0.000
- Uncertainty                   0.100
= Required Time                 3.719
- Arrival Time                  3.664
= Slack Time                    0.055
     Clock Rise Edge                 0.000
     + Clock Network Latency (Prop)  0.010
     = Beginpoint Arrival Time       0.010
     +------------------------------------------------------------------------------------------------------------+ 
     |                      Instance                      |     Arc      |   Cell    | Delay | Arrival | Required | 
     |                                                    |              |           |       |  Time   |   Time   | 
     |----------------------------------------------------+--------------+-----------+-------+---------+----------| 
     | datapath/IFID_instr_reg[17]                        | CK ^         |           |       |   0.010 |    0.065 | 
     | datapath/IFID_instr_reg[17]                        | CK ^ -> Q ^  | DFFR_X1   | 0.447 |   0.457 |    0.512 | 
     | datapath/FE_OFC241_IFID_rs1_2                      | A ^ -> Z ^   | BUF_X1    | 0.271 |   0.728 |    0.783 | 
     | datapath/g26897                                    | A ^ -> Z v   | XOR2_X1   | 0.075 |   0.803 |    0.858 | 
     | datapath/g26745                                    | A2 v -> ZN ^ | NOR3_X1   | 0.201 |   1.003 |    1.058 | 
     | datapath/g26732                                    | A1 ^ -> ZN ^ | AND4_X1   | 0.224 |   1.227 |    1.282 | 
     | datapath/g26724                                    | A1 ^ -> ZN v | NOR2_X1   | 0.042 |   1.269 |    1.323 | 
     | datapath/g26723                                    | A v -> ZN ^  | INV_X1    | 0.054 |   1.323 |    1.377 | 
     | datapath/g26716                                    | A2 ^ -> ZN ^ | OR3_X1    | 0.120 |   1.442 |    1.497 | 
     | datapath/FE_DBTC4_n_534                            | A ^ -> ZN v  | INV_X4    | 0.078 |   1.521 |    1.575 | 
     | datapath/g26480                                    | A2 v -> ZN ^ | AOI222_X1 | 0.246 |   1.767 |    1.822 | 
     | datapath/FE_OFC155_LT_TC_OP_n_16                   | A ^ -> Z ^   | BUF_X1    | 0.166 |   1.932 |    1.987 | 
     | datapath/LT_TC_OP_g1789                            | A ^ -> ZN v  | OAI211_X1 | 0.092 |   2.024 |    2.079 | 
     | datapath/LT_TC_OP_g1757                            | A2 v -> ZN ^ | AOI222_X1 | 0.277 |   2.301 |    2.356 | 
     | datapath/FE_RC_668_0                               | C2 ^ -> ZN v | OAI211_X1 | 0.126 |   2.427 |    2.482 | 
     | datapath/LT_TC_OP_g1747                            | C1 v -> ZN ^ | AOI221_X1 | 0.202 |   2.629 |    2.684 | 
     | datapath/FE_RC_400_0                               | C1 ^ -> ZN v | OAI221_X1 | 0.111 |   2.741 |    2.796 | 
     | datapath/LT_TC_OP_g1745                            | C1 v -> ZN ^ | AOI221_X1 | 0.195 |   2.936 |    2.991 | 
     | datapath/FE_OFC956_IFID_lessThan                   | A ^ -> Z ^   | BUF_X2    | 0.138 |   3.073 |    3.128 | 
     | datapath/g16081                                    | A1 ^ -> ZN ^ | AND2_X2   | 0.094 |   3.168 |    3.222 | 
     | datapath/g16079                                    | A1 ^ -> ZN ^ | OR2_X2    | 0.083 |   3.250 |    3.305 | 
     | datapath/branch_or_inc_4/FE_OFC854_IFID_takeBranch | A ^ -> Z ^   | BUF_X1    | 0.180 |   3.431 |    3.485 | 
     | datapath/branch_or_inc_4/g809__2883                | S ^ -> Z v   | MUX2_X1   | 0.234 |   3.664 |    3.719 | 
     | datapath/IF_pc_reg[24]                             | D v          | SDFFR_X1  | 0.000 |   3.664 |    3.719 | 
     +------------------------------------------------------------------------------------------------------------+ 
Path 9: MET Setup Check with Pin datapath/IF_pc_reg[17]/CK 
Endpoint:   datapath/IF_pc_reg[17]/D      (v) checked with  leading edge of 
'clk'
Beginpoint: datapath/IFID_instr_reg[17]/Q (^) triggered by  leading edge of 
'clk'
Path Groups: {reg2reg}
Analysis View: WC_VIEW
Other End Arrival Time         -0.014
- Setup                         0.245
+ Phase Shift                   4.100
+ CPPR Adjustment               0.000
- Uncertainty                   0.100
= Required Time                 3.741
- Arrival Time                  3.685
= Slack Time                    0.056
     Clock Rise Edge                 0.000
     + Clock Network Latency (Prop)  0.010
     = Beginpoint Arrival Time       0.010
     +------------------------------------------------------------------------------------------------------------+ 
     |                      Instance                      |     Arc      |   Cell    | Delay | Arrival | Required | 
     |                                                    |              |           |       |  Time   |   Time   | 
     |----------------------------------------------------+--------------+-----------+-------+---------+----------| 
     | datapath/IFID_instr_reg[17]                        | CK ^         |           |       |   0.010 |    0.066 | 
     | datapath/IFID_instr_reg[17]                        | CK ^ -> Q ^  | DFFR_X1   | 0.447 |   0.457 |    0.513 | 
     | datapath/FE_OFC241_IFID_rs1_2                      | A ^ -> Z ^   | BUF_X1    | 0.271 |   0.728 |    0.784 | 
     | datapath/g26897                                    | A ^ -> Z v   | XOR2_X1   | 0.075 |   0.803 |    0.859 | 
     | datapath/g26745                                    | A2 v -> ZN ^ | NOR3_X1   | 0.201 |   1.003 |    1.060 | 
     | datapath/g26732                                    | A1 ^ -> ZN ^ | AND4_X1   | 0.224 |   1.227 |    1.283 | 
     | datapath/g26724                                    | A1 ^ -> ZN v | NOR2_X1   | 0.042 |   1.269 |    1.325 | 
     | datapath/g26723                                    | A v -> ZN ^  | INV_X1    | 0.054 |   1.323 |    1.379 | 
     | datapath/g26716                                    | A2 ^ -> ZN ^ | OR3_X1    | 0.120 |   1.442 |    1.498 | 
     | datapath/FE_DBTC4_n_534                            | A ^ -> ZN v  | INV_X4    | 0.078 |   1.521 |    1.577 | 
     | datapath/g26480                                    | A2 v -> ZN ^ | AOI222_X1 | 0.246 |   1.767 |    1.823 | 
     | datapath/FE_OFC155_LT_TC_OP_n_16                   | A ^ -> Z ^   | BUF_X1    | 0.166 |   1.932 |    1.989 | 
     | datapath/LT_TC_OP_g1789                            | A ^ -> ZN v  | OAI211_X1 | 0.092 |   2.024 |    2.080 | 
     | datapath/LT_TC_OP_g1757                            | A2 v -> ZN ^ | AOI222_X1 | 0.277 |   2.301 |    2.357 | 
     | datapath/FE_RC_668_0                               | C2 ^ -> ZN v | OAI211_X1 | 0.126 |   2.427 |    2.483 | 
     | datapath/LT_TC_OP_g1747                            | C1 v -> ZN ^ | AOI221_X1 | 0.202 |   2.629 |    2.686 | 
     | datapath/FE_RC_400_0                               | C1 ^ -> ZN v | OAI221_X1 | 0.111 |   2.741 |    2.797 | 
     | datapath/LT_TC_OP_g1745                            | C1 v -> ZN ^ | AOI221_X1 | 0.195 |   2.936 |    2.992 | 
     | datapath/FE_OFC956_IFID_lessThan                   | A ^ -> Z ^   | BUF_X2    | 0.138 |   3.073 |    3.129 | 
     | datapath/g16081                                    | A1 ^ -> ZN ^ | AND2_X2   | 0.094 |   3.168 |    3.224 | 
     | datapath/g16079                                    | A1 ^ -> ZN ^ | OR2_X2    | 0.083 |   3.250 |    3.306 | 
     | datapath/branch_or_inc_4/FE_OFC853_IFID_takeBranch | A ^ -> Z ^   | BUF_X4    | 0.185 |   3.435 |    3.492 | 
     | datapath/branch_or_inc_4/g817__6260                | S ^ -> Z v   | MUX2_X1   | 0.250 |   3.685 |    3.741 | 
     | datapath/IF_pc_reg[17]                             | D v          | SDFFR_X1  | 0.000 |   3.685 |    3.741 | 
     +------------------------------------------------------------------------------------------------------------+ 
Path 10: MET Setup Check with Pin datapath/IF_pc_reg[13]/CK 
Endpoint:   datapath/IF_pc_reg[13]/D      (v) checked with  leading edge of 
'clk'
Beginpoint: datapath/IFID_instr_reg[17]/Q (^) triggered by  leading edge of 
'clk'
Path Groups: {reg2reg}
Analysis View: WC_VIEW
Other End Arrival Time         -0.016
- Setup                         0.245
+ Phase Shift                   4.100
+ CPPR Adjustment               0.000
- Uncertainty                   0.100
= Required Time                 3.739
- Arrival Time                  3.683
= Slack Time                    0.056
     Clock Rise Edge                 0.000
     + Clock Network Latency (Prop)  0.010
     = Beginpoint Arrival Time       0.010
     +------------------------------------------------------------------------------------------------------------+ 
     |                      Instance                      |     Arc      |   Cell    | Delay | Arrival | Required | 
     |                                                    |              |           |       |  Time   |   Time   | 
     |----------------------------------------------------+--------------+-----------+-------+---------+----------| 
     | datapath/IFID_instr_reg[17]                        | CK ^         |           |       |   0.010 |    0.066 | 
     | datapath/IFID_instr_reg[17]                        | CK ^ -> Q ^  | DFFR_X1   | 0.447 |   0.457 |    0.513 | 
     | datapath/FE_OFC241_IFID_rs1_2                      | A ^ -> Z ^   | BUF_X1    | 0.271 |   0.728 |    0.784 | 
     | datapath/g26897                                    | A ^ -> Z v   | XOR2_X1   | 0.075 |   0.803 |    0.859 | 
     | datapath/g26745                                    | A2 v -> ZN ^ | NOR3_X1   | 0.201 |   1.003 |    1.060 | 
     | datapath/g26732                                    | A1 ^ -> ZN ^ | AND4_X1   | 0.224 |   1.227 |    1.283 | 
     | datapath/g26724                                    | A1 ^ -> ZN v | NOR2_X1   | 0.042 |   1.269 |    1.325 | 
     | datapath/g26723                                    | A v -> ZN ^  | INV_X1    | 0.054 |   1.323 |    1.379 | 
     | datapath/g26716                                    | A2 ^ -> ZN ^ | OR3_X1    | 0.120 |   1.442 |    1.499 | 
     | datapath/FE_DBTC4_n_534                            | A ^ -> ZN v  | INV_X4    | 0.078 |   1.521 |    1.577 | 
     | datapath/g26480                                    | A2 v -> ZN ^ | AOI222_X1 | 0.246 |   1.767 |    1.823 | 
     | datapath/FE_OFC155_LT_TC_OP_n_16                   | A ^ -> Z ^   | BUF_X1    | 0.166 |   1.932 |    1.989 | 
     | datapath/LT_TC_OP_g1789                            | A ^ -> ZN v  | OAI211_X1 | 0.092 |   2.024 |    2.081 | 
     | datapath/LT_TC_OP_g1757                            | A2 v -> ZN ^ | AOI222_X1 | 0.277 |   2.301 |    2.357 | 
     | datapath/FE_RC_668_0                               | C2 ^ -> ZN v | OAI211_X1 | 0.126 |   2.427 |    2.483 | 
     | datapath/LT_TC_OP_g1747                            | C1 v -> ZN ^ | AOI221_X1 | 0.202 |   2.629 |    2.686 | 
     | datapath/FE_RC_400_0                               | C1 ^ -> ZN v | OAI221_X1 | 0.111 |   2.741 |    2.797 | 
     | datapath/LT_TC_OP_g1745                            | C1 v -> ZN ^ | AOI221_X1 | 0.195 |   2.936 |    2.992 | 
     | datapath/FE_OFC956_IFID_lessThan                   | A ^ -> Z ^   | BUF_X2    | 0.138 |   3.073 |    3.130 | 
     | datapath/g16081                                    | A1 ^ -> ZN ^ | AND2_X2   | 0.094 |   3.168 |    3.224 | 
     | datapath/g16079                                    | A1 ^ -> ZN ^ | OR2_X2    | 0.083 |   3.250 |    3.307 | 
     | datapath/branch_or_inc_4/FE_OFC853_IFID_takeBranch | A ^ -> Z ^   | BUF_X4    | 0.185 |   3.435 |    3.492 | 
     | datapath/branch_or_inc_4/g826__5122                | S ^ -> Z v   | MUX2_X1   | 0.247 |   3.683 |    3.739 | 
     | datapath/IF_pc_reg[13]                             | D v          | SDFFR_X1  | 0.000 |   3.683 |    3.739 | 
     +------------------------------------------------------------------------------------------------------------+ 
Path 11: MET Setup Check with Pin datapath/IF_pc_reg[14]/CK 
Endpoint:   datapath/IF_pc_reg[14]/D      (v) checked with  leading edge of 
'clk'
Beginpoint: datapath/IFID_instr_reg[17]/Q (^) triggered by  leading edge of 
'clk'
Path Groups: {reg2reg}
Analysis View: WC_VIEW
Other End Arrival Time         -0.013
- Setup                         0.245
+ Phase Shift                   4.100
+ CPPR Adjustment               0.000
- Uncertainty                   0.100
= Required Time                 3.742
- Arrival Time                  3.685
= Slack Time                    0.057
     Clock Rise Edge                 0.000
     + Clock Network Latency (Prop)  0.010
     = Beginpoint Arrival Time       0.010
     +------------------------------------------------------------------------------------------------------------+ 
     |                      Instance                      |     Arc      |   Cell    | Delay | Arrival | Required | 
     |                                                    |              |           |       |  Time   |   Time   | 
     |----------------------------------------------------+--------------+-----------+-------+---------+----------| 
     | datapath/IFID_instr_reg[17]                        | CK ^         |           |       |   0.010 |    0.066 | 
     | datapath/IFID_instr_reg[17]                        | CK ^ -> Q ^  | DFFR_X1   | 0.447 |   0.457 |    0.513 | 
     | datapath/FE_OFC241_IFID_rs1_2                      | A ^ -> Z ^   | BUF_X1    | 0.271 |   0.728 |    0.785 | 
     | datapath/g26897                                    | A ^ -> Z v   | XOR2_X1   | 0.075 |   0.803 |    0.859 | 
     | datapath/g26745                                    | A2 v -> ZN ^ | NOR3_X1   | 0.201 |   1.003 |    1.060 | 
     | datapath/g26732                                    | A1 ^ -> ZN ^ | AND4_X1   | 0.224 |   1.227 |    1.283 | 
     | datapath/g26724                                    | A1 ^ -> ZN v | NOR2_X1   | 0.042 |   1.269 |    1.325 | 
     | datapath/g26723                                    | A v -> ZN ^  | INV_X1    | 0.054 |   1.323 |    1.379 | 
     | datapath/g26716                                    | A2 ^ -> ZN ^ | OR3_X1    | 0.120 |   1.442 |    1.499 | 
     | datapath/FE_DBTC4_n_534                            | A ^ -> ZN v  | INV_X4    | 0.078 |   1.521 |    1.577 | 
     | datapath/g26480                                    | A2 v -> ZN ^ | AOI222_X1 | 0.246 |   1.767 |    1.823 | 
     | datapath/FE_OFC155_LT_TC_OP_n_16                   | A ^ -> Z ^   | BUF_X1    | 0.166 |   1.932 |    1.989 | 
     | datapath/LT_TC_OP_g1789                            | A ^ -> ZN v  | OAI211_X1 | 0.092 |   2.024 |    2.081 | 
     | datapath/LT_TC_OP_g1757                            | A2 v -> ZN ^ | AOI222_X1 | 0.277 |   2.301 |    2.358 | 
     | datapath/FE_RC_668_0                               | C2 ^ -> ZN v | OAI211_X1 | 0.126 |   2.427 |    2.483 | 
     | datapath/LT_TC_OP_g1747                            | C1 v -> ZN ^ | AOI221_X1 | 0.202 |   2.629 |    2.686 | 
     | datapath/FE_RC_400_0                               | C1 ^ -> ZN v | OAI221_X1 | 0.111 |   2.741 |    2.797 | 
     | datapath/LT_TC_OP_g1745                            | C1 v -> ZN ^ | AOI221_X1 | 0.195 |   2.936 |    2.992 | 
     | datapath/FE_OFC956_IFID_lessThan                   | A ^ -> Z ^   | BUF_X2    | 0.138 |   3.073 |    3.130 | 
     | datapath/g16081                                    | A1 ^ -> ZN ^ | AND2_X2   | 0.094 |   3.168 |    3.224 | 
     | datapath/g16079                                    | A1 ^ -> ZN ^ | OR2_X2    | 0.083 |   3.250 |    3.307 | 
     | datapath/branch_or_inc_4/FE_OFC853_IFID_takeBranch | A ^ -> Z ^   | BUF_X4    | 0.185 |   3.435 |    3.492 | 
     | datapath/branch_or_inc_4/g839__1666                | S ^ -> Z v   | MUX2_X1   | 0.250 |   3.685 |    3.742 | 
     | datapath/IF_pc_reg[14]                             | D v          | SDFFR_X1  | 0.000 |   3.685 |    3.742 | 
     +------------------------------------------------------------------------------------------------------------+ 
Path 12: MET Setup Check with Pin datapath/IF_pc_reg[12]/CK 
Endpoint:   datapath/IF_pc_reg[12]/D      (v) checked with  leading edge of 
'clk'
Beginpoint: datapath/IFID_instr_reg[17]/Q (^) triggered by  leading edge of 
'clk'
Path Groups: {reg2reg}
Analysis View: WC_VIEW
Other End Arrival Time         -0.013
- Setup                         0.245
+ Phase Shift                   4.100
+ CPPR Adjustment               0.000
- Uncertainty                   0.100
= Required Time                 3.742
- Arrival Time                  3.685
= Slack Time                    0.057
     Clock Rise Edge                 0.000
     + Clock Network Latency (Prop)  0.010
     = Beginpoint Arrival Time       0.010
     +------------------------------------------------------------------------------------------------------------+ 
     |                      Instance                      |     Arc      |   Cell    | Delay | Arrival | Required | 
     |                                                    |              |           |       |  Time   |   Time   | 
     |----------------------------------------------------+--------------+-----------+-------+---------+----------| 
     | datapath/IFID_instr_reg[17]                        | CK ^         |           |       |   0.010 |    0.067 | 
     | datapath/IFID_instr_reg[17]                        | CK ^ -> Q ^  | DFFR_X1   | 0.447 |   0.457 |    0.514 | 
     | datapath/FE_OFC241_IFID_rs1_2                      | A ^ -> Z ^   | BUF_X1    | 0.271 |   0.728 |    0.785 | 
     | datapath/g26897                                    | A ^ -> Z v   | XOR2_X1   | 0.075 |   0.803 |    0.860 | 
     | datapath/g26745                                    | A2 v -> ZN ^ | NOR3_X1   | 0.201 |   1.003 |    1.060 | 
     | datapath/g26732                                    | A1 ^ -> ZN ^ | AND4_X1   | 0.224 |   1.227 |    1.284 | 
     | datapath/g26724                                    | A1 ^ -> ZN v | NOR2_X1   | 0.042 |   1.269 |    1.326 | 
     | datapath/g26723                                    | A v -> ZN ^  | INV_X1    | 0.054 |   1.323 |    1.380 | 
     | datapath/g26716                                    | A2 ^ -> ZN ^ | OR3_X1    | 0.120 |   1.442 |    1.499 | 
     | datapath/FE_DBTC4_n_534                            | A ^ -> ZN v  | INV_X4    | 0.078 |   1.521 |    1.578 | 
     | datapath/g26480                                    | A2 v -> ZN ^ | AOI222_X1 | 0.246 |   1.767 |    1.824 | 
     | datapath/FE_OFC155_LT_TC_OP_n_16                   | A ^ -> Z ^   | BUF_X1    | 0.166 |   1.932 |    1.989 | 
     | datapath/LT_TC_OP_g1789                            | A ^ -> ZN v  | OAI211_X1 | 0.092 |   2.024 |    2.081 | 
     | datapath/LT_TC_OP_g1757                            | A2 v -> ZN ^ | AOI222_X1 | 0.277 |   2.301 |    2.358 | 
     | datapath/FE_RC_668_0                               | C2 ^ -> ZN v | OAI211_X1 | 0.126 |   2.427 |    2.484 | 
     | datapath/LT_TC_OP_g1747                            | C1 v -> ZN ^ | AOI221_X1 | 0.202 |   2.629 |    2.686 | 
     | datapath/FE_RC_400_0                               | C1 ^ -> ZN v | OAI221_X1 | 0.111 |   2.741 |    2.798 | 
     | datapath/LT_TC_OP_g1745                            | C1 v -> ZN ^ | AOI221_X1 | 0.195 |   2.936 |    2.993 | 
     | datapath/FE_OFC956_IFID_lessThan                   | A ^ -> Z ^   | BUF_X2    | 0.138 |   3.073 |    3.130 | 
     | datapath/g16081                                    | A1 ^ -> ZN ^ | AND2_X2   | 0.094 |   3.168 |    3.225 | 
     | datapath/g16079                                    | A1 ^ -> ZN ^ | OR2_X2    | 0.083 |   3.250 |    3.307 | 
     | datapath/branch_or_inc_4/FE_OFC853_IFID_takeBranch | A ^ -> Z ^   | BUF_X4    | 0.185 |   3.435 |    3.492 | 
     | datapath/branch_or_inc_4/g829__6131                | S ^ -> Z v   | MUX2_X1   | 0.250 |   3.685 |    3.742 | 
     | datapath/IF_pc_reg[12]                             | D v          | SDFFR_X1  | 0.000 |   3.685 |    3.742 | 
     +------------------------------------------------------------------------------------------------------------+ 
Path 13: MET Setup Check with Pin datapath/IF_pc_reg[18]/CK 
Endpoint:   datapath/IF_pc_reg[18]/D      (v) checked with  leading edge of 
'clk'
Beginpoint: datapath/IFID_instr_reg[17]/Q (^) triggered by  leading edge of 
'clk'
Path Groups: {reg2reg}
Analysis View: WC_VIEW
Other End Arrival Time         -0.014
- Setup                         0.245
+ Phase Shift                   4.100
+ CPPR Adjustment               0.000
- Uncertainty                   0.100
= Required Time                 3.741
- Arrival Time                  3.683
= Slack Time                    0.058
     Clock Rise Edge                 0.000
     + Clock Network Latency (Prop)  0.010
     = Beginpoint Arrival Time       0.010
     +------------------------------------------------------------------------------------------------------------+ 
     |                      Instance                      |     Arc      |   Cell    | Delay | Arrival | Required | 
     |                                                    |              |           |       |  Time   |   Time   | 
     |----------------------------------------------------+--------------+-----------+-------+---------+----------| 
     | datapath/IFID_instr_reg[17]                        | CK ^         |           |       |   0.010 |    0.068 | 
     | datapath/IFID_instr_reg[17]                        | CK ^ -> Q ^  | DFFR_X1   | 0.447 |   0.457 |    0.515 | 
     | datapath/FE_OFC241_IFID_rs1_2                      | A ^ -> Z ^   | BUF_X1    | 0.271 |   0.728 |    0.786 | 
     | datapath/g26897                                    | A ^ -> Z v   | XOR2_X1   | 0.075 |   0.803 |    0.861 | 
     | datapath/g26745                                    | A2 v -> ZN ^ | NOR3_X1   | 0.201 |   1.003 |    1.062 | 
     | datapath/g26732                                    | A1 ^ -> ZN ^ | AND4_X1   | 0.224 |   1.227 |    1.285 | 
     | datapath/g26724                                    | A1 ^ -> ZN v | NOR2_X1   | 0.042 |   1.269 |    1.327 | 
     | datapath/g26723                                    | A v -> ZN ^  | INV_X1    | 0.054 |   1.323 |    1.381 | 
     | datapath/g26716                                    | A2 ^ -> ZN ^ | OR3_X1    | 0.120 |   1.442 |    1.500 | 
     | datapath/FE_DBTC4_n_534                            | A ^ -> ZN v  | INV_X4    | 0.078 |   1.521 |    1.579 | 
     | datapath/g26480                                    | A2 v -> ZN ^ | AOI222_X1 | 0.246 |   1.767 |    1.825 | 
     | datapath/FE_OFC155_LT_TC_OP_n_16                   | A ^ -> Z ^   | BUF_X1    | 0.166 |   1.932 |    1.991 | 
     | datapath/LT_TC_OP_g1789                            | A ^ -> ZN v  | OAI211_X1 | 0.092 |   2.024 |    2.083 | 
     | datapath/LT_TC_OP_g1757                            | A2 v -> ZN ^ | AOI222_X1 | 0.277 |   2.301 |    2.359 | 
     | datapath/FE_RC_668_0                               | C2 ^ -> ZN v | OAI211_X1 | 0.126 |   2.427 |    2.485 | 
     | datapath/LT_TC_OP_g1747                            | C1 v -> ZN ^ | AOI221_X1 | 0.202 |   2.629 |    2.688 | 
     | datapath/FE_RC_400_0                               | C1 ^ -> ZN v | OAI221_X1 | 0.111 |   2.741 |    2.799 | 
     | datapath/LT_TC_OP_g1745                            | C1 v -> ZN ^ | AOI221_X1 | 0.195 |   2.936 |    2.994 | 
     | datapath/FE_OFC956_IFID_lessThan                   | A ^ -> Z ^   | BUF_X2    | 0.138 |   3.073 |    3.132 | 
     | datapath/g16081                                    | A1 ^ -> ZN ^ | AND2_X2   | 0.094 |   3.168 |    3.226 | 
     | datapath/g16079                                    | A1 ^ -> ZN ^ | OR2_X2    | 0.083 |   3.250 |    3.309 | 
     | datapath/branch_or_inc_4/FE_OFC853_IFID_takeBranch | A ^ -> Z ^   | BUF_X4    | 0.185 |   3.435 |    3.494 | 
     | datapath/branch_or_inc_4/g812__7410                | S ^ -> Z v   | MUX2_X1   | 0.248 |   3.683 |    3.741 | 
     | datapath/IF_pc_reg[18]                             | D v          | SDFFR_X1  | 0.000 |   3.683 |    3.741 | 
     +------------------------------------------------------------------------------------------------------------+ 
Path 14: MET Setup Check with Pin datapath/IF_pc_reg[5]/CK 
Endpoint:   datapath/IF_pc_reg[5]/D       (v) checked with  leading edge of 
'clk'
Beginpoint: datapath/IFID_instr_reg[17]/Q (^) triggered by  leading edge of 
'clk'
Path Groups: {reg2reg}
Analysis View: WC_VIEW
Other End Arrival Time         -0.014
- Setup                         0.245
+ Phase Shift                   4.100
+ CPPR Adjustment               0.000
- Uncertainty                   0.100
= Required Time                 3.742
- Arrival Time                  3.683
= Slack Time                    0.058
     Clock Rise Edge                 0.000
     + Clock Network Latency (Prop)  0.010
     = Beginpoint Arrival Time       0.010
     +------------------------------------------------------------------------------------------------------------+ 
     |                      Instance                      |     Arc      |   Cell    | Delay | Arrival | Required | 
     |                                                    |              |           |       |  Time   |   Time   | 
     |----------------------------------------------------+--------------+-----------+-------+---------+----------| 
     | datapath/IFID_instr_reg[17]                        | CK ^         |           |       |   0.010 |    0.068 | 
     | datapath/IFID_instr_reg[17]                        | CK ^ -> Q ^  | DFFR_X1   | 0.447 |   0.457 |    0.515 | 
     | datapath/FE_OFC241_IFID_rs1_2                      | A ^ -> Z ^   | BUF_X1    | 0.271 |   0.728 |    0.787 | 
     | datapath/g26897                                    | A ^ -> Z v   | XOR2_X1   | 0.075 |   0.803 |    0.861 | 
     | datapath/g26745                                    | A2 v -> ZN ^ | NOR3_X1   | 0.201 |   1.003 |    1.062 | 
     | datapath/g26732                                    | A1 ^ -> ZN ^ | AND4_X1   | 0.224 |   1.227 |    1.285 | 
     | datapath/g26724                                    | A1 ^ -> ZN v | NOR2_X1   | 0.042 |   1.269 |    1.327 | 
     | datapath/g26723                                    | A v -> ZN ^  | INV_X1    | 0.054 |   1.323 |    1.381 | 
     | datapath/g26716                                    | A2 ^ -> ZN ^ | OR3_X1    | 0.120 |   1.442 |    1.501 | 
     | datapath/FE_DBTC4_n_534                            | A ^ -> ZN v  | INV_X4    | 0.078 |   1.521 |    1.579 | 
     | datapath/g26480                                    | A2 v -> ZN ^ | AOI222_X1 | 0.246 |   1.767 |    1.825 | 
     | datapath/FE_OFC155_LT_TC_OP_n_16                   | A ^ -> Z ^   | BUF_X1    | 0.166 |   1.932 |    1.991 | 
     | datapath/LT_TC_OP_g1789                            | A ^ -> ZN v  | OAI211_X1 | 0.092 |   2.024 |    2.083 | 
     | datapath/LT_TC_OP_g1757                            | A2 v -> ZN ^ | AOI222_X1 | 0.277 |   2.301 |    2.360 | 
     | datapath/FE_RC_668_0                               | C2 ^ -> ZN v | OAI211_X1 | 0.126 |   2.427 |    2.485 | 
     | datapath/LT_TC_OP_g1747                            | C1 v -> ZN ^ | AOI221_X1 | 0.202 |   2.629 |    2.688 | 
     | datapath/FE_RC_400_0                               | C1 ^ -> ZN v | OAI221_X1 | 0.111 |   2.741 |    2.799 | 
     | datapath/LT_TC_OP_g1745                            | C1 v -> ZN ^ | AOI221_X1 | 0.195 |   2.936 |    2.994 | 
     | datapath/FE_OFC956_IFID_lessThan                   | A ^ -> Z ^   | BUF_X2    | 0.138 |   3.073 |    3.132 | 
     | datapath/g16081                                    | A1 ^ -> ZN ^ | AND2_X2   | 0.094 |   3.168 |    3.226 | 
     | datapath/g16079                                    | A1 ^ -> ZN ^ | OR2_X2    | 0.083 |   3.250 |    3.309 | 
     | datapath/branch_or_inc_4/FE_OFC853_IFID_takeBranch | A ^ -> Z ^   | BUF_X4    | 0.185 |   3.435 |    3.494 | 
     | datapath/branch_or_inc_4/g813__6417                | S ^ -> Z v   | MUX2_X1   | 0.248 |   3.683 |    3.742 | 
     | datapath/IF_pc_reg[5]                              | D v          | SDFFR_X1  | 0.000 |   3.683 |    3.742 | 
     +------------------------------------------------------------------------------------------------------------+ 
Path 15: MET Setup Check with Pin datapath/IF_pc_reg[11]/CK 
Endpoint:   datapath/IF_pc_reg[11]/D      (v) checked with  leading edge of 
'clk'
Beginpoint: datapath/IFID_instr_reg[17]/Q (^) triggered by  leading edge of 
'clk'
Path Groups: {reg2reg}
Analysis View: WC_VIEW
Other End Arrival Time         -0.013
- Setup                         0.244
+ Phase Shift                   4.100
+ CPPR Adjustment               0.000
- Uncertainty                   0.100
= Required Time                 3.742
- Arrival Time                  3.684
= Slack Time                    0.059
     Clock Rise Edge                 0.000
     + Clock Network Latency (Prop)  0.010
     = Beginpoint Arrival Time       0.010
     +------------------------------------------------------------------------------------------------------------+ 
     |                      Instance                      |     Arc      |   Cell    | Delay | Arrival | Required | 
     |                                                    |              |           |       |  Time   |   Time   | 
     |----------------------------------------------------+--------------+-----------+-------+---------+----------| 
     | datapath/IFID_instr_reg[17]                        | CK ^         |           |       |   0.010 |    0.069 | 
     | datapath/IFID_instr_reg[17]                        | CK ^ -> Q ^  | DFFR_X1   | 0.447 |   0.457 |    0.515 | 
     | datapath/FE_OFC241_IFID_rs1_2                      | A ^ -> Z ^   | BUF_X1    | 0.271 |   0.728 |    0.787 | 
     | datapath/g26897                                    | A ^ -> Z v   | XOR2_X1   | 0.075 |   0.803 |    0.862 | 
     | datapath/g26745                                    | A2 v -> ZN ^ | NOR3_X1   | 0.201 |   1.003 |    1.062 | 
     | datapath/g26732                                    | A1 ^ -> ZN ^ | AND4_X1   | 0.224 |   1.227 |    1.286 | 
     | datapath/g26724                                    | A1 ^ -> ZN v | NOR2_X1   | 0.042 |   1.269 |    1.327 | 
     | datapath/g26723                                    | A v -> ZN ^  | INV_X1    | 0.054 |   1.323 |    1.381 | 
     | datapath/g26716                                    | A2 ^ -> ZN ^ | OR3_X1    | 0.120 |   1.442 |    1.501 | 
     | datapath/FE_DBTC4_n_534                            | A ^ -> ZN v  | INV_X4    | 0.078 |   1.521 |    1.579 | 
     | datapath/g26480                                    | A2 v -> ZN ^ | AOI222_X1 | 0.246 |   1.767 |    1.825 | 
     | datapath/FE_OFC155_LT_TC_OP_n_16                   | A ^ -> Z ^   | BUF_X1    | 0.166 |   1.932 |    1.991 | 
     | datapath/LT_TC_OP_g1789                            | A ^ -> ZN v  | OAI211_X1 | 0.092 |   2.024 |    2.083 | 
     | datapath/LT_TC_OP_g1757                            | A2 v -> ZN ^ | AOI222_X1 | 0.277 |   2.301 |    2.360 | 
     | datapath/FE_RC_668_0                               | C2 ^ -> ZN v | OAI211_X1 | 0.126 |   2.427 |    2.486 | 
     | datapath/LT_TC_OP_g1747                            | C1 v -> ZN ^ | AOI221_X1 | 0.202 |   2.629 |    2.688 | 
     | datapath/FE_RC_400_0                               | C1 ^ -> ZN v | OAI221_X1 | 0.111 |   2.741 |    2.800 | 
     | datapath/LT_TC_OP_g1745                            | C1 v -> ZN ^ | AOI221_X1 | 0.195 |   2.936 |    2.994 | 
     | datapath/FE_OFC956_IFID_lessThan                   | A ^ -> Z ^   | BUF_X2    | 0.138 |   3.073 |    3.132 | 
     | datapath/g16081                                    | A1 ^ -> ZN ^ | AND2_X2   | 0.094 |   3.168 |    3.226 | 
     | datapath/g16079                                    | A1 ^ -> ZN ^ | OR2_X2    | 0.083 |   3.250 |    3.309 | 
     | datapath/branch_or_inc_4/FE_OFC853_IFID_takeBranch | A ^ -> Z ^   | BUF_X4    | 0.185 |   3.435 |    3.494 | 
     | datapath/branch_or_inc_4/g830__1881                | S ^ -> Z v   | MUX2_X1   | 0.248 |   3.684 |    3.742 | 
     | datapath/IF_pc_reg[11]                             | D v          | SDFFR_X1  | 0.000 |   3.684 |    3.742 | 
     +------------------------------------------------------------------------------------------------------------+ 
Path 16: MET Setup Check with Pin datapath/IF_pc_reg[7]/CK 
Endpoint:   datapath/IF_pc_reg[7]/D       (v) checked with  leading edge of 
'clk'
Beginpoint: datapath/IFID_instr_reg[17]/Q (^) triggered by  leading edge of 
'clk'
Path Groups: {reg2reg}
Analysis View: WC_VIEW
Other End Arrival Time         -0.014
- Setup                         0.244
+ Phase Shift                   4.100
+ CPPR Adjustment               0.000
- Uncertainty                   0.100
= Required Time                 3.742
- Arrival Time                  3.682
= Slack Time                    0.060
     Clock Rise Edge                 0.000
     + Clock Network Latency (Prop)  0.010
     = Beginpoint Arrival Time       0.010
     +------------------------------------------------------------------------------------------------------------+ 
     |                      Instance                      |     Arc      |   Cell    | Delay | Arrival | Required | 
     |                                                    |              |           |       |  Time   |   Time   | 
     |----------------------------------------------------+--------------+-----------+-------+---------+----------| 
     | datapath/IFID_instr_reg[17]                        | CK ^         |           |       |   0.010 |    0.070 | 
     | datapath/IFID_instr_reg[17]                        | CK ^ -> Q ^  | DFFR_X1   | 0.447 |   0.457 |    0.517 | 
     | datapath/FE_OFC241_IFID_rs1_2                      | A ^ -> Z ^   | BUF_X1    | 0.271 |   0.728 |    0.788 | 
     | datapath/g26897                                    | A ^ -> Z v   | XOR2_X1   | 0.075 |   0.803 |    0.863 | 
     | datapath/g26745                                    | A2 v -> ZN ^ | NOR3_X1   | 0.201 |   1.003 |    1.063 | 
     | datapath/g26732                                    | A1 ^ -> ZN ^ | AND4_X1   | 0.224 |   1.227 |    1.287 | 
     | datapath/g26724                                    | A1 ^ -> ZN v | NOR2_X1   | 0.042 |   1.269 |    1.329 | 
     | datapath/g26723                                    | A v -> ZN ^  | INV_X1    | 0.054 |   1.323 |    1.383 | 
     | datapath/g26716                                    | A2 ^ -> ZN ^ | OR3_X1    | 0.120 |   1.442 |    1.502 | 
     | datapath/FE_DBTC4_n_534                            | A ^ -> ZN v  | INV_X4    | 0.078 |   1.521 |    1.581 | 
     | datapath/g26480                                    | A2 v -> ZN ^ | AOI222_X1 | 0.246 |   1.767 |    1.827 | 
     | datapath/FE_OFC155_LT_TC_OP_n_16                   | A ^ -> Z ^   | BUF_X1    | 0.166 |   1.932 |    1.992 | 
     | datapath/LT_TC_OP_g1789                            | A ^ -> ZN v  | OAI211_X1 | 0.092 |   2.024 |    2.084 | 
     | datapath/LT_TC_OP_g1757                            | A2 v -> ZN ^ | AOI222_X1 | 0.277 |   2.301 |    2.361 | 
     | datapath/FE_RC_668_0                               | C2 ^ -> ZN v | OAI211_X1 | 0.126 |   2.427 |    2.487 | 
     | datapath/LT_TC_OP_g1747                            | C1 v -> ZN ^ | AOI221_X1 | 0.202 |   2.629 |    2.689 | 
     | datapath/FE_RC_400_0                               | C1 ^ -> ZN v | OAI221_X1 | 0.111 |   2.741 |    2.801 | 
     | datapath/LT_TC_OP_g1745                            | C1 v -> ZN ^ | AOI221_X1 | 0.195 |   2.936 |    2.996 | 
     | datapath/FE_OFC956_IFID_lessThan                   | A ^ -> Z ^   | BUF_X2    | 0.138 |   3.073 |    3.133 | 
     | datapath/g16081                                    | A1 ^ -> ZN ^ | AND2_X2   | 0.094 |   3.168 |    3.228 | 
     | datapath/g16079                                    | A1 ^ -> ZN ^ | OR2_X2    | 0.083 |   3.250 |    3.310 | 
     | datapath/branch_or_inc_4/FE_OFC853_IFID_takeBranch | A ^ -> Z ^   | BUF_X4    | 0.185 |   3.435 |    3.496 | 
     | datapath/branch_or_inc_4/g838__2346                | S ^ -> Z v   | MUX2_X1   | 0.246 |   3.682 |    3.742 | 
     | datapath/IF_pc_reg[7]                              | D v          | SDFFR_X1  | 0.000 |   3.682 |    3.742 | 
     +------------------------------------------------------------------------------------------------------------+ 
Path 17: MET Setup Check with Pin datapath/IF_pc_reg[27]/CK 
Endpoint:   datapath/IF_pc_reg[27]/D      (^) checked with  leading edge of 
'clk'
Beginpoint: datapath/IFID_instr_reg[17]/Q (^) triggered by  leading edge of 
'clk'
Path Groups: {reg2reg}
Analysis View: WC_VIEW
Other End Arrival Time          0.000
- Setup                         0.214
+ Phase Shift                   4.100
+ CPPR Adjustment               0.000
- Uncertainty                   0.100
= Required Time                 3.786
- Arrival Time                  3.726
= Slack Time                    0.060
     Clock Rise Edge                 0.000
     + Clock Network Latency (Prop)  0.010
     = Beginpoint Arrival Time       0.010
     +------------------------------------------------------------------------------------------------------------+ 
     |                      Instance                      |     Arc      |   Cell    | Delay | Arrival | Required | 
     |                                                    |              |           |       |  Time   |   Time   | 
     |----------------------------------------------------+--------------+-----------+-------+---------+----------| 
     | datapath/IFID_instr_reg[17]                        | CK ^         |           |       |   0.010 |    0.070 | 
     | datapath/IFID_instr_reg[17]                        | CK ^ -> Q ^  | DFFR_X1   | 0.447 |   0.457 |    0.517 | 
     | datapath/FE_OFC241_IFID_rs1_2                      | A ^ -> Z ^   | BUF_X1    | 0.271 |   0.728 |    0.788 | 
     | datapath/g26897                                    | A ^ -> Z v   | XOR2_X1   | 0.075 |   0.803 |    0.863 | 
     | datapath/g26745                                    | A2 v -> ZN ^ | NOR3_X1   | 0.201 |   1.003 |    1.064 | 
     | datapath/g26732                                    | A1 ^ -> ZN ^ | AND4_X1   | 0.224 |   1.227 |    1.287 | 
     | datapath/g26729                                    | A ^ -> ZN v  | INV_X1    | 0.025 |   1.252 |    1.313 | 
     | datapath/g26725                                    | A1 v -> ZN v | OR2_X1    | 0.179 |   1.431 |    1.491 | 
     | datapath/g26715                                    | B2 v -> ZN ^ | AOI21_X1  | 0.158 |   1.589 |    1.649 | 
     | datapath/FE_OFC228_n_702                           | A ^ -> Z ^   | BUF_X4    | 0.160 |   1.749 |    1.810 | 
     | datapath/FE_OFC229_n_702                           | A ^ -> ZN v  | INV_X4    | 0.081 |   1.830 |    1.890 | 
     | datapath/FE_RC_667_0                               | C1 v -> ZN ^ | OAI221_X1 | 0.199 |   2.029 |    2.089 | 
     | datapath/LT_TC_OP_g1833                            | A ^ -> ZN v  | INV_X1    | 0.053 |   2.082 |    2.142 | 
     | datapath/LT_TC_OP_g1804                            | A1 v -> ZN v | AND2_X1   | 0.117 |   2.199 |    2.259 | 
     | datapath/LT_TC_OP_g1781                            | A v -> ZN ^  | AOI21_X1  | 0.188 |   2.387 |    2.447 | 
     | datapath/LT_TC_OP_g1776                            | A ^ -> ZN v  | INV_X1    | 0.039 |   2.426 |    2.487 | 
     | datapath/LT_TC_OP_g1765                            | B v -> ZN ^  | AOI211_X1 | 0.260 |   2.687 |    2.747 | 
     | datapath/LT_TC_OP_g1747                            | C2 ^ -> ZN v | AOI221_X1 | 0.081 |   2.768 |    2.828 | 
     | datapath/FE_RC_400_0                               | C1 v -> ZN ^ | OAI221_X1 | 0.129 |   2.897 |    2.957 | 
     | datapath/LT_TC_OP_g1745                            | C1 ^ -> ZN v | AOI221_X1 | 0.072 |   2.968 |    3.029 | 
     | datapath/FE_OFC956_IFID_lessThan                   | A v -> Z v   | BUF_X2    | 0.119 |   3.088 |    3.148 | 
     | datapath/g16081                                    | A1 v -> ZN v | AND2_X2   | 0.087 |   3.175 |    3.235 | 
     | datapath/g16079                                    | A1 v -> ZN v | OR2_X2    | 0.167 |   3.342 |    3.402 | 
     | datapath/branch_or_inc_4/FE_OFC853_IFID_takeBranch | A v -> Z v   | BUF_X4    | 0.126 |   3.467 |    3.528 | 
     | datapath/branch_or_inc_4/FE_OFC855_IFID_takeBranch | A v -> ZN ^  | INV_X1    | 0.140 |   3.608 |    3.668 | 
     | datapath/branch_or_inc_4/g843__2398                | A2 ^ -> ZN v | NAND2_X1  | 0.062 |   3.670 |    3.730 | 
     | datapath/branch_or_inc_4/g821__6783                | A2 v -> ZN ^ | NAND2_X1  | 0.056 |   3.726 |    3.786 | 
     | datapath/IF_pc_reg[27]                             | D ^          | SDFFR_X1  | 0.000 |   3.726 |    3.786 | 
     +------------------------------------------------------------------------------------------------------------+ 
Path 18: MET Setup Check with Pin datapath/IF_pc_reg[8]/CK 
Endpoint:   datapath/IF_pc_reg[8]/D       (v) checked with  leading edge of 
'clk'
Beginpoint: datapath/IFID_instr_reg[17]/Q (^) triggered by  leading edge of 
'clk'
Path Groups: {reg2reg}
Analysis View: WC_VIEW
Other End Arrival Time         -0.013
- Setup                         0.244
+ Phase Shift                   4.100
+ CPPR Adjustment               0.000
- Uncertainty                   0.100
= Required Time                 3.742
- Arrival Time                  3.682
= Slack Time                    0.060
     Clock Rise Edge                 0.000
     + Clock Network Latency (Prop)  0.010
     = Beginpoint Arrival Time       0.010
     +------------------------------------------------------------------------------------------------------------+ 
     |                      Instance                      |     Arc      |   Cell    | Delay | Arrival | Required | 
     |                                                    |              |           |       |  Time   |   Time   | 
     |----------------------------------------------------+--------------+-----------+-------+---------+----------| 
     | datapath/IFID_instr_reg[17]                        | CK ^         |           |       |   0.010 |    0.070 | 
     | datapath/IFID_instr_reg[17]                        | CK ^ -> Q ^  | DFFR_X1   | 0.447 |   0.457 |    0.517 | 
     | datapath/FE_OFC241_IFID_rs1_2                      | A ^ -> Z ^   | BUF_X1    | 0.271 |   0.728 |    0.788 | 
     | datapath/g26897                                    | A ^ -> Z v   | XOR2_X1   | 0.075 |   0.803 |    0.863 | 
     | datapath/g26745                                    | A2 v -> ZN ^ | NOR3_X1   | 0.201 |   1.003 |    1.064 | 
     | datapath/g26732                                    | A1 ^ -> ZN ^ | AND4_X1   | 0.224 |   1.227 |    1.287 | 
     | datapath/g26724                                    | A1 ^ -> ZN v | NOR2_X1   | 0.042 |   1.269 |    1.329 | 
     | datapath/g26723                                    | A v -> ZN ^  | INV_X1    | 0.054 |   1.323 |    1.383 | 
     | datapath/g26716                                    | A2 ^ -> ZN ^ | OR3_X1    | 0.120 |   1.442 |    1.503 | 
     | datapath/FE_DBTC4_n_534                            | A ^ -> ZN v  | INV_X4    | 0.078 |   1.521 |    1.581 | 
     | datapath/g26480                                    | A2 v -> ZN ^ | AOI222_X1 | 0.246 |   1.767 |    1.827 | 
     | datapath/FE_OFC155_LT_TC_OP_n_16                   | A ^ -> Z ^   | BUF_X1    | 0.166 |   1.932 |    1.993 | 
     | datapath/LT_TC_OP_g1789                            | A ^ -> ZN v  | OAI211_X1 | 0.092 |   2.024 |    2.085 | 
     | datapath/LT_TC_OP_g1757                            | A2 v -> ZN ^ | AOI222_X1 | 0.277 |   2.301 |    2.361 | 
     | datapath/FE_RC_668_0                               | C2 ^ -> ZN v | OAI211_X1 | 0.126 |   2.427 |    2.487 | 
     | datapath/LT_TC_OP_g1747                            | C1 v -> ZN ^ | AOI221_X1 | 0.202 |   2.629 |    2.690 | 
     | datapath/FE_RC_400_0                               | C1 ^ -> ZN v | OAI221_X1 | 0.111 |   2.741 |    2.801 | 
     | datapath/LT_TC_OP_g1745                            | C1 v -> ZN ^ | AOI221_X1 | 0.195 |   2.936 |    2.996 | 
     | datapath/FE_OFC956_IFID_lessThan                   | A ^ -> Z ^   | BUF_X2    | 0.138 |   3.073 |    3.134 | 
     | datapath/g16081                                    | A1 ^ -> ZN ^ | AND2_X2   | 0.094 |   3.168 |    3.228 | 
     | datapath/g16079                                    | A1 ^ -> ZN ^ | OR2_X2    | 0.083 |   3.250 |    3.311 | 
     | datapath/branch_or_inc_4/FE_OFC853_IFID_takeBranch | A ^ -> Z ^   | BUF_X4    | 0.185 |   3.435 |    3.496 | 
     | datapath/branch_or_inc_4/g836__9945                | S ^ -> Z v   | MUX2_X1   | 0.247 |   3.682 |    3.742 | 
     | datapath/IF_pc_reg[8]                              | D v          | SDFFR_X1  | 0.000 |   3.682 |    3.742 | 
     +------------------------------------------------------------------------------------------------------------+ 
Path 19: MET Setup Check with Pin datapath/IF_pc_reg[6]/CK 
Endpoint:   datapath/IF_pc_reg[6]/D       (v) checked with  leading edge of 
'clk'
Beginpoint: datapath/IFID_instr_reg[17]/Q (^) triggered by  leading edge of 
'clk'
Path Groups: {reg2reg}
Analysis View: WC_VIEW
Other End Arrival Time         -0.014
- Setup                         0.244
+ Phase Shift                   4.100
+ CPPR Adjustment               0.000
- Uncertainty                   0.100
= Required Time                 3.742
- Arrival Time                  3.681
= Slack Time                    0.061
     Clock Rise Edge                 0.000
     + Clock Network Latency (Prop)  0.010
     = Beginpoint Arrival Time       0.010
     +------------------------------------------------------------------------------------------------------------+ 
     |                      Instance                      |     Arc      |   Cell    | Delay | Arrival | Required | 
     |                                                    |              |           |       |  Time   |   Time   | 
     |----------------------------------------------------+--------------+-----------+-------+---------+----------| 
     | datapath/IFID_instr_reg[17]                        | CK ^         |           |       |   0.010 |    0.070 | 
     | datapath/IFID_instr_reg[17]                        | CK ^ -> Q ^  | DFFR_X1   | 0.447 |   0.457 |    0.517 | 
     | datapath/FE_OFC241_IFID_rs1_2                      | A ^ -> Z ^   | BUF_X1    | 0.271 |   0.728 |    0.789 | 
     | datapath/g26897                                    | A ^ -> Z v   | XOR2_X1   | 0.075 |   0.803 |    0.863 | 
     | datapath/g26745                                    | A2 v -> ZN ^ | NOR3_X1   | 0.201 |   1.003 |    1.064 | 
     | datapath/g26732                                    | A1 ^ -> ZN ^ | AND4_X1   | 0.224 |   1.227 |    1.287 | 
     | datapath/g26724                                    | A1 ^ -> ZN v | NOR2_X1   | 0.042 |   1.269 |    1.329 | 
     | datapath/g26723                                    | A v -> ZN ^  | INV_X1    | 0.054 |   1.323 |    1.383 | 
     | datapath/g26716                                    | A2 ^ -> ZN ^ | OR3_X1    | 0.120 |   1.442 |    1.503 | 
     | datapath/FE_DBTC4_n_534                            | A ^ -> ZN v  | INV_X4    | 0.078 |   1.521 |    1.581 | 
     | datapath/g26480                                    | A2 v -> ZN ^ | AOI222_X1 | 0.246 |   1.767 |    1.827 | 
     | datapath/FE_OFC155_LT_TC_OP_n_16                   | A ^ -> Z ^   | BUF_X1    | 0.166 |   1.932 |    1.993 | 
     | datapath/LT_TC_OP_g1789                            | A ^ -> ZN v  | OAI211_X1 | 0.092 |   2.024 |    2.085 | 
     | datapath/LT_TC_OP_g1757                            | A2 v -> ZN ^ | AOI222_X1 | 0.277 |   2.301 |    2.362 | 
     | datapath/FE_RC_668_0                               | C2 ^ -> ZN v | OAI211_X1 | 0.126 |   2.427 |    2.487 | 
     | datapath/LT_TC_OP_g1747                            | C1 v -> ZN ^ | AOI221_X1 | 0.202 |   2.629 |    2.690 | 
     | datapath/FE_RC_400_0                               | C1 ^ -> ZN v | OAI221_X1 | 0.111 |   2.741 |    2.801 | 
     | datapath/LT_TC_OP_g1745                            | C1 v -> ZN ^ | AOI221_X1 | 0.195 |   2.936 |    2.996 | 
     | datapath/FE_OFC956_IFID_lessThan                   | A ^ -> Z ^   | BUF_X2    | 0.138 |   3.073 |    3.134 | 
     | datapath/g16081                                    | A1 ^ -> ZN ^ | AND2_X2   | 0.094 |   3.168 |    3.228 | 
     | datapath/g16079                                    | A1 ^ -> ZN ^ | OR2_X2    | 0.083 |   3.250 |    3.311 | 
     | datapath/branch_or_inc_4/FE_OFC853_IFID_takeBranch | A ^ -> Z ^   | BUF_X4    | 0.185 |   3.435 |    3.496 | 
     | datapath/branch_or_inc_4/g824__2802                | S ^ -> Z v   | MUX2_X1   | 0.246 |   3.681 |    3.742 | 
     | datapath/IF_pc_reg[6]                              | D v          | SDFFR_X1  | 0.000 |   3.681 |    3.742 | 
     +------------------------------------------------------------------------------------------------------------+ 
Path 20: MET Setup Check with Pin datapath/IF_pc_reg[16]/CK 
Endpoint:   datapath/IF_pc_reg[16]/D      (v) checked with  leading edge of 
'clk'
Beginpoint: datapath/IFID_instr_reg[17]/Q (^) triggered by  leading edge of 
'clk'
Path Groups: {reg2reg}
Analysis View: WC_VIEW
Other End Arrival Time         -0.014
- Setup                         0.244
+ Phase Shift                   4.100
+ CPPR Adjustment               0.000
- Uncertainty                   0.100
= Required Time                 3.742
- Arrival Time                  3.680
= Slack Time                    0.062
     Clock Rise Edge                 0.000
     + Clock Network Latency (Prop)  0.010
     = Beginpoint Arrival Time       0.010
     +------------------------------------------------------------------------------------------------------------+ 
     |                      Instance                      |     Arc      |   Cell    | Delay | Arrival | Required | 
     |                                                    |              |           |       |  Time   |   Time   | 
     |----------------------------------------------------+--------------+-----------+-------+---------+----------| 
     | datapath/IFID_instr_reg[17]                        | CK ^         |           |       |   0.010 |    0.071 | 
     | datapath/IFID_instr_reg[17]                        | CK ^ -> Q ^  | DFFR_X1   | 0.447 |   0.457 |    0.518 | 
     | datapath/FE_OFC241_IFID_rs1_2                      | A ^ -> Z ^   | BUF_X1    | 0.271 |   0.728 |    0.790 | 
     | datapath/g26897                                    | A ^ -> Z v   | XOR2_X1   | 0.075 |   0.803 |    0.864 | 
     | datapath/g26745                                    | A2 v -> ZN ^ | NOR3_X1   | 0.201 |   1.003 |    1.065 | 
     | datapath/g26732                                    | A1 ^ -> ZN ^ | AND4_X1   | 0.224 |   1.227 |    1.288 | 
     | datapath/g26724                                    | A1 ^ -> ZN v | NOR2_X1   | 0.042 |   1.269 |    1.330 | 
     | datapath/g26723                                    | A v -> ZN ^  | INV_X1    | 0.054 |   1.323 |    1.384 | 
     | datapath/g26716                                    | A2 ^ -> ZN ^ | OR3_X1    | 0.120 |   1.442 |    1.504 | 
     | datapath/FE_DBTC4_n_534                            | A ^ -> ZN v  | INV_X4    | 0.078 |   1.521 |    1.582 | 
     | datapath/g26480                                    | A2 v -> ZN ^ | AOI222_X1 | 0.246 |   1.767 |    1.828 | 
     | datapath/FE_OFC155_LT_TC_OP_n_16                   | A ^ -> Z ^   | BUF_X1    | 0.166 |   1.932 |    1.994 | 
     | datapath/LT_TC_OP_g1789                            | A ^ -> ZN v  | OAI211_X1 | 0.092 |   2.024 |    2.086 | 
     | datapath/LT_TC_OP_g1757                            | A2 v -> ZN ^ | AOI222_X1 | 0.277 |   2.301 |    2.363 | 
     | datapath/FE_RC_668_0                               | C2 ^ -> ZN v | OAI211_X1 | 0.126 |   2.427 |    2.488 | 
     | datapath/LT_TC_OP_g1747                            | C1 v -> ZN ^ | AOI221_X1 | 0.202 |   2.629 |    2.691 | 
     | datapath/FE_RC_400_0                               | C1 ^ -> ZN v | OAI221_X1 | 0.111 |   2.741 |    2.802 | 
     | datapath/LT_TC_OP_g1745                            | C1 v -> ZN ^ | AOI221_X1 | 0.195 |   2.936 |    2.997 | 
     | datapath/FE_OFC956_IFID_lessThan                   | A ^ -> Z ^   | BUF_X2    | 0.138 |   3.073 |    3.135 | 
     | datapath/g16081                                    | A1 ^ -> ZN ^ | AND2_X2   | 0.094 |   3.168 |    3.229 | 
     | datapath/g16079                                    | A1 ^ -> ZN ^ | OR2_X2    | 0.083 |   3.250 |    3.312 | 
     | datapath/branch_or_inc_4/FE_OFC853_IFID_takeBranch | A ^ -> Z ^   | BUF_X4    | 0.185 |   3.435 |    3.497 | 
     | datapath/branch_or_inc_4/g819__8428                | S ^ -> Z v   | MUX2_X1   | 0.245 |   3.680 |    3.742 | 
     | datapath/IF_pc_reg[16]                             | D v          | SDFFR_X1  | 0.000 |   3.680 |    3.742 | 
     +------------------------------------------------------------------------------------------------------------+ 
Path 21: MET Setup Check with Pin datapath/IF_pc_reg[28]/CK 
Endpoint:   datapath/IF_pc_reg[28]/D      (^) checked with  leading edge of 
'clk'
Beginpoint: datapath/IFID_instr_reg[17]/Q (^) triggered by  leading edge of 
'clk'
Path Groups: {reg2reg}
Analysis View: WC_VIEW
Other End Arrival Time         -0.000
- Setup                         0.087
+ Phase Shift                   4.100
+ CPPR Adjustment               0.000
- Uncertainty                   0.100
= Required Time                 3.913
- Arrival Time                  3.848
= Slack Time                    0.064
     Clock Rise Edge                 0.000
     + Clock Network Latency (Prop)  0.010
     = Beginpoint Arrival Time       0.010
     +------------------------------------------------------------------------------------------------------------+ 
     |                      Instance                      |     Arc      |   Cell    | Delay | Arrival | Required | 
     |                                                    |              |           |       |  Time   |   Time   | 
     |----------------------------------------------------+--------------+-----------+-------+---------+----------| 
     | datapath/IFID_instr_reg[17]                        | CK ^         |           |       |   0.010 |    0.074 | 
     | datapath/IFID_instr_reg[17]                        | CK ^ -> Q ^  | DFFR_X1   | 0.447 |   0.457 |    0.521 | 
     | datapath/FE_OFC241_IFID_rs1_2                      | A ^ -> Z ^   | BUF_X1    | 0.271 |   0.728 |    0.792 | 
     | datapath/g26897                                    | A ^ -> Z v   | XOR2_X1   | 0.075 |   0.803 |    0.867 | 
     | datapath/g26745                                    | A2 v -> ZN ^ | NOR3_X1   | 0.201 |   1.003 |    1.068 | 
     | datapath/g26732                                    | A1 ^ -> ZN ^ | AND4_X1   | 0.224 |   1.227 |    1.291 | 
     | datapath/g26729                                    | A ^ -> ZN v  | INV_X1    | 0.025 |   1.252 |    1.317 | 
     | datapath/g26725                                    | A1 v -> ZN v | OR2_X1    | 0.179 |   1.431 |    1.495 | 
     | datapath/g26715                                    | B2 v -> ZN ^ | AOI21_X1  | 0.158 |   1.589 |    1.653 | 
     | datapath/FE_OFC228_n_702                           | A ^ -> Z ^   | BUF_X4    | 0.160 |   1.749 |    1.814 | 
     | datapath/FE_OFC229_n_702                           | A ^ -> ZN v  | INV_X4    | 0.081 |   1.830 |    1.894 | 
     | datapath/FE_RC_667_0                               | C1 v -> ZN ^ | OAI221_X1 | 0.199 |   2.029 |    2.093 | 
     | datapath/LT_TC_OP_g1833                            | A ^ -> ZN v  | INV_X1    | 0.053 |   2.082 |    2.146 | 
     | datapath/LT_TC_OP_g1804                            | A1 v -> ZN v | AND2_X1   | 0.117 |   2.199 |    2.263 | 
     | datapath/LT_TC_OP_g1781                            | A v -> ZN ^  | AOI21_X1  | 0.188 |   2.387 |    2.451 | 
     | datapath/LT_TC_OP_g1776                            | A ^ -> ZN v  | INV_X1    | 0.039 |   2.426 |    2.491 | 
     | datapath/LT_TC_OP_g1765                            | B v -> ZN ^  | AOI211_X1 | 0.260 |   2.687 |    2.751 | 
     | datapath/LT_TC_OP_g1747                            | C2 ^ -> ZN v | AOI221_X1 | 0.081 |   2.768 |    2.832 | 
     | datapath/FE_RC_400_0                               | C1 v -> ZN ^ | OAI221_X1 | 0.129 |   2.897 |    2.961 | 
     | datapath/LT_TC_OP_g1745                            | C1 ^ -> ZN v | AOI221_X1 | 0.072 |   2.968 |    3.033 | 
     | datapath/FE_OFC956_IFID_lessThan                   | A v -> Z v   | BUF_X2    | 0.119 |   3.088 |    3.152 | 
     | datapath/g16081                                    | A1 v -> ZN v | AND2_X2   | 0.087 |   3.175 |    3.239 | 
     | datapath/g16079                                    | A1 v -> ZN v | OR2_X2    | 0.167 |   3.342 |    3.406 | 
     | datapath/branch_or_inc_4/FE_OFC853_IFID_takeBranch | A v -> Z v   | BUF_X4    | 0.126 |   3.467 |    3.532 | 
     | datapath/branch_or_inc_4/FE_OFC855_IFID_takeBranch | A v -> ZN ^  | INV_X1    | 0.140 |   3.608 |    3.672 | 
     | datapath/branch_or_inc_4/g841__6417                | A2 ^ -> ZN v | NAND2_X1  | 0.061 |   3.669 |    3.734 | 
     | datapath/branch_or_inc_4/g810__2346                | A2 v -> ZN ^ | NAND2_X1  | 0.059 |   3.729 |    3.793 | 
     | datapath/g35737                                    | A ^ -> ZN v  | INV_X1    | 0.024 |   3.753 |    3.817 | 
     | datapath/g35643                                    | B1 v -> ZN ^ | OAI21_X1  | 0.095 |   3.848 |    3.912 | 
     | datapath/IF_pc_reg[28]                             | D ^          | DFFR_X1   | 0.000 |   3.848 |    3.913 | 
     +------------------------------------------------------------------------------------------------------------+ 
Path 22: MET Setup Check with Pin datapath/IF_pc_reg[3]/CK 
Endpoint:   datapath/IF_pc_reg[3]/D       (v) checked with  leading edge of 
'clk'
Beginpoint: datapath/IFID_instr_reg[17]/Q (^) triggered by  leading edge of 
'clk'
Path Groups: {reg2reg}
Analysis View: WC_VIEW
Other End Arrival Time         -0.027
- Setup                         0.241
+ Phase Shift                   4.100
+ CPPR Adjustment               0.000
- Uncertainty                   0.100
= Required Time                 3.732
- Arrival Time                  3.666
= Slack Time                    0.066
     Clock Rise Edge                 0.000
     + Clock Network Latency (Prop)  0.010
     = Beginpoint Arrival Time       0.010
     +------------------------------------------------------------------------------------------------------------+ 
     |                      Instance                      |     Arc      |   Cell    | Delay | Arrival | Required | 
     |                                                    |              |           |       |  Time   |   Time   | 
     |----------------------------------------------------+--------------+-----------+-------+---------+----------| 
     | datapath/IFID_instr_reg[17]                        | CK ^         |           |       |   0.010 |    0.076 | 
     | datapath/IFID_instr_reg[17]                        | CK ^ -> Q ^  | DFFR_X1   | 0.447 |   0.457 |    0.523 | 
     | datapath/FE_OFC241_IFID_rs1_2                      | A ^ -> Z ^   | BUF_X1    | 0.271 |   0.728 |    0.794 | 
     | datapath/g26897                                    | A ^ -> Z v   | XOR2_X1   | 0.075 |   0.803 |    0.869 | 
     | datapath/g26745                                    | A2 v -> ZN ^ | NOR3_X1   | 0.201 |   1.003 |    1.069 | 
     | datapath/g26732                                    | A1 ^ -> ZN ^ | AND4_X1   | 0.224 |   1.227 |    1.293 | 
     | datapath/g26724                                    | A1 ^ -> ZN v | NOR2_X1   | 0.042 |   1.269 |    1.335 | 
     | datapath/g26723                                    | A v -> ZN ^  | INV_X1    | 0.054 |   1.323 |    1.389 | 
     | datapath/g26716                                    | A2 ^ -> ZN ^ | OR3_X1    | 0.120 |   1.442 |    1.508 | 
     | datapath/FE_DBTC4_n_534                            | A ^ -> ZN v  | INV_X4    | 0.078 |   1.521 |    1.587 | 
     | datapath/g26480                                    | A2 v -> ZN ^ | AOI222_X1 | 0.246 |   1.767 |    1.833 | 
     | datapath/FE_OFC155_LT_TC_OP_n_16                   | A ^ -> Z ^   | BUF_X1    | 0.166 |   1.932 |    1.998 | 
     | datapath/LT_TC_OP_g1789                            | A ^ -> ZN v  | OAI211_X1 | 0.092 |   2.024 |    2.090 | 
     | datapath/LT_TC_OP_g1757                            | A2 v -> ZN ^ | AOI222_X1 | 0.277 |   2.301 |    2.367 | 
     | datapath/FE_RC_668_0                               | C2 ^ -> ZN v | OAI211_X1 | 0.126 |   2.427 |    2.493 | 
     | datapath/LT_TC_OP_g1747                            | C1 v -> ZN ^ | AOI221_X1 | 0.202 |   2.629 |    2.695 | 
     | datapath/FE_RC_400_0                               | C1 ^ -> ZN v | OAI221_X1 | 0.111 |   2.741 |    2.807 | 
     | datapath/LT_TC_OP_g1745                            | C1 v -> ZN ^ | AOI221_X1 | 0.195 |   2.936 |    3.002 | 
     | datapath/FE_OFC956_IFID_lessThan                   | A ^ -> Z ^   | BUF_X2    | 0.138 |   3.073 |    3.139 | 
     | datapath/g16081                                    | A1 ^ -> ZN ^ | AND2_X2   | 0.094 |   3.168 |    3.234 | 
     | datapath/g16079                                    | A1 ^ -> ZN ^ | OR2_X2    | 0.083 |   3.250 |    3.316 | 
     | datapath/branch_or_inc_4/FE_OFC854_IFID_takeBranch | A ^ -> Z ^   | BUF_X1    | 0.180 |   3.431 |    3.497 | 
     | datapath/branch_or_inc_4/g815__2398                | S ^ -> Z v   | MUX2_X1   | 0.236 |   3.666 |    3.732 | 
     | datapath/IF_pc_reg[3]                              | D v          | SDFFR_X1  | 0.000 |   3.666 |    3.732 | 
     +------------------------------------------------------------------------------------------------------------+ 
Path 23: MET Setup Check with Pin datapath/IF_pc_reg[1]/CK 
Endpoint:   datapath/IF_pc_reg[1]/D       (v) checked with  leading edge of 
'clk'
Beginpoint: datapath/IFID_instr_reg[17]/Q (^) triggered by  leading edge of 
'clk'
Path Groups: {reg2reg}
Analysis View: WC_VIEW
Other End Arrival Time         -0.027
- Setup                         0.241
+ Phase Shift                   4.100
+ CPPR Adjustment               0.000
- Uncertainty                   0.100
= Required Time                 3.733
- Arrival Time                  3.666
= Slack Time                    0.066
     Clock Rise Edge                 0.000
     + Clock Network Latency (Prop)  0.010
     = Beginpoint Arrival Time       0.010
     +------------------------------------------------------------------------------------------------------------+ 
     |                      Instance                      |     Arc      |   Cell    | Delay | Arrival | Required | 
     |                                                    |              |           |       |  Time   |   Time   | 
     |----------------------------------------------------+--------------+-----------+-------+---------+----------| 
     | datapath/IFID_instr_reg[17]                        | CK ^         |           |       |   0.010 |    0.076 | 
     | datapath/IFID_instr_reg[17]                        | CK ^ -> Q ^  | DFFR_X1   | 0.447 |   0.457 |    0.523 | 
     | datapath/FE_OFC241_IFID_rs1_2                      | A ^ -> Z ^   | BUF_X1    | 0.271 |   0.728 |    0.794 | 
     | datapath/g26897                                    | A ^ -> Z v   | XOR2_X1   | 0.075 |   0.803 |    0.869 | 
     | datapath/g26745                                    | A2 v -> ZN ^ | NOR3_X1   | 0.201 |   1.003 |    1.070 | 
     | datapath/g26732                                    | A1 ^ -> ZN ^ | AND4_X1   | 0.224 |   1.227 |    1.293 | 
     | datapath/g26724                                    | A1 ^ -> ZN v | NOR2_X1   | 0.042 |   1.269 |    1.335 | 
     | datapath/g26723                                    | A v -> ZN ^  | INV_X1    | 0.054 |   1.323 |    1.389 | 
     | datapath/g26716                                    | A2 ^ -> ZN ^ | OR3_X1    | 0.120 |   1.442 |    1.508 | 
     | datapath/FE_DBTC4_n_534                            | A ^ -> ZN v  | INV_X4    | 0.078 |   1.521 |    1.587 | 
     | datapath/g26480                                    | A2 v -> ZN ^ | AOI222_X1 | 0.246 |   1.767 |    1.833 | 
     | datapath/FE_OFC155_LT_TC_OP_n_16                   | A ^ -> Z ^   | BUF_X1    | 0.166 |   1.932 |    1.999 | 
     | datapath/LT_TC_OP_g1789                            | A ^ -> ZN v  | OAI211_X1 | 0.092 |   2.024 |    2.091 | 
     | datapath/LT_TC_OP_g1757                            | A2 v -> ZN ^ | AOI222_X1 | 0.277 |   2.301 |    2.367 | 
     | datapath/FE_RC_668_0                               | C2 ^ -> ZN v | OAI211_X1 | 0.126 |   2.427 |    2.493 | 
     | datapath/LT_TC_OP_g1747                            | C1 v -> ZN ^ | AOI221_X1 | 0.202 |   2.629 |    2.696 | 
     | datapath/FE_RC_400_0                               | C1 ^ -> ZN v | OAI221_X1 | 0.111 |   2.741 |    2.807 | 
     | datapath/LT_TC_OP_g1745                            | C1 v -> ZN ^ | AOI221_X1 | 0.195 |   2.936 |    3.002 | 
     | datapath/FE_OFC956_IFID_lessThan                   | A ^ -> Z ^   | BUF_X2    | 0.138 |   3.073 |    3.140 | 
     | datapath/g16081                                    | A1 ^ -> ZN ^ | AND2_X2   | 0.094 |   3.168 |    3.234 | 
     | datapath/g16079                                    | A1 ^ -> ZN ^ | OR2_X2    | 0.083 |   3.250 |    3.317 | 
     | datapath/branch_or_inc_4/FE_OFC854_IFID_takeBranch | A ^ -> Z ^   | BUF_X1    | 0.180 |   3.431 |    3.497 | 
     | datapath/branch_or_inc_4/g820__5526                | S ^ -> Z v   | MUX2_X1   | 0.236 |   3.666 |    3.733 | 
     | datapath/IF_pc_reg[1]                              | D v          | SDFFR_X1  | 0.000 |   3.666 |    3.733 | 
     +------------------------------------------------------------------------------------------------------------+ 
Path 24: MET Setup Check with Pin datapath/IF_pc_reg[4]/CK 
Endpoint:   datapath/IF_pc_reg[4]/D       (v) checked with  leading edge of 
'clk'
Beginpoint: datapath/IFID_instr_reg[17]/Q (^) triggered by  leading edge of 
'clk'
Path Groups: {reg2reg}
Analysis View: WC_VIEW
Other End Arrival Time         -0.027
- Setup                         0.241
+ Phase Shift                   4.100
+ CPPR Adjustment               0.000
- Uncertainty                   0.100
= Required Time                 3.732
- Arrival Time                  3.665
= Slack Time                    0.068
     Clock Rise Edge                 0.000
     + Clock Network Latency (Prop)  0.010
     = Beginpoint Arrival Time       0.010
     +------------------------------------------------------------------------------------------------------------+ 
     |                      Instance                      |     Arc      |   Cell    | Delay | Arrival | Required | 
     |                                                    |              |           |       |  Time   |   Time   | 
     |----------------------------------------------------+--------------+-----------+-------+---------+----------| 
     | datapath/IFID_instr_reg[17]                        | CK ^         |           |       |   0.010 |    0.078 | 
     | datapath/IFID_instr_reg[17]                        | CK ^ -> Q ^  | DFFR_X1   | 0.447 |   0.457 |    0.524 | 
     | datapath/FE_OFC241_IFID_rs1_2                      | A ^ -> Z ^   | BUF_X1    | 0.271 |   0.728 |    0.796 | 
     | datapath/g26897                                    | A ^ -> Z v   | XOR2_X1   | 0.075 |   0.803 |    0.870 | 
     | datapath/g26745                                    | A2 v -> ZN ^ | NOR3_X1   | 0.201 |   1.003 |    1.071 | 
     | datapath/g26732                                    | A1 ^ -> ZN ^ | AND4_X1   | 0.224 |   1.227 |    1.295 | 
     | datapath/g26724                                    | A1 ^ -> ZN v | NOR2_X1   | 0.042 |   1.269 |    1.336 | 
     | datapath/g26723                                    | A v -> ZN ^  | INV_X1    | 0.054 |   1.323 |    1.390 | 
     | datapath/g26716                                    | A2 ^ -> ZN ^ | OR3_X1    | 0.120 |   1.442 |    1.510 | 
     | datapath/FE_DBTC4_n_534                            | A ^ -> ZN v  | INV_X4    | 0.078 |   1.521 |    1.588 | 
     | datapath/g26480                                    | A2 v -> ZN ^ | AOI222_X1 | 0.246 |   1.767 |    1.834 | 
     | datapath/FE_OFC155_LT_TC_OP_n_16                   | A ^ -> Z ^   | BUF_X1    | 0.166 |   1.932 |    2.000 | 
     | datapath/LT_TC_OP_g1789                            | A ^ -> ZN v  | OAI211_X1 | 0.092 |   2.024 |    2.092 | 
     | datapath/LT_TC_OP_g1757                            | A2 v -> ZN ^ | AOI222_X1 | 0.277 |   2.301 |    2.369 | 
     | datapath/FE_RC_668_0                               | C2 ^ -> ZN v | OAI211_X1 | 0.126 |   2.427 |    2.495 | 
     | datapath/LT_TC_OP_g1747                            | C1 v -> ZN ^ | AOI221_X1 | 0.202 |   2.629 |    2.697 | 
     | datapath/FE_RC_400_0                               | C1 ^ -> ZN v | OAI221_X1 | 0.111 |   2.741 |    2.808 | 
     | datapath/LT_TC_OP_g1745                            | C1 v -> ZN ^ | AOI221_X1 | 0.195 |   2.936 |    3.003 | 
     | datapath/FE_OFC956_IFID_lessThan                   | A ^ -> Z ^   | BUF_X2    | 0.138 |   3.073 |    3.141 | 
     | datapath/g16081                                    | A1 ^ -> ZN ^ | AND2_X2   | 0.094 |   3.168 |    3.235 | 
     | datapath/g16079                                    | A1 ^ -> ZN ^ | OR2_X2    | 0.083 |   3.250 |    3.318 | 
     | datapath/branch_or_inc_4/FE_OFC854_IFID_takeBranch | A ^ -> Z ^   | BUF_X1    | 0.180 |   3.431 |    3.498 | 
     | datapath/branch_or_inc_4/g814__5477                | S ^ -> Z v   | MUX2_X1   | 0.234 |   3.665 |    3.732 | 
     | datapath/IF_pc_reg[4]                              | D v          | SDFFR_X1  | 0.000 |   3.665 |    3.732 | 
     +------------------------------------------------------------------------------------------------------------+ 
Path 25: MET Setup Check with Pin datapath/IF_pc_reg[2]/CK 
Endpoint:   datapath/IF_pc_reg[2]/D       (v) checked with  leading edge of 
'clk'
Beginpoint: datapath/IFID_instr_reg[17]/Q (^) triggered by  leading edge of 
'clk'
Path Groups: {reg2reg}
Analysis View: WC_VIEW
Other End Arrival Time         -0.027
- Setup                         0.241
+ Phase Shift                   4.100
+ CPPR Adjustment               0.000
- Uncertainty                   0.100
= Required Time                 3.733
- Arrival Time                  3.665
= Slack Time                    0.068
     Clock Rise Edge                 0.000
     + Clock Network Latency (Prop)  0.010
     = Beginpoint Arrival Time       0.010
     +------------------------------------------------------------------------------------------------------------+ 
     |                      Instance                      |     Arc      |   Cell    | Delay | Arrival | Required | 
     |                                                    |              |           |       |  Time   |   Time   | 
     |----------------------------------------------------+--------------+-----------+-------+---------+----------| 
     | datapath/IFID_instr_reg[17]                        | CK ^         |           |       |   0.010 |    0.078 | 
     | datapath/IFID_instr_reg[17]                        | CK ^ -> Q ^  | DFFR_X1   | 0.447 |   0.457 |    0.525 | 
     | datapath/FE_OFC241_IFID_rs1_2                      | A ^ -> Z ^   | BUF_X1    | 0.271 |   0.728 |    0.796 | 
     | datapath/g26897                                    | A ^ -> Z v   | XOR2_X1   | 0.075 |   0.803 |    0.871 | 
     | datapath/g26745                                    | A2 v -> ZN ^ | NOR3_X1   | 0.201 |   1.003 |    1.072 | 
     | datapath/g26732                                    | A1 ^ -> ZN ^ | AND4_X1   | 0.224 |   1.227 |    1.295 | 
     | datapath/g26724                                    | A1 ^ -> ZN v | NOR2_X1   | 0.042 |   1.269 |    1.337 | 
     | datapath/g26723                                    | A v -> ZN ^  | INV_X1    | 0.054 |   1.323 |    1.391 | 
     | datapath/g26716                                    | A2 ^ -> ZN ^ | OR3_X1    | 0.120 |   1.442 |    1.510 | 
     | datapath/FE_DBTC4_n_534                            | A ^ -> ZN v  | INV_X4    | 0.078 |   1.521 |    1.589 | 
     | datapath/g26480                                    | A2 v -> ZN ^ | AOI222_X1 | 0.246 |   1.767 |    1.835 | 
     | datapath/FE_OFC155_LT_TC_OP_n_16                   | A ^ -> Z ^   | BUF_X1    | 0.166 |   1.932 |    2.001 | 
     | datapath/LT_TC_OP_g1789                            | A ^ -> ZN v  | OAI211_X1 | 0.092 |   2.024 |    2.092 | 
     | datapath/LT_TC_OP_g1757                            | A2 v -> ZN ^ | AOI222_X1 | 0.277 |   2.301 |    2.369 | 
     | datapath/FE_RC_668_0                               | C2 ^ -> ZN v | OAI211_X1 | 0.126 |   2.427 |    2.495 | 
     | datapath/LT_TC_OP_g1747                            | C1 v -> ZN ^ | AOI221_X1 | 0.202 |   2.629 |    2.698 | 
     | datapath/FE_RC_400_0                               | C1 ^ -> ZN v | OAI221_X1 | 0.111 |   2.741 |    2.809 | 
     | datapath/LT_TC_OP_g1745                            | C1 v -> ZN ^ | AOI221_X1 | 0.195 |   2.936 |    3.004 | 
     | datapath/FE_OFC956_IFID_lessThan                   | A ^ -> Z ^   | BUF_X2    | 0.138 |   3.073 |    3.141 | 
     | datapath/g16081                                    | A1 ^ -> ZN ^ | AND2_X2   | 0.094 |   3.168 |    3.236 | 
     | datapath/g16079                                    | A1 ^ -> ZN ^ | OR2_X2    | 0.083 |   3.250 |    3.318 | 
     | datapath/branch_or_inc_4/FE_OFC854_IFID_takeBranch | A ^ -> Z ^   | BUF_X1    | 0.180 |   3.431 |    3.499 | 
     | datapath/branch_or_inc_4/g818__4319                | S ^ -> Z v   | MUX2_X1   | 0.234 |   3.665 |    3.733 | 
     | datapath/IF_pc_reg[2]                              | D v          | SDFFR_X1  | 0.000 |   3.665 |    3.733 | 
     +------------------------------------------------------------------------------------------------------------+ 
Path 26: MET Setup Check with Pin datapath/IF_pc_reg[19]/CK 
Endpoint:   datapath/IF_pc_reg[19]/D      (v) checked with  leading edge of 
'clk'
Beginpoint: datapath/IFID_instr_reg[17]/Q (^) triggered by  leading edge of 
'clk'
Path Groups: {reg2reg}
Analysis View: WC_VIEW
Other End Arrival Time         -0.001
- Setup                         0.244
+ Phase Shift                   4.100
+ CPPR Adjustment               0.000
- Uncertainty                   0.100
= Required Time                 3.755
- Arrival Time                  3.685
= Slack Time                    0.069
     Clock Rise Edge                 0.000
     + Clock Network Latency (Prop)  0.010
     = Beginpoint Arrival Time       0.010
     +------------------------------------------------------------------------------------------------------------+ 
     |                      Instance                      |     Arc      |   Cell    | Delay | Arrival | Required | 
     |                                                    |              |           |       |  Time   |   Time   | 
     |----------------------------------------------------+--------------+-----------+-------+---------+----------| 
     | datapath/IFID_instr_reg[17]                        | CK ^         |           |       |   0.010 |    0.079 | 
     | datapath/IFID_instr_reg[17]                        | CK ^ -> Q ^  | DFFR_X1   | 0.447 |   0.457 |    0.526 | 
     | datapath/FE_OFC241_IFID_rs1_2                      | A ^ -> Z ^   | BUF_X1    | 0.271 |   0.728 |    0.797 | 
     | datapath/g26897                                    | A ^ -> Z v   | XOR2_X1   | 0.075 |   0.803 |    0.872 | 
     | datapath/g26745                                    | A2 v -> ZN ^ | NOR3_X1   | 0.201 |   1.003 |    1.073 | 
     | datapath/g26732                                    | A1 ^ -> ZN ^ | AND4_X1   | 0.224 |   1.227 |    1.296 | 
     | datapath/g26724                                    | A1 ^ -> ZN v | NOR2_X1   | 0.042 |   1.269 |    1.338 | 
     | datapath/g26723                                    | A v -> ZN ^  | INV_X1    | 0.054 |   1.323 |    1.392 | 
     | datapath/g26716                                    | A2 ^ -> ZN ^ | OR3_X1    | 0.120 |   1.442 |    1.511 | 
     | datapath/FE_DBTC4_n_534                            | A ^ -> ZN v  | INV_X4    | 0.078 |   1.521 |    1.590 | 
     | datapath/g26480                                    | A2 v -> ZN ^ | AOI222_X1 | 0.246 |   1.767 |    1.836 | 
     | datapath/FE_OFC155_LT_TC_OP_n_16                   | A ^ -> Z ^   | BUF_X1    | 0.166 |   1.932 |    2.002 | 
     | datapath/LT_TC_OP_g1789                            | A ^ -> ZN v  | OAI211_X1 | 0.092 |   2.024 |    2.094 | 
     | datapath/LT_TC_OP_g1757                            | A2 v -> ZN ^ | AOI222_X1 | 0.277 |   2.301 |    2.370 | 
     | datapath/FE_RC_668_0                               | C2 ^ -> ZN v | OAI211_X1 | 0.126 |   2.427 |    2.496 | 
     | datapath/LT_TC_OP_g1747                            | C1 v -> ZN ^ | AOI221_X1 | 0.202 |   2.629 |    2.699 | 
     | datapath/FE_RC_400_0                               | C1 ^ -> ZN v | OAI221_X1 | 0.111 |   2.741 |    2.810 | 
     | datapath/LT_TC_OP_g1745                            | C1 v -> ZN ^ | AOI221_X1 | 0.195 |   2.936 |    3.005 | 
     | datapath/FE_OFC956_IFID_lessThan                   | A ^ -> Z ^   | BUF_X2    | 0.138 |   3.073 |    3.143 | 
     | datapath/g16081                                    | A1 ^ -> ZN ^ | AND2_X2   | 0.094 |   3.168 |    3.237 | 
     | datapath/g16079                                    | A1 ^ -> ZN ^ | OR2_X2    | 0.083 |   3.250 |    3.320 | 
     | datapath/branch_or_inc_4/FE_OFC853_IFID_takeBranch | A ^ -> Z ^   | BUF_X4    | 0.185 |   3.435 |    3.505 | 
     | datapath/branch_or_inc_4/g837__2883                | S ^ -> Z v   | MUX2_X1   | 0.250 |   3.685 |    3.755 | 
     | datapath/IF_pc_reg[19]                             | D v          | SDFFR_X1  | 0.000 |   3.685 |    3.755 | 
     +------------------------------------------------------------------------------------------------------------+ 
Path 27: MET Setup Check with Pin datapath/IFID_pc_reg[31]/CK 
Endpoint:   datapath/IFID_pc_reg[31]/D    (^) checked with  leading edge of 
'clk'
Beginpoint: datapath/IFID_instr_reg[17]/Q (^) triggered by  leading edge of 
'clk'
Path Groups: {reg2reg}
Analysis View: WC_VIEW
Other End Arrival Time         -0.037
- Setup                         0.085
+ Phase Shift                   4.100
+ CPPR Adjustment               0.000
- Uncertainty                   0.100
= Required Time                 3.878
- Arrival Time                  3.808
= Slack Time                    0.070
     Clock Rise Edge                 0.000
     + Clock Network Latency (Prop)  0.010
     = Beginpoint Arrival Time       0.010
     +------------------------------------------------------------------------------------------+ 
     |             Instance             |     Arc      |   Cell    | Delay | Arrival | Required | 
     |                                  |              |           |       |  Time   |   Time   | 
     |----------------------------------+--------------+-----------+-------+---------+----------| 
     | datapath/IFID_instr_reg[17]      | CK ^         |           |       |   0.010 |    0.080 | 
     | datapath/IFID_instr_reg[17]      | CK ^ -> Q ^  | DFFR_X1   | 0.447 |   0.457 |    0.527 | 
     | datapath/FE_OFC241_IFID_rs1_2    | A ^ -> Z ^   | BUF_X1    | 0.271 |   0.728 |    0.798 | 
     | datapath/g26897                  | A ^ -> Z v   | XOR2_X1   | 0.075 |   0.803 |    0.873 | 
     | datapath/g26745                  | A2 v -> ZN ^ | NOR3_X1   | 0.201 |   1.003 |    1.074 | 
     | datapath/g26732                  | A1 ^ -> ZN ^ | AND4_X1   | 0.224 |   1.227 |    1.297 | 
     | datapath/g26729                  | A ^ -> ZN v  | INV_X1    | 0.025 |   1.252 |    1.323 | 
     | datapath/g26725                  | A1 v -> ZN v | OR2_X1    | 0.179 |   1.431 |    1.501 | 
     | datapath/g26715                  | B2 v -> ZN ^ | AOI21_X1  | 0.158 |   1.589 |    1.659 | 
     | datapath/FE_OFC228_n_702         | A ^ -> Z ^   | BUF_X4    | 0.160 |   1.749 |    1.820 | 
     | datapath/FE_OFC229_n_702         | A ^ -> ZN v  | INV_X4    | 0.081 |   1.830 |    1.900 | 
     | datapath/FE_RC_667_0             | C1 v -> ZN ^ | OAI221_X1 | 0.199 |   2.029 |    2.099 | 
     | datapath/LT_TC_OP_g1833          | A ^ -> ZN v  | INV_X1    | 0.053 |   2.082 |    2.153 | 
     | datapath/LT_TC_OP_g1804          | A1 v -> ZN v | AND2_X1   | 0.117 |   2.199 |    2.269 | 
     | datapath/LT_TC_OP_g1781          | A v -> ZN ^  | AOI21_X1  | 0.188 |   2.387 |    2.457 | 
     | datapath/LT_TC_OP_g1776          | A ^ -> ZN v  | INV_X1    | 0.039 |   2.426 |    2.497 | 
     | datapath/LT_TC_OP_g1765          | B v -> ZN ^  | AOI211_X1 | 0.260 |   2.687 |    2.757 | 
     | datapath/LT_TC_OP_g1747          | C2 ^ -> ZN v | AOI221_X1 | 0.081 |   2.768 |    2.838 | 
     | datapath/FE_RC_400_0             | C1 v -> ZN ^ | OAI221_X1 | 0.129 |   2.897 |    2.967 | 
     | datapath/LT_TC_OP_g1745          | C1 ^ -> ZN v | AOI221_X1 | 0.072 |   2.968 |    3.039 | 
     | datapath/FE_OFC956_IFID_lessThan | A v -> Z v   | BUF_X2    | 0.119 |   3.088 |    3.158 | 
     | datapath/g16081                  | A1 v -> ZN v | AND2_X2   | 0.087 |   3.175 |    3.245 | 
     | datapath/g16079                  | A1 v -> ZN v | OR2_X2    | 0.167 |   3.342 |    3.412 | 
     | g1059                            | A1 v -> ZN v | AND2_X1   | 0.112 |   3.453 |    3.524 | 
     | datapath/FE_OFC852_IFID_flush    | A v -> Z v   | CLKBUF_X3 | 0.219 |   3.673 |    3.743 | 
     | datapath/g35523                  | A1 v -> ZN ^ | NOR2_X1   | 0.135 |   3.808 |    3.878 | 
     | datapath/IFID_pc_reg[31]         | D ^          | DFFR_X1   | 0.000 |   3.808 |    3.878 | 
     +------------------------------------------------------------------------------------------+ 
Path 28: MET Setup Check with Pin datapath/IF_pc_reg[21]/CK 
Endpoint:   datapath/IF_pc_reg[21]/D      (v) checked with  leading edge of 
'clk'
Beginpoint: datapath/IFID_instr_reg[17]/Q (^) triggered by  leading edge of 
'clk'
Path Groups: {reg2reg}
Analysis View: WC_VIEW
Other End Arrival Time         -0.000
- Setup                         0.244
+ Phase Shift                   4.100
+ CPPR Adjustment               0.000
- Uncertainty                   0.100
= Required Time                 3.755
- Arrival Time                  3.685
= Slack Time                    0.070
     Clock Rise Edge                 0.000
     + Clock Network Latency (Prop)  0.010
     = Beginpoint Arrival Time       0.010
     +------------------------------------------------------------------------------------------------------------+ 
     |                      Instance                      |     Arc      |   Cell    | Delay | Arrival | Required | 
     |                                                    |              |           |       |  Time   |   Time   | 
     |----------------------------------------------------+--------------+-----------+-------+---------+----------| 
     | datapath/IFID_instr_reg[17]                        | CK ^         |           |       |   0.010 |    0.080 | 
     | datapath/IFID_instr_reg[17]                        | CK ^ -> Q ^  | DFFR_X1   | 0.447 |   0.457 |    0.527 | 
     | datapath/FE_OFC241_IFID_rs1_2                      | A ^ -> Z ^   | BUF_X1    | 0.271 |   0.728 |    0.799 | 
     | datapath/g26897                                    | A ^ -> Z v   | XOR2_X1   | 0.075 |   0.803 |    0.873 | 
     | datapath/g26745                                    | A2 v -> ZN ^ | NOR3_X1   | 0.201 |   1.003 |    1.074 | 
     | datapath/g26732                                    | A1 ^ -> ZN ^ | AND4_X1   | 0.224 |   1.227 |    1.297 | 
     | datapath/g26724                                    | A1 ^ -> ZN v | NOR2_X1   | 0.042 |   1.269 |    1.339 | 
     | datapath/g26723                                    | A v -> ZN ^  | INV_X1    | 0.054 |   1.323 |    1.393 | 
     | datapath/g26716                                    | A2 ^ -> ZN ^ | OR3_X1    | 0.120 |   1.442 |    1.513 | 
     | datapath/FE_DBTC4_n_534                            | A ^ -> ZN v  | INV_X4    | 0.078 |   1.521 |    1.591 | 
     | datapath/g26480                                    | A2 v -> ZN ^ | AOI222_X1 | 0.246 |   1.767 |    1.837 | 
     | datapath/FE_OFC155_LT_TC_OP_n_16                   | A ^ -> Z ^   | BUF_X1    | 0.166 |   1.932 |    2.003 | 
     | datapath/LT_TC_OP_g1789                            | A ^ -> ZN v  | OAI211_X1 | 0.092 |   2.024 |    2.095 | 
     | datapath/LT_TC_OP_g1757                            | A2 v -> ZN ^ | AOI222_X1 | 0.277 |   2.301 |    2.372 | 
     | datapath/FE_RC_668_0                               | C2 ^ -> ZN v | OAI211_X1 | 0.126 |   2.427 |    2.497 | 
     | datapath/LT_TC_OP_g1747                            | C1 v -> ZN ^ | AOI221_X1 | 0.202 |   2.629 |    2.700 | 
     | datapath/FE_RC_400_0                               | C1 ^ -> ZN v | OAI221_X1 | 0.111 |   2.741 |    2.811 | 
     | datapath/LT_TC_OP_g1745                            | C1 v -> ZN ^ | AOI221_X1 | 0.195 |   2.936 |    3.006 | 
     | datapath/FE_OFC956_IFID_lessThan                   | A ^ -> Z ^   | BUF_X2    | 0.138 |   3.073 |    3.144 | 
     | datapath/g16081                                    | A1 ^ -> ZN ^ | AND2_X2   | 0.094 |   3.168 |    3.238 | 
     | datapath/g16079                                    | A1 ^ -> ZN ^ | OR2_X2    | 0.083 |   3.250 |    3.321 | 
     | datapath/branch_or_inc_4/FE_OFC853_IFID_takeBranch | A ^ -> Z ^   | BUF_X4    | 0.185 |   3.435 |    3.506 | 
     | datapath/branch_or_inc_4/g832__7482                | S ^ -> Z v   | MUX2_X1   | 0.249 |   3.685 |    3.755 | 
     | datapath/IF_pc_reg[21]                             | D v          | SDFFR_X1  | 0.000 |   3.685 |    3.755 | 
     +------------------------------------------------------------------------------------------------------------+ 
Path 29: MET Setup Check with Pin datapath/IF_pc_reg[22]/CK 
Endpoint:   datapath/IF_pc_reg[22]/D      (v) checked with  leading edge of 
'clk'
Beginpoint: datapath/IFID_instr_reg[17]/Q (^) triggered by  leading edge of 
'clk'
Path Groups: {reg2reg}
Analysis View: WC_VIEW
Other End Arrival Time         -0.000
- Setup                         0.245
+ Phase Shift                   4.100
+ CPPR Adjustment               0.000
- Uncertainty                   0.100
= Required Time                 3.755
- Arrival Time                  3.685
= Slack Time                    0.071
     Clock Rise Edge                 0.000
     + Clock Network Latency (Prop)  0.010
     = Beginpoint Arrival Time       0.010
     +------------------------------------------------------------------------------------------------------------+ 
     |                      Instance                      |     Arc      |   Cell    | Delay | Arrival | Required | 
     |                                                    |              |           |       |  Time   |   Time   | 
     |----------------------------------------------------+--------------+-----------+-------+---------+----------| 
     | datapath/IFID_instr_reg[17]                        | CK ^         |           |       |   0.010 |    0.080 | 
     | datapath/IFID_instr_reg[17]                        | CK ^ -> Q ^  | DFFR_X1   | 0.447 |   0.457 |    0.527 | 
     | datapath/FE_OFC241_IFID_rs1_2                      | A ^ -> Z ^   | BUF_X1    | 0.271 |   0.728 |    0.799 | 
     | datapath/g26897                                    | A ^ -> Z v   | XOR2_X1   | 0.075 |   0.803 |    0.873 | 
     | datapath/g26745                                    | A2 v -> ZN ^ | NOR3_X1   | 0.201 |   1.003 |    1.074 | 
     | datapath/g26732                                    | A1 ^ -> ZN ^ | AND4_X1   | 0.224 |   1.227 |    1.297 | 
     | datapath/g26724                                    | A1 ^ -> ZN v | NOR2_X1   | 0.042 |   1.269 |    1.339 | 
     | datapath/g26723                                    | A v -> ZN ^  | INV_X1    | 0.054 |   1.323 |    1.393 | 
     | datapath/g26716                                    | A2 ^ -> ZN ^ | OR3_X1    | 0.120 |   1.442 |    1.513 | 
     | datapath/FE_DBTC4_n_534                            | A ^ -> ZN v  | INV_X4    | 0.078 |   1.521 |    1.591 | 
     | datapath/g26480                                    | A2 v -> ZN ^ | AOI222_X1 | 0.246 |   1.767 |    1.837 | 
     | datapath/FE_OFC155_LT_TC_OP_n_16                   | A ^ -> Z ^   | BUF_X1    | 0.166 |   1.932 |    2.003 | 
     | datapath/LT_TC_OP_g1789                            | A ^ -> ZN v  | OAI211_X1 | 0.092 |   2.024 |    2.095 | 
     | datapath/LT_TC_OP_g1757                            | A2 v -> ZN ^ | AOI222_X1 | 0.277 |   2.301 |    2.372 | 
     | datapath/FE_RC_668_0                               | C2 ^ -> ZN v | OAI211_X1 | 0.126 |   2.427 |    2.497 | 
     | datapath/LT_TC_OP_g1747                            | C1 v -> ZN ^ | AOI221_X1 | 0.202 |   2.629 |    2.700 | 
     | datapath/FE_RC_400_0                               | C1 ^ -> ZN v | OAI221_X1 | 0.111 |   2.741 |    2.811 | 
     | datapath/LT_TC_OP_g1745                            | C1 v -> ZN ^ | AOI221_X1 | 0.195 |   2.936 |    3.006 | 
     | datapath/FE_OFC956_IFID_lessThan                   | A ^ -> Z ^   | BUF_X2    | 0.138 |   3.073 |    3.144 | 
     | datapath/g16081                                    | A1 ^ -> ZN ^ | AND2_X2   | 0.094 |   3.168 |    3.238 | 
     | datapath/g16079                                    | A1 ^ -> ZN ^ | OR2_X2    | 0.083 |   3.250 |    3.321 | 
     | datapath/branch_or_inc_4/FE_OFC853_IFID_takeBranch | A ^ -> Z ^   | BUF_X4    | 0.185 |   3.435 |    3.506 | 
     | datapath/branch_or_inc_4/g825__1705                | S ^ -> Z v   | MUX2_X1   | 0.249 |   3.684 |    3.755 | 
     | datapath/IF_pc_reg[22]                             | D v          | SDFFR_X1  | 0.000 |   3.685 |    3.755 | 
     +------------------------------------------------------------------------------------------------------------+ 
Path 30: MET Setup Check with Pin datapath/IFID_pc_reg[26]/CK 
Endpoint:   datapath/IFID_pc_reg[26]/D    (^) checked with  leading edge of 
'clk'
Beginpoint: datapath/IFID_instr_reg[17]/Q (^) triggered by  leading edge of 
'clk'
Path Groups: {reg2reg}
Analysis View: WC_VIEW
Other End Arrival Time         -0.037
- Setup                         0.084
+ Phase Shift                   4.100
+ CPPR Adjustment               0.000
- Uncertainty                   0.100
= Required Time                 3.878
- Arrival Time                  3.807
= Slack Time                    0.072
     Clock Rise Edge                 0.000
     + Clock Network Latency (Prop)  0.010
     = Beginpoint Arrival Time       0.010
     +------------------------------------------------------------------------------------------+ 
     |             Instance             |     Arc      |   Cell    | Delay | Arrival | Required | 
     |                                  |              |           |       |  Time   |   Time   | 
     |----------------------------------+--------------+-----------+-------+---------+----------| 
     | datapath/IFID_instr_reg[17]      | CK ^         |           |       |   0.010 |    0.082 | 
     | datapath/IFID_instr_reg[17]      | CK ^ -> Q ^  | DFFR_X1   | 0.447 |   0.457 |    0.528 | 
     | datapath/FE_OFC241_IFID_rs1_2    | A ^ -> Z ^   | BUF_X1    | 0.271 |   0.728 |    0.800 | 
     | datapath/g26897                  | A ^ -> Z v   | XOR2_X1   | 0.075 |   0.803 |    0.874 | 
     | datapath/g26745                  | A2 v -> ZN ^ | NOR3_X1   | 0.201 |   1.003 |    1.075 | 
     | datapath/g26732                  | A1 ^ -> ZN ^ | AND4_X1   | 0.224 |   1.227 |    1.299 | 
     | datapath/g26729                  | A ^ -> ZN v  | INV_X1    | 0.025 |   1.252 |    1.324 | 
     | datapath/g26725                  | A1 v -> ZN v | OR2_X1    | 0.179 |   1.431 |    1.503 | 
     | datapath/g26715                  | B2 v -> ZN ^ | AOI21_X1  | 0.158 |   1.589 |    1.661 | 
     | datapath/FE_OFC228_n_702         | A ^ -> Z ^   | BUF_X4    | 0.160 |   1.749 |    1.821 | 
     | datapath/FE_OFC229_n_702         | A ^ -> ZN v  | INV_X4    | 0.081 |   1.830 |    1.902 | 
     | datapath/FE_RC_667_0             | C1 v -> ZN ^ | OAI221_X1 | 0.199 |   2.029 |    2.100 | 
     | datapath/LT_TC_OP_g1833          | A ^ -> ZN v  | INV_X1    | 0.053 |   2.082 |    2.154 | 
     | datapath/LT_TC_OP_g1804          | A1 v -> ZN v | AND2_X1   | 0.117 |   2.199 |    2.271 | 
     | datapath/LT_TC_OP_g1781          | A v -> ZN ^  | AOI21_X1  | 0.188 |   2.387 |    2.459 | 
     | datapath/LT_TC_OP_g1776          | A ^ -> ZN v  | INV_X1    | 0.039 |   2.426 |    2.498 | 
     | datapath/LT_TC_OP_g1765          | B v -> ZN ^  | AOI211_X1 | 0.260 |   2.687 |    2.758 | 
     | datapath/LT_TC_OP_g1747          | C2 ^ -> ZN v | AOI221_X1 | 0.081 |   2.768 |    2.840 | 
     | datapath/FE_RC_400_0             | C1 v -> ZN ^ | OAI221_X1 | 0.129 |   2.897 |    2.969 | 
     | datapath/LT_TC_OP_g1745          | C1 ^ -> ZN v | AOI221_X1 | 0.072 |   2.968 |    3.040 | 
     | datapath/FE_OFC956_IFID_lessThan | A v -> Z v   | BUF_X2    | 0.119 |   3.088 |    3.159 | 
     | datapath/g16081                  | A1 v -> ZN v | AND2_X2   | 0.087 |   3.175 |    3.247 | 
     | datapath/g16079                  | A1 v -> ZN v | OR2_X2    | 0.167 |   3.342 |    3.413 | 
     | g1059                            | A1 v -> ZN v | AND2_X1   | 0.112 |   3.453 |    3.525 | 
     | datapath/FE_OFC852_IFID_flush    | A v -> Z v   | CLKBUF_X3 | 0.219 |   3.673 |    3.744 | 
     | datapath/g35520                  | A1 v -> ZN ^ | NOR2_X1   | 0.134 |   3.807 |    3.878 | 
     | datapath/IFID_pc_reg[26]         | D ^          | DFFR_X1   | 0.000 |   3.807 |    3.878 | 
     +------------------------------------------------------------------------------------------+ 
Path 31: MET Setup Check with Pin datapath/IF_pc_reg[20]/CK 
Endpoint:   datapath/IF_pc_reg[20]/D      (v) checked with  leading edge of 
'clk'
Beginpoint: datapath/IFID_instr_reg[17]/Q (^) triggered by  leading edge of 
'clk'
Path Groups: {reg2reg}
Analysis View: WC_VIEW
Other End Arrival Time         -0.001
- Setup                         0.244
+ Phase Shift                   4.100
+ CPPR Adjustment               0.000
- Uncertainty                   0.100
= Required Time                 3.755
- Arrival Time                  3.683
= Slack Time                    0.072
     Clock Rise Edge                 0.000
     + Clock Network Latency (Prop)  0.010
     = Beginpoint Arrival Time       0.010
     +------------------------------------------------------------------------------------------------------------+ 
     |                      Instance                      |     Arc      |   Cell    | Delay | Arrival | Required | 
     |                                                    |              |           |       |  Time   |   Time   | 
     |----------------------------------------------------+--------------+-----------+-------+---------+----------| 
     | datapath/IFID_instr_reg[17]                        | CK ^         |           |       |   0.010 |    0.082 | 
     | datapath/IFID_instr_reg[17]                        | CK ^ -> Q ^  | DFFR_X1   | 0.447 |   0.457 |    0.529 | 
     | datapath/FE_OFC241_IFID_rs1_2                      | A ^ -> Z ^   | BUF_X1    | 0.271 |   0.728 |    0.800 | 
     | datapath/g26897                                    | A ^ -> Z v   | XOR2_X1   | 0.075 |   0.803 |    0.875 | 
     | datapath/g26745                                    | A2 v -> ZN ^ | NOR3_X1   | 0.201 |   1.003 |    1.075 | 
     | datapath/g26732                                    | A1 ^ -> ZN ^ | AND4_X1   | 0.224 |   1.227 |    1.299 | 
     | datapath/g26724                                    | A1 ^ -> ZN v | NOR2_X1   | 0.042 |   1.269 |    1.341 | 
     | datapath/g26723                                    | A v -> ZN ^  | INV_X1    | 0.054 |   1.323 |    1.395 | 
     | datapath/g26716                                    | A2 ^ -> ZN ^ | OR3_X1    | 0.120 |   1.442 |    1.514 | 
     | datapath/FE_DBTC4_n_534                            | A ^ -> ZN v  | INV_X4    | 0.078 |   1.521 |    1.593 | 
     | datapath/g26480                                    | A2 v -> ZN ^ | AOI222_X1 | 0.246 |   1.767 |    1.839 | 
     | datapath/FE_OFC155_LT_TC_OP_n_16                   | A ^ -> Z ^   | BUF_X1    | 0.166 |   1.932 |    2.004 | 
     | datapath/LT_TC_OP_g1789                            | A ^ -> ZN v  | OAI211_X1 | 0.092 |   2.024 |    2.096 | 
     | datapath/LT_TC_OP_g1757                            | A2 v -> ZN ^ | AOI222_X1 | 0.277 |   2.301 |    2.373 | 
     | datapath/FE_RC_668_0                               | C2 ^ -> ZN v | OAI211_X1 | 0.126 |   2.427 |    2.499 | 
     | datapath/LT_TC_OP_g1747                            | C1 v -> ZN ^ | AOI221_X1 | 0.202 |   2.629 |    2.701 | 
     | datapath/FE_RC_400_0                               | C1 ^ -> ZN v | OAI221_X1 | 0.111 |   2.741 |    2.813 | 
     | datapath/LT_TC_OP_g1745                            | C1 v -> ZN ^ | AOI221_X1 | 0.195 |   2.936 |    3.008 | 
     | datapath/FE_OFC956_IFID_lessThan                   | A ^ -> Z ^   | BUF_X2    | 0.138 |   3.073 |    3.145 | 
     | datapath/g16081                                    | A1 ^ -> ZN ^ | AND2_X2   | 0.094 |   3.168 |    3.240 | 
     | datapath/g16079                                    | A1 ^ -> ZN ^ | OR2_X2    | 0.083 |   3.250 |    3.322 | 
     | datapath/branch_or_inc_4/FE_OFC853_IFID_takeBranch | A ^ -> Z ^   | BUF_X4    | 0.185 |   3.435 |    3.507 | 
     | datapath/branch_or_inc_4/g834__6161                | S ^ -> Z v   | MUX2_X1   | 0.247 |   3.683 |    3.755 | 
     | datapath/IF_pc_reg[20]                             | D v          | SDFFR_X1  | 0.000 |   3.683 |    3.755 | 
     +------------------------------------------------------------------------------------------------------------+ 
Path 32: MET Setup Check with Pin datapath/IF_pc_reg[29]/CK 
Endpoint:   datapath/IF_pc_reg[29]/D      (^) checked with  leading edge of 
'clk'
Beginpoint: datapath/IFID_instr_reg[17]/Q (^) triggered by  leading edge of 
'clk'
Path Groups: {reg2reg}
Analysis View: WC_VIEW
Other End Arrival Time         -0.000
- Setup                         0.084
+ Phase Shift                   4.100
+ CPPR Adjustment               0.000
- Uncertainty                   0.100
= Required Time                 3.916
- Arrival Time                  3.842
= Slack Time                    0.074
     Clock Rise Edge                 0.000
     + Clock Network Latency (Prop)  0.010
     = Beginpoint Arrival Time       0.010
     +------------------------------------------------------------------------------------------------------------+ 
     |                      Instance                      |     Arc      |   Cell    | Delay | Arrival | Required | 
     |                                                    |              |           |       |  Time   |   Time   | 
     |----------------------------------------------------+--------------+-----------+-------+---------+----------| 
     | datapath/IFID_instr_reg[17]                        | CK ^         |           |       |   0.010 |    0.084 | 
     | datapath/IFID_instr_reg[17]                        | CK ^ -> Q ^  | DFFR_X1   | 0.447 |   0.457 |    0.530 | 
     | datapath/FE_OFC241_IFID_rs1_2                      | A ^ -> Z ^   | BUF_X1    | 0.271 |   0.728 |    0.802 | 
     | datapath/g26897                                    | A ^ -> Z v   | XOR2_X1   | 0.075 |   0.803 |    0.877 | 
     | datapath/g26745                                    | A2 v -> ZN ^ | NOR3_X1   | 0.201 |   1.003 |    1.077 | 
     | datapath/g26732                                    | A1 ^ -> ZN ^ | AND4_X1   | 0.224 |   1.227 |    1.301 | 
     | datapath/g26729                                    | A ^ -> ZN v  | INV_X1    | 0.025 |   1.252 |    1.326 | 
     | datapath/g26725                                    | A1 v -> ZN v | OR2_X1    | 0.179 |   1.431 |    1.505 | 
     | datapath/g26715                                    | B2 v -> ZN ^ | AOI21_X1  | 0.158 |   1.589 |    1.663 | 
     | datapath/FE_OFC228_n_702                           | A ^ -> Z ^   | BUF_X4    | 0.160 |   1.749 |    1.823 | 
     | datapath/FE_OFC229_n_702                           | A ^ -> ZN v  | INV_X4    | 0.081 |   1.830 |    1.904 | 
     | datapath/FE_RC_667_0                               | C1 v -> ZN ^ | OAI221_X1 | 0.199 |   2.029 |    2.102 | 
     | datapath/LT_TC_OP_g1833                            | A ^ -> ZN v  | INV_X1    | 0.053 |   2.082 |    2.156 | 
     | datapath/LT_TC_OP_g1804                            | A1 v -> ZN v | AND2_X1   | 0.117 |   2.199 |    2.273 | 
     | datapath/LT_TC_OP_g1781                            | A v -> ZN ^  | AOI21_X1  | 0.188 |   2.387 |    2.461 | 
     | datapath/LT_TC_OP_g1776                            | A ^ -> ZN v  | INV_X1    | 0.039 |   2.426 |    2.500 | 
     | datapath/LT_TC_OP_g1765                            | B v -> ZN ^  | AOI211_X1 | 0.260 |   2.687 |    2.760 | 
     | datapath/LT_TC_OP_g1747                            | C2 ^ -> ZN v | AOI221_X1 | 0.081 |   2.768 |    2.842 | 
     | datapath/FE_RC_400_0                               | C1 v -> ZN ^ | OAI221_X1 | 0.129 |   2.897 |    2.971 | 
     | datapath/LT_TC_OP_g1745                            | C1 ^ -> ZN v | AOI221_X1 | 0.072 |   2.968 |    3.042 | 
     | datapath/FE_OFC956_IFID_lessThan                   | A v -> Z v   | BUF_X2    | 0.119 |   3.088 |    3.161 | 
     | datapath/g16081                                    | A1 v -> ZN v | AND2_X2   | 0.087 |   3.175 |    3.249 | 
     | datapath/g16079                                    | A1 v -> ZN v | OR2_X2    | 0.167 |   3.342 |    3.415 | 
     | datapath/branch_or_inc_4/FE_OFC853_IFID_takeBranch | A v -> Z v   | BUF_X4    | 0.126 |   3.467 |    3.541 | 
     | datapath/branch_or_inc_4/FE_OFC855_IFID_takeBranch | A v -> ZN ^  | INV_X1    | 0.140 |   3.608 |    3.682 | 
     | datapath/branch_or_inc_4/g844__5107                | A2 ^ -> ZN v | NAND2_X1  | 0.062 |   3.670 |    3.744 | 
     | datapath/branch_or_inc_4/g828__7098                | A2 v -> ZN ^ | NAND2_X1  | 0.059 |   3.729 |    3.803 | 
     | datapath/g35726                                    | A ^ -> ZN v  | INV_X1    | 0.026 |   3.754 |    3.828 | 
     | datapath/g35591                                    | B1 v -> ZN ^ | OAI21_X1  | 0.087 |   3.842 |    3.916 | 
     | datapath/IF_pc_reg[29]                             | D ^          | DFFR_X1   | 0.000 |   3.842 |    3.916 | 
     +------------------------------------------------------------------------------------------------------------+ 
Path 33: MET Setup Check with Pin datapath/IF_pc_reg[9]/CK 
Endpoint:   datapath/IF_pc_reg[9]/D       (v) checked with  leading edge of 
'clk'
Beginpoint: datapath/IFID_instr_reg[17]/Q (^) triggered by  leading edge of 
'clk'
Path Groups: {reg2reg}
Analysis View: WC_VIEW
Other End Arrival Time          0.001
- Setup                         0.240
+ Phase Shift                   4.100
+ CPPR Adjustment               0.000
- Uncertainty                   0.100
= Required Time                 3.760
- Arrival Time                  3.684
= Slack Time                    0.076
     Clock Rise Edge                 0.000
     + Clock Network Latency (Prop)  0.010
     = Beginpoint Arrival Time       0.010
     +------------------------------------------------------------------------------------------------------------+ 
     |                      Instance                      |     Arc      |   Cell    | Delay | Arrival | Required | 
     |                                                    |              |           |       |  Time   |   Time   | 
     |----------------------------------------------------+--------------+-----------+-------+---------+----------| 
     | datapath/IFID_instr_reg[17]                        | CK ^         |           |       |   0.010 |    0.086 | 
     | datapath/IFID_instr_reg[17]                        | CK ^ -> Q ^  | DFFR_X1   | 0.447 |   0.457 |    0.533 | 
     | datapath/FE_OFC241_IFID_rs1_2                      | A ^ -> Z ^   | BUF_X1    | 0.271 |   0.728 |    0.804 | 
     | datapath/g26897                                    | A ^ -> Z v   | XOR2_X1   | 0.075 |   0.803 |    0.879 | 
     | datapath/g26745                                    | A2 v -> ZN ^ | NOR3_X1   | 0.201 |   1.003 |    1.080 | 
     | datapath/g26732                                    | A1 ^ -> ZN ^ | AND4_X1   | 0.224 |   1.227 |    1.303 | 
     | datapath/g26724                                    | A1 ^ -> ZN v | NOR2_X1   | 0.042 |   1.269 |    1.345 | 
     | datapath/g26723                                    | A v -> ZN ^  | INV_X1    | 0.054 |   1.323 |    1.399 | 
     | datapath/g26716                                    | A2 ^ -> ZN ^ | OR3_X1    | 0.120 |   1.442 |    1.519 | 
     | datapath/FE_DBTC4_n_534                            | A ^ -> ZN v  | INV_X4    | 0.078 |   1.521 |    1.597 | 
     | datapath/g26480                                    | A2 v -> ZN ^ | AOI222_X1 | 0.246 |   1.767 |    1.843 | 
     | datapath/FE_OFC155_LT_TC_OP_n_16                   | A ^ -> Z ^   | BUF_X1    | 0.166 |   1.932 |    2.009 | 
     | datapath/LT_TC_OP_g1789                            | A ^ -> ZN v  | OAI211_X1 | 0.092 |   2.024 |    2.101 | 
     | datapath/LT_TC_OP_g1757                            | A2 v -> ZN ^ | AOI222_X1 | 0.277 |   2.301 |    2.377 | 
     | datapath/FE_RC_668_0                               | C2 ^ -> ZN v | OAI211_X1 | 0.126 |   2.427 |    2.503 | 
     | datapath/LT_TC_OP_g1747                            | C1 v -> ZN ^ | AOI221_X1 | 0.202 |   2.629 |    2.706 | 
     | datapath/FE_RC_400_0                               | C1 ^ -> ZN v | OAI221_X1 | 0.111 |   2.741 |    2.817 | 
     | datapath/LT_TC_OP_g1745                            | C1 v -> ZN ^ | AOI221_X1 | 0.195 |   2.936 |    3.012 | 
     | datapath/FE_OFC956_IFID_lessThan                   | A ^ -> Z ^   | BUF_X2    | 0.138 |   3.073 |    3.150 | 
     | datapath/g16081                                    | A1 ^ -> ZN ^ | AND2_X2   | 0.094 |   3.168 |    3.244 | 
     | datapath/g16079                                    | A1 ^ -> ZN ^ | OR2_X2    | 0.083 |   3.250 |    3.327 | 
     | datapath/branch_or_inc_4/FE_OFC853_IFID_takeBranch | A ^ -> Z ^   | BUF_X4    | 0.185 |   3.435 |    3.512 | 
     | datapath/branch_or_inc_4/g835__9315                | S ^ -> Z v   | MUX2_X1   | 0.249 |   3.684 |    3.760 | 
     | datapath/IF_pc_reg[9]                              | D v          | SDFFR_X1  | 0.000 |   3.684 |    3.760 | 
     +------------------------------------------------------------------------------------------------------------+ 
Path 34: MET Setup Check with Pin datapath/IFID_pc_reg[13]/CK 
Endpoint:   datapath/IFID_pc_reg[13]/D    (^) checked with  leading edge of 
'clk'
Beginpoint: datapath/IFID_instr_reg[17]/Q (^) triggered by  leading edge of 
'clk'
Path Groups: {reg2reg}
Analysis View: WC_VIEW
Other End Arrival Time         -0.016
- Setup                         0.086
+ Phase Shift                   4.100
+ CPPR Adjustment               0.000
- Uncertainty                   0.100
= Required Time                 3.898
- Arrival Time                  3.821
= Slack Time                    0.077
     Clock Rise Edge                 0.000
     + Clock Network Latency (Prop)  0.010
     = Beginpoint Arrival Time       0.010
     +------------------------------------------------------------------------------------------+ 
     |             Instance             |     Arc      |   Cell    | Delay | Arrival | Required | 
     |                                  |              |           |       |  Time   |   Time   | 
     |----------------------------------+--------------+-----------+-------+---------+----------| 
     | datapath/IFID_instr_reg[17]      | CK ^         |           |       |   0.010 |    0.087 | 
     | datapath/IFID_instr_reg[17]      | CK ^ -> Q ^  | DFFR_X1   | 0.447 |   0.457 |    0.534 | 
     | datapath/FE_OFC241_IFID_rs1_2    | A ^ -> Z ^   | BUF_X1    | 0.271 |   0.728 |    0.805 | 
     | datapath/g26897                  | A ^ -> Z v   | XOR2_X1   | 0.075 |   0.803 |    0.880 | 
     | datapath/g26745                  | A2 v -> ZN ^ | NOR3_X1   | 0.201 |   1.003 |    1.080 | 
     | datapath/g26732                  | A1 ^ -> ZN ^ | AND4_X1   | 0.224 |   1.227 |    1.304 | 
     | datapath/g26729                  | A ^ -> ZN v  | INV_X1    | 0.025 |   1.252 |    1.329 | 
     | datapath/g26725                  | A1 v -> ZN v | OR2_X1    | 0.179 |   1.431 |    1.508 | 
     | datapath/g26715                  | B2 v -> ZN ^ | AOI21_X1  | 0.158 |   1.589 |    1.666 | 
     | datapath/FE_OFC228_n_702         | A ^ -> Z ^   | BUF_X4    | 0.160 |   1.749 |    1.826 | 
     | datapath/FE_OFC229_n_702         | A ^ -> ZN v  | INV_X4    | 0.081 |   1.830 |    1.907 | 
     | datapath/FE_RC_667_0             | C1 v -> ZN ^ | OAI221_X1 | 0.199 |   2.029 |    2.106 | 
     | datapath/LT_TC_OP_g1833          | A ^ -> ZN v  | INV_X1    | 0.053 |   2.082 |    2.159 | 
     | datapath/LT_TC_OP_g1804          | A1 v -> ZN v | AND2_X1   | 0.117 |   2.199 |    2.276 | 
     | datapath/LT_TC_OP_g1781          | A v -> ZN ^  | AOI21_X1  | 0.188 |   2.387 |    2.464 | 
     | datapath/LT_TC_OP_g1776          | A ^ -> ZN v  | INV_X1    | 0.039 |   2.426 |    2.503 | 
     | datapath/LT_TC_OP_g1765          | B v -> ZN ^  | AOI211_X1 | 0.260 |   2.687 |    2.764 | 
     | datapath/LT_TC_OP_g1747          | C2 ^ -> ZN v | AOI221_X1 | 0.081 |   2.768 |    2.845 | 
     | datapath/FE_RC_400_0             | C1 v -> ZN ^ | OAI221_X1 | 0.129 |   2.897 |    2.974 | 
     | datapath/LT_TC_OP_g1745          | C1 ^ -> ZN v | AOI221_X1 | 0.072 |   2.968 |    3.045 | 
     | datapath/FE_OFC956_IFID_lessThan | A v -> Z v   | BUF_X2    | 0.119 |   3.088 |    3.164 | 
     | datapath/g16081                  | A1 v -> ZN v | AND2_X2   | 0.087 |   3.175 |    3.252 | 
     | datapath/g16079                  | A1 v -> ZN v | OR2_X2    | 0.167 |   3.342 |    3.419 | 
     | g1059                            | A1 v -> ZN v | AND2_X1   | 0.112 |   3.453 |    3.530 | 
     | datapath/FE_OFC852_IFID_flush    | A v -> Z v   | CLKBUF_X3 | 0.219 |   3.673 |    3.750 | 
     | datapath/g35508                  | A1 v -> ZN ^ | NOR2_X1   | 0.148 |   3.821 |    3.898 | 
     | datapath/IFID_pc_reg[13]         | D ^          | DFFR_X1   | 0.000 |   3.821 |    3.898 | 
     +------------------------------------------------------------------------------------------+ 
Path 35: MET Setup Check with Pin datapath/IFID_pc_reg[16]/CK 
Endpoint:   datapath/IFID_pc_reg[16]/D    (^) checked with  leading edge of 
'clk'
Beginpoint: datapath/IFID_instr_reg[17]/Q (^) triggered by  leading edge of 
'clk'
Path Groups: {reg2reg}
Analysis View: WC_VIEW
Other End Arrival Time         -0.014
- Setup                         0.086
+ Phase Shift                   4.100
+ CPPR Adjustment               0.000
- Uncertainty                   0.100
= Required Time                 3.900
- Arrival Time                  3.822
= Slack Time                    0.078
     Clock Rise Edge                 0.000
     + Clock Network Latency (Prop)  0.010
     = Beginpoint Arrival Time       0.010
     +------------------------------------------------------------------------------------------+ 
     |             Instance             |     Arc      |   Cell    | Delay | Arrival | Required | 
     |                                  |              |           |       |  Time   |   Time   | 
     |----------------------------------+--------------+-----------+-------+---------+----------| 
     | datapath/IFID_instr_reg[17]      | CK ^         |           |       |   0.010 |    0.088 | 
     | datapath/IFID_instr_reg[17]      | CK ^ -> Q ^  | DFFR_X1   | 0.447 |   0.457 |    0.535 | 
     | datapath/FE_OFC241_IFID_rs1_2    | A ^ -> Z ^   | BUF_X1    | 0.271 |   0.728 |    0.806 | 
     | datapath/g26897                  | A ^ -> Z v   | XOR2_X1   | 0.075 |   0.803 |    0.881 | 
     | datapath/g26745                  | A2 v -> ZN ^ | NOR3_X1   | 0.201 |   1.003 |    1.081 | 
     | datapath/g26732                  | A1 ^ -> ZN ^ | AND4_X1   | 0.224 |   1.227 |    1.305 | 
     | datapath/g26729                  | A ^ -> ZN v  | INV_X1    | 0.025 |   1.252 |    1.330 | 
     | datapath/g26725                  | A1 v -> ZN v | OR2_X1    | 0.179 |   1.431 |    1.509 | 
     | datapath/g26715                  | B2 v -> ZN ^ | AOI21_X1  | 0.158 |   1.589 |    1.667 | 
     | datapath/FE_OFC228_n_702         | A ^ -> Z ^   | BUF_X4    | 0.160 |   1.749 |    1.827 | 
     | datapath/FE_OFC229_n_702         | A ^ -> ZN v  | INV_X4    | 0.081 |   1.830 |    1.908 | 
     | datapath/FE_RC_667_0             | C1 v -> ZN ^ | OAI221_X1 | 0.199 |   2.029 |    2.107 | 
     | datapath/LT_TC_OP_g1833          | A ^ -> ZN v  | INV_X1    | 0.053 |   2.082 |    2.160 | 
     | datapath/LT_TC_OP_g1804          | A1 v -> ZN v | AND2_X1   | 0.117 |   2.199 |    2.277 | 
     | datapath/LT_TC_OP_g1781          | A v -> ZN ^  | AOI21_X1  | 0.188 |   2.387 |    2.465 | 
     | datapath/LT_TC_OP_g1776          | A ^ -> ZN v  | INV_X1    | 0.039 |   2.426 |    2.504 | 
     | datapath/LT_TC_OP_g1765          | B v -> ZN ^  | AOI211_X1 | 0.260 |   2.687 |    2.765 | 
     | datapath/LT_TC_OP_g1747          | C2 ^ -> ZN v | AOI221_X1 | 0.081 |   2.768 |    2.846 | 
     | datapath/FE_RC_400_0             | C1 v -> ZN ^ | OAI221_X1 | 0.129 |   2.897 |    2.975 | 
     | datapath/LT_TC_OP_g1745          | C1 ^ -> ZN v | AOI221_X1 | 0.072 |   2.968 |    3.046 | 
     | datapath/FE_OFC956_IFID_lessThan | A v -> Z v   | BUF_X2    | 0.119 |   3.088 |    3.166 | 
     | datapath/g16081                  | A1 v -> ZN v | AND2_X2   | 0.087 |   3.175 |    3.253 | 
     | datapath/g16079                  | A1 v -> ZN v | OR2_X2    | 0.167 |   3.342 |    3.420 | 
     | g1059                            | A1 v -> ZN v | AND2_X1   | 0.112 |   3.453 |    3.531 | 
     | datapath/FE_OFC852_IFID_flush    | A v -> Z v   | CLKBUF_X3 | 0.219 |   3.673 |    3.751 | 
     | datapath/g35444                  | A1 v -> ZN ^ | NOR2_X1   | 0.149 |   3.822 |    3.900 | 
     | datapath/IFID_pc_reg[16]         | D ^          | DFFR_X1   | 0.000 |   3.822 |    3.900 | 
     +------------------------------------------------------------------------------------------+ 
Path 36: MET Setup Check with Pin datapath/IFID_pc_reg[14]/CK 
Endpoint:   datapath/IFID_pc_reg[14]/D    (^) checked with  leading edge of 
'clk'
Beginpoint: datapath/IFID_instr_reg[17]/Q (^) triggered by  leading edge of 
'clk'
Path Groups: {reg2reg}
Analysis View: WC_VIEW
Other End Arrival Time         -0.016
- Setup                         0.086
+ Phase Shift                   4.100
+ CPPR Adjustment               0.000
- Uncertainty                   0.100
= Required Time                 3.898
- Arrival Time                  3.820
= Slack Time                    0.078
     Clock Rise Edge                 0.000
     + Clock Network Latency (Prop)  0.010
     = Beginpoint Arrival Time       0.010
     +------------------------------------------------------------------------------------------+ 
     |             Instance             |     Arc      |   Cell    | Delay | Arrival | Required | 
     |                                  |              |           |       |  Time   |   Time   | 
     |----------------------------------+--------------+-----------+-------+---------+----------| 
     | datapath/IFID_instr_reg[17]      | CK ^         |           |       |   0.010 |    0.088 | 
     | datapath/IFID_instr_reg[17]      | CK ^ -> Q ^  | DFFR_X1   | 0.447 |   0.457 |    0.535 | 
     | datapath/FE_OFC241_IFID_rs1_2    | A ^ -> Z ^   | BUF_X1    | 0.271 |   0.728 |    0.806 | 
     | datapath/g26897                  | A ^ -> Z v   | XOR2_X1   | 0.075 |   0.803 |    0.881 | 
     | datapath/g26745                  | A2 v -> ZN ^ | NOR3_X1   | 0.201 |   1.003 |    1.081 | 
     | datapath/g26732                  | A1 ^ -> ZN ^ | AND4_X1   | 0.224 |   1.227 |    1.305 | 
     | datapath/g26729                  | A ^ -> ZN v  | INV_X1    | 0.025 |   1.252 |    1.330 | 
     | datapath/g26725                  | A1 v -> ZN v | OR2_X1    | 0.179 |   1.431 |    1.509 | 
     | datapath/g26715                  | B2 v -> ZN ^ | AOI21_X1  | 0.158 |   1.589 |    1.667 | 
     | datapath/FE_OFC228_n_702         | A ^ -> Z ^   | BUF_X4    | 0.160 |   1.749 |    1.827 | 
     | datapath/FE_OFC229_n_702         | A ^ -> ZN v  | INV_X4    | 0.081 |   1.830 |    1.908 | 
     | datapath/FE_RC_667_0             | C1 v -> ZN ^ | OAI221_X1 | 0.199 |   2.029 |    2.107 | 
     | datapath/LT_TC_OP_g1833          | A ^ -> ZN v  | INV_X1    | 0.053 |   2.082 |    2.160 | 
     | datapath/LT_TC_OP_g1804          | A1 v -> ZN v | AND2_X1   | 0.117 |   2.199 |    2.277 | 
     | datapath/LT_TC_OP_g1781          | A v -> ZN ^  | AOI21_X1  | 0.188 |   2.387 |    2.465 | 
     | datapath/LT_TC_OP_g1776          | A ^ -> ZN v  | INV_X1    | 0.039 |   2.426 |    2.504 | 
     | datapath/LT_TC_OP_g1765          | B v -> ZN ^  | AOI211_X1 | 0.260 |   2.687 |    2.765 | 
     | datapath/LT_TC_OP_g1747          | C2 ^ -> ZN v | AOI221_X1 | 0.081 |   2.768 |    2.846 | 
     | datapath/FE_RC_400_0             | C1 v -> ZN ^ | OAI221_X1 | 0.129 |   2.897 |    2.975 | 
     | datapath/LT_TC_OP_g1745          | C1 ^ -> ZN v | AOI221_X1 | 0.072 |   2.968 |    3.046 | 
     | datapath/FE_OFC956_IFID_lessThan | A v -> Z v   | BUF_X2    | 0.119 |   3.088 |    3.166 | 
     | datapath/g16081                  | A1 v -> ZN v | AND2_X2   | 0.087 |   3.175 |    3.253 | 
     | datapath/g16079                  | A1 v -> ZN v | OR2_X2    | 0.167 |   3.342 |    3.420 | 
     | g1059                            | A1 v -> ZN v | AND2_X1   | 0.112 |   3.453 |    3.531 | 
     | datapath/FE_OFC852_IFID_flush    | A v -> Z v   | CLKBUF_X3 | 0.219 |   3.673 |    3.751 | 
     | datapath/g35509                  | A1 v -> ZN ^ | NOR2_X1   | 0.147 |   3.820 |    3.898 | 
     | datapath/IFID_pc_reg[14]         | D ^          | DFFR_X1   | 0.000 |   3.820 |    3.898 | 
     +------------------------------------------------------------------------------------------+ 
Path 37: MET Setup Check with Pin datapath/IFID_pc_reg[12]/CK 
Endpoint:   datapath/IFID_pc_reg[12]/D    (^) checked with  leading edge of 
'clk'
Beginpoint: datapath/IFID_instr_reg[17]/Q (^) triggered by  leading edge of 
'clk'
Path Groups: {reg2reg}
Analysis View: WC_VIEW
Other End Arrival Time         -0.013
- Setup                         0.086
+ Phase Shift                   4.100
+ CPPR Adjustment               0.000
- Uncertainty                   0.100
= Required Time                 3.901
- Arrival Time                  3.820
= Slack Time                    0.081
     Clock Rise Edge                 0.000
     + Clock Network Latency (Prop)  0.010
     = Beginpoint Arrival Time       0.010
     +------------------------------------------------------------------------------------------+ 
     |             Instance             |     Arc      |   Cell    | Delay | Arrival | Required | 
     |                                  |              |           |       |  Time   |   Time   | 
     |----------------------------------+--------------+-----------+-------+---------+----------| 
     | datapath/IFID_instr_reg[17]      | CK ^         |           |       |   0.010 |    0.091 | 
     | datapath/IFID_instr_reg[17]      | CK ^ -> Q ^  | DFFR_X1   | 0.447 |   0.457 |    0.537 | 
     | datapath/FE_OFC241_IFID_rs1_2    | A ^ -> Z ^   | BUF_X1    | 0.271 |   0.728 |    0.809 | 
     | datapath/g26897                  | A ^ -> Z v   | XOR2_X1   | 0.075 |   0.803 |    0.884 | 
     | datapath/g26745                  | A2 v -> ZN ^ | NOR3_X1   | 0.201 |   1.003 |    1.084 | 
     | datapath/g26732                  | A1 ^ -> ZN ^ | AND4_X1   | 0.224 |   1.227 |    1.308 | 
     | datapath/g26729                  | A ^ -> ZN v  | INV_X1    | 0.025 |   1.252 |    1.333 | 
     | datapath/g26725                  | A1 v -> ZN v | OR2_X1    | 0.179 |   1.431 |    1.512 | 
     | datapath/g26715                  | B2 v -> ZN ^ | AOI21_X1  | 0.158 |   1.589 |    1.670 | 
     | datapath/FE_OFC228_n_702         | A ^ -> Z ^   | BUF_X4    | 0.160 |   1.749 |    1.830 | 
     | datapath/FE_OFC229_n_702         | A ^ -> ZN v  | INV_X4    | 0.081 |   1.830 |    1.911 | 
     | datapath/FE_RC_667_0             | C1 v -> ZN ^ | OAI221_X1 | 0.199 |   2.029 |    2.109 | 
     | datapath/LT_TC_OP_g1833          | A ^ -> ZN v  | INV_X1    | 0.053 |   2.082 |    2.163 | 
     | datapath/LT_TC_OP_g1804          | A1 v -> ZN v | AND2_X1   | 0.117 |   2.199 |    2.280 | 
     | datapath/LT_TC_OP_g1781          | A v -> ZN ^  | AOI21_X1  | 0.188 |   2.387 |    2.468 | 
     | datapath/LT_TC_OP_g1776          | A ^ -> ZN v  | INV_X1    | 0.039 |   2.426 |    2.507 | 
     | datapath/LT_TC_OP_g1765          | B v -> ZN ^  | AOI211_X1 | 0.260 |   2.687 |    2.767 | 
     | datapath/LT_TC_OP_g1747          | C2 ^ -> ZN v | AOI221_X1 | 0.081 |   2.768 |    2.849 | 
     | datapath/FE_RC_400_0             | C1 v -> ZN ^ | OAI221_X1 | 0.129 |   2.897 |    2.978 | 
     | datapath/LT_TC_OP_g1745          | C1 ^ -> ZN v | AOI221_X1 | 0.072 |   2.968 |    3.049 | 
     | datapath/FE_OFC956_IFID_lessThan | A v -> Z v   | BUF_X2    | 0.119 |   3.088 |    3.168 | 
     | datapath/g16081                  | A1 v -> ZN v | AND2_X2   | 0.087 |   3.175 |    3.256 | 
     | datapath/g16079                  | A1 v -> ZN v | OR2_X2    | 0.167 |   3.342 |    3.422 | 
     | g1059                            | A1 v -> ZN v | AND2_X1   | 0.112 |   3.453 |    3.534 | 
     | datapath/FE_OFC852_IFID_flush    | A v -> Z v   | CLKBUF_X3 | 0.219 |   3.673 |    3.753 | 
     | datapath/g35507                  | A1 v -> ZN ^ | NOR2_X1   | 0.148 |   3.820 |    3.901 | 
     | datapath/IFID_pc_reg[12]         | D ^          | DFFR_X1   | 0.000 |   3.820 |    3.901 | 
     +------------------------------------------------------------------------------------------+ 
Path 38: MET Setup Check with Pin datapath/IF_pc_reg[23]/CK 
Endpoint:   datapath/IF_pc_reg[23]/D      (v) checked with  leading edge of 
'clk'
Beginpoint: datapath/IFID_instr_reg[17]/Q (^) triggered by  leading edge of 
'clk'
Path Groups: {reg2reg}
Analysis View: WC_VIEW
Other End Arrival Time          0.000
- Setup                         0.243
+ Phase Shift                   4.100
+ CPPR Adjustment               0.000
- Uncertainty                   0.100
= Required Time                 3.757
- Arrival Time                  3.675
= Slack Time                    0.081
     Clock Rise Edge                 0.000
     + Clock Network Latency (Prop)  0.010
     = Beginpoint Arrival Time       0.010
     +------------------------------------------------------------------------------------------------------------+ 
     |                      Instance                      |     Arc      |   Cell    | Delay | Arrival | Required | 
     |                                                    |              |           |       |  Time   |   Time   | 
     |----------------------------------------------------+--------------+-----------+-------+---------+----------| 
     | datapath/IFID_instr_reg[17]                        | CK ^         |           |       |   0.010 |    0.091 | 
     | datapath/IFID_instr_reg[17]                        | CK ^ -> Q ^  | DFFR_X1   | 0.447 |   0.457 |    0.538 | 
     | datapath/FE_OFC241_IFID_rs1_2                      | A ^ -> Z ^   | BUF_X1    | 0.271 |   0.728 |    0.809 | 
     | datapath/g26897                                    | A ^ -> Z v   | XOR2_X1   | 0.075 |   0.803 |    0.884 | 
     | datapath/g26745                                    | A2 v -> ZN ^ | NOR3_X1   | 0.201 |   1.003 |    1.084 | 
     | datapath/g26732                                    | A1 ^ -> ZN ^ | AND4_X1   | 0.224 |   1.227 |    1.308 | 
     | datapath/g26724                                    | A1 ^ -> ZN v | NOR2_X1   | 0.042 |   1.269 |    1.350 | 
     | datapath/g26723                                    | A v -> ZN ^  | INV_X1    | 0.054 |   1.323 |    1.404 | 
     | datapath/g26716                                    | A2 ^ -> ZN ^ | OR3_X1    | 0.120 |   1.442 |    1.523 | 
     | datapath/FE_DBTC4_n_534                            | A ^ -> ZN v  | INV_X4    | 0.078 |   1.521 |    1.602 | 
     | datapath/g26480                                    | A2 v -> ZN ^ | AOI222_X1 | 0.246 |   1.767 |    1.848 | 
     | datapath/FE_OFC155_LT_TC_OP_n_16                   | A ^ -> Z ^   | BUF_X1    | 0.166 |   1.932 |    2.013 | 
     | datapath/LT_TC_OP_g1789                            | A ^ -> ZN v  | OAI211_X1 | 0.092 |   2.024 |    2.105 | 
     | datapath/LT_TC_OP_g1757                            | A2 v -> ZN ^ | AOI222_X1 | 0.277 |   2.301 |    2.382 | 
     | datapath/FE_RC_668_0                               | C2 ^ -> ZN v | OAI211_X1 | 0.126 |   2.427 |    2.508 | 
     | datapath/LT_TC_OP_g1747                            | C1 v -> ZN ^ | AOI221_X1 | 0.202 |   2.629 |    2.710 | 
     | datapath/FE_RC_400_0                               | C1 ^ -> ZN v | OAI221_X1 | 0.111 |   2.741 |    2.822 | 
     | datapath/LT_TC_OP_g1745                            | C1 v -> ZN ^ | AOI221_X1 | 0.195 |   2.936 |    3.017 | 
     | datapath/FE_OFC956_IFID_lessThan                   | A ^ -> Z ^   | BUF_X2    | 0.138 |   3.073 |    3.154 | 
     | datapath/g16081                                    | A1 ^ -> ZN ^ | AND2_X2   | 0.094 |   3.168 |    3.249 | 
     | datapath/g16079                                    | A1 ^ -> ZN ^ | OR2_X2    | 0.083 |   3.250 |    3.331 | 
     | datapath/branch_or_inc_4/FE_OFC853_IFID_takeBranch | A ^ -> Z ^   | BUF_X4    | 0.185 |   3.435 |    3.517 | 
     | datapath/branch_or_inc_4/g822__3680                | S ^ -> Z v   | MUX2_X1   | 0.240 |   3.675 |    3.757 | 
     | datapath/IF_pc_reg[23]                             | D v          | SDFFR_X1  | 0.000 |   3.675 |    3.757 | 
     +------------------------------------------------------------------------------------------------------------+ 
Path 39: MET Setup Check with Pin datapath/IFID_pc_reg[6]/CK 
Endpoint:   datapath/IFID_pc_reg[6]/D     (^) checked with  leading edge of 
'clk'
Beginpoint: datapath/IFID_instr_reg[17]/Q (^) triggered by  leading edge of 
'clk'
Path Groups: {reg2reg}
Analysis View: WC_VIEW
Other End Arrival Time         -0.014
- Setup                         0.085
+ Phase Shift                   4.100
+ CPPR Adjustment               0.000
- Uncertainty                   0.100
= Required Time                 3.901
- Arrival Time                  3.818
= Slack Time                    0.083
     Clock Rise Edge                 0.000
     + Clock Network Latency (Prop)  0.010
     = Beginpoint Arrival Time       0.010
     +------------------------------------------------------------------------------------------+ 
     |             Instance             |     Arc      |   Cell    | Delay | Arrival | Required | 
     |                                  |              |           |       |  Time   |   Time   | 
     |----------------------------------+--------------+-----------+-------+---------+----------| 
     | datapath/IFID_instr_reg[17]      | CK ^         |           |       |   0.010 |    0.093 | 
     | datapath/IFID_instr_reg[17]      | CK ^ -> Q ^  | DFFR_X1   | 0.447 |   0.457 |    0.540 | 
     | datapath/FE_OFC241_IFID_rs1_2    | A ^ -> Z ^   | BUF_X1    | 0.271 |   0.728 |    0.811 | 
     | datapath/g26897                  | A ^ -> Z v   | XOR2_X1   | 0.075 |   0.803 |    0.886 | 
     | datapath/g26745                  | A2 v -> ZN ^ | NOR3_X1   | 0.201 |   1.003 |    1.086 | 
     | datapath/g26732                  | A1 ^ -> ZN ^ | AND4_X1   | 0.224 |   1.227 |    1.310 | 
     | datapath/g26729                  | A ^ -> ZN v  | INV_X1    | 0.025 |   1.252 |    1.335 | 
     | datapath/g26725                  | A1 v -> ZN v | OR2_X1    | 0.179 |   1.431 |    1.514 | 
     | datapath/g26715                  | B2 v -> ZN ^ | AOI21_X1  | 0.158 |   1.589 |    1.672 | 
     | datapath/FE_OFC228_n_702         | A ^ -> Z ^   | BUF_X4    | 0.160 |   1.749 |    1.832 | 
     | datapath/FE_OFC229_n_702         | A ^ -> ZN v  | INV_X4    | 0.081 |   1.830 |    1.913 | 
     | datapath/FE_RC_667_0             | C1 v -> ZN ^ | OAI221_X1 | 0.199 |   2.029 |    2.112 | 
     | datapath/LT_TC_OP_g1833          | A ^ -> ZN v  | INV_X1    | 0.053 |   2.082 |    2.165 | 
     | datapath/LT_TC_OP_g1804          | A1 v -> ZN v | AND2_X1   | 0.117 |   2.199 |    2.282 | 
     | datapath/LT_TC_OP_g1781          | A v -> ZN ^  | AOI21_X1  | 0.188 |   2.387 |    2.470 | 
     | datapath/LT_TC_OP_g1776          | A ^ -> ZN v  | INV_X1    | 0.039 |   2.426 |    2.509 | 
     | datapath/LT_TC_OP_g1765          | B v -> ZN ^  | AOI211_X1 | 0.260 |   2.687 |    2.770 | 
     | datapath/LT_TC_OP_g1747          | C2 ^ -> ZN v | AOI221_X1 | 0.081 |   2.768 |    2.851 | 
     | datapath/FE_RC_400_0             | C1 v -> ZN ^ | OAI221_X1 | 0.129 |   2.897 |    2.980 | 
     | datapath/LT_TC_OP_g1745          | C1 ^ -> ZN v | AOI221_X1 | 0.072 |   2.968 |    3.051 | 
     | datapath/FE_OFC956_IFID_lessThan | A v -> Z v   | BUF_X2    | 0.119 |   3.088 |    3.171 | 
     | datapath/g16081                  | A1 v -> ZN v | AND2_X2   | 0.087 |   3.175 |    3.258 | 
     | datapath/g16079                  | A1 v -> ZN v | OR2_X2    | 0.167 |   3.342 |    3.425 | 
     | g1059                            | A1 v -> ZN v | AND2_X1   | 0.112 |   3.453 |    3.536 | 
     | datapath/FE_OFC852_IFID_flush    | A v -> Z v   | CLKBUF_X3 | 0.219 |   3.673 |    3.756 | 
     | datapath/g35502                  | A1 v -> ZN ^ | NOR2_X1   | 0.145 |   3.818 |    3.901 | 
     | datapath/IFID_pc_reg[6]          | D ^          | DFFR_X1   | 0.000 |   3.818 |    3.901 | 
     +------------------------------------------------------------------------------------------+ 
Path 40: MET Setup Check with Pin datapath/IFID_pc_reg[11]/CK 
Endpoint:   datapath/IFID_pc_reg[11]/D    (^) checked with  leading edge of 
'clk'
Beginpoint: datapath/IFID_instr_reg[17]/Q (^) triggered by  leading edge of 
'clk'
Path Groups: {reg2reg}
Analysis View: WC_VIEW
Other End Arrival Time         -0.013
- Setup                         0.085
+ Phase Shift                   4.100
+ CPPR Adjustment               0.000
- Uncertainty                   0.100
= Required Time                 3.902
- Arrival Time                  3.818
= Slack Time                    0.084
     Clock Rise Edge                 0.000
     + Clock Network Latency (Prop)  0.010
     = Beginpoint Arrival Time       0.010
     +------------------------------------------------------------------------------------------+ 
     |             Instance             |     Arc      |   Cell    | Delay | Arrival | Required | 
     |                                  |              |           |       |  Time   |   Time   | 
     |----------------------------------+--------------+-----------+-------+---------+----------| 
     | datapath/IFID_instr_reg[17]      | CK ^         |           |       |   0.010 |    0.094 | 
     | datapath/IFID_instr_reg[17]      | CK ^ -> Q ^  | DFFR_X1   | 0.447 |   0.457 |    0.541 | 
     | datapath/FE_OFC241_IFID_rs1_2    | A ^ -> Z ^   | BUF_X1    | 0.271 |   0.728 |    0.812 | 
     | datapath/g26897                  | A ^ -> Z v   | XOR2_X1   | 0.075 |   0.803 |    0.887 | 
     | datapath/g26745                  | A2 v -> ZN ^ | NOR3_X1   | 0.201 |   1.003 |    1.087 | 
     | datapath/g26732                  | A1 ^ -> ZN ^ | AND4_X1   | 0.224 |   1.227 |    1.311 | 
     | datapath/g26729                  | A ^ -> ZN v  | INV_X1    | 0.025 |   1.252 |    1.336 | 
     | datapath/g26725                  | A1 v -> ZN v | OR2_X1    | 0.179 |   1.431 |    1.515 | 
     | datapath/g26715                  | B2 v -> ZN ^ | AOI21_X1  | 0.158 |   1.589 |    1.673 | 
     | datapath/FE_OFC228_n_702         | A ^ -> Z ^   | BUF_X4    | 0.160 |   1.749 |    1.833 | 
     | datapath/FE_OFC229_n_702         | A ^ -> ZN v  | INV_X4    | 0.081 |   1.830 |    1.914 | 
     | datapath/FE_RC_667_0             | C1 v -> ZN ^ | OAI221_X1 | 0.199 |   2.029 |    2.113 | 
     | datapath/LT_TC_OP_g1833          | A ^ -> ZN v  | INV_X1    | 0.053 |   2.082 |    2.166 | 
     | datapath/LT_TC_OP_g1804          | A1 v -> ZN v | AND2_X1   | 0.117 |   2.199 |    2.283 | 
     | datapath/LT_TC_OP_g1781          | A v -> ZN ^  | AOI21_X1  | 0.188 |   2.387 |    2.471 | 
     | datapath/LT_TC_OP_g1776          | A ^ -> ZN v  | INV_X1    | 0.039 |   2.426 |    2.510 | 
     | datapath/LT_TC_OP_g1765          | B v -> ZN ^  | AOI211_X1 | 0.260 |   2.687 |    2.771 | 
     | datapath/LT_TC_OP_g1747          | C2 ^ -> ZN v | AOI221_X1 | 0.081 |   2.768 |    2.852 | 
     | datapath/FE_RC_400_0             | C1 v -> ZN ^ | OAI221_X1 | 0.129 |   2.897 |    2.981 | 
     | datapath/LT_TC_OP_g1745          | C1 ^ -> ZN v | AOI221_X1 | 0.072 |   2.968 |    3.052 | 
     | datapath/FE_OFC956_IFID_lessThan | A v -> Z v   | BUF_X2    | 0.119 |   3.088 |    3.172 | 
     | datapath/g16081                  | A1 v -> ZN v | AND2_X2   | 0.087 |   3.175 |    3.259 | 
     | datapath/g16079                  | A1 v -> ZN v | OR2_X2    | 0.167 |   3.342 |    3.426 | 
     | g1059                            | A1 v -> ZN v | AND2_X1   | 0.112 |   3.453 |    3.537 | 
     | datapath/FE_OFC852_IFID_flush    | A v -> Z v   | CLKBUF_X3 | 0.219 |   3.673 |    3.757 | 
     | datapath/g35506                  | A1 v -> ZN ^ | NOR2_X1   | 0.145 |   3.818 |    3.902 | 
     | datapath/IFID_pc_reg[11]         | D ^          | DFFR_X1   | 0.000 |   3.818 |    3.902 | 
     +------------------------------------------------------------------------------------------+ 
Path 41: MET Setup Check with Pin datapath/IFID_pc_reg[7]/CK 
Endpoint:   datapath/IFID_pc_reg[7]/D     (^) checked with  leading edge of 
'clk'
Beginpoint: datapath/IFID_instr_reg[17]/Q (^) triggered by  leading edge of 
'clk'
Path Groups: {reg2reg}
Analysis View: WC_VIEW
Other End Arrival Time         -0.014
- Setup                         0.085
+ Phase Shift                   4.100
+ CPPR Adjustment               0.000
- Uncertainty                   0.100
= Required Time                 3.902
- Arrival Time                  3.817
= Slack Time                    0.084
     Clock Rise Edge                 0.000
     + Clock Network Latency (Prop)  0.010
     = Beginpoint Arrival Time       0.010
     +------------------------------------------------------------------------------------------+ 
     |             Instance             |     Arc      |   Cell    | Delay | Arrival | Required | 
     |                                  |              |           |       |  Time   |   Time   | 
     |----------------------------------+--------------+-----------+-------+---------+----------| 
     | datapath/IFID_instr_reg[17]      | CK ^         |           |       |   0.010 |    0.094 | 
     | datapath/IFID_instr_reg[17]      | CK ^ -> Q ^  | DFFR_X1   | 0.447 |   0.457 |    0.541 | 
     | datapath/FE_OFC241_IFID_rs1_2    | A ^ -> Z ^   | BUF_X1    | 0.271 |   0.728 |    0.812 | 
     | datapath/g26897                  | A ^ -> Z v   | XOR2_X1   | 0.075 |   0.803 |    0.887 | 
     | datapath/g26745                  | A2 v -> ZN ^ | NOR3_X1   | 0.201 |   1.003 |    1.088 | 
     | datapath/g26732                  | A1 ^ -> ZN ^ | AND4_X1   | 0.224 |   1.227 |    1.311 | 
     | datapath/g26729                  | A ^ -> ZN v  | INV_X1    | 0.025 |   1.252 |    1.336 | 
     | datapath/g26725                  | A1 v -> ZN v | OR2_X1    | 0.179 |   1.431 |    1.515 | 
     | datapath/g26715                  | B2 v -> ZN ^ | AOI21_X1  | 0.158 |   1.589 |    1.673 | 
     | datapath/FE_OFC228_n_702         | A ^ -> Z ^   | BUF_X4    | 0.160 |   1.749 |    1.833 | 
     | datapath/FE_OFC229_n_702         | A ^ -> ZN v  | INV_X4    | 0.081 |   1.830 |    1.914 | 
     | datapath/FE_RC_667_0             | C1 v -> ZN ^ | OAI221_X1 | 0.199 |   2.029 |    2.113 | 
     | datapath/LT_TC_OP_g1833          | A ^ -> ZN v  | INV_X1    | 0.053 |   2.082 |    2.166 | 
     | datapath/LT_TC_OP_g1804          | A1 v -> ZN v | AND2_X1   | 0.117 |   2.199 |    2.283 | 
     | datapath/LT_TC_OP_g1781          | A v -> ZN ^  | AOI21_X1  | 0.188 |   2.387 |    2.471 | 
     | datapath/LT_TC_OP_g1776          | A ^ -> ZN v  | INV_X1    | 0.039 |   2.426 |    2.511 | 
     | datapath/LT_TC_OP_g1765          | B v -> ZN ^  | AOI211_X1 | 0.260 |   2.687 |    2.771 | 
     | datapath/LT_TC_OP_g1747          | C2 ^ -> ZN v | AOI221_X1 | 0.081 |   2.768 |    2.852 | 
     | datapath/FE_RC_400_0             | C1 v -> ZN ^ | OAI221_X1 | 0.129 |   2.897 |    2.981 | 
     | datapath/LT_TC_OP_g1745          | C1 ^ -> ZN v | AOI221_X1 | 0.072 |   2.968 |    3.053 | 
     | datapath/FE_OFC956_IFID_lessThan | A v -> Z v   | BUF_X2    | 0.119 |   3.088 |    3.172 | 
     | datapath/g16081                  | A1 v -> ZN v | AND2_X2   | 0.087 |   3.175 |    3.259 | 
     | datapath/g16079                  | A1 v -> ZN v | OR2_X2    | 0.167 |   3.342 |    3.426 | 
     | g1059                            | A1 v -> ZN v | AND2_X1   | 0.112 |   3.453 |    3.537 | 
     | datapath/FE_OFC852_IFID_flush    | A v -> Z v   | CLKBUF_X3 | 0.219 |   3.673 |    3.757 | 
     | datapath/g35503                  | A1 v -> ZN ^ | NOR2_X1   | 0.145 |   3.817 |    3.902 | 
     | datapath/IFID_pc_reg[7]          | D ^          | DFFR_X1   | 0.000 |   3.817 |    3.902 | 
     +------------------------------------------------------------------------------------------+ 
Path 42: MET Setup Check with Pin datapath/EXMEM_aluResult_reg[31]/CK 
Endpoint:   datapath/EXMEM_aluResult_reg[31]/D (^) checked with  leading edge 
of 'clk'
Beginpoint: datapath/MEMWB_rd_reg[1]/Q         (^) triggered by  leading edge 
of 'clk'
Path Groups: {reg2reg}
Analysis View: WC_VIEW
Other End Arrival Time         -0.004
- Setup                         0.070
+ Phase Shift                   4.100
+ CPPR Adjustment               0.000
- Uncertainty                   0.100
= Required Time                 3.927
- Arrival Time                  3.842
= Slack Time                    0.084
     Clock Rise Edge                 0.000
     + Clock Network Latency (Prop)  -0.252
     = Beginpoint Arrival Time       -0.252
     +------------------------------------------------------------------------------------------------------------+ 
     |                      Instance                      |     Arc      |   Cell    | Delay | Arrival | Required | 
     |                                                    |              |           |       |  Time   |   Time   | 
     |----------------------------------------------------+--------------+-----------+-------+---------+----------| 
     | datapath/MEMWB_rd_reg[1]                           | CK ^         |           |       |  -0.252 |   -0.167 | 
     | datapath/MEMWB_rd_reg[1]                           | CK ^ -> Q ^  | DFFRS_X2  | 0.444 |   0.193 |    0.277 | 
     | ALU_forward/FE_RC_337_0                            | A ^ -> ZN v  | INV_X2    | 0.032 |   0.225 |    0.309 | 
     | ALU_forward/FE_RC_335_0                            | A1 v -> ZN ^ | NAND2_X1  | 0.054 |   0.279 |    0.363 | 
     | ALU_forward/FE_RC_579_0                            | A1 ^ -> ZN v | NAND3_X1  | 0.060 |   0.339 |    0.424 | 
     | ALU_forward/FE_RC_644_0                            | A v -> ZN ^  | INV_X2    | 0.049 |   0.388 |    0.472 | 
     | ALU_forward/FE_RC_643_0                            | A1 ^ -> ZN ^ | AND2_X4   | 0.084 |   0.472 |    0.557 | 
     | ALU_forward/FE_RC_594_0                            | A2 ^ -> ZN v | NAND3_X4  | 0.064 |   0.536 |    0.621 | 
     | datapath/FE_OFC872_IDEX_forwardB_0                 | A v -> ZN ^  | INV_X8    | 0.074 |   0.610 |    0.695 | 
     | datapath/FE_OFC873_IDEX_forwardB_0                 | A ^ -> ZN v  | INV_X2    | 0.037 |   0.647 |    0.731 | 
     | datapath/g26278                                    | A1 v -> ZN ^ | NAND3_X2  | 0.054 |   0.701 |    0.785 | 
     | datapath/FE_RC_580_0                               | A1 ^ -> ZN v | NAND3_X2  | 0.056 |   0.757 |    0.842 | 
     | datapath/FE_RC_442_0                               | A1 v -> ZN ^ | NAND3_X2  | 0.060 |   0.818 |    0.902 | 
     | datapath/ALU_ALU_GEN[0].slice_i_bitAdder/FE_RC_560 | A1 ^ -> ZN v | NAND2_X2  | 0.051 |   0.868 |    0.952 | 
     | _0                                                 |              |           |       |         |          | 
     | datapath/ALU_ALU_GEN[0].slice_i_bitAdder/FE_RC_154 | A1 v -> ZN ^ | NAND2_X4  | 0.048 |   0.916 |    1.001 | 
     | _0                                                 |              |           |       |         |          | 
     | datapath/ALU_ALU_GEN[1].slice_i_bitAdder/FE_RC_585 | A ^ -> ZN v  | OAI21_X4  | 0.049 |   0.965 |    1.049 | 
     | _0                                                 |              |           |       |         |          | 
     | datapath/ALU_ALU_GEN[1].slice_i_bitAdder/FE_RC_584 | A1 v -> ZN ^ | NAND2_X4  | 0.051 |   1.016 |    1.101 | 
     | _0                                                 |              |           |       |         |          | 
     | datapath/ALU_ALU_GEN[2].slice_i_bitAdder/FE_RC_543 | A1 ^ -> ZN v | NAND2_X4  | 0.036 |   1.053 |    1.137 | 
     | _0                                                 |              |           |       |         |          | 
     | datapath/ALU_ALU_GEN[2].slice_i_bitAdder/FE_RC_161 | A1 v -> ZN ^ | NAND2_X4  | 0.045 |   1.098 |    1.182 | 
     | _0                                                 |              |           |       |         |          | 
     | datapath/ALU_ALU_GEN[3].slice_i_bitAdder/FE_RC_599 | A1 ^ -> ZN v | NAND2_X4  | 0.036 |   1.133 |    1.218 | 
     | _0                                                 |              |           |       |         |          | 
     | datapath/ALU_ALU_GEN[3].slice_i_bitAdder/g153__641 | A1 v -> ZN ^ | NAND2_X4  | 0.044 |   1.177 |    1.261 | 
     | 7                                                  |              |           |       |         |          | 
     | datapath/ALU_ALU_GEN[4].slice_i_bitAdder/FE_RC_287 | A1 ^ -> ZN v | NAND2_X4  | 0.035 |   1.212 |    1.297 | 
     | _0                                                 |              |           |       |         |          | 
     | datapath/ALU_ALU_GEN[4].slice_i_bitAdder/FE_RC_286 | A1 v -> ZN ^ | NAND2_X4  | 0.052 |   1.264 |    1.348 | 
     | _0                                                 |              |           |       |         |          | 
     | datapath/ALU_ALU_GEN[5].slice_i_bitAdder/g155__473 | A1 ^ -> ZN v | NAND2_X4  | 0.039 |   1.303 |    1.387 | 
     | 3                                                  |              |           |       |         |          | 
     | datapath/ALU_ALU_GEN[5].slice_i_bitAdder/g153__511 | A1 v -> ZN ^ | NAND2_X4  | 0.046 |   1.349 |    1.434 | 
     | 5                                                  |              |           |       |         |          | 
     | datapath/ALU_ALU_GEN[6].slice_i_bitAdder/FE_RC_556 | A1 ^ -> ZN v | NAND2_X4  | 0.037 |   1.386 |    1.470 | 
     | _0                                                 |              |           |       |         |          | 
     | datapath/ALU_ALU_GEN[6].slice_i_bitAdder/FE_RC_555 | A1 v -> ZN ^ | NAND2_X4  | 0.048 |   1.433 |    1.518 | 
     | _0                                                 |              |           |       |         |          | 
     | datapath/ALU_ALU_GEN[7].slice_i_bitAdder/g155__161 | A1 ^ -> ZN v | NAND2_X4  | 0.037 |   1.470 |    1.555 | 
     | 7                                                  |              |           |       |         |          | 
     | datapath/ALU_ALU_GEN[7].slice_i_bitAdder/g153__678 | A1 v -> ZN ^ | NAND2_X4  | 0.045 |   1.515 |    1.599 | 
     | 3                                                  |              |           |       |         |          | 
     | datapath/ALU_ALU_GEN[8].slice_i_bitAdder/FE_RC_636 | A1 ^ -> ZN v | NAND2_X4  | 0.036 |   1.551 |    1.635 | 
     | _0                                                 |              |           |       |         |          | 
     | datapath/ALU_ALU_GEN[8].slice_i_bitAdder/FE_RC_635 | A1 v -> ZN ^ | NAND2_X4  | 0.053 |   1.603 |    1.688 | 
     | _0                                                 |              |           |       |         |          | 
     | datapath/ALU_ALU_GEN[9].slice_i_bitAdder/g137__166 | A1 ^ -> ZN v | NAND2_X4  | 0.039 |   1.642 |    1.726 | 
     | 6                                                  |              |           |       |         |          | 
     | datapath/ALU_ALU_GEN[9].slice_i_bitAdder/g135__288 | A1 v -> ZN ^ | NAND2_X4  | 0.044 |   1.686 |    1.771 | 
     | 3                                                  |              |           |       |         |          | 
     | datapath/ALU_ALU_GEN[10].slice_i_bitAdder/FE_RC_63 | A1 ^ -> ZN v | NAND2_X4  | 0.035 |   1.721 |    1.806 | 
     | 4_0                                                |              |           |       |         |          | 
     | datapath/ALU_ALU_GEN[10].slice_i_bitAdder/g144__62 | A1 v -> ZN ^ | NAND2_X4  | 0.056 |   1.777 |    1.861 | 
     | 60                                                 |              |           |       |         |          | 
     | datapath/ALU_ALU_GEN[11].slice_i_bitAdder/g155__82 | A1 ^ -> ZN v | NAND2_X4  | 0.040 |   1.817 |    1.901 | 
     | 46                                                 |              |           |       |         |          | 
     | datapath/ALU_ALU_GEN[11].slice_i_bitAdder/g153__17 | A1 v -> ZN ^ | NAND2_X4  | 0.047 |   1.863 |    1.948 | 
     | 05                                                 |              |           |       |         |          | 
     | datapath/ALU_ALU_GEN[12].slice_i_bitAdder/g155__93 | A1 ^ -> ZN v | NAND2_X4  | 0.036 |   1.899 |    1.984 | 
     | 15                                                 |              |           |       |         |          | 
     | datapath/ALU_ALU_GEN[12].slice_i_bitAdder/g153__47 | A1 v -> ZN ^ | NAND2_X4  | 0.046 |   1.945 |    2.029 | 
     | 33                                                 |              |           |       |         |          | 
     | datapath/ALU_ALU_GEN[13].slice_i_bitAdder/g155__23 | A1 ^ -> ZN v | NAND2_X4  | 0.036 |   1.981 |    2.065 | 
     | 98                                                 |              |           |       |         |          | 
     | datapath/ALU_ALU_GEN[13].slice_i_bitAdder/g153__64 | A1 v -> ZN ^ | NAND2_X4  | 0.051 |   2.032 |    2.116 | 
     | 17                                                 |              |           |       |         |          | 
     | datapath/ALU_ALU_GEN[14].slice_i_bitAdder/g155__16 | A1 ^ -> ZN v | NAND2_X4  | 0.038 |   2.069 |    2.154 | 
     | 17                                                 |              |           |       |         |          | 
     | datapath/ALU_ALU_GEN[14].slice_i_bitAdder/g153__67 | A1 v -> ZN ^ | NAND2_X4  | 0.046 |   2.115 |    2.199 | 
     | 83                                                 |              |           |       |         |          | 
     | datapath/ALU_ALU_GEN[15].slice_i_bitAdder/g155__51 | A1 ^ -> ZN v | NAND2_X4  | 0.035 |   2.150 |    2.235 | 
     | 15                                                 |              |           |       |         |          | 
     | datapath/ALU_ALU_GEN[15].slice_i_bitAdder/g153__61 | A1 v -> ZN ^ | NAND2_X4  | 0.045 |   2.196 |    2.280 | 
     | 31                                                 |              |           |       |         |          | 
     | datapath/ALU_ALU_GEN[16].slice_i_bitAdder/g158__16 | A1 ^ -> ZN v | NAND2_X4  | 0.036 |   2.231 |    2.316 | 
     | 66                                                 |              |           |       |         |          | 
     | datapath/ALU_ALU_GEN[16].slice_i_bitAdder/g156__28 | A1 v -> ZN ^ | NAND2_X4  | 0.047 |   2.278 |    2.363 | 
     | 83                                                 |              |           |       |         |          | 
     | datapath/ALU_ALU_GEN[17].slice_i_bitAdder/g155__84 | A1 ^ -> ZN v | NAND2_X4  | 0.036 |   2.314 |    2.398 | 
     | 28                                                 |              |           |       |         |          | 
     | datapath/ALU_ALU_GEN[17].slice_i_bitAdder/g153__62 | A1 v -> ZN ^ | NAND2_X4  | 0.046 |   2.359 |    2.444 | 
     | 60                                                 |              |           |       |         |          | 
     | datapath/ALU_ALU_GEN[18].slice_i_bitAdder/g158__82 | A1 ^ -> ZN v | NAND2_X4  | 0.035 |   2.395 |    2.479 | 
     | 46                                                 |              |           |       |         |          | 
     | datapath/ALU_ALU_GEN[18].slice_i_bitAdder/g156__17 | A1 v -> ZN ^ | NAND2_X4  | 0.046 |   2.441 |    2.525 | 
     | 05                                                 |              |           |       |         |          | 
     | datapath/ALU_ALU_GEN[19].slice_i_bitAdder/g158__93 | A1 ^ -> ZN v | NAND2_X4  | 0.036 |   2.476 |    2.561 | 
     | 15                                                 |              |           |       |         |          | 
     | datapath/ALU_ALU_GEN[19].slice_i_bitAdder/g156__47 | A1 v -> ZN ^ | NAND2_X4  | 0.048 |   2.524 |    2.609 | 
     | 33                                                 |              |           |       |         |          | 
     | datapath/ALU_ALU_GEN[20].slice_i_bitAdder/g158__23 | A1 ^ -> ZN v | NAND2_X4  | 0.037 |   2.561 |    2.645 | 
     | 98                                                 |              |           |       |         |          | 
     | datapath/ALU_ALU_GEN[20].slice_i_bitAdder/g156__64 | A1 v -> ZN ^ | NAND2_X4  | 0.046 |   2.607 |    2.691 | 
     | 17                                                 |              |           |       |         |          | 
     | datapath/ALU_ALU_GEN[21].slice_i_bitAdder/g158__36 | A1 ^ -> ZN v | NAND2_X4  | 0.035 |   2.642 |    2.726 | 
     | 80                                                 |              |           |       |         |          | 
     | datapath/ALU_ALU_GEN[21].slice_i_bitAdder/g156__67 | A1 v -> ZN ^ | NAND2_X4  | 0.050 |   2.692 |    2.776 | 
     | 83                                                 |              |           |       |         |          | 
     | datapath/ALU_ALU_GEN[22].slice_i_bitAdder/g158__51 | A1 ^ -> ZN v | NAND2_X4  | 0.037 |   2.729 |    2.814 | 
     | 15                                                 |              |           |       |         |          | 
     | datapath/ALU_ALU_GEN[22].slice_i_bitAdder/g156__18 | A1 v -> ZN ^ | NAND2_X4  | 0.046 |   2.775 |    2.859 | 
     | 81                                                 |              |           |       |         |          | 
     | datapath/ALU_ALU_GEN[23].slice_i_bitAdder/g158__74 | A1 ^ -> ZN v | NAND2_X4  | 0.035 |   2.810 |    2.895 | 
     | 10                                                 |              |           |       |         |          | 
     | datapath/ALU_ALU_GEN[23].slice_i_bitAdder/g156__16 | A1 v -> ZN ^ | NAND2_X4  | 0.056 |   2.867 |    2.951 | 
     | 66                                                 |              |           |       |         |          | 
     | datapath/ALU_ALU_GEN[24].slice_i_bitAdder/g158__67 | A1 ^ -> ZN v | NAND2_X4  | 0.040 |   2.907 |    2.991 | 
     | 83                                                 |              |           |       |         |          | 
     | datapath/ALU_ALU_GEN[24].slice_i_bitAdder/g156__55 | A1 v -> ZN ^ | NAND2_X4  | 0.049 |   2.956 |    3.041 | 
     | 26                                                 |              |           |       |         |          | 
     | datapath/ALU_ALU_GEN[25].slice_i_bitAdder/g158__18 | A1 ^ -> ZN v | NAND2_X4  | 0.037 |   2.993 |    3.078 | 
     | 81                                                 |              |           |       |         |          | 
     | datapath/ALU_ALU_GEN[25].slice_i_bitAdder/g156__61 | A1 v -> ZN ^ | NAND2_X4  | 0.046 |   3.039 |    3.124 | 
     | 31                                                 |              |           |       |         |          | 
     | datapath/ALU_ALU_GEN[26].slice_i_bitAdder/g158__16 | A1 ^ -> ZN v | NAND2_X4  | 0.035 |   3.075 |    3.159 | 
     | 66                                                 |              |           |       |         |          | 
     | datapath/ALU_ALU_GEN[26].slice_i_bitAdder/g156__23 | A1 v -> ZN ^ | NAND2_X4  | 0.047 |   3.121 |    3.206 | 
     | 46                                                 |              |           |       |         |          | 
     | datapath/ALU_ALU_GEN[27].slice_i_bitAdder/g158__55 | A1 ^ -> ZN v | NAND2_X4  | 0.036 |   3.157 |    3.241 | 
     | 26                                                 |              |           |       |         |          | 
     | datapath/ALU_ALU_GEN[27].slice_i_bitAdder/g156__84 | A1 v -> ZN ^ | NAND2_X4  | 0.050 |   3.207 |    3.292 | 
     | 28                                                 |              |           |       |         |          | 
     | datapath/ALU_ALU_GEN[28].slice_i_bitAdder/g158__51 | A1 ^ -> ZN v | NAND2_X4  | 0.038 |   3.245 |    3.330 | 
     | 15                                                 |              |           |       |         |          | 
     | datapath/ALU_ALU_GEN[28].slice_i_bitAdder/g156__61 | A1 v -> ZN ^ | NAND2_X4  | 0.045 |   3.290 |    3.375 | 
     | 31                                                 |              |           |       |         |          | 
     | datapath/ALU_ALU_GEN[29].slice_i_bitAdder/FE_RC_77 | A1 ^ -> ZN v | NAND2_X4  | 0.035 |   3.326 |    3.410 | 
     | _0                                                 |              |           |       |         |          | 
     | datapath/ALU_ALU_GEN[29].slice_i_bitAdder/g156__28 | A1 v -> ZN ^ | NAND2_X4  | 0.047 |   3.373 |    3.457 | 
     | 83                                                 |              |           |       |         |          | 
     | datapath/ALU_ALU_GEN[30].slice_i_bitAdder/FE_RC_58 | A1 ^ -> ZN v | NAND2_X4  | 0.036 |   3.409 |    3.493 | 
     | 8_0                                                |              |           |       |         |          | 
     | datapath/ALU_ALU_GEN[30].slice_i_bitAdder/FE_RC_58 | A1 v -> ZN ^ | NAND2_X4  | 0.057 |   3.465 |    3.550 | 
     | 7_0                                                |              |           |       |         |          | 
     | datapath/ALU_msb_bitAdder/g118__6131               | A ^ -> ZN ^  | XNOR2_X1  | 0.158 |   3.624 |    3.708 | 
     | datapath/FE_OCPC838_ALU_msb_aADDb                  | A ^ -> Z ^   | CLKBUF_X1 | 0.142 |   3.765 |    3.850 | 
     | datapath/ALU_msb_resultMux/FE_RC_7_0               | A1 ^ -> ZN v | NAND2_X1  | 0.036 |   3.801 |    3.886 | 
     | datapath/ALU_msb_resultMux/g151__4733              | A1 v -> ZN ^ | NAND2_X1  | 0.041 |   3.842 |    3.927 | 
     | datapath/EXMEM_aluResult_reg[31]                   | D ^          | DFFR_X1   | 0.000 |   3.842 |    3.927 | 
     +------------------------------------------------------------------------------------------------------------+ 
Path 43: MET Setup Check with Pin datapath/IFID_pc_reg[15]/CK 
Endpoint:   datapath/IFID_pc_reg[15]/D    (^) checked with  leading edge of 
'clk'
Beginpoint: datapath/IFID_instr_reg[17]/Q (^) triggered by  leading edge of 
'clk'
Path Groups: {reg2reg}
Analysis View: WC_VIEW
Other End Arrival Time         -0.014
- Setup                         0.085
+ Phase Shift                   4.100
+ CPPR Adjustment               0.000
- Uncertainty                   0.100
= Required Time                 3.902
- Arrival Time                  3.817
= Slack Time                    0.085
     Clock Rise Edge                 0.000
     + Clock Network Latency (Prop)  0.010
     = Beginpoint Arrival Time       0.010
     +------------------------------------------------------------------------------------------+ 
     |             Instance             |     Arc      |   Cell    | Delay | Arrival | Required | 
     |                                  |              |           |       |  Time   |   Time   | 
     |----------------------------------+--------------+-----------+-------+---------+----------| 
     | datapath/IFID_instr_reg[17]      | CK ^         |           |       |   0.010 |    0.095 | 
     | datapath/IFID_instr_reg[17]      | CK ^ -> Q ^  | DFFR_X1   | 0.447 |   0.457 |    0.541 | 
     | datapath/FE_OFC241_IFID_rs1_2    | A ^ -> Z ^   | BUF_X1    | 0.271 |   0.728 |    0.813 | 
     | datapath/g26897                  | A ^ -> Z v   | XOR2_X1   | 0.075 |   0.803 |    0.887 | 
     | datapath/g26745                  | A2 v -> ZN ^ | NOR3_X1   | 0.201 |   1.003 |    1.088 | 
     | datapath/g26732                  | A1 ^ -> ZN ^ | AND4_X1   | 0.224 |   1.227 |    1.312 | 
     | datapath/g26729                  | A ^ -> ZN v  | INV_X1    | 0.025 |   1.252 |    1.337 | 
     | datapath/g26725                  | A1 v -> ZN v | OR2_X1    | 0.179 |   1.431 |    1.516 | 
     | datapath/g26715                  | B2 v -> ZN ^ | AOI21_X1  | 0.158 |   1.589 |    1.674 | 
     | datapath/FE_OFC228_n_702         | A ^ -> Z ^   | BUF_X4    | 0.160 |   1.749 |    1.834 | 
     | datapath/FE_OFC229_n_702         | A ^ -> ZN v  | INV_X4    | 0.081 |   1.830 |    1.915 | 
     | datapath/FE_RC_667_0             | C1 v -> ZN ^ | OAI221_X1 | 0.199 |   2.029 |    2.113 | 
     | datapath/LT_TC_OP_g1833          | A ^ -> ZN v  | INV_X1    | 0.053 |   2.082 |    2.167 | 
     | datapath/LT_TC_OP_g1804          | A1 v -> ZN v | AND2_X1   | 0.117 |   2.199 |    2.284 | 
     | datapath/LT_TC_OP_g1781          | A v -> ZN ^  | AOI21_X1  | 0.188 |   2.387 |    2.472 | 
     | datapath/LT_TC_OP_g1776          | A ^ -> ZN v  | INV_X1    | 0.039 |   2.426 |    2.511 | 
     | datapath/LT_TC_OP_g1765          | B v -> ZN ^  | AOI211_X1 | 0.260 |   2.687 |    2.771 | 
     | datapath/LT_TC_OP_g1747          | C2 ^ -> ZN v | AOI221_X1 | 0.081 |   2.768 |    2.853 | 
     | datapath/FE_RC_400_0             | C1 v -> ZN ^ | OAI221_X1 | 0.129 |   2.897 |    2.982 | 
     | datapath/LT_TC_OP_g1745          | C1 ^ -> ZN v | AOI221_X1 | 0.072 |   2.968 |    3.053 | 
     | datapath/FE_OFC956_IFID_lessThan | A v -> Z v   | BUF_X2    | 0.119 |   3.088 |    3.172 | 
     | datapath/g16081                  | A1 v -> ZN v | AND2_X2   | 0.087 |   3.175 |    3.260 | 
     | datapath/g16079                  | A1 v -> ZN v | OR2_X2    | 0.167 |   3.342 |    3.426 | 
     | g1059                            | A1 v -> ZN v | AND2_X1   | 0.112 |   3.453 |    3.538 | 
     | datapath/FE_OFC852_IFID_flush    | A v -> Z v   | CLKBUF_X3 | 0.219 |   3.673 |    3.757 | 
     | datapath/g35510                  | A1 v -> ZN ^ | NOR2_X1   | 0.144 |   3.817 |    3.902 | 
     | datapath/IFID_pc_reg[15]         | D ^          | DFFR_X1   | 0.000 |   3.817 |    3.902 | 
     +------------------------------------------------------------------------------------------+ 
Path 44: MET Setup Check with Pin datapath/IFID_pc_reg[8]/CK 
Endpoint:   datapath/IFID_pc_reg[8]/D     (^) checked with  leading edge of 
'clk'
Beginpoint: datapath/IFID_instr_reg[17]/Q (^) triggered by  leading edge of 
'clk'
Path Groups: {reg2reg}
Analysis View: WC_VIEW
Other End Arrival Time         -0.014
- Setup                         0.084
+ Phase Shift                   4.100
+ CPPR Adjustment               0.000
- Uncertainty                   0.100
= Required Time                 3.902
- Arrival Time                  3.815
= Slack Time                    0.087
     Clock Rise Edge                 0.000
     + Clock Network Latency (Prop)  0.010
     = Beginpoint Arrival Time       0.010
     +------------------------------------------------------------------------------------------+ 
     |             Instance             |     Arc      |   Cell    | Delay | Arrival | Required | 
     |                                  |              |           |       |  Time   |   Time   | 
     |----------------------------------+--------------+-----------+-------+---------+----------| 
     | datapath/IFID_instr_reg[17]      | CK ^         |           |       |   0.010 |    0.097 | 
     | datapath/IFID_instr_reg[17]      | CK ^ -> Q ^  | DFFR_X1   | 0.447 |   0.457 |    0.544 | 
     | datapath/FE_OFC241_IFID_rs1_2    | A ^ -> Z ^   | BUF_X1    | 0.271 |   0.728 |    0.815 | 
     | datapath/g26897                  | A ^ -> Z v   | XOR2_X1   | 0.075 |   0.803 |    0.890 | 
     | datapath/g26745                  | A2 v -> ZN ^ | NOR3_X1   | 0.201 |   1.003 |    1.090 | 
     | datapath/g26732                  | A1 ^ -> ZN ^ | AND4_X1   | 0.224 |   1.227 |    1.314 | 
     | datapath/g26729                  | A ^ -> ZN v  | INV_X1    | 0.025 |   1.252 |    1.339 | 
     | datapath/g26725                  | A1 v -> ZN v | OR2_X1    | 0.179 |   1.431 |    1.518 | 
     | datapath/g26715                  | B2 v -> ZN ^ | AOI21_X1  | 0.158 |   1.589 |    1.676 | 
     | datapath/FE_OFC228_n_702         | A ^ -> Z ^   | BUF_X4    | 0.160 |   1.749 |    1.836 | 
     | datapath/FE_OFC229_n_702         | A ^ -> ZN v  | INV_X4    | 0.081 |   1.830 |    1.917 | 
     | datapath/FE_RC_667_0             | C1 v -> ZN ^ | OAI221_X1 | 0.199 |   2.029 |    2.116 | 
     | datapath/LT_TC_OP_g1833          | A ^ -> ZN v  | INV_X1    | 0.053 |   2.082 |    2.169 | 
     | datapath/LT_TC_OP_g1804          | A1 v -> ZN v | AND2_X1   | 0.117 |   2.199 |    2.286 | 
     | datapath/LT_TC_OP_g1781          | A v -> ZN ^  | AOI21_X1  | 0.188 |   2.387 |    2.474 | 
     | datapath/LT_TC_OP_g1776          | A ^ -> ZN v  | INV_X1    | 0.039 |   2.426 |    2.514 | 
     | datapath/LT_TC_OP_g1765          | B v -> ZN ^  | AOI211_X1 | 0.260 |   2.687 |    2.774 | 
     | datapath/LT_TC_OP_g1747          | C2 ^ -> ZN v | AOI221_X1 | 0.081 |   2.768 |    2.855 | 
     | datapath/FE_RC_400_0             | C1 v -> ZN ^ | OAI221_X1 | 0.129 |   2.897 |    2.984 | 
     | datapath/LT_TC_OP_g1745          | C1 ^ -> ZN v | AOI221_X1 | 0.072 |   2.968 |    3.055 | 
     | datapath/FE_OFC956_IFID_lessThan | A v -> Z v   | BUF_X2    | 0.119 |   3.088 |    3.175 | 
     | datapath/g16081                  | A1 v -> ZN v | AND2_X2   | 0.087 |   3.175 |    3.262 | 
     | datapath/g16079                  | A1 v -> ZN v | OR2_X2    | 0.167 |   3.342 |    3.429 | 
     | g1059                            | A1 v -> ZN v | AND2_X1   | 0.112 |   3.453 |    3.540 | 
     | datapath/FE_OFC852_IFID_flush    | A v -> Z v   | CLKBUF_X3 | 0.219 |   3.673 |    3.760 | 
     | datapath/g35504                  | A1 v -> ZN ^ | NOR2_X1   | 0.142 |   3.815 |    3.902 | 
     | datapath/IFID_pc_reg[8]          | D ^          | DFFR_X1   | 0.000 |   3.815 |    3.902 | 
     +------------------------------------------------------------------------------------------+ 
Path 45: MET Setup Check with Pin datapath/IFID_instr_reg[21]/CK 
Endpoint:   datapath/IFID_instr_reg[21]/D (^) checked with  leading edge of 
'clk'
Beginpoint: datapath/IFID_instr_reg[17]/Q (^) triggered by  leading edge of 
'clk'
Path Groups: {reg2reg}
Analysis View: WC_VIEW
Other End Arrival Time         -0.037
- Setup                         0.086
+ Phase Shift                   4.100
+ CPPR Adjustment               0.000
- Uncertainty                   0.100
= Required Time                 3.878
- Arrival Time                  3.789
= Slack Time                    0.088
     Clock Rise Edge                 0.000
     + Clock Network Latency (Prop)  0.010
     = Beginpoint Arrival Time       0.010
     +------------------------------------------------------------------------------------------+ 
     |             Instance             |     Arc      |   Cell    | Delay | Arrival | Required | 
     |                                  |              |           |       |  Time   |   Time   | 
     |----------------------------------+--------------+-----------+-------+---------+----------| 
     | datapath/IFID_instr_reg[17]      | CK ^         |           |       |   0.010 |    0.098 | 
     | datapath/IFID_instr_reg[17]      | CK ^ -> Q ^  | DFFR_X1   | 0.447 |   0.457 |    0.545 | 
     | datapath/FE_OFC241_IFID_rs1_2    | A ^ -> Z ^   | BUF_X1    | 0.271 |   0.728 |    0.816 | 
     | datapath/g26897                  | A ^ -> Z v   | XOR2_X1   | 0.075 |   0.803 |    0.891 | 
     | datapath/g26745                  | A2 v -> ZN ^ | NOR3_X1   | 0.201 |   1.003 |    1.092 | 
     | datapath/g26732                  | A1 ^ -> ZN ^ | AND4_X1   | 0.224 |   1.227 |    1.315 | 
     | datapath/g26729                  | A ^ -> ZN v  | INV_X1    | 0.025 |   1.252 |    1.341 | 
     | datapath/g26725                  | A1 v -> ZN v | OR2_X1    | 0.179 |   1.431 |    1.519 | 
     | datapath/g26715                  | B2 v -> ZN ^ | AOI21_X1  | 0.158 |   1.589 |    1.677 | 
     | datapath/FE_OFC228_n_702         | A ^ -> Z ^   | BUF_X4    | 0.160 |   1.749 |    1.838 | 
     | datapath/FE_OFC229_n_702         | A ^ -> ZN v  | INV_X4    | 0.081 |   1.830 |    1.918 | 
     | datapath/FE_RC_667_0             | C1 v -> ZN ^ | OAI221_X1 | 0.199 |   2.029 |    2.117 | 
     | datapath/LT_TC_OP_g1833          | A ^ -> ZN v  | INV_X1    | 0.053 |   2.082 |    2.171 | 
     | datapath/LT_TC_OP_g1804          | A1 v -> ZN v | AND2_X1   | 0.117 |   2.199 |    2.287 | 
     | datapath/LT_TC_OP_g1781          | A v -> ZN ^  | AOI21_X1  | 0.188 |   2.387 |    2.475 | 
     | datapath/LT_TC_OP_g1776          | A ^ -> ZN v  | INV_X1    | 0.039 |   2.426 |    2.515 | 
     | datapath/LT_TC_OP_g1765          | B v -> ZN ^  | AOI211_X1 | 0.260 |   2.687 |    2.775 | 
     | datapath/LT_TC_OP_g1747          | C2 ^ -> ZN v | AOI221_X1 | 0.081 |   2.768 |    2.856 | 
     | datapath/FE_RC_400_0             | C1 v -> ZN ^ | OAI221_X1 | 0.129 |   2.897 |    2.985 | 
     | datapath/LT_TC_OP_g1745          | C1 ^ -> ZN v | AOI221_X1 | 0.072 |   2.968 |    3.057 | 
     | datapath/FE_OFC956_IFID_lessThan | A v -> Z v   | BUF_X2    | 0.119 |   3.088 |    3.176 | 
     | datapath/g16081                  | A1 v -> ZN v | AND2_X2   | 0.087 |   3.175 |    3.263 | 
     | datapath/g16079                  | A1 v -> ZN v | OR2_X2    | 0.167 |   3.342 |    3.430 | 
     | g1059                            | A1 v -> ZN v | AND2_X1   | 0.112 |   3.453 |    3.542 | 
     | datapath/FE_OFC851_IFID_flush    | A v -> Z v   | CLKBUF_X3 | 0.201 |   3.654 |    3.743 | 
     | datapath/g35438                  | A1 v -> ZN ^ | NOR2_X1   | 0.135 |   3.789 |    3.877 | 
     | datapath/IFID_instr_reg[21]      | D ^          | DFFR_X1   | 0.000 |   3.789 |    3.878 | 
     +------------------------------------------------------------------------------------------+ 
Path 46: MET Setup Check with Pin datapath/IFID_pc_reg[3]/CK 
Endpoint:   datapath/IFID_pc_reg[3]/D     (^) checked with  leading edge of 
'clk'
Beginpoint: datapath/IFID_instr_reg[17]/Q (^) triggered by  leading edge of 
'clk'
Path Groups: {reg2reg}
Analysis View: WC_VIEW
Other End Arrival Time         -0.027
- Setup                         0.082
+ Phase Shift                   4.100
+ CPPR Adjustment               0.000
- Uncertainty                   0.100
= Required Time                 3.892
- Arrival Time                  3.802
= Slack Time                    0.089
     Clock Rise Edge                 0.000
     + Clock Network Latency (Prop)  0.010
     = Beginpoint Arrival Time       0.010
     +------------------------------------------------------------------------------------------+ 
     |             Instance             |     Arc      |   Cell    | Delay | Arrival | Required | 
     |                                  |              |           |       |  Time   |   Time   | 
     |----------------------------------+--------------+-----------+-------+---------+----------| 
     | datapath/IFID_instr_reg[17]      | CK ^         |           |       |   0.010 |    0.099 | 
     | datapath/IFID_instr_reg[17]      | CK ^ -> Q ^  | DFFR_X1   | 0.447 |   0.457 |    0.546 | 
     | datapath/FE_OFC241_IFID_rs1_2    | A ^ -> Z ^   | BUF_X1    | 0.271 |   0.728 |    0.817 | 
     | datapath/g26897                  | A ^ -> Z v   | XOR2_X1   | 0.075 |   0.803 |    0.892 | 
     | datapath/g26745                  | A2 v -> ZN ^ | NOR3_X1   | 0.201 |   1.003 |    1.093 | 
     | datapath/g26732                  | A1 ^ -> ZN ^ | AND4_X1   | 0.224 |   1.227 |    1.316 | 
     | datapath/g26729                  | A ^ -> ZN v  | INV_X1    | 0.025 |   1.252 |    1.342 | 
     | datapath/g26725                  | A1 v -> ZN v | OR2_X1    | 0.179 |   1.431 |    1.520 | 
     | datapath/g26715                  | B2 v -> ZN ^ | AOI21_X1  | 0.158 |   1.589 |    1.678 | 
     | datapath/FE_OFC228_n_702         | A ^ -> Z ^   | BUF_X4    | 0.160 |   1.749 |    1.839 | 
     | datapath/FE_OFC229_n_702         | A ^ -> ZN v  | INV_X4    | 0.081 |   1.830 |    1.919 | 
     | datapath/FE_RC_667_0             | C1 v -> ZN ^ | OAI221_X1 | 0.199 |   2.029 |    2.118 | 
     | datapath/LT_TC_OP_g1833          | A ^ -> ZN v  | INV_X1    | 0.053 |   2.082 |    2.171 | 
     | datapath/LT_TC_OP_g1804          | A1 v -> ZN v | AND2_X1   | 0.117 |   2.199 |    2.288 | 
     | datapath/LT_TC_OP_g1781          | A v -> ZN ^  | AOI21_X1  | 0.188 |   2.387 |    2.476 | 
     | datapath/LT_TC_OP_g1776          | A ^ -> ZN v  | INV_X1    | 0.039 |   2.426 |    2.516 | 
     | datapath/LT_TC_OP_g1765          | B v -> ZN ^  | AOI211_X1 | 0.260 |   2.687 |    2.776 | 
     | datapath/LT_TC_OP_g1747          | C2 ^ -> ZN v | AOI221_X1 | 0.081 |   2.768 |    2.857 | 
     | datapath/FE_RC_400_0             | C1 v -> ZN ^ | OAI221_X1 | 0.129 |   2.897 |    2.986 | 
     | datapath/LT_TC_OP_g1745          | C1 ^ -> ZN v | AOI221_X1 | 0.072 |   2.968 |    3.058 | 
     | datapath/FE_OFC956_IFID_lessThan | A v -> Z v   | BUF_X2    | 0.119 |   3.088 |    3.177 | 
     | datapath/g16081                  | A1 v -> ZN v | AND2_X2   | 0.087 |   3.175 |    3.264 | 
     | datapath/g16079                  | A1 v -> ZN v | OR2_X2    | 0.167 |   3.342 |    3.431 | 
     | g1059                            | A1 v -> ZN v | AND2_X1   | 0.112 |   3.453 |    3.542 | 
     | datapath/FE_OFC852_IFID_flush    | A v -> Z v   | CLKBUF_X3 | 0.219 |   3.673 |    3.762 | 
     | datapath/g35530                  | A1 v -> ZN ^ | NOR2_X1   | 0.130 |   3.802 |    3.892 | 
     | datapath/IFID_pc_reg[3]          | D ^          | DFFR_X1   | 0.000 |   3.802 |    3.892 | 
     +------------------------------------------------------------------------------------------+ 
Path 47: MET Setup Check with Pin datapath/IFID_pc_reg[17]/CK 
Endpoint:   datapath/IFID_pc_reg[17]/D    (^) checked with  leading edge of 
'clk'
Beginpoint: datapath/IFID_instr_reg[17]/Q (^) triggered by  leading edge of 
'clk'
Path Groups: {reg2reg}
Analysis View: WC_VIEW
Other End Arrival Time         -0.014
- Setup                         0.084
+ Phase Shift                   4.100
+ CPPR Adjustment               0.000
- Uncertainty                   0.100
= Required Time                 3.902
- Arrival Time                  3.813
= Slack Time                    0.089
     Clock Rise Edge                 0.000
     + Clock Network Latency (Prop)  0.010
     = Beginpoint Arrival Time       0.010
     +------------------------------------------------------------------------------------------+ 
     |             Instance             |     Arc      |   Cell    | Delay | Arrival | Required | 
     |                                  |              |           |       |  Time   |   Time   | 
     |----------------------------------+--------------+-----------+-------+---------+----------| 
     | datapath/IFID_instr_reg[17]      | CK ^         |           |       |   0.010 |    0.099 | 
     | datapath/IFID_instr_reg[17]      | CK ^ -> Q ^  | DFFR_X1   | 0.447 |   0.457 |    0.546 | 
     | datapath/FE_OFC241_IFID_rs1_2    | A ^ -> Z ^   | BUF_X1    | 0.271 |   0.728 |    0.818 | 
     | datapath/g26897                  | A ^ -> Z v   | XOR2_X1   | 0.075 |   0.803 |    0.892 | 
     | datapath/g26745                  | A2 v -> ZN ^ | NOR3_X1   | 0.201 |   1.003 |    1.093 | 
     | datapath/g26732                  | A1 ^ -> ZN ^ | AND4_X1   | 0.224 |   1.227 |    1.316 | 
     | datapath/g26729                  | A ^ -> ZN v  | INV_X1    | 0.025 |   1.252 |    1.342 | 
     | datapath/g26725                  | A1 v -> ZN v | OR2_X1    | 0.179 |   1.431 |    1.521 | 
     | datapath/g26715                  | B2 v -> ZN ^ | AOI21_X1  | 0.158 |   1.589 |    1.678 | 
     | datapath/FE_OFC228_n_702         | A ^ -> Z ^   | BUF_X4    | 0.160 |   1.749 |    1.839 | 
     | datapath/FE_OFC229_n_702         | A ^ -> ZN v  | INV_X4    | 0.081 |   1.830 |    1.920 | 
     | datapath/FE_RC_667_0             | C1 v -> ZN ^ | OAI221_X1 | 0.199 |   2.029 |    2.118 | 
     | datapath/LT_TC_OP_g1833          | A ^ -> ZN v  | INV_X1    | 0.053 |   2.082 |    2.172 | 
     | datapath/LT_TC_OP_g1804          | A1 v -> ZN v | AND2_X1   | 0.117 |   2.199 |    2.288 | 
     | datapath/LT_TC_OP_g1781          | A v -> ZN ^  | AOI21_X1  | 0.188 |   2.387 |    2.476 | 
     | datapath/LT_TC_OP_g1776          | A ^ -> ZN v  | INV_X1    | 0.039 |   2.426 |    2.516 | 
     | datapath/LT_TC_OP_g1765          | B v -> ZN ^  | AOI211_X1 | 0.260 |   2.687 |    2.776 | 
     | datapath/LT_TC_OP_g1747          | C2 ^ -> ZN v | AOI221_X1 | 0.081 |   2.768 |    2.858 | 
     | datapath/FE_RC_400_0             | C1 v -> ZN ^ | OAI221_X1 | 0.129 |   2.897 |    2.986 | 
     | datapath/LT_TC_OP_g1745          | C1 ^ -> ZN v | AOI221_X1 | 0.072 |   2.968 |    3.058 | 
     | datapath/FE_OFC956_IFID_lessThan | A v -> Z v   | BUF_X2    | 0.119 |   3.088 |    3.177 | 
     | datapath/g16081                  | A1 v -> ZN v | AND2_X2   | 0.087 |   3.175 |    3.264 | 
     | datapath/g16079                  | A1 v -> ZN v | OR2_X2    | 0.167 |   3.342 |    3.431 | 
     | g1059                            | A1 v -> ZN v | AND2_X1   | 0.112 |   3.453 |    3.543 | 
     | datapath/FE_OFC852_IFID_flush    | A v -> Z v   | CLKBUF_X3 | 0.219 |   3.673 |    3.762 | 
     | datapath/g35514                  | A1 v -> ZN ^ | NOR2_X1   | 0.140 |   3.813 |    3.902 | 
     | datapath/IFID_pc_reg[17]         | D ^          | DFFR_X1   | 0.000 |   3.813 |    3.902 | 
     +------------------------------------------------------------------------------------------+ 
Path 48: MET Setup Check with Pin datapath/IFID_pc_reg[9]/CK 
Endpoint:   datapath/IFID_pc_reg[9]/D     (^) checked with  leading edge of 
'clk'
Beginpoint: datapath/IFID_instr_reg[17]/Q (^) triggered by  leading edge of 
'clk'
Path Groups: {reg2reg}
Analysis View: WC_VIEW
Other End Arrival Time          0.001
- Setup                         0.084
+ Phase Shift                   4.100
+ CPPR Adjustment               0.000
- Uncertainty                   0.100
= Required Time                 3.917
- Arrival Time                  3.826
= Slack Time                    0.090
     Clock Rise Edge                 0.000
     + Clock Network Latency (Prop)  0.010
     = Beginpoint Arrival Time       0.010
     +------------------------------------------------------------------------------------------+ 
     |             Instance             |     Arc      |   Cell    | Delay | Arrival | Required | 
     |                                  |              |           |       |  Time   |   Time   | 
     |----------------------------------+--------------+-----------+-------+---------+----------| 
     | datapath/IFID_instr_reg[17]      | CK ^         |           |       |   0.010 |    0.100 | 
     | datapath/IFID_instr_reg[17]      | CK ^ -> Q ^  | DFFR_X1   | 0.447 |   0.457 |    0.547 | 
     | datapath/FE_OFC241_IFID_rs1_2    | A ^ -> Z ^   | BUF_X1    | 0.271 |   0.728 |    0.818 | 
     | datapath/g26897                  | A ^ -> Z v   | XOR2_X1   | 0.075 |   0.803 |    0.893 | 
     | datapath/g26745                  | A2 v -> ZN ^ | NOR3_X1   | 0.201 |   1.003 |    1.094 | 
     | datapath/g26732                  | A1 ^ -> ZN ^ | AND4_X1   | 0.224 |   1.227 |    1.317 | 
     | datapath/g26729                  | A ^ -> ZN v  | INV_X1    | 0.025 |   1.252 |    1.343 | 
     | datapath/g26725                  | A1 v -> ZN v | OR2_X1    | 0.179 |   1.431 |    1.521 | 
     | datapath/g26715                  | B2 v -> ZN ^ | AOI21_X1  | 0.158 |   1.589 |    1.679 | 
     | datapath/FE_OFC228_n_702         | A ^ -> Z ^   | BUF_X4    | 0.160 |   1.749 |    1.840 | 
     | datapath/FE_OFC229_n_702         | A ^ -> ZN v  | INV_X4    | 0.081 |   1.830 |    1.920 | 
     | datapath/FE_RC_667_0             | C1 v -> ZN ^ | OAI221_X1 | 0.199 |   2.029 |    2.119 | 
     | datapath/LT_TC_OP_g1833          | A ^ -> ZN v  | INV_X1    | 0.053 |   2.082 |    2.172 | 
     | datapath/LT_TC_OP_g1804          | A1 v -> ZN v | AND2_X1   | 0.117 |   2.199 |    2.289 | 
     | datapath/LT_TC_OP_g1781          | A v -> ZN ^  | AOI21_X1  | 0.188 |   2.387 |    2.477 | 
     | datapath/LT_TC_OP_g1776          | A ^ -> ZN v  | INV_X1    | 0.039 |   2.426 |    2.517 | 
     | datapath/LT_TC_OP_g1765          | B v -> ZN ^  | AOI211_X1 | 0.260 |   2.687 |    2.777 | 
     | datapath/LT_TC_OP_g1747          | C2 ^ -> ZN v | AOI221_X1 | 0.081 |   2.768 |    2.858 | 
     | datapath/FE_RC_400_0             | C1 v -> ZN ^ | OAI221_X1 | 0.129 |   2.897 |    2.987 | 
     | datapath/LT_TC_OP_g1745          | C1 ^ -> ZN v | AOI221_X1 | 0.072 |   2.968 |    3.059 | 
     | datapath/FE_OFC956_IFID_lessThan | A v -> Z v   | BUF_X2    | 0.119 |   3.088 |    3.178 | 
     | datapath/g16081                  | A1 v -> ZN v | AND2_X2   | 0.087 |   3.175 |    3.265 | 
     | datapath/g16079                  | A1 v -> ZN v | OR2_X2    | 0.167 |   3.342 |    3.432 | 
     | g1059                            | A1 v -> ZN v | AND2_X1   | 0.112 |   3.453 |    3.543 | 
     | datapath/FE_OFC852_IFID_flush    | A v -> Z v   | CLKBUF_X3 | 0.219 |   3.673 |    3.763 | 
     | datapath/g35505                  | A1 v -> ZN ^ | NOR2_X1   | 0.154 |   3.826 |    3.917 | 
     | datapath/IFID_pc_reg[9]          | D ^          | DFFR_X1   | 0.000 |   3.826 |    3.917 | 
     +------------------------------------------------------------------------------------------+ 
Path 49: MET Setup Check with Pin datapath/IFID_pc_reg[23]/CK 
Endpoint:   datapath/IFID_pc_reg[23]/D    (^) checked with  leading edge of 
'clk'
Beginpoint: datapath/IFID_instr_reg[17]/Q (^) triggered by  leading edge of 
'clk'
Path Groups: {reg2reg}
Analysis View: WC_VIEW
Other End Arrival Time         -0.000
- Setup                         0.088
+ Phase Shift                   4.100
+ CPPR Adjustment               0.000
- Uncertainty                   0.100
= Required Time                 3.912
- Arrival Time                  3.821
= Slack Time                    0.091
     Clock Rise Edge                 0.000
     + Clock Network Latency (Prop)  0.010
     = Beginpoint Arrival Time       0.010
     +------------------------------------------------------------------------------------------+ 
     |             Instance             |     Arc      |   Cell    | Delay | Arrival | Required | 
     |                                  |              |           |       |  Time   |   Time   | 
     |----------------------------------+--------------+-----------+-------+---------+----------| 
     | datapath/IFID_instr_reg[17]      | CK ^         |           |       |   0.010 |    0.101 | 
     | datapath/IFID_instr_reg[17]      | CK ^ -> Q ^  | DFFR_X1   | 0.447 |   0.457 |    0.548 | 
     | datapath/FE_OFC241_IFID_rs1_2    | A ^ -> Z ^   | BUF_X1    | 0.271 |   0.728 |    0.819 | 
     | datapath/g26897                  | A ^ -> Z v   | XOR2_X1   | 0.075 |   0.803 |    0.894 | 
     | datapath/g26745                  | A2 v -> ZN ^ | NOR3_X1   | 0.201 |   1.003 |    1.094 | 
     | datapath/g26732                  | A1 ^ -> ZN ^ | AND4_X1   | 0.224 |   1.227 |    1.318 | 
     | datapath/g26729                  | A ^ -> ZN v  | INV_X1    | 0.025 |   1.252 |    1.343 | 
     | datapath/g26725                  | A1 v -> ZN v | OR2_X1    | 0.179 |   1.431 |    1.522 | 
     | datapath/g26715                  | B2 v -> ZN ^ | AOI21_X1  | 0.158 |   1.589 |    1.680 | 
     | datapath/FE_OFC228_n_702         | A ^ -> Z ^   | BUF_X4    | 0.160 |   1.749 |    1.840 | 
     | datapath/FE_OFC229_n_702         | A ^ -> ZN v  | INV_X4    | 0.081 |   1.830 |    1.921 | 
     | datapath/FE_RC_667_0             | C1 v -> ZN ^ | OAI221_X1 | 0.199 |   2.029 |    2.120 | 
     | datapath/LT_TC_OP_g1833          | A ^ -> ZN v  | INV_X1    | 0.053 |   2.082 |    2.173 | 
     | datapath/LT_TC_OP_g1804          | A1 v -> ZN v | AND2_X1   | 0.117 |   2.199 |    2.290 | 
     | datapath/LT_TC_OP_g1781          | A v -> ZN ^  | AOI21_X1  | 0.188 |   2.387 |    2.478 | 
     | datapath/LT_TC_OP_g1776          | A ^ -> ZN v  | INV_X1    | 0.039 |   2.426 |    2.517 | 
     | datapath/LT_TC_OP_g1765          | B v -> ZN ^  | AOI211_X1 | 0.260 |   2.687 |    2.778 | 
     | datapath/LT_TC_OP_g1747          | C2 ^ -> ZN v | AOI221_X1 | 0.081 |   2.768 |    2.859 | 
     | datapath/FE_RC_400_0             | C1 v -> ZN ^ | OAI221_X1 | 0.129 |   2.897 |    2.988 | 
     | datapath/LT_TC_OP_g1745          | C1 ^ -> ZN v | AOI221_X1 | 0.072 |   2.968 |    3.059 | 
     | datapath/FE_OFC956_IFID_lessThan | A v -> Z v   | BUF_X2    | 0.119 |   3.088 |    3.179 | 
     | datapath/g16081                  | A1 v -> ZN v | AND2_X2   | 0.087 |   3.175 |    3.266 | 
     | datapath/g16079                  | A1 v -> ZN v | OR2_X2    | 0.167 |   3.342 |    3.433 | 
     | g1059                            | A1 v -> ZN v | AND2_X1   | 0.112 |   3.453 |    3.544 | 
     | datapath/FE_OFC852_IFID_flush    | A v -> Z v   | CLKBUF_X3 | 0.219 |   3.673 |    3.764 | 
     | datapath/g35518                  | A1 v -> ZN ^ | NOR2_X1   | 0.148 |   3.821 |    3.912 | 
     | datapath/IFID_pc_reg[23]         | D ^          | DFFR_X1   | 0.000 |   3.821 |    3.912 | 
     +------------------------------------------------------------------------------------------+ 
Path 50: MET Setup Check with Pin datapath/IFID_pc_reg[24]/CK 
Endpoint:   datapath/IFID_pc_reg[24]/D    (^) checked with  leading edge of 
'clk'
Beginpoint: datapath/IFID_instr_reg[17]/Q (^) triggered by  leading edge of 
'clk'
Path Groups: {reg2reg}
Analysis View: WC_VIEW
Other End Arrival Time         -0.037
- Setup                         0.085
+ Phase Shift                   4.100
+ CPPR Adjustment               0.000
- Uncertainty                   0.100
= Required Time                 3.878
- Arrival Time                  3.787
= Slack Time                    0.091
     Clock Rise Edge                 0.000
     + Clock Network Latency (Prop)  0.010
     = Beginpoint Arrival Time       0.010
     +------------------------------------------------------------------------------------------+ 
     |             Instance             |     Arc      |   Cell    | Delay | Arrival | Required | 
     |                                  |              |           |       |  Time   |   Time   | 
     |----------------------------------+--------------+-----------+-------+---------+----------| 
     | datapath/IFID_instr_reg[17]      | CK ^         |           |       |   0.010 |    0.101 | 
     | datapath/IFID_instr_reg[17]      | CK ^ -> Q ^  | DFFR_X1   | 0.447 |   0.457 |    0.548 | 
     | datapath/FE_OFC241_IFID_rs1_2    | A ^ -> Z ^   | BUF_X1    | 0.271 |   0.728 |    0.819 | 
     | datapath/g26897                  | A ^ -> Z v   | XOR2_X1   | 0.075 |   0.803 |    0.894 | 
     | datapath/g26745                  | A2 v -> ZN ^ | NOR3_X1   | 0.201 |   1.003 |    1.094 | 
     | datapath/g26732                  | A1 ^ -> ZN ^ | AND4_X1   | 0.224 |   1.227 |    1.318 | 
     | datapath/g26729                  | A ^ -> ZN v  | INV_X1    | 0.025 |   1.252 |    1.343 | 
     | datapath/g26725                  | A1 v -> ZN v | OR2_X1    | 0.179 |   1.431 |    1.522 | 
     | datapath/g26715                  | B2 v -> ZN ^ | AOI21_X1  | 0.158 |   1.589 |    1.680 | 
     | datapath/FE_OFC228_n_702         | A ^ -> Z ^   | BUF_X4    | 0.160 |   1.749 |    1.840 | 
     | datapath/FE_OFC229_n_702         | A ^ -> ZN v  | INV_X4    | 0.081 |   1.830 |    1.921 | 
     | datapath/FE_RC_667_0             | C1 v -> ZN ^ | OAI221_X1 | 0.199 |   2.029 |    2.120 | 
     | datapath/LT_TC_OP_g1833          | A ^ -> ZN v  | INV_X1    | 0.053 |   2.082 |    2.173 | 
     | datapath/LT_TC_OP_g1804          | A1 v -> ZN v | AND2_X1   | 0.117 |   2.199 |    2.290 | 
     | datapath/LT_TC_OP_g1781          | A v -> ZN ^  | AOI21_X1  | 0.188 |   2.387 |    2.478 | 
     | datapath/LT_TC_OP_g1776          | A ^ -> ZN v  | INV_X1    | 0.039 |   2.426 |    2.518 | 
     | datapath/LT_TC_OP_g1765          | B v -> ZN ^  | AOI211_X1 | 0.260 |   2.687 |    2.778 | 
     | datapath/LT_TC_OP_g1747          | C2 ^ -> ZN v | AOI221_X1 | 0.081 |   2.768 |    2.859 | 
     | datapath/FE_RC_400_0             | C1 v -> ZN ^ | OAI221_X1 | 0.129 |   2.897 |    2.988 | 
     | datapath/LT_TC_OP_g1745          | C1 ^ -> ZN v | AOI221_X1 | 0.072 |   2.968 |    3.059 | 
     | datapath/FE_OFC956_IFID_lessThan | A v -> Z v   | BUF_X2    | 0.119 |   3.088 |    3.179 | 
     | datapath/g16081                  | A1 v -> ZN v | AND2_X2   | 0.087 |   3.175 |    3.266 | 
     | datapath/g16079                  | A1 v -> ZN v | OR2_X2    | 0.167 |   3.342 |    3.433 | 
     | g1059                            | A1 v -> ZN v | AND2_X1   | 0.112 |   3.453 |    3.544 | 
     | datapath/FE_OFC851_IFID_flush    | A v -> Z v   | CLKBUF_X3 | 0.201 |   3.654 |    3.745 | 
     | datapath/g35517                  | A1 v -> ZN ^ | NOR2_X1   | 0.133 |   3.787 |    3.878 | 
     | datapath/IFID_pc_reg[24]         | D ^          | DFFR_X1   | 0.000 |   3.787 |    3.878 | 
     +------------------------------------------------------------------------------------------+ 

