###############################################################
#  Generated by:      Cadence Innovus 23.12-s091_1
#  OS:                Linux x86_64(Host ID nanohub-2908156-5)
#  Generated on:      Wed Aug 12 16:19:19 2026
#  Design:            pipelined_cpu_core
#  Command:           report_timing -late  -max_paths 50 -nworst 1 > reports/40_final_setup.rpt
###############################################################
Path 1: MET Setup Check with Pin datapath/IF_pc_reg[31]/CK 
Endpoint:   datapath/IF_pc_reg[31]/D      (^) checked with  leading edge of 
'clk'
Beginpoint: datapath/IFID_instr_reg[5]/QN (v) triggered by  leading edge of 
'clk'
Path Groups: {reg2reg}
Analysis View: WC_VIEW
Other End Arrival Time          0.061
- Setup                         0.087
+ Phase Shift                   4.000
+ CPPR Adjustment               0.000
- Uncertainty                   0.100
= Required Time                 3.874
- Arrival Time                  3.872
= Slack Time                    0.002
     Clock Rise Edge                 0.000
     + Clock Network Latency (Prop)  0.079
     = Beginpoint Arrival Time       0.079
     +-----------------------------------------------------------------------------------------------------------+ 
     |                      Instance                      |     Arc      |   Cell   | Delay | Arrival | Required | 
     |                                                    |              |          |       |  Time   |   Time   | 
     |----------------------------------------------------+--------------+----------+-------+---------+----------| 
     | datapath/IFID_instr_reg[5]                         | CK ^         |          |       |   0.079 |    0.081 | 
     | datapath/IFID_instr_reg[5]                         | CK ^ -> QN v | DFFR_X1  | 0.280 |   0.358 |    0.360 | 
     | datapath/g35764                                    | A v -> ZN ^  | INV_X1   | 0.086 |   0.444 |    0.446 | 
     | datapath/immediate_generation/g3593__7098          | A1 ^ -> ZN ^ | AND2_X1  | 0.118 |   0.562 |    0.564 | 
     | datapath/immediate_generation/g3583__3680          | A2 ^ -> ZN v | NAND2_X1 | 0.059 |   0.621 |    0.623 | 
     | datapath/immediate_generation/g3564__9945          | A1 v -> ZN ^ | NAND2_X2 | 0.060 |   0.682 |    0.684 | 
     | datapath/immediate_generation/g3555__7098          | A1 ^ -> ZN v | NAND2_X1 | 0.073 |   0.755 |    0.757 | 
     | datapath/immediate_generation/g3551                | A v -> ZN ^  | INV_X1   | 0.053 |   0.808 |    0.810 | 
     | datapath/immediate_generation/g3548__3680          | A1 ^ -> ZN v | NAND2_X1 | 0.035 |   0.842 |    0.844 | 
     | datapath/immediate_generation/g3543__4319          | A1 v -> ZN ^ | NAND2_X1 | 0.137 |   0.979 |    0.981 | 
     | datapath/pc_plus_imm/FA_GEN[3].fa_i/FE_OFC854_IFID | A ^ -> ZN v  | INV_X1   | 0.038 |   1.017 |    1.019 | 
     | _imm_3                                             |              |          |       |         |          | 
     | datapath/pc_plus_imm/FA_GEN[3].fa_i/g157__8428     | A1 v -> ZN ^ | NAND2_X1 | 0.050 |   1.067 |    1.069 | 
     | datapath/pc_plus_imm/FA_GEN[3].fa_i/g155__6260     | A2 ^ -> ZN v | NAND2_X1 | 0.048 |   1.115 |    1.117 | 
     | datapath/pc_plus_imm/FA_GEN[3].fa_i/g153__2398     | A1 v -> ZN ^ | NAND2_X2 | 0.058 |   1.173 |    1.175 | 
     | datapath/pc_plus_imm/FA_GEN[4].fa_i/g155__1617     | A1 ^ -> ZN v | NAND2_X2 | 0.049 |   1.222 |    1.224 | 
     | datapath/pc_plus_imm/FA_GEN[4].fa_i/g153__6783     | A1 v -> ZN ^ | NAND2_X4 | 0.046 |   1.268 |    1.270 | 
     | datapath/pc_plus_imm/FA_GEN[5].fa_i/g155__6131     | A1 ^ -> ZN v | NAND2_X2 | 0.045 |   1.314 |    1.316 | 
     | datapath/pc_plus_imm/FA_GEN[5].fa_i/g153__8246     | A1 v -> ZN ^ | NAND2_X4 | 0.051 |   1.365 |    1.367 | 
     | datapath/pc_plus_imm/FA_GEN[6].fa_i/g155__9315     | A1 ^ -> ZN v | NAND2_X4 | 0.037 |   1.402 |    1.404 | 
     | datapath/pc_plus_imm/FA_GEN[6].fa_i/g153__4733     | A1 v -> ZN ^ | NAND2_X4 | 0.049 |   1.451 |    1.453 | 
     | datapath/pc_plus_imm/FA_GEN[7].fa_i/g155__6417     | A1 ^ -> ZN v | NAND2_X4 | 0.037 |   1.488 |    1.490 | 
     | datapath/pc_plus_imm/FA_GEN[7].fa_i/g153__1666     | A1 v -> ZN ^ | NAND2_X4 | 0.048 |   1.536 |    1.538 | 
     | datapath/pc_plus_imm/FA_GEN[8].fa_i/g2__8428       | A1 ^ -> ZN v | NAND2_X4 | 0.037 |   1.573 |    1.575 | 
     | datapath/pc_plus_imm/FA_GEN[8].fa_i/g153__5107     | A1 v -> ZN ^ | NAND2_X4 | 0.048 |   1.621 |    1.623 | 
     | datapath/pc_plus_imm/FA_GEN[9].fa_i/g155__1617     | A1 ^ -> ZN v | NAND2_X4 | 0.037 |   1.657 |    1.659 | 
     | datapath/pc_plus_imm/FA_GEN[9].fa_i/g153__6783     | A1 v -> ZN ^ | NAND2_X4 | 0.048 |   1.705 |    1.707 | 
     | datapath/pc_plus_imm/FA_GEN[10].fa_i/g137__7098    | A1 ^ -> ZN v | NAND2_X4 | 0.037 |   1.742 |    1.744 | 
     | datapath/pc_plus_imm/FA_GEN[10].fa_i/g135__5122    | A1 v -> ZN ^ | NAND2_X4 | 0.051 |   1.792 |    1.794 | 
     | datapath/pc_plus_imm/FA_GEN[11].fa_i/g155__4733    | A1 ^ -> ZN v | NAND2_X4 | 0.038 |   1.830 |    1.832 | 
     | datapath/pc_plus_imm/FA_GEN[11].fa_i/g153__5115    | A1 v -> ZN ^ | NAND2_X4 | 0.048 |   1.879 |    1.881 | 
     | datapath/pc_plus_imm/FA_GEN[12].fa_i/g155__2346    | A1 ^ -> ZN v | NAND2_X4 | 0.037 |   1.915 |    1.917 | 
     | datapath/pc_plus_imm/FA_GEN[12].fa_i/g153__9945    | A1 v -> ZN ^ | NAND2_X4 | 0.048 |   1.963 |    1.965 | 
     | datapath/pc_plus_imm/FA_GEN[13].fa_i/g155__2398    | A1 ^ -> ZN v | NAND2_X4 | 0.037 |   2.000 |    2.002 | 
     | datapath/pc_plus_imm/FA_GEN[13].fa_i/g153__6417    | A1 v -> ZN ^ | NAND2_X4 | 0.049 |   2.049 |    2.051 | 
     | datapath/pc_plus_imm/FA_GEN[14].fa_i/g155__5526    | A1 ^ -> ZN v | NAND2_X4 | 0.037 |   2.087 |    2.089 | 
     | datapath/pc_plus_imm/FA_GEN[14].fa_i/g153__4319    | A1 v -> ZN ^ | NAND2_X4 | 0.057 |   2.144 |    2.146 | 
     | datapath/pc_plus_imm/FA_GEN[15].fa_i/g155__1705    | A1 ^ -> ZN v | NAND2_X4 | 0.041 |   2.185 |    2.187 | 
     | datapath/pc_plus_imm/FA_GEN[15].fa_i/g153__1617    | A1 v -> ZN ^ | NAND2_X4 | 0.049 |   2.235 |    2.237 | 
     | datapath/pc_plus_imm/FA_GEN[16].fa_i/g155__1881    | A1 ^ -> ZN v | NAND2_X4 | 0.037 |   2.272 |    2.274 | 
     | datapath/pc_plus_imm/FA_GEN[16].fa_i/g153__7098    | A1 v -> ZN ^ | NAND2_X4 | 0.048 |   2.320 |    2.322 | 
     | datapath/pc_plus_imm/FA_GEN[17].fa_i/g155__9315    | A1 ^ -> ZN v | NAND2_X4 | 0.037 |   2.357 |    2.359 | 
     | datapath/pc_plus_imm/FA_GEN[17].fa_i/g153__4733    | A1 v -> ZN ^ | NAND2_X4 | 0.048 |   2.405 |    2.407 | 
     | datapath/pc_plus_imm/FA_GEN[18].fa_i/g155__7410    | A1 ^ -> ZN v | NAND2_X4 | 0.037 |   2.442 |    2.444 | 
     | datapath/pc_plus_imm/FA_GEN[18].fa_i/g153__2346    | A1 v -> ZN ^ | NAND2_X4 | 0.049 |   2.491 |    2.493 | 
     | datapath/pc_plus_imm/FA_GEN[19].fa_i/g155__6260    | A1 ^ -> ZN v | NAND2_X4 | 0.038 |   2.529 |    2.531 | 
     | datapath/pc_plus_imm/FA_GEN[19].fa_i/g153__2398    | A1 v -> ZN ^ | NAND2_X4 | 0.042 |   2.570 |    2.572 | 
     | datapath/pc_plus_imm/FA_GEN[20].fa_i/g155__3680    | A1 ^ -> ZN v | NAND2_X2 | 0.042 |   2.613 |    2.615 | 
     | datapath/pc_plus_imm/FA_GEN[20].fa_i/g153__5526    | A1 v -> ZN ^ | NAND2_X4 | 0.044 |   2.656 |    2.658 | 
     | datapath/pc_plus_imm/FA_GEN[21].fa_i/g155__8246    | A1 ^ -> ZN v | NAND2_X2 | 0.042 |   2.699 |    2.701 | 
     | datapath/pc_plus_imm/FA_GEN[21].fa_i/g153__1705    | A1 v -> ZN ^ | NAND2_X4 | 0.050 |   2.748 |    2.750 | 
     | datapath/pc_plus_imm/FA_GEN[22].fa_i/g155__7482    | A1 ^ -> ZN v | NAND2_X4 | 0.037 |   2.785 |    2.787 | 
     | datapath/pc_plus_imm/FA_GEN[22].fa_i/g153__1881    | A1 v -> ZN ^ | NAND2_X4 | 0.048 |   2.833 |    2.835 | 
     | datapath/pc_plus_imm/FA_GEN[23].fa_i/g155__2883    | A1 ^ -> ZN v | NAND2_X4 | 0.037 |   2.870 |    2.872 | 
     | datapath/pc_plus_imm/FA_GEN[23].fa_i/g153__9315    | A1 v -> ZN ^ | NAND2_X4 | 0.043 |   2.914 |    2.916 | 
     | datapath/pc_plus_imm/FA_GEN[24].fa_i/g155__5477    | A1 ^ -> ZN v | NAND2_X2 | 0.043 |   2.957 |    2.959 | 
     | datapath/pc_plus_imm/FA_GEN[24].fa_i/g153__7410    | A1 v -> ZN ^ | NAND2_X4 | 0.054 |   3.011 |    3.013 | 
     | datapath/pc_plus_imm/FA_GEN[25].fa_i/g155__4319    | A1 ^ -> ZN v | NAND2_X4 | 0.039 |   3.050 |    3.052 | 
     | datapath/pc_plus_imm/FA_GEN[25].fa_i/g153__6260    | A1 v -> ZN ^ | NAND2_X4 | 0.046 |   3.096 |    3.098 | 
     | datapath/pc_plus_imm/FA_GEN[26].fa_i/g155__1617    | A1 ^ -> ZN v | NAND2_X2 | 0.045 |   3.140 |    3.142 | 
     | datapath/pc_plus_imm/FA_GEN[26].fa_i/g153__3680    | A1 v -> ZN ^ | NAND2_X4 | 0.044 |   3.184 |    3.186 | 
     | datapath/pc_plus_imm/FA_GEN[27].fa_i/g155__7098    | A1 ^ -> ZN v | NAND2_X2 | 0.043 |   3.226 |    3.228 | 
     | datapath/pc_plus_imm/FA_GEN[27].fa_i/g153__8246    | A1 v -> ZN ^ | NAND2_X4 | 0.045 |   3.271 |    3.273 | 
     | datapath/pc_plus_imm/FA_GEN[28].fa_i/g149__4733    | A1 ^ -> ZN v | NAND2_X2 | 0.043 |   3.314 |    3.316 | 
     | datapath/pc_plus_imm/FA_GEN[28].fa_i/g147__7482    | A1 v -> ZN ^ | NAND2_X4 | 0.045 |   3.359 |    3.361 | 
     | datapath/pc_plus_imm/FA_GEN[29].fa_i/g119__2346    | A1 ^ -> ZN v | NAND2_X2 | 0.035 |   3.394 |    3.396 | 
     | datapath/pc_plus_imm/FA_GEN[29].fa_i/g117__2883    | A1 v -> ZN ^ | NAND2_X2 | 0.047 |   3.442 |    3.444 | 
     | datapath/pc_plus_imm/FA_GEN[30].fa_i/g120__2398    | A1 ^ -> ZN v | NAND2_X1 | 0.039 |   3.480 |    3.482 | 
     | datapath/pc_plus_imm/FA_GEN[30].fa_i/g118__5477    | A1 v -> ZN ^ | NAND2_X1 | 0.063 |   3.543 |    3.545 | 
     | datapath/pc_plus_imm/FA_GEN[31].fa_i/FE_RC_482_0   | A1 ^ -> ZN v | NAND2_X1 | 0.044 |   3.587 |    3.589 | 
     | datapath/pc_plus_imm/FA_GEN[31].fa_i/FE_RC_481_0   | A v -> ZN ^  | OAI21_X1 | 0.071 |   3.658 |    3.660 | 
     | datapath/branch_or_inc_4/g849__7410                | A1 ^ -> ZN v | NAND2_X1 | 0.051 |   3.710 |    3.712 | 
     | datapath/branch_or_inc_4/g816__9315                | A1 v -> ZN ^ | NAND2_X1 | 0.051 |   3.760 |    3.762 | 
     | datapath/g35738                                    | A ^ -> ZN v  | INV_X1   | 0.024 |   3.784 |    3.786 | 
     | datapath/FE_RC_26_0                                | B1 v -> ZN ^ | OAI21_X1 | 0.088 |   3.872 |    3.874 | 
     | datapath/IF_pc_reg[31]                             | D ^          | DFFR_X1  | 0.000 |   3.872 |    3.874 | 
     +-----------------------------------------------------------------------------------------------------------+ 
Path 2: MET Setup Check with Pin datapath/IFID_instr_reg[27]/CK 
Endpoint:   datapath/IFID_instr_reg[27]/D  (^) checked with  leading edge of 
'clk'
Beginpoint: datapath/IFID_instr_reg[22]/QN (v) triggered by  leading edge of 
'clk'
Path Groups: {reg2reg}
Analysis View: WC_VIEW
Other End Arrival Time          0.066
- Setup                         0.086
+ Phase Shift                   4.000
+ CPPR Adjustment               0.000
- Uncertainty                   0.100
= Required Time                 3.880
- Arrival Time                  3.876
= Slack Time                    0.004
     Clock Rise Edge                 0.000
     + Clock Network Latency (Prop)  0.081
     = Beginpoint Arrival Time       0.081
     +-------------------------------------------------------------------------------------------------+ 
     |                Instance                 |     Arc      |   Cell    | Delay | Arrival | Required | 
     |                                         |              |           |       |  Time   |   Time   | 
     |-----------------------------------------+--------------+-----------+-------+---------+----------| 
     | datapath/IFID_instr_reg[22]             | CK ^         |           |       |   0.081 |    0.085 | 
     | datapath/IFID_instr_reg[22]             | CK ^ -> QN v | DFFR_X1   | 0.298 |   0.379 |    0.383 | 
     | datapath/g35745                         | A v -> ZN ^  | INV_X4    | 0.110 |   0.489 |    0.492 | 
     | datapath/g522__1617                     | A1 ^ -> ZN v | NOR2_X1   | 0.053 |   0.541 |    0.545 | 
     | datapath/g518__3680                     | A1 v -> ZN v | AND2_X1   | 0.128 |   0.670 |    0.673 | 
     | datapath/g489__2802                     | A2 v -> ZN v | AND2_X1   | 0.113 |   0.783 |    0.787 | 
     | datapath/FE_OFC276_registers_n_2588     | A v -> Z v   | CLKBUF_X3 | 0.221 |   1.005 |    1.008 | 
     | datapath/g36695                         | A2 v -> ZN ^ | AOI22_X1  | 0.190 |   1.194 |    1.198 | 
     | datapath/g3501                          | A3 ^ -> ZN ^ | AND4_X1   | 0.240 |   1.434 |    1.438 | 
     | datapath/g3433                          | A1 ^ -> ZN v | NAND4_X1  | 0.126 |   1.560 |    1.564 | 
     | datapath/g3393                          | A1 v -> ZN v | OR3_X1    | 0.324 |   1.884 |    1.888 | 
     | datapath/g26128                         | A1 v -> ZN ^ | AOI222_X1 | 0.293 |   2.177 |    2.180 | 
     | datapath/g26114                         | A ^ -> ZN v  | INV_X1    | 0.073 |   2.249 |    2.253 | 
     | datapath/LT_TC_OP_g1804                 | B2 v -> ZN ^ | AOI22_X1  | 0.192 |   2.441 |    2.445 | 
     | datapath/LT_TC_OP_g1776                 | A1 ^ -> ZN v | AOI222_X1 | 0.068 |   2.509 |    2.512 | 
     | datapath/FE_RC_556_0                    | C2 v -> ZN ^ | OAI221_X1 | 0.195 |   2.704 |    2.707 | 
     | datapath/LT_TC_OP_g1765                 | B1 ^ -> ZN v | AOI21_X1  | 0.088 |   2.792 |    2.796 | 
     | datapath/FE_RC_706_0                    | C1 v -> ZN ^ | OAI211_X1 | 0.142 |   2.934 |    2.938 | 
     | datapath/FE_RC_590_0                    | C1 ^ -> ZN v | AOI221_X1 | 0.082 |   3.016 |    3.020 | 
     | datapath/g16080                         | A1 v -> ZN v | AND2_X1   | 0.120 |   3.136 |    3.140 | 
     | datapath/g16078                         | A1 v -> ZN v | OR2_X2    | 0.171 |   3.307 |    3.311 | 
     | datapath/FE_OFC825_IFID_takeBranch      | A v -> Z v   | BUF_X4    | 0.102 |   3.410 |    3.414 | 
     | g1064                                   | A1 v -> ZN v | AND2_X1   | 0.105 |   3.515 |    3.519 | 
     | datapath/FE_OFC195_IFID_flush           | A v -> ZN ^  | INV_X1    | 0.130 |   3.646 |    3.649 | 
     | datapath/FE_OFC823_FE_OFN177_IFID_flush | A ^ -> ZN v  | INV_X8    | 0.093 |   3.738 |    3.742 | 
     | datapath/g35463                         | A1 v -> ZN ^ | NOR2_X1   | 0.138 |   3.876 |    3.880 | 
     | datapath/IFID_instr_reg[27]             | D ^          | DFFR_X1   | 0.000 |   3.876 |    3.880 | 
     +-------------------------------------------------------------------------------------------------+ 
Path 3: MET Setup Check with Pin datapath/IFID_pc_reg[27]/CK 
Endpoint:   datapath/IFID_pc_reg[27]/D     (^) checked with  leading edge of 
'clk'
Beginpoint: datapath/IFID_instr_reg[22]/QN (v) triggered by  leading edge of 
'clk'
Path Groups: {reg2reg}
Analysis View: WC_VIEW
Other End Arrival Time          0.061
- Setup                         0.084
+ Phase Shift                   4.000
+ CPPR Adjustment               0.000
- Uncertainty                   0.100
= Required Time                 3.877
- Arrival Time                  3.867
= Slack Time                    0.010
     Clock Rise Edge                 0.000
     + Clock Network Latency (Prop)  0.081
     = Beginpoint Arrival Time       0.081
     +-------------------------------------------------------------------------------------------------+ 
     |                Instance                 |     Arc      |   Cell    | Delay | Arrival | Required | 
     |                                         |              |           |       |  Time   |   Time   | 
     |-----------------------------------------+--------------+-----------+-------+---------+----------| 
     | datapath/IFID_instr_reg[22]             | CK ^         |           |       |   0.081 |    0.091 | 
     | datapath/IFID_instr_reg[22]             | CK ^ -> QN v | DFFR_X1   | 0.298 |   0.379 |    0.389 | 
     | datapath/g35745                         | A v -> ZN ^  | INV_X4    | 0.110 |   0.489 |    0.498 | 
     | datapath/g522__1617                     | A1 ^ -> ZN v | NOR2_X1   | 0.053 |   0.541 |    0.551 | 
     | datapath/g518__3680                     | A1 v -> ZN v | AND2_X1   | 0.128 |   0.670 |    0.679 | 
     | datapath/g489__2802                     | A2 v -> ZN v | AND2_X1   | 0.113 |   0.783 |    0.793 | 
     | datapath/FE_OFC276_registers_n_2588     | A v -> Z v   | CLKBUF_X3 | 0.221 |   1.005 |    1.014 | 
     | datapath/g36695                         | A2 v -> ZN ^ | AOI22_X1  | 0.190 |   1.194 |    1.204 | 
     | datapath/g3501                          | A3 ^ -> ZN ^ | AND4_X1   | 0.240 |   1.434 |    1.444 | 
     | datapath/g3433                          | A1 ^ -> ZN v | NAND4_X1  | 0.126 |   1.560 |    1.570 | 
     | datapath/g3393                          | A1 v -> ZN v | OR3_X1    | 0.324 |   1.884 |    1.894 | 
     | datapath/g26128                         | A1 v -> ZN ^ | AOI222_X1 | 0.293 |   2.177 |    2.186 | 
     | datapath/g26114                         | A ^ -> ZN v  | INV_X1    | 0.073 |   2.249 |    2.259 | 
     | datapath/LT_TC_OP_g1804                 | B2 v -> ZN ^ | AOI22_X1  | 0.192 |   2.441 |    2.451 | 
     | datapath/LT_TC_OP_g1776                 | A1 ^ -> ZN v | AOI222_X1 | 0.068 |   2.509 |    2.518 | 
     | datapath/FE_RC_556_0                    | C2 v -> ZN ^ | OAI221_X1 | 0.195 |   2.704 |    2.713 | 
     | datapath/LT_TC_OP_g1765                 | B1 ^ -> ZN v | AOI21_X1  | 0.088 |   2.792 |    2.802 | 
     | datapath/FE_RC_706_0                    | C1 v -> ZN ^ | OAI211_X1 | 0.142 |   2.934 |    2.944 | 
     | datapath/FE_RC_590_0                    | C1 ^ -> ZN v | AOI221_X1 | 0.082 |   3.016 |    3.026 | 
     | datapath/g16080                         | A1 v -> ZN v | AND2_X1   | 0.120 |   3.136 |    3.146 | 
     | datapath/g16078                         | A1 v -> ZN v | OR2_X2    | 0.171 |   3.307 |    3.317 | 
     | datapath/FE_OFC825_IFID_takeBranch      | A v -> Z v   | BUF_X4    | 0.102 |   3.410 |    3.420 | 
     | g1064                                   | A1 v -> ZN v | AND2_X1   | 0.105 |   3.515 |    3.525 | 
     | datapath/FE_OFC195_IFID_flush           | A v -> ZN ^  | INV_X1    | 0.130 |   3.646 |    3.655 | 
     | datapath/FE_OFC823_FE_OFN177_IFID_flush | A ^ -> ZN v  | INV_X8    | 0.093 |   3.738 |    3.748 | 
     | datapath/g35523                         | A1 v -> ZN ^ | NOR2_X1   | 0.129 |   3.867 |    3.877 | 
     | datapath/IFID_pc_reg[27]                | D ^          | DFFR_X1   | 0.000 |   3.867 |    3.877 | 
     +-------------------------------------------------------------------------------------------------+ 
Path 4: MET Setup Check with Pin datapath/IFID_instr_reg[24]/CK 
Endpoint:   datapath/IFID_instr_reg[24]/D  (^) checked with  leading edge of 
'clk'
Beginpoint: datapath/IFID_instr_reg[22]/QN (v) triggered by  leading edge of 
'clk'
Path Groups: {reg2reg}
Analysis View: WC_VIEW
Other End Arrival Time          0.047
- Setup                         0.087
+ Phase Shift                   4.000
+ CPPR Adjustment               0.000
- Uncertainty                   0.100
= Required Time                 3.860
- Arrival Time                  3.844
= Slack Time                    0.015
     Clock Rise Edge                 0.000
     + Clock Network Latency (Prop)  0.081
     = Beginpoint Arrival Time       0.081
     +-------------------------------------------------------------------------------------------------+ 
     |                Instance                 |     Arc      |   Cell    | Delay | Arrival | Required | 
     |                                         |              |           |       |  Time   |   Time   | 
     |-----------------------------------------+--------------+-----------+-------+---------+----------| 
     | datapath/IFID_instr_reg[22]             | CK ^         |           |       |   0.081 |    0.097 | 
     | datapath/IFID_instr_reg[22]             | CK ^ -> QN v | DFFR_X1   | 0.298 |   0.379 |    0.394 | 
     | datapath/g35745                         | A v -> ZN ^  | INV_X4    | 0.110 |   0.489 |    0.504 | 
     | datapath/g522__1617                     | A1 ^ -> ZN v | NOR2_X1   | 0.053 |   0.541 |    0.557 | 
     | datapath/g518__3680                     | A1 v -> ZN v | AND2_X1   | 0.128 |   0.670 |    0.685 | 
     | datapath/g489__2802                     | A2 v -> ZN v | AND2_X1   | 0.113 |   0.783 |    0.799 | 
     | datapath/FE_OFC276_registers_n_2588     | A v -> Z v   | CLKBUF_X3 | 0.221 |   1.005 |    1.020 | 
     | datapath/g36695                         | A2 v -> ZN ^ | AOI22_X1  | 0.190 |   1.194 |    1.210 | 
     | datapath/g3501                          | A3 ^ -> ZN ^ | AND4_X1   | 0.240 |   1.434 |    1.449 | 
     | datapath/g3433                          | A1 ^ -> ZN v | NAND4_X1  | 0.126 |   1.560 |    1.576 | 
     | datapath/g3393                          | A1 v -> ZN v | OR3_X1    | 0.324 |   1.884 |    1.899 | 
     | datapath/g26128                         | A1 v -> ZN ^ | AOI222_X1 | 0.293 |   2.177 |    2.192 | 
     | datapath/g26114                         | A ^ -> ZN v  | INV_X1    | 0.073 |   2.249 |    2.265 | 
     | datapath/LT_TC_OP_g1804                 | B2 v -> ZN ^ | AOI22_X1  | 0.192 |   2.441 |    2.456 | 
     | datapath/LT_TC_OP_g1776                 | A1 ^ -> ZN v | AOI222_X1 | 0.068 |   2.509 |    2.524 | 
     | datapath/FE_RC_556_0                    | C2 v -> ZN ^ | OAI221_X1 | 0.195 |   2.704 |    2.719 | 
     | datapath/LT_TC_OP_g1765                 | B1 ^ -> ZN v | AOI21_X1  | 0.088 |   2.792 |    2.807 | 
     | datapath/FE_RC_706_0                    | C1 v -> ZN ^ | OAI211_X1 | 0.142 |   2.934 |    2.950 | 
     | datapath/FE_RC_590_0                    | C1 ^ -> ZN v | AOI221_X1 | 0.082 |   3.016 |    3.032 | 
     | datapath/g16080                         | A1 v -> ZN v | AND2_X1   | 0.120 |   3.136 |    3.152 | 
     | datapath/g16078                         | A1 v -> ZN v | OR2_X2    | 0.171 |   3.307 |    3.323 | 
     | datapath/FE_OFC825_IFID_takeBranch      | A v -> Z v   | BUF_X4    | 0.102 |   3.410 |    3.425 | 
     | g1064                                   | A1 v -> ZN v | AND2_X1   | 0.105 |   3.515 |    3.531 | 
     | datapath/FE_OFC195_IFID_flush           | A v -> ZN ^  | INV_X1    | 0.130 |   3.646 |    3.661 | 
     | datapath/FE_OFC823_FE_OFN177_IFID_flush | A ^ -> ZN v  | INV_X8    | 0.093 |   3.738 |    3.754 | 
     | datapath/g35460                         | A1 v -> ZN ^ | NOR2_X1   | 0.106 |   3.844 |    3.860 | 
     | datapath/IFID_instr_reg[24]             | D ^          | DFFR_X1   | 0.000 |   3.844 |    3.860 | 
     +-------------------------------------------------------------------------------------------------+ 
Path 5: MET Setup Check with Pin datapath/IF_pc_reg[10]/CK 
Endpoint:   datapath/IF_pc_reg[10]/D      (v) checked with  leading edge of 
'clk'
Beginpoint: datapath/IFID_instr_reg[18]/Q (^) triggered by  leading edge of 
'clk'
Path Groups: {reg2reg}
Analysis View: WC_VIEW
Other End Arrival Time          0.065
- Setup                         0.246
+ Phase Shift                   4.000
+ CPPR Adjustment               0.000
- Uncertainty                   0.100
= Required Time                 3.720
- Arrival Time                  3.703
= Slack Time                    0.017
     Clock Rise Edge                 0.000
     + Clock Network Latency (Prop)  0.078
     = Beginpoint Arrival Time       0.078
     +------------------------------------------------------------------------------------------------------------+ 
     |                      Instance                      |     Arc      |   Cell    | Delay | Arrival | Required | 
     |                                                    |              |           |       |  Time   |   Time   | 
     |----------------------------------------------------+--------------+-----------+-------+---------+----------| 
     | datapath/IFID_instr_reg[18]                        | CK ^         |           |       |   0.078 |    0.094 | 
     | datapath/IFID_instr_reg[18]                        | CK ^ -> Q ^  | DFFR_X1   | 0.557 |   0.634 |    0.651 | 
     | datapath/g521__9315                                | A1 ^ -> ZN v | NAND2_X1  | 0.156 |   0.791 |    0.807 | 
     | datapath/g472__1617                                | A1 v -> ZN ^ | NOR2_X1   | 0.335 |   1.126 |    1.142 | 
     | datapath/FE_OFC878_registers_n_2509                | A ^ -> Z ^   | CLKBUF_X3 | 0.390 |   1.516 |    1.532 | 
     | datapath/g3883                                     | B1 ^ -> ZN v | AOI22_X1  | 0.115 |   1.631 |    1.647 | 
     | datapath/g3498__2802                               | A3 v -> ZN v | AND4_X1   | 0.168 |   1.798 |    1.815 | 
     | datapath/g3408__4319                               | A1 v -> ZN ^ | NAND4_X1  | 0.127 |   1.925 |    1.942 | 
     | datapath/g26225                                    | A1 ^ -> ZN v | AOI222_X1 | 0.064 |   1.989 |    2.006 | 
     | datapath/FE_OFC185_LT_TC_OP_n_31                   | A v -> Z v   | BUF_X1    | 0.137 |   2.126 |    2.143 | 
     | datapath/LT_TC_OP_g1823                            | A1 v -> ZN v | OR2_X2    | 0.158 |   2.285 |    2.301 | 
     | datapath/LT_TC_OP_g1808                            | A v -> ZN ^  | OAI21_X1  | 0.093 |   2.378 |    2.394 | 
     | datapath/LT_TC_OP_g1802                            | A ^ -> ZN v  | INV_X1    | 0.038 |   2.416 |    2.432 | 
     | datapath/LT_TC_OP_g1793                            | A v -> ZN ^  | OAI211_X1 | 0.095 |   2.511 |    2.527 | 
     | datapath/LT_TC_OP_g1766                            | B2 ^ -> ZN v | OAI221_X1 | 0.143 |   2.654 |    2.671 | 
     | datapath/FE_RC_590_0                               | A v -> ZN ^  | AOI221_X1 | 0.363 |   3.017 |    3.034 | 
     | datapath/g16080                                    | A1 ^ -> ZN ^ | AND2_X1   | 0.162 |   3.179 |    3.196 | 
     | datapath/g16078                                    | A1 ^ -> ZN ^ | OR2_X2    | 0.095 |   3.274 |    3.291 | 
     | datapath/branch_or_inc_4/FE_OFC824_IFID_takeBranch | A ^ -> Z ^   | BUF_X4    | 0.178 |   3.452 |    3.469 | 
     | datapath/branch_or_inc_4/g833__2802                | S ^ -> Z v   | MUX2_X1   | 0.251 |   3.703 |    3.720 | 
     | datapath/IF_pc_reg[10]                             | D v          | SDFFR_X1  | 0.000 |   3.703 |    3.720 | 
     +------------------------------------------------------------------------------------------------------------+ 
Path 6: MET Setup Check with Pin datapath/IFID_pc_reg[6]/CK 
Endpoint:   datapath/IFID_pc_reg[6]/D      (^) checked with  leading edge of 
'clk'
Beginpoint: datapath/IFID_instr_reg[22]/QN (v) triggered by  leading edge of 
'clk'
Path Groups: {reg2reg}
Analysis View: WC_VIEW
Other End Arrival Time          0.065
- Setup                         0.083
+ Phase Shift                   4.000
+ CPPR Adjustment               0.000
- Uncertainty                   0.100
= Required Time                 3.882
- Arrival Time                  3.865
= Slack Time                    0.017
     Clock Rise Edge                 0.000
     + Clock Network Latency (Prop)  0.081
     = Beginpoint Arrival Time       0.081
     +-------------------------------------------------------------------------------------------------+ 
     |                Instance                 |     Arc      |   Cell    | Delay | Arrival | Required | 
     |                                         |              |           |       |  Time   |   Time   | 
     |-----------------------------------------+--------------+-----------+-------+---------+----------| 
     | datapath/IFID_instr_reg[22]             | CK ^         |           |       |   0.081 |    0.098 | 
     | datapath/IFID_instr_reg[22]             | CK ^ -> QN v | DFFR_X1   | 0.298 |   0.379 |    0.396 | 
     | datapath/g35745                         | A v -> ZN ^  | INV_X4    | 0.110 |   0.489 |    0.506 | 
     | datapath/g522__1617                     | A1 ^ -> ZN v | NOR2_X1   | 0.053 |   0.541 |    0.559 | 
     | datapath/g518__3680                     | A1 v -> ZN v | AND2_X1   | 0.128 |   0.670 |    0.687 | 
     | datapath/g489__2802                     | A2 v -> ZN v | AND2_X1   | 0.113 |   0.783 |    0.800 | 
     | datapath/FE_OFC276_registers_n_2588     | A v -> Z v   | CLKBUF_X3 | 0.221 |   1.005 |    1.022 | 
     | datapath/g36695                         | A2 v -> ZN ^ | AOI22_X1  | 0.190 |   1.194 |    1.212 | 
     | datapath/g3501                          | A3 ^ -> ZN ^ | AND4_X1   | 0.240 |   1.434 |    1.451 | 
     | datapath/g3433                          | A1 ^ -> ZN v | NAND4_X1  | 0.126 |   1.560 |    1.578 | 
     | datapath/g3393                          | A1 v -> ZN v | OR3_X1    | 0.324 |   1.884 |    1.901 | 
     | datapath/g26128                         | A1 v -> ZN ^ | AOI222_X1 | 0.293 |   2.177 |    2.194 | 
     | datapath/g26114                         | A ^ -> ZN v  | INV_X1    | 0.073 |   2.249 |    2.267 | 
     | datapath/LT_TC_OP_g1804                 | B2 v -> ZN ^ | AOI22_X1  | 0.192 |   2.441 |    2.458 | 
     | datapath/LT_TC_OP_g1776                 | A1 ^ -> ZN v | AOI222_X1 | 0.068 |   2.509 |    2.526 | 
     | datapath/FE_RC_556_0                    | C2 v -> ZN ^ | OAI221_X1 | 0.195 |   2.704 |    2.721 | 
     | datapath/LT_TC_OP_g1765                 | B1 ^ -> ZN v | AOI21_X1  | 0.088 |   2.792 |    2.809 | 
     | datapath/FE_RC_706_0                    | C1 v -> ZN ^ | OAI211_X1 | 0.142 |   2.934 |    2.951 | 
     | datapath/FE_RC_590_0                    | C1 ^ -> ZN v | AOI221_X1 | 0.082 |   3.016 |    3.034 | 
     | datapath/g16080                         | A1 v -> ZN v | AND2_X1   | 0.120 |   3.136 |    3.153 | 
     | datapath/g16078                         | A1 v -> ZN v | OR2_X2    | 0.171 |   3.307 |    3.325 | 
     | datapath/FE_OFC825_IFID_takeBranch      | A v -> Z v   | BUF_X4    | 0.102 |   3.410 |    3.427 | 
     | g1064                                   | A1 v -> ZN v | AND2_X1   | 0.105 |   3.515 |    3.533 | 
     | datapath/FE_OFC195_IFID_flush           | A v -> ZN ^  | INV_X1    | 0.130 |   3.646 |    3.663 | 
     | datapath/FE_OFC823_FE_OFN177_IFID_flush | A ^ -> ZN v  | INV_X8    | 0.093 |   3.738 |    3.756 | 
     | datapath/g35504                         | A1 v -> ZN ^ | NOR2_X1   | 0.127 |   3.865 |    3.882 | 
     | datapath/IFID_pc_reg[6]                 | D ^          | DFFR_X1   | 0.000 |   3.865 |    3.882 | 
     +-------------------------------------------------------------------------------------------------+ 
Path 7: MET Setup Check with Pin datapath/IFID_pc_reg[7]/CK 
Endpoint:   datapath/IFID_pc_reg[7]/D      (^) checked with  leading edge of 
'clk'
Beginpoint: datapath/IFID_instr_reg[22]/QN (v) triggered by  leading edge of 
'clk'
Path Groups: {reg2reg}
Analysis View: WC_VIEW
Other End Arrival Time          0.061
- Setup                         0.082
+ Phase Shift                   4.000
+ CPPR Adjustment               0.000
- Uncertainty                   0.100
= Required Time                 3.879
- Arrival Time                  3.862
= Slack Time                    0.017
     Clock Rise Edge                 0.000
     + Clock Network Latency (Prop)  0.081
     = Beginpoint Arrival Time       0.081
     +-------------------------------------------------------------------------------------------------+ 
     |                Instance                 |     Arc      |   Cell    | Delay | Arrival | Required | 
     |                                         |              |           |       |  Time   |   Time   | 
     |-----------------------------------------+--------------+-----------+-------+---------+----------| 
     | datapath/IFID_instr_reg[22]             | CK ^         |           |       |   0.081 |    0.098 | 
     | datapath/IFID_instr_reg[22]             | CK ^ -> QN v | DFFR_X1   | 0.298 |   0.379 |    0.396 | 
     | datapath/g35745                         | A v -> ZN ^  | INV_X4    | 0.110 |   0.489 |    0.506 | 
     | datapath/g522__1617                     | A1 ^ -> ZN v | NOR2_X1   | 0.053 |   0.541 |    0.559 | 
     | datapath/g518__3680                     | A1 v -> ZN v | AND2_X1   | 0.128 |   0.670 |    0.687 | 
     | datapath/g489__2802                     | A2 v -> ZN v | AND2_X1   | 0.113 |   0.783 |    0.800 | 
     | datapath/FE_OFC276_registers_n_2588     | A v -> Z v   | CLKBUF_X3 | 0.221 |   1.005 |    1.022 | 
     | datapath/g36695                         | A2 v -> ZN ^ | AOI22_X1  | 0.190 |   1.194 |    1.212 | 
     | datapath/g3501                          | A3 ^ -> ZN ^ | AND4_X1   | 0.240 |   1.434 |    1.451 | 
     | datapath/g3433                          | A1 ^ -> ZN v | NAND4_X1  | 0.126 |   1.560 |    1.578 | 
     | datapath/g3393                          | A1 v -> ZN v | OR3_X1    | 0.324 |   1.884 |    1.901 | 
     | datapath/g26128                         | A1 v -> ZN ^ | AOI222_X1 | 0.293 |   2.177 |    2.194 | 
     | datapath/g26114                         | A ^ -> ZN v  | INV_X1    | 0.073 |   2.249 |    2.267 | 
     | datapath/LT_TC_OP_g1804                 | B2 v -> ZN ^ | AOI22_X1  | 0.192 |   2.441 |    2.458 | 
     | datapath/LT_TC_OP_g1776                 | A1 ^ -> ZN v | AOI222_X1 | 0.068 |   2.509 |    2.526 | 
     | datapath/FE_RC_556_0                    | C2 v -> ZN ^ | OAI221_X1 | 0.195 |   2.704 |    2.721 | 
     | datapath/LT_TC_OP_g1765                 | B1 ^ -> ZN v | AOI21_X1  | 0.088 |   2.792 |    2.809 | 
     | datapath/FE_RC_706_0                    | C1 v -> ZN ^ | OAI211_X1 | 0.142 |   2.934 |    2.951 | 
     | datapath/FE_RC_590_0                    | C1 ^ -> ZN v | AOI221_X1 | 0.082 |   3.016 |    3.034 | 
     | datapath/g16080                         | A1 v -> ZN v | AND2_X1   | 0.120 |   3.136 |    3.153 | 
     | datapath/g16078                         | A1 v -> ZN v | OR2_X2    | 0.171 |   3.307 |    3.325 | 
     | datapath/FE_OFC825_IFID_takeBranch      | A v -> Z v   | BUF_X4    | 0.102 |   3.410 |    3.427 | 
     | g1064                                   | A1 v -> ZN v | AND2_X1   | 0.105 |   3.515 |    3.533 | 
     | datapath/FE_OFC195_IFID_flush           | A v -> ZN ^  | INV_X1    | 0.130 |   3.646 |    3.663 | 
     | datapath/FE_OFC823_FE_OFN177_IFID_flush | A ^ -> ZN v  | INV_X8    | 0.093 |   3.738 |    3.756 | 
     | datapath/g35505                         | A1 v -> ZN ^ | NOR2_X1   | 0.123 |   3.862 |    3.879 | 
     | datapath/IFID_pc_reg[7]                 | D ^          | DFFR_X1   | 0.000 |   3.862 |    3.879 | 
     +-------------------------------------------------------------------------------------------------+ 
Path 8: MET Setup Check with Pin datapath/IFID_instr_reg[26]/CK 
Endpoint:   datapath/IFID_instr_reg[26]/D  (^) checked with  leading edge of 
'clk'
Beginpoint: datapath/IFID_instr_reg[22]/QN (v) triggered by  leading edge of 
'clk'
Path Groups: {reg2reg}
Analysis View: WC_VIEW
Other End Arrival Time          0.061
- Setup                         0.082
+ Phase Shift                   4.000
+ CPPR Adjustment               0.000
- Uncertainty                   0.100
= Required Time                 3.880
- Arrival Time                  3.861
= Slack Time                    0.019
     Clock Rise Edge                 0.000
     + Clock Network Latency (Prop)  0.081
     = Beginpoint Arrival Time       0.081
     +-------------------------------------------------------------------------------------------------+ 
     |                Instance                 |     Arc      |   Cell    | Delay | Arrival | Required | 
     |                                         |              |           |       |  Time   |   Time   | 
     |-----------------------------------------+--------------+-----------+-------+---------+----------| 
     | datapath/IFID_instr_reg[22]             | CK ^         |           |       |   0.081 |    0.100 | 
     | datapath/IFID_instr_reg[22]             | CK ^ -> QN v | DFFR_X1   | 0.298 |   0.379 |    0.398 | 
     | datapath/g35745                         | A v -> ZN ^  | INV_X4    | 0.110 |   0.489 |    0.508 | 
     | datapath/g522__1617                     | A1 ^ -> ZN v | NOR2_X1   | 0.053 |   0.541 |    0.561 | 
     | datapath/g518__3680                     | A1 v -> ZN v | AND2_X1   | 0.128 |   0.670 |    0.689 | 
     | datapath/g489__2802                     | A2 v -> ZN v | AND2_X1   | 0.113 |   0.783 |    0.802 | 
     | datapath/FE_OFC276_registers_n_2588     | A v -> Z v   | CLKBUF_X3 | 0.221 |   1.005 |    1.024 | 
     | datapath/g36695                         | A2 v -> ZN ^ | AOI22_X1  | 0.190 |   1.194 |    1.214 | 
     | datapath/g3501                          | A3 ^ -> ZN ^ | AND4_X1   | 0.240 |   1.434 |    1.453 | 
     | datapath/g3433                          | A1 ^ -> ZN v | NAND4_X1  | 0.126 |   1.560 |    1.580 | 
     | datapath/g3393                          | A1 v -> ZN v | OR3_X1    | 0.324 |   1.884 |    1.903 | 
     | datapath/g26128                         | A1 v -> ZN ^ | AOI222_X1 | 0.293 |   2.177 |    2.196 | 
     | datapath/g26114                         | A ^ -> ZN v  | INV_X1    | 0.073 |   2.249 |    2.269 | 
     | datapath/LT_TC_OP_g1804                 | B2 v -> ZN ^ | AOI22_X1  | 0.192 |   2.441 |    2.460 | 
     | datapath/LT_TC_OP_g1776                 | A1 ^ -> ZN v | AOI222_X1 | 0.068 |   2.509 |    2.528 | 
     | datapath/FE_RC_556_0                    | C2 v -> ZN ^ | OAI221_X1 | 0.195 |   2.704 |    2.723 | 
     | datapath/LT_TC_OP_g1765                 | B1 ^ -> ZN v | AOI21_X1  | 0.088 |   2.792 |    2.811 | 
     | datapath/FE_RC_706_0                    | C1 v -> ZN ^ | OAI211_X1 | 0.142 |   2.934 |    2.953 | 
     | datapath/FE_RC_590_0                    | C1 ^ -> ZN v | AOI221_X1 | 0.082 |   3.016 |    3.036 | 
     | datapath/g16080                         | A1 v -> ZN v | AND2_X1   | 0.120 |   3.136 |    3.155 | 
     | datapath/g16078                         | A1 v -> ZN v | OR2_X2    | 0.171 |   3.307 |    3.327 | 
     | datapath/FE_OFC825_IFID_takeBranch      | A v -> Z v   | BUF_X4    | 0.102 |   3.410 |    3.429 | 
     | g1064                                   | A1 v -> ZN v | AND2_X1   | 0.105 |   3.515 |    3.535 | 
     | datapath/FE_OFC195_IFID_flush           | A v -> ZN ^  | INV_X1    | 0.130 |   3.646 |    3.665 | 
     | datapath/FE_OFC823_FE_OFN177_IFID_flush | A ^ -> ZN v  | INV_X8    | 0.093 |   3.738 |    3.758 | 
     | datapath/g35462                         | A1 v -> ZN ^ | NOR2_X1   | 0.122 |   3.861 |    3.880 | 
     | datapath/IFID_instr_reg[26]             | D ^          | DFFR_X1   | 0.000 |   3.861 |    3.880 | 
     +-------------------------------------------------------------------------------------------------+ 
Path 9: MET Setup Check with Pin datapath/IF_pc_reg[7]/CK 
Endpoint:   datapath/IF_pc_reg[7]/D       (v) checked with  leading edge of 
'clk'
Beginpoint: datapath/IFID_instr_reg[18]/Q (^) triggered by  leading edge of 
'clk'
Path Groups: {reg2reg}
Analysis View: WC_VIEW
Other End Arrival Time          0.061
- Setup                         0.245
+ Phase Shift                   4.000
+ CPPR Adjustment               0.000
- Uncertainty                   0.100
= Required Time                 3.716
- Arrival Time                  3.696
= Slack Time                    0.020
     Clock Rise Edge                 0.000
     + Clock Network Latency (Prop)  0.078
     = Beginpoint Arrival Time       0.078
     +------------------------------------------------------------------------------------------------------------+ 
     |                      Instance                      |     Arc      |   Cell    | Delay | Arrival | Required | 
     |                                                    |              |           |       |  Time   |   Time   | 
     |----------------------------------------------------+--------------+-----------+-------+---------+----------| 
     | datapath/IFID_instr_reg[18]                        | CK ^         |           |       |   0.078 |    0.098 | 
     | datapath/IFID_instr_reg[18]                        | CK ^ -> Q ^  | DFFR_X1   | 0.557 |   0.634 |    0.654 | 
     | datapath/g521__9315                                | A1 ^ -> ZN v | NAND2_X1  | 0.156 |   0.791 |    0.811 | 
     | datapath/g472__1617                                | A1 v -> ZN ^ | NOR2_X1   | 0.335 |   1.126 |    1.146 | 
     | datapath/FE_OFC878_registers_n_2509                | A ^ -> Z ^   | CLKBUF_X3 | 0.390 |   1.516 |    1.535 | 
     | datapath/g3883                                     | B1 ^ -> ZN v | AOI22_X1  | 0.115 |   1.631 |    1.650 | 
     | datapath/g3498__2802                               | A3 v -> ZN v | AND4_X1   | 0.168 |   1.798 |    1.818 | 
     | datapath/g3408__4319                               | A1 v -> ZN ^ | NAND4_X1  | 0.127 |   1.925 |    1.945 | 
     | datapath/g26225                                    | A1 ^ -> ZN v | AOI222_X1 | 0.064 |   1.989 |    2.009 | 
     | datapath/FE_OFC185_LT_TC_OP_n_31                   | A v -> Z v   | BUF_X1    | 0.137 |   2.126 |    2.146 | 
     | datapath/LT_TC_OP_g1823                            | A1 v -> ZN v | OR2_X2    | 0.158 |   2.285 |    2.304 | 
     | datapath/LT_TC_OP_g1808                            | A v -> ZN ^  | OAI21_X1  | 0.093 |   2.378 |    2.398 | 
     | datapath/LT_TC_OP_g1802                            | A ^ -> ZN v  | INV_X1    | 0.038 |   2.416 |    2.436 | 
     | datapath/LT_TC_OP_g1793                            | A v -> ZN ^  | OAI211_X1 | 0.095 |   2.511 |    2.531 | 
     | datapath/LT_TC_OP_g1766                            | B2 ^ -> ZN v | OAI221_X1 | 0.143 |   2.654 |    2.674 | 
     | datapath/FE_RC_590_0                               | A v -> ZN ^  | AOI221_X1 | 0.363 |   3.017 |    3.037 | 
     | datapath/g16080                                    | A1 ^ -> ZN ^ | AND2_X1   | 0.162 |   3.179 |    3.199 | 
     | datapath/g16078                                    | A1 ^ -> ZN ^ | OR2_X2    | 0.095 |   3.274 |    3.294 | 
     | datapath/branch_or_inc_4/FE_OFC824_IFID_takeBranch | A ^ -> Z ^   | BUF_X4    | 0.178 |   3.452 |    3.472 | 
     | datapath/branch_or_inc_4/g838__6131                | S ^ -> Z v   | MUX2_X1   | 0.244 |   3.696 |    3.716 | 
     | datapath/IF_pc_reg[7]                              | D v          | SDFFR_X1  | 0.000 |   3.696 |    3.716 | 
     +------------------------------------------------------------------------------------------------------------+ 
Path 10: MET Setup Check with Pin datapath/IFID_instr_reg[28]/CK 
Endpoint:   datapath/IFID_instr_reg[28]/D  (^) checked with  leading edge of 
'clk'
Beginpoint: datapath/IFID_instr_reg[22]/QN (v) triggered by  leading edge of 
'clk'
Path Groups: {reg2reg}
Analysis View: WC_VIEW
Other End Arrival Time          0.061
- Setup                         0.081
+ Phase Shift                   4.000
+ CPPR Adjustment               0.000
- Uncertainty                   0.100
= Required Time                 3.880
- Arrival Time                  3.859
= Slack Time                    0.022
     Clock Rise Edge                 0.000
     + Clock Network Latency (Prop)  0.081
     = Beginpoint Arrival Time       0.081
     +-------------------------------------------------------------------------------------------------+ 
     |                Instance                 |     Arc      |   Cell    | Delay | Arrival | Required | 
     |                                         |              |           |       |  Time   |   Time   | 
     |-----------------------------------------+--------------+-----------+-------+---------+----------| 
     | datapath/IFID_instr_reg[22]             | CK ^         |           |       |   0.081 |    0.103 | 
     | datapath/IFID_instr_reg[22]             | CK ^ -> QN v | DFFR_X1   | 0.298 |   0.379 |    0.401 | 
     | datapath/g35745                         | A v -> ZN ^  | INV_X4    | 0.110 |   0.489 |    0.510 | 
     | datapath/g522__1617                     | A1 ^ -> ZN v | NOR2_X1   | 0.053 |   0.541 |    0.563 | 
     | datapath/g518__3680                     | A1 v -> ZN v | AND2_X1   | 0.128 |   0.670 |    0.692 | 
     | datapath/g489__2802                     | A2 v -> ZN v | AND2_X1   | 0.113 |   0.783 |    0.805 | 
     | datapath/FE_OFC276_registers_n_2588     | A v -> Z v   | CLKBUF_X3 | 0.221 |   1.005 |    1.026 | 
     | datapath/g36695                         | A2 v -> ZN ^ | AOI22_X1  | 0.190 |   1.194 |    1.216 | 
     | datapath/g3501                          | A3 ^ -> ZN ^ | AND4_X1   | 0.240 |   1.434 |    1.456 | 
     | datapath/g3433                          | A1 ^ -> ZN v | NAND4_X1  | 0.126 |   1.560 |    1.582 | 
     | datapath/g3393                          | A1 v -> ZN v | OR3_X1    | 0.324 |   1.884 |    1.906 | 
     | datapath/g26128                         | A1 v -> ZN ^ | AOI222_X1 | 0.293 |   2.177 |    2.198 | 
     | datapath/g26114                         | A ^ -> ZN v  | INV_X1    | 0.073 |   2.249 |    2.271 | 
     | datapath/LT_TC_OP_g1804                 | B2 v -> ZN ^ | AOI22_X1  | 0.192 |   2.441 |    2.463 | 
     | datapath/LT_TC_OP_g1776                 | A1 ^ -> ZN v | AOI222_X1 | 0.068 |   2.509 |    2.530 | 
     | datapath/FE_RC_556_0                    | C2 v -> ZN ^ | OAI221_X1 | 0.195 |   2.704 |    2.725 | 
     | datapath/LT_TC_OP_g1765                 | B1 ^ -> ZN v | AOI21_X1  | 0.088 |   2.792 |    2.814 | 
     | datapath/FE_RC_706_0                    | C1 v -> ZN ^ | OAI211_X1 | 0.142 |   2.934 |    2.956 | 
     | datapath/FE_RC_590_0                    | C1 ^ -> ZN v | AOI221_X1 | 0.082 |   3.016 |    3.038 | 
     | datapath/g16080                         | A1 v -> ZN v | AND2_X1   | 0.120 |   3.136 |    3.158 | 
     | datapath/g16078                         | A1 v -> ZN v | OR2_X2    | 0.171 |   3.307 |    3.329 | 
     | datapath/FE_OFC825_IFID_takeBranch      | A v -> Z v   | BUF_X4    | 0.102 |   3.410 |    3.432 | 
     | g1064                                   | A1 v -> ZN v | AND2_X1   | 0.105 |   3.515 |    3.537 | 
     | datapath/FE_OFC195_IFID_flush           | A v -> ZN ^  | INV_X1    | 0.130 |   3.646 |    3.667 | 
     | datapath/FE_OFC823_FE_OFN177_IFID_flush | A ^ -> ZN v  | INV_X8    | 0.093 |   3.738 |    3.760 | 
     | datapath/g35464                         | A1 v -> ZN ^ | NOR2_X1   | 0.120 |   3.859 |    3.880 | 
     | datapath/IFID_instr_reg[28]             | D ^          | DFFR_X1   | 0.000 |   3.859 |    3.880 | 
     +-------------------------------------------------------------------------------------------------+ 
Path 11: MET Setup Check with Pin datapath/IFID_pc_reg[26]/CK 
Endpoint:   datapath/IFID_pc_reg[26]/D     (^) checked with  leading edge of 
'clk'
Beginpoint: datapath/IFID_instr_reg[22]/QN (v) triggered by  leading edge of 
'clk'
Path Groups: {reg2reg}
Analysis View: WC_VIEW
Other End Arrival Time          0.061
- Setup                         0.081
+ Phase Shift                   4.000
+ CPPR Adjustment               0.000
- Uncertainty                   0.100
= Required Time                 3.880
- Arrival Time                  3.858
= Slack Time                    0.022
     Clock Rise Edge                 0.000
     + Clock Network Latency (Prop)  0.081
     = Beginpoint Arrival Time       0.081
     +-------------------------------------------------------------------------------------------------+ 
     |                Instance                 |     Arc      |   Cell    | Delay | Arrival | Required | 
     |                                         |              |           |       |  Time   |   Time   | 
     |-----------------------------------------+--------------+-----------+-------+---------+----------| 
     | datapath/IFID_instr_reg[22]             | CK ^         |           |       |   0.081 |    0.103 | 
     | datapath/IFID_instr_reg[22]             | CK ^ -> QN v | DFFR_X1   | 0.298 |   0.379 |    0.401 | 
     | datapath/g35745                         | A v -> ZN ^  | INV_X4    | 0.110 |   0.489 |    0.511 | 
     | datapath/g522__1617                     | A1 ^ -> ZN v | NOR2_X1   | 0.053 |   0.541 |    0.564 | 
     | datapath/g518__3680                     | A1 v -> ZN v | AND2_X1   | 0.128 |   0.670 |    0.692 | 
     | datapath/g489__2802                     | A2 v -> ZN v | AND2_X1   | 0.113 |   0.783 |    0.805 | 
     | datapath/FE_OFC276_registers_n_2588     | A v -> Z v   | CLKBUF_X3 | 0.221 |   1.005 |    1.027 | 
     | datapath/g36695                         | A2 v -> ZN ^ | AOI22_X1  | 0.190 |   1.194 |    1.217 | 
     | datapath/g3501                          | A3 ^ -> ZN ^ | AND4_X1   | 0.240 |   1.434 |    1.456 | 
     | datapath/g3433                          | A1 ^ -> ZN v | NAND4_X1  | 0.126 |   1.560 |    1.583 | 
     | datapath/g3393                          | A1 v -> ZN v | OR3_X1    | 0.324 |   1.884 |    1.906 | 
     | datapath/g26128                         | A1 v -> ZN ^ | AOI222_X1 | 0.293 |   2.177 |    2.199 | 
     | datapath/g26114                         | A ^ -> ZN v  | INV_X1    | 0.073 |   2.249 |    2.272 | 
     | datapath/LT_TC_OP_g1804                 | B2 v -> ZN ^ | AOI22_X1  | 0.192 |   2.441 |    2.463 | 
     | datapath/LT_TC_OP_g1776                 | A1 ^ -> ZN v | AOI222_X1 | 0.068 |   2.509 |    2.531 | 
     | datapath/FE_RC_556_0                    | C2 v -> ZN ^ | OAI221_X1 | 0.195 |   2.704 |    2.726 | 
     | datapath/LT_TC_OP_g1765                 | B1 ^ -> ZN v | AOI21_X1  | 0.088 |   2.792 |    2.814 | 
     | datapath/FE_RC_706_0                    | C1 v -> ZN ^ | OAI211_X1 | 0.142 |   2.934 |    2.956 | 
     | datapath/FE_RC_590_0                    | C1 ^ -> ZN v | AOI221_X1 | 0.082 |   3.016 |    3.039 | 
     | datapath/g16080                         | A1 v -> ZN v | AND2_X1   | 0.120 |   3.136 |    3.158 | 
     | datapath/g16078                         | A1 v -> ZN v | OR2_X2    | 0.171 |   3.307 |    3.330 | 
     | datapath/FE_OFC825_IFID_takeBranch      | A v -> Z v   | BUF_X4    | 0.102 |   3.410 |    3.432 | 
     | g1064                                   | A1 v -> ZN v | AND2_X1   | 0.105 |   3.515 |    3.538 | 
     | datapath/FE_OFC195_IFID_flush           | A v -> ZN ^  | INV_X1    | 0.130 |   3.646 |    3.668 | 
     | datapath/FE_OFC823_FE_OFN177_IFID_flush | A ^ -> ZN v  | INV_X8    | 0.093 |   3.738 |    3.761 | 
     | datapath/g35522                         | A1 v -> ZN ^ | NOR2_X1   | 0.120 |   3.858 |    3.880 | 
     | datapath/IFID_pc_reg[26]                | D ^          | DFFR_X1   | 0.000 |   3.858 |    3.880 | 
     +-------------------------------------------------------------------------------------------------+ 
Path 12: MET Setup Check with Pin datapath/IFID_pc_reg[28]/CK 
Endpoint:   datapath/IFID_pc_reg[28]/D     (^) checked with  leading edge of 
'clk'
Beginpoint: datapath/IFID_instr_reg[22]/QN (v) triggered by  leading edge of 
'clk'
Path Groups: {reg2reg}
Analysis View: WC_VIEW
Other End Arrival Time          0.061
- Setup                         0.080
+ Phase Shift                   4.000
+ CPPR Adjustment               0.000
- Uncertainty                   0.100
= Required Time                 3.880
- Arrival Time                  3.858
= Slack Time                    0.022
     Clock Rise Edge                 0.000
     + Clock Network Latency (Prop)  0.081
     = Beginpoint Arrival Time       0.081
     +-------------------------------------------------------------------------------------------------+ 
     |                Instance                 |     Arc      |   Cell    | Delay | Arrival | Required | 
     |                                         |              |           |       |  Time   |   Time   | 
     |-----------------------------------------+--------------+-----------+-------+---------+----------| 
     | datapath/IFID_instr_reg[22]             | CK ^         |           |       |   0.081 |    0.104 | 
     | datapath/IFID_instr_reg[22]             | CK ^ -> QN v | DFFR_X1   | 0.298 |   0.379 |    0.401 | 
     | datapath/g35745                         | A v -> ZN ^  | INV_X4    | 0.110 |   0.489 |    0.511 | 
     | datapath/g522__1617                     | A1 ^ -> ZN v | NOR2_X1   | 0.053 |   0.541 |    0.564 | 
     | datapath/g518__3680                     | A1 v -> ZN v | AND2_X1   | 0.128 |   0.670 |    0.692 | 
     | datapath/g489__2802                     | A2 v -> ZN v | AND2_X1   | 0.113 |   0.783 |    0.806 | 
     | datapath/FE_OFC276_registers_n_2588     | A v -> Z v   | CLKBUF_X3 | 0.221 |   1.005 |    1.027 | 
     | datapath/g36695                         | A2 v -> ZN ^ | AOI22_X1  | 0.190 |   1.194 |    1.217 | 
     | datapath/g3501                          | A3 ^ -> ZN ^ | AND4_X1   | 0.240 |   1.434 |    1.456 | 
     | datapath/g3433                          | A1 ^ -> ZN v | NAND4_X1  | 0.126 |   1.560 |    1.583 | 
     | datapath/g3393                          | A1 v -> ZN v | OR3_X1    | 0.324 |   1.884 |    1.907 | 
     | datapath/g26128                         | A1 v -> ZN ^ | AOI222_X1 | 0.293 |   2.177 |    2.199 | 
     | datapath/g26114                         | A ^ -> ZN v  | INV_X1    | 0.073 |   2.249 |    2.272 | 
     | datapath/LT_TC_OP_g1804                 | B2 v -> ZN ^ | AOI22_X1  | 0.192 |   2.441 |    2.464 | 
     | datapath/LT_TC_OP_g1776                 | A1 ^ -> ZN v | AOI222_X1 | 0.068 |   2.509 |    2.531 | 
     | datapath/FE_RC_556_0                    | C2 v -> ZN ^ | OAI221_X1 | 0.195 |   2.704 |    2.726 | 
     | datapath/LT_TC_OP_g1765                 | B1 ^ -> ZN v | AOI21_X1  | 0.088 |   2.792 |    2.815 | 
     | datapath/FE_RC_706_0                    | C1 v -> ZN ^ | OAI211_X1 | 0.142 |   2.934 |    2.957 | 
     | datapath/FE_RC_590_0                    | C1 ^ -> ZN v | AOI221_X1 | 0.082 |   3.016 |    3.039 | 
     | datapath/g16080                         | A1 v -> ZN v | AND2_X1   | 0.120 |   3.136 |    3.159 | 
     | datapath/g16078                         | A1 v -> ZN v | OR2_X2    | 0.171 |   3.307 |    3.330 | 
     | datapath/FE_OFC825_IFID_takeBranch      | A v -> Z v   | BUF_X4    | 0.102 |   3.410 |    3.432 | 
     | g1064                                   | A1 v -> ZN v | AND2_X1   | 0.105 |   3.515 |    3.538 | 
     | datapath/FE_OFC195_IFID_flush           | A v -> ZN ^  | INV_X1    | 0.130 |   3.646 |    3.668 | 
     | datapath/FE_OFC823_FE_OFN177_IFID_flush | A ^ -> ZN v  | INV_X8    | 0.093 |   3.738 |    3.761 | 
     | datapath/g35524                         | A1 v -> ZN ^ | NOR2_X1   | 0.120 |   3.858 |    3.880 | 
     | datapath/IFID_pc_reg[28]                | D ^          | DFFR_X1   | 0.000 |   3.858 |    3.880 | 
     +-------------------------------------------------------------------------------------------------+ 
Path 13: MET Setup Check with Pin datapath/IF_pc_reg[8]/CK 
Endpoint:   datapath/IF_pc_reg[8]/D       (v) checked with  leading edge of 
'clk'
Beginpoint: datapath/IFID_instr_reg[18]/Q (^) triggered by  leading edge of 
'clk'
Path Groups: {reg2reg}
Analysis View: WC_VIEW
Other End Arrival Time          0.065
- Setup                         0.244
+ Phase Shift                   4.000
+ CPPR Adjustment               0.000
- Uncertainty                   0.100
= Required Time                 3.721
- Arrival Time                  3.698
= Slack Time                    0.023
     Clock Rise Edge                 0.000
     + Clock Network Latency (Prop)  0.078
     = Beginpoint Arrival Time       0.078
     +------------------------------------------------------------------------------------------------------------+ 
     |                      Instance                      |     Arc      |   Cell    | Delay | Arrival | Required | 
     |                                                    |              |           |       |  Time   |   Time   | 
     |----------------------------------------------------+--------------+-----------+-------+---------+----------| 
     | datapath/IFID_instr_reg[18]                        | CK ^         |           |       |   0.078 |    0.101 | 
     | datapath/IFID_instr_reg[18]                        | CK ^ -> Q ^  | DFFR_X1   | 0.557 |   0.634 |    0.658 | 
     | datapath/g521__9315                                | A1 ^ -> ZN v | NAND2_X1  | 0.156 |   0.791 |    0.814 | 
     | datapath/g472__1617                                | A1 v -> ZN ^ | NOR2_X1   | 0.335 |   1.126 |    1.149 | 
     | datapath/FE_OFC878_registers_n_2509                | A ^ -> Z ^   | CLKBUF_X3 | 0.390 |   1.516 |    1.539 | 
     | datapath/g3883                                     | B1 ^ -> ZN v | AOI22_X1  | 0.115 |   1.631 |    1.654 | 
     | datapath/g3498__2802                               | A3 v -> ZN v | AND4_X1   | 0.168 |   1.798 |    1.821 | 
     | datapath/g3408__4319                               | A1 v -> ZN ^ | NAND4_X1  | 0.127 |   1.925 |    1.948 | 
     | datapath/g26225                                    | A1 ^ -> ZN v | AOI222_X1 | 0.064 |   1.989 |    2.012 | 
     | datapath/FE_OFC185_LT_TC_OP_n_31                   | A v -> Z v   | BUF_X1    | 0.137 |   2.126 |    2.149 | 
     | datapath/LT_TC_OP_g1823                            | A1 v -> ZN v | OR2_X2    | 0.158 |   2.285 |    2.308 | 
     | datapath/LT_TC_OP_g1808                            | A v -> ZN ^  | OAI21_X1  | 0.093 |   2.378 |    2.401 | 
     | datapath/LT_TC_OP_g1802                            | A ^ -> ZN v  | INV_X1    | 0.038 |   2.416 |    2.439 | 
     | datapath/LT_TC_OP_g1793                            | A v -> ZN ^  | OAI211_X1 | 0.095 |   2.511 |    2.534 | 
     | datapath/LT_TC_OP_g1766                            | B2 ^ -> ZN v | OAI221_X1 | 0.143 |   2.654 |    2.677 | 
     | datapath/FE_RC_590_0                               | A v -> ZN ^  | AOI221_X1 | 0.363 |   3.017 |    3.040 | 
     | datapath/g16080                                    | A1 ^ -> ZN ^ | AND2_X1   | 0.162 |   3.179 |    3.202 | 
     | datapath/g16078                                    | A1 ^ -> ZN ^ | OR2_X2    | 0.095 |   3.274 |    3.297 | 
     | datapath/branch_or_inc_4/FE_OFC824_IFID_takeBranch | A ^ -> Z ^   | BUF_X4    | 0.178 |   3.452 |    3.475 | 
     | datapath/branch_or_inc_4/g836__8246                | S ^ -> Z v   | MUX2_X1   | 0.246 |   3.698 |    3.721 | 
     | datapath/IF_pc_reg[8]                              | D v          | SDFFR_X1  | 0.000 |   3.698 |    3.721 | 
     +------------------------------------------------------------------------------------------------------------+ 
Path 14: MET Setup Check with Pin datapath/IFID_instr_reg[29]/CK 
Endpoint:   datapath/IFID_instr_reg[29]/D  (^) checked with  leading edge of 
'clk'
Beginpoint: datapath/IFID_instr_reg[22]/QN (v) triggered by  leading edge of 
'clk'
Path Groups: {reg2reg}
Analysis View: WC_VIEW
Other End Arrival Time          0.061
- Setup                         0.080
+ Phase Shift                   4.000
+ CPPR Adjustment               0.000
- Uncertainty                   0.100
= Required Time                 3.881
- Arrival Time                  3.858
= Slack Time                    0.023
     Clock Rise Edge                 0.000
     + Clock Network Latency (Prop)  0.081
     = Beginpoint Arrival Time       0.081
     +-------------------------------------------------------------------------------------------------+ 
     |                Instance                 |     Arc      |   Cell    | Delay | Arrival | Required | 
     |                                         |              |           |       |  Time   |   Time   | 
     |-----------------------------------------+--------------+-----------+-------+---------+----------| 
     | datapath/IFID_instr_reg[22]             | CK ^         |           |       |   0.081 |    0.105 | 
     | datapath/IFID_instr_reg[22]             | CK ^ -> QN v | DFFR_X1   | 0.298 |   0.379 |    0.402 | 
     | datapath/g35745                         | A v -> ZN ^  | INV_X4    | 0.110 |   0.489 |    0.512 | 
     | datapath/g522__1617                     | A1 ^ -> ZN v | NOR2_X1   | 0.053 |   0.541 |    0.565 | 
     | datapath/g518__3680                     | A1 v -> ZN v | AND2_X1   | 0.128 |   0.670 |    0.693 | 
     | datapath/g489__2802                     | A2 v -> ZN v | AND2_X1   | 0.113 |   0.783 |    0.807 | 
     | datapath/FE_OFC276_registers_n_2588     | A v -> Z v   | CLKBUF_X3 | 0.221 |   1.005 |    1.028 | 
     | datapath/g36695                         | A2 v -> ZN ^ | AOI22_X1  | 0.190 |   1.194 |    1.218 | 
     | datapath/g3501                          | A3 ^ -> ZN ^ | AND4_X1   | 0.240 |   1.434 |    1.457 | 
     | datapath/g3433                          | A1 ^ -> ZN v | NAND4_X1  | 0.126 |   1.560 |    1.584 | 
     | datapath/g3393                          | A1 v -> ZN v | OR3_X1    | 0.324 |   1.884 |    1.907 | 
     | datapath/g26128                         | A1 v -> ZN ^ | AOI222_X1 | 0.293 |   2.177 |    2.200 | 
     | datapath/g26114                         | A ^ -> ZN v  | INV_X1    | 0.073 |   2.249 |    2.273 | 
     | datapath/LT_TC_OP_g1804                 | B2 v -> ZN ^ | AOI22_X1  | 0.192 |   2.441 |    2.464 | 
     | datapath/LT_TC_OP_g1776                 | A1 ^ -> ZN v | AOI222_X1 | 0.068 |   2.509 |    2.532 | 
     | datapath/FE_RC_556_0                    | C2 v -> ZN ^ | OAI221_X1 | 0.195 |   2.704 |    2.727 | 
     | datapath/LT_TC_OP_g1765                 | B1 ^ -> ZN v | AOI21_X1  | 0.088 |   2.792 |    2.815 | 
     | datapath/FE_RC_706_0                    | C1 v -> ZN ^ | OAI211_X1 | 0.142 |   2.934 |    2.958 | 
     | datapath/FE_RC_590_0                    | C1 ^ -> ZN v | AOI221_X1 | 0.082 |   3.016 |    3.040 | 
     | datapath/g16080                         | A1 v -> ZN v | AND2_X1   | 0.120 |   3.136 |    3.160 | 
     | datapath/g16078                         | A1 v -> ZN v | OR2_X2    | 0.171 |   3.307 |    3.331 | 
     | datapath/FE_OFC825_IFID_takeBranch      | A v -> Z v   | BUF_X4    | 0.102 |   3.410 |    3.433 | 
     | g1064                                   | A1 v -> ZN v | AND2_X1   | 0.105 |   3.515 |    3.539 | 
     | datapath/FE_OFC195_IFID_flush           | A v -> ZN ^  | INV_X1    | 0.130 |   3.646 |    3.669 | 
     | datapath/FE_OFC823_FE_OFN177_IFID_flush | A ^ -> ZN v  | INV_X8    | 0.093 |   3.738 |    3.762 | 
     | datapath/g35465                         | A1 v -> ZN ^ | NOR2_X1   | 0.119 |   3.858 |    3.881 | 
     | datapath/IFID_instr_reg[29]             | D ^          | DFFR_X1   | 0.000 |   3.858 |    3.881 | 
     +-------------------------------------------------------------------------------------------------+ 
Path 15: MET Setup Check with Pin datapath/IF_pc_reg[5]/CK 
Endpoint:   datapath/IF_pc_reg[5]/D       (v) checked with  leading edge of 
'clk'
Beginpoint: datapath/IFID_instr_reg[18]/Q (^) triggered by  leading edge of 
'clk'
Path Groups: {reg2reg}
Analysis View: WC_VIEW
Other End Arrival Time          0.065
- Setup                         0.244
+ Phase Shift                   4.000
+ CPPR Adjustment               0.000
- Uncertainty                   0.100
= Required Time                 3.721
- Arrival Time                  3.696
= Slack Time                    0.025
     Clock Rise Edge                 0.000
     + Clock Network Latency (Prop)  0.078
     = Beginpoint Arrival Time       0.078
     +------------------------------------------------------------------------------------------------------------+ 
     |                      Instance                      |     Arc      |   Cell    | Delay | Arrival | Required | 
     |                                                    |              |           |       |  Time   |   Time   | 
     |----------------------------------------------------+--------------+-----------+-------+---------+----------| 
     | datapath/IFID_instr_reg[18]                        | CK ^         |           |       |   0.078 |    0.102 | 
     | datapath/IFID_instr_reg[18]                        | CK ^ -> Q ^  | DFFR_X1   | 0.557 |   0.634 |    0.659 | 
     | datapath/g521__9315                                | A1 ^ -> ZN v | NAND2_X1  | 0.156 |   0.791 |    0.816 | 
     | datapath/g472__1617                                | A1 v -> ZN ^ | NOR2_X1   | 0.335 |   1.126 |    1.151 | 
     | datapath/FE_OFC878_registers_n_2509                | A ^ -> Z ^   | CLKBUF_X3 | 0.390 |   1.516 |    1.540 | 
     | datapath/g3883                                     | B1 ^ -> ZN v | AOI22_X1  | 0.115 |   1.631 |    1.655 | 
     | datapath/g3498__2802                               | A3 v -> ZN v | AND4_X1   | 0.168 |   1.798 |    1.823 | 
     | datapath/g3408__4319                               | A1 v -> ZN ^ | NAND4_X1  | 0.127 |   1.925 |    1.950 | 
     | datapath/g26225                                    | A1 ^ -> ZN v | AOI222_X1 | 0.064 |   1.989 |    2.014 | 
     | datapath/FE_OFC185_LT_TC_OP_n_31                   | A v -> Z v   | BUF_X1    | 0.137 |   2.126 |    2.151 | 
     | datapath/LT_TC_OP_g1823                            | A1 v -> ZN v | OR2_X2    | 0.158 |   2.285 |    2.309 | 
     | datapath/LT_TC_OP_g1808                            | A v -> ZN ^  | OAI21_X1  | 0.093 |   2.378 |    2.402 | 
     | datapath/LT_TC_OP_g1802                            | A ^ -> ZN v  | INV_X1    | 0.038 |   2.416 |    2.440 | 
     | datapath/LT_TC_OP_g1793                            | A v -> ZN ^  | OAI211_X1 | 0.095 |   2.511 |    2.536 | 
     | datapath/LT_TC_OP_g1766                            | B2 ^ -> ZN v | OAI221_X1 | 0.143 |   2.654 |    2.679 | 
     | datapath/FE_RC_590_0                               | A v -> ZN ^  | AOI221_X1 | 0.363 |   3.017 |    3.042 | 
     | datapath/g16080                                    | A1 ^ -> ZN ^ | AND2_X1   | 0.162 |   3.179 |    3.204 | 
     | datapath/g16078                                    | A1 ^ -> ZN ^ | OR2_X2    | 0.095 |   3.274 |    3.299 | 
     | datapath/branch_or_inc_4/FE_OFC824_IFID_takeBranch | A ^ -> Z ^   | BUF_X4    | 0.178 |   3.452 |    3.477 | 
     | datapath/branch_or_inc_4/g813__7482                | S ^ -> Z v   | MUX2_X1   | 0.244 |   3.696 |    3.721 | 
     | datapath/IF_pc_reg[5]                              | D v          | SDFFR_X1  | 0.000 |   3.696 |    3.721 | 
     +------------------------------------------------------------------------------------------------------------+ 
Path 16: MET Setup Check with Pin datapath/IFID_pc_reg[25]/CK 
Endpoint:   datapath/IFID_pc_reg[25]/D     (^) checked with  leading edge of 
'clk'
Beginpoint: datapath/IFID_instr_reg[22]/QN (v) triggered by  leading edge of 
'clk'
Path Groups: {reg2reg}
Analysis View: WC_VIEW
Other End Arrival Time          0.060
- Setup                         0.079
+ Phase Shift                   4.000
+ CPPR Adjustment               0.000
- Uncertainty                   0.100
= Required Time                 3.881
- Arrival Time                  3.856
= Slack Time                    0.025
     Clock Rise Edge                 0.000
     + Clock Network Latency (Prop)  0.081
     = Beginpoint Arrival Time       0.081
     +-------------------------------------------------------------------------------------------------+ 
     |                Instance                 |     Arc      |   Cell    | Delay | Arrival | Required | 
     |                                         |              |           |       |  Time   |   Time   | 
     |-----------------------------------------+--------------+-----------+-------+---------+----------| 
     | datapath/IFID_instr_reg[22]             | CK ^         |           |       |   0.081 |    0.106 | 
     | datapath/IFID_instr_reg[22]             | CK ^ -> QN v | DFFR_X1   | 0.298 |   0.379 |    0.404 | 
     | datapath/g35745                         | A v -> ZN ^  | INV_X4    | 0.110 |   0.489 |    0.513 | 
     | datapath/g522__1617                     | A1 ^ -> ZN v | NOR2_X1   | 0.053 |   0.541 |    0.566 | 
     | datapath/g518__3680                     | A1 v -> ZN v | AND2_X1   | 0.128 |   0.670 |    0.695 | 
     | datapath/g489__2802                     | A2 v -> ZN v | AND2_X1   | 0.113 |   0.783 |    0.808 | 
     | datapath/FE_OFC276_registers_n_2588     | A v -> Z v   | CLKBUF_X3 | 0.221 |   1.005 |    1.029 | 
     | datapath/g36695                         | A2 v -> ZN ^ | AOI22_X1  | 0.190 |   1.194 |    1.219 | 
     | datapath/g3501                          | A3 ^ -> ZN ^ | AND4_X1   | 0.240 |   1.434 |    1.459 | 
     | datapath/g3433                          | A1 ^ -> ZN v | NAND4_X1  | 0.126 |   1.560 |    1.585 | 
     | datapath/g3393                          | A1 v -> ZN v | OR3_X1    | 0.324 |   1.884 |    1.909 | 
     | datapath/g26128                         | A1 v -> ZN ^ | AOI222_X1 | 0.293 |   2.177 |    2.201 | 
     | datapath/g26114                         | A ^ -> ZN v  | INV_X1    | 0.073 |   2.249 |    2.274 | 
     | datapath/LT_TC_OP_g1804                 | B2 v -> ZN ^ | AOI22_X1  | 0.192 |   2.441 |    2.466 | 
     | datapath/LT_TC_OP_g1776                 | A1 ^ -> ZN v | AOI222_X1 | 0.068 |   2.509 |    2.533 | 
     | datapath/FE_RC_556_0                    | C2 v -> ZN ^ | OAI221_X1 | 0.195 |   2.704 |    2.728 | 
     | datapath/LT_TC_OP_g1765                 | B1 ^ -> ZN v | AOI21_X1  | 0.088 |   2.792 |    2.817 | 
     | datapath/FE_RC_706_0                    | C1 v -> ZN ^ | OAI211_X1 | 0.142 |   2.934 |    2.959 | 
     | datapath/FE_RC_590_0                    | C1 ^ -> ZN v | AOI221_X1 | 0.082 |   3.016 |    3.041 | 
     | datapath/g16080                         | A1 v -> ZN v | AND2_X1   | 0.120 |   3.136 |    3.161 | 
     | datapath/g16078                         | A1 v -> ZN v | OR2_X2    | 0.171 |   3.307 |    3.332 | 
     | datapath/FE_OFC825_IFID_takeBranch      | A v -> Z v   | BUF_X4    | 0.102 |   3.410 |    3.435 | 
     | g1064                                   | A1 v -> ZN v | AND2_X1   | 0.105 |   3.515 |    3.540 | 
     | datapath/FE_OFC195_IFID_flush           | A v -> ZN ^  | INV_X1    | 0.130 |   3.646 |    3.670 | 
     | datapath/FE_OFC823_FE_OFN177_IFID_flush | A ^ -> ZN v  | INV_X8    | 0.093 |   3.738 |    3.763 | 
     | datapath/g35520                         | A1 v -> ZN ^ | NOR2_X1   | 0.118 |   3.856 |    3.881 | 
     | datapath/IFID_pc_reg[25]                | D ^          | DFFR_X1   | 0.000 |   3.856 |    3.881 | 
     +-------------------------------------------------------------------------------------------------+ 
Path 17: MET Setup Check with Pin datapath/IF_pc_reg[9]/CK 
Endpoint:   datapath/IF_pc_reg[9]/D       (v) checked with  leading edge of 
'clk'
Beginpoint: datapath/IFID_instr_reg[18]/Q (^) triggered by  leading edge of 
'clk'
Path Groups: {reg2reg}
Analysis View: WC_VIEW
Other End Arrival Time          0.065
- Setup                         0.244
+ Phase Shift                   4.000
+ CPPR Adjustment               0.000
- Uncertainty                   0.100
= Required Time                 3.721
- Arrival Time                  3.696
= Slack Time                    0.025
     Clock Rise Edge                 0.000
     + Clock Network Latency (Prop)  0.078
     = Beginpoint Arrival Time       0.078
     +------------------------------------------------------------------------------------------------------------+ 
     |                      Instance                      |     Arc      |   Cell    | Delay | Arrival | Required | 
     |                                                    |              |           |       |  Time   |   Time   | 
     |----------------------------------------------------+--------------+-----------+-------+---------+----------| 
     | datapath/IFID_instr_reg[18]                        | CK ^         |           |       |   0.078 |    0.103 | 
     | datapath/IFID_instr_reg[18]                        | CK ^ -> Q ^  | DFFR_X1   | 0.557 |   0.634 |    0.660 | 
     | datapath/g521__9315                                | A1 ^ -> ZN v | NAND2_X1  | 0.156 |   0.791 |    0.816 | 
     | datapath/g472__1617                                | A1 v -> ZN ^ | NOR2_X1   | 0.335 |   1.126 |    1.151 | 
     | datapath/FE_OFC878_registers_n_2509                | A ^ -> Z ^   | CLKBUF_X3 | 0.390 |   1.516 |    1.541 | 
     | datapath/g3883                                     | B1 ^ -> ZN v | AOI22_X1  | 0.115 |   1.631 |    1.656 | 
     | datapath/g3498__2802                               | A3 v -> ZN v | AND4_X1   | 0.168 |   1.798 |    1.823 | 
     | datapath/g3408__4319                               | A1 v -> ZN ^ | NAND4_X1  | 0.127 |   1.925 |    1.950 | 
     | datapath/g26225                                    | A1 ^ -> ZN v | AOI222_X1 | 0.064 |   1.989 |    2.014 | 
     | datapath/FE_OFC185_LT_TC_OP_n_31                   | A v -> Z v   | BUF_X1    | 0.137 |   2.126 |    2.151 | 
     | datapath/LT_TC_OP_g1823                            | A1 v -> ZN v | OR2_X2    | 0.158 |   2.285 |    2.310 | 
     | datapath/LT_TC_OP_g1808                            | A v -> ZN ^  | OAI21_X1  | 0.093 |   2.378 |    2.403 | 
     | datapath/LT_TC_OP_g1802                            | A ^ -> ZN v  | INV_X1    | 0.038 |   2.416 |    2.441 | 
     | datapath/LT_TC_OP_g1793                            | A v -> ZN ^  | OAI211_X1 | 0.095 |   2.511 |    2.536 | 
     | datapath/LT_TC_OP_g1766                            | B2 ^ -> ZN v | OAI221_X1 | 0.143 |   2.654 |    2.679 | 
     | datapath/FE_RC_590_0                               | A v -> ZN ^  | AOI221_X1 | 0.363 |   3.017 |    3.042 | 
     | datapath/g16080                                    | A1 ^ -> ZN ^ | AND2_X1   | 0.162 |   3.179 |    3.204 | 
     | datapath/g16078                                    | A1 ^ -> ZN ^ | OR2_X2    | 0.095 |   3.274 |    3.299 | 
     | datapath/branch_or_inc_4/FE_OFC824_IFID_takeBranch | A ^ -> Z ^   | BUF_X4    | 0.178 |   3.452 |    3.477 | 
     | datapath/branch_or_inc_4/g835__5122                | S ^ -> Z v   | MUX2_X1   | 0.244 |   3.696 |    3.721 | 
     | datapath/IF_pc_reg[9]                              | D v          | SDFFR_X1  | 0.000 |   3.696 |    3.721 | 
     +------------------------------------------------------------------------------------------------------------+ 
Path 18: MET Setup Check with Pin datapath/IFID_pc_reg[29]/CK 
Endpoint:   datapath/IFID_pc_reg[29]/D     (^) checked with  leading edge of 
'clk'
Beginpoint: datapath/IFID_instr_reg[22]/QN (v) triggered by  leading edge of 
'clk'
Path Groups: {reg2reg}
Analysis View: WC_VIEW
Other End Arrival Time          0.069
- Setup                         0.079
+ Phase Shift                   4.000
+ CPPR Adjustment               0.000
- Uncertainty                   0.100
= Required Time                 3.889
- Arrival Time                  3.864
= Slack Time                    0.025
     Clock Rise Edge                 0.000
     + Clock Network Latency (Prop)  0.081
     = Beginpoint Arrival Time       0.081
     +-------------------------------------------------------------------------------------------------+ 
     |                Instance                 |     Arc      |   Cell    | Delay | Arrival | Required | 
     |                                         |              |           |       |  Time   |   Time   | 
     |-----------------------------------------+--------------+-----------+-------+---------+----------| 
     | datapath/IFID_instr_reg[22]             | CK ^         |           |       |   0.081 |    0.106 | 
     | datapath/IFID_instr_reg[22]             | CK ^ -> QN v | DFFR_X1   | 0.298 |   0.379 |    0.404 | 
     | datapath/g35745                         | A v -> ZN ^  | INV_X4    | 0.110 |   0.489 |    0.514 | 
     | datapath/g522__1617                     | A1 ^ -> ZN v | NOR2_X1   | 0.053 |   0.541 |    0.567 | 
     | datapath/g518__3680                     | A1 v -> ZN v | AND2_X1   | 0.128 |   0.670 |    0.695 | 
     | datapath/g489__2802                     | A2 v -> ZN v | AND2_X1   | 0.113 |   0.783 |    0.808 | 
     | datapath/FE_OFC276_registers_n_2588     | A v -> Z v   | CLKBUF_X3 | 0.221 |   1.005 |    1.030 | 
     | datapath/g36695                         | A2 v -> ZN ^ | AOI22_X1  | 0.190 |   1.194 |    1.220 | 
     | datapath/g3501                          | A3 ^ -> ZN ^ | AND4_X1   | 0.240 |   1.434 |    1.459 | 
     | datapath/g3433                          | A1 ^ -> ZN v | NAND4_X1  | 0.126 |   1.560 |    1.586 | 
     | datapath/g3393                          | A1 v -> ZN v | OR3_X1    | 0.324 |   1.884 |    1.909 | 
     | datapath/g26128                         | A1 v -> ZN ^ | AOI222_X1 | 0.293 |   2.177 |    2.202 | 
     | datapath/g26114                         | A ^ -> ZN v  | INV_X1    | 0.073 |   2.249 |    2.275 | 
     | datapath/LT_TC_OP_g1804                 | B2 v -> ZN ^ | AOI22_X1  | 0.192 |   2.441 |    2.466 | 
     | datapath/LT_TC_OP_g1776                 | A1 ^ -> ZN v | AOI222_X1 | 0.068 |   2.509 |    2.534 | 
     | datapath/FE_RC_556_0                    | C2 v -> ZN ^ | OAI221_X1 | 0.195 |   2.704 |    2.729 | 
     | datapath/LT_TC_OP_g1765                 | B1 ^ -> ZN v | AOI21_X1  | 0.088 |   2.792 |    2.817 | 
     | datapath/FE_RC_706_0                    | C1 v -> ZN ^ | OAI211_X1 | 0.142 |   2.934 |    2.959 | 
     | datapath/FE_RC_590_0                    | C1 ^ -> ZN v | AOI221_X1 | 0.082 |   3.016 |    3.042 | 
     | datapath/g16080                         | A1 v -> ZN v | AND2_X1   | 0.120 |   3.136 |    3.161 | 
     | datapath/g16078                         | A1 v -> ZN v | OR2_X2    | 0.171 |   3.307 |    3.333 | 
     | datapath/FE_OFC825_IFID_takeBranch      | A v -> Z v   | BUF_X4    | 0.102 |   3.410 |    3.435 | 
     | g1064                                   | A1 v -> ZN v | AND2_X1   | 0.105 |   3.515 |    3.541 | 
     | datapath/FE_OFC195_IFID_flush           | A v -> ZN ^  | INV_X1    | 0.130 |   3.646 |    3.671 | 
     | datapath/FE_OFC823_FE_OFN177_IFID_flush | A ^ -> ZN v  | INV_X8    | 0.093 |   3.738 |    3.764 | 
     | datapath/g35445                         | A1 v -> ZN ^ | NOR2_X1   | 0.126 |   3.864 |    3.889 | 
     | datapath/IFID_pc_reg[29]                | D ^          | DFFR_X1   | 0.000 |   3.864 |    3.889 | 
     +-------------------------------------------------------------------------------------------------+ 
Path 19: MET Setup Check with Pin datapath/IF_pc_reg[12]/CK 
Endpoint:   datapath/IF_pc_reg[12]/D      (v) checked with  leading edge of 
'clk'
Beginpoint: datapath/IFID_instr_reg[18]/Q (^) triggered by  leading edge of 
'clk'
Path Groups: {reg2reg}
Analysis View: WC_VIEW
Other End Arrival Time          0.062
- Setup                         0.243
+ Phase Shift                   4.000
+ CPPR Adjustment               0.000
- Uncertainty                   0.100
= Required Time                 3.719
- Arrival Time                  3.694
= Slack Time                    0.025
     Clock Rise Edge                 0.000
     + Clock Network Latency (Prop)  0.078
     = Beginpoint Arrival Time       0.078
     +------------------------------------------------------------------------------------------------------------+ 
     |                      Instance                      |     Arc      |   Cell    | Delay | Arrival | Required | 
     |                                                    |              |           |       |  Time   |   Time   | 
     |----------------------------------------------------+--------------+-----------+-------+---------+----------| 
     | datapath/IFID_instr_reg[18]                        | CK ^         |           |       |   0.078 |    0.103 | 
     | datapath/IFID_instr_reg[18]                        | CK ^ -> Q ^  | DFFR_X1   | 0.557 |   0.634 |    0.660 | 
     | datapath/g521__9315                                | A1 ^ -> ZN v | NAND2_X1  | 0.156 |   0.791 |    0.816 | 
     | datapath/g472__1617                                | A1 v -> ZN ^ | NOR2_X1   | 0.335 |   1.126 |    1.151 | 
     | datapath/FE_OFC878_registers_n_2509                | A ^ -> Z ^   | CLKBUF_X3 | 0.390 |   1.516 |    1.541 | 
     | datapath/g3883                                     | B1 ^ -> ZN v | AOI22_X1  | 0.115 |   1.631 |    1.656 | 
     | datapath/g3498__2802                               | A3 v -> ZN v | AND4_X1   | 0.168 |   1.798 |    1.824 | 
     | datapath/g3408__4319                               | A1 v -> ZN ^ | NAND4_X1  | 0.127 |   1.925 |    1.950 | 
     | datapath/g26225                                    | A1 ^ -> ZN v | AOI222_X1 | 0.064 |   1.989 |    2.014 | 
     | datapath/FE_OFC185_LT_TC_OP_n_31                   | A v -> Z v   | BUF_X1    | 0.137 |   2.126 |    2.152 | 
     | datapath/LT_TC_OP_g1823                            | A1 v -> ZN v | OR2_X2    | 0.158 |   2.285 |    2.310 | 
     | datapath/LT_TC_OP_g1808                            | A v -> ZN ^  | OAI21_X1  | 0.093 |   2.378 |    2.403 | 
     | datapath/LT_TC_OP_g1802                            | A ^ -> ZN v  | INV_X1    | 0.038 |   2.416 |    2.441 | 
     | datapath/LT_TC_OP_g1793                            | A v -> ZN ^  | OAI211_X1 | 0.095 |   2.511 |    2.536 | 
     | datapath/LT_TC_OP_g1766                            | B2 ^ -> ZN v | OAI221_X1 | 0.143 |   2.654 |    2.679 | 
     | datapath/FE_RC_590_0                               | A v -> ZN ^  | AOI221_X1 | 0.363 |   3.017 |    3.043 | 
     | datapath/g16080                                    | A1 ^ -> ZN ^ | AND2_X1   | 0.162 |   3.179 |    3.204 | 
     | datapath/g16078                                    | A1 ^ -> ZN ^ | OR2_X2    | 0.095 |   3.274 |    3.299 | 
     | datapath/branch_or_inc_4/FE_OFC824_IFID_takeBranch | A ^ -> Z ^   | BUF_X4    | 0.178 |   3.452 |    3.477 | 
     | datapath/branch_or_inc_4/g829__5526                | S ^ -> Z v   | MUX2_X1   | 0.242 |   3.694 |    3.719 | 
     | datapath/IF_pc_reg[12]                             | D v          | SDFFR_X1  | 0.000 |   3.694 |    3.719 | 
     +------------------------------------------------------------------------------------------------------------+ 
Path 20: MET Setup Check with Pin datapath/IF_pc_reg[11]/CK 
Endpoint:   datapath/IF_pc_reg[11]/D      (v) checked with  leading edge of 
'clk'
Beginpoint: datapath/IFID_instr_reg[18]/Q (^) triggered by  leading edge of 
'clk'
Path Groups: {reg2reg}
Analysis View: WC_VIEW
Other End Arrival Time          0.060
- Setup                         0.243
+ Phase Shift                   4.000
+ CPPR Adjustment               0.000
- Uncertainty                   0.100
= Required Time                 3.717
- Arrival Time                  3.692
= Slack Time                    0.026
     Clock Rise Edge                 0.000
     + Clock Network Latency (Prop)  0.078
     = Beginpoint Arrival Time       0.078
     +------------------------------------------------------------------------------------------------------------+ 
     |                      Instance                      |     Arc      |   Cell    | Delay | Arrival | Required | 
     |                                                    |              |           |       |  Time   |   Time   | 
     |----------------------------------------------------+--------------+-----------+-------+---------+----------| 
     | datapath/IFID_instr_reg[18]                        | CK ^         |           |       |   0.078 |    0.103 | 
     | datapath/IFID_instr_reg[18]                        | CK ^ -> Q ^  | DFFR_X1   | 0.557 |   0.634 |    0.660 | 
     | datapath/g521__9315                                | A1 ^ -> ZN v | NAND2_X1  | 0.156 |   0.791 |    0.816 | 
     | datapath/g472__1617                                | A1 v -> ZN ^ | NOR2_X1   | 0.335 |   1.126 |    1.151 | 
     | datapath/FE_OFC878_registers_n_2509                | A ^ -> Z ^   | CLKBUF_X3 | 0.390 |   1.516 |    1.541 | 
     | datapath/g3883                                     | B1 ^ -> ZN v | AOI22_X1  | 0.115 |   1.631 |    1.656 | 
     | datapath/g3498__2802                               | A3 v -> ZN v | AND4_X1   | 0.168 |   1.798 |    1.824 | 
     | datapath/g3408__4319                               | A1 v -> ZN ^ | NAND4_X1  | 0.127 |   1.925 |    1.951 | 
     | datapath/g26225                                    | A1 ^ -> ZN v | AOI222_X1 | 0.064 |   1.989 |    2.015 | 
     | datapath/FE_OFC185_LT_TC_OP_n_31                   | A v -> Z v   | BUF_X1    | 0.137 |   2.126 |    2.152 | 
     | datapath/LT_TC_OP_g1823                            | A1 v -> ZN v | OR2_X2    | 0.158 |   2.285 |    2.310 | 
     | datapath/LT_TC_OP_g1808                            | A v -> ZN ^  | OAI21_X1  | 0.093 |   2.378 |    2.403 | 
     | datapath/LT_TC_OP_g1802                            | A ^ -> ZN v  | INV_X1    | 0.038 |   2.416 |    2.441 | 
     | datapath/LT_TC_OP_g1793                            | A v -> ZN ^  | OAI211_X1 | 0.095 |   2.511 |    2.536 | 
     | datapath/LT_TC_OP_g1766                            | B2 ^ -> ZN v | OAI221_X1 | 0.143 |   2.654 |    2.680 | 
     | datapath/FE_RC_590_0                               | A v -> ZN ^  | AOI221_X1 | 0.363 |   3.017 |    3.043 | 
     | datapath/g16080                                    | A1 ^ -> ZN ^ | AND2_X1   | 0.162 |   3.179 |    3.205 | 
     | datapath/g16078                                    | A1 ^ -> ZN ^ | OR2_X2    | 0.095 |   3.274 |    3.300 | 
     | datapath/branch_or_inc_4/FE_OFC824_IFID_takeBranch | A ^ -> Z ^   | BUF_X4    | 0.178 |   3.452 |    3.478 | 
     | datapath/branch_or_inc_4/g830__6783                | S ^ -> Z v   | MUX2_X1   | 0.240 |   3.692 |    3.717 | 
     | datapath/IF_pc_reg[11]                             | D v          | SDFFR_X1  | 0.000 |   3.692 |    3.717 | 
     +------------------------------------------------------------------------------------------------------------+ 
Path 21: MET Setup Check with Pin datapath/IFID_instr_reg[21]/CK 
Endpoint:   datapath/IFID_instr_reg[21]/D  (^) checked with  leading edge of 
'clk'
Beginpoint: datapath/IFID_instr_reg[22]/QN (v) triggered by  leading edge of 
'clk'
Path Groups: {reg2reg}
Analysis View: WC_VIEW
Other End Arrival Time          0.047
- Setup                         0.085
+ Phase Shift                   4.000
+ CPPR Adjustment               0.000
- Uncertainty                   0.100
= Required Time                 3.863
- Arrival Time                  3.837
= Slack Time                    0.026
     Clock Rise Edge                 0.000
     + Clock Network Latency (Prop)  0.081
     = Beginpoint Arrival Time       0.081
     +-------------------------------------------------------------------------------------------------+ 
     |                Instance                 |     Arc      |   Cell    | Delay | Arrival | Required | 
     |                                         |              |           |       |  Time   |   Time   | 
     |-----------------------------------------+--------------+-----------+-------+---------+----------| 
     | datapath/IFID_instr_reg[22]             | CK ^         |           |       |   0.081 |    0.107 | 
     | datapath/IFID_instr_reg[22]             | CK ^ -> QN v | DFFR_X1   | 0.298 |   0.379 |    0.405 | 
     | datapath/g35745                         | A v -> ZN ^  | INV_X4    | 0.110 |   0.489 |    0.514 | 
     | datapath/g522__1617                     | A1 ^ -> ZN v | NOR2_X1   | 0.053 |   0.541 |    0.567 | 
     | datapath/g518__3680                     | A1 v -> ZN v | AND2_X1   | 0.128 |   0.670 |    0.696 | 
     | datapath/g489__2802                     | A2 v -> ZN v | AND2_X1   | 0.113 |   0.783 |    0.809 | 
     | datapath/FE_OFC276_registers_n_2588     | A v -> Z v   | CLKBUF_X3 | 0.221 |   1.005 |    1.030 | 
     | datapath/g36695                         | A2 v -> ZN ^ | AOI22_X1  | 0.190 |   1.194 |    1.220 | 
     | datapath/g3501                          | A3 ^ -> ZN ^ | AND4_X1   | 0.240 |   1.434 |    1.460 | 
     | datapath/g3433                          | A1 ^ -> ZN v | NAND4_X1  | 0.126 |   1.560 |    1.586 | 
     | datapath/g3393                          | A1 v -> ZN v | OR3_X1    | 0.324 |   1.884 |    1.910 | 
     | datapath/g26128                         | A1 v -> ZN ^ | AOI222_X1 | 0.293 |   2.177 |    2.202 | 
     | datapath/g26114                         | A ^ -> ZN v  | INV_X1    | 0.073 |   2.249 |    2.275 | 
     | datapath/LT_TC_OP_g1804                 | B2 v -> ZN ^ | AOI22_X1  | 0.192 |   2.441 |    2.467 | 
     | datapath/LT_TC_OP_g1776                 | A1 ^ -> ZN v | AOI222_X1 | 0.068 |   2.509 |    2.534 | 
     | datapath/FE_RC_556_0                    | C2 v -> ZN ^ | OAI221_X1 | 0.195 |   2.704 |    2.729 | 
     | datapath/LT_TC_OP_g1765                 | B1 ^ -> ZN v | AOI21_X1  | 0.088 |   2.792 |    2.818 | 
     | datapath/FE_RC_706_0                    | C1 v -> ZN ^ | OAI211_X1 | 0.142 |   2.934 |    2.960 | 
     | datapath/FE_RC_590_0                    | C1 ^ -> ZN v | AOI221_X1 | 0.082 |   3.016 |    3.042 | 
     | datapath/g16080                         | A1 v -> ZN v | AND2_X1   | 0.120 |   3.136 |    3.162 | 
     | datapath/g16078                         | A1 v -> ZN v | OR2_X2    | 0.171 |   3.307 |    3.333 | 
     | datapath/FE_OFC825_IFID_takeBranch      | A v -> Z v   | BUF_X4    | 0.102 |   3.410 |    3.436 | 
     | g1064                                   | A1 v -> ZN v | AND2_X1   | 0.105 |   3.515 |    3.541 | 
     | datapath/FE_OFC195_IFID_flush           | A v -> ZN ^  | INV_X1    | 0.130 |   3.646 |    3.671 | 
     | datapath/FE_OFC823_FE_OFN177_IFID_flush | A ^ -> ZN v  | INV_X8    | 0.093 |   3.738 |    3.764 | 
     | datapath/g35438                         | A1 v -> ZN ^ | NOR2_X1   | 0.098 |   3.837 |    3.863 | 
     | datapath/IFID_instr_reg[21]             | D ^          | DFFR_X1   | 0.000 |   3.837 |    3.863 | 
     +-------------------------------------------------------------------------------------------------+ 
Path 22: MET Setup Check with Pin datapath/IF_pc_reg[6]/CK 
Endpoint:   datapath/IF_pc_reg[6]/D       (v) checked with  leading edge of 
'clk'
Beginpoint: datapath/IFID_instr_reg[18]/Q (^) triggered by  leading edge of 
'clk'
Path Groups: {reg2reg}
Analysis View: WC_VIEW
Other End Arrival Time          0.065
- Setup                         0.244
+ Phase Shift                   4.000
+ CPPR Adjustment               0.000
- Uncertainty                   0.100
= Required Time                 3.722
- Arrival Time                  3.694
= Slack Time                    0.027
     Clock Rise Edge                 0.000
     + Clock Network Latency (Prop)  0.078
     = Beginpoint Arrival Time       0.078
     +------------------------------------------------------------------------------------------------------------+ 
     |                      Instance                      |     Arc      |   Cell    | Delay | Arrival | Required | 
     |                                                    |              |           |       |  Time   |   Time   | 
     |----------------------------------------------------+--------------+-----------+-------+---------+----------| 
     | datapath/IFID_instr_reg[18]                        | CK ^         |           |       |   0.078 |    0.105 | 
     | datapath/IFID_instr_reg[18]                        | CK ^ -> Q ^  | DFFR_X1   | 0.557 |   0.634 |    0.662 | 
     | datapath/g521__9315                                | A1 ^ -> ZN v | NAND2_X1  | 0.156 |   0.791 |    0.818 | 
     | datapath/g472__1617                                | A1 v -> ZN ^ | NOR2_X1   | 0.335 |   1.126 |    1.153 | 
     | datapath/FE_OFC878_registers_n_2509                | A ^ -> Z ^   | CLKBUF_X3 | 0.390 |   1.516 |    1.543 | 
     | datapath/g3883                                     | B1 ^ -> ZN v | AOI22_X1  | 0.115 |   1.631 |    1.658 | 
     | datapath/g3498__2802                               | A3 v -> ZN v | AND4_X1   | 0.168 |   1.798 |    1.825 | 
     | datapath/g3408__4319                               | A1 v -> ZN ^ | NAND4_X1  | 0.127 |   1.925 |    1.952 | 
     | datapath/g26225                                    | A1 ^ -> ZN v | AOI222_X1 | 0.064 |   1.989 |    2.016 | 
     | datapath/FE_OFC185_LT_TC_OP_n_31                   | A v -> Z v   | BUF_X1    | 0.137 |   2.126 |    2.153 | 
     | datapath/LT_TC_OP_g1823                            | A1 v -> ZN v | OR2_X2    | 0.158 |   2.285 |    2.312 | 
     | datapath/LT_TC_OP_g1808                            | A v -> ZN ^  | OAI21_X1  | 0.093 |   2.378 |    2.405 | 
     | datapath/LT_TC_OP_g1802                            | A ^ -> ZN v  | INV_X1    | 0.038 |   2.416 |    2.443 | 
     | datapath/LT_TC_OP_g1793                            | A v -> ZN ^  | OAI211_X1 | 0.095 |   2.511 |    2.538 | 
     | datapath/LT_TC_OP_g1766                            | B2 ^ -> ZN v | OAI221_X1 | 0.143 |   2.654 |    2.681 | 
     | datapath/FE_RC_590_0                               | A v -> ZN ^  | AOI221_X1 | 0.363 |   3.017 |    3.044 | 
     | datapath/g16080                                    | A1 ^ -> ZN ^ | AND2_X1   | 0.162 |   3.179 |    3.206 | 
     | datapath/g16078                                    | A1 ^ -> ZN ^ | OR2_X2    | 0.095 |   3.274 |    3.301 | 
     | datapath/branch_or_inc_4/FE_OFC824_IFID_takeBranch | A ^ -> Z ^   | BUF_X4    | 0.178 |   3.452 |    3.479 | 
     | datapath/branch_or_inc_4/g824__2398                | S ^ -> Z v   | MUX2_X1   | 0.243 |   3.694 |    3.722 | 
     | datapath/IF_pc_reg[6]                              | D v          | SDFFR_X1  | 0.000 |   3.694 |    3.722 | 
     +------------------------------------------------------------------------------------------------------------+ 
Path 23: MET Setup Check with Pin datapath/IFID_pc_reg[4]/CK 
Endpoint:   datapath/IFID_pc_reg[4]/D      (^) checked with  leading edge of 
'clk'
Beginpoint: datapath/IFID_instr_reg[22]/QN (v) triggered by  leading edge of 
'clk'
Path Groups: {reg2reg}
Analysis View: WC_VIEW
Other End Arrival Time          0.068
- Setup                         0.081
+ Phase Shift                   4.000
+ CPPR Adjustment               0.000
- Uncertainty                   0.100
= Required Time                 3.887
- Arrival Time                  3.859
= Slack Time                    0.027
     Clock Rise Edge                 0.000
     + Clock Network Latency (Prop)  0.081
     = Beginpoint Arrival Time       0.081
     +-------------------------------------------------------------------------------------------------+ 
     |                Instance                 |     Arc      |   Cell    | Delay | Arrival | Required | 
     |                                         |              |           |       |  Time   |   Time   | 
     |-----------------------------------------+--------------+-----------+-------+---------+----------| 
     | datapath/IFID_instr_reg[22]             | CK ^         |           |       |   0.081 |    0.109 | 
     | datapath/IFID_instr_reg[22]             | CK ^ -> QN v | DFFR_X1   | 0.298 |   0.379 |    0.406 | 
     | datapath/g35745                         | A v -> ZN ^  | INV_X4    | 0.110 |   0.489 |    0.516 | 
     | datapath/g522__1617                     | A1 ^ -> ZN v | NOR2_X1   | 0.053 |   0.541 |    0.569 | 
     | datapath/g518__3680                     | A1 v -> ZN v | AND2_X1   | 0.128 |   0.670 |    0.697 | 
     | datapath/g489__2802                     | A2 v -> ZN v | AND2_X1   | 0.113 |   0.783 |    0.811 | 
     | datapath/FE_OFC276_registers_n_2588     | A v -> Z v   | CLKBUF_X3 | 0.221 |   1.005 |    1.032 | 
     | datapath/g36695                         | A2 v -> ZN ^ | AOI22_X1  | 0.190 |   1.194 |    1.222 | 
     | datapath/g3501                          | A3 ^ -> ZN ^ | AND4_X1   | 0.240 |   1.434 |    1.461 | 
     | datapath/g3433                          | A1 ^ -> ZN v | NAND4_X1  | 0.126 |   1.560 |    1.588 | 
     | datapath/g3393                          | A1 v -> ZN v | OR3_X1    | 0.324 |   1.884 |    1.912 | 
     | datapath/g26128                         | A1 v -> ZN ^ | AOI222_X1 | 0.293 |   2.177 |    2.204 | 
     | datapath/g26114                         | A ^ -> ZN v  | INV_X1    | 0.073 |   2.249 |    2.277 | 
     | datapath/LT_TC_OP_g1804                 | B2 v -> ZN ^ | AOI22_X1  | 0.192 |   2.441 |    2.469 | 
     | datapath/LT_TC_OP_g1776                 | A1 ^ -> ZN v | AOI222_X1 | 0.068 |   2.509 |    2.536 | 
     | datapath/FE_RC_556_0                    | C2 v -> ZN ^ | OAI221_X1 | 0.195 |   2.704 |    2.731 | 
     | datapath/LT_TC_OP_g1765                 | B1 ^ -> ZN v | AOI21_X1  | 0.088 |   2.792 |    2.820 | 
     | datapath/FE_RC_706_0                    | C1 v -> ZN ^ | OAI211_X1 | 0.142 |   2.934 |    2.962 | 
     | datapath/FE_RC_590_0                    | C1 ^ -> ZN v | AOI221_X1 | 0.082 |   3.016 |    3.044 | 
     | datapath/g16080                         | A1 v -> ZN v | AND2_X1   | 0.120 |   3.136 |    3.164 | 
     | datapath/g16078                         | A1 v -> ZN v | OR2_X2    | 0.171 |   3.307 |    3.335 | 
     | datapath/FE_OFC825_IFID_takeBranch      | A v -> Z v   | BUF_X4    | 0.102 |   3.410 |    3.437 | 
     | g1064                                   | A1 v -> ZN v | AND2_X1   | 0.105 |   3.515 |    3.543 | 
     | datapath/FE_OFC195_IFID_flush           | A v -> ZN ^  | INV_X1    | 0.130 |   3.646 |    3.673 | 
     | datapath/FE_OFC823_FE_OFN177_IFID_flush | A ^ -> ZN v  | INV_X8    | 0.093 |   3.738 |    3.766 | 
     | datapath/g35502                         | A1 v -> ZN ^ | NOR2_X1   | 0.121 |   3.859 |    3.887 | 
     | datapath/IFID_pc_reg[4]                 | D ^          | DFFR_X1   | 0.000 |   3.859 |    3.887 | 
     +-------------------------------------------------------------------------------------------------+ 
Path 24: MET Setup Check with Pin datapath/IF_pc_reg[2]/CK 
Endpoint:   datapath/IF_pc_reg[2]/D       (v) checked with  leading edge of 
'clk'
Beginpoint: datapath/IFID_instr_reg[18]/Q (^) triggered by  leading edge of 
'clk'
Path Groups: {reg2reg}
Analysis View: WC_VIEW
Other End Arrival Time          0.060
- Setup                         0.243
+ Phase Shift                   4.000
+ CPPR Adjustment               0.000
- Uncertainty                   0.100
= Required Time                 3.718
- Arrival Time                  3.690
= Slack Time                    0.028
     Clock Rise Edge                 0.000
     + Clock Network Latency (Prop)  0.078
     = Beginpoint Arrival Time       0.078
     +------------------------------------------------------------------------------------------------------------+ 
     |                      Instance                      |     Arc      |   Cell    | Delay | Arrival | Required | 
     |                                                    |              |           |       |  Time   |   Time   | 
     |----------------------------------------------------+--------------+-----------+-------+---------+----------| 
     | datapath/IFID_instr_reg[18]                        | CK ^         |           |       |   0.078 |    0.105 | 
     | datapath/IFID_instr_reg[18]                        | CK ^ -> Q ^  | DFFR_X1   | 0.557 |   0.634 |    0.662 | 
     | datapath/g521__9315                                | A1 ^ -> ZN v | NAND2_X1  | 0.156 |   0.791 |    0.818 | 
     | datapath/g472__1617                                | A1 v -> ZN ^ | NOR2_X1   | 0.335 |   1.126 |    1.153 | 
     | datapath/FE_OFC878_registers_n_2509                | A ^ -> Z ^   | CLKBUF_X3 | 0.390 |   1.516 |    1.543 | 
     | datapath/g3883                                     | B1 ^ -> ZN v | AOI22_X1  | 0.115 |   1.631 |    1.658 | 
     | datapath/g3498__2802                               | A3 v -> ZN v | AND4_X1   | 0.168 |   1.798 |    1.826 | 
     | datapath/g3408__4319                               | A1 v -> ZN ^ | NAND4_X1  | 0.127 |   1.925 |    1.953 | 
     | datapath/g26225                                    | A1 ^ -> ZN v | AOI222_X1 | 0.064 |   1.989 |    2.017 | 
     | datapath/FE_OFC185_LT_TC_OP_n_31                   | A v -> Z v   | BUF_X1    | 0.137 |   2.126 |    2.154 | 
     | datapath/LT_TC_OP_g1823                            | A1 v -> ZN v | OR2_X2    | 0.158 |   2.285 |    2.312 | 
     | datapath/LT_TC_OP_g1808                            | A v -> ZN ^  | OAI21_X1  | 0.093 |   2.378 |    2.405 | 
     | datapath/LT_TC_OP_g1802                            | A ^ -> ZN v  | INV_X1    | 0.038 |   2.416 |    2.443 | 
     | datapath/LT_TC_OP_g1793                            | A v -> ZN ^  | OAI211_X1 | 0.095 |   2.511 |    2.538 | 
     | datapath/LT_TC_OP_g1766                            | B2 ^ -> ZN v | OAI221_X1 | 0.143 |   2.654 |    2.681 | 
     | datapath/FE_RC_590_0                               | A v -> ZN ^  | AOI221_X1 | 0.363 |   3.017 |    3.045 | 
     | datapath/g16080                                    | A1 ^ -> ZN ^ | AND2_X1   | 0.162 |   3.179 |    3.207 | 
     | datapath/g16078                                    | A1 ^ -> ZN ^ | OR2_X2    | 0.095 |   3.274 |    3.302 | 
     | datapath/branch_or_inc_4/FE_OFC824_IFID_takeBranch | A ^ -> Z ^   | BUF_X4    | 0.178 |   3.452 |    3.479 | 
     | datapath/branch_or_inc_4/g818__2883                | S ^ -> Z v   | MUX2_X1   | 0.238 |   3.690 |    3.718 | 
     | datapath/IF_pc_reg[2]                              | D v          | SDFFR_X1  | 0.000 |   3.690 |    3.718 | 
     +------------------------------------------------------------------------------------------------------------+ 
Path 25: MET Setup Check with Pin datapath/IFID_instr_reg[4]/CK 
Endpoint:   datapath/IFID_instr_reg[4]/D   (^) checked with  leading edge of 
'clk'
Beginpoint: datapath/IFID_instr_reg[22]/QN (v) triggered by  leading edge of 
'clk'
Path Groups: {reg2reg}
Analysis View: WC_VIEW
Other End Arrival Time          0.078
- Setup                         0.090
+ Phase Shift                   4.000
+ CPPR Adjustment               0.000
- Uncertainty                   0.100
= Required Time                 3.889
- Arrival Time                  3.861
= Slack Time                    0.028
     Clock Rise Edge                 0.000
     + Clock Network Latency (Prop)  0.081
     = Beginpoint Arrival Time       0.081
     +-------------------------------------------------------------------------------------------------+ 
     |                Instance                 |     Arc      |   Cell    | Delay | Arrival | Required | 
     |                                         |              |           |       |  Time   |   Time   | 
     |-----------------------------------------+--------------+-----------+-------+---------+----------| 
     | datapath/IFID_instr_reg[22]             | CK ^         |           |       |   0.081 |    0.109 | 
     | datapath/IFID_instr_reg[22]             | CK ^ -> QN v | DFFR_X1   | 0.298 |   0.379 |    0.407 | 
     | datapath/g35745                         | A v -> ZN ^  | INV_X4    | 0.110 |   0.489 |    0.516 | 
     | datapath/g522__1617                     | A1 ^ -> ZN v | NOR2_X1   | 0.053 |   0.541 |    0.569 | 
     | datapath/g518__3680                     | A1 v -> ZN v | AND2_X1   | 0.128 |   0.670 |    0.697 | 
     | datapath/g489__2802                     | A2 v -> ZN v | AND2_X1   | 0.113 |   0.783 |    0.811 | 
     | datapath/FE_OFC276_registers_n_2588     | A v -> Z v   | CLKBUF_X3 | 0.221 |   1.005 |    1.032 | 
     | datapath/g36695                         | A2 v -> ZN ^ | AOI22_X1  | 0.190 |   1.194 |    1.222 | 
     | datapath/g3501                          | A3 ^ -> ZN ^ | AND4_X1   | 0.240 |   1.434 |    1.462 | 
     | datapath/g3433                          | A1 ^ -> ZN v | NAND4_X1  | 0.126 |   1.560 |    1.588 | 
     | datapath/g3393                          | A1 v -> ZN v | OR3_X1    | 0.324 |   1.884 |    1.912 | 
     | datapath/g26128                         | A1 v -> ZN ^ | AOI222_X1 | 0.293 |   2.177 |    2.204 | 
     | datapath/g26114                         | A ^ -> ZN v  | INV_X1    | 0.073 |   2.249 |    2.277 | 
     | datapath/LT_TC_OP_g1804                 | B2 v -> ZN ^ | AOI22_X1  | 0.192 |   2.441 |    2.469 | 
     | datapath/LT_TC_OP_g1776                 | A1 ^ -> ZN v | AOI222_X1 | 0.068 |   2.509 |    2.536 | 
     | datapath/FE_RC_556_0                    | C2 v -> ZN ^ | OAI221_X1 | 0.195 |   2.704 |    2.731 | 
     | datapath/LT_TC_OP_g1765                 | B1 ^ -> ZN v | AOI21_X1  | 0.088 |   2.792 |    2.820 | 
     | datapath/FE_RC_706_0                    | C1 v -> ZN ^ | OAI211_X1 | 0.142 |   2.934 |    2.962 | 
     | datapath/FE_RC_590_0                    | C1 ^ -> ZN v | AOI221_X1 | 0.082 |   3.016 |    3.044 | 
     | datapath/g16080                         | A1 v -> ZN v | AND2_X1   | 0.120 |   3.136 |    3.164 | 
     | datapath/g16078                         | A1 v -> ZN v | OR2_X2    | 0.171 |   3.307 |    3.335 | 
     | datapath/FE_OFC825_IFID_takeBranch      | A v -> Z v   | BUF_X4    | 0.102 |   3.410 |    3.438 | 
     | g1064                                   | A1 v -> ZN v | AND2_X1   | 0.105 |   3.515 |    3.543 | 
     | datapath/FE_OFC195_IFID_flush           | A v -> ZN ^  | INV_X1    | 0.130 |   3.646 |    3.673 | 
     | datapath/FE_OFC823_FE_OFN177_IFID_flush | A ^ -> ZN v  | INV_X8    | 0.093 |   3.738 |    3.766 | 
     | datapath/g35453                         | A1 v -> ZN ^ | NOR2_X1   | 0.123 |   3.861 |    3.889 | 
     | datapath/IFID_instr_reg[4]              | D ^          | DFFR_X1   | 0.000 |   3.861 |    3.889 | 
     +-------------------------------------------------------------------------------------------------+ 
Path 26: MET Setup Check with Pin datapath/IFID_pc_reg[3]/CK 
Endpoint:   datapath/IFID_pc_reg[3]/D      (^) checked with  leading edge of 
'clk'
Beginpoint: datapath/IFID_instr_reg[22]/QN (v) triggered by  leading edge of 
'clk'
Path Groups: {reg2reg}
Analysis View: WC_VIEW
Other End Arrival Time          0.060
- Setup                         0.079
+ Phase Shift                   4.000
+ CPPR Adjustment               0.000
- Uncertainty                   0.100
= Required Time                 3.882
- Arrival Time                  3.854
= Slack Time                    0.028
     Clock Rise Edge                 0.000
     + Clock Network Latency (Prop)  0.081
     = Beginpoint Arrival Time       0.081
     +-------------------------------------------------------------------------------------------------+ 
     |                Instance                 |     Arc      |   Cell    | Delay | Arrival | Required | 
     |                                         |              |           |       |  Time   |   Time   | 
     |-----------------------------------------+--------------+-----------+-------+---------+----------| 
     | datapath/IFID_instr_reg[22]             | CK ^         |           |       |   0.081 |    0.109 | 
     | datapath/IFID_instr_reg[22]             | CK ^ -> QN v | DFFR_X1   | 0.298 |   0.379 |    0.407 | 
     | datapath/g35745                         | A v -> ZN ^  | INV_X4    | 0.110 |   0.489 |    0.516 | 
     | datapath/g522__1617                     | A1 ^ -> ZN v | NOR2_X1   | 0.053 |   0.541 |    0.569 | 
     | datapath/g518__3680                     | A1 v -> ZN v | AND2_X1   | 0.128 |   0.670 |    0.697 | 
     | datapath/g489__2802                     | A2 v -> ZN v | AND2_X1   | 0.113 |   0.783 |    0.811 | 
     | datapath/FE_OFC276_registers_n_2588     | A v -> Z v   | CLKBUF_X3 | 0.221 |   1.005 |    1.032 | 
     | datapath/g36695                         | A2 v -> ZN ^ | AOI22_X1  | 0.190 |   1.194 |    1.222 | 
     | datapath/g3501                          | A3 ^ -> ZN ^ | AND4_X1   | 0.240 |   1.434 |    1.462 | 
     | datapath/g3433                          | A1 ^ -> ZN v | NAND4_X1  | 0.126 |   1.560 |    1.588 | 
     | datapath/g3393                          | A1 v -> ZN v | OR3_X1    | 0.324 |   1.884 |    1.912 | 
     | datapath/g26128                         | A1 v -> ZN ^ | AOI222_X1 | 0.293 |   2.177 |    2.204 | 
     | datapath/g26114                         | A ^ -> ZN v  | INV_X1    | 0.073 |   2.249 |    2.277 | 
     | datapath/LT_TC_OP_g1804                 | B2 v -> ZN ^ | AOI22_X1  | 0.192 |   2.441 |    2.469 | 
     | datapath/LT_TC_OP_g1776                 | A1 ^ -> ZN v | AOI222_X1 | 0.068 |   2.509 |    2.536 | 
     | datapath/FE_RC_556_0                    | C2 v -> ZN ^ | OAI221_X1 | 0.195 |   2.704 |    2.731 | 
     | datapath/LT_TC_OP_g1765                 | B1 ^ -> ZN v | AOI21_X1  | 0.088 |   2.792 |    2.820 | 
     | datapath/FE_RC_706_0                    | C1 v -> ZN ^ | OAI211_X1 | 0.142 |   2.934 |    2.962 | 
     | datapath/FE_RC_590_0                    | C1 ^ -> ZN v | AOI221_X1 | 0.082 |   3.016 |    3.044 | 
     | datapath/g16080                         | A1 v -> ZN v | AND2_X1   | 0.120 |   3.136 |    3.164 | 
     | datapath/g16078                         | A1 v -> ZN v | OR2_X2    | 0.171 |   3.307 |    3.335 | 
     | datapath/FE_OFC825_IFID_takeBranch      | A v -> Z v   | BUF_X4    | 0.102 |   3.410 |    3.438 | 
     | g1064                                   | A1 v -> ZN v | AND2_X1   | 0.105 |   3.515 |    3.543 | 
     | datapath/FE_OFC195_IFID_flush           | A v -> ZN ^  | INV_X1    | 0.130 |   3.646 |    3.673 | 
     | datapath/FE_OFC823_FE_OFN177_IFID_flush | A ^ -> ZN v  | INV_X8    | 0.093 |   3.738 |    3.766 | 
     | datapath/g35501                         | A1 v -> ZN ^ | NOR2_X1   | 0.115 |   3.854 |    3.882 | 
     | datapath/IFID_pc_reg[3]                 | D ^          | DFFR_X1   | 0.000 |   3.854 |    3.882 | 
     +-------------------------------------------------------------------------------------------------+ 
Path 27: MET Setup Check with Pin datapath/IFID_pc_reg[2]/CK 
Endpoint:   datapath/IFID_pc_reg[2]/D      (^) checked with  leading edge of 
'clk'
Beginpoint: datapath/IFID_instr_reg[22]/QN (v) triggered by  leading edge of 
'clk'
Path Groups: {reg2reg}
Analysis View: WC_VIEW
Other End Arrival Time          0.062
- Setup                         0.079
+ Phase Shift                   4.000
+ CPPR Adjustment               0.000
- Uncertainty                   0.100
= Required Time                 3.883
- Arrival Time                  3.855
= Slack Time                    0.028
     Clock Rise Edge                 0.000
     + Clock Network Latency (Prop)  0.081
     = Beginpoint Arrival Time       0.081
     +-------------------------------------------------------------------------------------------------+ 
     |                Instance                 |     Arc      |   Cell    | Delay | Arrival | Required | 
     |                                         |              |           |       |  Time   |   Time   | 
     |-----------------------------------------+--------------+-----------+-------+---------+----------| 
     | datapath/IFID_instr_reg[22]             | CK ^         |           |       |   0.081 |    0.109 | 
     | datapath/IFID_instr_reg[22]             | CK ^ -> QN v | DFFR_X1   | 0.298 |   0.379 |    0.407 | 
     | datapath/g35745                         | A v -> ZN ^  | INV_X4    | 0.110 |   0.489 |    0.517 | 
     | datapath/g522__1617                     | A1 ^ -> ZN v | NOR2_X1   | 0.053 |   0.541 |    0.569 | 
     | datapath/g518__3680                     | A1 v -> ZN v | AND2_X1   | 0.128 |   0.670 |    0.698 | 
     | datapath/g489__2802                     | A2 v -> ZN v | AND2_X1   | 0.113 |   0.783 |    0.811 | 
     | datapath/FE_OFC276_registers_n_2588     | A v -> Z v   | CLKBUF_X3 | 0.221 |   1.005 |    1.033 | 
     | datapath/g36695                         | A2 v -> ZN ^ | AOI22_X1  | 0.190 |   1.194 |    1.222 | 
     | datapath/g3501                          | A3 ^ -> ZN ^ | AND4_X1   | 0.240 |   1.434 |    1.462 | 
     | datapath/g3433                          | A1 ^ -> ZN v | NAND4_X1  | 0.126 |   1.560 |    1.588 | 
     | datapath/g3393                          | A1 v -> ZN v | OR3_X1    | 0.324 |   1.884 |    1.912 | 
     | datapath/g26128                         | A1 v -> ZN ^ | AOI222_X1 | 0.293 |   2.177 |    2.205 | 
     | datapath/g26114                         | A ^ -> ZN v  | INV_X1    | 0.073 |   2.249 |    2.277 | 
     | datapath/LT_TC_OP_g1804                 | B2 v -> ZN ^ | AOI22_X1  | 0.192 |   2.441 |    2.469 | 
     | datapath/LT_TC_OP_g1776                 | A1 ^ -> ZN v | AOI222_X1 | 0.068 |   2.509 |    2.537 | 
     | datapath/FE_RC_556_0                    | C2 v -> ZN ^ | OAI221_X1 | 0.195 |   2.704 |    2.732 | 
     | datapath/LT_TC_OP_g1765                 | B1 ^ -> ZN v | AOI21_X1  | 0.088 |   2.792 |    2.820 | 
     | datapath/FE_RC_706_0                    | C1 v -> ZN ^ | OAI211_X1 | 0.142 |   2.934 |    2.962 | 
     | datapath/FE_RC_590_0                    | C1 ^ -> ZN v | AOI221_X1 | 0.082 |   3.016 |    3.045 | 
     | datapath/g16080                         | A1 v -> ZN v | AND2_X1   | 0.120 |   3.136 |    3.164 | 
     | datapath/g16078                         | A1 v -> ZN v | OR2_X2    | 0.171 |   3.307 |    3.336 | 
     | datapath/FE_OFC825_IFID_takeBranch      | A v -> Z v   | BUF_X4    | 0.102 |   3.410 |    3.438 | 
     | g1064                                   | A1 v -> ZN v | AND2_X1   | 0.105 |   3.515 |    3.543 | 
     | datapath/FE_OFC195_IFID_flush           | A v -> ZN ^  | INV_X1    | 0.130 |   3.646 |    3.674 | 
     | datapath/FE_OFC823_FE_OFN177_IFID_flush | A ^ -> ZN v  | INV_X8    | 0.093 |   3.738 |    3.766 | 
     | datapath/g35500                         | A1 v -> ZN ^ | NOR2_X1   | 0.117 |   3.855 |    3.883 | 
     | datapath/IFID_pc_reg[2]                 | D ^          | DFFR_X1   | 0.000 |   3.855 |    3.883 | 
     +-------------------------------------------------------------------------------------------------+ 
Path 28: MET Setup Check with Pin datapath/IF_pc_reg[4]/CK 
Endpoint:   datapath/IF_pc_reg[4]/D       (v) checked with  leading edge of 
'clk'
Beginpoint: datapath/IFID_instr_reg[18]/Q (^) triggered by  leading edge of 
'clk'
Path Groups: {reg2reg}
Analysis View: WC_VIEW
Other End Arrival Time          0.060
- Setup                         0.242
+ Phase Shift                   4.000
+ CPPR Adjustment               0.000
- Uncertainty                   0.100
= Required Time                 3.718
- Arrival Time                  3.689
= Slack Time                    0.029
     Clock Rise Edge                 0.000
     + Clock Network Latency (Prop)  0.078
     = Beginpoint Arrival Time       0.078
     +------------------------------------------------------------------------------------------------------------+ 
     |                      Instance                      |     Arc      |   Cell    | Delay | Arrival | Required | 
     |                                                    |              |           |       |  Time   |   Time   | 
     |----------------------------------------------------+--------------+-----------+-------+---------+----------| 
     | datapath/IFID_instr_reg[18]                        | CK ^         |           |       |   0.078 |    0.106 | 
     | datapath/IFID_instr_reg[18]                        | CK ^ -> Q ^  | DFFR_X1   | 0.557 |   0.634 |    0.663 | 
     | datapath/g521__9315                                | A1 ^ -> ZN v | NAND2_X1  | 0.156 |   0.791 |    0.819 | 
     | datapath/g472__1617                                | A1 v -> ZN ^ | NOR2_X1   | 0.335 |   1.126 |    1.154 | 
     | datapath/FE_OFC878_registers_n_2509                | A ^ -> Z ^   | CLKBUF_X3 | 0.390 |   1.516 |    1.544 | 
     | datapath/g3883                                     | B1 ^ -> ZN v | AOI22_X1  | 0.115 |   1.631 |    1.659 | 
     | datapath/g3498__2802                               | A3 v -> ZN v | AND4_X1   | 0.168 |   1.798 |    1.827 | 
     | datapath/g3408__4319                               | A1 v -> ZN ^ | NAND4_X1  | 0.127 |   1.925 |    1.954 | 
     | datapath/g26225                                    | A1 ^ -> ZN v | AOI222_X1 | 0.064 |   1.989 |    2.018 | 
     | datapath/FE_OFC185_LT_TC_OP_n_31                   | A v -> Z v   | BUF_X1    | 0.137 |   2.126 |    2.155 | 
     | datapath/LT_TC_OP_g1823                            | A1 v -> ZN v | OR2_X2    | 0.158 |   2.285 |    2.313 | 
     | datapath/LT_TC_OP_g1808                            | A v -> ZN ^  | OAI21_X1  | 0.093 |   2.378 |    2.406 | 
     | datapath/LT_TC_OP_g1802                            | A ^ -> ZN v  | INV_X1    | 0.038 |   2.416 |    2.444 | 
     | datapath/LT_TC_OP_g1793                            | A v -> ZN ^  | OAI211_X1 | 0.095 |   2.511 |    2.539 | 
     | datapath/LT_TC_OP_g1766                            | B2 ^ -> ZN v | OAI221_X1 | 0.143 |   2.654 |    2.683 | 
     | datapath/FE_RC_590_0                               | A v -> ZN ^  | AOI221_X1 | 0.363 |   3.017 |    3.046 | 
     | datapath/g16080                                    | A1 ^ -> ZN ^ | AND2_X1   | 0.162 |   3.179 |    3.208 | 
     | datapath/g16078                                    | A1 ^ -> ZN ^ | OR2_X2    | 0.095 |   3.274 |    3.303 | 
     | datapath/branch_or_inc_4/FE_OFC824_IFID_takeBranch | A ^ -> Z ^   | BUF_X4    | 0.178 |   3.452 |    3.481 | 
     | datapath/branch_or_inc_4/g814__4733                | S ^ -> Z v   | MUX2_X1   | 0.237 |   3.689 |    3.718 | 
     | datapath/IF_pc_reg[4]                              | D v          | SDFFR_X1  | 0.000 |   3.689 |    3.718 | 
     +------------------------------------------------------------------------------------------------------------+ 
Path 29: MET Setup Check with Pin datapath/IFID_instr_reg[25]/CK 
Endpoint:   datapath/IFID_instr_reg[25]/D  (^) checked with  leading edge of 
'clk'
Beginpoint: datapath/IFID_instr_reg[22]/QN (v) triggered by  leading edge of 
'clk'
Path Groups: {reg2reg}
Analysis View: WC_VIEW
Other End Arrival Time          0.068
- Setup                         0.080
+ Phase Shift                   4.000
+ CPPR Adjustment               0.000
- Uncertainty                   0.100
= Required Time                 3.887
- Arrival Time                  3.858
= Slack Time                    0.029
     Clock Rise Edge                 0.000
     + Clock Network Latency (Prop)  0.081
     = Beginpoint Arrival Time       0.081
     +-------------------------------------------------------------------------------------------------+ 
     |                Instance                 |     Arc      |   Cell    | Delay | Arrival | Required | 
     |                                         |              |           |       |  Time   |   Time   | 
     |-----------------------------------------+--------------+-----------+-------+---------+----------| 
     | datapath/IFID_instr_reg[22]             | CK ^         |           |       |   0.081 |    0.110 | 
     | datapath/IFID_instr_reg[22]             | CK ^ -> QN v | DFFR_X1   | 0.298 |   0.379 |    0.408 | 
     | datapath/g35745                         | A v -> ZN ^  | INV_X4    | 0.110 |   0.489 |    0.518 | 
     | datapath/g522__1617                     | A1 ^ -> ZN v | NOR2_X1   | 0.053 |   0.541 |    0.570 | 
     | datapath/g518__3680                     | A1 v -> ZN v | AND2_X1   | 0.128 |   0.670 |    0.699 | 
     | datapath/g489__2802                     | A2 v -> ZN v | AND2_X1   | 0.113 |   0.783 |    0.812 | 
     | datapath/FE_OFC276_registers_n_2588     | A v -> Z v   | CLKBUF_X3 | 0.221 |   1.005 |    1.034 | 
     | datapath/g36695                         | A2 v -> ZN ^ | AOI22_X1  | 0.190 |   1.194 |    1.223 | 
     | datapath/g3501                          | A3 ^ -> ZN ^ | AND4_X1   | 0.240 |   1.434 |    1.463 | 
     | datapath/g3433                          | A1 ^ -> ZN v | NAND4_X1  | 0.126 |   1.560 |    1.589 | 
     | datapath/g3393                          | A1 v -> ZN v | OR3_X1    | 0.324 |   1.884 |    1.913 | 
     | datapath/g26128                         | A1 v -> ZN ^ | AOI222_X1 | 0.293 |   2.177 |    2.206 | 
     | datapath/g26114                         | A ^ -> ZN v  | INV_X1    | 0.073 |   2.249 |    2.278 | 
     | datapath/LT_TC_OP_g1804                 | B2 v -> ZN ^ | AOI22_X1  | 0.192 |   2.441 |    2.470 | 
     | datapath/LT_TC_OP_g1776                 | A1 ^ -> ZN v | AOI222_X1 | 0.068 |   2.509 |    2.538 | 
     | datapath/FE_RC_556_0                    | C2 v -> ZN ^ | OAI221_X1 | 0.195 |   2.704 |    2.733 | 
     | datapath/LT_TC_OP_g1765                 | B1 ^ -> ZN v | AOI21_X1  | 0.088 |   2.792 |    2.821 | 
     | datapath/FE_RC_706_0                    | C1 v -> ZN ^ | OAI211_X1 | 0.142 |   2.934 |    2.963 | 
     | datapath/FE_RC_590_0                    | C1 ^ -> ZN v | AOI221_X1 | 0.082 |   3.016 |    3.046 | 
     | datapath/g16080                         | A1 v -> ZN v | AND2_X1   | 0.120 |   3.136 |    3.165 | 
     | datapath/g16078                         | A1 v -> ZN v | OR2_X2    | 0.171 |   3.307 |    3.337 | 
     | datapath/FE_OFC825_IFID_takeBranch      | A v -> Z v   | BUF_X4    | 0.102 |   3.410 |    3.439 | 
     | g1064                                   | A1 v -> ZN v | AND2_X1   | 0.105 |   3.515 |    3.544 | 
     | datapath/FE_OFC195_IFID_flush           | A v -> ZN ^  | INV_X1    | 0.130 |   3.646 |    3.675 | 
     | datapath/FE_OFC823_FE_OFN177_IFID_flush | A ^ -> ZN v  | INV_X8    | 0.093 |   3.738 |    3.767 | 
     | datapath/g35461                         | A1 v -> ZN ^ | NOR2_X1   | 0.120 |   3.858 |    3.887 | 
     | datapath/IFID_instr_reg[25]             | D ^          | DFFR_X1   | 0.000 |   3.858 |    3.887 | 
     +-------------------------------------------------------------------------------------------------+ 
Path 30: MET Setup Check with Pin datapath/IFID_pc_reg[31]/CK 
Endpoint:   datapath/IFID_pc_reg[31]/D     (^) checked with  leading edge of 
'clk'
Beginpoint: datapath/IFID_instr_reg[22]/QN (v) triggered by  leading edge of 
'clk'
Path Groups: {reg2reg}
Analysis View: WC_VIEW
Other End Arrival Time          0.069
- Setup                         0.078
+ Phase Shift                   4.000
+ CPPR Adjustment               0.000
- Uncertainty                   0.100
= Required Time                 3.891
- Arrival Time                  3.861
= Slack Time                    0.030
     Clock Rise Edge                 0.000
     + Clock Network Latency (Prop)  0.081
     = Beginpoint Arrival Time       0.081
     +-------------------------------------------------------------------------------------------------+ 
     |                Instance                 |     Arc      |   Cell    | Delay | Arrival | Required | 
     |                                         |              |           |       |  Time   |   Time   | 
     |-----------------------------------------+--------------+-----------+-------+---------+----------| 
     | datapath/IFID_instr_reg[22]             | CK ^         |           |       |   0.081 |    0.111 | 
     | datapath/IFID_instr_reg[22]             | CK ^ -> QN v | DFFR_X1   | 0.298 |   0.379 |    0.409 | 
     | datapath/g35745                         | A v -> ZN ^  | INV_X4    | 0.110 |   0.489 |    0.518 | 
     | datapath/g522__1617                     | A1 ^ -> ZN v | NOR2_X1   | 0.053 |   0.541 |    0.571 | 
     | datapath/g518__3680                     | A1 v -> ZN v | AND2_X1   | 0.128 |   0.670 |    0.699 | 
     | datapath/g489__2802                     | A2 v -> ZN v | AND2_X1   | 0.113 |   0.783 |    0.813 | 
     | datapath/FE_OFC276_registers_n_2588     | A v -> Z v   | CLKBUF_X3 | 0.221 |   1.005 |    1.034 | 
     | datapath/g36695                         | A2 v -> ZN ^ | AOI22_X1  | 0.190 |   1.194 |    1.224 | 
     | datapath/g3501                          | A3 ^ -> ZN ^ | AND4_X1   | 0.240 |   1.434 |    1.464 | 
     | datapath/g3433                          | A1 ^ -> ZN v | NAND4_X1  | 0.126 |   1.560 |    1.590 | 
     | datapath/g3393                          | A1 v -> ZN v | OR3_X1    | 0.324 |   1.884 |    1.914 | 
     | datapath/g26128                         | A1 v -> ZN ^ | AOI222_X1 | 0.293 |   2.177 |    2.206 | 
     | datapath/g26114                         | A ^ -> ZN v  | INV_X1    | 0.073 |   2.249 |    2.279 | 
     | datapath/LT_TC_OP_g1804                 | B2 v -> ZN ^ | AOI22_X1  | 0.192 |   2.441 |    2.471 | 
     | datapath/LT_TC_OP_g1776                 | A1 ^ -> ZN v | AOI222_X1 | 0.068 |   2.509 |    2.538 | 
     | datapath/FE_RC_556_0                    | C2 v -> ZN ^ | OAI221_X1 | 0.195 |   2.704 |    2.733 | 
     | datapath/LT_TC_OP_g1765                 | B1 ^ -> ZN v | AOI21_X1  | 0.088 |   2.792 |    2.822 | 
     | datapath/FE_RC_706_0                    | C1 v -> ZN ^ | OAI211_X1 | 0.142 |   2.934 |    2.964 | 
     | datapath/FE_RC_590_0                    | C1 ^ -> ZN v | AOI221_X1 | 0.082 |   3.016 |    3.046 | 
     | datapath/g16080                         | A1 v -> ZN v | AND2_X1   | 0.120 |   3.136 |    3.166 | 
     | datapath/g16078                         | A1 v -> ZN v | OR2_X2    | 0.171 |   3.307 |    3.337 | 
     | datapath/FE_OFC825_IFID_takeBranch      | A v -> Z v   | BUF_X4    | 0.102 |   3.410 |    3.440 | 
     | g1064                                   | A1 v -> ZN v | AND2_X1   | 0.105 |   3.515 |    3.545 | 
     | datapath/FE_OFC195_IFID_flush           | A v -> ZN ^  | INV_X1    | 0.130 |   3.646 |    3.675 | 
     | datapath/FE_OFC823_FE_OFN177_IFID_flush | A ^ -> ZN v  | INV_X8    | 0.093 |   3.738 |    3.768 | 
     | datapath/g35525                         | A1 v -> ZN ^ | NOR2_X1   | 0.123 |   3.861 |    3.891 | 
     | datapath/IFID_pc_reg[31]                | D ^          | DFFR_X1   | 0.000 |   3.861 |    3.891 | 
     +-------------------------------------------------------------------------------------------------+ 
Path 31: MET Setup Check with Pin datapath/IF_pc_reg[25]/CK 
Endpoint:   datapath/IF_pc_reg[25]/D      (v) checked with  leading edge of 
'clk'
Beginpoint: datapath/IFID_instr_reg[18]/Q (^) triggered by  leading edge of 
'clk'
Path Groups: {reg2reg}
Analysis View: WC_VIEW
Other End Arrival Time          0.060
- Setup                         0.238
+ Phase Shift                   4.000
+ CPPR Adjustment               0.000
- Uncertainty                   0.100
= Required Time                 3.723
- Arrival Time                  3.692
= Slack Time                    0.030
     Clock Rise Edge                 0.000
     + Clock Network Latency (Prop)  0.078
     = Beginpoint Arrival Time       0.078
     +------------------------------------------------------------------------------------------------------------+ 
     |                      Instance                      |     Arc      |   Cell    | Delay | Arrival | Required | 
     |                                                    |              |           |       |  Time   |   Time   | 
     |----------------------------------------------------+--------------+-----------+-------+---------+----------| 
     | datapath/IFID_instr_reg[18]                        | CK ^         |           |       |   0.078 |    0.108 | 
     | datapath/IFID_instr_reg[18]                        | CK ^ -> Q ^  | DFFR_X1   | 0.557 |   0.634 |    0.665 | 
     | datapath/g521__9315                                | A1 ^ -> ZN v | NAND2_X1  | 0.156 |   0.791 |    0.821 | 
     | datapath/g472__1617                                | A1 v -> ZN ^ | NOR2_X1   | 0.335 |   1.126 |    1.156 | 
     | datapath/FE_OFC878_registers_n_2509                | A ^ -> Z ^   | CLKBUF_X3 | 0.390 |   1.516 |    1.546 | 
     | datapath/g3883                                     | B1 ^ -> ZN v | AOI22_X1  | 0.115 |   1.631 |    1.661 | 
     | datapath/g3498__2802                               | A3 v -> ZN v | AND4_X1   | 0.168 |   1.798 |    1.828 | 
     | datapath/g3408__4319                               | A1 v -> ZN ^ | NAND4_X1  | 0.127 |   1.925 |    1.955 | 
     | datapath/g26225                                    | A1 ^ -> ZN v | AOI222_X1 | 0.064 |   1.989 |    2.019 | 
     | datapath/FE_OFC185_LT_TC_OP_n_31                   | A v -> Z v   | BUF_X1    | 0.137 |   2.126 |    2.157 | 
     | datapath/LT_TC_OP_g1823                            | A1 v -> ZN v | OR2_X2    | 0.158 |   2.285 |    2.315 | 
     | datapath/LT_TC_OP_g1808                            | A v -> ZN ^  | OAI21_X1  | 0.093 |   2.378 |    2.408 | 
     | datapath/LT_TC_OP_g1802                            | A ^ -> ZN v  | INV_X1    | 0.038 |   2.416 |    2.446 | 
     | datapath/LT_TC_OP_g1793                            | A v -> ZN ^  | OAI211_X1 | 0.095 |   2.511 |    2.541 | 
     | datapath/LT_TC_OP_g1766                            | B2 ^ -> ZN v | OAI221_X1 | 0.143 |   2.654 |    2.684 | 
     | datapath/FE_RC_590_0                               | A v -> ZN ^  | AOI221_X1 | 0.363 |   3.017 |    3.048 | 
     | datapath/g16080                                    | A1 ^ -> ZN ^ | AND2_X1   | 0.162 |   3.179 |    3.209 | 
     | datapath/g16078                                    | A1 ^ -> ZN ^ | OR2_X2    | 0.095 |   3.274 |    3.304 | 
     | datapath/branch_or_inc_4/FE_OFC824_IFID_takeBranch | A ^ -> Z ^   | BUF_X4    | 0.178 |   3.452 |    3.482 | 
     | datapath/branch_or_inc_4/g811__1881                | S ^ -> Z v   | MUX2_X1   | 0.241 |   3.692 |    3.723 | 
     | datapath/IF_pc_reg[25]                             | D v          | SDFFRS_X1 | 0.000 |   3.692 |    3.723 | 
     +------------------------------------------------------------------------------------------------------------+ 
Path 32: MET Setup Check with Pin datapath/IFID_pc_reg[12]/CK 
Endpoint:   datapath/IFID_pc_reg[12]/D     (^) checked with  leading edge of 
'clk'
Beginpoint: datapath/IFID_instr_reg[22]/QN (v) triggered by  leading edge of 
'clk'
Path Groups: {reg2reg}
Analysis View: WC_VIEW
Other End Arrival Time          0.062
- Setup                         0.079
+ Phase Shift                   4.000
+ CPPR Adjustment               0.000
- Uncertainty                   0.100
= Required Time                 3.883
- Arrival Time                  3.853
= Slack Time                    0.031
     Clock Rise Edge                 0.000
     + Clock Network Latency (Prop)  0.081
     = Beginpoint Arrival Time       0.081
     +-------------------------------------------------------------------------------------------------+ 
     |                Instance                 |     Arc      |   Cell    | Delay | Arrival | Required | 
     |                                         |              |           |       |  Time   |   Time   | 
     |-----------------------------------------+--------------+-----------+-------+---------+----------| 
     | datapath/IFID_instr_reg[22]             | CK ^         |           |       |   0.081 |    0.112 | 
     | datapath/IFID_instr_reg[22]             | CK ^ -> QN v | DFFR_X1   | 0.298 |   0.379 |    0.410 | 
     | datapath/g35745                         | A v -> ZN ^  | INV_X4    | 0.110 |   0.489 |    0.519 | 
     | datapath/g522__1617                     | A1 ^ -> ZN v | NOR2_X1   | 0.053 |   0.541 |    0.572 | 
     | datapath/g518__3680                     | A1 v -> ZN v | AND2_X1   | 0.128 |   0.670 |    0.700 | 
     | datapath/g489__2802                     | A2 v -> ZN v | AND2_X1   | 0.113 |   0.783 |    0.814 | 
     | datapath/FE_OFC276_registers_n_2588     | A v -> Z v   | CLKBUF_X3 | 0.221 |   1.005 |    1.035 | 
     | datapath/g36695                         | A2 v -> ZN ^ | AOI22_X1  | 0.190 |   1.194 |    1.225 | 
     | datapath/g3501                          | A3 ^ -> ZN ^ | AND4_X1   | 0.240 |   1.434 |    1.465 | 
     | datapath/g3433                          | A1 ^ -> ZN v | NAND4_X1  | 0.126 |   1.560 |    1.591 | 
     | datapath/g3393                          | A1 v -> ZN v | OR3_X1    | 0.324 |   1.884 |    1.915 | 
     | datapath/g26128                         | A1 v -> ZN ^ | AOI222_X1 | 0.293 |   2.177 |    2.207 | 
     | datapath/g26114                         | A ^ -> ZN v  | INV_X1    | 0.073 |   2.249 |    2.280 | 
     | datapath/LT_TC_OP_g1804                 | B2 v -> ZN ^ | AOI22_X1  | 0.192 |   2.441 |    2.472 | 
     | datapath/LT_TC_OP_g1776                 | A1 ^ -> ZN v | AOI222_X1 | 0.068 |   2.509 |    2.539 | 
     | datapath/FE_RC_556_0                    | C2 v -> ZN ^ | OAI221_X1 | 0.195 |   2.704 |    2.734 | 
     | datapath/LT_TC_OP_g1765                 | B1 ^ -> ZN v | AOI21_X1  | 0.088 |   2.792 |    2.823 | 
     | datapath/FE_RC_706_0                    | C1 v -> ZN ^ | OAI211_X1 | 0.142 |   2.934 |    2.965 | 
     | datapath/FE_RC_590_0                    | C1 ^ -> ZN v | AOI221_X1 | 0.082 |   3.016 |    3.047 | 
     | datapath/g16080                         | A1 v -> ZN v | AND2_X1   | 0.120 |   3.136 |    3.167 | 
     | datapath/g16078                         | A1 v -> ZN v | OR2_X2    | 0.171 |   3.307 |    3.338 | 
     | datapath/FE_OFC825_IFID_takeBranch      | A v -> Z v   | BUF_X4    | 0.102 |   3.410 |    3.441 | 
     | g1064                                   | A1 v -> ZN v | AND2_X1   | 0.105 |   3.515 |    3.546 | 
     | datapath/FE_OFC195_IFID_flush           | A v -> ZN ^  | INV_X1    | 0.130 |   3.646 |    3.676 | 
     | datapath/FE_OFC823_FE_OFN177_IFID_flush | A ^ -> ZN v  | INV_X8    | 0.093 |   3.738 |    3.769 | 
     | datapath/g35508                         | A1 v -> ZN ^ | NOR2_X1   | 0.114 |   3.853 |    3.883 | 
     | datapath/IFID_pc_reg[12]                | D ^          | DFFR_X1   | 0.000 |   3.853 |    3.883 | 
     +-------------------------------------------------------------------------------------------------+ 
Path 33: MET Setup Check with Pin datapath/IFID_pc_reg[11]/CK 
Endpoint:   datapath/IFID_pc_reg[11]/D     (^) checked with  leading edge of 
'clk'
Beginpoint: datapath/IFID_instr_reg[22]/QN (v) triggered by  leading edge of 
'clk'
Path Groups: {reg2reg}
Analysis View: WC_VIEW
Other End Arrival Time          0.062
- Setup                         0.079
+ Phase Shift                   4.000
+ CPPR Adjustment               0.000
- Uncertainty                   0.100
= Required Time                 3.884
- Arrival Time                  3.853
= Slack Time                    0.031
     Clock Rise Edge                 0.000
     + Clock Network Latency (Prop)  0.081
     = Beginpoint Arrival Time       0.081
     +-------------------------------------------------------------------------------------------------+ 
     |                Instance                 |     Arc      |   Cell    | Delay | Arrival | Required | 
     |                                         |              |           |       |  Time   |   Time   | 
     |-----------------------------------------+--------------+-----------+-------+---------+----------| 
     | datapath/IFID_instr_reg[22]             | CK ^         |           |       |   0.081 |    0.112 | 
     | datapath/IFID_instr_reg[22]             | CK ^ -> QN v | DFFR_X1   | 0.298 |   0.379 |    0.410 | 
     | datapath/g35745                         | A v -> ZN ^  | INV_X4    | 0.110 |   0.489 |    0.519 | 
     | datapath/g522__1617                     | A1 ^ -> ZN v | NOR2_X1   | 0.053 |   0.541 |    0.572 | 
     | datapath/g518__3680                     | A1 v -> ZN v | AND2_X1   | 0.128 |   0.670 |    0.701 | 
     | datapath/g489__2802                     | A2 v -> ZN v | AND2_X1   | 0.113 |   0.783 |    0.814 | 
     | datapath/FE_OFC276_registers_n_2588     | A v -> Z v   | CLKBUF_X3 | 0.221 |   1.005 |    1.035 | 
     | datapath/g36695                         | A2 v -> ZN ^ | AOI22_X1  | 0.190 |   1.194 |    1.225 | 
     | datapath/g3501                          | A3 ^ -> ZN ^ | AND4_X1   | 0.240 |   1.434 |    1.465 | 
     | datapath/g3433                          | A1 ^ -> ZN v | NAND4_X1  | 0.126 |   1.560 |    1.591 | 
     | datapath/g3393                          | A1 v -> ZN v | OR3_X1    | 0.324 |   1.884 |    1.915 | 
     | datapath/g26128                         | A1 v -> ZN ^ | AOI222_X1 | 0.293 |   2.177 |    2.207 | 
     | datapath/g26114                         | A ^ -> ZN v  | INV_X1    | 0.073 |   2.249 |    2.280 | 
     | datapath/LT_TC_OP_g1804                 | B2 v -> ZN ^ | AOI22_X1  | 0.192 |   2.441 |    2.472 | 
     | datapath/LT_TC_OP_g1776                 | A1 ^ -> ZN v | AOI222_X1 | 0.068 |   2.509 |    2.539 | 
     | datapath/FE_RC_556_0                    | C2 v -> ZN ^ | OAI221_X1 | 0.195 |   2.704 |    2.735 | 
     | datapath/LT_TC_OP_g1765                 | B1 ^ -> ZN v | AOI21_X1  | 0.088 |   2.792 |    2.823 | 
     | datapath/FE_RC_706_0                    | C1 v -> ZN ^ | OAI211_X1 | 0.142 |   2.934 |    2.965 | 
     | datapath/FE_RC_590_0                    | C1 ^ -> ZN v | AOI221_X1 | 0.082 |   3.016 |    3.047 | 
     | datapath/g16080                         | A1 v -> ZN v | AND2_X1   | 0.120 |   3.136 |    3.167 | 
     | datapath/g16078                         | A1 v -> ZN v | OR2_X2    | 0.171 |   3.307 |    3.338 | 
     | datapath/FE_OFC825_IFID_takeBranch      | A v -> Z v   | BUF_X4    | 0.102 |   3.410 |    3.441 | 
     | g1064                                   | A1 v -> ZN v | AND2_X1   | 0.105 |   3.515 |    3.546 | 
     | datapath/FE_OFC195_IFID_flush           | A v -> ZN ^  | INV_X1    | 0.130 |   3.646 |    3.677 | 
     | datapath/FE_OFC823_FE_OFN177_IFID_flush | A ^ -> ZN v  | INV_X8    | 0.093 |   3.738 |    3.769 | 
     | datapath/g35512                         | A1 v -> ZN ^ | NOR2_X1   | 0.114 |   3.853 |    3.884 | 
     | datapath/IFID_pc_reg[11]                | D ^          | DFFR_X1   | 0.000 |   3.853 |    3.884 | 
     +-------------------------------------------------------------------------------------------------+ 
Path 34: MET Setup Check with Pin datapath/IF_pc_reg[1]/CK 
Endpoint:   datapath/IF_pc_reg[1]/D       (v) checked with  leading edge of 
'clk'
Beginpoint: datapath/IFID_instr_reg[18]/Q (^) triggered by  leading edge of 
'clk'
Path Groups: {reg2reg}
Analysis View: WC_VIEW
Other End Arrival Time          0.062
- Setup                         0.242
+ Phase Shift                   4.000
+ CPPR Adjustment               0.000
- Uncertainty                   0.100
= Required Time                 3.720
- Arrival Time                  3.689
= Slack Time                    0.031
     Clock Rise Edge                 0.000
     + Clock Network Latency (Prop)  0.078
     = Beginpoint Arrival Time       0.078
     +------------------------------------------------------------------------------------------------------------+ 
     |                      Instance                      |     Arc      |   Cell    | Delay | Arrival | Required | 
     |                                                    |              |           |       |  Time   |   Time   | 
     |----------------------------------------------------+--------------+-----------+-------+---------+----------| 
     | datapath/IFID_instr_reg[18]                        | CK ^         |           |       |   0.078 |    0.109 | 
     | datapath/IFID_instr_reg[18]                        | CK ^ -> Q ^  | DFFR_X1   | 0.557 |   0.634 |    0.666 | 
     | datapath/g521__9315                                | A1 ^ -> ZN v | NAND2_X1  | 0.156 |   0.791 |    0.822 | 
     | datapath/g472__1617                                | A1 v -> ZN ^ | NOR2_X1   | 0.335 |   1.126 |    1.157 | 
     | datapath/FE_OFC878_registers_n_2509                | A ^ -> Z ^   | CLKBUF_X3 | 0.390 |   1.516 |    1.547 | 
     | datapath/g3883                                     | B1 ^ -> ZN v | AOI22_X1  | 0.115 |   1.631 |    1.662 | 
     | datapath/g3498__2802                               | A3 v -> ZN v | AND4_X1   | 0.168 |   1.798 |    1.830 | 
     | datapath/g3408__4319                               | A1 v -> ZN ^ | NAND4_X1  | 0.127 |   1.925 |    1.956 | 
     | datapath/g26225                                    | A1 ^ -> ZN v | AOI222_X1 | 0.064 |   1.989 |    2.020 | 
     | datapath/FE_OFC185_LT_TC_OP_n_31                   | A v -> Z v   | BUF_X1    | 0.137 |   2.126 |    2.158 | 
     | datapath/LT_TC_OP_g1823                            | A1 v -> ZN v | OR2_X2    | 0.158 |   2.285 |    2.316 | 
     | datapath/LT_TC_OP_g1808                            | A v -> ZN ^  | OAI21_X1  | 0.093 |   2.378 |    2.409 | 
     | datapath/LT_TC_OP_g1802                            | A ^ -> ZN v  | INV_X1    | 0.038 |   2.416 |    2.447 | 
     | datapath/LT_TC_OP_g1793                            | A v -> ZN ^  | OAI211_X1 | 0.095 |   2.511 |    2.542 | 
     | datapath/LT_TC_OP_g1766                            | B2 ^ -> ZN v | OAI221_X1 | 0.143 |   2.654 |    2.685 | 
     | datapath/FE_RC_590_0                               | A v -> ZN ^  | AOI221_X1 | 0.363 |   3.017 |    3.049 | 
     | datapath/g16080                                    | A1 ^ -> ZN ^ | AND2_X1   | 0.162 |   3.179 |    3.210 | 
     | datapath/g16078                                    | A1 ^ -> ZN ^ | OR2_X2    | 0.095 |   3.274 |    3.306 | 
     | datapath/branch_or_inc_4/FE_OFC824_IFID_takeBranch | A ^ -> Z ^   | BUF_X4    | 0.178 |   3.452 |    3.483 | 
     | datapath/branch_or_inc_4/g820__1666                | S ^ -> Z v   | MUX2_X1   | 0.237 |   3.689 |    3.720 | 
     | datapath/IF_pc_reg[1]                              | D v          | SDFFR_X1  | 0.000 |   3.689 |    3.720 | 
     +------------------------------------------------------------------------------------------------------------+ 
Path 35: MET Setup Check with Pin datapath/IFID_pc_reg[8]/CK 
Endpoint:   datapath/IFID_pc_reg[8]/D      (^) checked with  leading edge of 
'clk'
Beginpoint: datapath/IFID_instr_reg[22]/QN (v) triggered by  leading edge of 
'clk'
Path Groups: {reg2reg}
Analysis View: WC_VIEW
Other End Arrival Time          0.065
- Setup                         0.079
+ Phase Shift                   4.000
+ CPPR Adjustment               0.000
- Uncertainty                   0.100
= Required Time                 3.886
- Arrival Time                  3.855
= Slack Time                    0.032
     Clock Rise Edge                 0.000
     + Clock Network Latency (Prop)  0.081
     = Beginpoint Arrival Time       0.081
     +-------------------------------------------------------------------------------------------------+ 
     |                Instance                 |     Arc      |   Cell    | Delay | Arrival | Required | 
     |                                         |              |           |       |  Time   |   Time   | 
     |-----------------------------------------+--------------+-----------+-------+---------+----------| 
     | datapath/IFID_instr_reg[22]             | CK ^         |           |       |   0.081 |    0.113 | 
     | datapath/IFID_instr_reg[22]             | CK ^ -> QN v | DFFR_X1   | 0.298 |   0.379 |    0.411 | 
     | datapath/g35745                         | A v -> ZN ^  | INV_X4    | 0.110 |   0.489 |    0.520 | 
     | datapath/g522__1617                     | A1 ^ -> ZN v | NOR2_X1   | 0.053 |   0.541 |    0.573 | 
     | datapath/g518__3680                     | A1 v -> ZN v | AND2_X1   | 0.128 |   0.670 |    0.702 | 
     | datapath/g489__2802                     | A2 v -> ZN v | AND2_X1   | 0.113 |   0.783 |    0.815 | 
     | datapath/FE_OFC276_registers_n_2588     | A v -> Z v   | CLKBUF_X3 | 0.221 |   1.005 |    1.036 | 
     | datapath/g36695                         | A2 v -> ZN ^ | AOI22_X1  | 0.190 |   1.194 |    1.226 | 
     | datapath/g3501                          | A3 ^ -> ZN ^ | AND4_X1   | 0.240 |   1.434 |    1.466 | 
     | datapath/g3433                          | A1 ^ -> ZN v | NAND4_X1  | 0.126 |   1.560 |    1.592 | 
     | datapath/g3393                          | A1 v -> ZN v | OR3_X1    | 0.324 |   1.884 |    1.916 | 
     | datapath/g26128                         | A1 v -> ZN ^ | AOI222_X1 | 0.293 |   2.177 |    2.208 | 
     | datapath/g26114                         | A ^ -> ZN v  | INV_X1    | 0.073 |   2.249 |    2.281 | 
     | datapath/LT_TC_OP_g1804                 | B2 v -> ZN ^ | AOI22_X1  | 0.192 |   2.441 |    2.473 | 
     | datapath/LT_TC_OP_g1776                 | A1 ^ -> ZN v | AOI222_X1 | 0.068 |   2.509 |    2.540 | 
     | datapath/FE_RC_556_0                    | C2 v -> ZN ^ | OAI221_X1 | 0.195 |   2.704 |    2.736 | 
     | datapath/LT_TC_OP_g1765                 | B1 ^ -> ZN v | AOI21_X1  | 0.088 |   2.792 |    2.824 | 
     | datapath/FE_RC_706_0                    | C1 v -> ZN ^ | OAI211_X1 | 0.142 |   2.934 |    2.966 | 
     | datapath/FE_RC_590_0                    | C1 ^ -> ZN v | AOI221_X1 | 0.082 |   3.016 |    3.048 | 
     | datapath/g16080                         | A1 v -> ZN v | AND2_X1   | 0.120 |   3.136 |    3.168 | 
     | datapath/g16078                         | A1 v -> ZN v | OR2_X2    | 0.171 |   3.307 |    3.339 | 
     | datapath/FE_OFC825_IFID_takeBranch      | A v -> Z v   | BUF_X4    | 0.102 |   3.410 |    3.442 | 
     | g1064                                   | A1 v -> ZN v | AND2_X1   | 0.105 |   3.515 |    3.547 | 
     | datapath/FE_OFC195_IFID_flush           | A v -> ZN ^  | INV_X1    | 0.130 |   3.646 |    3.678 | 
     | datapath/FE_OFC823_FE_OFN177_IFID_flush | A ^ -> ZN v  | INV_X8    | 0.093 |   3.738 |    3.770 | 
     | datapath/g35506                         | A1 v -> ZN ^ | NOR2_X1   | 0.116 |   3.855 |    3.886 | 
     | datapath/IFID_pc_reg[8]                 | D ^          | DFFR_X1   | 0.000 |   3.855 |    3.886 | 
     +-------------------------------------------------------------------------------------------------+ 
Path 36: MET Setup Check with Pin datapath/IFID_pc_reg[30]/CK 
Endpoint:   datapath/IFID_pc_reg[30]/D     (^) checked with  leading edge of 
'clk'
Beginpoint: datapath/IFID_instr_reg[22]/QN (v) triggered by  leading edge of 
'clk'
Path Groups: {reg2reg}
Analysis View: WC_VIEW
Other End Arrival Time          0.069
- Setup                         0.077
+ Phase Shift                   4.000
+ CPPR Adjustment               0.000
- Uncertainty                   0.100
= Required Time                 3.891
- Arrival Time                  3.859
= Slack Time                    0.032
     Clock Rise Edge                 0.000
     + Clock Network Latency (Prop)  0.081
     = Beginpoint Arrival Time       0.081
     +-------------------------------------------------------------------------------------------------+ 
     |                Instance                 |     Arc      |   Cell    | Delay | Arrival | Required | 
     |                                         |              |           |       |  Time   |   Time   | 
     |-----------------------------------------+--------------+-----------+-------+---------+----------| 
     | datapath/IFID_instr_reg[22]             | CK ^         |           |       |   0.081 |    0.113 | 
     | datapath/IFID_instr_reg[22]             | CK ^ -> QN v | DFFR_X1   | 0.298 |   0.379 |    0.411 | 
     | datapath/g35745                         | A v -> ZN ^  | INV_X4    | 0.110 |   0.489 |    0.521 | 
     | datapath/g522__1617                     | A1 ^ -> ZN v | NOR2_X1   | 0.053 |   0.541 |    0.574 | 
     | datapath/g518__3680                     | A1 v -> ZN v | AND2_X1   | 0.128 |   0.670 |    0.702 | 
     | datapath/g489__2802                     | A2 v -> ZN v | AND2_X1   | 0.113 |   0.783 |    0.815 | 
     | datapath/FE_OFC276_registers_n_2588     | A v -> Z v   | CLKBUF_X3 | 0.221 |   1.005 |    1.037 | 
     | datapath/g36695                         | A2 v -> ZN ^ | AOI22_X1  | 0.190 |   1.194 |    1.227 | 
     | datapath/g3501                          | A3 ^ -> ZN ^ | AND4_X1   | 0.240 |   1.434 |    1.466 | 
     | datapath/g3433                          | A1 ^ -> ZN v | NAND4_X1  | 0.126 |   1.560 |    1.593 | 
     | datapath/g3393                          | A1 v -> ZN v | OR3_X1    | 0.324 |   1.884 |    1.916 | 
     | datapath/g26128                         | A1 v -> ZN ^ | AOI222_X1 | 0.293 |   2.177 |    2.209 | 
     | datapath/g26114                         | A ^ -> ZN v  | INV_X1    | 0.073 |   2.249 |    2.282 | 
     | datapath/LT_TC_OP_g1804                 | B2 v -> ZN ^ | AOI22_X1  | 0.192 |   2.441 |    2.473 | 
     | datapath/LT_TC_OP_g1776                 | A1 ^ -> ZN v | AOI222_X1 | 0.068 |   2.509 |    2.541 | 
     | datapath/FE_RC_556_0                    | C2 v -> ZN ^ | OAI221_X1 | 0.195 |   2.704 |    2.736 | 
     | datapath/LT_TC_OP_g1765                 | B1 ^ -> ZN v | AOI21_X1  | 0.088 |   2.792 |    2.824 | 
     | datapath/FE_RC_706_0                    | C1 v -> ZN ^ | OAI211_X1 | 0.142 |   2.934 |    2.967 | 
     | datapath/FE_RC_590_0                    | C1 ^ -> ZN v | AOI221_X1 | 0.082 |   3.016 |    3.049 | 
     | datapath/g16080                         | A1 v -> ZN v | AND2_X1   | 0.120 |   3.136 |    3.169 | 
     | datapath/g16078                         | A1 v -> ZN v | OR2_X2    | 0.171 |   3.307 |    3.340 | 
     | datapath/FE_OFC825_IFID_takeBranch      | A v -> Z v   | BUF_X4    | 0.102 |   3.410 |    3.442 | 
     | g1064                                   | A1 v -> ZN v | AND2_X1   | 0.105 |   3.515 |    3.548 | 
     | datapath/FE_OFC195_IFID_flush           | A v -> ZN ^  | INV_X1    | 0.130 |   3.646 |    3.678 | 
     | datapath/FE_OFC823_FE_OFN177_IFID_flush | A ^ -> ZN v  | INV_X8    | 0.093 |   3.738 |    3.771 | 
     | datapath/g35526                         | A1 v -> ZN ^ | NOR2_X1   | 0.121 |   3.859 |    3.891 | 
     | datapath/IFID_pc_reg[30]                | D ^          | DFFR_X1   | 0.000 |   3.859 |    3.891 | 
     +-------------------------------------------------------------------------------------------------+ 
Path 37: MET Setup Check with Pin datapath/IF_pc_reg[30]/CK 
Endpoint:   datapath/IF_pc_reg[30]/D      (^) checked with  leading edge of 
'clk'
Beginpoint: datapath/IFID_instr_reg[5]/QN (v) triggered by  leading edge of 
'clk'
Path Groups: {reg2reg}
Analysis View: WC_VIEW
Other End Arrival Time          0.061
- Setup                         0.089
+ Phase Shift                   4.000
+ CPPR Adjustment               0.000
- Uncertainty                   0.100
= Required Time                 3.872
- Arrival Time                  3.840
= Slack Time                    0.032
     Clock Rise Edge                 0.000
     + Clock Network Latency (Prop)  0.079
     = Beginpoint Arrival Time       0.079
     +-----------------------------------------------------------------------------------------------------------+ 
     |                      Instance                      |     Arc      |   Cell   | Delay | Arrival | Required | 
     |                                                    |              |          |       |  Time   |   Time   | 
     |----------------------------------------------------+--------------+----------+-------+---------+----------| 
     | datapath/IFID_instr_reg[5]                         | CK ^         |          |       |   0.079 |    0.111 | 
     | datapath/IFID_instr_reg[5]                         | CK ^ -> QN v | DFFR_X1  | 0.280 |   0.358 |    0.391 | 
     | datapath/g35764                                    | A v -> ZN ^  | INV_X1   | 0.086 |   0.444 |    0.476 | 
     | datapath/immediate_generation/g3593__7098          | A1 ^ -> ZN ^ | AND2_X1  | 0.118 |   0.562 |    0.595 | 
     | datapath/immediate_generation/g3583__3680          | A2 ^ -> ZN v | NAND2_X1 | 0.059 |   0.621 |    0.654 | 
     | datapath/immediate_generation/g3564__9945          | A1 v -> ZN ^ | NAND2_X2 | 0.060 |   0.682 |    0.714 | 
     | datapath/immediate_generation/g3555__7098          | A1 ^ -> ZN v | NAND2_X1 | 0.073 |   0.755 |    0.787 | 
     | datapath/immediate_generation/g3551                | A v -> ZN ^  | INV_X1   | 0.053 |   0.808 |    0.840 | 
     | datapath/immediate_generation/g3548__3680          | A1 ^ -> ZN v | NAND2_X1 | 0.035 |   0.842 |    0.875 | 
     | datapath/immediate_generation/g3543__4319          | A1 v -> ZN ^ | NAND2_X1 | 0.137 |   0.979 |    1.011 | 
     | datapath/pc_plus_imm/FA_GEN[3].fa_i/FE_OFC854_IFID | A ^ -> ZN v  | INV_X1   | 0.038 |   1.017 |    1.049 | 
     | _imm_3                                             |              |          |       |         |          | 
     | datapath/pc_plus_imm/FA_GEN[3].fa_i/g157__8428     | A1 v -> ZN ^ | NAND2_X1 | 0.050 |   1.067 |    1.099 | 
     | datapath/pc_plus_imm/FA_GEN[3].fa_i/g155__6260     | A2 ^ -> ZN v | NAND2_X1 | 0.048 |   1.115 |    1.147 | 
     | datapath/pc_plus_imm/FA_GEN[3].fa_i/g153__2398     | A1 v -> ZN ^ | NAND2_X2 | 0.058 |   1.173 |    1.206 | 
     | datapath/pc_plus_imm/FA_GEN[4].fa_i/g155__1617     | A1 ^ -> ZN v | NAND2_X2 | 0.049 |   1.222 |    1.255 | 
     | datapath/pc_plus_imm/FA_GEN[4].fa_i/g153__6783     | A1 v -> ZN ^ | NAND2_X4 | 0.046 |   1.268 |    1.301 | 
     | datapath/pc_plus_imm/FA_GEN[5].fa_i/g155__6131     | A1 ^ -> ZN v | NAND2_X2 | 0.045 |   1.314 |    1.346 | 
     | datapath/pc_plus_imm/FA_GEN[5].fa_i/g153__8246     | A1 v -> ZN ^ | NAND2_X4 | 0.051 |   1.365 |    1.397 | 
     | datapath/pc_plus_imm/FA_GEN[6].fa_i/g155__9315     | A1 ^ -> ZN v | NAND2_X4 | 0.037 |   1.402 |    1.434 | 
     | datapath/pc_plus_imm/FA_GEN[6].fa_i/g153__4733     | A1 v -> ZN ^ | NAND2_X4 | 0.049 |   1.451 |    1.483 | 
     | datapath/pc_plus_imm/FA_GEN[7].fa_i/g155__6417     | A1 ^ -> ZN v | NAND2_X4 | 0.037 |   1.488 |    1.520 | 
     | datapath/pc_plus_imm/FA_GEN[7].fa_i/g153__1666     | A1 v -> ZN ^ | NAND2_X4 | 0.048 |   1.536 |    1.568 | 
     | datapath/pc_plus_imm/FA_GEN[8].fa_i/g2__8428       | A1 ^ -> ZN v | NAND2_X4 | 0.037 |   1.573 |    1.605 | 
     | datapath/pc_plus_imm/FA_GEN[8].fa_i/g153__5107     | A1 v -> ZN ^ | NAND2_X4 | 0.048 |   1.621 |    1.653 | 
     | datapath/pc_plus_imm/FA_GEN[9].fa_i/g155__1617     | A1 ^ -> ZN v | NAND2_X4 | 0.037 |   1.657 |    1.690 | 
     | datapath/pc_plus_imm/FA_GEN[9].fa_i/g153__6783     | A1 v -> ZN ^ | NAND2_X4 | 0.048 |   1.705 |    1.738 | 
     | datapath/pc_plus_imm/FA_GEN[10].fa_i/g137__7098    | A1 ^ -> ZN v | NAND2_X4 | 0.037 |   1.742 |    1.774 | 
     | datapath/pc_plus_imm/FA_GEN[10].fa_i/g135__5122    | A1 v -> ZN ^ | NAND2_X4 | 0.051 |   1.792 |    1.825 | 
     | datapath/pc_plus_imm/FA_GEN[11].fa_i/g155__4733    | A1 ^ -> ZN v | NAND2_X4 | 0.038 |   1.830 |    1.863 | 
     | datapath/pc_plus_imm/FA_GEN[11].fa_i/g153__5115    | A1 v -> ZN ^ | NAND2_X4 | 0.048 |   1.879 |    1.911 | 
     | datapath/pc_plus_imm/FA_GEN[12].fa_i/g155__2346    | A1 ^ -> ZN v | NAND2_X4 | 0.037 |   1.915 |    1.948 | 
     | datapath/pc_plus_imm/FA_GEN[12].fa_i/g153__9945    | A1 v -> ZN ^ | NAND2_X4 | 0.048 |   1.963 |    1.996 | 
     | datapath/pc_plus_imm/FA_GEN[13].fa_i/g155__2398    | A1 ^ -> ZN v | NAND2_X4 | 0.037 |   2.000 |    2.033 | 
     | datapath/pc_plus_imm/FA_GEN[13].fa_i/g153__6417    | A1 v -> ZN ^ | NAND2_X4 | 0.049 |   2.049 |    2.082 | 
     | datapath/pc_plus_imm/FA_GEN[14].fa_i/g155__5526    | A1 ^ -> ZN v | NAND2_X4 | 0.037 |   2.087 |    2.119 | 
     | datapath/pc_plus_imm/FA_GEN[14].fa_i/g153__4319    | A1 v -> ZN ^ | NAND2_X4 | 0.057 |   2.144 |    2.176 | 
     | datapath/pc_plus_imm/FA_GEN[15].fa_i/g155__1705    | A1 ^ -> ZN v | NAND2_X4 | 0.041 |   2.185 |    2.217 | 
     | datapath/pc_plus_imm/FA_GEN[15].fa_i/g153__1617    | A1 v -> ZN ^ | NAND2_X4 | 0.049 |   2.235 |    2.267 | 
     | datapath/pc_plus_imm/FA_GEN[16].fa_i/g155__1881    | A1 ^ -> ZN v | NAND2_X4 | 0.037 |   2.272 |    2.304 | 
     | datapath/pc_plus_imm/FA_GEN[16].fa_i/g153__7098    | A1 v -> ZN ^ | NAND2_X4 | 0.048 |   2.320 |    2.352 | 
     | datapath/pc_plus_imm/FA_GEN[17].fa_i/g155__9315    | A1 ^ -> ZN v | NAND2_X4 | 0.037 |   2.357 |    2.389 | 
     | datapath/pc_plus_imm/FA_GEN[17].fa_i/g153__4733    | A1 v -> ZN ^ | NAND2_X4 | 0.048 |   2.405 |    2.437 | 
     | datapath/pc_plus_imm/FA_GEN[18].fa_i/g155__7410    | A1 ^ -> ZN v | NAND2_X4 | 0.037 |   2.442 |    2.474 | 
     | datapath/pc_plus_imm/FA_GEN[18].fa_i/g153__2346    | A1 v -> ZN ^ | NAND2_X4 | 0.049 |   2.491 |    2.523 | 
     | datapath/pc_plus_imm/FA_GEN[19].fa_i/g155__6260    | A1 ^ -> ZN v | NAND2_X4 | 0.038 |   2.529 |    2.561 | 
     | datapath/pc_plus_imm/FA_GEN[19].fa_i/g153__2398    | A1 v -> ZN ^ | NAND2_X4 | 0.042 |   2.570 |    2.603 | 
     | datapath/pc_plus_imm/FA_GEN[20].fa_i/g155__3680    | A1 ^ -> ZN v | NAND2_X2 | 0.042 |   2.613 |    2.645 | 
     | datapath/pc_plus_imm/FA_GEN[20].fa_i/g153__5526    | A1 v -> ZN ^ | NAND2_X4 | 0.044 |   2.656 |    2.689 | 
     | datapath/pc_plus_imm/FA_GEN[21].fa_i/g155__8246    | A1 ^ -> ZN v | NAND2_X2 | 0.042 |   2.699 |    2.731 | 
     | datapath/pc_plus_imm/FA_GEN[21].fa_i/g153__1705    | A1 v -> ZN ^ | NAND2_X4 | 0.050 |   2.748 |    2.781 | 
     | datapath/pc_plus_imm/FA_GEN[22].fa_i/g155__7482    | A1 ^ -> ZN v | NAND2_X4 | 0.037 |   2.785 |    2.818 | 
     | datapath/pc_plus_imm/FA_GEN[22].fa_i/g153__1881    | A1 v -> ZN ^ | NAND2_X4 | 0.048 |   2.833 |    2.866 | 
     | datapath/pc_plus_imm/FA_GEN[23].fa_i/g155__2883    | A1 ^ -> ZN v | NAND2_X4 | 0.037 |   2.870 |    2.903 | 
     | datapath/pc_plus_imm/FA_GEN[23].fa_i/g153__9315    | A1 v -> ZN ^ | NAND2_X4 | 0.043 |   2.914 |    2.946 | 
     | datapath/pc_plus_imm/FA_GEN[24].fa_i/g155__5477    | A1 ^ -> ZN v | NAND2_X2 | 0.043 |   2.957 |    2.989 | 
     | datapath/pc_plus_imm/FA_GEN[24].fa_i/g153__7410    | A1 v -> ZN ^ | NAND2_X4 | 0.054 |   3.011 |    3.044 | 
     | datapath/pc_plus_imm/FA_GEN[25].fa_i/g155__4319    | A1 ^ -> ZN v | NAND2_X4 | 0.039 |   3.050 |    3.082 | 
     | datapath/pc_plus_imm/FA_GEN[25].fa_i/g153__6260    | A1 v -> ZN ^ | NAND2_X4 | 0.046 |   3.096 |    3.128 | 
     | datapath/pc_plus_imm/FA_GEN[26].fa_i/g155__1617    | A1 ^ -> ZN v | NAND2_X2 | 0.045 |   3.140 |    3.173 | 
     | datapath/pc_plus_imm/FA_GEN[26].fa_i/g153__3680    | A1 v -> ZN ^ | NAND2_X4 | 0.044 |   3.184 |    3.216 | 
     | datapath/pc_plus_imm/FA_GEN[27].fa_i/g155__7098    | A1 ^ -> ZN v | NAND2_X2 | 0.043 |   3.226 |    3.259 | 
     | datapath/pc_plus_imm/FA_GEN[27].fa_i/g153__8246    | A1 v -> ZN ^ | NAND2_X4 | 0.045 |   3.271 |    3.304 | 
     | datapath/pc_plus_imm/FA_GEN[28].fa_i/g149__4733    | A1 ^ -> ZN v | NAND2_X2 | 0.043 |   3.314 |    3.346 | 
     | datapath/pc_plus_imm/FA_GEN[28].fa_i/g147__7482    | A1 v -> ZN ^ | NAND2_X4 | 0.045 |   3.359 |    3.391 | 
     | datapath/pc_plus_imm/FA_GEN[29].fa_i/g119__2346    | A1 ^ -> ZN v | NAND2_X2 | 0.035 |   3.394 |    3.426 | 
     | datapath/pc_plus_imm/FA_GEN[29].fa_i/g117__2883    | A1 v -> ZN ^ | NAND2_X2 | 0.047 |   3.442 |    3.474 | 
     | datapath/pc_plus_imm/FA_GEN[30].fa_i/g2__4319      | A ^ -> Z ^   | XOR2_X1  | 0.173 |   3.614 |    3.647 | 
     | datapath/branch_or_inc_4/g846__2883                | A1 ^ -> ZN v | NAND2_X1 | 0.054 |   3.669 |    3.701 | 
     | datapath/branch_or_inc_4/g827__4319                | A1 v -> ZN ^ | NAND2_X1 | 0.052 |   3.721 |    3.754 | 
     | datapath/g35841                                    | A ^ -> ZN v  | INV_X1   | 0.024 |   3.745 |    3.778 | 
     | datapath/FE_RC_33_0                                | B1 v -> ZN ^ | OAI21_X1 | 0.094 |   3.840 |    3.872 | 
     | datapath/IF_pc_reg[30]                             | D ^          | DFFR_X1  | 0.000 |   3.840 |    3.872 | 
     +-----------------------------------------------------------------------------------------------------------+ 
Path 38: MET Setup Check with Pin datapath/IFID_pc_reg[5]/CK 
Endpoint:   datapath/IFID_pc_reg[5]/D      (^) checked with  leading edge of 
'clk'
Beginpoint: datapath/IFID_instr_reg[22]/QN (v) triggered by  leading edge of 
'clk'
Path Groups: {reg2reg}
Analysis View: WC_VIEW
Other End Arrival Time          0.068
- Setup                         0.079
+ Phase Shift                   4.000
+ CPPR Adjustment               0.000
- Uncertainty                   0.100
= Required Time                 3.888
- Arrival Time                  3.856
= Slack Time                    0.033
     Clock Rise Edge                 0.000
     + Clock Network Latency (Prop)  0.081
     = Beginpoint Arrival Time       0.081
     +-------------------------------------------------------------------------------------------------+ 
     |                Instance                 |     Arc      |   Cell    | Delay | Arrival | Required | 
     |                                         |              |           |       |  Time   |   Time   | 
     |-----------------------------------------+--------------+-----------+-------+---------+----------| 
     | datapath/IFID_instr_reg[22]             | CK ^         |           |       |   0.081 |    0.114 | 
     | datapath/IFID_instr_reg[22]             | CK ^ -> QN v | DFFR_X1   | 0.298 |   0.379 |    0.411 | 
     | datapath/g35745                         | A v -> ZN ^  | INV_X4    | 0.110 |   0.489 |    0.521 | 
     | datapath/g522__1617                     | A1 ^ -> ZN v | NOR2_X1   | 0.053 |   0.541 |    0.574 | 
     | datapath/g518__3680                     | A1 v -> ZN v | AND2_X1   | 0.128 |   0.670 |    0.702 | 
     | datapath/g489__2802                     | A2 v -> ZN v | AND2_X1   | 0.113 |   0.783 |    0.816 | 
     | datapath/FE_OFC276_registers_n_2588     | A v -> Z v   | CLKBUF_X3 | 0.221 |   1.005 |    1.037 | 
     | datapath/g36695                         | A2 v -> ZN ^ | AOI22_X1  | 0.190 |   1.194 |    1.227 | 
     | datapath/g3501                          | A3 ^ -> ZN ^ | AND4_X1   | 0.240 |   1.434 |    1.467 | 
     | datapath/g3433                          | A1 ^ -> ZN v | NAND4_X1  | 0.126 |   1.560 |    1.593 | 
     | datapath/g3393                          | A1 v -> ZN v | OR3_X1    | 0.324 |   1.884 |    1.917 | 
     | datapath/g26128                         | A1 v -> ZN ^ | AOI222_X1 | 0.293 |   2.177 |    2.209 | 
     | datapath/g26114                         | A ^ -> ZN v  | INV_X1    | 0.073 |   2.249 |    2.282 | 
     | datapath/LT_TC_OP_g1804                 | B2 v -> ZN ^ | AOI22_X1  | 0.192 |   2.441 |    2.474 | 
     | datapath/LT_TC_OP_g1776                 | A1 ^ -> ZN v | AOI222_X1 | 0.068 |   2.509 |    2.541 | 
     | datapath/FE_RC_556_0                    | C2 v -> ZN ^ | OAI221_X1 | 0.195 |   2.704 |    2.736 | 
     | datapath/LT_TC_OP_g1765                 | B1 ^ -> ZN v | AOI21_X1  | 0.088 |   2.792 |    2.825 | 
     | datapath/FE_RC_706_0                    | C1 v -> ZN ^ | OAI211_X1 | 0.142 |   2.934 |    2.967 | 
     | datapath/FE_RC_590_0                    | C1 ^ -> ZN v | AOI221_X1 | 0.082 |   3.016 |    3.049 | 
     | datapath/g16080                         | A1 v -> ZN v | AND2_X1   | 0.120 |   3.136 |    3.169 | 
     | datapath/g16078                         | A1 v -> ZN v | OR2_X2    | 0.171 |   3.307 |    3.340 | 
     | datapath/FE_OFC825_IFID_takeBranch      | A v -> Z v   | BUF_X4    | 0.102 |   3.410 |    3.443 | 
     | g1064                                   | A1 v -> ZN v | AND2_X1   | 0.105 |   3.515 |    3.548 | 
     | datapath/FE_OFC195_IFID_flush           | A v -> ZN ^  | INV_X1    | 0.130 |   3.646 |    3.678 | 
     | datapath/FE_OFC823_FE_OFN177_IFID_flush | A ^ -> ZN v  | INV_X8    | 0.093 |   3.738 |    3.771 | 
     | datapath/g35503                         | A1 v -> ZN ^ | NOR2_X1   | 0.117 |   3.856 |    3.888 | 
     | datapath/IFID_pc_reg[5]                 | D ^          | DFFR_X1   | 0.000 |   3.856 |    3.888 | 
     +-------------------------------------------------------------------------------------------------+ 
Path 39: MET Setup Check with Pin datapath/IFID_pc_reg[10]/CK 
Endpoint:   datapath/IFID_pc_reg[10]/D     (^) checked with  leading edge of 
'clk'
Beginpoint: datapath/IFID_instr_reg[22]/QN (v) triggered by  leading edge of 
'clk'
Path Groups: {reg2reg}
Analysis View: WC_VIEW
Other End Arrival Time          0.068
- Setup                         0.079
+ Phase Shift                   4.000
+ CPPR Adjustment               0.000
- Uncertainty                   0.100
= Required Time                 3.889
- Arrival Time                  3.855
= Slack Time                    0.034
     Clock Rise Edge                 0.000
     + Clock Network Latency (Prop)  0.081
     = Beginpoint Arrival Time       0.081
     +-------------------------------------------------------------------------------------------------+ 
     |                Instance                 |     Arc      |   Cell    | Delay | Arrival | Required | 
     |                                         |              |           |       |  Time   |   Time   | 
     |-----------------------------------------+--------------+-----------+-------+---------+----------| 
     | datapath/IFID_instr_reg[22]             | CK ^         |           |       |   0.081 |    0.115 | 
     | datapath/IFID_instr_reg[22]             | CK ^ -> QN v | DFFR_X1   | 0.298 |   0.379 |    0.412 | 
     | datapath/g35745                         | A v -> ZN ^  | INV_X4    | 0.110 |   0.489 |    0.522 | 
     | datapath/g522__1617                     | A1 ^ -> ZN v | NOR2_X1   | 0.053 |   0.541 |    0.575 | 
     | datapath/g518__3680                     | A1 v -> ZN v | AND2_X1   | 0.128 |   0.670 |    0.703 | 
     | datapath/g489__2802                     | A2 v -> ZN v | AND2_X1   | 0.113 |   0.783 |    0.817 | 
     | datapath/FE_OFC276_registers_n_2588     | A v -> Z v   | CLKBUF_X3 | 0.221 |   1.005 |    1.038 | 
     | datapath/g36695                         | A2 v -> ZN ^ | AOI22_X1  | 0.190 |   1.194 |    1.228 | 
     | datapath/g3501                          | A3 ^ -> ZN ^ | AND4_X1   | 0.240 |   1.434 |    1.468 | 
     | datapath/g3433                          | A1 ^ -> ZN v | NAND4_X1  | 0.126 |   1.560 |    1.594 | 
     | datapath/g3393                          | A1 v -> ZN v | OR3_X1    | 0.324 |   1.884 |    1.918 | 
     | datapath/g26128                         | A1 v -> ZN ^ | AOI222_X1 | 0.293 |   2.177 |    2.210 | 
     | datapath/g26114                         | A ^ -> ZN v  | INV_X1    | 0.073 |   2.249 |    2.283 | 
     | datapath/LT_TC_OP_g1804                 | B2 v -> ZN ^ | AOI22_X1  | 0.192 |   2.441 |    2.475 | 
     | datapath/LT_TC_OP_g1776                 | A1 ^ -> ZN v | AOI222_X1 | 0.068 |   2.509 |    2.542 | 
     | datapath/FE_RC_556_0                    | C2 v -> ZN ^ | OAI221_X1 | 0.195 |   2.704 |    2.737 | 
     | datapath/LT_TC_OP_g1765                 | B1 ^ -> ZN v | AOI21_X1  | 0.088 |   2.792 |    2.826 | 
     | datapath/FE_RC_706_0                    | C1 v -> ZN ^ | OAI211_X1 | 0.142 |   2.934 |    2.968 | 
     | datapath/FE_RC_590_0                    | C1 ^ -> ZN v | AOI221_X1 | 0.082 |   3.016 |    3.050 | 
     | datapath/g16080                         | A1 v -> ZN v | AND2_X1   | 0.120 |   3.136 |    3.170 | 
     | datapath/g16078                         | A1 v -> ZN v | OR2_X2    | 0.171 |   3.307 |    3.341 | 
     | datapath/FE_OFC825_IFID_takeBranch      | A v -> Z v   | BUF_X4    | 0.102 |   3.410 |    3.444 | 
     | g1064                                   | A1 v -> ZN v | AND2_X1   | 0.105 |   3.515 |    3.549 | 
     | datapath/FE_OFC195_IFID_flush           | A v -> ZN ^  | INV_X1    | 0.130 |   3.646 |    3.679 | 
     | datapath/FE_OFC823_FE_OFN177_IFID_flush | A ^ -> ZN v  | INV_X8    | 0.093 |   3.738 |    3.772 | 
     | datapath/g35511                         | A1 v -> ZN ^ | NOR2_X1   | 0.117 |   3.855 |    3.889 | 
     | datapath/IFID_pc_reg[10]                | D ^          | DFFR_X1   | 0.000 |   3.855 |    3.889 | 
     +-------------------------------------------------------------------------------------------------+ 
Path 40: MET Setup Check with Pin datapath/IFID_pc_reg[9]/CK 
Endpoint:   datapath/IFID_pc_reg[9]/D      (^) checked with  leading edge of 
'clk'
Beginpoint: datapath/IFID_instr_reg[22]/QN (v) triggered by  leading edge of 
'clk'
Path Groups: {reg2reg}
Analysis View: WC_VIEW
Other End Arrival Time          0.068
- Setup                         0.079
+ Phase Shift                   4.000
+ CPPR Adjustment               0.000
- Uncertainty                   0.100
= Required Time                 3.889
- Arrival Time                  3.855
= Slack Time                    0.034
     Clock Rise Edge                 0.000
     + Clock Network Latency (Prop)  0.081
     = Beginpoint Arrival Time       0.081
     +-------------------------------------------------------------------------------------------------+ 
     |                Instance                 |     Arc      |   Cell    | Delay | Arrival | Required | 
     |                                         |              |           |       |  Time   |   Time   | 
     |-----------------------------------------+--------------+-----------+-------+---------+----------| 
     | datapath/IFID_instr_reg[22]             | CK ^         |           |       |   0.081 |    0.115 | 
     | datapath/IFID_instr_reg[22]             | CK ^ -> QN v | DFFR_X1   | 0.298 |   0.379 |    0.413 | 
     | datapath/g35745                         | A v -> ZN ^  | INV_X4    | 0.110 |   0.489 |    0.523 | 
     | datapath/g522__1617                     | A1 ^ -> ZN v | NOR2_X1   | 0.053 |   0.541 |    0.575 | 
     | datapath/g518__3680                     | A1 v -> ZN v | AND2_X1   | 0.128 |   0.670 |    0.704 | 
     | datapath/g489__2802                     | A2 v -> ZN v | AND2_X1   | 0.113 |   0.783 |    0.817 | 
     | datapath/FE_OFC276_registers_n_2588     | A v -> Z v   | CLKBUF_X3 | 0.221 |   1.005 |    1.039 | 
     | datapath/g36695                         | A2 v -> ZN ^ | AOI22_X1  | 0.190 |   1.194 |    1.228 | 
     | datapath/g3501                          | A3 ^ -> ZN ^ | AND4_X1   | 0.240 |   1.434 |    1.468 | 
     | datapath/g3433                          | A1 ^ -> ZN v | NAND4_X1  | 0.126 |   1.560 |    1.594 | 
     | datapath/g3393                          | A1 v -> ZN v | OR3_X1    | 0.324 |   1.884 |    1.918 | 
     | datapath/g26128                         | A1 v -> ZN ^ | AOI222_X1 | 0.293 |   2.177 |    2.211 | 
     | datapath/g26114                         | A ^ -> ZN v  | INV_X1    | 0.073 |   2.249 |    2.283 | 
     | datapath/LT_TC_OP_g1804                 | B2 v -> ZN ^ | AOI22_X1  | 0.192 |   2.441 |    2.475 | 
     | datapath/LT_TC_OP_g1776                 | A1 ^ -> ZN v | AOI222_X1 | 0.068 |   2.509 |    2.543 | 
     | datapath/FE_RC_556_0                    | C2 v -> ZN ^ | OAI221_X1 | 0.195 |   2.704 |    2.738 | 
     | datapath/LT_TC_OP_g1765                 | B1 ^ -> ZN v | AOI21_X1  | 0.088 |   2.792 |    2.826 | 
     | datapath/FE_RC_706_0                    | C1 v -> ZN ^ | OAI211_X1 | 0.142 |   2.934 |    2.968 | 
     | datapath/FE_RC_590_0                    | C1 ^ -> ZN v | AOI221_X1 | 0.082 |   3.016 |    3.050 | 
     | datapath/g16080                         | A1 v -> ZN v | AND2_X1   | 0.120 |   3.136 |    3.170 | 
     | datapath/g16078                         | A1 v -> ZN v | OR2_X2    | 0.171 |   3.307 |    3.341 | 
     | datapath/FE_OFC825_IFID_takeBranch      | A v -> Z v   | BUF_X4    | 0.102 |   3.410 |    3.444 | 
     | g1064                                   | A1 v -> ZN v | AND2_X1   | 0.105 |   3.515 |    3.549 | 
     | datapath/FE_OFC195_IFID_flush           | A v -> ZN ^  | INV_X1    | 0.130 |   3.646 |    3.680 | 
     | datapath/FE_OFC823_FE_OFN177_IFID_flush | A ^ -> ZN v  | INV_X8    | 0.093 |   3.738 |    3.772 | 
     | datapath/g35507                         | A1 v -> ZN ^ | NOR2_X1   | 0.117 |   3.855 |    3.889 | 
     | datapath/IFID_pc_reg[9]                 | D ^          | DFFR_X1   | 0.000 |   3.855 |    3.889 | 
     +-------------------------------------------------------------------------------------------------+ 
Path 41: MET Setup Check with Pin datapath/EXMEM_aluResult_reg[0]/CK 
Endpoint:   datapath/EXMEM_aluResult_reg[0]/D (^) checked with  leading edge of 
'clk'
Beginpoint: datapath/IDEX_rs2_reg[3]/Q        (^) triggered by  leading edge of 
'clk'
Path Groups: {reg2reg}
Analysis View: WC_VIEW
Other End Arrival Time          0.070
- Setup                         0.065
+ Phase Shift                   4.000
+ CPPR Adjustment               0.000
- Uncertainty                   0.100
= Required Time                 3.905
- Arrival Time                  3.871
= Slack Time                    0.034
     Clock Rise Edge                 0.000
     + Clock Network Latency (Prop)  -0.243
     = Beginpoint Arrival Time       -0.243
     +------------------------------------------------------------------------------------------------------------+ 
     |                      Instance                      |     Arc      |   Cell    | Delay | Arrival | Required | 
     |                                                    |              |           |       |  Time   |   Time   | 
     |----------------------------------------------------+--------------+-----------+-------+---------+----------| 
     | datapath/IDEX_rs2_reg[3]                           | CK ^         |           |       |  -0.243 |   -0.209 | 
     | datapath/IDEX_rs2_reg[3]                           | CK ^ -> Q ^  | DFFR_X1   | 0.401 |   0.158 |    0.192 | 
     | ALU_forward/g3421                                  | A ^ -> ZN v  | INV_X1    | 0.052 |   0.210 |    0.244 | 
     | ALU_forward/FE_RC_688_0                            | A v -> ZN ^  | INV_X2    | 0.042 |   0.252 |    0.286 | 
     | ALU_forward/FE_RC_687_0                            | B1 ^ -> ZN v | OAI21_X2  | 0.035 |   0.287 |    0.322 | 
     | ALU_forward/FE_RC_544_0                            | A2 v -> ZN ^ | NOR2_X2   | 0.092 |   0.380 |    0.414 | 
     | ALU_forward/FE_RC_559_0                            | A2 ^ -> ZN v | NAND2_X1  | 0.054 |   0.433 |    0.468 | 
     | ALU_forward/FE_RC_560_0                            | A v -> ZN ^  | INV_X2    | 0.053 |   0.487 |    0.521 | 
     | ALU_forward/FE_RC_542_0                            | A1 ^ -> ZN v | NAND2_X4  | 0.074 |   0.561 |    0.595 | 
     | datapath/FE_OCPC313_n_107_dup                      | A v -> ZN ^  | INV_X4    | 0.077 |   0.638 |    0.673 | 
     | datapath/FE_RC_258_0                               | A1 ^ -> ZN v | NAND2_X4  | 0.051 |   0.689 |    0.723 | 
     | datapath/FE_OCPC504_n_614                          | A v -> Z v   | CLKBUF_X1 | 0.116 |   0.805 |    0.839 | 
     | datapath/FE_OFC841_FE_OCPN2795_n_614               | A v -> ZN ^  | INV_X1    | 0.181 |   0.986 |    1.021 | 
     | datapath/FE_RC_644_0                               | A1 ^ -> ZN v | NAND2_X1  | 0.084 |   1.070 |    1.104 | 
     | datapath/FE_RC_643_0                               | A v -> ZN ^  | OAI211_X2 | 0.098 |   1.168 |    1.202 | 
     | datapath/FE_RC_190_0                               | A1 ^ -> ZN v | AOI22_X1  | 0.073 |   1.241 |    1.276 | 
     | datapath/g25932                                    | A v -> ZN ^  | XNOR2_X1  | 0.221 |   1.462 |    1.496 | 
     | datapath/ALU_ALU_GEN[9].slice_i_bitAdder/FE_RC_139 | A ^ -> ZN v  | INV_X1    | 0.042 |   1.504 |    1.538 | 
     | _0                                                 |              |           |       |         |          | 
     | datapath/ALU_ALU_GEN[9].slice_i_bitAdder/FE_RC_138 | A1 v -> ZN ^ | NAND2_X1  | 0.095 |   1.598 |    1.633 | 
     | _0                                                 |              |           |       |         |          | 
     | datapath/ALU_ALU_GEN[9].slice_i_bitAdder/FE_RC_137 | A2 ^ -> ZN v | NAND2_X4  | 0.052 |   1.651 |    1.685 | 
     | _0                                                 |              |           |       |         |          | 
     | datapath/ALU_ALU_GEN[9].slice_i_bitAdder/FE_RC_136 | A1 v -> ZN ^ | NAND2_X4  | 0.045 |   1.696 |    1.730 | 
     | _0                                                 |              |           |       |         |          | 
     | datapath/ALU_ALU_GEN[10].slice_i_bitAdder/FE_RC_12 | A1 ^ -> ZN v | NAND2_X4  | 0.036 |   1.732 |    1.766 | 
     | 3_0                                                |              |           |       |         |          | 
     | datapath/ALU_ALU_GEN[10].slice_i_bitAdder/FE_RC_12 | A1 v -> ZN ^ | NAND2_X4  | 0.045 |   1.777 |    1.811 | 
     | 2_0                                                |              |           |       |         |          | 
     | datapath/ALU_ALU_GEN[11].slice_i_bitAdder/FE_RC_20 | A1 ^ -> ZN v | NAND2_X4  | 0.035 |   1.812 |    1.846 | 
     | 4_0                                                |              |           |       |         |          | 
     | datapath/ALU_ALU_GEN[11].slice_i_bitAdder/FE_RC_20 | A1 v -> ZN ^ | NAND2_X4  | 0.045 |   1.857 |    1.891 | 
     | 3_0                                                |              |           |       |         |          | 
     | datapath/ALU_ALU_GEN[12].slice_i_bitAdder/g158__82 | A1 ^ -> ZN v | NAND2_X4  | 0.035 |   1.892 |    1.926 | 
     | 46                                                 |              |           |       |         |          | 
     | datapath/ALU_ALU_GEN[12].slice_i_bitAdder/g156__17 | A1 v -> ZN ^ | NAND2_X4  | 0.045 |   1.937 |    1.971 | 
     | 05                                                 |              |           |       |         |          | 
     | datapath/ALU_ALU_GEN[13].slice_i_bitAdder/FE_RC_20 | A1 ^ -> ZN v | NAND2_X4  | 0.035 |   1.972 |    2.007 | 
     | 0_0                                                |              |           |       |         |          | 
     | datapath/ALU_ALU_GEN[13].slice_i_bitAdder/FE_RC_19 | A1 v -> ZN ^ | NAND2_X4  | 0.045 |   2.018 |    2.052 | 
     | 9_0                                                |              |           |       |         |          | 
     | datapath/ALU_ALU_GEN[14].slice_i_bitAdder/g158__23 | A1 ^ -> ZN v | NAND2_X4  | 0.035 |   2.053 |    2.087 | 
     | 98                                                 |              |           |       |         |          | 
     | datapath/ALU_ALU_GEN[14].slice_i_bitAdder/g156__64 | A1 v -> ZN ^ | NAND2_X4  | 0.046 |   2.099 |    2.133 | 
     | 17                                                 |              |           |       |         |          | 
     | datapath/ALU_ALU_GEN[15].slice_i_bitAdder/FE_RC_27 | A1 ^ -> ZN v | NAND2_X4  | 0.036 |   2.134 |    2.169 | 
     | 1_0                                                |              |           |       |         |          | 
     | datapath/ALU_ALU_GEN[15].slice_i_bitAdder/FE_RC_27 | A1 v -> ZN ^ | NAND2_X4  | 0.046 |   2.180 |    2.215 | 
     | 0_0                                                |              |           |       |         |          | 
     | datapath/ALU_ALU_GEN[16].slice_i_bitAdder/FE_RC_11 | A1 ^ -> ZN v | NAND2_X4  | 0.035 |   2.216 |    2.250 | 
     | 5_0                                                |              |           |       |         |          | 
     | datapath/ALU_ALU_GEN[16].slice_i_bitAdder/g156__61 | A1 v -> ZN ^ | NAND2_X4  | 0.045 |   2.261 |    2.296 | 
     | 31                                                 |              |           |       |         |          | 
     | datapath/ALU_ALU_GEN[17].slice_i_bitAdder/g155__16 | A1 ^ -> ZN v | NAND2_X4  | 0.036 |   2.297 |    2.331 | 
     | 66                                                 |              |           |       |         |          | 
     | datapath/ALU_ALU_GEN[17].slice_i_bitAdder/g153__28 | A1 v -> ZN ^ | NAND2_X4  | 0.048 |   2.345 |    2.379 | 
     | 83                                                 |              |           |       |         |          | 
     | datapath/ALU_ALU_GEN[18].slice_i_bitAdder/g158__84 | A1 ^ -> ZN v | NAND2_X4  | 0.036 |   2.381 |    2.416 | 
     | 28                                                 |              |           |       |         |          | 
     | datapath/ALU_ALU_GEN[18].slice_i_bitAdder/g156__62 | A1 v -> ZN ^ | NAND2_X4  | 0.045 |   2.427 |    2.461 | 
     | 60                                                 |              |           |       |         |          | 
     | datapath/ALU_ALU_GEN[19].slice_i_bitAdder/g158__82 | A1 ^ -> ZN v | NAND2_X4  | 0.035 |   2.462 |    2.497 | 
     | 46                                                 |              |           |       |         |          | 
     | datapath/ALU_ALU_GEN[19].slice_i_bitAdder/g156__17 | A1 v -> ZN ^ | NAND2_X4  | 0.045 |   2.508 |    2.542 | 
     | 05                                                 |              |           |       |         |          | 
     | datapath/ALU_ALU_GEN[20].slice_i_bitAdder/g158__61 | A1 ^ -> ZN v | NAND2_X4  | 0.035 |   2.543 |    2.577 | 
     | 61                                                 |              |           |       |         |          | 
     | datapath/ALU_ALU_GEN[20].slice_i_bitAdder/g156__47 | A1 v -> ZN ^ | NAND2_X4  | 0.045 |   2.588 |    2.623 | 
     | 33                                                 |              |           |       |         |          | 
     | datapath/ALU_ALU_GEN[21].slice_i_bitAdder/g158__54 | A1 ^ -> ZN v | NAND2_X4  | 0.035 |   2.624 |    2.658 | 
     | 77                                                 |              |           |       |         |          | 
     | datapath/ALU_ALU_GEN[21].slice_i_bitAdder/g156__64 | A1 v -> ZN ^ | NAND2_X4  | 0.046 |   2.669 |    2.704 | 
     | 17                                                 |              |           |       |         |          | 
     | datapath/ALU_ALU_GEN[22].slice_i_bitAdder/g158__16 | A1 ^ -> ZN v | NAND2_X4  | 0.035 |   2.705 |    2.739 | 
     | 17                                                 |              |           |       |         |          | 
     | datapath/ALU_ALU_GEN[22].slice_i_bitAdder/g156__36 | A1 v -> ZN ^ | NAND2_X4  | 0.046 |   2.751 |    2.785 | 
     | 80                                                 |              |           |       |         |          | 
     | datapath/ALU_ALU_GEN[23].slice_i_bitAdder/g158__74 | A1 ^ -> ZN v | NAND2_X4  | 0.035 |   2.786 |    2.821 | 
     | 82                                                 |              |           |       |         |          | 
     | datapath/ALU_ALU_GEN[23].slice_i_bitAdder/g156__51 | A1 v -> ZN ^ | NAND2_X4  | 0.049 |   2.835 |    2.869 | 
     | 15                                                 |              |           |       |         |          | 
     | datapath/ALU_ALU_GEN[24].slice_i_bitAdder/g158__64 | A1 ^ -> ZN v | NAND2_X4  | 0.037 |   2.872 |    2.906 | 
     | 17                                                 |              |           |       |         |          | 
     | datapath/ALU_ALU_GEN[24].slice_i_bitAdder/g156__74 | A1 v -> ZN ^ | NAND2_X4  | 0.049 |   2.921 |    2.955 | 
     | 10                                                 |              |           |       |         |          | 
     | datapath/ALU_ALU_GEN[25].slice_i_bitAdder/g158__36 | A1 ^ -> ZN v | NAND2_X4  | 0.037 |   2.958 |    2.992 | 
     | 80                                                 |              |           |       |         |          | 
     | datapath/ALU_ALU_GEN[25].slice_i_bitAdder/g156__67 | A1 v -> ZN ^ | NAND2_X4  | 0.054 |   3.011 |    3.046 | 
     | 83                                                 |              |           |       |         |          | 
     | datapath/ALU_ALU_GEN[26].slice_i_bitAdder/g158__51 | A1 ^ -> ZN v | NAND2_X4  | 0.039 |   3.050 |    3.085 | 
     | 15                                                 |              |           |       |         |          | 
     | datapath/ALU_ALU_GEN[26].slice_i_bitAdder/g156__18 | A1 v -> ZN ^ | NAND2_X4  | 0.046 |   3.096 |    3.131 | 
     | 81                                                 |              |           |       |         |          | 
     | datapath/ALU_ALU_GEN[27].slice_i_bitAdder/g158__74 | A1 ^ -> ZN v | NAND2_X4  | 0.035 |   3.132 |    3.166 | 
     | 10                                                 |              |           |       |         |          | 
     | datapath/ALU_ALU_GEN[27].slice_i_bitAdder/g156__23 | A1 v -> ZN ^ | NAND2_X4  | 0.046 |   3.178 |    3.212 | 
     | 46                                                 |              |           |       |         |          | 
     | datapath/ALU_ALU_GEN[28].slice_i_bitAdder/g158__55 | A1 ^ -> ZN v | NAND2_X4  | 0.036 |   3.214 |    3.248 | 
     | 26                                                 |              |           |       |         |          | 
     | datapath/ALU_ALU_GEN[28].slice_i_bitAdder/g156__43 | A1 v -> ZN ^ | NAND2_X4  | 0.046 |   3.259 |    3.294 | 
     | 19                                                 |              |           |       |         |          | 
     | datapath/ALU_ALU_GEN[29].slice_i_bitAdder/g158__18 | A1 ^ -> ZN v | NAND2_X4  | 0.035 |   3.295 |    3.329 | 
     | 81                                                 |              |           |       |         |          | 
     | datapath/ALU_ALU_GEN[29].slice_i_bitAdder/g156__70 | A1 v -> ZN ^ | NAND2_X4  | 0.045 |   3.340 |    3.374 | 
     | 98                                                 |              |           |       |         |          | 
     | datapath/ALU_ALU_GEN[30].slice_i_bitAdder/g158__16 | A1 ^ -> ZN v | NAND2_X4  | 0.035 |   3.375 |    3.409 | 
     | 66                                                 |              |           |       |         |          | 
     | datapath/ALU_ALU_GEN[30].slice_i_bitAdder/g156__28 | A1 v -> ZN ^ | NAND2_X4  | 0.064 |   3.439 |    3.474 | 
     | 83                                                 |              |           |       |         |          | 
     | datapath/ALU_msb_bitAdder/g119__6783               | A1 ^ -> ZN v | NAND2_X4  | 0.043 |   3.482 |    3.516 | 
     | datapath/ALU_msb_bitAdder/g117__8428               | A1 v -> ZN ^ | NAND2_X4  | 0.044 |   3.526 |    3.561 | 
     | datapath/FE_RC_193_0                               | A1 ^ -> ZN v | NAND2_X2  | 0.036 |   3.562 |    3.597 | 
     | datapath/FE_RC_192_0                               | A v -> ZN ^  | OAI21_X2  | 0.067 |   3.629 |    3.664 | 
     | datapath/g16077                                    | A ^ -> ZN ^  | XNOR2_X2  | 0.136 |   3.766 |    3.800 | 
     | datapath/ALU_ALU_GEN[0].slice_i_resultMux/g187__74 | A1 ^ -> ZN v | NAND2_X2  | 0.056 |   3.821 |    3.856 | 
     | 10                                                 |              |           |       |         |          | 
     | datapath/ALU_ALU_GEN[0].slice_i_resultMux/g185__23 | A1 v -> ZN ^ | NAND2_X1  | 0.049 |   3.871 |    3.905 | 
     | 46                                                 |              |           |       |         |          | 
     | datapath/EXMEM_aluResult_reg[0]                    | D ^          | DFFR_X2   | 0.000 |   3.871 |    3.905 | 
     +------------------------------------------------------------------------------------------------------------+ 
Path 42: MET Setup Check with Pin datapath/IFID_pc_reg[1]/CK 
Endpoint:   datapath/IFID_pc_reg[1]/D      (^) checked with  leading edge of 
'clk'
Beginpoint: datapath/IFID_instr_reg[22]/QN (v) triggered by  leading edge of 
'clk'
Path Groups: {reg2reg}
Analysis View: WC_VIEW
Other End Arrival Time          0.062
- Setup                         0.078
+ Phase Shift                   4.000
+ CPPR Adjustment               0.000
- Uncertainty                   0.100
= Required Time                 3.884
- Arrival Time                  3.849
= Slack Time                    0.035
     Clock Rise Edge                 0.000
     + Clock Network Latency (Prop)  0.081
     = Beginpoint Arrival Time       0.081
     +-------------------------------------------------------------------------------------------------+ 
     |                Instance                 |     Arc      |   Cell    | Delay | Arrival | Required | 
     |                                         |              |           |       |  Time   |   Time   | 
     |-----------------------------------------+--------------+-----------+-------+---------+----------| 
     | datapath/IFID_instr_reg[22]             | CK ^         |           |       |   0.081 |    0.116 | 
     | datapath/IFID_instr_reg[22]             | CK ^ -> QN v | DFFR_X1   | 0.298 |   0.379 |    0.414 | 
     | datapath/g35745                         | A v -> ZN ^  | INV_X4    | 0.110 |   0.489 |    0.524 | 
     | datapath/g522__1617                     | A1 ^ -> ZN v | NOR2_X1   | 0.053 |   0.541 |    0.577 | 
     | datapath/g518__3680                     | A1 v -> ZN v | AND2_X1   | 0.128 |   0.670 |    0.705 | 
     | datapath/g489__2802                     | A2 v -> ZN v | AND2_X1   | 0.113 |   0.783 |    0.818 | 
     | datapath/FE_OFC276_registers_n_2588     | A v -> Z v   | CLKBUF_X3 | 0.221 |   1.005 |    1.040 | 
     | datapath/g36695                         | A2 v -> ZN ^ | AOI22_X1  | 0.190 |   1.194 |    1.230 | 
     | datapath/g3501                          | A3 ^ -> ZN ^ | AND4_X1   | 0.240 |   1.434 |    1.469 | 
     | datapath/g3433                          | A1 ^ -> ZN v | NAND4_X1  | 0.126 |   1.560 |    1.596 | 
     | datapath/g3393                          | A1 v -> ZN v | OR3_X1    | 0.324 |   1.884 |    1.919 | 
     | datapath/g26128                         | A1 v -> ZN ^ | AOI222_X1 | 0.293 |   2.177 |    2.212 | 
     | datapath/g26114                         | A ^ -> ZN v  | INV_X1    | 0.073 |   2.249 |    2.285 | 
     | datapath/LT_TC_OP_g1804                 | B2 v -> ZN ^ | AOI22_X1  | 0.192 |   2.441 |    2.476 | 
     | datapath/LT_TC_OP_g1776                 | A1 ^ -> ZN v | AOI222_X1 | 0.068 |   2.509 |    2.544 | 
     | datapath/FE_RC_556_0                    | C2 v -> ZN ^ | OAI221_X1 | 0.195 |   2.704 |    2.739 | 
     | datapath/LT_TC_OP_g1765                 | B1 ^ -> ZN v | AOI21_X1  | 0.088 |   2.792 |    2.827 | 
     | datapath/FE_RC_706_0                    | C1 v -> ZN ^ | OAI211_X1 | 0.142 |   2.934 |    2.970 | 
     | datapath/FE_RC_590_0                    | C1 ^ -> ZN v | AOI221_X1 | 0.082 |   3.016 |    3.052 | 
     | datapath/g16080                         | A1 v -> ZN v | AND2_X1   | 0.120 |   3.136 |    3.172 | 
     | datapath/g16078                         | A1 v -> ZN v | OR2_X2    | 0.171 |   3.307 |    3.343 | 
     | datapath/FE_OFC825_IFID_takeBranch      | A v -> Z v   | BUF_X4    | 0.102 |   3.410 |    3.445 | 
     | g1064                                   | A1 v -> ZN v | AND2_X1   | 0.105 |   3.515 |    3.551 | 
     | datapath/FE_OFC195_IFID_flush           | A v -> ZN ^  | INV_X1    | 0.130 |   3.646 |    3.681 | 
     | datapath/FE_OFC823_FE_OFN177_IFID_flush | A ^ -> ZN v  | INV_X8    | 0.093 |   3.738 |    3.774 | 
     | datapath/g35499                         | A1 v -> ZN ^ | NOR2_X1   | 0.111 |   3.849 |    3.884 | 
     | datapath/IFID_pc_reg[1]                 | D ^          | DFFR_X1   | 0.000 |   3.849 |    3.884 | 
     +-------------------------------------------------------------------------------------------------+ 
Path 43: MET Setup Check with Pin datapath/IF_pc_reg[3]/CK 
Endpoint:   datapath/IF_pc_reg[3]/D       (v) checked with  leading edge of 
'clk'
Beginpoint: datapath/IFID_instr_reg[18]/Q (^) triggered by  leading edge of 
'clk'
Path Groups: {reg2reg}
Analysis View: WC_VIEW
Other End Arrival Time          0.060
- Setup                         0.236
+ Phase Shift                   4.000
+ CPPR Adjustment               0.000
- Uncertainty                   0.100
= Required Time                 3.724
- Arrival Time                  3.689
= Slack Time                    0.036
     Clock Rise Edge                 0.000
     + Clock Network Latency (Prop)  0.078
     = Beginpoint Arrival Time       0.078
     +------------------------------------------------------------------------------------------------------------+ 
     |                      Instance                      |     Arc      |   Cell    | Delay | Arrival | Required | 
     |                                                    |              |           |       |  Time   |   Time   | 
     |----------------------------------------------------+--------------+-----------+-------+---------+----------| 
     | datapath/IFID_instr_reg[18]                        | CK ^         |           |       |   0.078 |    0.113 | 
     | datapath/IFID_instr_reg[18]                        | CK ^ -> Q ^  | DFFR_X1   | 0.557 |   0.634 |    0.670 | 
     | datapath/g521__9315                                | A1 ^ -> ZN v | NAND2_X1  | 0.156 |   0.791 |    0.826 | 
     | datapath/g472__1617                                | A1 v -> ZN ^ | NOR2_X1   | 0.335 |   1.126 |    1.161 | 
     | datapath/FE_OFC878_registers_n_2509                | A ^ -> Z ^   | CLKBUF_X3 | 0.390 |   1.516 |    1.551 | 
     | datapath/g3883                                     | B1 ^ -> ZN v | AOI22_X1  | 0.115 |   1.631 |    1.666 | 
     | datapath/g3498__2802                               | A3 v -> ZN v | AND4_X1   | 0.168 |   1.798 |    1.834 | 
     | datapath/g3408__4319                               | A1 v -> ZN ^ | NAND4_X1  | 0.127 |   1.925 |    1.960 | 
     | datapath/g26225                                    | A1 ^ -> ZN v | AOI222_X1 | 0.064 |   1.989 |    2.024 | 
     | datapath/FE_OFC185_LT_TC_OP_n_31                   | A v -> Z v   | BUF_X1    | 0.137 |   2.126 |    2.162 | 
     | datapath/LT_TC_OP_g1823                            | A1 v -> ZN v | OR2_X2    | 0.158 |   2.285 |    2.320 | 
     | datapath/LT_TC_OP_g1808                            | A v -> ZN ^  | OAI21_X1  | 0.093 |   2.378 |    2.413 | 
     | datapath/LT_TC_OP_g1802                            | A ^ -> ZN v  | INV_X1    | 0.038 |   2.416 |    2.451 | 
     | datapath/LT_TC_OP_g1793                            | A v -> ZN ^  | OAI211_X1 | 0.095 |   2.511 |    2.546 | 
     | datapath/LT_TC_OP_g1766                            | B2 ^ -> ZN v | OAI221_X1 | 0.143 |   2.654 |    2.689 | 
     | datapath/FE_RC_590_0                               | A v -> ZN ^  | AOI221_X1 | 0.363 |   3.017 |    3.053 | 
     | datapath/g16080                                    | A1 ^ -> ZN ^ | AND2_X1   | 0.162 |   3.179 |    3.214 | 
     | datapath/g16078                                    | A1 ^ -> ZN ^ | OR2_X2    | 0.095 |   3.274 |    3.310 | 
     | datapath/branch_or_inc_4/FE_OFC824_IFID_takeBranch | A ^ -> Z ^   | BUF_X4    | 0.178 |   3.452 |    3.487 | 
     | datapath/branch_or_inc_4/g815__6161                | S ^ -> Z v   | MUX2_X1   | 0.237 |   3.689 |    3.724 | 
     | datapath/IF_pc_reg[3]                              | D v          | SDFFR_X2  | 0.000 |   3.689 |    3.724 | 
     +------------------------------------------------------------------------------------------------------------+ 
Path 44: MET Setup Check with Pin datapath/IF_pc_reg[13]/CK 
Endpoint:   datapath/IF_pc_reg[13]/D      (v) checked with  leading edge of 
'clk'
Beginpoint: datapath/IFID_instr_reg[18]/Q (^) triggered by  leading edge of 
'clk'
Path Groups: {reg2reg}
Analysis View: WC_VIEW
Other End Arrival Time          0.080
- Setup                         0.243
+ Phase Shift                   4.000
+ CPPR Adjustment               0.000
- Uncertainty                   0.100
= Required Time                 3.736
- Arrival Time                  3.694
= Slack Time                    0.042
     Clock Rise Edge                 0.000
     + Clock Network Latency (Prop)  0.078
     = Beginpoint Arrival Time       0.078
     +------------------------------------------------------------------------------------------------------------+ 
     |                      Instance                      |     Arc      |   Cell    | Delay | Arrival | Required | 
     |                                                    |              |           |       |  Time   |   Time   | 
     |----------------------------------------------------+--------------+-----------+-------+---------+----------| 
     | datapath/IFID_instr_reg[18]                        | CK ^         |           |       |   0.078 |    0.120 | 
     | datapath/IFID_instr_reg[18]                        | CK ^ -> Q ^  | DFFR_X1   | 0.557 |   0.634 |    0.677 | 
     | datapath/g521__9315                                | A1 ^ -> ZN v | NAND2_X1  | 0.156 |   0.791 |    0.833 | 
     | datapath/g472__1617                                | A1 v -> ZN ^ | NOR2_X1   | 0.335 |   1.126 |    1.168 | 
     | datapath/FE_OFC878_registers_n_2509                | A ^ -> Z ^   | CLKBUF_X3 | 0.390 |   1.516 |    1.558 | 
     | datapath/g3883                                     | B1 ^ -> ZN v | AOI22_X1  | 0.115 |   1.631 |    1.673 | 
     | datapath/g3498__2802                               | A3 v -> ZN v | AND4_X1   | 0.168 |   1.798 |    1.840 | 
     | datapath/g3408__4319                               | A1 v -> ZN ^ | NAND4_X1  | 0.127 |   1.925 |    1.967 | 
     | datapath/g26225                                    | A1 ^ -> ZN v | AOI222_X1 | 0.064 |   1.989 |    2.031 | 
     | datapath/FE_OFC185_LT_TC_OP_n_31                   | A v -> Z v   | BUF_X1    | 0.137 |   2.126 |    2.169 | 
     | datapath/LT_TC_OP_g1823                            | A1 v -> ZN v | OR2_X2    | 0.158 |   2.285 |    2.327 | 
     | datapath/LT_TC_OP_g1808                            | A v -> ZN ^  | OAI21_X1  | 0.093 |   2.378 |    2.420 | 
     | datapath/LT_TC_OP_g1802                            | A ^ -> ZN v  | INV_X1    | 0.038 |   2.416 |    2.458 | 
     | datapath/LT_TC_OP_g1793                            | A v -> ZN ^  | OAI211_X1 | 0.095 |   2.511 |    2.553 | 
     | datapath/LT_TC_OP_g1766                            | B2 ^ -> ZN v | OAI221_X1 | 0.143 |   2.654 |    2.696 | 
     | datapath/FE_RC_590_0                               | A v -> ZN ^  | AOI221_X1 | 0.363 |   3.017 |    3.060 | 
     | datapath/g16080                                    | A1 ^ -> ZN ^ | AND2_X1   | 0.162 |   3.179 |    3.221 | 
     | datapath/g16078                                    | A1 ^ -> ZN ^ | OR2_X2    | 0.095 |   3.274 |    3.316 | 
     | datapath/branch_or_inc_4/FE_OFC824_IFID_takeBranch | A ^ -> Z ^   | BUF_X4    | 0.178 |   3.452 |    3.494 | 
     | datapath/branch_or_inc_4/g826__6260                | S ^ -> Z v   | MUX2_X1   | 0.242 |   3.694 |    3.736 | 
     | datapath/IF_pc_reg[13]                             | D v          | SDFFR_X1  | 0.000 |   3.694 |    3.736 | 
     +------------------------------------------------------------------------------------------------------------+ 
Path 45: MET Setup Check with Pin datapath/IF_pc_reg[26]/CK 
Endpoint:   datapath/IF_pc_reg[26]/D       (^) checked with  leading edge of 
'clk'
Beginpoint: datapath/IFID_instr_reg[22]/QN (v) triggered by  leading edge of 
'clk'
Path Groups: {reg2reg}
Analysis View: WC_VIEW
Other End Arrival Time          0.061
- Setup                         0.218
+ Phase Shift                   4.000
+ CPPR Adjustment               0.000
- Uncertainty                   0.100
= Required Time                 3.744
- Arrival Time                  3.700
= Slack Time                    0.044
     Clock Rise Edge                 0.000
     + Clock Network Latency (Prop)  0.081
     = Beginpoint Arrival Time       0.081
     +------------------------------------------------------------------------------------------------------------+ 
     |                      Instance                      |     Arc      |   Cell    | Delay | Arrival | Required | 
     |                                                    |              |           |       |  Time   |   Time   | 
     |----------------------------------------------------+--------------+-----------+-------+---------+----------| 
     | datapath/IFID_instr_reg[22]                        | CK ^         |           |       |   0.081 |    0.125 | 
     | datapath/IFID_instr_reg[22]                        | CK ^ -> QN v | DFFR_X1   | 0.298 |   0.379 |    0.423 | 
     | datapath/g35745                                    | A v -> ZN ^  | INV_X4    | 0.110 |   0.489 |    0.532 | 
     | datapath/g522__1617                                | A1 ^ -> ZN v | NOR2_X1   | 0.053 |   0.541 |    0.585 | 
     | datapath/g518__3680                                | A1 v -> ZN v | AND2_X1   | 0.128 |   0.670 |    0.714 | 
     | datapath/g489__2802                                | A2 v -> ZN v | AND2_X1   | 0.113 |   0.783 |    0.827 | 
     | datapath/FE_OFC276_registers_n_2588                | A v -> Z v   | CLKBUF_X3 | 0.221 |   1.005 |    1.048 | 
     | datapath/g36695                                    | A2 v -> ZN ^ | AOI22_X1  | 0.190 |   1.194 |    1.238 | 
     | datapath/g3501                                     | A3 ^ -> ZN ^ | AND4_X1   | 0.240 |   1.434 |    1.478 | 
     | datapath/g3433                                     | A1 ^ -> ZN v | NAND4_X1  | 0.126 |   1.560 |    1.604 | 
     | datapath/g3393                                     | A1 v -> ZN v | OR3_X1    | 0.324 |   1.884 |    1.928 | 
     | datapath/g26128                                    | A1 v -> ZN ^ | AOI222_X1 | 0.293 |   2.177 |    2.220 | 
     | datapath/g26114                                    | A ^ -> ZN v  | INV_X1    | 0.073 |   2.249 |    2.293 | 
     | datapath/LT_TC_OP_g1804                            | B2 v -> ZN ^ | AOI22_X1  | 0.192 |   2.441 |    2.485 | 
     | datapath/LT_TC_OP_g1776                            | A1 ^ -> ZN v | AOI222_X1 | 0.068 |   2.509 |    2.552 | 
     | datapath/FE_RC_556_0                               | C2 v -> ZN ^ | OAI221_X1 | 0.195 |   2.704 |    2.748 | 
     | datapath/LT_TC_OP_g1765                            | B1 ^ -> ZN v | AOI21_X1  | 0.088 |   2.792 |    2.836 | 
     | datapath/FE_RC_706_0                               | C1 v -> ZN ^ | OAI211_X1 | 0.142 |   2.934 |    2.978 | 
     | datapath/FE_RC_590_0                               | C1 ^ -> ZN v | AOI221_X1 | 0.082 |   3.016 |    3.060 | 
     | datapath/g16080                                    | A1 v -> ZN v | AND2_X1   | 0.120 |   3.136 |    3.180 | 
     | datapath/g16078                                    | A1 v -> ZN v | OR2_X2    | 0.171 |   3.307 |    3.351 | 
     | datapath/branch_or_inc_4/FE_OFC824_IFID_takeBranch | A v -> Z v   | BUF_X4    | 0.125 |   3.433 |    3.476 | 
     | datapath/branch_or_inc_4/FE_OFC826_IFID_takeBranch | A v -> ZN ^  | INV_X1    | 0.146 |   3.578 |    3.622 | 
     | datapath/branch_or_inc_4/g845__9945                | A2 ^ -> ZN v | NAND2_X1  | 0.062 |   3.641 |    3.685 | 
     | datapath/branch_or_inc_4/g831__3680                | A2 v -> ZN ^ | NAND2_X1  | 0.059 |   3.700 |    3.744 | 
     | datapath/IF_pc_reg[26]                             | D ^          | SDFFR_X1  | 0.000 |   3.700 |    3.744 | 
     +------------------------------------------------------------------------------------------------------------+ 
Path 46: MET Setup Check with Pin datapath/IF_pc_reg[24]/CK 
Endpoint:   datapath/IF_pc_reg[24]/D      (v) checked with  leading edge of 
'clk'
Beginpoint: datapath/IFID_instr_reg[18]/Q (^) triggered by  leading edge of 
'clk'
Path Groups: {reg2reg}
Analysis View: WC_VIEW
Other End Arrival Time          0.078
- Setup                         0.243
+ Phase Shift                   4.000
+ CPPR Adjustment               0.000
- Uncertainty                   0.100
= Required Time                 3.735
- Arrival Time                  3.690
= Slack Time                    0.045
     Clock Rise Edge                 0.000
     + Clock Network Latency (Prop)  0.078
     = Beginpoint Arrival Time       0.078
     +------------------------------------------------------------------------------------------------------------+ 
     |                      Instance                      |     Arc      |   Cell    | Delay | Arrival | Required | 
     |                                                    |              |           |       |  Time   |   Time   | 
     |----------------------------------------------------+--------------+-----------+-------+---------+----------| 
     | datapath/IFID_instr_reg[18]                        | CK ^         |           |       |   0.078 |    0.122 | 
     | datapath/IFID_instr_reg[18]                        | CK ^ -> Q ^  | DFFR_X1   | 0.557 |   0.634 |    0.679 | 
     | datapath/g521__9315                                | A1 ^ -> ZN v | NAND2_X1  | 0.156 |   0.791 |    0.836 | 
     | datapath/g472__1617                                | A1 v -> ZN ^ | NOR2_X1   | 0.335 |   1.126 |    1.171 | 
     | datapath/FE_OFC878_registers_n_2509                | A ^ -> Z ^   | CLKBUF_X3 | 0.390 |   1.516 |    1.560 | 
     | datapath/g3883                                     | B1 ^ -> ZN v | AOI22_X1  | 0.115 |   1.631 |    1.675 | 
     | datapath/g3498__2802                               | A3 v -> ZN v | AND4_X1   | 0.168 |   1.798 |    1.843 | 
     | datapath/g3408__4319                               | A1 v -> ZN ^ | NAND4_X1  | 0.127 |   1.925 |    1.970 | 
     | datapath/g26225                                    | A1 ^ -> ZN v | AOI222_X1 | 0.064 |   1.989 |    2.034 | 
     | datapath/FE_OFC185_LT_TC_OP_n_31                   | A v -> Z v   | BUF_X1    | 0.137 |   2.126 |    2.171 | 
     | datapath/LT_TC_OP_g1823                            | A1 v -> ZN v | OR2_X2    | 0.158 |   2.285 |    2.329 | 
     | datapath/LT_TC_OP_g1808                            | A v -> ZN ^  | OAI21_X1  | 0.093 |   2.378 |    2.422 | 
     | datapath/LT_TC_OP_g1802                            | A ^ -> ZN v  | INV_X1    | 0.038 |   2.416 |    2.460 | 
     | datapath/LT_TC_OP_g1793                            | A v -> ZN ^  | OAI211_X1 | 0.095 |   2.511 |    2.556 | 
     | datapath/LT_TC_OP_g1766                            | B2 ^ -> ZN v | OAI221_X1 | 0.143 |   2.654 |    2.699 | 
     | datapath/FE_RC_590_0                               | A v -> ZN ^  | AOI221_X1 | 0.363 |   3.017 |    3.062 | 
     | datapath/g16080                                    | A1 ^ -> ZN ^ | AND2_X1   | 0.162 |   3.179 |    3.224 | 
     | datapath/g16078                                    | A1 ^ -> ZN ^ | OR2_X2    | 0.095 |   3.274 |    3.319 | 
     | datapath/branch_or_inc_4/FE_OFC824_IFID_takeBranch | A ^ -> Z ^   | BUF_X4    | 0.178 |   3.452 |    3.497 | 
     | datapath/branch_or_inc_4/g809__7098                | S ^ -> Z v   | MUX2_X1   | 0.238 |   3.690 |    3.735 | 
     | datapath/IF_pc_reg[24]                             | D v          | SDFFR_X1  | 0.000 |   3.690 |    3.735 | 
     +------------------------------------------------------------------------------------------------------------+ 
Path 47: MET Setup Check with Pin datapath/IF_pc_reg[23]/CK 
Endpoint:   datapath/IF_pc_reg[23]/D      (v) checked with  leading edge of 
'clk'
Beginpoint: datapath/IFID_instr_reg[18]/Q (^) triggered by  leading edge of 
'clk'
Path Groups: {reg2reg}
Analysis View: WC_VIEW
Other End Arrival Time          0.078
- Setup                         0.243
+ Phase Shift                   4.000
+ CPPR Adjustment               0.000
- Uncertainty                   0.100
= Required Time                 3.735
- Arrival Time                  3.690
= Slack Time                    0.045
     Clock Rise Edge                 0.000
     + Clock Network Latency (Prop)  0.078
     = Beginpoint Arrival Time       0.078
     +------------------------------------------------------------------------------------------------------------+ 
     |                      Instance                      |     Arc      |   Cell    | Delay | Arrival | Required | 
     |                                                    |              |           |       |  Time   |   Time   | 
     |----------------------------------------------------+--------------+-----------+-------+---------+----------| 
     | datapath/IFID_instr_reg[18]                        | CK ^         |           |       |   0.078 |    0.123 | 
     | datapath/IFID_instr_reg[18]                        | CK ^ -> Q ^  | DFFR_X1   | 0.557 |   0.634 |    0.680 | 
     | datapath/g521__9315                                | A1 ^ -> ZN v | NAND2_X1  | 0.156 |   0.791 |    0.836 | 
     | datapath/g472__1617                                | A1 v -> ZN ^ | NOR2_X1   | 0.335 |   1.126 |    1.171 | 
     | datapath/FE_OFC878_registers_n_2509                | A ^ -> Z ^   | CLKBUF_X3 | 0.390 |   1.516 |    1.561 | 
     | datapath/g3883                                     | B1 ^ -> ZN v | AOI22_X1  | 0.115 |   1.631 |    1.676 | 
     | datapath/g3498__2802                               | A3 v -> ZN v | AND4_X1   | 0.168 |   1.798 |    1.843 | 
     | datapath/g3408__4319                               | A1 v -> ZN ^ | NAND4_X1  | 0.127 |   1.925 |    1.970 | 
     | datapath/g26225                                    | A1 ^ -> ZN v | AOI222_X1 | 0.064 |   1.989 |    2.034 | 
     | datapath/FE_OFC185_LT_TC_OP_n_31                   | A v -> Z v   | BUF_X1    | 0.137 |   2.126 |    2.172 | 
     | datapath/LT_TC_OP_g1823                            | A1 v -> ZN v | OR2_X2    | 0.158 |   2.285 |    2.330 | 
     | datapath/LT_TC_OP_g1808                            | A v -> ZN ^  | OAI21_X1  | 0.093 |   2.378 |    2.423 | 
     | datapath/LT_TC_OP_g1802                            | A ^ -> ZN v  | INV_X1    | 0.038 |   2.416 |    2.461 | 
     | datapath/LT_TC_OP_g1793                            | A v -> ZN ^  | OAI211_X1 | 0.095 |   2.511 |    2.556 | 
     | datapath/LT_TC_OP_g1766                            | B2 ^ -> ZN v | OAI221_X1 | 0.143 |   2.654 |    2.699 | 
     | datapath/FE_RC_590_0                               | A v -> ZN ^  | AOI221_X1 | 0.363 |   3.017 |    3.062 | 
     | datapath/g16080                                    | A1 ^ -> ZN ^ | AND2_X1   | 0.162 |   3.179 |    3.224 | 
     | datapath/g16078                                    | A1 ^ -> ZN ^ | OR2_X2    | 0.095 |   3.274 |    3.319 | 
     | datapath/branch_or_inc_4/FE_OFC824_IFID_takeBranch | A ^ -> Z ^   | BUF_X4    | 0.178 |   3.452 |    3.497 | 
     | datapath/branch_or_inc_4/g822__6417                | S ^ -> Z v   | MUX2_X1   | 0.238 |   3.690 |    3.735 | 
     | datapath/IF_pc_reg[23]                             | D v          | SDFFR_X1  | 0.000 |   3.690 |    3.735 | 
     +------------------------------------------------------------------------------------------------------------+ 
Path 48: MET Setup Check with Pin datapath/IFID_instr_reg[30]/CK 
Endpoint:   datapath/IFID_instr_reg[30]/D  (^) checked with  leading edge of 
'clk'
Beginpoint: datapath/IFID_instr_reg[22]/QN (v) triggered by  leading edge of 
'clk'
Path Groups: {reg2reg}
Analysis View: WC_VIEW
Other End Arrival Time          0.080
- Setup                         0.081
+ Phase Shift                   4.000
+ CPPR Adjustment               0.000
- Uncertainty                   0.100
= Required Time                 3.899
- Arrival Time                  3.853
= Slack Time                    0.046
     Clock Rise Edge                 0.000
     + Clock Network Latency (Prop)  0.081
     = Beginpoint Arrival Time       0.081
     +-------------------------------------------------------------------------------------------------+ 
     |                Instance                 |     Arc      |   Cell    | Delay | Arrival | Required | 
     |                                         |              |           |       |  Time   |   Time   | 
     |-----------------------------------------+--------------+-----------+-------+---------+----------| 
     | datapath/IFID_instr_reg[22]             | CK ^         |           |       |   0.081 |    0.127 | 
     | datapath/IFID_instr_reg[22]             | CK ^ -> QN v | DFFR_X1   | 0.298 |   0.379 |    0.425 | 
     | datapath/g35745                         | A v -> ZN ^  | INV_X4    | 0.110 |   0.489 |    0.534 | 
     | datapath/g522__1617                     | A1 ^ -> ZN v | NOR2_X1   | 0.053 |   0.541 |    0.587 | 
     | datapath/g518__3680                     | A1 v -> ZN v | AND2_X1   | 0.128 |   0.670 |    0.715 | 
     | datapath/g489__2802                     | A2 v -> ZN v | AND2_X1   | 0.113 |   0.783 |    0.829 | 
     | datapath/FE_OFC276_registers_n_2588     | A v -> Z v   | CLKBUF_X3 | 0.221 |   1.005 |    1.050 | 
     | datapath/g36695                         | A2 v -> ZN ^ | AOI22_X1  | 0.190 |   1.194 |    1.240 | 
     | datapath/g3501                          | A3 ^ -> ZN ^ | AND4_X1   | 0.240 |   1.434 |    1.480 | 
     | datapath/g3433                          | A1 ^ -> ZN v | NAND4_X1  | 0.126 |   1.560 |    1.606 | 
     | datapath/g3393                          | A1 v -> ZN v | OR3_X1    | 0.324 |   1.884 |    1.930 | 
     | datapath/g26128                         | A1 v -> ZN ^ | AOI222_X1 | 0.293 |   2.177 |    2.222 | 
     | datapath/g26114                         | A ^ -> ZN v  | INV_X1    | 0.073 |   2.249 |    2.295 | 
     | datapath/LT_TC_OP_g1804                 | B2 v -> ZN ^ | AOI22_X1  | 0.192 |   2.441 |    2.487 | 
     | datapath/LT_TC_OP_g1776                 | A1 ^ -> ZN v | AOI222_X1 | 0.068 |   2.509 |    2.554 | 
     | datapath/FE_RC_556_0                    | C2 v -> ZN ^ | OAI221_X1 | 0.195 |   2.704 |    2.749 | 
     | datapath/LT_TC_OP_g1765                 | B1 ^ -> ZN v | AOI21_X1  | 0.088 |   2.792 |    2.838 | 
     | datapath/FE_RC_706_0                    | C1 v -> ZN ^ | OAI211_X1 | 0.142 |   2.934 |    2.980 | 
     | datapath/FE_RC_590_0                    | C1 ^ -> ZN v | AOI221_X1 | 0.082 |   3.016 |    3.062 | 
     | datapath/g16080                         | A1 v -> ZN v | AND2_X1   | 0.120 |   3.136 |    3.182 | 
     | datapath/g16078                         | A1 v -> ZN v | OR2_X2    | 0.171 |   3.307 |    3.353 | 
     | datapath/FE_OFC825_IFID_takeBranch      | A v -> Z v   | BUF_X4    | 0.102 |   3.410 |    3.456 | 
     | g1064                                   | A1 v -> ZN v | AND2_X1   | 0.105 |   3.515 |    3.561 | 
     | datapath/FE_OFC195_IFID_flush           | A v -> ZN ^  | INV_X1    | 0.130 |   3.646 |    3.691 | 
     | datapath/FE_OFC823_FE_OFN177_IFID_flush | A ^ -> ZN v  | INV_X8    | 0.093 |   3.738 |    3.784 | 
     | datapath/g35529                         | A1 v -> ZN ^ | NOR2_X1   | 0.115 |   3.853 |    3.899 | 
     | datapath/IFID_instr_reg[30]             | D ^          | DFFR_X1   | 0.000 |   3.853 |    3.899 | 
     +-------------------------------------------------------------------------------------------------+ 
Path 49: MET Setup Check with Pin datapath/IF_pc_reg[14]/CK 
Endpoint:   datapath/IF_pc_reg[14]/D      (v) checked with  leading edge of 
'clk'
Beginpoint: datapath/IFID_instr_reg[18]/Q (^) triggered by  leading edge of 
'clk'
Path Groups: {reg2reg}
Analysis View: WC_VIEW
Other End Arrival Time          0.078
- Setup                         0.243
+ Phase Shift                   4.000
+ CPPR Adjustment               0.000
- Uncertainty                   0.100
= Required Time                 3.735
- Arrival Time                  3.689
= Slack Time                    0.046
     Clock Rise Edge                 0.000
     + Clock Network Latency (Prop)  0.078
     = Beginpoint Arrival Time       0.078
     +------------------------------------------------------------------------------------------------------------+ 
     |                      Instance                      |     Arc      |   Cell    | Delay | Arrival | Required | 
     |                                                    |              |           |       |  Time   |   Time   | 
     |----------------------------------------------------+--------------+-----------+-------+---------+----------| 
     | datapath/IFID_instr_reg[18]                        | CK ^         |           |       |   0.078 |    0.124 | 
     | datapath/IFID_instr_reg[18]                        | CK ^ -> Q ^  | DFFR_X1   | 0.557 |   0.634 |    0.681 | 
     | datapath/g521__9315                                | A1 ^ -> ZN v | NAND2_X1  | 0.156 |   0.791 |    0.837 | 
     | datapath/g472__1617                                | A1 v -> ZN ^ | NOR2_X1   | 0.335 |   1.126 |    1.172 | 
     | datapath/FE_OFC878_registers_n_2509                | A ^ -> Z ^   | CLKBUF_X3 | 0.390 |   1.516 |    1.562 | 
     | datapath/g3883                                     | B1 ^ -> ZN v | AOI22_X1  | 0.115 |   1.631 |    1.677 | 
     | datapath/g3498__2802                               | A3 v -> ZN v | AND4_X1   | 0.168 |   1.798 |    1.844 | 
     | datapath/g3408__4319                               | A1 v -> ZN ^ | NAND4_X1  | 0.127 |   1.925 |    1.971 | 
     | datapath/g26225                                    | A1 ^ -> ZN v | AOI222_X1 | 0.064 |   1.989 |    2.035 | 
     | datapath/FE_OFC185_LT_TC_OP_n_31                   | A v -> Z v   | BUF_X1    | 0.137 |   2.126 |    2.172 | 
     | datapath/LT_TC_OP_g1823                            | A1 v -> ZN v | OR2_X2    | 0.158 |   2.285 |    2.331 | 
     | datapath/LT_TC_OP_g1808                            | A v -> ZN ^  | OAI21_X1  | 0.093 |   2.378 |    2.424 | 
     | datapath/LT_TC_OP_g1802                            | A ^ -> ZN v  | INV_X1    | 0.038 |   2.416 |    2.462 | 
     | datapath/LT_TC_OP_g1793                            | A v -> ZN ^  | OAI211_X1 | 0.095 |   2.511 |    2.557 | 
     | datapath/LT_TC_OP_g1766                            | B2 ^ -> ZN v | OAI221_X1 | 0.143 |   2.654 |    2.700 | 
     | datapath/FE_RC_590_0                               | A v -> ZN ^  | AOI221_X1 | 0.363 |   3.017 |    3.063 | 
     | datapath/g16080                                    | A1 ^ -> ZN ^ | AND2_X1   | 0.162 |   3.179 |    3.225 | 
     | datapath/g16078                                    | A1 ^ -> ZN ^ | OR2_X2    | 0.095 |   3.274 |    3.320 | 
     | datapath/branch_or_inc_4/FE_OFC824_IFID_takeBranch | A ^ -> Z ^   | BUF_X4    | 0.178 |   3.452 |    3.498 | 
     | datapath/branch_or_inc_4/g839__1881                | S ^ -> Z v   | MUX2_X1   | 0.237 |   3.689 |    3.735 | 
     | datapath/IF_pc_reg[14]                             | D v          | SDFFR_X1  | 0.000 |   3.689 |    3.735 | 
     +------------------------------------------------------------------------------------------------------------+ 
Path 50: MET Setup Check with Pin datapath/IFID_pc_reg[14]/CK 
Endpoint:   datapath/IFID_pc_reg[14]/D     (^) checked with  leading edge of 
'clk'
Beginpoint: datapath/IFID_instr_reg[22]/QN (v) triggered by  leading edge of 
'clk'
Path Groups: {reg2reg}
Analysis View: WC_VIEW
Other End Arrival Time          0.078
- Setup                         0.081
+ Phase Shift                   4.000
+ CPPR Adjustment               0.000
- Uncertainty                   0.100
= Required Time                 3.897
- Arrival Time                  3.850
= Slack Time                    0.046
     Clock Rise Edge                 0.000
     + Clock Network Latency (Prop)  0.081
     = Beginpoint Arrival Time       0.081
     +-------------------------------------------------------------------------------------------------+ 
     |                Instance                 |     Arc      |   Cell    | Delay | Arrival | Required | 
     |                                         |              |           |       |  Time   |   Time   | 
     |-----------------------------------------+--------------+-----------+-------+---------+----------| 
     | datapath/IFID_instr_reg[22]             | CK ^         |           |       |   0.081 |    0.128 | 
     | datapath/IFID_instr_reg[22]             | CK ^ -> QN v | DFFR_X1   | 0.298 |   0.379 |    0.425 | 
     | datapath/g35745                         | A v -> ZN ^  | INV_X4    | 0.110 |   0.489 |    0.535 | 
     | datapath/g522__1617                     | A1 ^ -> ZN v | NOR2_X1   | 0.053 |   0.541 |    0.588 | 
     | datapath/g518__3680                     | A1 v -> ZN v | AND2_X1   | 0.128 |   0.670 |    0.716 | 
     | datapath/g489__2802                     | A2 v -> ZN v | AND2_X1   | 0.113 |   0.783 |    0.830 | 
     | datapath/FE_OFC276_registers_n_2588     | A v -> Z v   | CLKBUF_X3 | 0.221 |   1.005 |    1.051 | 
     | datapath/g36695                         | A2 v -> ZN ^ | AOI22_X1  | 0.190 |   1.194 |    1.241 | 
     | datapath/g3501                          | A3 ^ -> ZN ^ | AND4_X1   | 0.240 |   1.434 |    1.480 | 
     | datapath/g3433                          | A1 ^ -> ZN v | NAND4_X1  | 0.126 |   1.560 |    1.607 | 
     | datapath/g3393                          | A1 v -> ZN v | OR3_X1    | 0.324 |   1.884 |    1.931 | 
     | datapath/g26128                         | A1 v -> ZN ^ | AOI222_X1 | 0.293 |   2.177 |    2.223 | 
     | datapath/g26114                         | A ^ -> ZN v  | INV_X1    | 0.073 |   2.249 |    2.296 | 
     | datapath/LT_TC_OP_g1804                 | B2 v -> ZN ^ | AOI22_X1  | 0.192 |   2.441 |    2.488 | 
     | datapath/LT_TC_OP_g1776                 | A1 ^ -> ZN v | AOI222_X1 | 0.068 |   2.509 |    2.555 | 
     | datapath/FE_RC_556_0                    | C2 v -> ZN ^ | OAI221_X1 | 0.195 |   2.704 |    2.750 | 
     | datapath/LT_TC_OP_g1765                 | B1 ^ -> ZN v | AOI21_X1  | 0.088 |   2.792 |    2.839 | 
     | datapath/FE_RC_706_0                    | C1 v -> ZN ^ | OAI211_X1 | 0.142 |   2.934 |    2.981 | 
     | datapath/FE_RC_590_0                    | C1 ^ -> ZN v | AOI221_X1 | 0.082 |   3.016 |    3.063 | 
     | datapath/g16080                         | A1 v -> ZN v | AND2_X1   | 0.120 |   3.136 |    3.183 | 
     | datapath/g16078                         | A1 v -> ZN v | OR2_X2    | 0.171 |   3.307 |    3.354 | 
     | datapath/FE_OFC825_IFID_takeBranch      | A v -> Z v   | BUF_X4    | 0.102 |   3.410 |    3.456 | 
     | g1064                                   | A1 v -> ZN v | AND2_X1   | 0.105 |   3.515 |    3.562 | 
     | datapath/FE_OFC195_IFID_flush           | A v -> ZN ^  | INV_X1    | 0.130 |   3.646 |    3.692 | 
     | datapath/FE_OFC823_FE_OFN177_IFID_flush | A ^ -> ZN v  | INV_X8    | 0.093 |   3.738 |    3.785 | 
     | datapath/g35509                         | A1 v -> ZN ^ | NOR2_X1   | 0.112 |   3.850 |    3.897 | 
     | datapath/IFID_pc_reg[14]                | D ^          | DFFR_X1   | 0.000 |   3.850 |    3.897 | 
     +-------------------------------------------------------------------------------------------------+ 

