###############################################################
#  Generated by:      Cadence Innovus 23.12-s091_1
#  OS:                Linux x86_64(Host ID nanohub-2907570-14)
#  Generated on:      Tue Aug 11 02:07:22 2026
#  Design:            pipelined_cpu_core
#  Command:           report_timing -late  -view RPT_SLOW -max_paths 50 -nworst 1 > reports/40_setup_slow.rpt
###############################################################
Path 1: VIOLATED Setup Check with Pin datapath/IF_pc_reg[31]/CK 
Endpoint:   datapath/IF_pc_reg[31]/D      (^) checked with  leading edge of 
'clk'
Beginpoint: datapath/IFID_instr_reg[1]/QN (v) triggered by  leading edge of 
'clk'
Path Groups: {reg2reg}
Analysis View: RPT_SLOW
Other End Arrival Time          0.503
- Setup                         0.067
+ Phase Shift                   4.300
+ CPPR Adjustment               0.000
- Uncertainty                   0.100
= Required Time                 4.635
- Arrival Time                  4.664
= Slack Time                   -0.029
     Clock Rise Edge                 0.000
     + Clock Network Latency (Prop)  0.504
     = Beginpoint Arrival Time       0.504
     +-----------------------------------------------------------------------------------------------------------+ 
     |                      Instance                      |     Arc      |   Cell   | Delay | Arrival | Required | 
     |                                                    |              |          |       |  Time   |   Time   | 
     |----------------------------------------------------+--------------+----------+-------+---------+----------| 
     | datapath/IFID_instr_reg[1]                         | CK ^         |          |       |   0.504 |    0.475 | 
     | datapath/IFID_instr_reg[1]                         | CK ^ -> QN v | DFFR_X1  | 0.255 |   0.759 |    0.730 | 
     | datapath/g41776                                    | A v -> ZN ^  | INV_X1   | 0.089 |   0.848 |    0.819 | 
     | datapath/immediate_generation/g2596__1881          | A2 ^ -> ZN ^ | AND2_X2  | 0.136 |   0.983 |    0.954 | 
     | datapath/immediate_generation/g2583__8428          | A2 ^ -> ZN ^ | AND2_X1  | 0.122 |   1.105 |    1.076 | 
     | datapath/immediate_generation/g2570__2883          | A1 ^ -> ZN v | NAND3_X1 | 0.054 |   1.159 |    1.130 | 
     | datapath/immediate_generation/g2541__7410          | A2 v -> ZN ^ | NAND2_X1 | 0.138 |   1.297 |    1.268 | 
     | datapath/pc_plus_imm/FA_GEN[2].fa_i/FE_OFC1017_IFI | A ^ -> ZN v  | INV_X1   | 0.038 |   1.335 |    1.306 | 
     | D_imm_2                                            |              |          |       |         |          | 
     | datapath/pc_plus_imm/FA_GEN[2].fa_i/g157__1881     | A1 v -> ZN ^ | NAND2_X1 | 0.050 |   1.385 |    1.356 | 
     | datapath/pc_plus_imm/FA_GEN[2].fa_i/g155__7098     | A2 ^ -> ZN v | NAND2_X1 | 0.047 |   1.432 |    1.403 | 
     | datapath/pc_plus_imm/FA_GEN[2].fa_i/g153__5122     | A1 v -> ZN ^ | NAND2_X2 | 0.051 |   1.483 |    1.454 | 
     | datapath/pc_plus_imm/FA_GEN[3].fa_i/g155__6161     | A1 ^ -> ZN v | NAND2_X1 | 0.047 |   1.530 |    1.501 | 
     | datapath/pc_plus_imm/FA_GEN[3].fa_i/g153__7482     | A1 v -> ZN ^ | NAND2_X2 | 0.052 |   1.582 |    1.553 | 
     | datapath/pc_plus_imm/FA_GEN[4].fa_i/g155__7410     | A1 ^ -> ZN v | NAND2_X1 | 0.048 |   1.630 |    1.601 | 
     | datapath/pc_plus_imm/FA_GEN[4].fa_i/g153__2346     | A1 v -> ZN ^ | NAND2_X2 | 0.056 |   1.685 |    1.656 | 
     | datapath/pc_plus_imm/FA_GEN[5].fa_i/g155__4319     | A1 ^ -> ZN v | NAND2_X1 | 0.049 |   1.734 |    1.705 | 
     | datapath/pc_plus_imm/FA_GEN[5].fa_i/g153__5107     | A1 v -> ZN ^ | NAND2_X2 | 0.053 |   1.787 |    1.758 | 
     | datapath/pc_plus_imm/FA_GEN[6].fa_i/g155__2802     | A1 ^ -> ZN v | NAND2_X1 | 0.046 |   1.833 |    1.804 | 
     | datapath/pc_plus_imm/FA_GEN[6].fa_i/g153__3680     | A1 v -> ZN ^ | NAND2_X2 | 0.059 |   1.892 |    1.864 | 
     | datapath/pc_plus_imm/FA_GEN[7].fa_i/g155__1881     | A1 ^ -> ZN v | NAND2_X2 | 0.041 |   1.934 |    1.905 | 
     | datapath/pc_plus_imm/FA_GEN[7].fa_i/g153__7098     | A1 v -> ZN ^ | NAND2_X2 | 0.049 |   1.983 |    1.954 | 
     | datapath/pc_plus_imm/FA_GEN[8].fa_i/g155__9315     | A1 ^ -> ZN v | NAND2_X1 | 0.048 |   2.030 |    2.001 | 
     | datapath/pc_plus_imm/FA_GEN[8].fa_i/g153__4733     | A1 v -> ZN ^ | NAND2_X2 | 0.051 |   2.082 |    2.053 | 
     | datapath/pc_plus_imm/FA_GEN[9].fa_i/g155__7410     | A1 ^ -> ZN v | NAND2_X1 | 0.047 |   2.129 |    2.100 | 
     | datapath/pc_plus_imm/FA_GEN[9].fa_i/g153__2346     | A1 v -> ZN ^ | NAND2_X2 | 0.053 |   2.181 |    2.152 | 
     | datapath/pc_plus_imm/FA_GEN[10].fa_i/g155__6260    | A1 ^ -> ZN v | NAND2_X1 | 0.046 |   2.227 |    2.199 | 
     | datapath/pc_plus_imm/FA_GEN[10].fa_i/g153__2398    | A1 v -> ZN ^ | NAND2_X2 | 0.059 |   2.287 |    2.258 | 
     | datapath/pc_plus_imm/FA_GEN[11].fa_i/FE_RC_1324_0  | A1 ^ -> ZN v | NAND2_X2 | 0.043 |   2.329 |    2.301 | 
     | datapath/pc_plus_imm/FA_GEN[11].fa_i/g153__5526    | A1 v -> ZN ^ | NAND2_X2 | 0.050 |   2.379 |    2.350 | 
     | datapath/pc_plus_imm/FA_GEN[12].fa_i/FE_RC_1281_0  | A1 ^ -> ZN v | NAND2_X1 | 0.046 |   2.425 |    2.396 | 
     | datapath/pc_plus_imm/FA_GEN[12].fa_i/g153__2802    | A1 v -> ZN ^ | NAND2_X2 | 0.059 |   2.484 |    2.455 | 
     | datapath/pc_plus_imm/FA_GEN[13].fa_i/g155__1881    | A1 ^ -> ZN v | NAND2_X2 | 0.041 |   2.525 |    2.496 | 
     | datapath/pc_plus_imm/FA_GEN[13].fa_i/g153__7098    | A1 v -> ZN ^ | NAND2_X2 | 0.049 |   2.574 |    2.545 | 
     | datapath/pc_plus_imm/FA_GEN[14].fa_i/g155__9315    | A1 ^ -> ZN v | NAND2_X1 | 0.047 |   2.620 |    2.592 | 
     | datapath/pc_plus_imm/FA_GEN[14].fa_i/g153__4733    | A1 v -> ZN ^ | NAND2_X2 | 0.051 |   2.671 |    2.643 | 
     | datapath/pc_plus_imm/FA_GEN[15].fa_i/FE_RC_485_0   | A1 ^ -> ZN v | NAND2_X1 | 0.047 |   2.718 |    2.690 | 
     | datapath/pc_plus_imm/FA_GEN[15].fa_i/g153__2346    | A1 v -> ZN ^ | NAND2_X2 | 0.055 |   2.774 |    2.745 | 
     | datapath/pc_plus_imm/FA_GEN[16].fa_i/g155__5107    | A1 ^ -> ZN v | NAND2_X1 | 0.041 |   2.815 |    2.787 | 
     | datapath/pc_plus_imm/FA_GEN[16].fa_i/g153__5477    | A1 v -> ZN ^ | NAND2_X1 | 0.067 |   2.882 |    2.853 | 
     | datapath/pc_plus_imm/FA_GEN[17].fa_i/FE_RC_870_0   | A1 ^ -> ZN v | NAND2_X1 | 0.055 |   2.937 |    2.908 | 
     | datapath/pc_plus_imm/FA_GEN[17].fa_i/g147__8428    | A1 v -> ZN ^ | NAND2_X2 | 0.055 |   2.992 |    2.964 | 
     | datapath/pc_plus_imm/FA_GEN[18].fa_i/g119__1705    | A1 ^ -> ZN v | NAND2_X1 | 0.041 |   3.033 |    3.005 | 
     | datapath/pc_plus_imm/FA_GEN[18].fa_i/g117__1617    | A1 v -> ZN ^ | NAND2_X1 | 0.070 |   3.103 |    3.074 | 
     | datapath/pc_plus_imm/FA_GEN[19].fa_i/g120__1881    | A1 ^ -> ZN v | NAND2_X1 | 0.048 |   3.151 |    3.122 | 
     | datapath/pc_plus_imm/FA_GEN[19].fa_i/g118__7098    | A1 v -> ZN ^ | NAND2_X1 | 0.078 |   3.230 |    3.201 | 
     | datapath/pc_plus_imm/FA_GEN[20].fa_i/g79__9315     | A1 ^ -> ZN v | NAND2_X1 | 0.059 |   3.288 |    3.259 | 
     | datapath/pc_plus_imm/FA_GEN[20].fa_i/g77__4733     | A1 v -> ZN ^ | NAND2_X2 | 0.067 |   3.355 |    3.327 | 
     | datapath/pc_plus_imm/FA_GEN[21].fa_i/g79__7410     | A1 ^ -> ZN v | NAND2_X2 | 0.044 |   3.399 |    3.370 | 
     | datapath/pc_plus_imm/FA_GEN[21].fa_i/g77__2346     | A1 v -> ZN ^ | NAND2_X2 | 0.066 |   3.465 |    3.436 | 
     | datapath/pc_plus_imm/FA_GEN[22].fa_i/g79__6260     | A1 ^ -> ZN v | NAND2_X2 | 0.053 |   3.518 |    3.489 | 
     | datapath/pc_plus_imm/FA_GEN[22].fa_i/g77__2398     | A1 v -> ZN ^ | NAND2_X4 | 0.046 |   3.564 |    3.535 | 
     | datapath/pc_plus_imm/FA_GEN[23].fa_i/g79__3680     | A1 ^ -> ZN v | NAND2_X2 | 0.035 |   3.599 |    3.570 | 
     | datapath/pc_plus_imm/FA_GEN[23].fa_i/g77__5526     | A1 v -> ZN ^ | NAND2_X2 | 0.055 |   3.654 |    3.625 | 
     | datapath/pc_plus_imm/FA_GEN[24].fa_i/g79__8246     | A1 ^ -> ZN v | NAND2_X2 | 0.049 |   3.703 |    3.674 | 
     | datapath/pc_plus_imm/FA_GEN[24].fa_i/g77__1705     | A1 v -> ZN ^ | NAND2_X4 | 0.045 |   3.748 |    3.719 | 
     | datapath/pc_plus_imm/FA_GEN[25].fa_i/g79__7482     | A1 ^ -> ZN v | NAND2_X2 | 0.043 |   3.791 |    3.762 | 
     | datapath/pc_plus_imm/FA_GEN[25].fa_i/g77__1881     | A1 v -> ZN ^ | NAND2_X4 | 0.040 |   3.831 |    3.802 | 
     | datapath/pc_plus_imm/FA_GEN[26].fa_i/g79__2883     | A1 ^ -> ZN v | NAND2_X1 | 0.041 |   3.872 |    3.843 | 
     | datapath/pc_plus_imm/FA_GEN[26].fa_i/g77__9315     | A1 v -> ZN ^ | NAND2_X2 | 0.052 |   3.924 |    3.895 | 
     | datapath/pc_plus_imm/FA_GEN[27].fa_i/g79__5477     | A1 ^ -> ZN v | NAND2_X1 | 0.039 |   3.964 |    3.935 | 
     | datapath/pc_plus_imm/FA_GEN[27].fa_i/g77__7410     | A1 v -> ZN ^ | NAND2_X1 | 0.066 |   4.030 |    4.001 | 
     | datapath/pc_plus_imm/FA_GEN[28].fa_i/g79__8428     | A1 ^ -> ZN v | NAND2_X1 | 0.047 |   4.077 |    4.048 | 
     | datapath/pc_plus_imm/FA_GEN[28].fa_i/g77__6260     | A1 v -> ZN ^ | NAND2_X1 | 0.068 |   4.145 |    4.116 | 
     | datapath/pc_plus_imm/FA_GEN[29].fa_i/g79__1617     | A1 ^ -> ZN v | NAND2_X1 | 0.044 |   4.189 |    4.160 | 
     | datapath/pc_plus_imm/FA_GEN[29].fa_i/g77__3680     | A1 v -> ZN ^ | NAND2_X1 | 0.068 |   4.257 |    4.228 | 
     | datapath/pc_plus_imm/FA_GEN[30].fa_i/g79__7098     | A1 ^ -> ZN v | NAND2_X1 | 0.045 |   4.302 |    4.273 | 
     | datapath/pc_plus_imm/FA_GEN[30].fa_i/g77__8246     | A1 v -> ZN ^ | NAND2_X1 | 0.062 |   4.364 |    4.336 | 
     | datapath/pc_plus_imm/FA_GEN[31].fa_i/FE_RC_1337_0  | A1 ^ -> ZN v | NAND2_X1 | 0.044 |   4.408 |    4.379 | 
     | datapath/pc_plus_imm/FA_GEN[31].fa_i/FE_RC_1336_0  | A v -> ZN ^  | OAI21_X1 | 0.068 |   4.476 |    4.447 | 
     | datapath/branch_or_inc_4/g885__6260                | A1 ^ -> ZN v | NAND2_X1 | 0.051 |   4.527 |    4.498 | 
     | datapath/branch_or_inc_4/g816__7482                | A2 v -> ZN ^ | NAND2_X1 | 0.057 |   4.584 |    4.555 | 
     | datapath/FE_RC_539_0                               | A1 ^ -> ZN v | NAND2_X1 | 0.037 |   4.621 |    4.592 | 
     | datapath/FE_RC_538_0                               | A1 v -> ZN ^ | NAND2_X1 | 0.044 |   4.664 |    4.635 | 
     | datapath/IF_pc_reg[31]                             | D ^          | DFFR_X1  | 0.000 |   4.664 |    4.635 | 
     +-----------------------------------------------------------------------------------------------------------+ 
Path 2: VIOLATED Setup Check with Pin datapath/EXMEM_aluResult_reg[0]/CK 
Endpoint:   datapath/EXMEM_aluResult_reg[0]/D (^) checked with  leading edge of 
'clk'
Beginpoint: datapath/MEMWB_rd_reg[3]/Q        (^) triggered by  leading edge of 
'clk'
Path Groups: {reg2reg}
Analysis View: RPT_SLOW
Other End Arrival Time          0.585
- Setup                         0.074
+ Phase Shift                   4.300
+ CPPR Adjustment               0.000
- Uncertainty                   0.100
= Required Time                 4.710
- Arrival Time                  4.735
= Slack Time                   -0.025
     Clock Rise Edge                 0.000
     + Clock Network Latency (Prop)  0.501
     = Beginpoint Arrival Time       0.501
     +-----------------------------------------------------------------------------------------------------------+ 
     |                      Instance                      |     Arc      |   Cell   | Delay | Arrival | Required | 
     |                                                    |              |          |       |  Time   |   Time   | 
     |----------------------------------------------------+--------------+----------+-------+---------+----------| 
     | datapath/MEMWB_rd_reg[3]                           | CK ^         |          |       |   0.501 |    0.476 | 
     | datapath/MEMWB_rd_reg[3]                           | CK ^ -> Q ^  | DFFR_X1  | 0.542 |   1.043 |    1.018 | 
     | ALU_forward/FE_RC_224_0                            | A ^ -> ZN v  | INV_X2   | 0.068 |   1.110 |    1.085 | 
     | ALU_forward/FE_RC_250_0                            | B1 v -> ZN ^ | OAI21_X2 | 0.149 |   1.260 |    1.234 | 
     | ALU_forward/FE_RC_232_0                            | A2 ^ -> ZN v | NOR2_X4  | 0.048 |   1.308 |    1.283 | 
     | ALU_forward/FE_RC_231_0                            | A1 v -> ZN ^ | NAND3_X4 | 0.074 |   1.382 |    1.357 | 
     | datapath/FE_OFC261_n_3                             | A ^ -> ZN v  | INV_X8   | 0.043 |   1.425 |    1.400 | 
     | datapath/FE_OFC262_n_3                             | A v -> ZN ^  | INV_X4   | 0.053 |   1.478 |    1.453 | 
     | datapath/g31750                                    | A1 ^ -> ZN v | NAND2_X2 | 0.041 |   1.519 |    1.494 | 
     | datapath/g31729                                    | A2 v -> ZN ^ | NAND2_X4 | 0.054 |   1.573 |    1.548 | 
     | datapath/FE_RC_1339_0                              | A1 ^ -> ZN v | NAND2_X2 | 0.043 |   1.616 |    1.591 | 
     | datapath/FE_RC_1338_0                              | A1 v -> ZN ^ | NAND2_X4 | 0.049 |   1.665 |    1.640 | 
     | datapath/ALU_ALU_GEN[0].slice_i_bitAdder/FE_RC_123 | A1 ^ -> ZN v | NAND2_X2 | 0.044 |   1.710 |    1.685 | 
     | 8_0                                                |              |          |       |         |          | 
     | datapath/ALU_ALU_GEN[0].slice_i_bitAdder/FE_RC_123 | A1 v -> ZN ^ | NAND2_X4 | 0.049 |   1.758 |    1.733 | 
     | 7_0                                                |              |          |       |         |          | 
     | datapath/ALU_ALU_GEN[1].slice_i_bitAdder/FE_RC_101 | A1 ^ -> ZN v | NAND2_X4 | 0.036 |   1.794 |    1.769 | 
     | 7_0                                                |              |          |       |         |          | 
     | datapath/ALU_ALU_GEN[1].slice_i_bitAdder/FE_RC_896 | A1 v -> ZN ^ | NAND2_X4 | 0.046 |   1.840 |    1.815 | 
     | _0                                                 |              |          |       |         |          | 
     | datapath/ALU_ALU_GEN[2].slice_i_bitAdder/g155__512 | A1 ^ -> ZN v | NAND2_X4 | 0.036 |   1.876 |    1.851 | 
     | 2                                                  |              |          |       |         |          | 
     | datapath/ALU_ALU_GEN[2].slice_i_bitAdder/g153__280 | A1 v -> ZN ^ | NAND2_X4 | 0.046 |   1.922 |    1.897 | 
     | 2                                                  |              |          |       |         |          | 
     | datapath/ALU_ALU_GEN[3].slice_i_bitAdder/g155__931 | A1 ^ -> ZN v | NAND2_X4 | 0.036 |   1.958 |    1.933 | 
     | 5                                                  |              |          |       |         |          | 
     | datapath/ALU_ALU_GEN[3].slice_i_bitAdder/g153__473 | A1 v -> ZN ^ | NAND2_X4 | 0.044 |   2.002 |    1.977 | 
     | 3                                                  |              |          |       |         |          | 
     | datapath/ALU_ALU_GEN[4].slice_i_bitAdder/g155__510 | A1 ^ -> ZN v | NAND2_X4 | 0.035 |   2.037 |    2.012 | 
     | 7                                                  |              |          |       |         |          | 
     | datapath/ALU_ALU_GEN[4].slice_i_bitAdder/g153__547 | A1 v -> ZN ^ | NAND2_X4 | 0.044 |   2.081 |    2.056 | 
     | 7                                                  |              |          |       |         |          | 
     | datapath/ALU_ALU_GEN[5].slice_i_bitAdder/g155__170 | A1 ^ -> ZN v | NAND2_X4 | 0.036 |   2.117 |    2.092 | 
     | 5                                                  |              |          |       |         |          | 
     | datapath/ALU_ALU_GEN[5].slice_i_bitAdder/g153__161 | A1 v -> ZN ^ | NAND2_X4 | 0.050 |   2.167 |    2.142 | 
     | 7                                                  |              |          |       |         |          | 
     | datapath/ALU_ALU_GEN[6].slice_i_bitAdder/g155__616 | A1 ^ -> ZN v | NAND2_X4 | 0.038 |   2.205 |    2.180 | 
     | 1                                                  |              |          |       |         |          | 
     | datapath/ALU_ALU_GEN[6].slice_i_bitAdder/g153__748 | A1 v -> ZN ^ | NAND2_X4 | 0.045 |   2.250 |    2.225 | 
     | 2                                                  |              |          |       |         |          | 
     | datapath/ALU_ALU_GEN[7].slice_i_bitAdder/g158__239 | A1 ^ -> ZN v | NAND2_X4 | 0.036 |   2.285 |    2.260 | 
     | 8                                                  |              |          |       |         |          | 
     | datapath/ALU_ALU_GEN[7].slice_i_bitAdder/g156__641 | A1 v -> ZN ^ | NAND2_X4 | 0.047 |   2.332 |    2.307 | 
     | 7                                                  |              |          |       |         |          | 
     | datapath/ALU_ALU_GEN[8].slice_i_bitAdder/g155__161 | A1 ^ -> ZN v | NAND2_X4 | 0.036 |   2.368 |    2.343 | 
     | 7                                                  |              |          |       |         |          | 
     | datapath/ALU_ALU_GEN[8].slice_i_bitAdder/g153__678 | A1 v -> ZN ^ | NAND2_X4 | 0.046 |   2.414 |    2.389 | 
     | 3                                                  |              |          |       |         |          | 
     | datapath/ALU_ALU_GEN[9].slice_i_bitAdder/g155__511 | A1 ^ -> ZN v | NAND2_X4 | 0.036 |   2.450 |    2.425 | 
     | 5                                                  |              |          |       |         |          | 
     | datapath/ALU_ALU_GEN[9].slice_i_bitAdder/g153__613 | A1 v -> ZN ^ | NAND2_X4 | 0.049 |   2.500 |    2.475 | 
     | 1                                                  |              |          |       |         |          | 
     | datapath/ALU_ALU_GEN[10].slice_i_bitAdder/g158__16 | A1 ^ -> ZN v | NAND2_X4 | 0.037 |   2.537 |    2.512 | 
     | 66                                                 |              |          |       |         |          | 
     | datapath/ALU_ALU_GEN[10].slice_i_bitAdder/g156__28 | A1 v -> ZN ^ | NAND2_X4 | 0.045 |   2.582 |    2.557 | 
     | 83                                                 |              |          |       |         |          | 
     | datapath/ALU_ALU_GEN[11].slice_i_bitAdder/g158__84 | A1 ^ -> ZN v | NAND2_X4 | 0.035 |   2.618 |    2.593 | 
     | 28                                                 |              |          |       |         |          | 
     | datapath/ALU_ALU_GEN[11].slice_i_bitAdder/g156__62 | A1 v -> ZN ^ | NAND2_X4 | 0.046 |   2.663 |    2.638 | 
     | 60                                                 |              |          |       |         |          | 
     | datapath/ALU_ALU_GEN[12].slice_i_bitAdder/g158__82 | A1 ^ -> ZN v | NAND2_X4 | 0.035 |   2.699 |    2.674 | 
     | 46                                                 |              |          |       |         |          | 
     | datapath/ALU_ALU_GEN[12].slice_i_bitAdder/g156__17 | A1 v -> ZN ^ | NAND2_X4 | 0.046 |   2.745 |    2.720 | 
     | 05                                                 |              |          |       |         |          | 
     | datapath/ALU_ALU_GEN[13].slice_i_bitAdder/g158__93 | A1 ^ -> ZN v | NAND2_X4 | 0.035 |   2.780 |    2.755 | 
     | 15                                                 |              |          |       |         |          | 
     | datapath/ALU_ALU_GEN[13].slice_i_bitAdder/g156__47 | A1 v -> ZN ^ | NAND2_X4 | 0.048 |   2.828 |    2.803 | 
     | 33                                                 |              |          |       |         |          | 
     | datapath/ALU_ALU_GEN[14].slice_i_bitAdder/g158__23 | A1 ^ -> ZN v | NAND2_X4 | 0.036 |   2.865 |    2.840 | 
     | 98                                                 |              |          |       |         |          | 
     | datapath/ALU_ALU_GEN[14].slice_i_bitAdder/g156__64 | A1 v -> ZN ^ | NAND2_X4 | 0.045 |   2.910 |    2.885 | 
     | 17                                                 |              |          |       |         |          | 
     | datapath/ALU_ALU_GEN[15].slice_i_bitAdder/g158__16 | A1 ^ -> ZN v | NAND2_X4 | 0.035 |   2.945 |    2.920 | 
     | 17                                                 |              |          |       |         |          | 
     | datapath/ALU_ALU_GEN[15].slice_i_bitAdder/g156__67 | A1 v -> ZN ^ | NAND2_X4 | 0.045 |   2.991 |    2.966 | 
     | 83                                                 |              |          |       |         |          | 
     | datapath/ALU_ALU_GEN[16].slice_i_bitAdder/g158__51 | A1 ^ -> ZN v | NAND2_X4 | 0.035 |   3.026 |    3.001 | 
     | 15                                                 |              |          |       |         |          | 
     | datapath/ALU_ALU_GEN[16].slice_i_bitAdder/g156__61 | A1 v -> ZN ^ | NAND2_X4 | 0.048 |   3.073 |    3.048 | 
     | 31                                                 |              |          |       |         |          | 
     | datapath/ALU_ALU_GEN[17].slice_i_bitAdder/g158__16 | A1 ^ -> ZN v | NAND2_X4 | 0.036 |   3.110 |    3.085 | 
     | 66                                                 |              |          |       |         |          | 
     | datapath/ALU_ALU_GEN[17].slice_i_bitAdder/g156__28 | A1 v -> ZN ^ | NAND2_X4 | 0.046 |   3.155 |    3.130 | 
     | 83                                                 |              |          |       |         |          | 
     | datapath/ALU_ALU_GEN[18].slice_i_bitAdder/g158__84 | A1 ^ -> ZN v | NAND2_X4 | 0.035 |   3.191 |    3.166 | 
     | 28                                                 |              |          |       |         |          | 
     | datapath/ALU_ALU_GEN[18].slice_i_bitAdder/g156__62 | A1 v -> ZN ^ | NAND2_X4 | 0.049 |   3.240 |    3.215 | 
     | 60                                                 |              |          |       |         |          | 
     | datapath/ALU_ALU_GEN[19].slice_i_bitAdder/g158__82 | A1 ^ -> ZN v | NAND2_X4 | 0.038 |   3.278 |    3.253 | 
     | 46                                                 |              |          |       |         |          | 
     | datapath/ALU_ALU_GEN[19].slice_i_bitAdder/g156__17 | A1 v -> ZN ^ | NAND2_X4 | 0.046 |   3.324 |    3.299 | 
     | 05                                                 |              |          |       |         |          | 
     | datapath/ALU_ALU_GEN[20].slice_i_bitAdder/g158__93 | A1 ^ -> ZN v | NAND2_X4 | 0.035 |   3.359 |    3.334 | 
     | 15                                                 |              |          |       |         |          | 
     | datapath/ALU_ALU_GEN[20].slice_i_bitAdder/g156__47 | A1 v -> ZN ^ | NAND2_X4 | 0.051 |   3.410 |    3.385 | 
     | 33                                                 |              |          |       |         |          | 
     | datapath/ALU_ALU_GEN[21].slice_i_bitAdder/g155__23 | A1 ^ -> ZN v | NAND2_X4 | 0.038 |   3.448 |    3.423 | 
     | 98                                                 |              |          |       |         |          | 
     | datapath/ALU_ALU_GEN[21].slice_i_bitAdder/g153__64 | A1 v -> ZN ^ | NAND2_X4 | 0.046 |   3.493 |    3.468 | 
     | 17                                                 |              |          |       |         |          | 
     | datapath/ALU_ALU_GEN[22].slice_i_bitAdder/g158__16 | A1 ^ -> ZN v | NAND2_X4 | 0.035 |   3.529 |    3.504 | 
     | 17                                                 |              |          |       |         |          | 
     | datapath/ALU_ALU_GEN[22].slice_i_bitAdder/g156__67 | A1 v -> ZN ^ | NAND2_X4 | 0.046 |   3.575 |    3.550 | 
     | 83                                                 |              |          |       |         |          | 
     | datapath/ALU_ALU_GEN[23].slice_i_bitAdder/FE_RC_23 | A1 ^ -> ZN v | NAND2_X4 | 0.035 |   3.610 |    3.585 | 
     | 3_0                                                |              |          |       |         |          | 
     | datapath/ALU_ALU_GEN[23].slice_i_bitAdder/g156__61 | A1 v -> ZN ^ | NAND2_X4 | 0.047 |   3.658 |    3.633 | 
     | 31                                                 |              |          |       |         |          | 
     | datapath/ALU_ALU_GEN[24].slice_i_bitAdder/g158__16 | A1 ^ -> ZN v | NAND2_X4 | 0.036 |   3.694 |    3.669 | 
     | 66                                                 |              |          |       |         |          | 
     | datapath/ALU_ALU_GEN[24].slice_i_bitAdder/g156__23 | A1 v -> ZN ^ | NAND2_X4 | 0.051 |   3.745 |    3.720 | 
     | 46                                                 |              |          |       |         |          | 
     | datapath/ALU_ALU_GEN[25].slice_i_bitAdder/g158__55 | A1 ^ -> ZN v | NAND2_X4 | 0.038 |   3.783 |    3.758 | 
     | 26                                                 |              |          |       |         |          | 
     | datapath/ALU_ALU_GEN[25].slice_i_bitAdder/g156__84 | A1 v -> ZN ^ | NAND2_X4 | 0.051 |   3.834 |    3.809 | 
     | 28                                                 |              |          |       |         |          | 
     | datapath/ALU_ALU_GEN[26].slice_i_bitAdder/g158__61 | A1 ^ -> ZN v | NAND2_X4 | 0.038 |   3.872 |    3.847 | 
     | 31                                                 |              |          |       |         |          | 
     | datapath/ALU_ALU_GEN[26].slice_i_bitAdder/g156__70 | A1 v -> ZN ^ | NAND2_X4 | 0.046 |   3.918 |    3.893 | 
     | 98                                                 |              |          |       |         |          | 
     | datapath/ALU_ALU_GEN[27].slice_i_bitAdder/g158__23 | A1 ^ -> ZN v | NAND2_X4 | 0.036 |   3.954 |    3.929 | 
     | 46                                                 |              |          |       |         |          | 
     | datapath/ALU_ALU_GEN[27].slice_i_bitAdder/g156__28 | A1 v -> ZN ^ | NAND2_X4 | 0.046 |   4.000 |    3.975 | 
     | 83                                                 |              |          |       |         |          | 
     | datapath/ALU_ALU_GEN[28].slice_i_bitAdder/g158__84 | A1 ^ -> ZN v | NAND2_X4 | 0.035 |   4.035 |    4.010 | 
     | 28                                                 |              |          |       |         |          | 
     | datapath/ALU_ALU_GEN[28].slice_i_bitAdder/g156__43 | A1 v -> ZN ^ | NAND2_X4 | 0.043 |   4.078 |    4.053 | 
     | 19                                                 |              |          |       |         |          | 
     | datapath/ALU_ALU_GEN[29].slice_i_bitAdder/g158__61 | A1 ^ -> ZN v | NAND2_X2 | 0.035 |   4.114 |    4.089 | 
     | 31                                                 |              |          |       |         |          | 
     | datapath/ALU_ALU_GEN[29].slice_i_bitAdder/g156__82 | A1 v -> ZN ^ | NAND2_X2 | 0.049 |   4.163 |    4.138 | 
     | 46                                                 |              |          |       |         |          | 
     | datapath/ALU_ALU_GEN[30].slice_i_bitAdder/g158__23 | A1 ^ -> ZN v | NAND2_X2 | 0.038 |   4.201 |    4.176 | 
     | 46                                                 |              |          |       |         |          | 
     | datapath/ALU_ALU_GEN[30].slice_i_bitAdder/g156__99 | A1 v -> ZN ^ | NAND2_X2 | 0.095 |   4.296 |    4.271 | 
     | 45                                                 |              |          |       |         |          | 
     | datapath/ALU_msb_bitAdder/g119__4319               | A1 ^ -> ZN v | NAND2_X4 | 0.051 |   4.348 |    4.323 | 
     | datapath/ALU_msb_bitAdder/g117__5107               | A1 v -> ZN ^ | NAND2_X4 | 0.049 |   4.396 |    4.371 | 
     | datapath/FE_RC_1330_0                              | A1 ^ -> ZN v | NAND2_X2 | 0.036 |   4.433 |    4.408 | 
     | datapath/FE_RC_1329_0                              | A v -> ZN ^  | OAI21_X2 | 0.077 |   4.510 |    4.485 | 
     | datapath/FE_RC_458_0                               | A1 ^ -> ZN v | NAND2_X2 | 0.055 |   4.565 |    4.540 | 
     | datapath/FE_RC_457_0                               | A v -> ZN ^  | OAI21_X2 | 0.070 |   4.635 |    4.610 | 
     | datapath/ALU_ALU_GEN[0].slice_i_resultMux/g187__16 | A1 ^ -> ZN v | NAND2_X2 | 0.049 |   4.684 |    4.659 | 
     | 66                                                 |              |          |       |         |          | 
     | datapath/ALU_ALU_GEN[0].slice_i_resultMux/g185__28 | A1 v -> ZN ^ | NAND2_X1 | 0.051 |   4.735 |    4.710 | 
     | 83                                                 |              |          |       |         |          | 
     | datapath/EXMEM_aluResult_reg[0]                    | D ^          | DFFR_X1  | 0.000 |   4.735 |    4.710 | 
     +-----------------------------------------------------------------------------------------------------------+ 
Path 3: VIOLATED Setup Check with Pin datapath/IF_pc_reg[30]/CK 
Endpoint:   datapath/IF_pc_reg[30]/D      (v) checked with  leading edge of 
'clk'
Beginpoint: datapath/IFID_instr_reg[2]/QN (^) triggered by  leading edge of 
'clk'
Path Groups: {reg2reg}
Analysis View: RPT_SLOW
Other End Arrival Time          0.493
- Setup                         0.131
+ Phase Shift                   4.300
+ CPPR Adjustment               0.000
- Uncertainty                   0.100
= Required Time                 4.561
- Arrival Time                  4.572
= Slack Time                   -0.011
     Clock Rise Edge                 0.000
     + Clock Network Latency (Prop)  0.504
     = Beginpoint Arrival Time       0.504
     +-----------------------------------------------------------------------------------------------------------+ 
     |                      Instance                      |     Arc      |   Cell   | Delay | Arrival | Required | 
     |                                                    |              |          |       |  Time   |   Time   | 
     |----------------------------------------------------+--------------+----------+-------+---------+----------| 
     | datapath/IFID_instr_reg[2]                         | CK ^         |          |       |   0.504 |    0.493 | 
     | datapath/IFID_instr_reg[2]                         | CK ^ -> QN ^ | DFFR_X1  | 0.305 |   0.808 |    0.797 | 
     | datapath/FE_OFC256_n_2546                          | A ^ -> ZN v  | INV_X2   | 0.054 |   0.862 |    0.851 | 
     | datapath/immediate_generation/g2592__5122          | A2 v -> ZN v | AND2_X1  | 0.107 |   0.969 |    0.958 | 
     | datapath/immediate_generation/g2585__6783          | A2 v -> ZN ^ | NAND2_X1 | 0.082 |   1.051 |    1.040 | 
     | datapath/immediate_generation/g2565__4733          | A1 ^ -> ZN v | NAND2_X2 | 0.054 |   1.105 |    1.094 | 
     | datapath/immediate_generation/g2559__7098          | A1 v -> ZN ^ | NAND2_X1 | 0.051 |   1.156 |    1.145 | 
     | datapath/immediate_generation/g2541__7410          | A1 ^ -> ZN v | NAND2_X1 | 0.081 |   1.237 |    1.227 | 
     | datapath/pc_plus_imm/FA_GEN[2].fa_i/FE_OFC1017_IFI | A v -> ZN ^  | INV_X1   | 0.060 |   1.297 |    1.287 | 
     | D_imm_2                                            |              |          |       |         |          | 
     | datapath/pc_plus_imm/FA_GEN[2].fa_i/g157__1881     | A1 ^ -> ZN v | NAND2_X1 | 0.034 |   1.331 |    1.321 | 
     | datapath/pc_plus_imm/FA_GEN[2].fa_i/g155__7098     | A2 v -> ZN ^ | NAND2_X1 | 0.065 |   1.396 |    1.385 | 
     | datapath/pc_plus_imm/FA_GEN[2].fa_i/g153__5122     | A1 ^ -> ZN v | NAND2_X2 | 0.046 |   1.442 |    1.431 | 
     | datapath/pc_plus_imm/FA_GEN[3].fa_i/g155__6161     | A1 v -> ZN ^ | NAND2_X1 | 0.062 |   1.504 |    1.493 | 
     | datapath/pc_plus_imm/FA_GEN[3].fa_i/g153__7482     | A1 ^ -> ZN v | NAND2_X2 | 0.046 |   1.550 |    1.539 | 
     | datapath/pc_plus_imm/FA_GEN[4].fa_i/g155__7410     | A1 v -> ZN ^ | NAND2_X1 | 0.062 |   1.612 |    1.601 | 
     | datapath/pc_plus_imm/FA_GEN[4].fa_i/g153__2346     | A1 ^ -> ZN v | NAND2_X2 | 0.048 |   1.661 |    1.650 | 
     | datapath/pc_plus_imm/FA_GEN[5].fa_i/g155__4319     | A1 v -> ZN ^ | NAND2_X1 | 0.062 |   1.722 |    1.712 | 
     | datapath/pc_plus_imm/FA_GEN[5].fa_i/g153__5107     | A1 ^ -> ZN v | NAND2_X2 | 0.046 |   1.768 |    1.757 | 
     | datapath/pc_plus_imm/FA_GEN[6].fa_i/g155__2802     | A1 v -> ZN ^ | NAND2_X1 | 0.060 |   1.828 |    1.817 | 
     | datapath/pc_plus_imm/FA_GEN[6].fa_i/g153__3680     | A1 ^ -> ZN v | NAND2_X2 | 0.051 |   1.878 |    1.868 | 
     | datapath/pc_plus_imm/FA_GEN[7].fa_i/g155__1881     | A1 v -> ZN ^ | NAND2_X2 | 0.047 |   1.926 |    1.915 | 
     | datapath/pc_plus_imm/FA_GEN[7].fa_i/g153__7098     | A1 ^ -> ZN v | NAND2_X2 | 0.039 |   1.965 |    1.954 | 
     | datapath/pc_plus_imm/FA_GEN[8].fa_i/g155__9315     | A1 v -> ZN ^ | NAND2_X1 | 0.061 |   2.026 |    2.015 | 
     | datapath/pc_plus_imm/FA_GEN[8].fa_i/g153__4733     | A1 ^ -> ZN v | NAND2_X2 | 0.046 |   2.071 |    2.060 | 
     | datapath/pc_plus_imm/FA_GEN[9].fa_i/g155__7410     | A1 v -> ZN ^ | NAND2_X1 | 0.062 |   2.133 |    2.122 | 
     | datapath/pc_plus_imm/FA_GEN[9].fa_i/g153__2346     | A1 ^ -> ZN v | NAND2_X2 | 0.046 |   2.179 |    2.168 | 
     | datapath/pc_plus_imm/FA_GEN[10].fa_i/g155__6260    | A1 v -> ZN ^ | NAND2_X1 | 0.060 |   2.238 |    2.228 | 
     | datapath/pc_plus_imm/FA_GEN[10].fa_i/g153__2398    | A1 ^ -> ZN v | NAND2_X2 | 0.050 |   2.288 |    2.278 | 
     | datapath/pc_plus_imm/FA_GEN[11].fa_i/FE_RC_1324_0  | A1 v -> ZN ^ | NAND2_X2 | 0.049 |   2.338 |    2.327 | 
     | datapath/pc_plus_imm/FA_GEN[11].fa_i/g153__5526    | A1 ^ -> ZN v | NAND2_X2 | 0.040 |   2.377 |    2.367 | 
     | datapath/pc_plus_imm/FA_GEN[12].fa_i/FE_RC_1281_0  | A1 v -> ZN ^ | NAND2_X1 | 0.058 |   2.435 |    2.425 | 
     | datapath/pc_plus_imm/FA_GEN[12].fa_i/g153__2802    | A1 ^ -> ZN v | NAND2_X2 | 0.050 |   2.485 |    2.474 | 
     | datapath/pc_plus_imm/FA_GEN[13].fa_i/g155__1881    | A1 v -> ZN ^ | NAND2_X2 | 0.048 |   2.532 |    2.522 | 
     | datapath/pc_plus_imm/FA_GEN[13].fa_i/g153__7098    | A1 ^ -> ZN v | NAND2_X2 | 0.038 |   2.571 |    2.560 | 
     | datapath/pc_plus_imm/FA_GEN[14].fa_i/g155__9315    | A1 v -> ZN ^ | NAND2_X1 | 0.060 |   2.631 |    2.620 | 
     | datapath/pc_plus_imm/FA_GEN[14].fa_i/g153__4733    | A1 ^ -> ZN v | NAND2_X2 | 0.045 |   2.676 |    2.666 | 
     | datapath/pc_plus_imm/FA_GEN[15].fa_i/FE_RC_485_0   | A1 v -> ZN ^ | NAND2_X1 | 0.062 |   2.738 |    2.728 | 
     | datapath/pc_plus_imm/FA_GEN[15].fa_i/g153__2346    | A1 ^ -> ZN v | NAND2_X2 | 0.048 |   2.787 |    2.776 | 
     | datapath/pc_plus_imm/FA_GEN[16].fa_i/g155__5107    | A1 v -> ZN ^ | NAND2_X1 | 0.049 |   2.836 |    2.825 | 
     | datapath/pc_plus_imm/FA_GEN[16].fa_i/g153__5477    | A1 ^ -> ZN v | NAND2_X1 | 0.050 |   2.886 |    2.875 | 
     | datapath/pc_plus_imm/FA_GEN[17].fa_i/FE_RC_870_0   | A1 v -> ZN ^ | NAND2_X1 | 0.064 |   2.950 |    2.939 | 
     | datapath/pc_plus_imm/FA_GEN[17].fa_i/g147__8428    | A1 ^ -> ZN v | NAND2_X2 | 0.047 |   2.997 |    2.986 | 
     | datapath/pc_plus_imm/FA_GEN[18].fa_i/g119__1705    | A1 v -> ZN ^ | NAND2_X1 | 0.050 |   3.046 |    3.036 | 
     | datapath/pc_plus_imm/FA_GEN[18].fa_i/g117__1617    | A1 ^ -> ZN v | NAND2_X1 | 0.052 |   3.098 |    3.088 | 
     | datapath/pc_plus_imm/FA_GEN[19].fa_i/g120__1881    | A1 v -> ZN ^ | NAND2_X1 | 0.053 |   3.151 |    3.140 | 
     | datapath/pc_plus_imm/FA_GEN[19].fa_i/g118__7098    | A1 ^ -> ZN v | NAND2_X1 | 0.056 |   3.207 |    3.197 | 
     | datapath/pc_plus_imm/FA_GEN[20].fa_i/g79__9315     | A1 v -> ZN ^ | NAND2_X1 | 0.066 |   3.274 |    3.263 | 
     | datapath/pc_plus_imm/FA_GEN[20].fa_i/g77__4733     | A1 ^ -> ZN v | NAND2_X2 | 0.054 |   3.327 |    3.317 | 
     | datapath/pc_plus_imm/FA_GEN[21].fa_i/g79__7410     | A1 v -> ZN ^ | NAND2_X2 | 0.050 |   3.377 |    3.367 | 
     | datapath/pc_plus_imm/FA_GEN[21].fa_i/g77__2346     | A1 ^ -> ZN v | NAND2_X2 | 0.048 |   3.426 |    3.415 | 
     | datapath/pc_plus_imm/FA_GEN[22].fa_i/g79__6260     | A1 v -> ZN ^ | NAND2_X2 | 0.062 |   3.488 |    3.477 | 
     | datapath/pc_plus_imm/FA_GEN[22].fa_i/g77__2398     | A1 ^ -> ZN v | NAND2_X4 | 0.040 |   3.527 |    3.517 | 
     | datapath/pc_plus_imm/FA_GEN[23].fa_i/g79__3680     | A1 v -> ZN ^ | NAND2_X2 | 0.045 |   3.572 |    3.562 | 
     | datapath/pc_plus_imm/FA_GEN[23].fa_i/g77__5526     | A1 ^ -> ZN v | NAND2_X2 | 0.043 |   3.616 |    3.605 | 
     | datapath/pc_plus_imm/FA_GEN[24].fa_i/g79__8246     | A1 v -> ZN ^ | NAND2_X2 | 0.059 |   3.675 |    3.664 | 
     | datapath/pc_plus_imm/FA_GEN[24].fa_i/g77__1705     | A1 ^ -> ZN v | NAND2_X4 | 0.040 |   3.715 |    3.704 | 
     | datapath/pc_plus_imm/FA_GEN[25].fa_i/g79__7482     | A1 v -> ZN ^ | NAND2_X2 | 0.058 |   3.772 |    3.762 | 
     | datapath/pc_plus_imm/FA_GEN[25].fa_i/g77__1881     | A1 ^ -> ZN v | NAND2_X4 | 0.037 |   3.810 |    3.799 | 
     | datapath/pc_plus_imm/FA_GEN[26].fa_i/g79__2883     | A1 v -> ZN ^ | NAND2_X1 | 0.057 |   3.867 |    3.856 | 
     | datapath/pc_plus_imm/FA_GEN[26].fa_i/g77__9315     | A1 ^ -> ZN v | NAND2_X2 | 0.046 |   3.913 |    3.902 | 
     | datapath/pc_plus_imm/FA_GEN[27].fa_i/g79__5477     | A1 v -> ZN ^ | NAND2_X1 | 0.047 |   3.960 |    3.949 | 
     | datapath/pc_plus_imm/FA_GEN[27].fa_i/g77__7410     | A1 ^ -> ZN v | NAND2_X1 | 0.049 |   4.009 |    3.998 | 
     | datapath/pc_plus_imm/FA_GEN[28].fa_i/g79__8428     | A1 v -> ZN ^ | NAND2_X1 | 0.052 |   4.061 |    4.051 | 
     | datapath/pc_plus_imm/FA_GEN[28].fa_i/g77__6260     | A1 ^ -> ZN v | NAND2_X1 | 0.050 |   4.111 |    4.101 | 
     | datapath/pc_plus_imm/FA_GEN[29].fa_i/g79__1617     | A1 v -> ZN ^ | NAND2_X1 | 0.049 |   4.160 |    4.149 | 
     | datapath/pc_plus_imm/FA_GEN[29].fa_i/g77__3680     | A1 ^ -> ZN v | NAND2_X1 | 0.049 |   4.209 |    4.198 | 
     | datapath/pc_plus_imm/FA_GEN[30].fa_i/g2__5115      | A v -> Z v   | XOR2_X1  | 0.180 |   4.389 |    4.378 | 
     | datapath/branch_or_inc_4/g873__4733                | A2 v -> ZN ^ | NAND2_X1 | 0.064 |   4.452 |    4.442 | 
     | datapath/branch_or_inc_4/g827__2398                | A2 ^ -> ZN v | NAND2_X1 | 0.040 |   4.493 |    4.482 | 
     | datapath/FE_RC_1745_0                              | A1 v -> ZN ^ | NAND2_X1 | 0.044 |   4.537 |    4.526 | 
     | datapath/FE_RC_846_0                               | A1 ^ -> ZN v | NAND2_X1 | 0.035 |   4.572 |    4.561 | 
     | datapath/IF_pc_reg[30]                             | D v          | DFFR_X1  | 0.000 |   4.572 |    4.561 | 
     +-----------------------------------------------------------------------------------------------------------+ 
Path 4: MET Setup Check with Pin datapath/IF_pc_reg[24]/CK 
Endpoint:   datapath/IF_pc_reg[24]/D            (v) checked with  leading edge 
of 'clk'
Beginpoint: datapath/registers_RF_reg[21][21]/Q (v) triggered by trailing edge 
of 'clk'
Path Groups: {reg2reg}
Analysis View: RPT_SLOW
Other End Arrival Time          0.504
- Setup                         0.127
+ Phase Shift                   4.300
+ CPPR Adjustment               0.000
- Uncertainty                   0.100
= Required Time                 4.577
- Arrival Time                  4.567
= Slack Time                    0.009
     Clock Fall Edge                 2.150
     + Clock Network Latency (Prop)  0.459
     = Beginpoint Arrival Time       2.609
     +-----------------------------------------------------------------------------------------------------------+ 
     |                      Instance                      |     Arc      |   Cell   | Delay | Arrival | Required | 
     |                                                    |              |          |       |  Time   |   Time   | 
     |----------------------------------------------------+--------------+----------+-------+---------+----------| 
     | datapath/registers_RF_reg[21][21]                  | CK ^         |          |       |   2.609 |    2.618 | 
     | datapath/registers_RF_reg[21][21]                  | CK ^ -> Q v  | DFFR_X1  | 0.302 |   2.911 |    2.920 | 
     | datapath/g4601                                     | A2 v -> ZN ^ | NAND2_X1 | 0.062 |   2.973 |    2.982 | 
     | datapath/FE_RC_1637_0                              | A3 ^ -> ZN v | NAND4_X1 | 0.109 |   3.082 |    3.091 | 
     | datapath/g3560                                     | A2 v -> ZN ^ | NOR2_X2  | 0.162 |   3.244 |    3.253 | 
     | datapath/FE_RC_1757_0                              | A4 ^ -> ZN v | NAND4_X1 | 0.116 |   3.360 |    3.370 | 
     | datapath/FE_OFC996_FE_RN_141_0                     | A v -> ZN ^  | INV_X2   | 0.075 |   3.435 |    3.445 | 
     | datapath/FE_RC_545_0                               | B1 ^ -> ZN v | AOI21_X2 | 0.052 |   3.487 |    3.496 | 
     | datapath/LT_TC_OP_g969                             | A v -> ZN ^  | INV_X2   | 0.061 |   3.549 |    3.558 | 
     | datapath/FE_RC_1436_0                              | B2 ^ -> ZN v | OAI22_X1 | 0.054 |   3.603 |    3.612 | 
     | datapath/FE_RC_1376_0                              | A2 v -> ZN ^ | NOR2_X1  | 0.115 |   3.718 |    3.727 | 
     | datapath/FE_RC_1375_0                              | A2 ^ -> ZN v | NAND2_X1 | 0.052 |   3.769 |    3.778 | 
     | datapath/FE_RC_963_0                               | A v -> ZN ^  | INV_X1   | 0.039 |   3.808 |    3.818 | 
     | datapath/FE_RC_1418_0                              | A1 ^ -> ZN v | NAND3_X1 | 0.045 |   3.853 |    3.862 | 
     | datapath/FE_OFC1403_FE_RN_5_0                      | A v -> ZN ^  | INV_X1   | 0.082 |   3.935 |    3.944 | 
     | datapath/FE_RC_1399_0                              | A3 ^ -> ZN v | NAND4_X4 | 0.118 |   4.053 |    4.062 | 
     | datapath/g31599                                    | A1 v -> ZN ^ | NAND2_X4 | 0.068 |   4.120 |    4.129 | 
     | datapath/g31598                                    | A ^ -> ZN v  | OAI21_X4 | 0.047 |   4.168 |    4.177 | 
     | datapath/g21272                                    | A1 v -> ZN ^ | NAND2_X4 | 0.122 |   4.289 |    4.299 | 
     | datapath/branch_or_inc_4/FE_OFC1400_IFID_takeBranc | A ^ -> ZN v  | INV_X8   | 0.083 |   4.372 |    4.382 | 
     | h                                                  |              |          |       |         |          | 
     | datapath/branch_or_inc_4/g852__7410                | A1 v -> ZN ^ | NAND2_X1 | 0.073 |   4.445 |    4.454 | 
     | datapath/branch_or_inc_4/g809__1705                | A1 ^ -> ZN v | NAND2_X1 | 0.039 |   4.484 |    4.493 | 
     | datapath/FE_RC_473_0                               | A1 v -> ZN ^ | NAND2_X1 | 0.047 |   4.531 |    4.540 | 
     | datapath/FE_RC_472_0                               | A1 ^ -> ZN v | NAND2_X1 | 0.037 |   4.567 |    4.577 | 
     | datapath/IF_pc_reg[24]                             | D v          | DFFR_X1  | 0.000 |   4.567 |    4.577 | 
     +-----------------------------------------------------------------------------------------------------------+ 
Path 5: MET Setup Check with Pin datapath/IF_pc_reg[29]/CK 
Endpoint:   datapath/IF_pc_reg[29]/D            (v) checked with  leading edge 
of 'clk'
Beginpoint: datapath/registers_RF_reg[21][21]/Q (v) triggered by trailing edge 
of 'clk'
Path Groups: {reg2reg}
Analysis View: RPT_SLOW
Other End Arrival Time          0.493
- Setup                         0.131
+ Phase Shift                   4.300
+ CPPR Adjustment               0.000
- Uncertainty                   0.100
= Required Time                 4.561
- Arrival Time                  4.552
= Slack Time                    0.010
     Clock Fall Edge                 2.150
     + Clock Network Latency (Prop)  0.459
     = Beginpoint Arrival Time       2.609
     +-----------------------------------------------------------------------------------------------------------+ 
     |                      Instance                      |     Arc      |   Cell   | Delay | Arrival | Required | 
     |                                                    |              |          |       |  Time   |   Time   | 
     |----------------------------------------------------+--------------+----------+-------+---------+----------| 
     | datapath/registers_RF_reg[21][21]                  | CK ^         |          |       |   2.609 |    2.618 | 
     | datapath/registers_RF_reg[21][21]                  | CK ^ -> Q v  | DFFR_X1  | 0.302 |   2.911 |    2.920 | 
     | datapath/g4601                                     | A2 v -> ZN ^ | NAND2_X1 | 0.062 |   2.973 |    2.983 | 
     | datapath/FE_RC_1637_0                              | A3 ^ -> ZN v | NAND4_X1 | 0.109 |   3.082 |    3.092 | 
     | datapath/g3560                                     | A2 v -> ZN ^ | NOR2_X2  | 0.162 |   3.244 |    3.254 | 
     | datapath/FE_RC_1757_0                              | A4 ^ -> ZN v | NAND4_X1 | 0.116 |   3.360 |    3.370 | 
     | datapath/FE_OFC996_FE_RN_141_0                     | A v -> ZN ^  | INV_X2   | 0.075 |   3.435 |    3.445 | 
     | datapath/FE_RC_545_0                               | B1 ^ -> ZN v | AOI21_X2 | 0.052 |   3.487 |    3.497 | 
     | datapath/LT_TC_OP_g969                             | A v -> ZN ^  | INV_X2   | 0.061 |   3.549 |    3.558 | 
     | datapath/FE_RC_1436_0                              | B2 ^ -> ZN v | OAI22_X1 | 0.054 |   3.603 |    3.612 | 
     | datapath/FE_RC_1376_0                              | A2 v -> ZN ^ | NOR2_X1  | 0.115 |   3.718 |    3.727 | 
     | datapath/FE_RC_1375_0                              | A2 ^ -> ZN v | NAND2_X1 | 0.052 |   3.769 |    3.779 | 
     | datapath/FE_RC_963_0                               | A v -> ZN ^  | INV_X1   | 0.039 |   3.808 |    3.818 | 
     | datapath/FE_RC_1418_0                              | A1 ^ -> ZN v | NAND3_X1 | 0.045 |   3.853 |    3.863 | 
     | datapath/FE_OFC1403_FE_RN_5_0                      | A v -> ZN ^  | INV_X1   | 0.082 |   3.935 |    3.944 | 
     | datapath/FE_RC_1399_0                              | A3 ^ -> ZN v | NAND4_X4 | 0.118 |   4.053 |    4.062 | 
     | datapath/g31599                                    | A1 v -> ZN ^ | NAND2_X4 | 0.068 |   4.120 |    4.130 | 
     | datapath/g31598                                    | A ^ -> ZN v  | OAI21_X4 | 0.047 |   4.168 |    4.177 | 
     | datapath/g21272                                    | A1 v -> ZN ^ | NAND2_X4 | 0.122 |   4.289 |    4.299 | 
     | datapath/branch_or_inc_4/FE_OFC1400_IFID_takeBranc | A ^ -> ZN v  | INV_X8   | 0.083 |   4.372 |    4.382 | 
     | h                                                  |              |          |       |         |          | 
     | datapath/branch_or_inc_4/g865__1705                | A1 v -> ZN ^ | NAND2_X2 | 0.063 |   4.435 |    4.445 | 
     | datapath/branch_or_inc_4/g828__5107                | A1 ^ -> ZN v | NAND2_X1 | 0.041 |   4.476 |    4.486 | 
     | datapath/FE_RC_592_0                               | A1 v -> ZN ^ | NAND2_X2 | 0.041 |   4.517 |    4.527 | 
     | datapath/FE_RC_591_0                               | A1 ^ -> ZN v | NAND2_X1 | 0.035 |   4.552 |    4.561 | 
     | datapath/IF_pc_reg[29]                             | D v          | DFFR_X1  | 0.000 |   4.552 |    4.561 | 
     +-----------------------------------------------------------------------------------------------------------+ 
Path 6: MET Setup Check with Pin datapath/IF_pc_reg[1]/CK 
Endpoint:   datapath/IF_pc_reg[1]/D             (v) checked with  leading edge 
of 'clk'
Beginpoint: datapath/registers_RF_reg[21][21]/Q (v) triggered by trailing edge 
of 'clk'
Path Groups: {reg2reg}
Analysis View: RPT_SLOW
Other End Arrival Time          0.493
- Setup                         0.132
+ Phase Shift                   4.300
+ CPPR Adjustment               0.000
- Uncertainty                   0.100
= Required Time                 4.561
- Arrival Time                  4.550
= Slack Time                    0.011
     Clock Fall Edge                 2.150
     + Clock Network Latency (Prop)  0.459
     = Beginpoint Arrival Time       2.609
     +-----------------------------------------------------------------------------------------------------------+ 
     |                      Instance                      |     Arc      |   Cell   | Delay | Arrival | Required | 
     |                                                    |              |          |       |  Time   |   Time   | 
     |----------------------------------------------------+--------------+----------+-------+---------+----------| 
     | datapath/registers_RF_reg[21][21]                  | CK ^         |          |       |   2.609 |    2.620 | 
     | datapath/registers_RF_reg[21][21]                  | CK ^ -> Q v  | DFFR_X1  | 0.302 |   2.911 |    2.922 | 
     | datapath/g4601                                     | A2 v -> ZN ^ | NAND2_X1 | 0.062 |   2.973 |    2.984 | 
     | datapath/FE_RC_1637_0                              | A3 ^ -> ZN v | NAND4_X1 | 0.109 |   3.082 |    3.093 | 
     | datapath/g3560                                     | A2 v -> ZN ^ | NOR2_X2  | 0.162 |   3.244 |    3.255 | 
     | datapath/FE_RC_1757_0                              | A4 ^ -> ZN v | NAND4_X1 | 0.116 |   3.360 |    3.371 | 
     | datapath/FE_OFC996_FE_RN_141_0                     | A v -> ZN ^  | INV_X2   | 0.075 |   3.435 |    3.446 | 
     | datapath/FE_RC_545_0                               | B1 ^ -> ZN v | AOI21_X2 | 0.052 |   3.487 |    3.498 | 
     | datapath/LT_TC_OP_g969                             | A v -> ZN ^  | INV_X2   | 0.061 |   3.549 |    3.560 | 
     | datapath/FE_RC_1436_0                              | B2 ^ -> ZN v | OAI22_X1 | 0.054 |   3.603 |    3.614 | 
     | datapath/FE_RC_1376_0                              | A2 v -> ZN ^ | NOR2_X1  | 0.115 |   3.718 |    3.729 | 
     | datapath/FE_RC_1375_0                              | A2 ^ -> ZN v | NAND2_X1 | 0.052 |   3.769 |    3.780 | 
     | datapath/FE_RC_963_0                               | A v -> ZN ^  | INV_X1   | 0.039 |   3.808 |    3.819 | 
     | datapath/FE_RC_1418_0                              | A1 ^ -> ZN v | NAND3_X1 | 0.045 |   3.853 |    3.864 | 
     | datapath/FE_OFC1403_FE_RN_5_0                      | A v -> ZN ^  | INV_X1   | 0.082 |   3.935 |    3.946 | 
     | datapath/FE_RC_1399_0                              | A3 ^ -> ZN v | NAND4_X4 | 0.118 |   4.053 |    4.064 | 
     | datapath/g31599                                    | A1 v -> ZN ^ | NAND2_X4 | 0.068 |   4.120 |    4.131 | 
     | datapath/g31598                                    | A ^ -> ZN v  | OAI21_X4 | 0.047 |   4.168 |    4.179 | 
     | datapath/g21272                                    | A1 v -> ZN ^ | NAND2_X4 | 0.122 |   4.289 |    4.300 | 
     | datapath/branch_or_inc_4/FE_OFC1400_IFID_takeBranc | A ^ -> ZN v  | INV_X8   | 0.083 |   4.372 |    4.383 | 
     | h                                                  |              |          |       |         |          | 
     | datapath/branch_or_inc_4/g850__2346                | A1 v -> ZN ^ | NAND2_X2 | 0.061 |   4.433 |    4.444 | 
     | datapath/branch_or_inc_4/g820__9945                | A1 ^ -> ZN v | NAND2_X1 | 0.035 |   4.468 |    4.479 | 
     | datapath/FE_RC_944_0                               | A1 v -> ZN ^ | NAND2_X1 | 0.044 |   4.512 |    4.523 | 
     | datapath/FE_RC_943_0                               | A1 ^ -> ZN v | NAND2_X1 | 0.038 |   4.550 |    4.561 | 
     | datapath/IF_pc_reg[1]                              | D v          | DFFR_X1  | 0.000 |   4.550 |    4.561 | 
     +-----------------------------------------------------------------------------------------------------------+ 
Path 7: MET Setup Check with Pin datapath/IF_pc_reg[13]/CK 
Endpoint:   datapath/IF_pc_reg[13]/D            (v) checked with  leading edge 
of 'clk'
Beginpoint: datapath/registers_RF_reg[21][21]/Q (v) triggered by trailing edge 
of 'clk'
Path Groups: {reg2reg}
Analysis View: RPT_SLOW
Other End Arrival Time          0.507
- Setup                         0.128
+ Phase Shift                   4.300
+ CPPR Adjustment               0.000
- Uncertainty                   0.100
= Required Time                 4.578
- Arrival Time                  4.560
= Slack Time                    0.019
     Clock Fall Edge                 2.150
     + Clock Network Latency (Prop)  0.459
     = Beginpoint Arrival Time       2.609
     +-----------------------------------------------------------------------------------------------------------+ 
     |                      Instance                      |     Arc      |   Cell   | Delay | Arrival | Required | 
     |                                                    |              |          |       |  Time   |   Time   | 
     |----------------------------------------------------+--------------+----------+-------+---------+----------| 
     | datapath/registers_RF_reg[21][21]                  | CK ^         |          |       |   2.609 |    2.627 | 
     | datapath/registers_RF_reg[21][21]                  | CK ^ -> Q v  | DFFR_X1  | 0.302 |   2.911 |    2.929 | 
     | datapath/g4601                                     | A2 v -> ZN ^ | NAND2_X1 | 0.062 |   2.973 |    2.992 | 
     | datapath/FE_RC_1637_0                              | A3 ^ -> ZN v | NAND4_X1 | 0.109 |   3.082 |    3.101 | 
     | datapath/g3560                                     | A2 v -> ZN ^ | NOR2_X2  | 0.162 |   3.244 |    3.263 | 
     | datapath/FE_RC_1757_0                              | A4 ^ -> ZN v | NAND4_X1 | 0.116 |   3.360 |    3.379 | 
     | datapath/FE_OFC996_FE_RN_141_0                     | A v -> ZN ^  | INV_X2   | 0.075 |   3.435 |    3.454 | 
     | datapath/FE_RC_545_0                               | B1 ^ -> ZN v | AOI21_X2 | 0.052 |   3.487 |    3.506 | 
     | datapath/LT_TC_OP_g969                             | A v -> ZN ^  | INV_X2   | 0.061 |   3.549 |    3.567 | 
     | datapath/FE_RC_1436_0                              | B2 ^ -> ZN v | OAI22_X1 | 0.054 |   3.603 |    3.621 | 
     | datapath/FE_RC_1376_0                              | A2 v -> ZN ^ | NOR2_X1  | 0.115 |   3.718 |    3.736 | 
     | datapath/FE_RC_1375_0                              | A2 ^ -> ZN v | NAND2_X1 | 0.052 |   3.769 |    3.788 | 
     | datapath/FE_RC_963_0                               | A v -> ZN ^  | INV_X1   | 0.039 |   3.808 |    3.827 | 
     | datapath/FE_RC_1418_0                              | A1 ^ -> ZN v | NAND3_X1 | 0.045 |   3.853 |    3.872 | 
     | datapath/FE_OFC1403_FE_RN_5_0                      | A v -> ZN ^  | INV_X1   | 0.082 |   3.935 |    3.953 | 
     | datapath/FE_RC_1399_0                              | A3 ^ -> ZN v | NAND4_X4 | 0.118 |   4.053 |    4.071 | 
     | datapath/g31599                                    | A1 v -> ZN ^ | NAND2_X4 | 0.068 |   4.120 |    4.139 | 
     | datapath/g31598                                    | A ^ -> ZN v  | OAI21_X4 | 0.047 |   4.168 |    4.186 | 
     | datapath/g21272                                    | A1 v -> ZN ^ | NAND2_X4 | 0.122 |   4.289 |    4.308 | 
     | datapath/branch_or_inc_4/FE_OFC1400_IFID_takeBranc | A ^ -> ZN v  | INV_X8   | 0.083 |   4.372 |    4.391 | 
     | h                                                  |              |          |       |         |          | 
     | datapath/branch_or_inc_4/g858__4319                | A1 v -> ZN ^ | NAND2_X1 | 0.067 |   4.440 |    4.458 | 
     | datapath/branch_or_inc_4/g826__5477                | A1 ^ -> ZN v | NAND2_X1 | 0.038 |   4.478 |    4.496 | 
     | datapath/FE_RC_1708_0                              | A1 v -> ZN ^ | NAND2_X1 | 0.045 |   4.523 |    4.542 | 
     | datapath/FE_RC_1707_0                              | A1 ^ -> ZN v | NAND2_X1 | 0.037 |   4.560 |    4.578 | 
     | datapath/IF_pc_reg[13]                             | D v          | DFFR_X1  | 0.000 |   4.560 |    4.578 | 
     +-----------------------------------------------------------------------------------------------------------+ 
Path 8: MET Setup Check with Pin datapath/IF_pc_reg[27]/CK 
Endpoint:   datapath/IF_pc_reg[27]/D            (v) checked with  leading edge 
of 'clk'
Beginpoint: datapath/registers_RF_reg[21][21]/Q (v) triggered by trailing edge 
of 'clk'
Path Groups: {reg2reg}
Analysis View: RPT_SLOW
Other End Arrival Time          0.503
- Setup                         0.127
+ Phase Shift                   4.300
+ CPPR Adjustment               0.000
- Uncertainty                   0.100
= Required Time                 4.576
- Arrival Time                  4.555
= Slack Time                    0.020
     Clock Fall Edge                 2.150
     + Clock Network Latency (Prop)  0.459
     = Beginpoint Arrival Time       2.609
     +-----------------------------------------------------------------------------------------------------------+ 
     |                      Instance                      |     Arc      |   Cell   | Delay | Arrival | Required | 
     |                                                    |              |          |       |  Time   |   Time   | 
     |----------------------------------------------------+--------------+----------+-------+---------+----------| 
     | datapath/registers_RF_reg[21][21]                  | CK ^         |          |       |   2.609 |    2.629 | 
     | datapath/registers_RF_reg[21][21]                  | CK ^ -> Q v  | DFFR_X1  | 0.302 |   2.911 |    2.931 | 
     | datapath/g4601                                     | A2 v -> ZN ^ | NAND2_X1 | 0.062 |   2.973 |    2.993 | 
     | datapath/FE_RC_1637_0                              | A3 ^ -> ZN v | NAND4_X1 | 0.109 |   3.082 |    3.102 | 
     | datapath/g3560                                     | A2 v -> ZN ^ | NOR2_X2  | 0.162 |   3.244 |    3.265 | 
     | datapath/FE_RC_1757_0                              | A4 ^ -> ZN v | NAND4_X1 | 0.116 |   3.360 |    3.381 | 
     | datapath/FE_OFC996_FE_RN_141_0                     | A v -> ZN ^  | INV_X2   | 0.075 |   3.435 |    3.456 | 
     | datapath/FE_RC_545_0                               | B1 ^ -> ZN v | AOI21_X2 | 0.052 |   3.487 |    3.508 | 
     | datapath/LT_TC_OP_g969                             | A v -> ZN ^  | INV_X2   | 0.061 |   3.549 |    3.569 | 
     | datapath/FE_RC_1436_0                              | B2 ^ -> ZN v | OAI22_X1 | 0.054 |   3.603 |    3.623 | 
     | datapath/FE_RC_1376_0                              | A2 v -> ZN ^ | NOR2_X1  | 0.115 |   3.718 |    3.738 | 
     | datapath/FE_RC_1375_0                              | A2 ^ -> ZN v | NAND2_X1 | 0.052 |   3.769 |    3.790 | 
     | datapath/FE_RC_963_0                               | A v -> ZN ^  | INV_X1   | 0.039 |   3.808 |    3.829 | 
     | datapath/FE_RC_1418_0                              | A1 ^ -> ZN v | NAND3_X1 | 0.045 |   3.853 |    3.873 | 
     | datapath/FE_OFC1403_FE_RN_5_0                      | A v -> ZN ^  | INV_X1   | 0.082 |   3.935 |    3.955 | 
     | datapath/FE_RC_1399_0                              | A3 ^ -> ZN v | NAND4_X4 | 0.118 |   4.053 |    4.073 | 
     | datapath/g31599                                    | A1 v -> ZN ^ | NAND2_X4 | 0.068 |   4.120 |    4.141 | 
     | datapath/g31598                                    | A ^ -> ZN v  | OAI21_X4 | 0.047 |   4.168 |    4.188 | 
     | datapath/g21272                                    | A1 v -> ZN ^ | NAND2_X4 | 0.122 |   4.289 |    4.310 | 
     | datapath/branch_or_inc_4/FE_OFC1400_IFID_takeBranc | A ^ -> ZN v  | INV_X8   | 0.083 |   4.372 |    4.393 | 
     | h                                                  |              |          |       |         |          | 
     | datapath/branch_or_inc_4/g859__8428                | A1 v -> ZN ^ | NAND2_X2 | 0.064 |   4.437 |    4.457 | 
     | datapath/branch_or_inc_4/g821__2883                | A1 ^ -> ZN v | NAND2_X1 | 0.034 |   4.470 |    4.491 | 
     | datapath/FE_RC_648_0                               | A1 v -> ZN ^ | NAND2_X1 | 0.047 |   4.517 |    4.538 | 
     | datapath/FE_RC_647_0                               | A1 ^ -> ZN v | NAND2_X1 | 0.038 |   4.555 |    4.576 | 
     | datapath/IF_pc_reg[27]                             | D v          | DFFR_X1  | 0.000 |   4.555 |    4.576 | 
     +-----------------------------------------------------------------------------------------------------------+ 
Path 9: MET Setup Check with Pin datapath/IF_pc_reg[21]/CK 
Endpoint:   datapath/IF_pc_reg[21]/D            (v) checked with  leading edge 
of 'clk'
Beginpoint: datapath/registers_RF_reg[21][21]/Q (v) triggered by trailing edge 
of 'clk'
Path Groups: {reg2reg}
Analysis View: RPT_SLOW
Other End Arrival Time          0.493
- Setup                         0.132
+ Phase Shift                   4.300
+ CPPR Adjustment               0.000
- Uncertainty                   0.100
= Required Time                 4.561
- Arrival Time                  4.540
= Slack Time                    0.020
     Clock Fall Edge                 2.150
     + Clock Network Latency (Prop)  0.459
     = Beginpoint Arrival Time       2.609
     +-----------------------------------------------------------------------------------------------------------+ 
     |                      Instance                      |     Arc      |   Cell   | Delay | Arrival | Required | 
     |                                                    |              |          |       |  Time   |   Time   | 
     |----------------------------------------------------+--------------+----------+-------+---------+----------| 
     | datapath/registers_RF_reg[21][21]                  | CK ^         |          |       |   2.609 |    2.629 | 
     | datapath/registers_RF_reg[21][21]                  | CK ^ -> Q v  | DFFR_X1  | 0.302 |   2.911 |    2.931 | 
     | datapath/g4601                                     | A2 v -> ZN ^ | NAND2_X1 | 0.062 |   2.973 |    2.993 | 
     | datapath/FE_RC_1637_0                              | A3 ^ -> ZN v | NAND4_X1 | 0.109 |   3.082 |    3.102 | 
     | datapath/g3560                                     | A2 v -> ZN ^ | NOR2_X2  | 0.162 |   3.244 |    3.265 | 
     | datapath/FE_RC_1757_0                              | A4 ^ -> ZN v | NAND4_X1 | 0.116 |   3.360 |    3.381 | 
     | datapath/FE_OFC996_FE_RN_141_0                     | A v -> ZN ^  | INV_X2   | 0.075 |   3.435 |    3.456 | 
     | datapath/FE_RC_545_0                               | B1 ^ -> ZN v | AOI21_X2 | 0.052 |   3.487 |    3.508 | 
     | datapath/LT_TC_OP_g969                             | A v -> ZN ^  | INV_X2   | 0.061 |   3.549 |    3.569 | 
     | datapath/FE_RC_1436_0                              | B2 ^ -> ZN v | OAI22_X1 | 0.054 |   3.603 |    3.623 | 
     | datapath/FE_RC_1376_0                              | A2 v -> ZN ^ | NOR2_X1  | 0.115 |   3.718 |    3.738 | 
     | datapath/FE_RC_1375_0                              | A2 ^ -> ZN v | NAND2_X1 | 0.052 |   3.769 |    3.790 | 
     | datapath/FE_RC_963_0                               | A v -> ZN ^  | INV_X1   | 0.039 |   3.808 |    3.829 | 
     | datapath/FE_RC_1418_0                              | A1 ^ -> ZN v | NAND3_X1 | 0.045 |   3.853 |    3.873 | 
     | datapath/FE_OFC1403_FE_RN_5_0                      | A v -> ZN ^  | INV_X1   | 0.082 |   3.935 |    3.955 | 
     | datapath/FE_RC_1399_0                              | A3 ^ -> ZN v | NAND4_X4 | 0.118 |   4.053 |    4.073 | 
     | datapath/g31599                                    | A1 v -> ZN ^ | NAND2_X4 | 0.068 |   4.120 |    4.141 | 
     | datapath/g31598                                    | A ^ -> ZN v  | OAI21_X4 | 0.047 |   4.168 |    4.188 | 
     | datapath/g21272                                    | A1 v -> ZN ^ | NAND2_X4 | 0.122 |   4.289 |    4.310 | 
     | datapath/branch_or_inc_4/FE_OFC1400_IFID_takeBranc | A ^ -> ZN v  | INV_X8   | 0.083 |   4.372 |    4.393 | 
     | h                                                  |              |          |       |         |          | 
     | datapath/branch_or_inc_4/g863__1617                | A1 v -> ZN ^ | NAND2_X4 | 0.058 |   4.431 |    4.451 | 
     | datapath/branch_or_inc_4/g832__5526                | A1 ^ -> ZN v | NAND2_X2 | 0.029 |   4.460 |    4.480 | 
     | datapath/FE_RC_1177_0                              | A1 v -> ZN ^ | NAND2_X1 | 0.043 |   4.502 |    4.523 | 
     | datapath/FE_RC_574_0                               | A1 ^ -> ZN v | NAND2_X1 | 0.038 |   4.540 |    4.561 | 
     | datapath/IF_pc_reg[21]                             | D v          | DFFR_X1  | 0.000 |   4.540 |    4.561 | 
     +-----------------------------------------------------------------------------------------------------------+ 
Path 10: MET Setup Check with Pin datapath/IF_pc_reg[10]/CK 
Endpoint:   datapath/IF_pc_reg[10]/D            (v) checked with  leading edge 
of 'clk'
Beginpoint: datapath/registers_RF_reg[21][21]/Q (v) triggered by trailing edge 
of 'clk'
Path Groups: {reg2reg}
Analysis View: RPT_SLOW
Other End Arrival Time          0.502
- Setup                         0.130
+ Phase Shift                   4.300
+ CPPR Adjustment               0.000
- Uncertainty                   0.100
= Required Time                 4.572
- Arrival Time                  4.549
= Slack Time                    0.023
     Clock Fall Edge                 2.150
     + Clock Network Latency (Prop)  0.459
     = Beginpoint Arrival Time       2.609
     +-----------------------------------------------------------------------------------------------------------+ 
     |                      Instance                      |     Arc      |   Cell   | Delay | Arrival | Required | 
     |                                                    |              |          |       |  Time   |   Time   | 
     |----------------------------------------------------+--------------+----------+-------+---------+----------| 
     | datapath/registers_RF_reg[21][21]                  | CK ^         |          |       |   2.609 |    2.631 | 
     | datapath/registers_RF_reg[21][21]                  | CK ^ -> Q v  | DFFR_X1  | 0.302 |   2.911 |    2.934 | 
     | datapath/g4601                                     | A2 v -> ZN ^ | NAND2_X1 | 0.062 |   2.973 |    2.996 | 
     | datapath/FE_RC_1637_0                              | A3 ^ -> ZN v | NAND4_X1 | 0.109 |   3.082 |    3.105 | 
     | datapath/g3560                                     | A2 v -> ZN ^ | NOR2_X2  | 0.162 |   3.244 |    3.267 | 
     | datapath/FE_RC_1757_0                              | A4 ^ -> ZN v | NAND4_X1 | 0.116 |   3.360 |    3.383 | 
     | datapath/FE_OFC996_FE_RN_141_0                     | A v -> ZN ^  | INV_X2   | 0.075 |   3.435 |    3.458 | 
     | datapath/FE_RC_545_0                               | B1 ^ -> ZN v | AOI21_X2 | 0.052 |   3.487 |    3.510 | 
     | datapath/LT_TC_OP_g969                             | A v -> ZN ^  | INV_X2   | 0.061 |   3.549 |    3.572 | 
     | datapath/FE_RC_1436_0                              | B2 ^ -> ZN v | OAI22_X1 | 0.054 |   3.603 |    3.625 | 
     | datapath/FE_RC_1376_0                              | A2 v -> ZN ^ | NOR2_X1  | 0.115 |   3.718 |    3.740 | 
     | datapath/FE_RC_1375_0                              | A2 ^ -> ZN v | NAND2_X1 | 0.052 |   3.769 |    3.792 | 
     | datapath/FE_RC_963_0                               | A v -> ZN ^  | INV_X1   | 0.039 |   3.808 |    3.831 | 
     | datapath/FE_RC_1418_0                              | A1 ^ -> ZN v | NAND3_X1 | 0.045 |   3.853 |    3.876 | 
     | datapath/FE_OFC1403_FE_RN_5_0                      | A v -> ZN ^  | INV_X1   | 0.082 |   3.935 |    3.957 | 
     | datapath/FE_RC_1399_0                              | A3 ^ -> ZN v | NAND4_X4 | 0.118 |   4.053 |    4.075 | 
     | datapath/g31599                                    | A1 v -> ZN ^ | NAND2_X4 | 0.068 |   4.120 |    4.143 | 
     | datapath/g31598                                    | A ^ -> ZN v  | OAI21_X4 | 0.047 |   4.168 |    4.191 | 
     | datapath/g21272                                    | A1 v -> ZN ^ | NAND2_X4 | 0.122 |   4.289 |    4.312 | 
     | datapath/branch_or_inc_4/FE_OFC1400_IFID_takeBranc | A ^ -> ZN v  | INV_X8   | 0.083 |   4.372 |    4.395 | 
     | h                                                  |              |          |       |         |          | 
     | datapath/branch_or_inc_4/g864__2802                | A1 v -> ZN ^ | NAND2_X2 | 0.059 |   4.432 |    4.455 | 
     | datapath/branch_or_inc_4/g833__6783                | A1 ^ -> ZN v | NAND2_X1 | 0.035 |   4.466 |    4.489 | 
     | datapath/FE_RC_1696_0                              | A1 v -> ZN ^ | NAND2_X1 | 0.044 |   4.510 |    4.533 | 
     | datapath/FE_RC_1695_0                              | A1 ^ -> ZN v | NAND2_X1 | 0.039 |   4.549 |    4.572 | 
     | datapath/IF_pc_reg[10]                             | D v          | DFFR_X1  | 0.000 |   4.549 |    4.572 | 
     +-----------------------------------------------------------------------------------------------------------+ 
Path 11: MET Setup Check with Pin datapath/IF_pc_reg[15]/CK 
Endpoint:   datapath/IF_pc_reg[15]/D            (v) checked with  leading edge 
of 'clk'
Beginpoint: datapath/registers_RF_reg[21][21]/Q (v) triggered by trailing edge 
of 'clk'
Path Groups: {reg2reg}
Analysis View: RPT_SLOW
Other End Arrival Time          0.502
- Setup                         0.130
+ Phase Shift                   4.300
+ CPPR Adjustment               0.000
- Uncertainty                   0.100
= Required Time                 4.572
- Arrival Time                  4.548
= Slack Time                    0.024
     Clock Fall Edge                 2.150
     + Clock Network Latency (Prop)  0.459
     = Beginpoint Arrival Time       2.609
     +-----------------------------------------------------------------------------------------------------------+ 
     |                      Instance                      |     Arc      |   Cell   | Delay | Arrival | Required | 
     |                                                    |              |          |       |  Time   |   Time   | 
     |----------------------------------------------------+--------------+----------+-------+---------+----------| 
     | datapath/registers_RF_reg[21][21]                  | CK ^         |          |       |   2.609 |    2.632 | 
     | datapath/registers_RF_reg[21][21]                  | CK ^ -> Q v  | DFFR_X1  | 0.302 |   2.911 |    2.934 | 
     | datapath/g4601                                     | A2 v -> ZN ^ | NAND2_X1 | 0.062 |   2.973 |    2.996 | 
     | datapath/FE_RC_1637_0                              | A3 ^ -> ZN v | NAND4_X1 | 0.109 |   3.082 |    3.106 | 
     | datapath/g3560                                     | A2 v -> ZN ^ | NOR2_X2  | 0.162 |   3.244 |    3.268 | 
     | datapath/FE_RC_1757_0                              | A4 ^ -> ZN v | NAND4_X1 | 0.116 |   3.360 |    3.384 | 
     | datapath/FE_OFC996_FE_RN_141_0                     | A v -> ZN ^  | INV_X2   | 0.075 |   3.435 |    3.459 | 
     | datapath/FE_RC_545_0                               | B1 ^ -> ZN v | AOI21_X2 | 0.052 |   3.487 |    3.511 | 
     | datapath/LT_TC_OP_g969                             | A v -> ZN ^  | INV_X2   | 0.061 |   3.549 |    3.572 | 
     | datapath/FE_RC_1436_0                              | B2 ^ -> ZN v | OAI22_X1 | 0.054 |   3.603 |    3.626 | 
     | datapath/FE_RC_1376_0                              | A2 v -> ZN ^ | NOR2_X1  | 0.115 |   3.718 |    3.741 | 
     | datapath/FE_RC_1375_0                              | A2 ^ -> ZN v | NAND2_X1 | 0.052 |   3.769 |    3.793 | 
     | datapath/FE_RC_963_0                               | A v -> ZN ^  | INV_X1   | 0.039 |   3.808 |    3.832 | 
     | datapath/FE_RC_1418_0                              | A1 ^ -> ZN v | NAND3_X1 | 0.045 |   3.853 |    3.877 | 
     | datapath/FE_OFC1403_FE_RN_5_0                      | A v -> ZN ^  | INV_X1   | 0.082 |   3.935 |    3.958 | 
     | datapath/FE_RC_1399_0                              | A3 ^ -> ZN v | NAND4_X4 | 0.118 |   4.053 |    4.076 | 
     | datapath/g31599                                    | A1 v -> ZN ^ | NAND2_X4 | 0.068 |   4.120 |    4.144 | 
     | datapath/g31598                                    | A ^ -> ZN v  | OAI21_X4 | 0.047 |   4.168 |    4.191 | 
     | datapath/g21272                                    | A1 v -> ZN ^ | NAND2_X4 | 0.122 |   4.289 |    4.313 | 
     | datapath/branch_or_inc_4/FE_OFC1400_IFID_takeBranc | A ^ -> ZN v  | INV_X8   | 0.083 |   4.372 |    4.396 | 
     | h                                                  |              |          |       |         |          | 
     | datapath/branch_or_inc_4/g853__6417                | A1 v -> ZN ^ | NAND2_X2 | 0.060 |   4.432 |    4.455 | 
     | datapath/branch_or_inc_4/g823__1666                | A1 ^ -> ZN v | NAND2_X1 | 0.034 |   4.466 |    4.489 | 
     | datapath/FE_RC_1700_0                              | A1 v -> ZN ^ | NAND2_X1 | 0.044 |   4.510 |    4.533 | 
     | datapath/FE_RC_1699_0                              | A1 ^ -> ZN v | NAND2_X1 | 0.039 |   4.548 |    4.572 | 
     | datapath/IF_pc_reg[15]                             | D v          | DFFR_X1  | 0.000 |   4.548 |    4.572 | 
     +-----------------------------------------------------------------------------------------------------------+ 
Path 12: MET Setup Check with Pin datapath/IF_pc_reg[22]/CK 
Endpoint:   datapath/IF_pc_reg[22]/D            (^) checked with  leading edge 
of 'clk'
Beginpoint: datapath/registers_RF_reg[21][21]/Q (v) triggered by trailing edge 
of 'clk'
Path Groups: {reg2reg}
Analysis View: RPT_SLOW
Other End Arrival Time          0.503
- Setup                         0.069
+ Phase Shift                   4.300
+ CPPR Adjustment               0.000
- Uncertainty                   0.100
= Required Time                 4.634
- Arrival Time                  4.611
= Slack Time                    0.024
     Clock Fall Edge                 2.150
     + Clock Network Latency (Prop)  0.459
     = Beginpoint Arrival Time       2.609
     +-----------------------------------------------------------------------------------------------------------+ 
     |                      Instance                      |     Arc      |   Cell   | Delay | Arrival | Required | 
     |                                                    |              |          |       |  Time   |   Time   | 
     |----------------------------------------------------+--------------+----------+-------+---------+----------| 
     | datapath/registers_RF_reg[21][21]                  | CK ^         |          |       |   2.609 |    2.632 | 
     | datapath/registers_RF_reg[21][21]                  | CK ^ -> Q v  | DFFR_X1  | 0.302 |   2.911 |    2.934 | 
     | datapath/g4601                                     | A2 v -> ZN ^ | NAND2_X1 | 0.062 |   2.973 |    2.997 | 
     | datapath/FE_RC_1637_0                              | A3 ^ -> ZN v | NAND4_X1 | 0.109 |   3.082 |    3.106 | 
     | datapath/g3560                                     | A2 v -> ZN ^ | NOR2_X2  | 0.162 |   3.244 |    3.268 | 
     | datapath/FE_RC_1757_0                              | A4 ^ -> ZN v | NAND4_X1 | 0.116 |   3.360 |    3.384 | 
     | datapath/FE_OFC996_FE_RN_141_0                     | A v -> ZN ^  | INV_X2   | 0.075 |   3.435 |    3.459 | 
     | datapath/FE_RC_545_0                               | B1 ^ -> ZN v | AOI21_X2 | 0.052 |   3.487 |    3.511 | 
     | datapath/LT_TC_OP_g969                             | A v -> ZN ^  | INV_X2   | 0.061 |   3.549 |    3.572 | 
     | datapath/FE_RC_1436_0                              | B2 ^ -> ZN v | OAI22_X1 | 0.054 |   3.603 |    3.626 | 
     | datapath/FE_RC_1376_0                              | A2 v -> ZN ^ | NOR2_X1  | 0.115 |   3.718 |    3.741 | 
     | datapath/FE_RC_1375_0                              | A2 ^ -> ZN v | NAND2_X1 | 0.052 |   3.769 |    3.793 | 
     | datapath/FE_RC_963_0                               | A v -> ZN ^  | INV_X1   | 0.039 |   3.808 |    3.832 | 
     | datapath/FE_RC_1418_0                              | A1 ^ -> ZN v | NAND3_X1 | 0.045 |   3.853 |    3.877 | 
     | datapath/FE_OFC1403_FE_RN_5_0                      | A v -> ZN ^  | INV_X1   | 0.082 |   3.935 |    3.958 | 
     | datapath/FE_RC_1399_0                              | A3 ^ -> ZN v | NAND4_X4 | 0.118 |   4.053 |    4.076 | 
     | datapath/g31598                                    | B1 v -> ZN ^ | OAI21_X4 | 0.114 |   4.167 |    4.190 | 
     | datapath/g21272                                    | A1 ^ -> ZN v | NAND2_X4 | 0.087 |   4.254 |    4.277 | 
     | datapath/branch_or_inc_4/FE_OFC1400_IFID_takeBranc | A v -> ZN ^  | INV_X8   | 0.148 |   4.402 |    4.426 | 
     | h                                                  |              |          |       |         |          | 
     | datapath/branch_or_inc_4/g861__6783                | A1 ^ -> ZN v | NAND2_X2 | 0.062 |   4.464 |    4.488 | 
     | datapath/branch_or_inc_4/g825__6417                | A1 v -> ZN ^ | NAND2_X1 | 0.065 |   4.530 |    4.553 | 
     | datapath/FE_RC_1328_0                              | A1 ^ -> ZN v | NAND2_X2 | 0.036 |   4.566 |    4.590 | 
     | datapath/FE_RC_1327_0                              | A1 v -> ZN ^ | NAND2_X1 | 0.044 |   4.610 |    4.634 | 
     | datapath/IF_pc_reg[22]                             | D ^          | DFFR_X1  | 0.000 |   4.611 |    4.634 | 
     +-----------------------------------------------------------------------------------------------------------+ 
Path 13: MET Setup Check with Pin datapath/IF_pc_reg[26]/CK 
Endpoint:   datapath/IF_pc_reg[26]/D            (v) checked with  leading edge 
of 'clk'
Beginpoint: datapath/registers_RF_reg[21][21]/Q (v) triggered by trailing edge 
of 'clk'
Path Groups: {reg2reg}
Analysis View: RPT_SLOW
Other End Arrival Time          0.503
- Setup                         0.127
+ Phase Shift                   4.300
+ CPPR Adjustment               0.000
- Uncertainty                   0.100
= Required Time                 4.576
- Arrival Time                  4.552
= Slack Time                    0.024
     Clock Fall Edge                 2.150
     + Clock Network Latency (Prop)  0.459
     = Beginpoint Arrival Time       2.609
     +-----------------------------------------------------------------------------------------------------------+ 
     |                      Instance                      |     Arc      |   Cell   | Delay | Arrival | Required | 
     |                                                    |              |          |       |  Time   |   Time   | 
     |----------------------------------------------------+--------------+----------+-------+---------+----------| 
     | datapath/registers_RF_reg[21][21]                  | CK ^         |          |       |   2.609 |    2.632 | 
     | datapath/registers_RF_reg[21][21]                  | CK ^ -> Q v  | DFFR_X1  | 0.302 |   2.911 |    2.934 | 
     | datapath/g4601                                     | A2 v -> ZN ^ | NAND2_X1 | 0.062 |   2.973 |    2.997 | 
     | datapath/FE_RC_1637_0                              | A3 ^ -> ZN v | NAND4_X1 | 0.109 |   3.082 |    3.106 | 
     | datapath/g3560                                     | A2 v -> ZN ^ | NOR2_X2  | 0.162 |   3.244 |    3.268 | 
     | datapath/FE_RC_1757_0                              | A4 ^ -> ZN v | NAND4_X1 | 0.116 |   3.360 |    3.384 | 
     | datapath/FE_OFC996_FE_RN_141_0                     | A v -> ZN ^  | INV_X2   | 0.075 |   3.435 |    3.459 | 
     | datapath/FE_RC_545_0                               | B1 ^ -> ZN v | AOI21_X2 | 0.052 |   3.487 |    3.511 | 
     | datapath/LT_TC_OP_g969                             | A v -> ZN ^  | INV_X2   | 0.061 |   3.549 |    3.572 | 
     | datapath/FE_RC_1436_0                              | B2 ^ -> ZN v | OAI22_X1 | 0.054 |   3.603 |    3.626 | 
     | datapath/FE_RC_1376_0                              | A2 v -> ZN ^ | NOR2_X1  | 0.115 |   3.718 |    3.741 | 
     | datapath/FE_RC_1375_0                              | A2 ^ -> ZN v | NAND2_X1 | 0.052 |   3.769 |    3.793 | 
     | datapath/FE_RC_963_0                               | A v -> ZN ^  | INV_X1   | 0.039 |   3.808 |    3.832 | 
     | datapath/FE_RC_1418_0                              | A1 ^ -> ZN v | NAND3_X1 | 0.045 |   3.853 |    3.877 | 
     | datapath/FE_OFC1403_FE_RN_5_0                      | A v -> ZN ^  | INV_X1   | 0.082 |   3.935 |    3.958 | 
     | datapath/FE_RC_1399_0                              | A3 ^ -> ZN v | NAND4_X4 | 0.118 |   4.053 |    4.076 | 
     | datapath/g31599                                    | A1 v -> ZN ^ | NAND2_X4 | 0.068 |   4.120 |    4.144 | 
     | datapath/g31598                                    | A ^ -> ZN v  | OAI21_X4 | 0.047 |   4.168 |    4.191 | 
     | datapath/g21272                                    | A1 v -> ZN ^ | NAND2_X4 | 0.122 |   4.289 |    4.313 | 
     | datapath/branch_or_inc_4/FE_OFC1400_IFID_takeBranc | A ^ -> ZN v  | INV_X8   | 0.083 |   4.372 |    4.396 | 
     | h                                                  |              |          |       |         |          | 
     | datapath/branch_or_inc_4/g870__1881                | A1 v -> ZN ^ | NAND2_X2 | 0.065 |   4.437 |    4.461 | 
     | datapath/branch_or_inc_4/g831__8428                | A1 ^ -> ZN v | NAND2_X1 | 0.034 |   4.471 |    4.495 | 
     | datapath/FE_RC_1469_0                              | A1 v -> ZN ^ | NAND2_X1 | 0.044 |   4.515 |    4.539 | 
     | datapath/FE_RC_1468_0                              | A1 ^ -> ZN v | NAND2_X1 | 0.037 |   4.552 |    4.576 | 
     | datapath/IF_pc_reg[26]                             | D v          | DFFR_X1  | 0.000 |   4.552 |    4.576 | 
     +-----------------------------------------------------------------------------------------------------------+ 
Path 14: MET Setup Check with Pin datapath/IF_pc_reg[11]/CK 
Endpoint:   datapath/IF_pc_reg[11]/D            (v) checked with  leading edge 
of 'clk'
Beginpoint: datapath/registers_RF_reg[21][21]/Q (v) triggered by trailing edge 
of 'clk'
Path Groups: {reg2reg}
Analysis View: RPT_SLOW
Other End Arrival Time          0.502
- Setup                         0.130
+ Phase Shift                   4.300
+ CPPR Adjustment               0.000
- Uncertainty                   0.100
= Required Time                 4.572
- Arrival Time                  4.548
= Slack Time                    0.024
     Clock Fall Edge                 2.150
     + Clock Network Latency (Prop)  0.459
     = Beginpoint Arrival Time       2.609
     +-----------------------------------------------------------------------------------------------------------+ 
     |                      Instance                      |     Arc      |   Cell   | Delay | Arrival | Required | 
     |                                                    |              |          |       |  Time   |   Time   | 
     |----------------------------------------------------+--------------+----------+-------+---------+----------| 
     | datapath/registers_RF_reg[21][21]                  | CK ^         |          |       |   2.609 |    2.632 | 
     | datapath/registers_RF_reg[21][21]                  | CK ^ -> Q v  | DFFR_X1  | 0.302 |   2.911 |    2.935 | 
     | datapath/g4601                                     | A2 v -> ZN ^ | NAND2_X1 | 0.062 |   2.973 |    2.997 | 
     | datapath/FE_RC_1637_0                              | A3 ^ -> ZN v | NAND4_X1 | 0.109 |   3.082 |    3.106 | 
     | datapath/g3560                                     | A2 v -> ZN ^ | NOR2_X2  | 0.162 |   3.244 |    3.268 | 
     | datapath/FE_RC_1757_0                              | A4 ^ -> ZN v | NAND4_X1 | 0.116 |   3.360 |    3.384 | 
     | datapath/FE_OFC996_FE_RN_141_0                     | A v -> ZN ^  | INV_X2   | 0.075 |   3.435 |    3.459 | 
     | datapath/FE_RC_545_0                               | B1 ^ -> ZN v | AOI21_X2 | 0.052 |   3.487 |    3.511 | 
     | datapath/LT_TC_OP_g969                             | A v -> ZN ^  | INV_X2   | 0.061 |   3.549 |    3.573 | 
     | datapath/FE_RC_1436_0                              | B2 ^ -> ZN v | OAI22_X1 | 0.054 |   3.603 |    3.626 | 
     | datapath/FE_RC_1376_0                              | A2 v -> ZN ^ | NOR2_X1  | 0.115 |   3.718 |    3.741 | 
     | datapath/FE_RC_1375_0                              | A2 ^ -> ZN v | NAND2_X1 | 0.052 |   3.769 |    3.793 | 
     | datapath/FE_RC_963_0                               | A v -> ZN ^  | INV_X1   | 0.039 |   3.808 |    3.832 | 
     | datapath/FE_RC_1418_0                              | A1 ^ -> ZN v | NAND3_X1 | 0.045 |   3.853 |    3.877 | 
     | datapath/FE_OFC1403_FE_RN_5_0                      | A v -> ZN ^  | INV_X1   | 0.082 |   3.935 |    3.958 | 
     | datapath/FE_RC_1399_0                              | A3 ^ -> ZN v | NAND4_X4 | 0.118 |   4.053 |    4.076 | 
     | datapath/g31599                                    | A1 v -> ZN ^ | NAND2_X4 | 0.068 |   4.120 |    4.144 | 
     | datapath/g31598                                    | A ^ -> ZN v  | OAI21_X4 | 0.047 |   4.168 |    4.192 | 
     | datapath/g21272                                    | A1 v -> ZN ^ | NAND2_X4 | 0.122 |   4.289 |    4.313 | 
     | datapath/branch_or_inc_4/FE_OFC1400_IFID_takeBranc | A ^ -> ZN v  | INV_X8   | 0.083 |   4.372 |    4.396 | 
     | h                                                  |              |          |       |         |          | 
     | datapath/branch_or_inc_4/g862__3680                | A1 v -> ZN ^ | NAND2_X2 | 0.060 |   4.432 |    4.456 | 
     | datapath/branch_or_inc_4/g830__4319                | A1 ^ -> ZN v | NAND2_X1 | 0.034 |   4.466 |    4.490 | 
     | datapath/FE_RC_1225_0                              | A1 v -> ZN ^ | NAND2_X1 | 0.044 |   4.510 |    4.534 | 
     | datapath/FE_RC_1224_0                              | A1 ^ -> ZN v | NAND2_X1 | 0.038 |   4.548 |    4.572 | 
     | datapath/IF_pc_reg[11]                             | D v          | DFFR_X1  | 0.000 |   4.548 |    4.572 | 
     +-----------------------------------------------------------------------------------------------------------+ 
Path 15: MET Setup Check with Pin datapath/IF_pc_reg[9]/CK 
Endpoint:   datapath/IF_pc_reg[9]/D             (v) checked with  leading edge 
of 'clk'
Beginpoint: datapath/registers_RF_reg[21][21]/Q (v) triggered by trailing edge 
of 'clk'
Path Groups: {reg2reg}
Analysis View: RPT_SLOW
Other End Arrival Time          0.502
- Setup                         0.130
+ Phase Shift                   4.300
+ CPPR Adjustment               0.000
- Uncertainty                   0.100
= Required Time                 4.572
- Arrival Time                  4.548
= Slack Time                    0.024
     Clock Fall Edge                 2.150
     + Clock Network Latency (Prop)  0.459
     = Beginpoint Arrival Time       2.609
     +-----------------------------------------------------------------------------------------------------------+ 
     |                      Instance                      |     Arc      |   Cell   | Delay | Arrival | Required | 
     |                                                    |              |          |       |  Time   |   Time   | 
     |----------------------------------------------------+--------------+----------+-------+---------+----------| 
     | datapath/registers_RF_reg[21][21]                  | CK ^         |          |       |   2.609 |    2.633 | 
     | datapath/registers_RF_reg[21][21]                  | CK ^ -> Q v  | DFFR_X1  | 0.302 |   2.911 |    2.935 | 
     | datapath/g4601                                     | A2 v -> ZN ^ | NAND2_X1 | 0.062 |   2.973 |    2.997 | 
     | datapath/FE_RC_1637_0                              | A3 ^ -> ZN v | NAND4_X1 | 0.109 |   3.082 |    3.106 | 
     | datapath/g3560                                     | A2 v -> ZN ^ | NOR2_X2  | 0.162 |   3.244 |    3.268 | 
     | datapath/FE_RC_1757_0                              | A4 ^ -> ZN v | NAND4_X1 | 0.116 |   3.360 |    3.384 | 
     | datapath/FE_OFC996_FE_RN_141_0                     | A v -> ZN ^  | INV_X2   | 0.075 |   3.435 |    3.459 | 
     | datapath/FE_RC_545_0                               | B1 ^ -> ZN v | AOI21_X2 | 0.052 |   3.487 |    3.511 | 
     | datapath/LT_TC_OP_g969                             | A v -> ZN ^  | INV_X2   | 0.061 |   3.549 |    3.573 | 
     | datapath/FE_RC_1436_0                              | B2 ^ -> ZN v | OAI22_X1 | 0.054 |   3.603 |    3.627 | 
     | datapath/FE_RC_1376_0                              | A2 v -> ZN ^ | NOR2_X1  | 0.115 |   3.718 |    3.742 | 
     | datapath/FE_RC_1375_0                              | A2 ^ -> ZN v | NAND2_X1 | 0.052 |   3.769 |    3.793 | 
     | datapath/FE_RC_963_0                               | A v -> ZN ^  | INV_X1   | 0.039 |   3.808 |    3.832 | 
     | datapath/FE_RC_1418_0                              | A1 ^ -> ZN v | NAND3_X1 | 0.045 |   3.853 |    3.877 | 
     | datapath/FE_OFC1403_FE_RN_5_0                      | A v -> ZN ^  | INV_X1   | 0.082 |   3.935 |    3.959 | 
     | datapath/FE_RC_1399_0                              | A3 ^ -> ZN v | NAND4_X4 | 0.118 |   4.053 |    4.077 | 
     | datapath/g31599                                    | A1 v -> ZN ^ | NAND2_X4 | 0.068 |   4.120 |    4.144 | 
     | datapath/g31598                                    | A ^ -> ZN v  | OAI21_X4 | 0.047 |   4.168 |    4.192 | 
     | datapath/g21272                                    | A1 v -> ZN ^ | NAND2_X4 | 0.122 |   4.289 |    4.313 | 
     | datapath/branch_or_inc_4/FE_OFC1400_IFID_takeBranc | A ^ -> ZN v  | INV_X8   | 0.083 |   4.372 |    4.396 | 
     | h                                                  |              |          |       |         |          | 
     | datapath/branch_or_inc_4/g866__5122                | A1 v -> ZN ^ | NAND2_X2 | 0.059 |   4.431 |    4.455 | 
     | datapath/branch_or_inc_4/g835__1617                | A1 ^ -> ZN v | NAND2_X1 | 0.034 |   4.465 |    4.489 | 
     | datapath/FE_RC_1704_0                              | A1 v -> ZN ^ | NAND2_X1 | 0.045 |   4.510 |    4.534 | 
     | datapath/FE_RC_1703_0                              | A1 ^ -> ZN v | NAND2_X1 | 0.038 |   4.548 |    4.572 | 
     | datapath/IF_pc_reg[9]                              | D v          | DFFR_X1  | 0.000 |   4.548 |    4.572 | 
     +-----------------------------------------------------------------------------------------------------------+ 
Path 16: MET Setup Check with Pin datapath/IF_pc_reg[23]/CK 
Endpoint:   datapath/IF_pc_reg[23]/D            (v) checked with  leading edge 
of 'clk'
Beginpoint: datapath/registers_RF_reg[21][21]/Q (v) triggered by trailing edge 
of 'clk'
Path Groups: {reg2reg}
Analysis View: RPT_SLOW
Other End Arrival Time          0.504
- Setup                         0.127
+ Phase Shift                   4.300
+ CPPR Adjustment               0.000
- Uncertainty                   0.100
= Required Time                 4.577
- Arrival Time                  4.552
= Slack Time                    0.025
     Clock Fall Edge                 2.150
     + Clock Network Latency (Prop)  0.459
     = Beginpoint Arrival Time       2.609
     +-----------------------------------------------------------------------------------------------------------+ 
     |                      Instance                      |     Arc      |   Cell   | Delay | Arrival | Required | 
     |                                                    |              |          |       |  Time   |   Time   | 
     |----------------------------------------------------+--------------+----------+-------+---------+----------| 
     | datapath/registers_RF_reg[21][21]                  | CK ^         |          |       |   2.609 |    2.633 | 
     | datapath/registers_RF_reg[21][21]                  | CK ^ -> Q v  | DFFR_X1  | 0.302 |   2.911 |    2.935 | 
     | datapath/g4601                                     | A2 v -> ZN ^ | NAND2_X1 | 0.062 |   2.973 |    2.998 | 
     | datapath/FE_RC_1637_0                              | A3 ^ -> ZN v | NAND4_X1 | 0.109 |   3.082 |    3.107 | 
     | datapath/g3560                                     | A2 v -> ZN ^ | NOR2_X2  | 0.162 |   3.244 |    3.269 | 
     | datapath/FE_RC_1757_0                              | A4 ^ -> ZN v | NAND4_X1 | 0.116 |   3.360 |    3.385 | 
     | datapath/FE_OFC996_FE_RN_141_0                     | A v -> ZN ^  | INV_X2   | 0.075 |   3.435 |    3.460 | 
     | datapath/FE_RC_545_0                               | B1 ^ -> ZN v | AOI21_X2 | 0.052 |   3.487 |    3.512 | 
     | datapath/LT_TC_OP_g969                             | A v -> ZN ^  | INV_X2   | 0.061 |   3.549 |    3.573 | 
     | datapath/FE_RC_1436_0                              | B2 ^ -> ZN v | OAI22_X1 | 0.054 |   3.603 |    3.627 | 
     | datapath/FE_RC_1376_0                              | A2 v -> ZN ^ | NOR2_X1  | 0.115 |   3.718 |    3.742 | 
     | datapath/FE_RC_1375_0                              | A2 ^ -> ZN v | NAND2_X1 | 0.052 |   3.769 |    3.794 | 
     | datapath/FE_RC_963_0                               | A v -> ZN ^  | INV_X1   | 0.039 |   3.808 |    3.833 | 
     | datapath/FE_RC_1418_0                              | A1 ^ -> ZN v | NAND3_X1 | 0.045 |   3.853 |    3.878 | 
     | datapath/FE_OFC1403_FE_RN_5_0                      | A v -> ZN ^  | INV_X1   | 0.082 |   3.935 |    3.959 | 
     | datapath/FE_RC_1399_0                              | A3 ^ -> ZN v | NAND4_X4 | 0.118 |   4.053 |    4.077 | 
     | datapath/g31599                                    | A1 v -> ZN ^ | NAND2_X4 | 0.068 |   4.120 |    4.145 | 
     | datapath/g31598                                    | A ^ -> ZN v  | OAI21_X4 | 0.047 |   4.168 |    4.192 | 
     | datapath/g21272                                    | A1 v -> ZN ^ | NAND2_X4 | 0.122 |   4.289 |    4.314 | 
     | datapath/branch_or_inc_4/FE_OFC1400_IFID_takeBranc | A ^ -> ZN v  | INV_X8   | 0.083 |   4.372 |    4.397 | 
     | h                                                  |              |          |       |         |          | 
     | datapath/branch_or_inc_4/g855__2398                | A1 v -> ZN ^ | NAND2_X2 | 0.065 |   4.437 |    4.462 | 
     | datapath/branch_or_inc_4/g822__2346                | A1 ^ -> ZN v | NAND2_X1 | 0.034 |   4.472 |    4.496 | 
     | datapath/FE_RC_535_0                               | A1 v -> ZN ^ | NAND2_X1 | 0.044 |   4.516 |    4.540 | 
     | datapath/FE_RC_534_0                               | A1 ^ -> ZN v | NAND2_X1 | 0.036 |   4.552 |    4.577 | 
     | datapath/IF_pc_reg[23]                             | D v          | DFFR_X1  | 0.000 |   4.552 |    4.577 | 
     +-----------------------------------------------------------------------------------------------------------+ 
Path 17: MET Setup Check with Pin datapath/IF_pc_reg[16]/CK 
Endpoint:   datapath/IF_pc_reg[16]/D            (v) checked with  leading edge 
of 'clk'
Beginpoint: datapath/registers_RF_reg[21][21]/Q (v) triggered by trailing edge 
of 'clk'
Path Groups: {reg2reg}
Analysis View: RPT_SLOW
Other End Arrival Time          0.502
- Setup                         0.130
+ Phase Shift                   4.300
+ CPPR Adjustment               0.000
- Uncertainty                   0.100
= Required Time                 4.572
- Arrival Time                  4.547
= Slack Time                    0.025
     Clock Fall Edge                 2.150
     + Clock Network Latency (Prop)  0.459
     = Beginpoint Arrival Time       2.609
     +-----------------------------------------------------------------------------------------------------------+ 
     |                      Instance                      |     Arc      |   Cell   | Delay | Arrival | Required | 
     |                                                    |              |          |       |  Time   |   Time   | 
     |----------------------------------------------------+--------------+----------+-------+---------+----------| 
     | datapath/registers_RF_reg[21][21]                  | CK ^         |          |       |   2.609 |    2.634 | 
     | datapath/registers_RF_reg[21][21]                  | CK ^ -> Q v  | DFFR_X1  | 0.302 |   2.911 |    2.936 | 
     | datapath/g4601                                     | A2 v -> ZN ^ | NAND2_X1 | 0.062 |   2.973 |    2.998 | 
     | datapath/FE_RC_1637_0                              | A3 ^ -> ZN v | NAND4_X1 | 0.109 |   3.082 |    3.107 | 
     | datapath/g3560                                     | A2 v -> ZN ^ | NOR2_X2  | 0.162 |   3.244 |    3.269 | 
     | datapath/FE_RC_1757_0                              | A4 ^ -> ZN v | NAND4_X1 | 0.116 |   3.360 |    3.386 | 
     | datapath/FE_OFC996_FE_RN_141_0                     | A v -> ZN ^  | INV_X2   | 0.075 |   3.435 |    3.461 | 
     | datapath/FE_RC_545_0                               | B1 ^ -> ZN v | AOI21_X2 | 0.052 |   3.487 |    3.512 | 
     | datapath/LT_TC_OP_g969                             | A v -> ZN ^  | INV_X2   | 0.061 |   3.549 |    3.574 | 
     | datapath/FE_RC_1436_0                              | B2 ^ -> ZN v | OAI22_X1 | 0.054 |   3.603 |    3.628 | 
     | datapath/FE_RC_1376_0                              | A2 v -> ZN ^ | NOR2_X1  | 0.115 |   3.718 |    3.743 | 
     | datapath/FE_RC_1375_0                              | A2 ^ -> ZN v | NAND2_X1 | 0.052 |   3.769 |    3.794 | 
     | datapath/FE_RC_963_0                               | A v -> ZN ^  | INV_X1   | 0.039 |   3.808 |    3.834 | 
     | datapath/FE_RC_1418_0                              | A1 ^ -> ZN v | NAND3_X1 | 0.045 |   3.853 |    3.878 | 
     | datapath/FE_OFC1403_FE_RN_5_0                      | A v -> ZN ^  | INV_X1   | 0.082 |   3.935 |    3.960 | 
     | datapath/FE_RC_1399_0                              | A3 ^ -> ZN v | NAND4_X4 | 0.118 |   4.053 |    4.078 | 
     | datapath/g31599                                    | A1 v -> ZN ^ | NAND2_X4 | 0.068 |   4.120 |    4.145 | 
     | datapath/g31598                                    | A ^ -> ZN v  | OAI21_X4 | 0.047 |   4.168 |    4.193 | 
     | datapath/g21272                                    | A1 v -> ZN ^ | NAND2_X4 | 0.122 |   4.289 |    4.315 | 
     | datapath/branch_or_inc_4/FE_OFC1400_IFID_takeBranc | A ^ -> ZN v  | INV_X8   | 0.083 |   4.372 |    4.398 | 
     | h                                                  |              |          |       |         |          | 
     | datapath/branch_or_inc_4/g851__1666                | A1 v -> ZN ^ | NAND2_X2 | 0.060 |   4.432 |    4.457 | 
     | datapath/branch_or_inc_4/g819__9315                | A1 ^ -> ZN v | NAND2_X1 | 0.035 |   4.467 |    4.492 | 
     | datapath/FE_RC_619_0                               | A1 v -> ZN ^ | NAND2_X1 | 0.044 |   4.511 |    4.536 | 
     | datapath/FE_RC_618_0                               | A1 ^ -> ZN v | NAND2_X1 | 0.036 |   4.547 |    4.572 | 
     | datapath/IF_pc_reg[16]                             | D v          | DFFR_X1  | 0.000 |   4.547 |    4.572 | 
     +-----------------------------------------------------------------------------------------------------------+ 
Path 18: MET Setup Check with Pin datapath/IFID_instr_reg[22]/CK 
Endpoint:   datapath/IFID_instr_reg[22]/D       (v) checked with  leading edge 
of 'clk'
Beginpoint: datapath/registers_RF_reg[21][21]/Q (v) triggered by trailing edge 
of 'clk'
Path Groups: {reg2reg}
Analysis View: RPT_SLOW
Other End Arrival Time          0.493
- Setup                         0.136
+ Phase Shift                   4.300
+ CPPR Adjustment               0.000
- Uncertainty                   0.100
= Required Time                 4.558
- Arrival Time                  4.532
= Slack Time                    0.026
     Clock Fall Edge                 2.150
     + Clock Network Latency (Prop)  0.459
     = Beginpoint Arrival Time       2.609
     +------------------------------------------------------------------------------------------+ 
     |             Instance              |     Arc      |   Cell   | Delay | Arrival | Required | 
     |                                   |              |          |       |  Time   |   Time   | 
     |-----------------------------------+--------------+----------+-------+---------+----------| 
     | datapath/registers_RF_reg[21][21] | CK ^         |          |       |   2.609 |    2.634 | 
     | datapath/registers_RF_reg[21][21] | CK ^ -> Q v  | DFFR_X1  | 0.302 |   2.911 |    2.936 | 
     | datapath/g4601                    | A2 v -> ZN ^ | NAND2_X1 | 0.062 |   2.973 |    2.998 | 
     | datapath/FE_RC_1637_0             | A3 ^ -> ZN v | NAND4_X1 | 0.109 |   3.082 |    3.108 | 
     | datapath/g3560                    | A2 v -> ZN ^ | NOR2_X2  | 0.162 |   3.244 |    3.270 | 
     | datapath/FE_RC_1757_0             | A4 ^ -> ZN v | NAND4_X1 | 0.116 |   3.360 |    3.386 | 
     | datapath/FE_OFC996_FE_RN_141_0    | A v -> ZN ^  | INV_X2   | 0.075 |   3.435 |    3.461 | 
     | datapath/FE_RC_545_0              | B1 ^ -> ZN v | AOI21_X2 | 0.052 |   3.487 |    3.513 | 
     | datapath/LT_TC_OP_g969            | A v -> ZN ^  | INV_X2   | 0.061 |   3.549 |    3.574 | 
     | datapath/FE_RC_1436_0             | B2 ^ -> ZN v | OAI22_X1 | 0.054 |   3.603 |    3.628 | 
     | datapath/FE_RC_1376_0             | A2 v -> ZN ^ | NOR2_X1  | 0.115 |   3.718 |    3.743 | 
     | datapath/FE_RC_1375_0             | A2 ^ -> ZN v | NAND2_X1 | 0.052 |   3.769 |    3.795 | 
     | datapath/FE_RC_963_0              | A v -> ZN ^  | INV_X1   | 0.039 |   3.808 |    3.834 | 
     | datapath/FE_RC_1418_0             | A1 ^ -> ZN v | NAND3_X1 | 0.045 |   3.853 |    3.879 | 
     | datapath/FE_OFC1403_FE_RN_5_0     | A v -> ZN ^  | INV_X1   | 0.082 |   3.935 |    3.960 | 
     | datapath/FE_RC_1399_0             | A3 ^ -> ZN v | NAND4_X4 | 0.118 |   4.053 |    4.078 | 
     | datapath/g31599                   | A1 v -> ZN ^ | NAND2_X4 | 0.068 |   4.120 |    4.146 | 
     | datapath/g31598                   | A ^ -> ZN v  | OAI21_X4 | 0.047 |   4.168 |    4.193 | 
     | datapath/g21272                   | A1 v -> ZN ^ | NAND2_X4 | 0.122 |   4.289 |    4.315 | 
     | g1070                             | A1 ^ -> ZN v | NAND2_X4 | 0.102 |   4.392 |    4.417 | 
     | datapath/FE_OCPC272_n_63          | A v -> ZN ^  | INV_X16  | 0.099 |   4.490 |    4.516 | 
     | datapath/g40469                   | A1 ^ -> ZN v | NOR2_X1  | 0.042 |   4.532 |    4.558 | 
     | datapath/IFID_instr_reg[22]       | D v          | DFFR_X1  | 0.000 |   4.532 |    4.558 | 
     +------------------------------------------------------------------------------------------+ 
Path 19: MET Setup Check with Pin datapath/IF_pc_reg[28]/CK 
Endpoint:   datapath/IF_pc_reg[28]/D            (v) checked with  leading edge 
of 'clk'
Beginpoint: datapath/registers_RF_reg[21][21]/Q (v) triggered by trailing edge 
of 'clk'
Path Groups: {reg2reg}
Analysis View: RPT_SLOW
Other End Arrival Time          0.503
- Setup                         0.127
+ Phase Shift                   4.300
+ CPPR Adjustment               0.000
- Uncertainty                   0.100
= Required Time                 4.576
- Arrival Time                  4.550
= Slack Time                    0.026
     Clock Fall Edge                 2.150
     + Clock Network Latency (Prop)  0.459
     = Beginpoint Arrival Time       2.609
     +-----------------------------------------------------------------------------------------------------------+ 
     |                      Instance                      |     Arc      |   Cell   | Delay | Arrival | Required | 
     |                                                    |              |          |       |  Time   |   Time   | 
     |----------------------------------------------------+--------------+----------+-------+---------+----------| 
     | datapath/registers_RF_reg[21][21]                  | CK ^         |          |       |   2.609 |    2.634 | 
     | datapath/registers_RF_reg[21][21]                  | CK ^ -> Q v  | DFFR_X1  | 0.302 |   2.911 |    2.936 | 
     | datapath/g4601                                     | A2 v -> ZN ^ | NAND2_X1 | 0.062 |   2.973 |    2.999 | 
     | datapath/FE_RC_1637_0                              | A3 ^ -> ZN v | NAND4_X1 | 0.109 |   3.082 |    3.108 | 
     | datapath/g3560                                     | A2 v -> ZN ^ | NOR2_X2  | 0.162 |   3.244 |    3.270 | 
     | datapath/FE_RC_1757_0                              | A4 ^ -> ZN v | NAND4_X1 | 0.116 |   3.360 |    3.386 | 
     | datapath/FE_OFC996_FE_RN_141_0                     | A v -> ZN ^  | INV_X2   | 0.075 |   3.435 |    3.461 | 
     | datapath/FE_RC_545_0                               | B1 ^ -> ZN v | AOI21_X2 | 0.052 |   3.487 |    3.513 | 
     | datapath/LT_TC_OP_g969                             | A v -> ZN ^  | INV_X2   | 0.061 |   3.549 |    3.574 | 
     | datapath/FE_RC_1436_0                              | B2 ^ -> ZN v | OAI22_X1 | 0.054 |   3.603 |    3.628 | 
     | datapath/FE_RC_1376_0                              | A2 v -> ZN ^ | NOR2_X1  | 0.115 |   3.718 |    3.743 | 
     | datapath/FE_RC_1375_0                              | A2 ^ -> ZN v | NAND2_X1 | 0.052 |   3.769 |    3.795 | 
     | datapath/FE_RC_963_0                               | A v -> ZN ^  | INV_X1   | 0.039 |   3.808 |    3.834 | 
     | datapath/FE_RC_1418_0                              | A1 ^ -> ZN v | NAND3_X1 | 0.045 |   3.853 |    3.879 | 
     | datapath/FE_OFC1403_FE_RN_5_0                      | A v -> ZN ^  | INV_X1   | 0.082 |   3.935 |    3.960 | 
     | datapath/FE_RC_1399_0                              | A3 ^ -> ZN v | NAND4_X4 | 0.118 |   4.053 |    4.078 | 
     | datapath/g31599                                    | A1 v -> ZN ^ | NAND2_X4 | 0.068 |   4.120 |    4.146 | 
     | datapath/g31598                                    | A ^ -> ZN v  | OAI21_X4 | 0.047 |   4.168 |    4.193 | 
     | datapath/g21272                                    | A1 v -> ZN ^ | NAND2_X4 | 0.122 |   4.289 |    4.315 | 
     | datapath/branch_or_inc_4/FE_OFC1400_IFID_takeBranc | A ^ -> ZN v  | INV_X8   | 0.083 |   4.372 |    4.398 | 
     | h                                                  |              |          |       |         |          | 
     | datapath/branch_or_inc_4/g854__5477                | A1 v -> ZN ^ | NAND2_X2 | 0.063 |   4.436 |    4.461 | 
     | datapath/branch_or_inc_4/g810__5122                | A1 ^ -> ZN v | NAND2_X1 | 0.034 |   4.469 |    4.495 | 
     | datapath/FE_RC_623_0                               | A1 v -> ZN ^ | NAND2_X1 | 0.044 |   4.513 |    4.539 | 
     | datapath/FE_RC_622_0                               | A1 ^ -> ZN v | NAND2_X1 | 0.037 |   4.550 |    4.576 | 
     | datapath/IF_pc_reg[28]                             | D v          | DFFR_X1  | 0.000 |   4.550 |    4.576 | 
     +-----------------------------------------------------------------------------------------------------------+ 
Path 20: MET Setup Check with Pin datapath/IF_pc_reg[14]/CK 
Endpoint:   datapath/IF_pc_reg[14]/D            (v) checked with  leading edge 
of 'clk'
Beginpoint: datapath/registers_RF_reg[21][21]/Q (v) triggered by trailing edge 
of 'clk'
Path Groups: {reg2reg}
Analysis View: RPT_SLOW
Other End Arrival Time          0.507
- Setup                         0.129
+ Phase Shift                   4.300
+ CPPR Adjustment               0.000
- Uncertainty                   0.100
= Required Time                 4.578
- Arrival Time                  4.552
= Slack Time                    0.026
     Clock Fall Edge                 2.150
     + Clock Network Latency (Prop)  0.459
     = Beginpoint Arrival Time       2.609
     +-----------------------------------------------------------------------------------------------------------+ 
     |                      Instance                      |     Arc      |   Cell   | Delay | Arrival | Required | 
     |                                                    |              |          |       |  Time   |   Time   | 
     |----------------------------------------------------+--------------+----------+-------+---------+----------| 
     | datapath/registers_RF_reg[21][21]                  | CK ^         |          |       |   2.609 |    2.635 | 
     | datapath/registers_RF_reg[21][21]                  | CK ^ -> Q v  | DFFR_X1  | 0.302 |   2.911 |    2.937 | 
     | datapath/g4601                                     | A2 v -> ZN ^ | NAND2_X1 | 0.062 |   2.973 |    2.999 | 
     | datapath/FE_RC_1637_0                              | A3 ^ -> ZN v | NAND4_X1 | 0.109 |   3.082 |    3.108 | 
     | datapath/g3560                                     | A2 v -> ZN ^ | NOR2_X2  | 0.162 |   3.244 |    3.270 | 
     | datapath/FE_RC_1757_0                              | A4 ^ -> ZN v | NAND4_X1 | 0.116 |   3.360 |    3.387 | 
     | datapath/FE_OFC996_FE_RN_141_0                     | A v -> ZN ^  | INV_X2   | 0.075 |   3.435 |    3.462 | 
     | datapath/FE_RC_545_0                               | B1 ^ -> ZN v | AOI21_X2 | 0.052 |   3.487 |    3.513 | 
     | datapath/LT_TC_OP_g969                             | A v -> ZN ^  | INV_X2   | 0.061 |   3.549 |    3.575 | 
     | datapath/FE_RC_1436_0                              | B2 ^ -> ZN v | OAI22_X1 | 0.054 |   3.603 |    3.629 | 
     | datapath/FE_RC_1376_0                              | A2 v -> ZN ^ | NOR2_X1  | 0.115 |   3.718 |    3.744 | 
     | datapath/FE_RC_1375_0                              | A2 ^ -> ZN v | NAND2_X1 | 0.052 |   3.769 |    3.795 | 
     | datapath/FE_RC_963_0                               | A v -> ZN ^  | INV_X1   | 0.039 |   3.808 |    3.835 | 
     | datapath/FE_RC_1418_0                              | A1 ^ -> ZN v | NAND3_X1 | 0.045 |   3.853 |    3.879 | 
     | datapath/FE_OFC1403_FE_RN_5_0                      | A v -> ZN ^  | INV_X1   | 0.082 |   3.935 |    3.961 | 
     | datapath/FE_RC_1399_0                              | A3 ^ -> ZN v | NAND4_X4 | 0.118 |   4.053 |    4.079 | 
     | datapath/g31599                                    | A1 v -> ZN ^ | NAND2_X4 | 0.068 |   4.120 |    4.146 | 
     | datapath/g31598                                    | A ^ -> ZN v  | OAI21_X4 | 0.047 |   4.168 |    4.194 | 
     | datapath/g21272                                    | A1 v -> ZN ^ | NAND2_X4 | 0.122 |   4.289 |    4.316 | 
     | datapath/branch_or_inc_4/FE_OFC1400_IFID_takeBranc | A ^ -> ZN v  | INV_X8   | 0.083 |   4.372 |    4.399 | 
     | h                                                  |              |          |       |         |          | 
     | datapath/branch_or_inc_4/g856__5107                | A1 v -> ZN ^ | NAND2_X2 | 0.060 |   4.432 |    4.459 | 
     | datapath/branch_or_inc_4/g839__8246                | A1 ^ -> ZN v | NAND2_X1 | 0.035 |   4.468 |    4.494 | 
     | datapath/FE_RC_1766_0                              | A1 v -> ZN ^ | NAND2_X1 | 0.044 |   4.512 |    4.538 | 
     | datapath/FE_RC_1765_0                              | A1 ^ -> ZN v | NAND2_X1 | 0.039 |   4.552 |    4.578 | 
     | datapath/IF_pc_reg[14]                             | D v          | DFFR_X1  | 0.000 |   4.552 |    4.578 | 
     +-----------------------------------------------------------------------------------------------------------+ 
Path 21: MET Setup Check with Pin datapath/IF_pc_reg[12]/CK 
Endpoint:   datapath/IF_pc_reg[12]/D            (v) checked with  leading edge 
of 'clk'
Beginpoint: datapath/registers_RF_reg[21][21]/Q (v) triggered by trailing edge 
of 'clk'
Path Groups: {reg2reg}
Analysis View: RPT_SLOW
Other End Arrival Time          0.507
- Setup                         0.129
+ Phase Shift                   4.300
+ CPPR Adjustment               0.000
- Uncertainty                   0.100
= Required Time                 4.578
- Arrival Time                  4.551
= Slack Time                    0.027
     Clock Fall Edge                 2.150
     + Clock Network Latency (Prop)  0.459
     = Beginpoint Arrival Time       2.609
     +-----------------------------------------------------------------------------------------------------------+ 
     |                      Instance                      |     Arc      |   Cell   | Delay | Arrival | Required | 
     |                                                    |              |          |       |  Time   |   Time   | 
     |----------------------------------------------------+--------------+----------+-------+---------+----------| 
     | datapath/registers_RF_reg[21][21]                  | CK ^         |          |       |   2.609 |    2.636 | 
     | datapath/registers_RF_reg[21][21]                  | CK ^ -> Q v  | DFFR_X1  | 0.302 |   2.911 |    2.938 | 
     | datapath/g4601                                     | A2 v -> ZN ^ | NAND2_X1 | 0.062 |   2.973 |    3.000 | 
     | datapath/FE_RC_1637_0                              | A3 ^ -> ZN v | NAND4_X1 | 0.109 |   3.082 |    3.109 | 
     | datapath/g3560                                     | A2 v -> ZN ^ | NOR2_X2  | 0.162 |   3.244 |    3.271 | 
     | datapath/FE_RC_1757_0                              | A4 ^ -> ZN v | NAND4_X1 | 0.116 |   3.360 |    3.387 | 
     | datapath/FE_OFC996_FE_RN_141_0                     | A v -> ZN ^  | INV_X2   | 0.075 |   3.435 |    3.462 | 
     | datapath/FE_RC_545_0                               | B1 ^ -> ZN v | AOI21_X2 | 0.052 |   3.487 |    3.514 | 
     | datapath/LT_TC_OP_g969                             | A v -> ZN ^  | INV_X2   | 0.061 |   3.549 |    3.576 | 
     | datapath/FE_RC_1436_0                              | B2 ^ -> ZN v | OAI22_X1 | 0.054 |   3.603 |    3.630 | 
     | datapath/FE_RC_1376_0                              | A2 v -> ZN ^ | NOR2_X1  | 0.115 |   3.718 |    3.745 | 
     | datapath/FE_RC_1375_0                              | A2 ^ -> ZN v | NAND2_X1 | 0.052 |   3.769 |    3.796 | 
     | datapath/FE_RC_963_0                               | A v -> ZN ^  | INV_X1   | 0.039 |   3.808 |    3.836 | 
     | datapath/FE_RC_1418_0                              | A1 ^ -> ZN v | NAND3_X1 | 0.045 |   3.853 |    3.880 | 
     | datapath/FE_OFC1403_FE_RN_5_0                      | A v -> ZN ^  | INV_X1   | 0.082 |   3.935 |    3.962 | 
     | datapath/FE_RC_1399_0                              | A3 ^ -> ZN v | NAND4_X4 | 0.118 |   4.053 |    4.080 | 
     | datapath/g31599                                    | A1 v -> ZN ^ | NAND2_X4 | 0.068 |   4.120 |    4.147 | 
     | datapath/g31598                                    | A ^ -> ZN v  | OAI21_X4 | 0.047 |   4.168 |    4.195 | 
     | datapath/g21272                                    | A1 v -> ZN ^ | NAND2_X4 | 0.122 |   4.289 |    4.316 | 
     | datapath/branch_or_inc_4/FE_OFC1400_IFID_takeBranc | A ^ -> ZN v  | INV_X8   | 0.083 |   4.372 |    4.399 | 
     | h                                                  |              |          |       |         |          | 
     | datapath/branch_or_inc_4/g860__5526                | A1 v -> ZN ^ | NAND2_X2 | 0.060 |   4.432 |    4.459 | 
     | datapath/branch_or_inc_4/g829__6260                | A1 ^ -> ZN v | NAND2_X1 | 0.034 |   4.466 |    4.494 | 
     | datapath/FE_RC_691_0                               | A1 v -> ZN ^ | NAND2_X1 | 0.046 |   4.512 |    4.540 | 
     | datapath/FE_RC_690_0                               | A1 ^ -> ZN v | NAND2_X1 | 0.038 |   4.551 |    4.578 | 
     | datapath/IF_pc_reg[12]                             | D v          | DFFR_X1  | 0.000 |   4.551 |    4.578 | 
     +-----------------------------------------------------------------------------------------------------------+ 
Path 22: MET Setup Check with Pin datapath/IFID_instr_reg[17]/CK 
Endpoint:   datapath/IFID_instr_reg[17]/D       (v) checked with  leading edge 
of 'clk'
Beginpoint: datapath/registers_RF_reg[21][21]/Q (v) triggered by trailing edge 
of 'clk'
Path Groups: {reg2reg}
Analysis View: RPT_SLOW
Other End Arrival Time          0.493
- Setup                         0.135
+ Phase Shift                   4.300
+ CPPR Adjustment               0.000
- Uncertainty                   0.100
= Required Time                 4.558
- Arrival Time                  4.530
= Slack Time                    0.028
     Clock Fall Edge                 2.150
     + Clock Network Latency (Prop)  0.459
     = Beginpoint Arrival Time       2.609
     +------------------------------------------------------------------------------------------+ 
     |             Instance              |     Arc      |   Cell   | Delay | Arrival | Required | 
     |                                   |              |          |       |  Time   |   Time   | 
     |-----------------------------------+--------------+----------+-------+---------+----------| 
     | datapath/registers_RF_reg[21][21] | CK ^         |          |       |   2.609 |    2.636 | 
     | datapath/registers_RF_reg[21][21] | CK ^ -> Q v  | DFFR_X1  | 0.302 |   2.911 |    2.938 | 
     | datapath/g4601                    | A2 v -> ZN ^ | NAND2_X1 | 0.062 |   2.973 |    3.001 | 
     | datapath/FE_RC_1637_0             | A3 ^ -> ZN v | NAND4_X1 | 0.109 |   3.082 |    3.110 | 
     | datapath/g3560                    | A2 v -> ZN ^ | NOR2_X2  | 0.162 |   3.244 |    3.272 | 
     | datapath/FE_RC_1757_0             | A4 ^ -> ZN v | NAND4_X1 | 0.116 |   3.360 |    3.388 | 
     | datapath/FE_OFC996_FE_RN_141_0    | A v -> ZN ^  | INV_X2   | 0.075 |   3.435 |    3.463 | 
     | datapath/FE_RC_545_0              | B1 ^ -> ZN v | AOI21_X2 | 0.052 |   3.487 |    3.515 | 
     | datapath/LT_TC_OP_g969            | A v -> ZN ^  | INV_X2   | 0.061 |   3.549 |    3.576 | 
     | datapath/FE_RC_1436_0             | B2 ^ -> ZN v | OAI22_X1 | 0.054 |   3.603 |    3.630 | 
     | datapath/FE_RC_1376_0             | A2 v -> ZN ^ | NOR2_X1  | 0.115 |   3.718 |    3.745 | 
     | datapath/FE_RC_1375_0             | A2 ^ -> ZN v | NAND2_X1 | 0.052 |   3.769 |    3.797 | 
     | datapath/FE_RC_963_0              | A v -> ZN ^  | INV_X1   | 0.039 |   3.808 |    3.836 | 
     | datapath/FE_RC_1418_0             | A1 ^ -> ZN v | NAND3_X1 | 0.045 |   3.853 |    3.881 | 
     | datapath/FE_OFC1403_FE_RN_5_0     | A v -> ZN ^  | INV_X1   | 0.082 |   3.935 |    3.962 | 
     | datapath/FE_RC_1399_0             | A3 ^ -> ZN v | NAND4_X4 | 0.118 |   4.053 |    4.080 | 
     | datapath/g31599                   | A1 v -> ZN ^ | NAND2_X4 | 0.068 |   4.120 |    4.148 | 
     | datapath/g31598                   | A ^ -> ZN v  | OAI21_X4 | 0.047 |   4.168 |    4.195 | 
     | datapath/g21272                   | A1 v -> ZN ^ | NAND2_X4 | 0.122 |   4.289 |    4.317 | 
     | g1070                             | A1 ^ -> ZN v | NAND2_X4 | 0.102 |   4.392 |    4.419 | 
     | datapath/FE_OCPC272_n_63          | A v -> ZN ^  | INV_X16  | 0.099 |   4.490 |    4.518 | 
     | datapath/g40549                   | A1 ^ -> ZN v | NOR2_X1  | 0.040 |   4.530 |    4.558 | 
     | datapath/IFID_instr_reg[17]       | D v          | DFFR_X1  | 0.000 |   4.530 |    4.558 | 
     +------------------------------------------------------------------------------------------+ 
Path 23: MET Setup Check with Pin datapath/IF_pc_reg[25]/CK 
Endpoint:   datapath/IF_pc_reg[25]/D            (v) checked with  leading edge 
of 'clk'
Beginpoint: datapath/registers_RF_reg[21][21]/Q (v) triggered by trailing edge 
of 'clk'
Path Groups: {reg2reg}
Analysis View: RPT_SLOW
Other End Arrival Time          0.504
- Setup                         0.128
+ Phase Shift                   4.300
+ CPPR Adjustment               0.000
- Uncertainty                   0.100
= Required Time                 4.576
- Arrival Time                  4.548
= Slack Time                    0.028
     Clock Fall Edge                 2.150
     + Clock Network Latency (Prop)  0.459
     = Beginpoint Arrival Time       2.609
     +-----------------------------------------------------------------------------------------------------------+ 
     |                      Instance                      |     Arc      |   Cell   | Delay | Arrival | Required | 
     |                                                    |              |          |       |  Time   |   Time   | 
     |----------------------------------------------------+--------------+----------+-------+---------+----------| 
     | datapath/registers_RF_reg[21][21]                  | CK ^         |          |       |   2.609 |    2.637 | 
     | datapath/registers_RF_reg[21][21]                  | CK ^ -> Q v  | DFFR_X1  | 0.302 |   2.911 |    2.939 | 
     | datapath/g4601                                     | A2 v -> ZN ^ | NAND2_X1 | 0.062 |   2.973 |    3.001 | 
     | datapath/FE_RC_1637_0                              | A3 ^ -> ZN v | NAND4_X1 | 0.109 |   3.082 |    3.110 | 
     | datapath/g3560                                     | A2 v -> ZN ^ | NOR2_X2  | 0.162 |   3.244 |    3.272 | 
     | datapath/FE_RC_1757_0                              | A4 ^ -> ZN v | NAND4_X1 | 0.116 |   3.360 |    3.388 | 
     | datapath/FE_OFC996_FE_RN_141_0                     | A v -> ZN ^  | INV_X2   | 0.075 |   3.435 |    3.463 | 
     | datapath/FE_RC_545_0                               | B1 ^ -> ZN v | AOI21_X2 | 0.052 |   3.487 |    3.515 | 
     | datapath/LT_TC_OP_g969                             | A v -> ZN ^  | INV_X2   | 0.061 |   3.549 |    3.577 | 
     | datapath/FE_RC_1436_0                              | B2 ^ -> ZN v | OAI22_X1 | 0.054 |   3.603 |    3.631 | 
     | datapath/FE_RC_1376_0                              | A2 v -> ZN ^ | NOR2_X1  | 0.115 |   3.718 |    3.746 | 
     | datapath/FE_RC_1375_0                              | A2 ^ -> ZN v | NAND2_X1 | 0.052 |   3.769 |    3.797 | 
     | datapath/FE_RC_963_0                               | A v -> ZN ^  | INV_X1   | 0.039 |   3.808 |    3.836 | 
     | datapath/FE_RC_1418_0                              | A1 ^ -> ZN v | NAND3_X1 | 0.045 |   3.853 |    3.881 | 
     | datapath/FE_OFC1403_FE_RN_5_0                      | A v -> ZN ^  | INV_X1   | 0.082 |   3.935 |    3.963 | 
     | datapath/FE_RC_1399_0                              | A3 ^ -> ZN v | NAND4_X4 | 0.118 |   4.053 |    4.081 | 
     | datapath/g31599                                    | A1 v -> ZN ^ | NAND2_X4 | 0.068 |   4.120 |    4.148 | 
     | datapath/g31598                                    | A ^ -> ZN v  | OAI21_X4 | 0.047 |   4.168 |    4.196 | 
     | datapath/g21272                                    | A1 v -> ZN ^ | NAND2_X4 | 0.122 |   4.289 |    4.317 | 
     | datapath/branch_or_inc_4/FE_OFC1400_IFID_takeBranc | A ^ -> ZN v  | INV_X8   | 0.083 |   4.372 |    4.400 | 
     | h                                                  |              |          |       |         |          | 
     | datapath/branch_or_inc_4/g844__7482                | A1 v -> ZN ^ | NAND2_X4 | 0.063 |   4.435 |    4.463 | 
     | datapath/branch_or_inc_4/g811__8246                | A1 ^ -> ZN v | NAND2_X2 | 0.030 |   4.465 |    4.493 | 
     | datapath/FE_RC_1599_0                              | A1 v -> ZN ^ | NAND2_X1 | 0.044 |   4.509 |    4.537 | 
     | datapath/FE_RC_1598_0                              | A1 ^ -> ZN v | NAND2_X1 | 0.039 |   4.548 |    4.576 | 
     | datapath/IF_pc_reg[25]                             | D v          | DFFR_X1  | 0.000 |   4.548 |    4.576 | 
     +-----------------------------------------------------------------------------------------------------------+ 
Path 24: MET Setup Check with Pin datapath/IFID_instr_reg[31]/CK 
Endpoint:   datapath/IFID_instr_reg[31]/D       (v) checked with  leading edge 
of 'clk'
Beginpoint: datapath/registers_RF_reg[21][21]/Q (v) triggered by trailing edge 
of 'clk'
Path Groups: {reg2reg}
Analysis View: RPT_SLOW
Other End Arrival Time          0.492
- Setup                         0.135
+ Phase Shift                   4.300
+ CPPR Adjustment               0.000
- Uncertainty                   0.100
= Required Time                 4.557
- Arrival Time                  4.529
= Slack Time                    0.028
     Clock Fall Edge                 2.150
     + Clock Network Latency (Prop)  0.459
     = Beginpoint Arrival Time       2.609
     +------------------------------------------------------------------------------------------+ 
     |             Instance              |     Arc      |   Cell   | Delay | Arrival | Required | 
     |                                   |              |          |       |  Time   |   Time   | 
     |-----------------------------------+--------------+----------+-------+---------+----------| 
     | datapath/registers_RF_reg[21][21] | CK ^         |          |       |   2.609 |    2.637 | 
     | datapath/registers_RF_reg[21][21] | CK ^ -> Q v  | DFFR_X1  | 0.302 |   2.911 |    2.939 | 
     | datapath/g4601                    | A2 v -> ZN ^ | NAND2_X1 | 0.062 |   2.973 |    3.001 | 
     | datapath/FE_RC_1637_0             | A3 ^ -> ZN v | NAND4_X1 | 0.109 |   3.082 |    3.110 | 
     | datapath/g3560                    | A2 v -> ZN ^ | NOR2_X2  | 0.162 |   3.244 |    3.272 | 
     | datapath/FE_RC_1757_0             | A4 ^ -> ZN v | NAND4_X1 | 0.116 |   3.360 |    3.389 | 
     | datapath/FE_OFC996_FE_RN_141_0    | A v -> ZN ^  | INV_X2   | 0.075 |   3.435 |    3.464 | 
     | datapath/FE_RC_545_0              | B1 ^ -> ZN v | AOI21_X2 | 0.052 |   3.487 |    3.515 | 
     | datapath/LT_TC_OP_g969            | A v -> ZN ^  | INV_X2   | 0.061 |   3.549 |    3.577 | 
     | datapath/FE_RC_1436_0             | B2 ^ -> ZN v | OAI22_X1 | 0.054 |   3.603 |    3.631 | 
     | datapath/FE_RC_1376_0             | A2 v -> ZN ^ | NOR2_X1  | 0.115 |   3.718 |    3.746 | 
     | datapath/FE_RC_1375_0             | A2 ^ -> ZN v | NAND2_X1 | 0.052 |   3.769 |    3.797 | 
     | datapath/FE_RC_963_0              | A v -> ZN ^  | INV_X1   | 0.039 |   3.808 |    3.837 | 
     | datapath/FE_RC_1418_0             | A1 ^ -> ZN v | NAND3_X1 | 0.045 |   3.853 |    3.881 | 
     | datapath/FE_OFC1403_FE_RN_5_0     | A v -> ZN ^  | INV_X1   | 0.082 |   3.935 |    3.963 | 
     | datapath/FE_RC_1399_0             | A3 ^ -> ZN v | NAND4_X4 | 0.118 |   4.053 |    4.081 | 
     | datapath/g31599                   | A1 v -> ZN ^ | NAND2_X4 | 0.068 |   4.120 |    4.148 | 
     | datapath/g31598                   | A ^ -> ZN v  | OAI21_X4 | 0.047 |   4.168 |    4.196 | 
     | datapath/g21272                   | A1 v -> ZN ^ | NAND2_X4 | 0.122 |   4.289 |    4.318 | 
     | g1070                             | A1 ^ -> ZN v | NAND2_X4 | 0.102 |   4.392 |    4.420 | 
     | datapath/FE_OCPC272_n_63          | A v -> ZN ^  | INV_X16  | 0.099 |   4.490 |    4.519 | 
     | datapath/g40538                   | A1 ^ -> ZN v | NOR2_X1  | 0.038 |   4.529 |    4.557 | 
     | datapath/IFID_instr_reg[31]       | D v          | DFFR_X1  | 0.000 |   4.529 |    4.557 | 
     +------------------------------------------------------------------------------------------+ 
Path 25: MET Setup Check with Pin datapath/IFID_instr_reg[8]/CK 
Endpoint:   datapath/IFID_instr_reg[8]/D        (v) checked with  leading edge 
of 'clk'
Beginpoint: datapath/registers_RF_reg[21][21]/Q (v) triggered by trailing edge 
of 'clk'
Path Groups: {reg2reg}
Analysis View: RPT_SLOW
Other End Arrival Time          0.494
- Setup                         0.135
+ Phase Shift                   4.300
+ CPPR Adjustment               0.000
- Uncertainty                   0.100
= Required Time                 4.560
- Arrival Time                  4.531
= Slack Time                    0.029
     Clock Fall Edge                 2.150
     + Clock Network Latency (Prop)  0.459
     = Beginpoint Arrival Time       2.609
     +------------------------------------------------------------------------------------------+ 
     |             Instance              |     Arc      |   Cell   | Delay | Arrival | Required | 
     |                                   |              |          |       |  Time   |   Time   | 
     |-----------------------------------+--------------+----------+-------+---------+----------| 
     | datapath/registers_RF_reg[21][21] | CK ^         |          |       |   2.609 |    2.637 | 
     | datapath/registers_RF_reg[21][21] | CK ^ -> Q v  | DFFR_X1  | 0.302 |   2.911 |    2.939 | 
     | datapath/g4601                    | A2 v -> ZN ^ | NAND2_X1 | 0.062 |   2.973 |    3.002 | 
     | datapath/FE_RC_1637_0             | A3 ^ -> ZN v | NAND4_X1 | 0.109 |   3.082 |    3.111 | 
     | datapath/g3560                    | A2 v -> ZN ^ | NOR2_X2  | 0.162 |   3.244 |    3.273 | 
     | datapath/FE_RC_1757_0             | A4 ^ -> ZN v | NAND4_X1 | 0.116 |   3.360 |    3.389 | 
     | datapath/FE_OFC996_FE_RN_141_0    | A v -> ZN ^  | INV_X2   | 0.075 |   3.435 |    3.464 | 
     | datapath/FE_RC_545_0              | B1 ^ -> ZN v | AOI21_X2 | 0.052 |   3.487 |    3.516 | 
     | datapath/LT_TC_OP_g969            | A v -> ZN ^  | INV_X2   | 0.061 |   3.549 |    3.577 | 
     | datapath/FE_RC_1436_0             | B2 ^ -> ZN v | OAI22_X1 | 0.054 |   3.603 |    3.631 | 
     | datapath/FE_RC_1376_0             | A2 v -> ZN ^ | NOR2_X1  | 0.115 |   3.718 |    3.746 | 
     | datapath/FE_RC_1375_0             | A2 ^ -> ZN v | NAND2_X1 | 0.052 |   3.769 |    3.798 | 
     | datapath/FE_RC_963_0              | A v -> ZN ^  | INV_X1   | 0.039 |   3.808 |    3.837 | 
     | datapath/FE_RC_1418_0             | A1 ^ -> ZN v | NAND3_X1 | 0.045 |   3.853 |    3.882 | 
     | datapath/FE_OFC1403_FE_RN_5_0     | A v -> ZN ^  | INV_X1   | 0.082 |   3.935 |    3.963 | 
     | datapath/FE_RC_1399_0             | A3 ^ -> ZN v | NAND4_X4 | 0.118 |   4.053 |    4.081 | 
     | datapath/g31599                   | A1 v -> ZN ^ | NAND2_X4 | 0.068 |   4.120 |    4.149 | 
     | datapath/g31598                   | A ^ -> ZN v  | OAI21_X4 | 0.047 |   4.168 |    4.196 | 
     | datapath/g21272                   | A1 v -> ZN ^ | NAND2_X4 | 0.122 |   4.289 |    4.318 | 
     | g1070                             | A1 ^ -> ZN v | NAND2_X4 | 0.102 |   4.392 |    4.421 | 
     | datapath/FE_OCPC272_n_63          | A v -> ZN ^  | INV_X16  | 0.099 |   4.490 |    4.519 | 
     | datapath/g40451                   | A1 ^ -> ZN v | NOR2_X1  | 0.040 |   4.531 |    4.560 | 
     | datapath/IFID_instr_reg[8]        | D v          | DFFR_X1  | 0.000 |   4.531 |    4.560 | 
     +------------------------------------------------------------------------------------------+ 
Path 26: MET Setup Check with Pin datapath/IFID_pc_reg[30]/CK 
Endpoint:   datapath/IFID_pc_reg[30]/D          (v) checked with  leading edge 
of 'clk'
Beginpoint: datapath/registers_RF_reg[21][21]/Q (v) triggered by trailing edge 
of 'clk'
Path Groups: {reg2reg}
Analysis View: RPT_SLOW
Other End Arrival Time          0.492
- Setup                         0.135
+ Phase Shift                   4.300
+ CPPR Adjustment               0.000
- Uncertainty                   0.100
= Required Time                 4.557
- Arrival Time                  4.528
= Slack Time                    0.029
     Clock Fall Edge                 2.150
     + Clock Network Latency (Prop)  0.459
     = Beginpoint Arrival Time       2.609
     +------------------------------------------------------------------------------------------+ 
     |             Instance              |     Arc      |   Cell   | Delay | Arrival | Required | 
     |                                   |              |          |       |  Time   |   Time   | 
     |-----------------------------------+--------------+----------+-------+---------+----------| 
     | datapath/registers_RF_reg[21][21] | CK ^         |          |       |   2.609 |    2.637 | 
     | datapath/registers_RF_reg[21][21] | CK ^ -> Q v  | DFFR_X1  | 0.302 |   2.911 |    2.940 | 
     | datapath/g4601                    | A2 v -> ZN ^ | NAND2_X1 | 0.062 |   2.973 |    3.002 | 
     | datapath/FE_RC_1637_0             | A3 ^ -> ZN v | NAND4_X1 | 0.109 |   3.082 |    3.111 | 
     | datapath/g3560                    | A2 v -> ZN ^ | NOR2_X2  | 0.162 |   3.244 |    3.273 | 
     | datapath/FE_RC_1757_0             | A4 ^ -> ZN v | NAND4_X1 | 0.116 |   3.360 |    3.389 | 
     | datapath/FE_OFC996_FE_RN_141_0    | A v -> ZN ^  | INV_X2   | 0.075 |   3.435 |    3.464 | 
     | datapath/FE_RC_545_0              | B1 ^ -> ZN v | AOI21_X2 | 0.052 |   3.487 |    3.516 | 
     | datapath/LT_TC_OP_g969            | A v -> ZN ^  | INV_X2   | 0.061 |   3.549 |    3.578 | 
     | datapath/FE_RC_1436_0             | B2 ^ -> ZN v | OAI22_X1 | 0.054 |   3.603 |    3.631 | 
     | datapath/FE_RC_1376_0             | A2 v -> ZN ^ | NOR2_X1  | 0.115 |   3.718 |    3.746 | 
     | datapath/FE_RC_1375_0             | A2 ^ -> ZN v | NAND2_X1 | 0.052 |   3.769 |    3.798 | 
     | datapath/FE_RC_963_0              | A v -> ZN ^  | INV_X1   | 0.039 |   3.808 |    3.837 | 
     | datapath/FE_RC_1418_0             | A1 ^ -> ZN v | NAND3_X1 | 0.045 |   3.853 |    3.882 | 
     | datapath/FE_OFC1403_FE_RN_5_0     | A v -> ZN ^  | INV_X1   | 0.082 |   3.935 |    3.963 | 
     | datapath/FE_RC_1399_0             | A3 ^ -> ZN v | NAND4_X4 | 0.118 |   4.053 |    4.081 | 
     | datapath/g31599                   | A1 v -> ZN ^ | NAND2_X4 | 0.068 |   4.120 |    4.149 | 
     | datapath/g31598                   | A ^ -> ZN v  | OAI21_X4 | 0.047 |   4.168 |    4.197 | 
     | datapath/g21272                   | A1 v -> ZN ^ | NAND2_X4 | 0.122 |   4.289 |    4.318 | 
     | g1070                             | A1 ^ -> ZN v | NAND2_X4 | 0.102 |   4.392 |    4.421 | 
     | datapath/FE_OCPC272_n_63          | A v -> ZN ^  | INV_X16  | 0.099 |   4.490 |    4.519 | 
     | datapath/g40544                   | A1 ^ -> ZN v | NOR2_X1  | 0.038 |   4.528 |    4.557 | 
     | datapath/IFID_pc_reg[30]          | D v          | DFFR_X1  | 0.000 |   4.528 |    4.557 | 
     +------------------------------------------------------------------------------------------+ 
Path 27: MET Setup Check with Pin datapath/IFID_pc_reg[29]/CK 
Endpoint:   datapath/IFID_pc_reg[29]/D          (v) checked with  leading edge 
of 'clk'
Beginpoint: datapath/registers_RF_reg[21][21]/Q (v) triggered by trailing edge 
of 'clk'
Path Groups: {reg2reg}
Analysis View: RPT_SLOW
Other End Arrival Time          0.492
- Setup                         0.136
+ Phase Shift                   4.300
+ CPPR Adjustment               0.000
- Uncertainty                   0.100
= Required Time                 4.557
- Arrival Time                  4.528
= Slack Time                    0.029
     Clock Fall Edge                 2.150
     + Clock Network Latency (Prop)  0.459
     = Beginpoint Arrival Time       2.609
     +------------------------------------------------------------------------------------------+ 
     |             Instance              |     Arc      |   Cell   | Delay | Arrival | Required | 
     |                                   |              |          |       |  Time   |   Time   | 
     |-----------------------------------+--------------+----------+-------+---------+----------| 
     | datapath/registers_RF_reg[21][21] | CK ^         |          |       |   2.609 |    2.638 | 
     | datapath/registers_RF_reg[21][21] | CK ^ -> Q v  | DFFR_X1  | 0.302 |   2.911 |    2.940 | 
     | datapath/g4601                    | A2 v -> ZN ^ | NAND2_X1 | 0.062 |   2.973 |    3.002 | 
     | datapath/FE_RC_1637_0             | A3 ^ -> ZN v | NAND4_X1 | 0.109 |   3.082 |    3.111 | 
     | datapath/g3560                    | A2 v -> ZN ^ | NOR2_X2  | 0.162 |   3.244 |    3.273 | 
     | datapath/FE_RC_1757_0             | A4 ^ -> ZN v | NAND4_X1 | 0.116 |   3.360 |    3.390 | 
     | datapath/FE_OFC996_FE_RN_141_0    | A v -> ZN ^  | INV_X2   | 0.075 |   3.435 |    3.465 | 
     | datapath/FE_RC_545_0              | B1 ^ -> ZN v | AOI21_X2 | 0.052 |   3.487 |    3.516 | 
     | datapath/LT_TC_OP_g969            | A v -> ZN ^  | INV_X2   | 0.061 |   3.549 |    3.578 | 
     | datapath/FE_RC_1436_0             | B2 ^ -> ZN v | OAI22_X1 | 0.054 |   3.603 |    3.632 | 
     | datapath/FE_RC_1376_0             | A2 v -> ZN ^ | NOR2_X1  | 0.115 |   3.718 |    3.747 | 
     | datapath/FE_RC_1375_0             | A2 ^ -> ZN v | NAND2_X1 | 0.052 |   3.769 |    3.798 | 
     | datapath/FE_RC_963_0              | A v -> ZN ^  | INV_X1   | 0.039 |   3.808 |    3.838 | 
     | datapath/FE_RC_1418_0             | A1 ^ -> ZN v | NAND3_X1 | 0.045 |   3.853 |    3.882 | 
     | datapath/FE_OFC1403_FE_RN_5_0     | A v -> ZN ^  | INV_X1   | 0.082 |   3.935 |    3.964 | 
     | datapath/FE_RC_1399_0             | A3 ^ -> ZN v | NAND4_X4 | 0.118 |   4.053 |    4.082 | 
     | datapath/g31599                   | A1 v -> ZN ^ | NAND2_X4 | 0.068 |   4.120 |    4.149 | 
     | datapath/g31598                   | A ^ -> ZN v  | OAI21_X4 | 0.047 |   4.168 |    4.197 | 
     | datapath/g21272                   | A1 v -> ZN ^ | NAND2_X4 | 0.122 |   4.289 |    4.319 | 
     | g1070                             | A1 ^ -> ZN v | NAND2_X4 | 0.102 |   4.392 |    4.421 | 
     | datapath/FE_OCPC272_n_63          | A v -> ZN ^  | INV_X16  | 0.099 |   4.490 |    4.520 | 
     | datapath/g40460                   | A1 ^ -> ZN v | NOR2_X1  | 0.037 |   4.528 |    4.557 | 
     | datapath/IFID_pc_reg[29]          | D v          | DFFR_X1  | 0.000 |   4.528 |    4.557 | 
     +------------------------------------------------------------------------------------------+ 
Path 28: MET Setup Check with Pin datapath/IFID_instr_reg[21]/CK 
Endpoint:   datapath/IFID_instr_reg[21]/D       (v) checked with  leading edge 
of 'clk'
Beginpoint: datapath/registers_RF_reg[21][21]/Q (v) triggered by trailing edge 
of 'clk'
Path Groups: {reg2reg}
Analysis View: RPT_SLOW
Other End Arrival Time          0.493
- Setup                         0.135
+ Phase Shift                   4.300
+ CPPR Adjustment               0.000
- Uncertainty                   0.100
= Required Time                 4.559
- Arrival Time                  4.529
= Slack Time                    0.030
     Clock Fall Edge                 2.150
     + Clock Network Latency (Prop)  0.459
     = Beginpoint Arrival Time       2.609
     +------------------------------------------------------------------------------------------+ 
     |             Instance              |     Arc      |   Cell   | Delay | Arrival | Required | 
     |                                   |              |          |       |  Time   |   Time   | 
     |-----------------------------------+--------------+----------+-------+---------+----------| 
     | datapath/registers_RF_reg[21][21] | CK ^         |          |       |   2.609 |    2.638 | 
     | datapath/registers_RF_reg[21][21] | CK ^ -> Q v  | DFFR_X1  | 0.302 |   2.911 |    2.940 | 
     | datapath/g4601                    | A2 v -> ZN ^ | NAND2_X1 | 0.062 |   2.973 |    3.002 | 
     | datapath/FE_RC_1637_0             | A3 ^ -> ZN v | NAND4_X1 | 0.109 |   3.082 |    3.112 | 
     | datapath/g3560                    | A2 v -> ZN ^ | NOR2_X2  | 0.162 |   3.244 |    3.274 | 
     | datapath/FE_RC_1757_0             | A4 ^ -> ZN v | NAND4_X1 | 0.116 |   3.360 |    3.390 | 
     | datapath/FE_OFC996_FE_RN_141_0    | A v -> ZN ^  | INV_X2   | 0.075 |   3.435 |    3.465 | 
     | datapath/FE_RC_545_0              | B1 ^ -> ZN v | AOI21_X2 | 0.052 |   3.487 |    3.517 | 
     | datapath/LT_TC_OP_g969            | A v -> ZN ^  | INV_X2   | 0.061 |   3.549 |    3.578 | 
     | datapath/FE_RC_1436_0             | B2 ^ -> ZN v | OAI22_X1 | 0.054 |   3.603 |    3.632 | 
     | datapath/FE_RC_1376_0             | A2 v -> ZN ^ | NOR2_X1  | 0.115 |   3.718 |    3.747 | 
     | datapath/FE_RC_1375_0             | A2 ^ -> ZN v | NAND2_X1 | 0.052 |   3.769 |    3.799 | 
     | datapath/FE_RC_963_0              | A v -> ZN ^  | INV_X1   | 0.039 |   3.808 |    3.838 | 
     | datapath/FE_RC_1418_0             | A1 ^ -> ZN v | NAND3_X1 | 0.045 |   3.853 |    3.883 | 
     | datapath/FE_OFC1403_FE_RN_5_0     | A v -> ZN ^  | INV_X1   | 0.082 |   3.935 |    3.964 | 
     | datapath/FE_RC_1399_0             | A3 ^ -> ZN v | NAND4_X4 | 0.118 |   4.053 |    4.082 | 
     | datapath/g31599                   | A1 v -> ZN ^ | NAND2_X4 | 0.068 |   4.120 |    4.150 | 
     | datapath/g31598                   | A ^ -> ZN v  | OAI21_X4 | 0.047 |   4.168 |    4.197 | 
     | datapath/g21272                   | A1 v -> ZN ^ | NAND2_X4 | 0.122 |   4.289 |    4.319 | 
     | g1070                             | A1 ^ -> ZN v | NAND2_X4 | 0.102 |   4.392 |    4.421 | 
     | datapath/FE_OCPC272_n_63          | A v -> ZN ^  | INV_X16  | 0.099 |   4.490 |    4.520 | 
     | datapath/g40454                   | A1 ^ -> ZN v | NOR2_X1  | 0.039 |   4.529 |    4.559 | 
     | datapath/IFID_instr_reg[21]       | D v          | DFFR_X1  | 0.000 |   4.529 |    4.559 | 
     +------------------------------------------------------------------------------------------+ 
Path 29: MET Setup Check with Pin datapath/IFID_pc_reg[21]/CK 
Endpoint:   datapath/IFID_pc_reg[21]/D          (v) checked with  leading edge 
of 'clk'
Beginpoint: datapath/registers_RF_reg[21][21]/Q (v) triggered by trailing edge 
of 'clk'
Path Groups: {reg2reg}
Analysis View: RPT_SLOW
Other End Arrival Time          0.493
- Setup                         0.136
+ Phase Shift                   4.300
+ CPPR Adjustment               0.000
- Uncertainty                   0.100
= Required Time                 4.557
- Arrival Time                  4.527
= Slack Time                    0.030
     Clock Fall Edge                 2.150
     + Clock Network Latency (Prop)  0.459
     = Beginpoint Arrival Time       2.609
     +------------------------------------------------------------------------------------------+ 
     |             Instance              |     Arc      |   Cell   | Delay | Arrival | Required | 
     |                                   |              |          |       |  Time   |   Time   | 
     |-----------------------------------+--------------+----------+-------+---------+----------| 
     | datapath/registers_RF_reg[21][21] | CK ^         |          |       |   2.609 |    2.638 | 
     | datapath/registers_RF_reg[21][21] | CK ^ -> Q v  | DFFR_X1  | 0.302 |   2.911 |    2.940 | 
     | datapath/g4601                    | A2 v -> ZN ^ | NAND2_X1 | 0.062 |   2.973 |    3.003 | 
     | datapath/FE_RC_1637_0             | A3 ^ -> ZN v | NAND4_X1 | 0.109 |   3.082 |    3.112 | 
     | datapath/g3560                    | A2 v -> ZN ^ | NOR2_X2  | 0.162 |   3.244 |    3.274 | 
     | datapath/FE_RC_1757_0             | A4 ^ -> ZN v | NAND4_X1 | 0.116 |   3.360 |    3.390 | 
     | datapath/FE_OFC996_FE_RN_141_0    | A v -> ZN ^  | INV_X2   | 0.075 |   3.435 |    3.465 | 
     | datapath/FE_RC_545_0              | B1 ^ -> ZN v | AOI21_X2 | 0.052 |   3.487 |    3.517 | 
     | datapath/LT_TC_OP_g969            | A v -> ZN ^  | INV_X2   | 0.061 |   3.549 |    3.578 | 
     | datapath/FE_RC_1436_0             | B2 ^ -> ZN v | OAI22_X1 | 0.054 |   3.603 |    3.632 | 
     | datapath/FE_RC_1376_0             | A2 v -> ZN ^ | NOR2_X1  | 0.115 |   3.718 |    3.747 | 
     | datapath/FE_RC_1375_0             | A2 ^ -> ZN v | NAND2_X1 | 0.052 |   3.769 |    3.799 | 
     | datapath/FE_RC_963_0              | A v -> ZN ^  | INV_X1   | 0.039 |   3.808 |    3.838 | 
     | datapath/FE_RC_1418_0             | A1 ^ -> ZN v | NAND3_X1 | 0.045 |   3.853 |    3.883 | 
     | datapath/FE_OFC1403_FE_RN_5_0     | A v -> ZN ^  | INV_X1   | 0.082 |   3.935 |    3.964 | 
     | datapath/FE_RC_1399_0             | A3 ^ -> ZN v | NAND4_X4 | 0.118 |   4.053 |    4.082 | 
     | datapath/g31599                   | A1 v -> ZN ^ | NAND2_X4 | 0.068 |   4.120 |    4.150 | 
     | datapath/g31598                   | A ^ -> ZN v  | OAI21_X4 | 0.047 |   4.168 |    4.197 | 
     | datapath/g21272                   | A1 v -> ZN ^ | NAND2_X4 | 0.122 |   4.289 |    4.319 | 
     | g1070                             | A1 ^ -> ZN v | NAND2_X4 | 0.102 |   4.392 |    4.422 | 
     | datapath/FE_OCPC272_n_63          | A v -> ZN ^  | INV_X16  | 0.099 |   4.490 |    4.520 | 
     | datapath/g40520                   | A1 ^ -> ZN v | NOR2_X1  | 0.037 |   4.527 |    4.557 | 
     | datapath/IFID_pc_reg[21]          | D v          | DFFR_X1  | 0.000 |   4.527 |    4.557 | 
     +------------------------------------------------------------------------------------------+ 
Path 30: MET Setup Check with Pin datapath/IFID_pc_reg[1]/CK 
Endpoint:   datapath/IFID_pc_reg[1]/D           (v) checked with  leading edge 
of 'clk'
Beginpoint: datapath/registers_RF_reg[21][21]/Q (v) triggered by trailing edge 
of 'clk'
Path Groups: {reg2reg}
Analysis View: RPT_SLOW
Other End Arrival Time          0.493
- Setup                         0.135
+ Phase Shift                   4.300
+ CPPR Adjustment               0.000
- Uncertainty                   0.100
= Required Time                 4.557
- Arrival Time                  4.526
= Slack Time                    0.031
     Clock Fall Edge                 2.150
     + Clock Network Latency (Prop)  0.459
     = Beginpoint Arrival Time       2.609
     +------------------------------------------------------------------------------------------+ 
     |             Instance              |     Arc      |   Cell   | Delay | Arrival | Required | 
     |                                   |              |          |       |  Time   |   Time   | 
     |-----------------------------------+--------------+----------+-------+---------+----------| 
     | datapath/registers_RF_reg[21][21] | CK ^         |          |       |   2.609 |    2.639 | 
     | datapath/registers_RF_reg[21][21] | CK ^ -> Q v  | DFFR_X1  | 0.302 |   2.911 |    2.942 | 
     | datapath/g4601                    | A2 v -> ZN ^ | NAND2_X1 | 0.062 |   2.973 |    3.004 | 
     | datapath/FE_RC_1637_0             | A3 ^ -> ZN v | NAND4_X1 | 0.109 |   3.082 |    3.113 | 
     | datapath/g3560                    | A2 v -> ZN ^ | NOR2_X2  | 0.162 |   3.244 |    3.275 | 
     | datapath/FE_RC_1757_0             | A4 ^ -> ZN v | NAND4_X1 | 0.116 |   3.360 |    3.391 | 
     | datapath/FE_OFC996_FE_RN_141_0    | A v -> ZN ^  | INV_X2   | 0.075 |   3.435 |    3.466 | 
     | datapath/FE_RC_545_0              | B1 ^ -> ZN v | AOI21_X2 | 0.052 |   3.487 |    3.518 | 
     | datapath/LT_TC_OP_g969            | A v -> ZN ^  | INV_X2   | 0.061 |   3.549 |    3.580 | 
     | datapath/FE_RC_1436_0             | B2 ^ -> ZN v | OAI22_X1 | 0.054 |   3.603 |    3.633 | 
     | datapath/FE_RC_1376_0             | A2 v -> ZN ^ | NOR2_X1  | 0.115 |   3.718 |    3.748 | 
     | datapath/FE_RC_1375_0             | A2 ^ -> ZN v | NAND2_X1 | 0.052 |   3.769 |    3.800 | 
     | datapath/FE_RC_963_0              | A v -> ZN ^  | INV_X1   | 0.039 |   3.808 |    3.839 | 
     | datapath/FE_RC_1418_0             | A1 ^ -> ZN v | NAND3_X1 | 0.045 |   3.853 |    3.884 | 
     | datapath/FE_OFC1403_FE_RN_5_0     | A v -> ZN ^  | INV_X1   | 0.082 |   3.935 |    3.965 | 
     | datapath/FE_RC_1399_0             | A3 ^ -> ZN v | NAND4_X4 | 0.118 |   4.053 |    4.083 | 
     | datapath/g31599                   | A1 v -> ZN ^ | NAND2_X4 | 0.068 |   4.120 |    4.151 | 
     | datapath/g31598                   | A ^ -> ZN v  | OAI21_X4 | 0.047 |   4.168 |    4.199 | 
     | datapath/g21272                   | A1 v -> ZN ^ | NAND2_X4 | 0.122 |   4.289 |    4.320 | 
     | g1070                             | A1 ^ -> ZN v | NAND2_X4 | 0.102 |   4.392 |    4.423 | 
     | datapath/FE_OCPC272_n_63          | A v -> ZN ^  | INV_X16  | 0.099 |   4.490 |    4.521 | 
     | datapath/g40476                   | A1 ^ -> ZN v | NOR2_X1  | 0.036 |   4.526 |    4.557 | 
     | datapath/IFID_pc_reg[1]           | D v          | DFFR_X1  | 0.000 |   4.526 |    4.557 | 
     +------------------------------------------------------------------------------------------+ 
Path 31: MET Setup Check with Pin datapath/IF_pc_reg[20]/CK 
Endpoint:   datapath/IF_pc_reg[20]/D            (v) checked with  leading edge 
of 'clk'
Beginpoint: datapath/registers_RF_reg[21][21]/Q (v) triggered by trailing edge 
of 'clk'
Path Groups: {reg2reg}
Analysis View: RPT_SLOW
Other End Arrival Time          0.528
- Setup                         0.132
+ Phase Shift                   4.300
+ CPPR Adjustment               0.000
- Uncertainty                   0.100
= Required Time                 4.596
- Arrival Time                  4.561
= Slack Time                    0.034
     Clock Fall Edge                 2.150
     + Clock Network Latency (Prop)  0.459
     = Beginpoint Arrival Time       2.609
     +-----------------------------------------------------------------------------------------------------------+ 
     |                      Instance                      |     Arc      |   Cell   | Delay | Arrival | Required | 
     |                                                    |              |          |       |  Time   |   Time   | 
     |----------------------------------------------------+--------------+----------+-------+---------+----------| 
     | datapath/registers_RF_reg[21][21]                  | CK ^         |          |       |   2.609 |    2.643 | 
     | datapath/registers_RF_reg[21][21]                  | CK ^ -> Q v  | DFFR_X1  | 0.302 |   2.911 |    2.945 | 
     | datapath/g4601                                     | A2 v -> ZN ^ | NAND2_X1 | 0.062 |   2.973 |    3.007 | 
     | datapath/FE_RC_1637_0                              | A3 ^ -> ZN v | NAND4_X1 | 0.109 |   3.082 |    3.116 | 
     | datapath/g3560                                     | A2 v -> ZN ^ | NOR2_X2  | 0.162 |   3.244 |    3.279 | 
     | datapath/FE_RC_1757_0                              | A4 ^ -> ZN v | NAND4_X1 | 0.116 |   3.360 |    3.395 | 
     | datapath/FE_OFC996_FE_RN_141_0                     | A v -> ZN ^  | INV_X2   | 0.075 |   3.435 |    3.470 | 
     | datapath/FE_RC_545_0                               | B1 ^ -> ZN v | AOI21_X2 | 0.052 |   3.487 |    3.522 | 
     | datapath/LT_TC_OP_g969                             | A v -> ZN ^  | INV_X2   | 0.061 |   3.549 |    3.583 | 
     | datapath/FE_RC_1436_0                              | B2 ^ -> ZN v | OAI22_X1 | 0.054 |   3.603 |    3.637 | 
     | datapath/FE_RC_1376_0                              | A2 v -> ZN ^ | NOR2_X1  | 0.115 |   3.718 |    3.752 | 
     | datapath/FE_RC_1375_0                              | A2 ^ -> ZN v | NAND2_X1 | 0.052 |   3.769 |    3.804 | 
     | datapath/FE_RC_963_0                               | A v -> ZN ^  | INV_X1   | 0.039 |   3.808 |    3.843 | 
     | datapath/FE_RC_1418_0                              | A1 ^ -> ZN v | NAND3_X1 | 0.045 |   3.853 |    3.887 | 
     | datapath/FE_OFC1403_FE_RN_5_0                      | A v -> ZN ^  | INV_X1   | 0.082 |   3.935 |    3.969 | 
     | datapath/FE_RC_1399_0                              | A3 ^ -> ZN v | NAND4_X4 | 0.118 |   4.053 |    4.087 | 
     | datapath/g31599                                    | A1 v -> ZN ^ | NAND2_X4 | 0.068 |   4.120 |    4.155 | 
     | datapath/g31598                                    | A ^ -> ZN v  | OAI21_X4 | 0.047 |   4.168 |    4.202 | 
     | datapath/g21272                                    | A1 v -> ZN ^ | NAND2_X4 | 0.122 |   4.289 |    4.324 | 
     | datapath/branch_or_inc_4/FE_OFC1400_IFID_takeBranc | A ^ -> ZN v  | INV_X8   | 0.083 |   4.372 |    4.407 | 
     | h                                                  |              |          |       |         |          | 
     | datapath/branch_or_inc_4/g868__7098                | A1 v -> ZN ^ | NAND2_X1 | 0.064 |   4.437 |    4.471 | 
     | datapath/branch_or_inc_4/g834__3680                | A1 ^ -> ZN v | NAND2_X1 | 0.039 |   4.475 |    4.510 | 
     | datapath/FE_RC_525_0                               | A1 v -> ZN ^ | NAND2_X1 | 0.048 |   4.524 |    4.558 | 
     | datapath/FE_RC_524_0                               | A1 ^ -> ZN v | NAND2_X1 | 0.038 |   4.561 |    4.596 | 
     | datapath/IF_pc_reg[20]                             | D v          | DFFR_X1  | 0.000 |   4.561 |    4.596 | 
     +-----------------------------------------------------------------------------------------------------------+ 
Path 32: MET Setup Check with Pin datapath/IFID_instr_reg[2]/CK 
Endpoint:   datapath/IFID_instr_reg[2]/D        (v) checked with  leading edge 
of 'clk'
Beginpoint: datapath/registers_RF_reg[21][21]/Q (v) triggered by trailing edge 
of 'clk'
Path Groups: {reg2reg}
Analysis View: RPT_SLOW
Other End Arrival Time          0.503
- Setup                         0.131
+ Phase Shift                   4.300
+ CPPR Adjustment               0.000
- Uncertainty                   0.100
= Required Time                 4.572
- Arrival Time                  4.533
= Slack Time                    0.040
     Clock Fall Edge                 2.150
     + Clock Network Latency (Prop)  0.459
     = Beginpoint Arrival Time       2.609
     +------------------------------------------------------------------------------------------+ 
     |             Instance              |     Arc      |   Cell   | Delay | Arrival | Required | 
     |                                   |              |          |       |  Time   |   Time   | 
     |-----------------------------------+--------------+----------+-------+---------+----------| 
     | datapath/registers_RF_reg[21][21] | CK ^         |          |       |   2.609 |    2.648 | 
     | datapath/registers_RF_reg[21][21] | CK ^ -> Q v  | DFFR_X1  | 0.302 |   2.911 |    2.950 | 
     | datapath/g4601                    | A2 v -> ZN ^ | NAND2_X1 | 0.062 |   2.973 |    3.013 | 
     | datapath/FE_RC_1637_0             | A3 ^ -> ZN v | NAND4_X1 | 0.109 |   3.082 |    3.122 | 
     | datapath/g3560                    | A2 v -> ZN ^ | NOR2_X2  | 0.162 |   3.244 |    3.284 | 
     | datapath/FE_RC_1757_0             | A4 ^ -> ZN v | NAND4_X1 | 0.116 |   3.360 |    3.400 | 
     | datapath/FE_OFC996_FE_RN_141_0    | A v -> ZN ^  | INV_X2   | 0.075 |   3.435 |    3.475 | 
     | datapath/FE_RC_545_0              | B1 ^ -> ZN v | AOI21_X2 | 0.052 |   3.487 |    3.527 | 
     | datapath/LT_TC_OP_g969            | A v -> ZN ^  | INV_X2   | 0.061 |   3.549 |    3.588 | 
     | datapath/FE_RC_1436_0             | B2 ^ -> ZN v | OAI22_X1 | 0.054 |   3.603 |    3.642 | 
     | datapath/FE_RC_1376_0             | A2 v -> ZN ^ | NOR2_X1  | 0.115 |   3.718 |    3.757 | 
     | datapath/FE_RC_1375_0             | A2 ^ -> ZN v | NAND2_X1 | 0.052 |   3.769 |    3.809 | 
     | datapath/FE_RC_963_0              | A v -> ZN ^  | INV_X1   | 0.039 |   3.808 |    3.848 | 
     | datapath/FE_RC_1418_0             | A1 ^ -> ZN v | NAND3_X1 | 0.045 |   3.853 |    3.893 | 
     | datapath/FE_OFC1403_FE_RN_5_0     | A v -> ZN ^  | INV_X1   | 0.082 |   3.935 |    3.974 | 
     | datapath/FE_RC_1399_0             | A3 ^ -> ZN v | NAND4_X4 | 0.118 |   4.053 |    4.092 | 
     | datapath/g31599                   | A1 v -> ZN ^ | NAND2_X4 | 0.068 |   4.120 |    4.160 | 
     | datapath/g31598                   | A ^ -> ZN v  | OAI21_X4 | 0.047 |   4.168 |    4.207 | 
     | datapath/g21272                   | A1 v -> ZN ^ | NAND2_X4 | 0.122 |   4.289 |    4.329 | 
     | g1070                             | A1 ^ -> ZN v | NAND2_X4 | 0.102 |   4.392 |    4.431 | 
     | datapath/FE_OCPC272_n_63          | A v -> ZN ^  | INV_X16  | 0.099 |   4.490 |    4.530 | 
     | datapath/g40478                   | A1 ^ -> ZN v | NOR2_X1  | 0.042 |   4.533 |    4.572 | 
     | datapath/IFID_instr_reg[2]        | D v          | DFFR_X1  | 0.000 |   4.533 |    4.572 | 
     +------------------------------------------------------------------------------------------+ 
Path 33: MET Setup Check with Pin datapath/IFID_instr_reg[0]/CK 
Endpoint:   datapath/IFID_instr_reg[0]/D        (v) checked with  leading edge 
of 'clk'
Beginpoint: datapath/registers_RF_reg[21][21]/Q (v) triggered by trailing edge 
of 'clk'
Path Groups: {reg2reg}
Analysis View: RPT_SLOW
Other End Arrival Time          0.502
- Setup                         0.131
+ Phase Shift                   4.300
+ CPPR Adjustment               0.000
- Uncertainty                   0.100
= Required Time                 4.571
- Arrival Time                  4.531
= Slack Time                    0.040
     Clock Fall Edge                 2.150
     + Clock Network Latency (Prop)  0.459
     = Beginpoint Arrival Time       2.609
     +------------------------------------------------------------------------------------------+ 
     |             Instance              |     Arc      |   Cell   | Delay | Arrival | Required | 
     |                                   |              |          |       |  Time   |   Time   | 
     |-----------------------------------+--------------+----------+-------+---------+----------| 
     | datapath/registers_RF_reg[21][21] | CK ^         |          |       |   2.609 |    2.648 | 
     | datapath/registers_RF_reg[21][21] | CK ^ -> Q v  | DFFR_X1  | 0.302 |   2.911 |    2.950 | 
     | datapath/g4601                    | A2 v -> ZN ^ | NAND2_X1 | 0.062 |   2.973 |    3.013 | 
     | datapath/FE_RC_1637_0             | A3 ^ -> ZN v | NAND4_X1 | 0.109 |   3.082 |    3.122 | 
     | datapath/g3560                    | A2 v -> ZN ^ | NOR2_X2  | 0.162 |   3.244 |    3.284 | 
     | datapath/FE_RC_1757_0             | A4 ^ -> ZN v | NAND4_X1 | 0.116 |   3.360 |    3.400 | 
     | datapath/FE_OFC996_FE_RN_141_0    | A v -> ZN ^  | INV_X2   | 0.075 |   3.435 |    3.475 | 
     | datapath/FE_RC_545_0              | B1 ^ -> ZN v | AOI21_X2 | 0.052 |   3.487 |    3.527 | 
     | datapath/LT_TC_OP_g969            | A v -> ZN ^  | INV_X2   | 0.061 |   3.549 |    3.588 | 
     | datapath/FE_RC_1436_0             | B2 ^ -> ZN v | OAI22_X1 | 0.054 |   3.603 |    3.642 | 
     | datapath/FE_RC_1376_0             | A2 v -> ZN ^ | NOR2_X1  | 0.115 |   3.718 |    3.757 | 
     | datapath/FE_RC_1375_0             | A2 ^ -> ZN v | NAND2_X1 | 0.052 |   3.769 |    3.809 | 
     | datapath/FE_RC_963_0              | A v -> ZN ^  | INV_X1   | 0.039 |   3.808 |    3.848 | 
     | datapath/FE_RC_1418_0             | A1 ^ -> ZN v | NAND3_X1 | 0.045 |   3.853 |    3.893 | 
     | datapath/FE_OFC1403_FE_RN_5_0     | A v -> ZN ^  | INV_X1   | 0.082 |   3.935 |    3.974 | 
     | datapath/FE_RC_1399_0             | A3 ^ -> ZN v | NAND4_X4 | 0.118 |   4.053 |    4.092 | 
     | datapath/g31599                   | A1 v -> ZN ^ | NAND2_X4 | 0.068 |   4.120 |    4.160 | 
     | datapath/g31598                   | A ^ -> ZN v  | OAI21_X4 | 0.047 |   4.168 |    4.207 | 
     | datapath/g21272                   | A1 v -> ZN ^ | NAND2_X4 | 0.122 |   4.289 |    4.329 | 
     | g1070                             | A1 ^ -> ZN v | NAND2_X4 | 0.102 |   4.392 |    4.432 | 
     | datapath/FE_OCPC272_n_63          | A v -> ZN ^  | INV_X16  | 0.099 |   4.490 |    4.530 | 
     | datapath/g40467                   | A1 ^ -> ZN v | NOR2_X1  | 0.041 |   4.531 |    4.571 | 
     | datapath/IFID_instr_reg[0]        | D v          | DFFR_X1  | 0.000 |   4.531 |    4.571 | 
     +------------------------------------------------------------------------------------------+ 
Path 34: MET Setup Check with Pin datapath/IFID_pc_reg[28]/CK 
Endpoint:   datapath/IFID_pc_reg[28]/D          (v) checked with  leading edge 
of 'clk'
Beginpoint: datapath/registers_RF_reg[21][21]/Q (v) triggered by trailing edge 
of 'clk'
Path Groups: {reg2reg}
Analysis View: RPT_SLOW
Other End Arrival Time          0.503
- Setup                         0.131
+ Phase Shift                   4.300
+ CPPR Adjustment               0.000
- Uncertainty                   0.100
= Required Time                 4.572
- Arrival Time                  4.532
= Slack Time                    0.040
     Clock Fall Edge                 2.150
     + Clock Network Latency (Prop)  0.459
     = Beginpoint Arrival Time       2.609
     +------------------------------------------------------------------------------------------+ 
     |             Instance              |     Arc      |   Cell   | Delay | Arrival | Required | 
     |                                   |              |          |       |  Time   |   Time   | 
     |-----------------------------------+--------------+----------+-------+---------+----------| 
     | datapath/registers_RF_reg[21][21] | CK ^         |          |       |   2.609 |    2.649 | 
     | datapath/registers_RF_reg[21][21] | CK ^ -> Q v  | DFFR_X1  | 0.302 |   2.911 |    2.951 | 
     | datapath/g4601                    | A2 v -> ZN ^ | NAND2_X1 | 0.062 |   2.973 |    3.013 | 
     | datapath/FE_RC_1637_0             | A3 ^ -> ZN v | NAND4_X1 | 0.109 |   3.082 |    3.122 | 
     | datapath/g3560                    | A2 v -> ZN ^ | NOR2_X2  | 0.162 |   3.244 |    3.284 | 
     | datapath/FE_RC_1757_0             | A4 ^ -> ZN v | NAND4_X1 | 0.116 |   3.360 |    3.400 | 
     | datapath/FE_OFC996_FE_RN_141_0    | A v -> ZN ^  | INV_X2   | 0.075 |   3.435 |    3.475 | 
     | datapath/FE_RC_545_0              | B1 ^ -> ZN v | AOI21_X2 | 0.052 |   3.487 |    3.527 | 
     | datapath/LT_TC_OP_g969            | A v -> ZN ^  | INV_X2   | 0.061 |   3.549 |    3.589 | 
     | datapath/FE_RC_1436_0             | B2 ^ -> ZN v | OAI22_X1 | 0.054 |   3.603 |    3.643 | 
     | datapath/FE_RC_1376_0             | A2 v -> ZN ^ | NOR2_X1  | 0.115 |   3.718 |    3.758 | 
     | datapath/FE_RC_1375_0             | A2 ^ -> ZN v | NAND2_X1 | 0.052 |   3.769 |    3.809 | 
     | datapath/FE_RC_963_0              | A v -> ZN ^  | INV_X1   | 0.039 |   3.808 |    3.849 | 
     | datapath/FE_RC_1418_0             | A1 ^ -> ZN v | NAND3_X1 | 0.045 |   3.853 |    3.893 | 
     | datapath/FE_OFC1403_FE_RN_5_0     | A v -> ZN ^  | INV_X1   | 0.082 |   3.935 |    3.975 | 
     | datapath/FE_RC_1399_0             | A3 ^ -> ZN v | NAND4_X4 | 0.118 |   4.053 |    4.093 | 
     | datapath/g31599                   | A1 v -> ZN ^ | NAND2_X4 | 0.068 |   4.120 |    4.160 | 
     | datapath/g31598                   | A ^ -> ZN v  | OAI21_X4 | 0.047 |   4.168 |    4.208 | 
     | datapath/g21272                   | A1 v -> ZN ^ | NAND2_X4 | 0.122 |   4.289 |    4.329 | 
     | g1070                             | A1 ^ -> ZN v | NAND2_X4 | 0.102 |   4.392 |    4.432 | 
     | datapath/FE_OCPC272_n_63          | A v -> ZN ^  | INV_X16  | 0.099 |   4.490 |    4.531 | 
     | datapath/g40543                   | A1 ^ -> ZN v | NOR2_X1  | 0.041 |   4.532 |    4.572 | 
     | datapath/IFID_pc_reg[28]          | D v          | DFFR_X1  | 0.000 |   4.532 |    4.572 | 
     +------------------------------------------------------------------------------------------+ 
Path 35: MET Setup Check with Pin datapath/IFID_instr_reg[3]/CK 
Endpoint:   datapath/IFID_instr_reg[3]/D        (v) checked with  leading edge 
of 'clk'
Beginpoint: datapath/registers_RF_reg[21][21]/Q (v) triggered by trailing edge 
of 'clk'
Path Groups: {reg2reg}
Analysis View: RPT_SLOW
Other End Arrival Time          0.503
- Setup                         0.131
+ Phase Shift                   4.300
+ CPPR Adjustment               0.000
- Uncertainty                   0.100
= Required Time                 4.572
- Arrival Time                  4.532
= Slack Time                    0.040
     Clock Fall Edge                 2.150
     + Clock Network Latency (Prop)  0.459
     = Beginpoint Arrival Time       2.609
     +------------------------------------------------------------------------------------------+ 
     |             Instance              |     Arc      |   Cell   | Delay | Arrival | Required | 
     |                                   |              |          |       |  Time   |   Time   | 
     |-----------------------------------+--------------+----------+-------+---------+----------| 
     | datapath/registers_RF_reg[21][21] | CK ^         |          |       |   2.609 |    2.649 | 
     | datapath/registers_RF_reg[21][21] | CK ^ -> Q v  | DFFR_X1  | 0.302 |   2.911 |    2.951 | 
     | datapath/g4601                    | A2 v -> ZN ^ | NAND2_X1 | 0.062 |   2.973 |    3.013 | 
     | datapath/FE_RC_1637_0             | A3 ^ -> ZN v | NAND4_X1 | 0.109 |   3.082 |    3.122 | 
     | datapath/g3560                    | A2 v -> ZN ^ | NOR2_X2  | 0.162 |   3.244 |    3.284 | 
     | datapath/FE_RC_1757_0             | A4 ^ -> ZN v | NAND4_X1 | 0.116 |   3.360 |    3.401 | 
     | datapath/FE_OFC996_FE_RN_141_0    | A v -> ZN ^  | INV_X2   | 0.075 |   3.435 |    3.476 | 
     | datapath/FE_RC_545_0              | B1 ^ -> ZN v | AOI21_X2 | 0.052 |   3.487 |    3.527 | 
     | datapath/LT_TC_OP_g969            | A v -> ZN ^  | INV_X2   | 0.061 |   3.549 |    3.589 | 
     | datapath/FE_RC_1436_0             | B2 ^ -> ZN v | OAI22_X1 | 0.054 |   3.603 |    3.643 | 
     | datapath/FE_RC_1376_0             | A2 v -> ZN ^ | NOR2_X1  | 0.115 |   3.718 |    3.758 | 
     | datapath/FE_RC_1375_0             | A2 ^ -> ZN v | NAND2_X1 | 0.052 |   3.769 |    3.809 | 
     | datapath/FE_RC_963_0              | A v -> ZN ^  | INV_X1   | 0.039 |   3.808 |    3.849 | 
     | datapath/FE_RC_1418_0             | A1 ^ -> ZN v | NAND3_X1 | 0.045 |   3.853 |    3.893 | 
     | datapath/FE_OFC1403_FE_RN_5_0     | A v -> ZN ^  | INV_X1   | 0.082 |   3.935 |    3.975 | 
     | datapath/FE_RC_1399_0             | A3 ^ -> ZN v | NAND4_X4 | 0.118 |   4.053 |    4.093 | 
     | datapath/g31599                   | A1 v -> ZN ^ | NAND2_X4 | 0.068 |   4.120 |    4.160 | 
     | datapath/g31598                   | A ^ -> ZN v  | OAI21_X4 | 0.047 |   4.168 |    4.208 | 
     | datapath/g21272                   | A1 v -> ZN ^ | NAND2_X4 | 0.122 |   4.289 |    4.330 | 
     | g1070                             | A1 ^ -> ZN v | NAND2_X4 | 0.102 |   4.392 |    4.432 | 
     | datapath/FE_OCPC272_n_63          | A v -> ZN ^  | INV_X16  | 0.099 |   4.490 |    4.531 | 
     | datapath/g40529                   | A1 ^ -> ZN v | NOR2_X1  | 0.042 |   4.532 |    4.572 | 
     | datapath/IFID_instr_reg[3]        | D v          | DFFR_X1  | 0.000 |   4.532 |    4.572 | 
     +------------------------------------------------------------------------------------------+ 
Path 36: MET Setup Check with Pin datapath/IFID_instr_reg[6]/CK 
Endpoint:   datapath/IFID_instr_reg[6]/D        (v) checked with  leading edge 
of 'clk'
Beginpoint: datapath/registers_RF_reg[21][21]/Q (v) triggered by trailing edge 
of 'clk'
Path Groups: {reg2reg}
Analysis View: RPT_SLOW
Other End Arrival Time          0.503
- Setup                         0.131
+ Phase Shift                   4.300
+ CPPR Adjustment               0.000
- Uncertainty                   0.100
= Required Time                 4.572
- Arrival Time                  4.532
= Slack Time                    0.040
     Clock Fall Edge                 2.150
     + Clock Network Latency (Prop)  0.459
     = Beginpoint Arrival Time       2.609
     +------------------------------------------------------------------------------------------+ 
     |             Instance              |     Arc      |   Cell   | Delay | Arrival | Required | 
     |                                   |              |          |       |  Time   |   Time   | 
     |-----------------------------------+--------------+----------+-------+---------+----------| 
     | datapath/registers_RF_reg[21][21] | CK ^         |          |       |   2.609 |    2.649 | 
     | datapath/registers_RF_reg[21][21] | CK ^ -> Q v  | DFFR_X1  | 0.302 |   2.911 |    2.951 | 
     | datapath/g4601                    | A2 v -> ZN ^ | NAND2_X1 | 0.062 |   2.973 |    3.013 | 
     | datapath/FE_RC_1637_0             | A3 ^ -> ZN v | NAND4_X1 | 0.109 |   3.082 |    3.122 | 
     | datapath/g3560                    | A2 v -> ZN ^ | NOR2_X2  | 0.162 |   3.244 |    3.284 | 
     | datapath/FE_RC_1757_0             | A4 ^ -> ZN v | NAND4_X1 | 0.116 |   3.360 |    3.401 | 
     | datapath/FE_OFC996_FE_RN_141_0    | A v -> ZN ^  | INV_X2   | 0.075 |   3.435 |    3.476 | 
     | datapath/FE_RC_545_0              | B1 ^ -> ZN v | AOI21_X2 | 0.052 |   3.487 |    3.528 | 
     | datapath/LT_TC_OP_g969            | A v -> ZN ^  | INV_X2   | 0.061 |   3.549 |    3.589 | 
     | datapath/FE_RC_1436_0             | B2 ^ -> ZN v | OAI22_X1 | 0.054 |   3.603 |    3.643 | 
     | datapath/FE_RC_1376_0             | A2 v -> ZN ^ | NOR2_X1  | 0.115 |   3.718 |    3.758 | 
     | datapath/FE_RC_1375_0             | A2 ^ -> ZN v | NAND2_X1 | 0.052 |   3.769 |    3.810 | 
     | datapath/FE_RC_963_0              | A v -> ZN ^  | INV_X1   | 0.039 |   3.808 |    3.849 | 
     | datapath/FE_RC_1418_0             | A1 ^ -> ZN v | NAND3_X1 | 0.045 |   3.853 |    3.893 | 
     | datapath/FE_OFC1403_FE_RN_5_0     | A v -> ZN ^  | INV_X1   | 0.082 |   3.935 |    3.975 | 
     | datapath/FE_RC_1399_0             | A3 ^ -> ZN v | NAND4_X4 | 0.118 |   4.053 |    4.093 | 
     | datapath/g31599                   | A1 v -> ZN ^ | NAND2_X4 | 0.068 |   4.120 |    4.161 | 
     | datapath/g31598                   | A ^ -> ZN v  | OAI21_X4 | 0.047 |   4.168 |    4.208 | 
     | datapath/g21272                   | A1 v -> ZN ^ | NAND2_X4 | 0.122 |   4.289 |    4.330 | 
     | g1070                             | A1 ^ -> ZN v | NAND2_X4 | 0.102 |   4.392 |    4.432 | 
     | datapath/FE_OCPC272_n_63          | A v -> ZN ^  | INV_X16  | 0.099 |   4.490 |    4.531 | 
     | datapath/g40547                   | A1 ^ -> ZN v | NOR2_X1  | 0.041 |   4.532 |    4.572 | 
     | datapath/IFID_instr_reg[6]        | D v          | DFFR_X1  | 0.000 |   4.532 |    4.572 | 
     +------------------------------------------------------------------------------------------+ 
Path 37: MET Setup Check with Pin datapath/IFID_pc_reg[23]/CK 
Endpoint:   datapath/IFID_pc_reg[23]/D          (v) checked with  leading edge 
of 'clk'
Beginpoint: datapath/registers_RF_reg[21][21]/Q (v) triggered by trailing edge 
of 'clk'
Path Groups: {reg2reg}
Analysis View: RPT_SLOW
Other End Arrival Time          0.504
- Setup                         0.131
+ Phase Shift                   4.300
+ CPPR Adjustment               0.000
- Uncertainty                   0.100
= Required Time                 4.572
- Arrival Time                  4.532
= Slack Time                    0.041
     Clock Fall Edge                 2.150
     + Clock Network Latency (Prop)  0.459
     = Beginpoint Arrival Time       2.609
     +------------------------------------------------------------------------------------------+ 
     |             Instance              |     Arc      |   Cell   | Delay | Arrival | Required | 
     |                                   |              |          |       |  Time   |   Time   | 
     |-----------------------------------+--------------+----------+-------+---------+----------| 
     | datapath/registers_RF_reg[21][21] | CK ^         |          |       |   2.609 |    2.649 | 
     | datapath/registers_RF_reg[21][21] | CK ^ -> Q v  | DFFR_X1  | 0.302 |   2.911 |    2.951 | 
     | datapath/g4601                    | A2 v -> ZN ^ | NAND2_X1 | 0.062 |   2.973 |    3.014 | 
     | datapath/FE_RC_1637_0             | A3 ^ -> ZN v | NAND4_X1 | 0.109 |   3.082 |    3.123 | 
     | datapath/g3560                    | A2 v -> ZN ^ | NOR2_X2  | 0.162 |   3.244 |    3.285 | 
     | datapath/FE_RC_1757_0             | A4 ^ -> ZN v | NAND4_X1 | 0.116 |   3.360 |    3.401 | 
     | datapath/FE_OFC996_FE_RN_141_0    | A v -> ZN ^  | INV_X2   | 0.075 |   3.435 |    3.476 | 
     | datapath/FE_RC_545_0              | B1 ^ -> ZN v | AOI21_X2 | 0.052 |   3.487 |    3.528 | 
     | datapath/LT_TC_OP_g969            | A v -> ZN ^  | INV_X2   | 0.061 |   3.549 |    3.589 | 
     | datapath/FE_RC_1436_0             | B2 ^ -> ZN v | OAI22_X1 | 0.054 |   3.603 |    3.643 | 
     | datapath/FE_RC_1376_0             | A2 v -> ZN ^ | NOR2_X1  | 0.115 |   3.718 |    3.758 | 
     | datapath/FE_RC_1375_0             | A2 ^ -> ZN v | NAND2_X1 | 0.052 |   3.769 |    3.810 | 
     | datapath/FE_RC_963_0              | A v -> ZN ^  | INV_X1   | 0.039 |   3.808 |    3.849 | 
     | datapath/FE_RC_1418_0             | A1 ^ -> ZN v | NAND3_X1 | 0.045 |   3.853 |    3.894 | 
     | datapath/FE_OFC1403_FE_RN_5_0     | A v -> ZN ^  | INV_X1   | 0.082 |   3.935 |    3.975 | 
     | datapath/FE_RC_1399_0             | A3 ^ -> ZN v | NAND4_X4 | 0.118 |   4.053 |    4.093 | 
     | datapath/g31599                   | A1 v -> ZN ^ | NAND2_X4 | 0.068 |   4.120 |    4.161 | 
     | datapath/g31598                   | A ^ -> ZN v  | OAI21_X4 | 0.047 |   4.168 |    4.208 | 
     | datapath/g21272                   | A1 v -> ZN ^ | NAND2_X4 | 0.122 |   4.289 |    4.330 | 
     | g1070                             | A1 ^ -> ZN v | NAND2_X4 | 0.102 |   4.392 |    4.432 | 
     | datapath/FE_OCPC272_n_63          | A v -> ZN ^  | INV_X16  | 0.099 |   4.490 |    4.531 | 
     | datapath/g40540                   | A1 ^ -> ZN v | NOR2_X1  | 0.041 |   4.532 |    4.572 | 
     | datapath/IFID_pc_reg[23]          | D v          | DFFR_X1  | 0.000 |   4.532 |    4.572 | 
     +------------------------------------------------------------------------------------------+ 
Path 38: MET Setup Check with Pin datapath/IFID_instr_reg[9]/CK 
Endpoint:   datapath/IFID_instr_reg[9]/D        (v) checked with  leading edge 
of 'clk'
Beginpoint: datapath/registers_RF_reg[21][21]/Q (v) triggered by trailing edge 
of 'clk'
Path Groups: {reg2reg}
Analysis View: RPT_SLOW
Other End Arrival Time          0.503
- Setup                         0.131
+ Phase Shift                   4.300
+ CPPR Adjustment               0.000
- Uncertainty                   0.100
= Required Time                 4.572
- Arrival Time                  4.532
= Slack Time                    0.041
     Clock Fall Edge                 2.150
     + Clock Network Latency (Prop)  0.459
     = Beginpoint Arrival Time       2.609
     +------------------------------------------------------------------------------------------+ 
     |             Instance              |     Arc      |   Cell   | Delay | Arrival | Required | 
     |                                   |              |          |       |  Time   |   Time   | 
     |-----------------------------------+--------------+----------+-------+---------+----------| 
     | datapath/registers_RF_reg[21][21] | CK ^         |          |       |   2.609 |    2.649 | 
     | datapath/registers_RF_reg[21][21] | CK ^ -> Q v  | DFFR_X1  | 0.302 |   2.911 |    2.951 | 
     | datapath/g4601                    | A2 v -> ZN ^ | NAND2_X1 | 0.062 |   2.973 |    3.014 | 
     | datapath/FE_RC_1637_0             | A3 ^ -> ZN v | NAND4_X1 | 0.109 |   3.082 |    3.123 | 
     | datapath/g3560                    | A2 v -> ZN ^ | NOR2_X2  | 0.162 |   3.244 |    3.285 | 
     | datapath/FE_RC_1757_0             | A4 ^ -> ZN v | NAND4_X1 | 0.116 |   3.360 |    3.401 | 
     | datapath/FE_OFC996_FE_RN_141_0    | A v -> ZN ^  | INV_X2   | 0.075 |   3.435 |    3.476 | 
     | datapath/FE_RC_545_0              | B1 ^ -> ZN v | AOI21_X2 | 0.052 |   3.487 |    3.528 | 
     | datapath/LT_TC_OP_g969            | A v -> ZN ^  | INV_X2   | 0.061 |   3.549 |    3.589 | 
     | datapath/FE_RC_1436_0             | B2 ^ -> ZN v | OAI22_X1 | 0.054 |   3.603 |    3.643 | 
     | datapath/FE_RC_1376_0             | A2 v -> ZN ^ | NOR2_X1  | 0.115 |   3.718 |    3.758 | 
     | datapath/FE_RC_1375_0             | A2 ^ -> ZN v | NAND2_X1 | 0.052 |   3.769 |    3.810 | 
     | datapath/FE_RC_963_0              | A v -> ZN ^  | INV_X1   | 0.039 |   3.808 |    3.849 | 
     | datapath/FE_RC_1418_0             | A1 ^ -> ZN v | NAND3_X1 | 0.045 |   3.853 |    3.894 | 
     | datapath/FE_OFC1403_FE_RN_5_0     | A v -> ZN ^  | INV_X1   | 0.082 |   3.935 |    3.975 | 
     | datapath/FE_RC_1399_0             | A3 ^ -> ZN v | NAND4_X4 | 0.118 |   4.053 |    4.093 | 
     | datapath/g31599                   | A1 v -> ZN ^ | NAND2_X4 | 0.068 |   4.120 |    4.161 | 
     | datapath/g31598                   | A ^ -> ZN v  | OAI21_X4 | 0.047 |   4.168 |    4.208 | 
     | datapath/g21272                   | A1 v -> ZN ^ | NAND2_X4 | 0.122 |   4.289 |    4.330 | 
     | g1070                             | A1 ^ -> ZN v | NAND2_X4 | 0.102 |   4.392 |    4.432 | 
     | datapath/FE_OCPC272_n_63          | A v -> ZN ^  | INV_X16  | 0.099 |   4.490 |    4.531 | 
     | datapath/g40459                   | A1 ^ -> ZN v | NOR2_X1  | 0.041 |   4.532 |    4.572 | 
     | datapath/IFID_instr_reg[9]        | D v          | DFFR_X1  | 0.000 |   4.532 |    4.572 | 
     +------------------------------------------------------------------------------------------+ 
Path 39: MET Setup Check with Pin datapath/IFID_instr_reg[5]/CK 
Endpoint:   datapath/IFID_instr_reg[5]/D        (v) checked with  leading edge 
of 'clk'
Beginpoint: datapath/registers_RF_reg[21][21]/Q (v) triggered by trailing edge 
of 'clk'
Path Groups: {reg2reg}
Analysis View: RPT_SLOW
Other End Arrival Time          0.503
- Setup                         0.131
+ Phase Shift                   4.300
+ CPPR Adjustment               0.000
- Uncertainty                   0.100
= Required Time                 4.572
- Arrival Time                  4.531
= Slack Time                    0.041
     Clock Fall Edge                 2.150
     + Clock Network Latency (Prop)  0.459
     = Beginpoint Arrival Time       2.609
     +------------------------------------------------------------------------------------------+ 
     |             Instance              |     Arc      |   Cell   | Delay | Arrival | Required | 
     |                                   |              |          |       |  Time   |   Time   | 
     |-----------------------------------+--------------+----------+-------+---------+----------| 
     | datapath/registers_RF_reg[21][21] | CK ^         |          |       |   2.609 |    2.649 | 
     | datapath/registers_RF_reg[21][21] | CK ^ -> Q v  | DFFR_X1  | 0.302 |   2.911 |    2.952 | 
     | datapath/g4601                    | A2 v -> ZN ^ | NAND2_X1 | 0.062 |   2.973 |    3.014 | 
     | datapath/FE_RC_1637_0             | A3 ^ -> ZN v | NAND4_X1 | 0.109 |   3.082 |    3.123 | 
     | datapath/g3560                    | A2 v -> ZN ^ | NOR2_X2  | 0.162 |   3.244 |    3.285 | 
     | datapath/FE_RC_1757_0             | A4 ^ -> ZN v | NAND4_X1 | 0.116 |   3.360 |    3.401 | 
     | datapath/FE_OFC996_FE_RN_141_0    | A v -> ZN ^  | INV_X2   | 0.075 |   3.435 |    3.476 | 
     | datapath/FE_RC_545_0              | B1 ^ -> ZN v | AOI21_X2 | 0.052 |   3.487 |    3.528 | 
     | datapath/LT_TC_OP_g969            | A v -> ZN ^  | INV_X2   | 0.061 |   3.549 |    3.590 | 
     | datapath/FE_RC_1436_0             | B2 ^ -> ZN v | OAI22_X1 | 0.054 |   3.603 |    3.643 | 
     | datapath/FE_RC_1376_0             | A2 v -> ZN ^ | NOR2_X1  | 0.115 |   3.718 |    3.758 | 
     | datapath/FE_RC_1375_0             | A2 ^ -> ZN v | NAND2_X1 | 0.052 |   3.769 |    3.810 | 
     | datapath/FE_RC_963_0              | A v -> ZN ^  | INV_X1   | 0.039 |   3.808 |    3.849 | 
     | datapath/FE_RC_1418_0             | A1 ^ -> ZN v | NAND3_X1 | 0.045 |   3.853 |    3.894 | 
     | datapath/FE_OFC1403_FE_RN_5_0     | A v -> ZN ^  | INV_X1   | 0.082 |   3.935 |    3.975 | 
     | datapath/FE_RC_1399_0             | A3 ^ -> ZN v | NAND4_X4 | 0.118 |   4.053 |    4.093 | 
     | datapath/g31599                   | A1 v -> ZN ^ | NAND2_X4 | 0.068 |   4.120 |    4.161 | 
     | datapath/g31598                   | A ^ -> ZN v  | OAI21_X4 | 0.047 |   4.168 |    4.209 | 
     | datapath/g21272                   | A1 v -> ZN ^ | NAND2_X4 | 0.122 |   4.289 |    4.330 | 
     | g1070                             | A1 ^ -> ZN v | NAND2_X4 | 0.102 |   4.392 |    4.433 | 
     | datapath/FE_OCPC272_n_63          | A v -> ZN ^  | INV_X16  | 0.099 |   4.490 |    4.531 | 
     | datapath/g40546                   | A1 ^ -> ZN v | NOR2_X1  | 0.041 |   4.531 |    4.572 | 
     | datapath/IFID_instr_reg[5]        | D v          | DFFR_X1  | 0.000 |   4.531 |    4.572 | 
     +------------------------------------------------------------------------------------------+ 
Path 40: MET Setup Check with Pin datapath/IFID_instr_reg[7]/CK 
Endpoint:   datapath/IFID_instr_reg[7]/D        (v) checked with  leading edge 
of 'clk'
Beginpoint: datapath/registers_RF_reg[21][21]/Q (v) triggered by trailing edge 
of 'clk'
Path Groups: {reg2reg}
Analysis View: RPT_SLOW
Other End Arrival Time          0.503
- Setup                         0.131
+ Phase Shift                   4.300
+ CPPR Adjustment               0.000
- Uncertainty                   0.100
= Required Time                 4.572
- Arrival Time                  4.531
= Slack Time                    0.041
     Clock Fall Edge                 2.150
     + Clock Network Latency (Prop)  0.459
     = Beginpoint Arrival Time       2.609
     +------------------------------------------------------------------------------------------+ 
     |             Instance              |     Arc      |   Cell   | Delay | Arrival | Required | 
     |                                   |              |          |       |  Time   |   Time   | 
     |-----------------------------------+--------------+----------+-------+---------+----------| 
     | datapath/registers_RF_reg[21][21] | CK ^         |          |       |   2.609 |    2.650 | 
     | datapath/registers_RF_reg[21][21] | CK ^ -> Q v  | DFFR_X1  | 0.302 |   2.911 |    2.952 | 
     | datapath/g4601                    | A2 v -> ZN ^ | NAND2_X1 | 0.062 |   2.973 |    3.014 | 
     | datapath/FE_RC_1637_0             | A3 ^ -> ZN v | NAND4_X1 | 0.109 |   3.082 |    3.123 | 
     | datapath/g3560                    | A2 v -> ZN ^ | NOR2_X2  | 0.162 |   3.244 |    3.285 | 
     | datapath/FE_RC_1757_0             | A4 ^ -> ZN v | NAND4_X1 | 0.116 |   3.360 |    3.401 | 
     | datapath/FE_OFC996_FE_RN_141_0    | A v -> ZN ^  | INV_X2   | 0.075 |   3.435 |    3.476 | 
     | datapath/FE_RC_545_0              | B1 ^ -> ZN v | AOI21_X2 | 0.052 |   3.487 |    3.528 | 
     | datapath/LT_TC_OP_g969            | A v -> ZN ^  | INV_X2   | 0.061 |   3.549 |    3.590 | 
     | datapath/FE_RC_1436_0             | B2 ^ -> ZN v | OAI22_X1 | 0.054 |   3.603 |    3.644 | 
     | datapath/FE_RC_1376_0             | A2 v -> ZN ^ | NOR2_X1  | 0.115 |   3.718 |    3.759 | 
     | datapath/FE_RC_1375_0             | A2 ^ -> ZN v | NAND2_X1 | 0.052 |   3.769 |    3.810 | 
     | datapath/FE_RC_963_0              | A v -> ZN ^  | INV_X1   | 0.039 |   3.808 |    3.850 | 
     | datapath/FE_RC_1418_0             | A1 ^ -> ZN v | NAND3_X1 | 0.045 |   3.853 |    3.894 | 
     | datapath/FE_OFC1403_FE_RN_5_0     | A v -> ZN ^  | INV_X1   | 0.082 |   3.935 |    3.976 | 
     | datapath/FE_RC_1399_0             | A3 ^ -> ZN v | NAND4_X4 | 0.118 |   4.053 |    4.094 | 
     | datapath/g31599                   | A1 v -> ZN ^ | NAND2_X4 | 0.068 |   4.120 |    4.161 | 
     | datapath/g31598                   | A ^ -> ZN v  | OAI21_X4 | 0.047 |   4.168 |    4.209 | 
     | datapath/g21272                   | A1 v -> ZN ^ | NAND2_X4 | 0.122 |   4.289 |    4.330 | 
     | g1070                             | A1 ^ -> ZN v | NAND2_X4 | 0.102 |   4.392 |    4.433 | 
     | datapath/FE_OCPC272_n_63          | A v -> ZN ^  | INV_X16  | 0.099 |   4.490 |    4.532 | 
     | datapath/g40548                   | A1 ^ -> ZN v | NOR2_X1  | 0.041 |   4.531 |    4.572 | 
     | datapath/IFID_instr_reg[7]        | D v          | DFFR_X1  | 0.000 |   4.531 |    4.572 | 
     +------------------------------------------------------------------------------------------+ 
Path 41: MET Setup Check with Pin datapath/IFID_pc_reg[27]/CK 
Endpoint:   datapath/IFID_pc_reg[27]/D          (v) checked with  leading edge 
of 'clk'
Beginpoint: datapath/registers_RF_reg[21][21]/Q (v) triggered by trailing edge 
of 'clk'
Path Groups: {reg2reg}
Analysis View: RPT_SLOW
Other End Arrival Time          0.503
- Setup                         0.131
+ Phase Shift                   4.300
+ CPPR Adjustment               0.000
- Uncertainty                   0.100
= Required Time                 4.572
- Arrival Time                  4.531
= Slack Time                    0.041
     Clock Fall Edge                 2.150
     + Clock Network Latency (Prop)  0.459
     = Beginpoint Arrival Time       2.609
     +------------------------------------------------------------------------------------------+ 
     |             Instance              |     Arc      |   Cell   | Delay | Arrival | Required | 
     |                                   |              |          |       |  Time   |   Time   | 
     |-----------------------------------+--------------+----------+-------+---------+----------| 
     | datapath/registers_RF_reg[21][21] | CK ^         |          |       |   2.609 |    2.650 | 
     | datapath/registers_RF_reg[21][21] | CK ^ -> Q v  | DFFR_X1  | 0.302 |   2.911 |    2.952 | 
     | datapath/g4601                    | A2 v -> ZN ^ | NAND2_X1 | 0.062 |   2.973 |    3.014 | 
     | datapath/FE_RC_1637_0             | A3 ^ -> ZN v | NAND4_X1 | 0.109 |   3.082 |    3.123 | 
     | datapath/g3560                    | A2 v -> ZN ^ | NOR2_X2  | 0.162 |   3.244 |    3.285 | 
     | datapath/FE_RC_1757_0             | A4 ^ -> ZN v | NAND4_X1 | 0.116 |   3.360 |    3.402 | 
     | datapath/FE_OFC996_FE_RN_141_0    | A v -> ZN ^  | INV_X2   | 0.075 |   3.435 |    3.477 | 
     | datapath/FE_RC_545_0              | B1 ^ -> ZN v | AOI21_X2 | 0.052 |   3.487 |    3.529 | 
     | datapath/LT_TC_OP_g969            | A v -> ZN ^  | INV_X2   | 0.061 |   3.549 |    3.590 | 
     | datapath/FE_RC_1436_0             | B2 ^ -> ZN v | OAI22_X1 | 0.054 |   3.603 |    3.644 | 
     | datapath/FE_RC_1376_0             | A2 v -> ZN ^ | NOR2_X1  | 0.115 |   3.718 |    3.759 | 
     | datapath/FE_RC_1375_0             | A2 ^ -> ZN v | NAND2_X1 | 0.052 |   3.769 |    3.811 | 
     | datapath/FE_RC_963_0              | A v -> ZN ^  | INV_X1   | 0.039 |   3.808 |    3.850 | 
     | datapath/FE_RC_1418_0             | A1 ^ -> ZN v | NAND3_X1 | 0.045 |   3.853 |    3.894 | 
     | datapath/FE_OFC1403_FE_RN_5_0     | A v -> ZN ^  | INV_X1   | 0.082 |   3.935 |    3.976 | 
     | datapath/FE_RC_1399_0             | A3 ^ -> ZN v | NAND4_X4 | 0.118 |   4.053 |    4.094 | 
     | datapath/g31599                   | A1 v -> ZN ^ | NAND2_X4 | 0.068 |   4.120 |    4.162 | 
     | datapath/g31598                   | A ^ -> ZN v  | OAI21_X4 | 0.047 |   4.168 |    4.209 | 
     | datapath/g21272                   | A1 v -> ZN ^ | NAND2_X4 | 0.122 |   4.289 |    4.331 | 
     | g1070                             | A1 ^ -> ZN v | NAND2_X4 | 0.102 |   4.392 |    4.433 | 
     | datapath/FE_OCPC272_n_63          | A v -> ZN ^  | INV_X16  | 0.099 |   4.490 |    4.532 | 
     | datapath/g40542                   | A1 ^ -> ZN v | NOR2_X1  | 0.040 |   4.531 |    4.572 | 
     | datapath/IFID_pc_reg[27]          | D v          | DFFR_X1  | 0.000 |   4.531 |    4.572 | 
     +------------------------------------------------------------------------------------------+ 
Path 42: MET Setup Check with Pin datapath/IFID_pc_reg[25]/CK 
Endpoint:   datapath/IFID_pc_reg[25]/D          (v) checked with  leading edge 
of 'clk'
Beginpoint: datapath/registers_RF_reg[21][21]/Q (v) triggered by trailing edge 
of 'clk'
Path Groups: {reg2reg}
Analysis View: RPT_SLOW
Other End Arrival Time          0.503
- Setup                         0.131
+ Phase Shift                   4.300
+ CPPR Adjustment               0.000
- Uncertainty                   0.100
= Required Time                 4.572
- Arrival Time                  4.531
= Slack Time                    0.041
     Clock Fall Edge                 2.150
     + Clock Network Latency (Prop)  0.459
     = Beginpoint Arrival Time       2.609
     +------------------------------------------------------------------------------------------+ 
     |             Instance              |     Arc      |   Cell   | Delay | Arrival | Required | 
     |                                   |              |          |       |  Time   |   Time   | 
     |-----------------------------------+--------------+----------+-------+---------+----------| 
     | datapath/registers_RF_reg[21][21] | CK ^         |          |       |   2.609 |    2.650 | 
     | datapath/registers_RF_reg[21][21] | CK ^ -> Q v  | DFFR_X1  | 0.302 |   2.911 |    2.952 | 
     | datapath/g4601                    | A2 v -> ZN ^ | NAND2_X1 | 0.062 |   2.973 |    3.014 | 
     | datapath/FE_RC_1637_0             | A3 ^ -> ZN v | NAND4_X1 | 0.109 |   3.082 |    3.123 | 
     | datapath/g3560                    | A2 v -> ZN ^ | NOR2_X2  | 0.162 |   3.244 |    3.285 | 
     | datapath/FE_RC_1757_0             | A4 ^ -> ZN v | NAND4_X1 | 0.116 |   3.360 |    3.402 | 
     | datapath/FE_OFC996_FE_RN_141_0    | A v -> ZN ^  | INV_X2   | 0.075 |   3.435 |    3.477 | 
     | datapath/FE_RC_545_0              | B1 ^ -> ZN v | AOI21_X2 | 0.052 |   3.487 |    3.529 | 
     | datapath/LT_TC_OP_g969            | A v -> ZN ^  | INV_X2   | 0.061 |   3.549 |    3.590 | 
     | datapath/FE_RC_1436_0             | B2 ^ -> ZN v | OAI22_X1 | 0.054 |   3.603 |    3.644 | 
     | datapath/FE_RC_1376_0             | A2 v -> ZN ^ | NOR2_X1  | 0.115 |   3.718 |    3.759 | 
     | datapath/FE_RC_1375_0             | A2 ^ -> ZN v | NAND2_X1 | 0.052 |   3.769 |    3.811 | 
     | datapath/FE_RC_963_0              | A v -> ZN ^  | INV_X1   | 0.039 |   3.808 |    3.850 | 
     | datapath/FE_RC_1418_0             | A1 ^ -> ZN v | NAND3_X1 | 0.045 |   3.853 |    3.894 | 
     | datapath/FE_OFC1403_FE_RN_5_0     | A v -> ZN ^  | INV_X1   | 0.082 |   3.935 |    3.976 | 
     | datapath/FE_RC_1399_0             | A3 ^ -> ZN v | NAND4_X4 | 0.118 |   4.053 |    4.094 | 
     | datapath/g31599                   | A1 v -> ZN ^ | NAND2_X4 | 0.068 |   4.120 |    4.162 | 
     | datapath/g31598                   | A ^ -> ZN v  | OAI21_X4 | 0.047 |   4.168 |    4.209 | 
     | datapath/g21272                   | A1 v -> ZN ^ | NAND2_X4 | 0.122 |   4.289 |    4.331 | 
     | g1070                             | A1 ^ -> ZN v | NAND2_X4 | 0.102 |   4.392 |    4.433 | 
     | datapath/FE_OCPC272_n_63          | A v -> ZN ^  | INV_X16  | 0.099 |   4.490 |    4.532 | 
     | datapath/g40539                   | A1 ^ -> ZN v | NOR2_X1  | 0.041 |   4.531 |    4.572 | 
     | datapath/IFID_pc_reg[25]          | D v          | DFFR_X1  | 0.000 |   4.531 |    4.572 | 
     +------------------------------------------------------------------------------------------+ 
Path 43: MET Setup Check with Pin datapath/IFID_instr_reg[4]/CK 
Endpoint:   datapath/IFID_instr_reg[4]/D        (v) checked with  leading edge 
of 'clk'
Beginpoint: datapath/registers_RF_reg[21][21]/Q (v) triggered by trailing edge 
of 'clk'
Path Groups: {reg2reg}
Analysis View: RPT_SLOW
Other End Arrival Time          0.502
- Setup                         0.131
+ Phase Shift                   4.300
+ CPPR Adjustment               0.000
- Uncertainty                   0.100
= Required Time                 4.571
- Arrival Time                  4.530
= Slack Time                    0.041
     Clock Fall Edge                 2.150
     + Clock Network Latency (Prop)  0.459
     = Beginpoint Arrival Time       2.609
     +------------------------------------------------------------------------------------------+ 
     |             Instance              |     Arc      |   Cell   | Delay | Arrival | Required | 
     |                                   |              |          |       |  Time   |   Time   | 
     |-----------------------------------+--------------+----------+-------+---------+----------| 
     | datapath/registers_RF_reg[21][21] | CK ^         |          |       |   2.609 |    2.650 | 
     | datapath/registers_RF_reg[21][21] | CK ^ -> Q v  | DFFR_X1  | 0.302 |   2.911 |    2.952 | 
     | datapath/g4601                    | A2 v -> ZN ^ | NAND2_X1 | 0.062 |   2.973 |    3.014 | 
     | datapath/FE_RC_1637_0             | A3 ^ -> ZN v | NAND4_X1 | 0.109 |   3.082 |    3.123 | 
     | datapath/g3560                    | A2 v -> ZN ^ | NOR2_X2  | 0.162 |   3.244 |    3.286 | 
     | datapath/FE_RC_1757_0             | A4 ^ -> ZN v | NAND4_X1 | 0.116 |   3.360 |    3.402 | 
     | datapath/FE_OFC996_FE_RN_141_0    | A v -> ZN ^  | INV_X2   | 0.075 |   3.435 |    3.477 | 
     | datapath/FE_RC_545_0              | B1 ^ -> ZN v | AOI21_X2 | 0.052 |   3.487 |    3.529 | 
     | datapath/LT_TC_OP_g969            | A v -> ZN ^  | INV_X2   | 0.061 |   3.549 |    3.590 | 
     | datapath/FE_RC_1436_0             | B2 ^ -> ZN v | OAI22_X1 | 0.054 |   3.603 |    3.644 | 
     | datapath/FE_RC_1376_0             | A2 v -> ZN ^ | NOR2_X1  | 0.115 |   3.718 |    3.759 | 
     | datapath/FE_RC_1375_0             | A2 ^ -> ZN v | NAND2_X1 | 0.052 |   3.769 |    3.811 | 
     | datapath/FE_RC_963_0              | A v -> ZN ^  | INV_X1   | 0.039 |   3.808 |    3.850 | 
     | datapath/FE_RC_1418_0             | A1 ^ -> ZN v | NAND3_X1 | 0.045 |   3.853 |    3.894 | 
     | datapath/FE_OFC1403_FE_RN_5_0     | A v -> ZN ^  | INV_X1   | 0.082 |   3.935 |    3.976 | 
     | datapath/FE_RC_1399_0             | A3 ^ -> ZN v | NAND4_X4 | 0.118 |   4.053 |    4.094 | 
     | datapath/g31599                   | A1 v -> ZN ^ | NAND2_X4 | 0.068 |   4.120 |    4.162 | 
     | datapath/g31598                   | A ^ -> ZN v  | OAI21_X4 | 0.047 |   4.168 |    4.209 | 
     | datapath/g21272                   | A1 v -> ZN ^ | NAND2_X4 | 0.122 |   4.289 |    4.331 | 
     | g1070                             | A1 ^ -> ZN v | NAND2_X4 | 0.102 |   4.392 |    4.433 | 
     | datapath/FE_OCPC272_n_63          | A v -> ZN ^  | INV_X16  | 0.099 |   4.490 |    4.532 | 
     | datapath/g40466                   | A1 ^ -> ZN v | NOR2_X1  | 0.039 |   4.530 |    4.571 | 
     | datapath/IFID_instr_reg[4]        | D v          | DFFR_X1  | 0.000 |   4.530 |    4.571 | 
     +------------------------------------------------------------------------------------------+ 
Path 44: MET Setup Check with Pin datapath/IFID_pc_reg[24]/CK 
Endpoint:   datapath/IFID_pc_reg[24]/D          (v) checked with  leading edge 
of 'clk'
Beginpoint: datapath/registers_RF_reg[21][21]/Q (v) triggered by trailing edge 
of 'clk'
Path Groups: {reg2reg}
Analysis View: RPT_SLOW
Other End Arrival Time          0.504
- Setup                         0.131
+ Phase Shift                   4.300
+ CPPR Adjustment               0.000
- Uncertainty                   0.100
= Required Time                 4.572
- Arrival Time                  4.531
= Slack Time                    0.042
     Clock Fall Edge                 2.150
     + Clock Network Latency (Prop)  0.459
     = Beginpoint Arrival Time       2.609
     +------------------------------------------------------------------------------------------+ 
     |             Instance              |     Arc      |   Cell   | Delay | Arrival | Required | 
     |                                   |              |          |       |  Time   |   Time   | 
     |-----------------------------------+--------------+----------+-------+---------+----------| 
     | datapath/registers_RF_reg[21][21] | CK ^         |          |       |   2.609 |    2.650 | 
     | datapath/registers_RF_reg[21][21] | CK ^ -> Q v  | DFFR_X1  | 0.302 |   2.911 |    2.952 | 
     | datapath/g4601                    | A2 v -> ZN ^ | NAND2_X1 | 0.062 |   2.973 |    3.014 | 
     | datapath/FE_RC_1637_0             | A3 ^ -> ZN v | NAND4_X1 | 0.109 |   3.082 |    3.124 | 
     | datapath/g3560                    | A2 v -> ZN ^ | NOR2_X2  | 0.162 |   3.244 |    3.286 | 
     | datapath/FE_RC_1757_0             | A4 ^ -> ZN v | NAND4_X1 | 0.116 |   3.360 |    3.402 | 
     | datapath/FE_OFC996_FE_RN_141_0    | A v -> ZN ^  | INV_X2   | 0.075 |   3.435 |    3.477 | 
     | datapath/FE_RC_545_0              | B1 ^ -> ZN v | AOI21_X2 | 0.052 |   3.487 |    3.529 | 
     | datapath/LT_TC_OP_g969            | A v -> ZN ^  | INV_X2   | 0.061 |   3.549 |    3.590 | 
     | datapath/FE_RC_1436_0             | B2 ^ -> ZN v | OAI22_X1 | 0.054 |   3.603 |    3.644 | 
     | datapath/FE_RC_1376_0             | A2 v -> ZN ^ | NOR2_X1  | 0.115 |   3.718 |    3.759 | 
     | datapath/FE_RC_1375_0             | A2 ^ -> ZN v | NAND2_X1 | 0.052 |   3.769 |    3.811 | 
     | datapath/FE_RC_963_0              | A v -> ZN ^  | INV_X1   | 0.039 |   3.808 |    3.850 | 
     | datapath/FE_RC_1418_0             | A1 ^ -> ZN v | NAND3_X1 | 0.045 |   3.853 |    3.895 | 
     | datapath/FE_OFC1403_FE_RN_5_0     | A v -> ZN ^  | INV_X1   | 0.082 |   3.935 |    3.976 | 
     | datapath/FE_RC_1399_0             | A3 ^ -> ZN v | NAND4_X4 | 0.118 |   4.053 |    4.094 | 
     | datapath/g31599                   | A1 v -> ZN ^ | NAND2_X4 | 0.068 |   4.120 |    4.162 | 
     | datapath/g31598                   | A ^ -> ZN v  | OAI21_X4 | 0.047 |   4.168 |    4.209 | 
     | datapath/g21272                   | A1 v -> ZN ^ | NAND2_X4 | 0.122 |   4.289 |    4.331 | 
     | g1070                             | A1 ^ -> ZN v | NAND2_X4 | 0.102 |   4.392 |    4.433 | 
     | datapath/FE_OCPC272_n_63          | A v -> ZN ^  | INV_X16  | 0.099 |   4.490 |    4.532 | 
     | datapath/g40541                   | A1 ^ -> ZN v | NOR2_X1  | 0.041 |   4.531 |    4.572 | 
     | datapath/IFID_pc_reg[24]          | D v          | DFFR_X1  | 0.000 |   4.531 |    4.572 | 
     +------------------------------------------------------------------------------------------+ 
Path 45: MET Setup Check with Pin datapath/IFID_pc_reg[26]/CK 
Endpoint:   datapath/IFID_pc_reg[26]/D          (v) checked with  leading edge 
of 'clk'
Beginpoint: datapath/registers_RF_reg[21][21]/Q (v) triggered by trailing edge 
of 'clk'
Path Groups: {reg2reg}
Analysis View: RPT_SLOW
Other End Arrival Time          0.503
- Setup                         0.131
+ Phase Shift                   4.300
+ CPPR Adjustment               0.000
- Uncertainty                   0.100
= Required Time                 4.572
- Arrival Time                  4.531
= Slack Time                    0.042
     Clock Fall Edge                 2.150
     + Clock Network Latency (Prop)  0.459
     = Beginpoint Arrival Time       2.609
     +------------------------------------------------------------------------------------------+ 
     |             Instance              |     Arc      |   Cell   | Delay | Arrival | Required | 
     |                                   |              |          |       |  Time   |   Time   | 
     |-----------------------------------+--------------+----------+-------+---------+----------| 
     | datapath/registers_RF_reg[21][21] | CK ^         |          |       |   2.609 |    2.650 | 
     | datapath/registers_RF_reg[21][21] | CK ^ -> Q v  | DFFR_X1  | 0.302 |   2.911 |    2.952 | 
     | datapath/g4601                    | A2 v -> ZN ^ | NAND2_X1 | 0.062 |   2.973 |    3.015 | 
     | datapath/FE_RC_1637_0             | A3 ^ -> ZN v | NAND4_X1 | 0.109 |   3.082 |    3.124 | 
     | datapath/g3560                    | A2 v -> ZN ^ | NOR2_X2  | 0.162 |   3.244 |    3.286 | 
     | datapath/FE_RC_1757_0             | A4 ^ -> ZN v | NAND4_X1 | 0.116 |   3.360 |    3.402 | 
     | datapath/FE_OFC996_FE_RN_141_0    | A v -> ZN ^  | INV_X2   | 0.075 |   3.435 |    3.477 | 
     | datapath/FE_RC_545_0              | B1 ^ -> ZN v | AOI21_X2 | 0.052 |   3.487 |    3.529 | 
     | datapath/LT_TC_OP_g969            | A v -> ZN ^  | INV_X2   | 0.061 |   3.549 |    3.590 | 
     | datapath/FE_RC_1436_0             | B2 ^ -> ZN v | OAI22_X1 | 0.054 |   3.603 |    3.644 | 
     | datapath/FE_RC_1376_0             | A2 v -> ZN ^ | NOR2_X1  | 0.115 |   3.718 |    3.759 | 
     | datapath/FE_RC_1375_0             | A2 ^ -> ZN v | NAND2_X1 | 0.052 |   3.769 |    3.811 | 
     | datapath/FE_RC_963_0              | A v -> ZN ^  | INV_X1   | 0.039 |   3.808 |    3.850 | 
     | datapath/FE_RC_1418_0             | A1 ^ -> ZN v | NAND3_X1 | 0.045 |   3.853 |    3.895 | 
     | datapath/FE_OFC1403_FE_RN_5_0     | A v -> ZN ^  | INV_X1   | 0.082 |   3.935 |    3.976 | 
     | datapath/FE_RC_1399_0             | A3 ^ -> ZN v | NAND4_X4 | 0.118 |   4.053 |    4.094 | 
     | datapath/g31599                   | A1 v -> ZN ^ | NAND2_X4 | 0.068 |   4.120 |    4.162 | 
     | datapath/g31598                   | A ^ -> ZN v  | OAI21_X4 | 0.047 |   4.168 |    4.209 | 
     | datapath/g21272                   | A1 v -> ZN ^ | NAND2_X4 | 0.122 |   4.289 |    4.331 | 
     | g1070                             | A1 ^ -> ZN v | NAND2_X4 | 0.102 |   4.392 |    4.434 | 
     | datapath/FE_OCPC272_n_63          | A v -> ZN ^  | INV_X16  | 0.099 |   4.490 |    4.532 | 
     | datapath/g40462                   | A1 ^ -> ZN v | NOR2_X1  | 0.040 |   4.531 |    4.572 | 
     | datapath/IFID_pc_reg[26]          | D v          | DFFR_X1  | 0.000 |   4.531 |    4.572 | 
     +------------------------------------------------------------------------------------------+ 
Path 46: MET Setup Check with Pin datapath/IFID_instr_reg[1]/CK 
Endpoint:   datapath/IFID_instr_reg[1]/D        (v) checked with  leading edge 
of 'clk'
Beginpoint: datapath/registers_RF_reg[21][21]/Q (v) triggered by trailing edge 
of 'clk'
Path Groups: {reg2reg}
Analysis View: RPT_SLOW
Other End Arrival Time          0.503
- Setup                         0.131
+ Phase Shift                   4.300
+ CPPR Adjustment               0.000
- Uncertainty                   0.100
= Required Time                 4.572
- Arrival Time                  4.531
= Slack Time                    0.042
     Clock Fall Edge                 2.150
     + Clock Network Latency (Prop)  0.459
     = Beginpoint Arrival Time       2.609
     +------------------------------------------------------------------------------------------+ 
     |             Instance              |     Arc      |   Cell   | Delay | Arrival | Required | 
     |                                   |              |          |       |  Time   |   Time   | 
     |-----------------------------------+--------------+----------+-------+---------+----------| 
     | datapath/registers_RF_reg[21][21] | CK ^         |          |       |   2.609 |    2.650 | 
     | datapath/registers_RF_reg[21][21] | CK ^ -> Q v  | DFFR_X1  | 0.302 |   2.911 |    2.952 | 
     | datapath/g4601                    | A2 v -> ZN ^ | NAND2_X1 | 0.062 |   2.973 |    3.015 | 
     | datapath/FE_RC_1637_0             | A3 ^ -> ZN v | NAND4_X1 | 0.109 |   3.082 |    3.124 | 
     | datapath/g3560                    | A2 v -> ZN ^ | NOR2_X2  | 0.162 |   3.244 |    3.286 | 
     | datapath/FE_RC_1757_0             | A4 ^ -> ZN v | NAND4_X1 | 0.116 |   3.360 |    3.402 | 
     | datapath/FE_OFC996_FE_RN_141_0    | A v -> ZN ^  | INV_X2   | 0.075 |   3.435 |    3.477 | 
     | datapath/FE_RC_545_0              | B1 ^ -> ZN v | AOI21_X2 | 0.052 |   3.487 |    3.529 | 
     | datapath/LT_TC_OP_g969            | A v -> ZN ^  | INV_X2   | 0.061 |   3.549 |    3.590 | 
     | datapath/FE_RC_1436_0             | B2 ^ -> ZN v | OAI22_X1 | 0.054 |   3.603 |    3.644 | 
     | datapath/FE_RC_1376_0             | A2 v -> ZN ^ | NOR2_X1  | 0.115 |   3.718 |    3.759 | 
     | datapath/FE_RC_1375_0             | A2 ^ -> ZN v | NAND2_X1 | 0.052 |   3.769 |    3.811 | 
     | datapath/FE_RC_963_0              | A v -> ZN ^  | INV_X1   | 0.039 |   3.808 |    3.850 | 
     | datapath/FE_RC_1418_0             | A1 ^ -> ZN v | NAND3_X1 | 0.045 |   3.853 |    3.895 | 
     | datapath/FE_OFC1403_FE_RN_5_0     | A v -> ZN ^  | INV_X1   | 0.082 |   3.935 |    3.976 | 
     | datapath/FE_RC_1399_0             | A3 ^ -> ZN v | NAND4_X4 | 0.118 |   4.053 |    4.094 | 
     | datapath/g31599                   | A1 v -> ZN ^ | NAND2_X4 | 0.068 |   4.120 |    4.162 | 
     | datapath/g31598                   | A ^ -> ZN v  | OAI21_X4 | 0.047 |   4.168 |    4.209 | 
     | datapath/g21272                   | A1 v -> ZN ^ | NAND2_X4 | 0.122 |   4.289 |    4.331 | 
     | g1070                             | A1 ^ -> ZN v | NAND2_X4 | 0.102 |   4.392 |    4.434 | 
     | datapath/FE_OCPC272_n_63          | A v -> ZN ^  | INV_X16  | 0.099 |   4.490 |    4.532 | 
     | datapath/g40450                   | A1 ^ -> ZN v | NOR2_X1  | 0.040 |   4.531 |    4.572 | 
     | datapath/IFID_instr_reg[1]        | D v          | DFFR_X1  | 0.000 |   4.531 |    4.572 | 
     +------------------------------------------------------------------------------------------+ 
Path 47: MET Setup Check with Pin datapath/IFID_pc_reg[22]/CK 
Endpoint:   datapath/IFID_pc_reg[22]/D          (v) checked with  leading edge 
of 'clk'
Beginpoint: datapath/registers_RF_reg[21][21]/Q (v) triggered by trailing edge 
of 'clk'
Path Groups: {reg2reg}
Analysis View: RPT_SLOW
Other End Arrival Time          0.503
- Setup                         0.131
+ Phase Shift                   4.300
+ CPPR Adjustment               0.000
- Uncertainty                   0.100
= Required Time                 4.572
- Arrival Time                  4.530
= Slack Time                    0.042
     Clock Fall Edge                 2.150
     + Clock Network Latency (Prop)  0.459
     = Beginpoint Arrival Time       2.609
     +------------------------------------------------------------------------------------------+ 
     |             Instance              |     Arc      |   Cell   | Delay | Arrival | Required | 
     |                                   |              |          |       |  Time   |   Time   | 
     |-----------------------------------+--------------+----------+-------+---------+----------| 
     | datapath/registers_RF_reg[21][21] | CK ^         |          |       |   2.609 |    2.651 | 
     | datapath/registers_RF_reg[21][21] | CK ^ -> Q v  | DFFR_X1  | 0.302 |   2.911 |    2.953 | 
     | datapath/g4601                    | A2 v -> ZN ^ | NAND2_X1 | 0.062 |   2.973 |    3.015 | 
     | datapath/FE_RC_1637_0             | A3 ^ -> ZN v | NAND4_X1 | 0.109 |   3.082 |    3.124 | 
     | datapath/g3560                    | A2 v -> ZN ^ | NOR2_X2  | 0.162 |   3.244 |    3.286 | 
     | datapath/FE_RC_1757_0             | A4 ^ -> ZN v | NAND4_X1 | 0.116 |   3.360 |    3.403 | 
     | datapath/FE_OFC996_FE_RN_141_0    | A v -> ZN ^  | INV_X2   | 0.075 |   3.435 |    3.478 | 
     | datapath/FE_RC_545_0              | B1 ^ -> ZN v | AOI21_X2 | 0.052 |   3.487 |    3.530 | 
     | datapath/LT_TC_OP_g969            | A v -> ZN ^  | INV_X2   | 0.061 |   3.549 |    3.591 | 
     | datapath/FE_RC_1436_0             | B2 ^ -> ZN v | OAI22_X1 | 0.054 |   3.603 |    3.645 | 
     | datapath/FE_RC_1376_0             | A2 v -> ZN ^ | NOR2_X1  | 0.115 |   3.718 |    3.760 | 
     | datapath/FE_RC_1375_0             | A2 ^ -> ZN v | NAND2_X1 | 0.052 |   3.769 |    3.812 | 
     | datapath/FE_RC_963_0              | A v -> ZN ^  | INV_X1   | 0.039 |   3.808 |    3.851 | 
     | datapath/FE_RC_1418_0             | A1 ^ -> ZN v | NAND3_X1 | 0.045 |   3.853 |    3.895 | 
     | datapath/FE_OFC1403_FE_RN_5_0     | A v -> ZN ^  | INV_X1   | 0.082 |   3.935 |    3.977 | 
     | datapath/FE_RC_1399_0             | A3 ^ -> ZN v | NAND4_X4 | 0.118 |   4.053 |    4.095 | 
     | datapath/g31599                   | A1 v -> ZN ^ | NAND2_X4 | 0.068 |   4.120 |    4.163 | 
     | datapath/g31598                   | A ^ -> ZN v  | OAI21_X4 | 0.047 |   4.168 |    4.210 | 
     | datapath/g21272                   | A1 v -> ZN ^ | NAND2_X4 | 0.122 |   4.289 |    4.332 | 
     | g1070                             | A1 ^ -> ZN v | NAND2_X4 | 0.102 |   4.392 |    4.434 | 
     | datapath/FE_OCPC272_n_63          | A v -> ZN ^  | INV_X16  | 0.099 |   4.490 |    4.533 | 
     | datapath/g40537                   | A1 ^ -> ZN v | NOR2_X1  | 0.040 |   4.530 |    4.572 | 
     | datapath/IFID_pc_reg[22]          | D v          | DFFR_X1  | 0.000 |   4.530 |    4.572 | 
     +------------------------------------------------------------------------------------------+ 
Path 48: MET Setup Check with Pin datapath/IFID_instr_reg[10]/CK 
Endpoint:   datapath/IFID_instr_reg[10]/D       (v) checked with  leading edge 
of 'clk'
Beginpoint: datapath/registers_RF_reg[21][21]/Q (v) triggered by trailing edge 
of 'clk'
Path Groups: {reg2reg}
Analysis View: RPT_SLOW
Other End Arrival Time          0.503
- Setup                         0.130
+ Phase Shift                   4.300
+ CPPR Adjustment               0.000
- Uncertainty                   0.100
= Required Time                 4.573
- Arrival Time                  4.530
= Slack Time                    0.043
     Clock Fall Edge                 2.150
     + Clock Network Latency (Prop)  0.459
     = Beginpoint Arrival Time       2.609
     +------------------------------------------------------------------------------------------+ 
     |             Instance              |     Arc      |   Cell   | Delay | Arrival | Required | 
     |                                   |              |          |       |  Time   |   Time   | 
     |-----------------------------------+--------------+----------+-------+---------+----------| 
     | datapath/registers_RF_reg[21][21] | CK ^         |          |       |   2.609 |    2.651 | 
     | datapath/registers_RF_reg[21][21] | CK ^ -> Q v  | DFFR_X1  | 0.302 |   2.911 |    2.953 | 
     | datapath/g4601                    | A2 v -> ZN ^ | NAND2_X1 | 0.062 |   2.973 |    3.015 | 
     | datapath/FE_RC_1637_0             | A3 ^ -> ZN v | NAND4_X1 | 0.109 |   3.082 |    3.125 | 
     | datapath/g3560                    | A2 v -> ZN ^ | NOR2_X2  | 0.162 |   3.244 |    3.287 | 
     | datapath/FE_RC_1757_0             | A4 ^ -> ZN v | NAND4_X1 | 0.116 |   3.360 |    3.403 | 
     | datapath/FE_OFC996_FE_RN_141_0    | A v -> ZN ^  | INV_X2   | 0.075 |   3.435 |    3.478 | 
     | datapath/FE_RC_545_0              | B1 ^ -> ZN v | AOI21_X2 | 0.052 |   3.487 |    3.530 | 
     | datapath/LT_TC_OP_g969            | A v -> ZN ^  | INV_X2   | 0.061 |   3.549 |    3.591 | 
     | datapath/FE_RC_1436_0             | B2 ^ -> ZN v | OAI22_X1 | 0.054 |   3.603 |    3.645 | 
     | datapath/FE_RC_1376_0             | A2 v -> ZN ^ | NOR2_X1  | 0.115 |   3.718 |    3.760 | 
     | datapath/FE_RC_1375_0             | A2 ^ -> ZN v | NAND2_X1 | 0.052 |   3.769 |    3.812 | 
     | datapath/FE_RC_963_0              | A v -> ZN ^  | INV_X1   | 0.039 |   3.808 |    3.851 | 
     | datapath/FE_RC_1418_0             | A1 ^ -> ZN v | NAND3_X1 | 0.045 |   3.853 |    3.896 | 
     | datapath/FE_OFC1403_FE_RN_5_0     | A v -> ZN ^  | INV_X1   | 0.082 |   3.935 |    3.977 | 
     | datapath/FE_RC_1399_0             | A3 ^ -> ZN v | NAND4_X4 | 0.118 |   4.053 |    4.095 | 
     | datapath/g31599                   | A1 v -> ZN ^ | NAND2_X4 | 0.068 |   4.120 |    4.163 | 
     | datapath/g31598                   | A ^ -> ZN v  | OAI21_X4 | 0.047 |   4.168 |    4.210 | 
     | datapath/g21272                   | A1 v -> ZN ^ | NAND2_X4 | 0.122 |   4.289 |    4.332 | 
     | g1070                             | A1 ^ -> ZN v | NAND2_X4 | 0.102 |   4.392 |    4.434 | 
     | datapath/FE_OCPC272_n_63          | A v -> ZN ^  | INV_X16  | 0.099 |   4.490 |    4.533 | 
     | datapath/g40458                   | A1 ^ -> ZN v | NOR2_X1  | 0.040 |   4.530 |    4.573 | 
     | datapath/IFID_instr_reg[10]       | D v          | DFFR_X1  | 0.000 |   4.530 |    4.573 | 
     +------------------------------------------------------------------------------------------+ 
Path 49: MET Setup Check with Pin datapath/IFID_pc_reg[31]/CK 
Endpoint:   datapath/IFID_pc_reg[31]/D          (v) checked with  leading edge 
of 'clk'
Beginpoint: datapath/registers_RF_reg[21][21]/Q (v) triggered by trailing edge 
of 'clk'
Path Groups: {reg2reg}
Analysis View: RPT_SLOW
Other End Arrival Time          0.503
- Setup                         0.133
+ Phase Shift                   4.300
+ CPPR Adjustment               0.000
- Uncertainty                   0.100
= Required Time                 4.570
- Arrival Time                  4.527
= Slack Time                    0.043
     Clock Fall Edge                 2.150
     + Clock Network Latency (Prop)  0.459
     = Beginpoint Arrival Time       2.609
     +------------------------------------------------------------------------------------------+ 
     |             Instance              |     Arc      |   Cell   | Delay | Arrival | Required | 
     |                                   |              |          |       |  Time   |   Time   | 
     |-----------------------------------+--------------+----------+-------+---------+----------| 
     | datapath/registers_RF_reg[21][21] | CK ^         |          |       |   2.609 |    2.651 | 
     | datapath/registers_RF_reg[21][21] | CK ^ -> Q v  | DFFR_X1  | 0.302 |   2.911 |    2.953 | 
     | datapath/g4601                    | A2 v -> ZN ^ | NAND2_X1 | 0.062 |   2.973 |    3.016 | 
     | datapath/FE_RC_1637_0             | A3 ^ -> ZN v | NAND4_X1 | 0.109 |   3.082 |    3.125 | 
     | datapath/g3560                    | A2 v -> ZN ^ | NOR2_X2  | 0.162 |   3.244 |    3.287 | 
     | datapath/FE_RC_1757_0             | A4 ^ -> ZN v | NAND4_X1 | 0.116 |   3.360 |    3.403 | 
     | datapath/FE_OFC996_FE_RN_141_0    | A v -> ZN ^  | INV_X2   | 0.075 |   3.435 |    3.478 | 
     | datapath/FE_RC_545_0              | B1 ^ -> ZN v | AOI21_X2 | 0.052 |   3.487 |    3.530 | 
     | datapath/LT_TC_OP_g969            | A v -> ZN ^  | INV_X2   | 0.061 |   3.549 |    3.591 | 
     | datapath/FE_RC_1436_0             | B2 ^ -> ZN v | OAI22_X1 | 0.054 |   3.603 |    3.645 | 
     | datapath/FE_RC_1376_0             | A2 v -> ZN ^ | NOR2_X1  | 0.115 |   3.718 |    3.760 | 
     | datapath/FE_RC_1375_0             | A2 ^ -> ZN v | NAND2_X1 | 0.052 |   3.769 |    3.812 | 
     | datapath/FE_RC_963_0              | A v -> ZN ^  | INV_X1   | 0.039 |   3.808 |    3.851 | 
     | datapath/FE_RC_1418_0             | A1 ^ -> ZN v | NAND3_X1 | 0.045 |   3.853 |    3.896 | 
     | datapath/FE_OFC1403_FE_RN_5_0     | A v -> ZN ^  | INV_X1   | 0.082 |   3.935 |    3.977 | 
     | datapath/FE_RC_1399_0             | A3 ^ -> ZN v | NAND4_X4 | 0.118 |   4.053 |    4.095 | 
     | datapath/g31599                   | A1 v -> ZN ^ | NAND2_X4 | 0.068 |   4.120 |    4.163 | 
     | datapath/g31598                   | A ^ -> ZN v  | OAI21_X4 | 0.047 |   4.168 |    4.210 | 
     | datapath/g21272                   | A1 v -> ZN ^ | NAND2_X4 | 0.122 |   4.289 |    4.332 | 
     | g1070                             | A1 ^ -> ZN v | NAND2_X4 | 0.102 |   4.392 |    4.434 | 
     | datapath/FE_OCPC272_n_63          | A v -> ZN ^  | INV_X16  | 0.099 |   4.490 |    4.533 | 
     | datapath/g40545                   | A1 ^ -> ZN v | NOR2_X2  | 0.037 |   4.527 |    4.570 | 
     | datapath/IFID_pc_reg[31]          | D v          | DFFR_X1  | 0.000 |   4.527 |    4.570 | 
     +------------------------------------------------------------------------------------------+ 
Path 50: MET Setup Check with Pin datapath/IFID_instr_reg[11]/CK 
Endpoint:   datapath/IFID_instr_reg[11]/D       (v) checked with  leading edge 
of 'clk'
Beginpoint: datapath/registers_RF_reg[21][21]/Q (v) triggered by trailing edge 
of 'clk'
Path Groups: {reg2reg}
Analysis View: RPT_SLOW
Other End Arrival Time          0.504
- Setup                         0.133
+ Phase Shift                   4.300
+ CPPR Adjustment               0.000
- Uncertainty                   0.100
= Required Time                 4.571
- Arrival Time                  4.528
= Slack Time                    0.043
     Clock Fall Edge                 2.150
     + Clock Network Latency (Prop)  0.459
     = Beginpoint Arrival Time       2.609
     +------------------------------------------------------------------------------------------+ 
     |             Instance              |     Arc      |   Cell   | Delay | Arrival | Required | 
     |                                   |              |          |       |  Time   |   Time   | 
     |-----------------------------------+--------------+----------+-------+---------+----------| 
     | datapath/registers_RF_reg[21][21] | CK ^         |          |       |   2.609 |    2.651 | 
     | datapath/registers_RF_reg[21][21] | CK ^ -> Q v  | DFFR_X1  | 0.302 |   2.911 |    2.954 | 
     | datapath/g4601                    | A2 v -> ZN ^ | NAND2_X1 | 0.062 |   2.973 |    3.016 | 
     | datapath/FE_RC_1637_0             | A3 ^ -> ZN v | NAND4_X1 | 0.109 |   3.082 |    3.125 | 
     | datapath/g3560                    | A2 v -> ZN ^ | NOR2_X2  | 0.162 |   3.244 |    3.287 | 
     | datapath/FE_RC_1757_0             | A4 ^ -> ZN v | NAND4_X1 | 0.116 |   3.360 |    3.403 | 
     | datapath/FE_OFC996_FE_RN_141_0    | A v -> ZN ^  | INV_X2   | 0.075 |   3.435 |    3.478 | 
     | datapath/FE_RC_545_0              | B1 ^ -> ZN v | AOI21_X2 | 0.052 |   3.487 |    3.530 | 
     | datapath/LT_TC_OP_g969            | A v -> ZN ^  | INV_X2   | 0.061 |   3.549 |    3.592 | 
     | datapath/FE_RC_1436_0             | B2 ^ -> ZN v | OAI22_X1 | 0.054 |   3.603 |    3.645 | 
     | datapath/FE_RC_1376_0             | A2 v -> ZN ^ | NOR2_X1  | 0.115 |   3.718 |    3.760 | 
     | datapath/FE_RC_1375_0             | A2 ^ -> ZN v | NAND2_X1 | 0.052 |   3.769 |    3.812 | 
     | datapath/FE_RC_963_0              | A v -> ZN ^  | INV_X1   | 0.039 |   3.808 |    3.851 | 
     | datapath/FE_RC_1418_0             | A1 ^ -> ZN v | NAND3_X1 | 0.045 |   3.853 |    3.896 | 
     | datapath/FE_OFC1403_FE_RN_5_0     | A v -> ZN ^  | INV_X1   | 0.082 |   3.935 |    3.977 | 
     | datapath/FE_RC_1399_0             | A3 ^ -> ZN v | NAND4_X4 | 0.118 |   4.053 |    4.095 | 
     | datapath/g31599                   | A1 v -> ZN ^ | NAND2_X4 | 0.068 |   4.120 |    4.163 | 
     | datapath/g31598                   | A ^ -> ZN v  | OAI21_X4 | 0.047 |   4.168 |    4.211 | 
     | datapath/g21272                   | A1 v -> ZN ^ | NAND2_X4 | 0.122 |   4.289 |    4.332 | 
     | g1070                             | A1 ^ -> ZN v | NAND2_X4 | 0.102 |   4.392 |    4.435 | 
     | datapath/FE_OCPC272_n_63          | A v -> ZN ^  | INV_X16  | 0.099 |   4.490 |    4.533 | 
     | datapath/g40464                   | A1 ^ -> ZN v | NOR2_X2  | 0.037 |   4.528 |    4.571 | 
     | datapath/IFID_instr_reg[11]       | D v          | DFFR_X1  | 0.000 |   4.528 |    4.571 | 
     +------------------------------------------------------------------------------------------+ 

