###############################################################
#  Generated by:      Cadence Innovus 23.12-s091_1
#  OS:                Linux x86_64(Host ID nanohub-2908156-5)
#  Generated on:      Wed Aug 12 16:46:49 2026
#  Design:            pipelined_cpu_core
#  Command:           report_timing -late  -view RPT_SLOW -max_paths 50 -nworst 1 > reports/40_setup_slow.rpt
###############################################################
Path 1: VIOLATED Setup Check with Pin datapath/EXMEM_aluResult_reg[0]/CK 
Endpoint:   datapath/EXMEM_aluResult_reg[0]/D (^) checked with  leading edge of 
'clk'
Beginpoint: datapath/EXMEM_aluResult_reg[0]/Q (^) triggered by  leading edge of 
'clk'
Path Groups: {reg2reg}
Analysis View: RPT_SLOW
Other End Arrival Time          0.973
- Setup                         0.072
+ Phase Shift                   3.400
+ CPPR Adjustment               0.000
- Uncertainty                   0.100
= Required Time                 4.201
- Arrival Time                  4.668
= Slack Time                   -0.466
     Clock Rise Edge                 0.000
     + Clock Network Latency (Prop)  0.974
     = Beginpoint Arrival Time       0.974
     +-----------------------------------------------------------------------------------------------------------+ 
     |                      Instance                      |     Arc      |   Cell   | Delay | Arrival | Required | 
     |                                                    |              |          |       |  Time   |   Time   | 
     |----------------------------------------------------+--------------+----------+-------+---------+----------| 
     | datapath/EXMEM_aluResult_reg[0]                    | CK ^         |          |       |   0.974 |    0.508 | 
     | datapath/EXMEM_aluResult_reg[0]                    | CK ^ -> Q ^  | DFFR_X1  | 0.468 |   1.442 |    0.976 | 
     | datapath/FE_RC_756_0                               | A2 ^ -> ZN v | NAND2_X1 | 0.080 |   1.522 |    1.056 | 
     | datapath/FE_RC_727_0                               | A1 v -> ZN ^ | NAND2_X2 | 0.070 |   1.592 |    1.126 | 
     | datapath/ALU_ALU_GEN[0].slice_i_bitAdder/FE_RC_737 | A ^ -> ZN v  | INV_X2   | 0.036 |   1.628 |    1.162 | 
     | _0                                                 |              |          |       |         |          | 
     | datapath/ALU_ALU_GEN[0].slice_i_bitAdder/g221__626 | A1 v -> ZN ^ | NAND2_X4 | 0.042 |   1.670 |    1.204 | 
     | 0                                                  |              |          |       |         |          | 
     | datapath/ALU_ALU_GEN[0].slice_i_bitAdder/FE_RC_451 | A2 ^ -> ZN v | NAND2_X4 | 0.038 |   1.708 |    1.242 | 
     | _0                                                 |              |          |       |         |          | 
     | datapath/ALU_ALU_GEN[0].slice_i_bitAdder/FE_RC_450 | A1 v -> ZN ^ | NAND2_X4 | 0.046 |   1.754 |    1.288 | 
     | _0                                                 |              |          |       |         |          | 
     | datapath/ALU_ALU_GEN[1].slice_i_bitAdder/FE_RC_767 | A1 ^ -> ZN v | NAND2_X4 | 0.036 |   1.790 |    1.324 | 
     | _0                                                 |              |          |       |         |          | 
     | datapath/ALU_ALU_GEN[1].slice_i_bitAdder/FE_RC_263 | A1 v -> ZN ^ | NAND2_X4 | 0.044 |   1.834 |    1.367 | 
     | _0                                                 |              |          |       |         |          | 
     | datapath/ALU_ALU_GEN[2].slice_i_bitAdder/FE_RC_278 | A1 ^ -> ZN v | NAND2_X4 | 0.035 |   1.869 |    1.402 | 
     | _0                                                 |              |          |       |         |          | 
     | datapath/ALU_ALU_GEN[2].slice_i_bitAdder/FE_RC_277 | A1 v -> ZN ^ | NAND2_X4 | 0.047 |   1.916 |    1.449 | 
     | _0                                                 |              |          |       |         |          | 
     | datapath/ALU_ALU_GEN[3].slice_i_bitAdder/FE_RC_119 | A1 ^ -> ZN v | NAND2_X4 | 0.037 |   1.953 |    1.486 | 
     | _0                                                 |              |          |       |         |          | 
     | datapath/ALU_ALU_GEN[3].slice_i_bitAdder/FE_RC_118 | A1 v -> ZN ^ | NAND2_X4 | 0.045 |   1.997 |    1.531 | 
     | _0                                                 |              |          |       |         |          | 
     | datapath/ALU_ALU_GEN[4].slice_i_bitAdder/g158__170 | A1 ^ -> ZN v | NAND2_X4 | 0.036 |   2.033 |    1.567 | 
     | 5                                                  |              |          |       |         |          | 
     | datapath/ALU_ALU_GEN[4].slice_i_bitAdder/g156__161 | A1 v -> ZN ^ | NAND2_X4 | 0.047 |   2.080 |    1.614 | 
     | 7                                                  |              |          |       |         |          | 
     | datapath/ALU_ALU_GEN[5].slice_i_bitAdder/g158__616 | A1 ^ -> ZN v | NAND2_X4 | 0.037 |   2.117 |    1.651 | 
     | 1                                                  |              |          |       |         |          | 
     | datapath/ALU_ALU_GEN[5].slice_i_bitAdder/g156__748 | A1 v -> ZN ^ | NAND2_X4 | 0.053 |   2.170 |    1.704 | 
     | 2                                                  |              |          |       |         |          | 
     | datapath/ALU_ALU_GEN[6].slice_i_bitAdder/FE_RC_113 | A1 ^ -> ZN v | NAND2_X4 | 0.040 |   2.211 |    1.744 | 
     | _0                                                 |              |          |       |         |          | 
     | datapath/ALU_ALU_GEN[6].slice_i_bitAdder/FE_RC_112 | A1 v -> ZN ^ | NAND2_X4 | 0.046 |   2.256 |    1.790 | 
     | _0                                                 |              |          |       |         |          | 
     | datapath/ALU_ALU_GEN[7].slice_i_bitAdder/FE_RC_683 | A1 ^ -> ZN v | NAND2_X4 | 0.036 |   2.292 |    1.825 | 
     | _0                                                 |              |          |       |         |          | 
     | datapath/ALU_ALU_GEN[7].slice_i_bitAdder/FE_RC_682 | A1 v -> ZN ^ | NAND2_X4 | 0.044 |   2.336 |    1.870 | 
     | _0                                                 |              |          |       |         |          | 
     | datapath/ALU_ALU_GEN[8].slice_i_bitAdder/FE_RC_107 | A1 ^ -> ZN v | NAND2_X4 | 0.035 |   2.371 |    1.905 | 
     | _0                                                 |              |          |       |         |          | 
     | datapath/ALU_ALU_GEN[8].slice_i_bitAdder/FE_RC_106 | A1 v -> ZN ^ | NAND2_X4 | 0.044 |   2.415 |    1.949 | 
     | _0                                                 |              |          |       |         |          | 
     | datapath/ALU_ALU_GEN[9].slice_i_bitAdder/FE_RC_775 | A1 ^ -> ZN v | NAND2_X4 | 0.035 |   2.450 |    1.984 | 
     | _0                                                 |              |          |       |         |          | 
     | datapath/ALU_ALU_GEN[9].slice_i_bitAdder/FE_RC_774 | A1 v -> ZN ^ | NAND2_X4 | 0.046 |   2.496 |    2.030 | 
     | _0                                                 |              |          |       |         |          | 
     | datapath/ALU_ALU_GEN[10].slice_i_bitAdder/g149__55 | A1 ^ -> ZN v | NAND2_X4 | 0.037 |   2.533 |    2.067 | 
     | 26                                                 |              |          |       |         |          | 
     | datapath/ALU_ALU_GEN[10].slice_i_bitAdder/g147__43 | A1 v -> ZN ^ | NAND2_X4 | 0.044 |   2.577 |    2.111 | 
     | 19                                                 |              |          |       |         |          | 
     | datapath/ALU_ALU_GEN[11].slice_i_bitAdder/g158__70 | A1 ^ -> ZN v | NAND2_X4 | 0.035 |   2.613 |    2.147 | 
     | 98                                                 |              |          |       |         |          | 
     | datapath/ALU_ALU_GEN[11].slice_i_bitAdder/g156__51 | A1 v -> ZN ^ | NAND2_X4 | 0.045 |   2.658 |    2.192 | 
     | 22                                                 |              |          |       |         |          | 
     | datapath/ALU_ALU_GEN[12].slice_i_bitAdder/g158__99 | A1 ^ -> ZN v | NAND2_X4 | 0.036 |   2.694 |    2.228 | 
     | 45                                                 |              |          |       |         |          | 
     | datapath/ALU_ALU_GEN[12].slice_i_bitAdder/g156__61 | A1 v -> ZN ^ | NAND2_X4 | 0.044 |   2.738 |    2.272 | 
     | 61                                                 |              |          |       |         |          | 
     | datapath/ALU_ALU_GEN[13].slice_i_bitAdder/g158__51 | A1 ^ -> ZN v | NAND2_X4 | 0.035 |   2.774 |    2.307 | 
     | 07                                                 |              |          |       |         |          | 
     | datapath/ALU_ALU_GEN[13].slice_i_bitAdder/g156__54 | A1 v -> ZN ^ | NAND2_X4 | 0.044 |   2.818 |    2.352 | 
     | 77                                                 |              |          |       |         |          | 
     | datapath/ALU_ALU_GEN[14].slice_i_bitAdder/g155__28 | A1 ^ -> ZN v | NAND2_X4 | 0.036 |   2.854 |    2.387 | 
     | 02                                                 |              |          |       |         |          | 
     | datapath/ALU_ALU_GEN[14].slice_i_bitAdder/g153__36 | A1 v -> ZN ^ | NAND2_X4 | 0.046 |   2.900 |    2.434 | 
     | 80                                                 |              |          |       |         |          | 
     | datapath/ALU_ALU_GEN[15].slice_i_bitAdder/FE_RC_10 | A1 ^ -> ZN v | NAND2_X4 | 0.036 |   2.936 |    2.470 | 
     | 3_0                                                |              |          |       |         |          | 
     | datapath/ALU_ALU_GEN[15].slice_i_bitAdder/FE_RC_10 | A1 v -> ZN ^ | NAND2_X4 | 0.045 |   2.981 |    2.515 | 
     | 2_0                                                |              |          |       |         |          | 
     | datapath/ALU_ALU_GEN[16].slice_i_bitAdder/g158__16 | A1 ^ -> ZN v | NAND2_X4 | 0.035 |   3.016 |    2.550 | 
     | 66                                                 |              |          |       |         |          | 
     | datapath/ALU_ALU_GEN[16].slice_i_bitAdder/g156__23 | A1 v -> ZN ^ | NAND2_X4 | 0.050 |   3.067 |    2.600 | 
     | 46                                                 |              |          |       |         |          | 
     | datapath/ALU_ALU_GEN[17].slice_i_bitAdder/FE_RC_67 | A1 ^ -> ZN v | NAND2_X4 | 0.038 |   3.105 |    2.639 | 
     | 6_0                                                |              |          |       |         |          | 
     | datapath/ALU_ALU_GEN[17].slice_i_bitAdder/FE_RC_67 | A1 v -> ZN ^ | NAND2_X4 | 0.045 |   3.150 |    2.683 | 
     | 5_0                                                |              |          |       |         |          | 
     | datapath/ALU_ALU_GEN[18].slice_i_bitAdder/g155__61 | A1 ^ -> ZN v | NAND2_X4 | 0.035 |   3.185 |    2.719 | 
     | 31                                                 |              |          |       |         |          | 
     | datapath/ALU_ALU_GEN[18].slice_i_bitAdder/g153__70 | A1 v -> ZN ^ | NAND2_X4 | 0.046 |   3.231 |    2.764 | 
     | 98                                                 |              |          |       |         |          | 
     | datapath/ALU_ALU_GEN[19].slice_i_bitAdder/g158__23 | A1 ^ -> ZN v | NAND2_X4 | 0.036 |   3.267 |    2.800 | 
     | 46                                                 |              |          |       |         |          | 
     | datapath/ALU_ALU_GEN[19].slice_i_bitAdder/g156__28 | A1 v -> ZN ^ | NAND2_X4 | 0.045 |   3.312 |    2.845 | 
     | 83                                                 |              |          |       |         |          | 
     | datapath/ALU_ALU_GEN[20].slice_i_bitAdder/g158__84 | A1 ^ -> ZN v | NAND2_X4 | 0.035 |   3.347 |    2.881 | 
     | 28                                                 |              |          |       |         |          | 
     | datapath/ALU_ALU_GEN[20].slice_i_bitAdder/g156__43 | A1 v -> ZN ^ | NAND2_X4 | 0.051 |   3.398 |    2.932 | 
     | 19                                                 |              |          |       |         |          | 
     | datapath/ALU_ALU_GEN[21].slice_i_bitAdder/g158__70 | A1 ^ -> ZN v | NAND2_X4 | 0.038 |   3.436 |    2.970 | 
     | 98                                                 |              |          |       |         |          | 
     | datapath/ALU_ALU_GEN[21].slice_i_bitAdder/g156__82 | A1 v -> ZN ^ | NAND2_X4 | 0.047 |   3.484 |    3.017 | 
     | 46                                                 |              |          |       |         |          | 
     | datapath/ALU_ALU_GEN[22].slice_i_bitAdder/g155__99 | A1 ^ -> ZN v | NAND2_X4 | 0.036 |   3.520 |    3.054 | 
     | 45                                                 |              |          |       |         |          | 
     | datapath/ALU_ALU_GEN[22].slice_i_bitAdder/g153__93 | A1 v -> ZN ^ | NAND2_X4 | 0.044 |   3.565 |    3.098 | 
     | 15                                                 |              |          |       |         |          | 
     | datapath/ALU_ALU_GEN[23].slice_i_bitAdder/g158__51 | A1 ^ -> ZN v | NAND2_X4 | 0.035 |   3.600 |    3.134 | 
     | 07                                                 |              |          |       |         |          | 
     | datapath/ALU_ALU_GEN[23].slice_i_bitAdder/g156__23 | A1 v -> ZN ^ | NAND2_X4 | 0.046 |   3.646 |    3.180 | 
     | 98                                                 |              |          |       |         |          | 
     | datapath/ALU_ALU_GEN[24].slice_i_bitAdder/g158__17 | A1 ^ -> ZN v | NAND2_X4 | 0.036 |   3.682 |    3.216 | 
     | 05                                                 |              |          |       |         |          | 
     | datapath/ALU_ALU_GEN[24].slice_i_bitAdder/g156__16 | A1 v -> ZN ^ | NAND2_X4 | 0.050 |   3.732 |    3.266 | 
     | 17                                                 |              |          |       |         |          | 
     | datapath/ALU_ALU_GEN[25].slice_i_bitAdder/g158__74 | A1 ^ -> ZN v | NAND2_X4 | 0.038 |   3.771 |    3.304 | 
     | 82                                                 |              |          |       |         |          | 
     | datapath/ALU_ALU_GEN[25].slice_i_bitAdder/g156__51 | A1 v -> ZN ^ | NAND2_X4 | 0.045 |   3.815 |    3.349 | 
     | 15                                                 |              |          |       |         |          | 
     | datapath/ALU_ALU_GEN[26].slice_i_bitAdder/g158__64 | A1 ^ -> ZN v | NAND2_X4 | 0.036 |   3.852 |    3.385 | 
     | 17                                                 |              |          |       |         |          | 
     | datapath/ALU_ALU_GEN[26].slice_i_bitAdder/g156__16 | A1 v -> ZN ^ | NAND2_X4 | 0.046 |   3.898 |    3.431 | 
     | 66                                                 |              |          |       |         |          | 
     | datapath/ALU_ALU_GEN[27].slice_i_bitAdder/g158__67 | A1 ^ -> ZN v | NAND2_X4 | 0.036 |   3.934 |    3.467 | 
     | 83                                                 |              |          |       |         |          | 
     | datapath/ALU_ALU_GEN[27].slice_i_bitAdder/g156__84 | A1 v -> ZN ^ | NAND2_X4 | 0.045 |   3.979 |    3.513 | 
     | 28                                                 |              |          |       |         |          | 
     | datapath/ALU_ALU_GEN[28].slice_i_bitAdder/g158__51 | A1 ^ -> ZN v | NAND2_X4 | 0.036 |   4.015 |    3.548 | 
     | 15                                                 |              |          |       |         |          | 
     | datapath/ALU_ALU_GEN[28].slice_i_bitAdder/g156__61 | A1 v -> ZN ^ | NAND2_X4 | 0.048 |   4.063 |    3.596 | 
     | 31                                                 |              |          |       |         |          | 
     | datapath/ALU_ALU_GEN[29].slice_i_bitAdder/g158__64 | A1 ^ -> ZN v | NAND2_X4 | 0.037 |   4.100 |    3.633 | 
     | 17                                                 |              |          |       |         |          | 
     | datapath/ALU_ALU_GEN[29].slice_i_bitAdder/g156__16 | A1 v -> ZN ^ | NAND2_X4 | 0.047 |   4.146 |    3.680 | 
     | 66                                                 |              |          |       |         |          | 
     | datapath/ALU_ALU_GEN[30].slice_i_bitAdder/g158__16 | A1 ^ -> ZN v | NAND2_X4 | 0.036 |   4.182 |    3.716 | 
     | 17                                                 |              |          |       |         |          | 
     | datapath/ALU_ALU_GEN[30].slice_i_bitAdder/g156__67 | A1 v -> ZN ^ | NAND2_X4 | 0.057 |   4.240 |    3.773 | 
     | 83                                                 |              |          |       |         |          | 
     | datapath/ALU_msb_bitAdder/g119__4733               | A1 ^ -> ZN v | NAND2_X4 | 0.041 |   4.281 |    3.814 | 
     | datapath/ALU_msb_bitAdder/g117__5115               | A1 v -> ZN ^ | NAND2_X4 | 0.045 |   4.325 |    3.859 | 
     | datapath/FE_RC_766_0                               | A1 ^ -> ZN v | NAND2_X2 | 0.036 |   4.361 |    3.895 | 
     | datapath/FE_RC_765_0                               | A v -> ZN ^  | OAI21_X2 | 0.067 |   4.428 |    3.961 | 
     | datapath/g16072                                    | A ^ -> ZN ^  | XNOR2_X2 | 0.132 |   4.560 |    4.093 | 
     | datapath/ALU_ALU_GEN[0].slice_i_resultMux/FE_RC_77 | A1 ^ -> ZN v | NAND2_X2 | 0.059 |   4.619 |    4.152 | 
     | 1_0                                                |              |          |       |         |          | 
     | datapath/ALU_ALU_GEN[0].slice_i_resultMux/g187__84 | A1 v -> ZN ^ | NAND2_X2 | 0.049 |   4.667 |    4.201 | 
     | 28                                                 |              |          |       |         |          | 
     | datapath/EXMEM_aluResult_reg[0]                    | D ^          | DFFR_X1  | 0.000 |   4.668 |    4.201 | 
     +-----------------------------------------------------------------------------------------------------------+ 
Path 2: VIOLATED Setup Check with Pin datapath/IF_pc_reg[31]/CK 
Endpoint:   datapath/IF_pc_reg[31]/D     (^) checked with  leading edge of 'clk'
Beginpoint: datapath/IFID_instr_reg[5]/Q (^) triggered by  leading edge of 'clk'
Path Groups: {reg2reg}
Analysis View: RPT_SLOW
Other End Arrival Time          0.699
- Setup                         0.071
+ Phase Shift                   3.400
+ CPPR Adjustment               0.000
- Uncertainty                   0.100
= Required Time                 3.928
- Arrival Time                  4.278
= Slack Time                   -0.350
     Clock Rise Edge                 0.000
     + Clock Network Latency (Prop)  0.665
     = Beginpoint Arrival Time       0.665
     +---------------------------------------------------------------------------------------------------------+ 
     |                     Instance                     |     Arc      |   Cell   | Delay | Arrival | Required | 
     |                                                  |              |          |       |  Time   |   Time   | 
     |--------------------------------------------------+--------------+----------+-------+---------+----------| 
     | datapath/IFID_instr_reg[5]                       | CK ^         |          |       |   0.665 |    0.315 | 
     | datapath/IFID_instr_reg[5]                       | CK ^ -> Q ^  | DFFR_X1  | 0.388 |   1.053 |    0.703 | 
     | datapath/FE_OCPC578_FE_RN_2                      | A ^ -> Z ^   | BUF_X4   | 0.082 |   1.135 |    0.785 | 
     | datapath/immediate_generation/FE_RC_506_0        | A1 ^ -> ZN v | NAND2_X2 | 0.036 |   1.171 |    0.821 | 
     | datapath/immediate_generation/FE_RC_505_0        | A v -> ZN ^  | INV_X2   | 0.042 |   1.213 |    0.863 | 
     | datapath/immediate_generation/g3435__1617        | A1 ^ -> ZN v | NAND2_X2 | 0.041 |   1.254 |    0.905 | 
     | datapath/immediate_generation/g3418__1666        | A1 v -> ZN ^ | NAND2_X4 | 0.058 |   1.312 |    0.962 | 
     | datapath/immediate_generation/g3413__9315        | A1 ^ -> ZN v | NAND2_X2 | 0.050 |   1.362 |    1.012 | 
     | datapath/immediate_generation/g3399__2802        | A2 v -> ZN ^ | NAND2_X4 | 0.060 |   1.422 |    1.072 | 
     | datapath/pc_plus_imm/FA_GEN[2].fa_i/FE_RC_538_0  | A ^ -> ZN v  | INV_X2   | 0.025 |   1.447 |    1.097 | 
     | datapath/pc_plus_imm/FA_GEN[2].fa_i/g157__2398   | A1 v -> ZN ^ | NAND2_X2 | 0.043 |   1.490 |    1.140 | 
     | datapath/pc_plus_imm/FA_GEN[2].fa_i/g155__6417   | A2 ^ -> ZN v | NAND2_X2 | 0.040 |   1.530 |    1.180 | 
     | datapath/pc_plus_imm/FA_GEN[2].fa_i/g153__1666   | A1 v -> ZN ^ | NAND2_X2 | 0.047 |   1.577 |    1.227 | 
     | datapath/pc_plus_imm/FA_GEN[3].fa_i/g155__8428   | A1 ^ -> ZN v | NAND2_X2 | 0.038 |   1.616 |    1.266 | 
     | datapath/pc_plus_imm/FA_GEN[3].fa_i/g153__6260   | A1 v -> ZN ^ | NAND2_X2 | 0.052 |   1.668 |    1.318 | 
     | datapath/pc_plus_imm/FA_GEN[4].fa_i/g155__1705   | A1 ^ -> ZN v | NAND2_X2 | 0.047 |   1.715 |    1.365 | 
     | datapath/pc_plus_imm/FA_GEN[4].fa_i/g153__1617   | A1 v -> ZN ^ | NAND2_X4 | 0.056 |   1.771 |    1.421 | 
     | datapath/pc_plus_imm/FA_GEN[5].fa_i/g155__5115   | A1 ^ -> ZN v | NAND2_X4 | 0.040 |   1.810 |    1.460 | 
     | datapath/pc_plus_imm/FA_GEN[5].fa_i/g153__6131   | A1 v -> ZN ^ | NAND2_X4 | 0.040 |   1.850 |    1.500 | 
     | datapath/pc_plus_imm/FA_GEN[6].fa_i/g155__2883   | A1 ^ -> ZN v | NAND2_X2 | 0.035 |   1.885 |    1.535 | 
     | datapath/pc_plus_imm/FA_GEN[6].fa_i/g153__9315   | A1 v -> ZN ^ | NAND2_X2 | 0.050 |   1.935 |    1.585 | 
     | datapath/pc_plus_imm/FA_GEN[7].fa_i/g155__2398   | A1 ^ -> ZN v | NAND2_X2 | 0.046 |   1.981 |    1.631 | 
     | datapath/pc_plus_imm/FA_GEN[7].fa_i/g153__6417   | A1 v -> ZN ^ | NAND2_X4 | 0.047 |   2.028 |    1.678 | 
     | datapath/pc_plus_imm/FA_GEN[8].fa_i/g155__6783   | A1 ^ -> ZN v | NAND2_X4 | 0.035 |   2.063 |    1.713 | 
     | datapath/pc_plus_imm/FA_GEN[8].fa_i/g153__8428   | A1 v -> ZN ^ | NAND2_X4 | 0.045 |   2.108 |    1.758 | 
     | datapath/pc_plus_imm/FA_GEN[9].fa_i/g155__5122   | A1 ^ -> ZN v | NAND2_X4 | 0.035 |   2.144 |    1.794 | 
     | datapath/pc_plus_imm/FA_GEN[9].fa_i/g153__2802   | A1 v -> ZN ^ | NAND2_X4 | 0.046 |   2.190 |    1.840 | 
     | datapath/pc_plus_imm/FA_GEN[10].fa_i/g137__5115  | A1 ^ -> ZN v | NAND2_X4 | 0.037 |   2.227 |    1.877 | 
     | datapath/pc_plus_imm/FA_GEN[10].fa_i/g135__6131  | A1 v -> ZN ^ | NAND2_X4 | 0.038 |   2.265 |    1.915 | 
     | datapath/pc_plus_imm/FA_GEN[11].fa_i/g137__9945  | A1 ^ -> ZN v | NAND2_X2 | 0.034 |   2.299 |    1.949 | 
     | datapath/pc_plus_imm/FA_GEN[11].fa_i/g135__6161  | A1 v -> ZN ^ | NAND2_X2 | 0.048 |   2.347 |    1.997 | 
     | datapath/pc_plus_imm/FA_GEN[12].fa_i/g137__6417  | A1 ^ -> ZN v | NAND2_X2 | 0.038 |   2.385 |    2.035 | 
     | datapath/pc_plus_imm/FA_GEN[12].fa_i/g135__1666  | A1 v -> ZN ^ | NAND2_X2 | 0.049 |   2.434 |    2.084 | 
     | datapath/pc_plus_imm/FA_GEN[13].fa_i/FE_RC_534_0 | A1 ^ -> ZN v | NAND2_X2 | 0.046 |   2.480 |    2.130 | 
     | datapath/pc_plus_imm/FA_GEN[13].fa_i/g135__5107  | A1 v -> ZN ^ | NAND2_X4 | 0.050 |   2.530 |    2.180 | 
     | datapath/pc_plus_imm/FA_GEN[14].fa_i/g155__1617  | A1 ^ -> ZN v | NAND2_X4 | 0.037 |   2.566 |    2.217 | 
     | datapath/pc_plus_imm/FA_GEN[14].fa_i/g153__6783  | A1 v -> ZN ^ | NAND2_X4 | 0.046 |   2.613 |    2.263 | 
     | datapath/pc_plus_imm/FA_GEN[15].fa_i/g155__7098  | A1 ^ -> ZN v | NAND2_X4 | 0.036 |   2.649 |    2.299 | 
     | datapath/pc_plus_imm/FA_GEN[15].fa_i/g153__5122  | A1 v -> ZN ^ | NAND2_X4 | 0.046 |   2.695 |    2.346 | 
     | datapath/pc_plus_imm/FA_GEN[16].fa_i/g155__4733  | A1 ^ -> ZN v | NAND2_X4 | 0.036 |   2.732 |    2.382 | 
     | datapath/pc_plus_imm/FA_GEN[16].fa_i/g153__5115  | A1 v -> ZN ^ | NAND2_X4 | 0.040 |   2.772 |    2.422 | 
     | datapath/pc_plus_imm/FA_GEN[17].fa_i/g155__2346  | A1 ^ -> ZN v | NAND2_X2 | 0.035 |   2.807 |    2.457 | 
     | datapath/pc_plus_imm/FA_GEN[17].fa_i/g153__9945  | A1 v -> ZN ^ | NAND2_X2 | 0.061 |   2.868 |    2.518 | 
     | datapath/pc_plus_imm/FA_GEN[18].fa_i/FE_RC_535_0 | A1 ^ -> ZN v | NAND2_X4 | 0.042 |   2.910 |    2.560 | 
     | datapath/pc_plus_imm/FA_GEN[18].fa_i/g153__6417  | A1 v -> ZN ^ | NAND2_X4 | 0.047 |   2.957 |    2.607 | 
     | datapath/pc_plus_imm/FA_GEN[19].fa_i/g155__5526  | A1 ^ -> ZN v | NAND2_X4 | 0.036 |   2.993 |    2.644 | 
     | datapath/pc_plus_imm/FA_GEN[19].fa_i/g153__4319  | A1 v -> ZN ^ | NAND2_X4 | 0.038 |   3.031 |    2.682 | 
     | datapath/pc_plus_imm/FA_GEN[20].fa_i/g155__2802  | A1 ^ -> ZN v | NAND2_X2 | 0.034 |   3.066 |    2.716 | 
     | datapath/pc_plus_imm/FA_GEN[20].fa_i/g153__1617  | A1 v -> ZN ^ | NAND2_X2 | 0.051 |   3.117 |    2.768 | 
     | datapath/pc_plus_imm/FA_GEN[21].fa_i/g155__1881  | A1 ^ -> ZN v | NAND2_X2 | 0.040 |   3.157 |    2.807 | 
     | datapath/pc_plus_imm/FA_GEN[21].fa_i/g153__7098  | A1 v -> ZN ^ | NAND2_X2 | 0.048 |   3.206 |    2.856 | 
     | datapath/pc_plus_imm/FA_GEN[22].fa_i/g155__6161  | A1 ^ -> ZN v | NAND2_X2 | 0.038 |   3.244 |    2.894 | 
     | datapath/pc_plus_imm/FA_GEN[22].fa_i/g153__4733  | A1 v -> ZN ^ | NAND2_X2 | 0.050 |   3.293 |    2.944 | 
     | datapath/pc_plus_imm/FA_GEN[23].fa_i/g155__1666  | A1 ^ -> ZN v | NAND2_X2 | 0.046 |   3.339 |    2.989 | 
     | datapath/pc_plus_imm/FA_GEN[23].fa_i/g153__2346  | A1 v -> ZN ^ | NAND2_X4 | 0.048 |   3.387 |    3.037 | 
     | datapath/pc_plus_imm/FA_GEN[24].fa_i/FE_RC_536_0 | A1 ^ -> ZN v | NAND2_X4 | 0.036 |   3.423 |    3.073 | 
     | datapath/pc_plus_imm/FA_GEN[24].fa_i/g153__2398  | A1 v -> ZN ^ | NAND2_X4 | 0.047 |   3.470 |    3.120 | 
     | datapath/pc_plus_imm/FA_GEN[25].fa_i/g155__6783  | A1 ^ -> ZN v | NAND2_X4 | 0.037 |   3.507 |    3.157 | 
     | datapath/pc_plus_imm/FA_GEN[25].fa_i/g153__5526  | A1 v -> ZN ^ | NAND2_X4 | 0.045 |   3.552 |    3.202 | 
     | datapath/pc_plus_imm/FA_GEN[26].fa_i/g155__5122  | A1 ^ -> ZN v | NAND2_X4 | 0.036 |   3.588 |    3.238 | 
     | datapath/pc_plus_imm/FA_GEN[26].fa_i/g153__1705  | A1 v -> ZN ^ | NAND2_X4 | 0.041 |   3.629 |    3.279 | 
     | datapath/pc_plus_imm/FA_GEN[27].fa_i/g155__5115  | A1 ^ -> ZN v | NAND2_X2 | 0.036 |   3.664 |    3.315 | 
     | datapath/pc_plus_imm/FA_GEN[27].fa_i/g153__1881  | A1 v -> ZN ^ | NAND2_X2 | 0.049 |   3.713 |    3.364 | 
     | datapath/pc_plus_imm/FA_GEN[28].fa_i/g155__9945  | A1 ^ -> ZN v | NAND2_X2 | 0.038 |   3.752 |    3.402 | 
     | datapath/pc_plus_imm/FA_GEN[28].fa_i/g153__9315  | A1 v -> ZN ^ | NAND2_X2 | 0.050 |   3.801 |    3.452 | 
     | datapath/pc_plus_imm/FA_GEN[29].fa_i/g155__6417  | A1 ^ -> ZN v | NAND2_X2 | 0.038 |   3.840 |    3.490 | 
     | datapath/pc_plus_imm/FA_GEN[29].fa_i/g153__7410  | A1 v -> ZN ^ | NAND2_X2 | 0.049 |   3.889 |    3.539 | 
     | datapath/pc_plus_imm/FA_GEN[30].fa_i/g155__4319  | A1 ^ -> ZN v | NAND2_X1 | 0.040 |   3.929 |    3.579 | 
     | datapath/pc_plus_imm/FA_GEN[30].fa_i/g153__6260  | A1 v -> ZN ^ | NAND2_X1 | 0.061 |   3.990 |    3.640 | 
     | datapath/pc_plus_imm/FA_GEN[31].fa_i/FE_RC_341_0 | A1 ^ -> ZN v | NAND2_X1 | 0.043 |   4.033 |    3.683 | 
     | datapath/pc_plus_imm/FA_GEN[31].fa_i/FE_RC_340_0 | A v -> ZN ^  | OAI21_X1 | 0.068 |   4.101 |    3.751 | 
     | datapath/branch_or_inc_4/g857__5122              | A1 ^ -> ZN v | NAND2_X1 | 0.050 |   4.151 |    3.801 | 
     | datapath/branch_or_inc_4/g822__8428              | A1 v -> ZN ^ | NAND2_X1 | 0.050 |   4.200 |    3.851 | 
     | datapath/FE_RC_498_0                             | A1 ^ -> ZN v | NAND2_X1 | 0.037 |   4.237 |    3.887 | 
     | datapath/FE_RC_497_0                             | A1 v -> ZN ^ | NAND2_X1 | 0.041 |   4.278 |    3.928 | 
     | datapath/IF_pc_reg[31]                           | D ^          | DFFR_X1  | 0.000 |   4.278 |    3.928 | 
     +---------------------------------------------------------------------------------------------------------+ 
Path 3: VIOLATED Setup Check with Pin datapath/IF_pc_reg[30]/CK 
Endpoint:   datapath/IF_pc_reg[30]/D     (v) checked with  leading edge of 'clk'
Beginpoint: datapath/IFID_instr_reg[5]/Q (^) triggered by  leading edge of 'clk'
Path Groups: {reg2reg}
Analysis View: RPT_SLOW
Other End Arrival Time          0.699
- Setup                         0.134
+ Phase Shift                   3.400
+ CPPR Adjustment               0.000
- Uncertainty                   0.100
= Required Time                 3.865
- Arrival Time                  4.210
= Slack Time                   -0.345
     Clock Rise Edge                 0.000
     + Clock Network Latency (Prop)  0.665
     = Beginpoint Arrival Time       0.665
     +-----------------------------------------------------------------------------------------------------------+ 
     |                      Instance                      |     Arc      |   Cell   | Delay | Arrival | Required | 
     |                                                    |              |          |       |  Time   |   Time   | 
     |----------------------------------------------------+--------------+----------+-------+---------+----------| 
     | datapath/IFID_instr_reg[5]                         | CK ^         |          |       |   0.665 |    0.320 | 
     | datapath/IFID_instr_reg[5]                         | CK ^ -> Q ^  | DFFR_X1  | 0.388 |   1.053 |    0.708 | 
     | datapath/FE_OCPC578_FE_RN_2                        | A ^ -> Z ^   | BUF_X4   | 0.082 |   1.135 |    0.790 | 
     | datapath/immediate_generation/FE_OCPC343_IFID_opco | A ^ -> ZN v  | INV_X1   | 0.037 |   1.172 |    0.827 | 
     | de_5                                               |              |          |       |         |          | 
     | datapath/immediate_generation/FE_RC_653_0          | A2 v -> ZN ^ | NAND4_X4 | 0.062 |   1.234 |    0.889 | 
     | datapath/immediate_generation/g3418__1666          | A2 ^ -> ZN v | NAND2_X4 | 0.053 |   1.287 |    0.942 | 
     | datapath/immediate_generation/g3413__9315          | A1 v -> ZN ^ | NAND2_X2 | 0.061 |   1.349 |    1.004 | 
     | datapath/immediate_generation/g3399__2802          | A2 ^ -> ZN v | NAND2_X4 | 0.048 |   1.396 |    1.051 | 
     | datapath/pc_plus_imm/FA_GEN[2].fa_i/FE_RC_538_0    | A v -> ZN ^  | INV_X2   | 0.043 |   1.439 |    1.094 | 
     | datapath/pc_plus_imm/FA_GEN[2].fa_i/g157__2398     | A1 ^ -> ZN v | NAND2_X2 | 0.033 |   1.472 |    1.127 | 
     | datapath/pc_plus_imm/FA_GEN[2].fa_i/g155__6417     | A2 v -> ZN ^ | NAND2_X2 | 0.052 |   1.524 |    1.179 | 
     | datapath/pc_plus_imm/FA_GEN[2].fa_i/g153__1666     | A1 ^ -> ZN v | NAND2_X2 | 0.039 |   1.562 |    1.217 | 
     | datapath/pc_plus_imm/FA_GEN[3].fa_i/g155__8428     | A1 v -> ZN ^ | NAND2_X2 | 0.046 |   1.608 |    1.263 | 
     | datapath/pc_plus_imm/FA_GEN[3].fa_i/g153__6260     | A1 ^ -> ZN v | NAND2_X2 | 0.041 |   1.649 |    1.304 | 
     | datapath/pc_plus_imm/FA_GEN[4].fa_i/g155__1705     | A1 v -> ZN ^ | NAND2_X2 | 0.058 |   1.707 |    1.362 | 
     | datapath/pc_plus_imm/FA_GEN[4].fa_i/g153__1617     | A1 ^ -> ZN v | NAND2_X4 | 0.047 |   1.755 |    1.410 | 
     | datapath/pc_plus_imm/FA_GEN[5].fa_i/g155__5115     | A1 v -> ZN ^ | NAND2_X4 | 0.046 |   1.801 |    1.456 | 
     | datapath/pc_plus_imm/FA_GEN[5].fa_i/g153__6131     | A1 ^ -> ZN v | NAND2_X4 | 0.033 |   1.833 |    1.488 | 
     | datapath/pc_plus_imm/FA_GEN[6].fa_i/g155__2883     | A1 v -> ZN ^ | NAND2_X2 | 0.044 |   1.878 |    1.533 | 
     | datapath/pc_plus_imm/FA_GEN[6].fa_i/g153__9315     | A1 ^ -> ZN v | NAND2_X2 | 0.040 |   1.918 |    1.573 | 
     | datapath/pc_plus_imm/FA_GEN[7].fa_i/g155__2398     | A1 v -> ZN ^ | NAND2_X2 | 0.058 |   1.976 |    1.631 | 
     | datapath/pc_plus_imm/FA_GEN[7].fa_i/g153__6417     | A1 ^ -> ZN v | NAND2_X4 | 0.041 |   2.017 |    1.672 | 
     | datapath/pc_plus_imm/FA_GEN[8].fa_i/g155__6783     | A1 v -> ZN ^ | NAND2_X4 | 0.044 |   2.061 |    1.715 | 
     | datapath/pc_plus_imm/FA_GEN[8].fa_i/g153__8428     | A1 ^ -> ZN v | NAND2_X4 | 0.036 |   2.097 |    1.752 | 
     | datapath/pc_plus_imm/FA_GEN[9].fa_i/g155__5122     | A1 v -> ZN ^ | NAND2_X4 | 0.043 |   2.139 |    1.794 | 
     | datapath/pc_plus_imm/FA_GEN[9].fa_i/g153__2802     | A1 ^ -> ZN v | NAND2_X4 | 0.037 |   2.176 |    1.831 | 
     | datapath/pc_plus_imm/FA_GEN[10].fa_i/g137__5115    | A1 v -> ZN ^ | NAND2_X4 | 0.044 |   2.220 |    1.875 | 
     | datapath/pc_plus_imm/FA_GEN[10].fa_i/g135__6131    | A1 ^ -> ZN v | NAND2_X4 | 0.032 |   2.252 |    1.907 | 
     | datapath/pc_plus_imm/FA_GEN[11].fa_i/g137__9945    | A1 v -> ZN ^ | NAND2_X2 | 0.043 |   2.296 |    1.950 | 
     | datapath/pc_plus_imm/FA_GEN[11].fa_i/g135__6161    | A1 ^ -> ZN v | NAND2_X2 | 0.039 |   2.335 |    1.990 | 
     | datapath/pc_plus_imm/FA_GEN[12].fa_i/g137__6417    | A1 v -> ZN ^ | NAND2_X2 | 0.045 |   2.379 |    2.034 | 
     | datapath/pc_plus_imm/FA_GEN[12].fa_i/g135__1666    | A1 ^ -> ZN v | NAND2_X2 | 0.039 |   2.418 |    2.073 | 
     | datapath/pc_plus_imm/FA_GEN[13].fa_i/FE_RC_534_0   | A1 v -> ZN ^ | NAND2_X2 | 0.057 |   2.475 |    2.130 | 
     | datapath/pc_plus_imm/FA_GEN[13].fa_i/g135__5107    | A1 ^ -> ZN v | NAND2_X4 | 0.043 |   2.519 |    2.174 | 
     | datapath/pc_plus_imm/FA_GEN[14].fa_i/g155__1617    | A1 v -> ZN ^ | NAND2_X4 | 0.044 |   2.563 |    2.218 | 
     | datapath/pc_plus_imm/FA_GEN[14].fa_i/g153__6783    | A1 ^ -> ZN v | NAND2_X4 | 0.037 |   2.600 |    2.255 | 
     | datapath/pc_plus_imm/FA_GEN[15].fa_i/g155__7098    | A1 v -> ZN ^ | NAND2_X4 | 0.044 |   2.644 |    2.299 | 
     | datapath/pc_plus_imm/FA_GEN[15].fa_i/g153__5122    | A1 ^ -> ZN v | NAND2_X4 | 0.037 |   2.681 |    2.336 | 
     | datapath/pc_plus_imm/FA_GEN[16].fa_i/g155__4733    | A1 v -> ZN ^ | NAND2_X4 | 0.043 |   2.724 |    2.379 | 
     | datapath/pc_plus_imm/FA_GEN[16].fa_i/g153__5115    | A1 ^ -> ZN v | NAND2_X4 | 0.033 |   2.758 |    2.413 | 
     | datapath/pc_plus_imm/FA_GEN[17].fa_i/g155__2346    | A1 v -> ZN ^ | NAND2_X2 | 0.044 |   2.802 |    2.457 | 
     | datapath/pc_plus_imm/FA_GEN[17].fa_i/g153__9945    | A1 ^ -> ZN v | NAND2_X2 | 0.046 |   2.848 |    2.503 | 
     | datapath/pc_plus_imm/FA_GEN[18].fa_i/FE_RC_535_0   | A1 v -> ZN ^ | NAND2_X4 | 0.046 |   2.894 |    2.549 | 
     | datapath/pc_plus_imm/FA_GEN[18].fa_i/g153__6417    | A1 ^ -> ZN v | NAND2_X4 | 0.037 |   2.931 |    2.586 | 
     | datapath/pc_plus_imm/FA_GEN[19].fa_i/g155__5526    | A1 v -> ZN ^ | NAND2_X4 | 0.043 |   2.974 |    2.629 | 
     | datapath/pc_plus_imm/FA_GEN[19].fa_i/g153__4319    | A1 ^ -> ZN v | NAND2_X4 | 0.032 |   3.006 |    2.661 | 
     | datapath/pc_plus_imm/FA_GEN[20].fa_i/g155__2802    | A1 v -> ZN ^ | NAND2_X2 | 0.045 |   3.051 |    2.706 | 
     | datapath/pc_plus_imm/FA_GEN[20].fa_i/g153__1617    | A1 ^ -> ZN v | NAND2_X2 | 0.041 |   3.092 |    2.747 | 
     | datapath/pc_plus_imm/FA_GEN[21].fa_i/g155__1881    | A1 v -> ZN ^ | NAND2_X2 | 0.046 |   3.138 |    2.793 | 
     | datapath/pc_plus_imm/FA_GEN[21].fa_i/g153__7098    | A1 ^ -> ZN v | NAND2_X2 | 0.039 |   3.177 |    2.832 | 
     | datapath/pc_plus_imm/FA_GEN[22].fa_i/g155__6161    | A1 v -> ZN ^ | NAND2_X2 | 0.045 |   3.222 |    2.877 | 
     | datapath/pc_plus_imm/FA_GEN[22].fa_i/g153__4733    | A1 ^ -> ZN v | NAND2_X2 | 0.039 |   3.261 |    2.916 | 
     | datapath/pc_plus_imm/FA_GEN[23].fa_i/g155__1666    | A1 v -> ZN ^ | NAND2_X2 | 0.057 |   3.319 |    2.974 | 
     | datapath/pc_plus_imm/FA_GEN[23].fa_i/g153__2346    | A1 ^ -> ZN v | NAND2_X4 | 0.042 |   3.361 |    3.016 | 
     | datapath/pc_plus_imm/FA_GEN[24].fa_i/FE_RC_536_0   | A1 v -> ZN ^ | NAND2_X4 | 0.044 |   3.405 |    3.060 | 
     | datapath/pc_plus_imm/FA_GEN[24].fa_i/g153__2398    | A1 ^ -> ZN v | NAND2_X4 | 0.037 |   3.442 |    3.097 | 
     | datapath/pc_plus_imm/FA_GEN[25].fa_i/g155__6783    | A1 v -> ZN ^ | NAND2_X4 | 0.044 |   3.486 |    3.141 | 
     | datapath/pc_plus_imm/FA_GEN[25].fa_i/g153__5526    | A1 ^ -> ZN v | NAND2_X4 | 0.036 |   3.522 |    3.177 | 
     | datapath/pc_plus_imm/FA_GEN[26].fa_i/g155__5122    | A1 v -> ZN ^ | NAND2_X4 | 0.043 |   3.566 |    3.221 | 
     | datapath/pc_plus_imm/FA_GEN[26].fa_i/g153__1705    | A1 ^ -> ZN v | NAND2_X4 | 0.034 |   3.600 |    3.255 | 
     | datapath/pc_plus_imm/FA_GEN[27].fa_i/g155__5115    | A1 v -> ZN ^ | NAND2_X2 | 0.045 |   3.644 |    3.299 | 
     | datapath/pc_plus_imm/FA_GEN[27].fa_i/g153__1881    | A1 ^ -> ZN v | NAND2_X2 | 0.039 |   3.684 |    3.339 | 
     | datapath/pc_plus_imm/FA_GEN[28].fa_i/g155__9945    | A1 v -> ZN ^ | NAND2_X2 | 0.045 |   3.729 |    3.384 | 
     | datapath/pc_plus_imm/FA_GEN[28].fa_i/g153__9315    | A1 ^ -> ZN v | NAND2_X2 | 0.039 |   3.768 |    3.423 | 
     | datapath/pc_plus_imm/FA_GEN[29].fa_i/g155__6417    | A1 v -> ZN ^ | NAND2_X2 | 0.045 |   3.812 |    3.467 | 
     | datapath/pc_plus_imm/FA_GEN[29].fa_i/g153__7410    | A1 ^ -> ZN v | NAND2_X2 | 0.039 |   3.851 |    3.506 | 
     | datapath/pc_plus_imm/FE_OCPC553_cout_30            | A v -> Z v   | BUF_X1   | 0.094 |   3.945 |    3.600 | 
     | datapath/pc_plus_imm/FA_GEN[30].fa_i/FE_RC_501_0   | A1 v -> ZN ^ | NAND2_X1 | 0.046 |   3.991 |    3.646 | 
     | datapath/pc_plus_imm/FA_GEN[30].fa_i/FE_RC_500_0   | A ^ -> ZN v  | OAI21_X1 | 0.049 |   4.041 |    3.696 | 
     | datapath/branch_or_inc_4/g862__5115                | A1 v -> ZN ^ | NAND2_X1 | 0.048 |   4.089 |    3.744 | 
     | datapath/branch_or_inc_4/g833__1881                | A1 ^ -> ZN v | NAND2_X1 | 0.037 |   4.126 |    3.781 | 
     | datapath/FE_RC_537_0                               | A1 v -> ZN ^ | NAND2_X1 | 0.045 |   4.170 |    3.825 | 
     | datapath/FE_RC_508_0                               | A1 ^ -> ZN v | NAND2_X1 | 0.039 |   4.210 |    3.865 | 
     | datapath/IF_pc_reg[30]                             | D v          | DFFR_X1  | 0.000 |   4.210 |    3.865 | 
     +-----------------------------------------------------------------------------------------------------------+ 
Path 4: VIOLATED Setup Check with Pin datapath/EXMEM_aluResult_reg[29]/CK 
Endpoint:   datapath/EXMEM_aluResult_reg[29]/D (^) checked with  leading edge 
of 'clk'
Beginpoint: datapath/EXMEM_aluResult_reg[0]/Q  (^) triggered by  leading edge 
of 'clk'
Path Groups: {reg2reg}
Analysis View: RPT_SLOW
Other End Arrival Time          0.865
- Setup                         0.073
+ Phase Shift                   3.400
+ CPPR Adjustment               0.000
- Uncertainty                   0.100
= Required Time                 4.091
- Arrival Time                  4.382
= Slack Time                   -0.290
     Clock Rise Edge                 0.000
     + Clock Network Latency (Prop)  0.974
     = Beginpoint Arrival Time       0.974
     +------------------------------------------------------------------------------------------------------------+ 
     |                      Instance                      |     Arc      |   Cell    | Delay | Arrival | Required | 
     |                                                    |              |           |       |  Time   |   Time   | 
     |----------------------------------------------------+--------------+-----------+-------+---------+----------| 
     | datapath/EXMEM_aluResult_reg[0]                    | CK ^         |           |       |   0.974 |    0.684 | 
     | datapath/EXMEM_aluResult_reg[0]                    | CK ^ -> Q ^  | DFFR_X1   | 0.468 |   1.442 |    1.152 | 
     | datapath/FE_RC_756_0                               | A2 ^ -> ZN v | NAND2_X1  | 0.080 |   1.522 |    1.232 | 
     | datapath/FE_RC_727_0                               | A1 v -> ZN ^ | NAND2_X2  | 0.070 |   1.592 |    1.302 | 
     | datapath/ALU_ALU_GEN[0].slice_i_bitAdder/FE_RC_737 | A ^ -> ZN v  | INV_X2    | 0.036 |   1.628 |    1.337 | 
     | _0                                                 |              |           |       |         |          | 
     | datapath/ALU_ALU_GEN[0].slice_i_bitAdder/g221__626 | A1 v -> ZN ^ | NAND2_X4  | 0.042 |   1.670 |    1.380 | 
     | 0                                                  |              |           |       |         |          | 
     | datapath/ALU_ALU_GEN[0].slice_i_bitAdder/FE_RC_451 | A2 ^ -> ZN v | NAND2_X4  | 0.038 |   1.708 |    1.418 | 
     | _0                                                 |              |           |       |         |          | 
     | datapath/ALU_ALU_GEN[0].slice_i_bitAdder/FE_RC_450 | A1 v -> ZN ^ | NAND2_X4  | 0.046 |   1.754 |    1.464 | 
     | _0                                                 |              |           |       |         |          | 
     | datapath/ALU_ALU_GEN[1].slice_i_bitAdder/FE_RC_767 | A1 ^ -> ZN v | NAND2_X4  | 0.036 |   1.790 |    1.499 | 
     | _0                                                 |              |           |       |         |          | 
     | datapath/ALU_ALU_GEN[1].slice_i_bitAdder/FE_RC_263 | A1 v -> ZN ^ | NAND2_X4  | 0.044 |   1.834 |    1.543 | 
     | _0                                                 |              |           |       |         |          | 
     | datapath/ALU_ALU_GEN[2].slice_i_bitAdder/FE_RC_278 | A1 ^ -> ZN v | NAND2_X4  | 0.035 |   1.869 |    1.578 | 
     | _0                                                 |              |           |       |         |          | 
     | datapath/ALU_ALU_GEN[2].slice_i_bitAdder/FE_RC_277 | A1 v -> ZN ^ | NAND2_X4  | 0.047 |   1.916 |    1.625 | 
     | _0                                                 |              |           |       |         |          | 
     | datapath/ALU_ALU_GEN[3].slice_i_bitAdder/FE_RC_119 | A1 ^ -> ZN v | NAND2_X4  | 0.037 |   1.953 |    1.662 | 
     | _0                                                 |              |           |       |         |          | 
     | datapath/ALU_ALU_GEN[3].slice_i_bitAdder/FE_RC_118 | A1 v -> ZN ^ | NAND2_X4  | 0.045 |   1.997 |    1.707 | 
     | _0                                                 |              |           |       |         |          | 
     | datapath/ALU_ALU_GEN[4].slice_i_bitAdder/g158__170 | A1 ^ -> ZN v | NAND2_X4  | 0.036 |   2.033 |    1.743 | 
     | 5                                                  |              |           |       |         |          | 
     | datapath/ALU_ALU_GEN[4].slice_i_bitAdder/g156__161 | A1 v -> ZN ^ | NAND2_X4  | 0.047 |   2.080 |    1.790 | 
     | 7                                                  |              |           |       |         |          | 
     | datapath/ALU_ALU_GEN[5].slice_i_bitAdder/g158__616 | A1 ^ -> ZN v | NAND2_X4  | 0.037 |   2.117 |    1.826 | 
     | 1                                                  |              |           |       |         |          | 
     | datapath/ALU_ALU_GEN[5].slice_i_bitAdder/g156__748 | A1 v -> ZN ^ | NAND2_X4  | 0.053 |   2.170 |    1.880 | 
     | 2                                                  |              |           |       |         |          | 
     | datapath/ALU_ALU_GEN[6].slice_i_bitAdder/FE_RC_113 | A1 ^ -> ZN v | NAND2_X4  | 0.040 |   2.211 |    1.920 | 
     | _0                                                 |              |           |       |         |          | 
     | datapath/ALU_ALU_GEN[6].slice_i_bitAdder/FE_RC_112 | A1 v -> ZN ^ | NAND2_X4  | 0.046 |   2.256 |    1.966 | 
     | _0                                                 |              |           |       |         |          | 
     | datapath/ALU_ALU_GEN[7].slice_i_bitAdder/FE_RC_683 | A1 ^ -> ZN v | NAND2_X4  | 0.036 |   2.292 |    2.001 | 
     | _0                                                 |              |           |       |         |          | 
     | datapath/ALU_ALU_GEN[7].slice_i_bitAdder/FE_RC_682 | A1 v -> ZN ^ | NAND2_X4  | 0.044 |   2.336 |    2.045 | 
     | _0                                                 |              |           |       |         |          | 
     | datapath/ALU_ALU_GEN[8].slice_i_bitAdder/FE_RC_107 | A1 ^ -> ZN v | NAND2_X4  | 0.035 |   2.371 |    2.081 | 
     | _0                                                 |              |           |       |         |          | 
     | datapath/ALU_ALU_GEN[8].slice_i_bitAdder/FE_RC_106 | A1 v -> ZN ^ | NAND2_X4  | 0.044 |   2.415 |    2.124 | 
     | _0                                                 |              |           |       |         |          | 
     | datapath/ALU_ALU_GEN[9].slice_i_bitAdder/FE_RC_775 | A1 ^ -> ZN v | NAND2_X4  | 0.035 |   2.450 |    2.160 | 
     | _0                                                 |              |           |       |         |          | 
     | datapath/ALU_ALU_GEN[9].slice_i_bitAdder/FE_RC_774 | A1 v -> ZN ^ | NAND2_X4  | 0.046 |   2.496 |    2.206 | 
     | _0                                                 |              |           |       |         |          | 
     | datapath/ALU_ALU_GEN[10].slice_i_bitAdder/g149__55 | A1 ^ -> ZN v | NAND2_X4  | 0.037 |   2.533 |    2.243 | 
     | 26                                                 |              |           |       |         |          | 
     | datapath/ALU_ALU_GEN[10].slice_i_bitAdder/g147__43 | A1 v -> ZN ^ | NAND2_X4  | 0.044 |   2.577 |    2.287 | 
     | 19                                                 |              |           |       |         |          | 
     | datapath/ALU_ALU_GEN[11].slice_i_bitAdder/g158__70 | A1 ^ -> ZN v | NAND2_X4  | 0.035 |   2.613 |    2.322 | 
     | 98                                                 |              |           |       |         |          | 
     | datapath/ALU_ALU_GEN[11].slice_i_bitAdder/g156__51 | A1 v -> ZN ^ | NAND2_X4  | 0.045 |   2.658 |    2.368 | 
     | 22                                                 |              |           |       |         |          | 
     | datapath/ALU_ALU_GEN[12].slice_i_bitAdder/g158__99 | A1 ^ -> ZN v | NAND2_X4  | 0.036 |   2.694 |    2.403 | 
     | 45                                                 |              |           |       |         |          | 
     | datapath/ALU_ALU_GEN[12].slice_i_bitAdder/g156__61 | A1 v -> ZN ^ | NAND2_X4  | 0.044 |   2.738 |    2.448 | 
     | 61                                                 |              |           |       |         |          | 
     | datapath/ALU_ALU_GEN[13].slice_i_bitAdder/g158__51 | A1 ^ -> ZN v | NAND2_X4  | 0.035 |   2.774 |    2.483 | 
     | 07                                                 |              |           |       |         |          | 
     | datapath/ALU_ALU_GEN[13].slice_i_bitAdder/g156__54 | A1 v -> ZN ^ | NAND2_X4  | 0.044 |   2.818 |    2.528 | 
     | 77                                                 |              |           |       |         |          | 
     | datapath/ALU_ALU_GEN[14].slice_i_bitAdder/g155__28 | A1 ^ -> ZN v | NAND2_X4  | 0.036 |   2.854 |    2.563 | 
     | 02                                                 |              |           |       |         |          | 
     | datapath/ALU_ALU_GEN[14].slice_i_bitAdder/g153__36 | A1 v -> ZN ^ | NAND2_X4  | 0.046 |   2.900 |    2.610 | 
     | 80                                                 |              |           |       |         |          | 
     | datapath/ALU_ALU_GEN[15].slice_i_bitAdder/FE_RC_10 | A1 ^ -> ZN v | NAND2_X4  | 0.036 |   2.936 |    2.646 | 
     | 3_0                                                |              |           |       |         |          | 
     | datapath/ALU_ALU_GEN[15].slice_i_bitAdder/FE_RC_10 | A1 v -> ZN ^ | NAND2_X4  | 0.045 |   2.981 |    2.690 | 
     | 2_0                                                |              |           |       |         |          | 
     | datapath/ALU_ALU_GEN[16].slice_i_bitAdder/g158__16 | A1 ^ -> ZN v | NAND2_X4  | 0.035 |   3.016 |    2.726 | 
     | 66                                                 |              |           |       |         |          | 
     | datapath/ALU_ALU_GEN[16].slice_i_bitAdder/g156__23 | A1 v -> ZN ^ | NAND2_X4  | 0.050 |   3.067 |    2.776 | 
     | 46                                                 |              |           |       |         |          | 
     | datapath/ALU_ALU_GEN[17].slice_i_bitAdder/FE_RC_67 | A1 ^ -> ZN v | NAND2_X4  | 0.038 |   3.105 |    2.815 | 
     | 6_0                                                |              |           |       |         |          | 
     | datapath/ALU_ALU_GEN[17].slice_i_bitAdder/FE_RC_67 | A1 v -> ZN ^ | NAND2_X4  | 0.045 |   3.150 |    2.859 | 
     | 5_0                                                |              |           |       |         |          | 
     | datapath/ALU_ALU_GEN[18].slice_i_bitAdder/g155__61 | A1 ^ -> ZN v | NAND2_X4  | 0.035 |   3.185 |    2.895 | 
     | 31                                                 |              |           |       |         |          | 
     | datapath/ALU_ALU_GEN[18].slice_i_bitAdder/g153__70 | A1 v -> ZN ^ | NAND2_X4  | 0.046 |   3.231 |    2.940 | 
     | 98                                                 |              |           |       |         |          | 
     | datapath/ALU_ALU_GEN[19].slice_i_bitAdder/g158__23 | A1 ^ -> ZN v | NAND2_X4  | 0.036 |   3.267 |    2.976 | 
     | 46                                                 |              |           |       |         |          | 
     | datapath/ALU_ALU_GEN[19].slice_i_bitAdder/g156__28 | A1 v -> ZN ^ | NAND2_X4  | 0.045 |   3.312 |    3.021 | 
     | 83                                                 |              |           |       |         |          | 
     | datapath/ALU_ALU_GEN[20].slice_i_bitAdder/g158__84 | A1 ^ -> ZN v | NAND2_X4  | 0.035 |   3.347 |    3.057 | 
     | 28                                                 |              |           |       |         |          | 
     | datapath/ALU_ALU_GEN[20].slice_i_bitAdder/g156__43 | A1 v -> ZN ^ | NAND2_X4  | 0.051 |   3.398 |    3.108 | 
     | 19                                                 |              |           |       |         |          | 
     | datapath/ALU_ALU_GEN[21].slice_i_bitAdder/g158__70 | A1 ^ -> ZN v | NAND2_X4  | 0.038 |   3.436 |    3.146 | 
     | 98                                                 |              |           |       |         |          | 
     | datapath/ALU_ALU_GEN[21].slice_i_bitAdder/g156__82 | A1 v -> ZN ^ | NAND2_X4  | 0.047 |   3.484 |    3.193 | 
     | 46                                                 |              |           |       |         |          | 
     | datapath/ALU_ALU_GEN[22].slice_i_bitAdder/g155__99 | A1 ^ -> ZN v | NAND2_X4  | 0.036 |   3.520 |    3.230 | 
     | 45                                                 |              |           |       |         |          | 
     | datapath/ALU_ALU_GEN[22].slice_i_bitAdder/g153__93 | A1 v -> ZN ^ | NAND2_X4  | 0.044 |   3.565 |    3.274 | 
     | 15                                                 |              |           |       |         |          | 
     | datapath/ALU_ALU_GEN[23].slice_i_bitAdder/g158__51 | A1 ^ -> ZN v | NAND2_X4  | 0.035 |   3.600 |    3.309 | 
     | 07                                                 |              |           |       |         |          | 
     | datapath/ALU_ALU_GEN[23].slice_i_bitAdder/g156__23 | A1 v -> ZN ^ | NAND2_X4  | 0.046 |   3.646 |    3.355 | 
     | 98                                                 |              |           |       |         |          | 
     | datapath/ALU_ALU_GEN[24].slice_i_bitAdder/g158__17 | A1 ^ -> ZN v | NAND2_X4  | 0.036 |   3.682 |    3.392 | 
     | 05                                                 |              |           |       |         |          | 
     | datapath/ALU_ALU_GEN[24].slice_i_bitAdder/g156__16 | A1 v -> ZN ^ | NAND2_X4  | 0.050 |   3.732 |    3.442 | 
     | 17                                                 |              |           |       |         |          | 
     | datapath/ALU_ALU_GEN[25].slice_i_bitAdder/g158__74 | A1 ^ -> ZN v | NAND2_X4  | 0.038 |   3.771 |    3.480 | 
     | 82                                                 |              |           |       |         |          | 
     | datapath/ALU_ALU_GEN[25].slice_i_bitAdder/g156__51 | A1 v -> ZN ^ | NAND2_X4  | 0.045 |   3.815 |    3.525 | 
     | 15                                                 |              |           |       |         |          | 
     | datapath/ALU_ALU_GEN[26].slice_i_bitAdder/g158__64 | A1 ^ -> ZN v | NAND2_X4  | 0.036 |   3.852 |    3.561 | 
     | 17                                                 |              |           |       |         |          | 
     | datapath/ALU_ALU_GEN[26].slice_i_bitAdder/g156__16 | A1 v -> ZN ^ | NAND2_X4  | 0.046 |   3.898 |    3.607 | 
     | 66                                                 |              |           |       |         |          | 
     | datapath/ALU_ALU_GEN[27].slice_i_bitAdder/g158__67 | A1 ^ -> ZN v | NAND2_X4  | 0.036 |   3.934 |    3.643 | 
     | 83                                                 |              |           |       |         |          | 
     | datapath/ALU_ALU_GEN[27].slice_i_bitAdder/g156__84 | A1 v -> ZN ^ | NAND2_X4  | 0.045 |   3.979 |    3.689 | 
     | 28                                                 |              |           |       |         |          | 
     | datapath/ALU_ALU_GEN[28].slice_i_bitAdder/g158__51 | A1 ^ -> ZN v | NAND2_X4  | 0.036 |   4.015 |    3.724 | 
     | 15                                                 |              |           |       |         |          | 
     | datapath/ALU_ALU_GEN[28].slice_i_bitAdder/g156__61 | A1 v -> ZN ^ | NAND2_X4  | 0.048 |   4.063 |    3.772 | 
     | 31                                                 |              |           |       |         |          | 
     | datapath/FE_OCPC816_ALU_cout_29                    | A ^ -> Z ^   | CLKBUF_X1 | 0.107 |   4.169 |    3.879 | 
     | datapath/ALU_ALU_GEN[29].slice_i_bitAdder/FE_RC_54 | A1 ^ -> ZN v | NAND2_X1  | 0.041 |   4.210 |    3.920 | 
     | 0_0                                                |              |           |       |         |          | 
     | datapath/ALU_ALU_GEN[29].slice_i_bitAdder/FE_RC_53 | A v -> ZN ^  | OAI21_X1  | 0.067 |   4.278 |    3.987 | 
     | 9_0                                                |              |           |       |         |          | 
     | datapath/ALU_ALU_GEN[29].slice_i_resultMux/g153__4 | A1 ^ -> ZN v | NAND2_X1  | 0.051 |   4.329 |    4.039 | 
     | 319                                                |              |           |       |         |          | 
     | datapath/ALU_ALU_GEN[29].slice_i_resultMux/g151__5 | A1 v -> ZN ^ | NAND2_X1  | 0.052 |   4.382 |    4.091 | 
     | 107                                                |              |           |       |         |          | 
     | datapath/EXMEM_aluResult_reg[29]                   | D ^          | DFFR_X1   | 0.000 |   4.382 |    4.091 | 
     +------------------------------------------------------------------------------------------------------------+ 
Path 5: VIOLATED Setup Check with Pin datapath/EXMEM_aluResult_reg[31]/CK 
Endpoint:   datapath/EXMEM_aluResult_reg[31]/D (^) checked with  leading edge 
of 'clk'
Beginpoint: datapath/EXMEM_aluResult_reg[0]/Q  (^) triggered by  leading edge 
of 'clk'
Path Groups: {reg2reg}
Analysis View: RPT_SLOW
Other End Arrival Time          1.134
- Setup                         0.073
+ Phase Shift                   3.400
+ CPPR Adjustment               0.000
- Uncertainty                   0.100
= Required Time                 4.361
- Arrival Time                  4.617
= Slack Time                   -0.256
     Clock Rise Edge                 0.000
     + Clock Network Latency (Prop)  0.974
     = Beginpoint Arrival Time       0.974
     +------------------------------------------------------------------------------------------------------------+ 
     |                      Instance                      |     Arc      |   Cell    | Delay | Arrival | Required | 
     |                                                    |              |           |       |  Time   |   Time   | 
     |----------------------------------------------------+--------------+-----------+-------+---------+----------| 
     | datapath/EXMEM_aluResult_reg[0]                    | CK ^         |           |       |   0.974 |    0.718 | 
     | datapath/EXMEM_aluResult_reg[0]                    | CK ^ -> Q ^  | DFFR_X1   | 0.468 |   1.442 |    1.186 | 
     | datapath/FE_RC_756_0                               | A2 ^ -> ZN v | NAND2_X1  | 0.080 |   1.522 |    1.266 | 
     | datapath/FE_RC_727_0                               | A1 v -> ZN ^ | NAND2_X2  | 0.070 |   1.592 |    1.336 | 
     | datapath/ALU_ALU_GEN[0].slice_i_bitAdder/FE_RC_737 | A ^ -> ZN v  | INV_X2    | 0.036 |   1.628 |    1.372 | 
     | _0                                                 |              |           |       |         |          | 
     | datapath/ALU_ALU_GEN[0].slice_i_bitAdder/g221__626 | A1 v -> ZN ^ | NAND2_X4  | 0.042 |   1.670 |    1.414 | 
     | 0                                                  |              |           |       |         |          | 
     | datapath/ALU_ALU_GEN[0].slice_i_bitAdder/FE_RC_451 | A2 ^ -> ZN v | NAND2_X4  | 0.038 |   1.708 |    1.452 | 
     | _0                                                 |              |           |       |         |          | 
     | datapath/ALU_ALU_GEN[0].slice_i_bitAdder/FE_RC_450 | A1 v -> ZN ^ | NAND2_X4  | 0.046 |   1.754 |    1.498 | 
     | _0                                                 |              |           |       |         |          | 
     | datapath/ALU_ALU_GEN[1].slice_i_bitAdder/FE_RC_767 | A1 ^ -> ZN v | NAND2_X4  | 0.036 |   1.790 |    1.534 | 
     | _0                                                 |              |           |       |         |          | 
     | datapath/ALU_ALU_GEN[1].slice_i_bitAdder/FE_RC_263 | A1 v -> ZN ^ | NAND2_X4  | 0.044 |   1.834 |    1.577 | 
     | _0                                                 |              |           |       |         |          | 
     | datapath/ALU_ALU_GEN[2].slice_i_bitAdder/FE_RC_278 | A1 ^ -> ZN v | NAND2_X4  | 0.035 |   1.869 |    1.612 | 
     | _0                                                 |              |           |       |         |          | 
     | datapath/ALU_ALU_GEN[2].slice_i_bitAdder/FE_RC_277 | A1 v -> ZN ^ | NAND2_X4  | 0.047 |   1.916 |    1.659 | 
     | _0                                                 |              |           |       |         |          | 
     | datapath/ALU_ALU_GEN[3].slice_i_bitAdder/FE_RC_119 | A1 ^ -> ZN v | NAND2_X4  | 0.037 |   1.953 |    1.696 | 
     | _0                                                 |              |           |       |         |          | 
     | datapath/ALU_ALU_GEN[3].slice_i_bitAdder/FE_RC_118 | A1 v -> ZN ^ | NAND2_X4  | 0.045 |   1.997 |    1.741 | 
     | _0                                                 |              |           |       |         |          | 
     | datapath/ALU_ALU_GEN[4].slice_i_bitAdder/g158__170 | A1 ^ -> ZN v | NAND2_X4  | 0.036 |   2.033 |    1.777 | 
     | 5                                                  |              |           |       |         |          | 
     | datapath/ALU_ALU_GEN[4].slice_i_bitAdder/g156__161 | A1 v -> ZN ^ | NAND2_X4  | 0.047 |   2.080 |    1.824 | 
     | 7                                                  |              |           |       |         |          | 
     | datapath/ALU_ALU_GEN[5].slice_i_bitAdder/g158__616 | A1 ^ -> ZN v | NAND2_X4  | 0.037 |   2.117 |    1.861 | 
     | 1                                                  |              |           |       |         |          | 
     | datapath/ALU_ALU_GEN[5].slice_i_bitAdder/g156__748 | A1 v -> ZN ^ | NAND2_X4  | 0.053 |   2.170 |    1.914 | 
     | 2                                                  |              |           |       |         |          | 
     | datapath/ALU_ALU_GEN[6].slice_i_bitAdder/FE_RC_113 | A1 ^ -> ZN v | NAND2_X4  | 0.040 |   2.211 |    1.954 | 
     | _0                                                 |              |           |       |         |          | 
     | datapath/ALU_ALU_GEN[6].slice_i_bitAdder/FE_RC_112 | A1 v -> ZN ^ | NAND2_X4  | 0.046 |   2.256 |    2.000 | 
     | _0                                                 |              |           |       |         |          | 
     | datapath/ALU_ALU_GEN[7].slice_i_bitAdder/FE_RC_683 | A1 ^ -> ZN v | NAND2_X4  | 0.036 |   2.292 |    2.036 | 
     | _0                                                 |              |           |       |         |          | 
     | datapath/ALU_ALU_GEN[7].slice_i_bitAdder/FE_RC_682 | A1 v -> ZN ^ | NAND2_X4  | 0.044 |   2.336 |    2.080 | 
     | _0                                                 |              |           |       |         |          | 
     | datapath/ALU_ALU_GEN[8].slice_i_bitAdder/FE_RC_107 | A1 ^ -> ZN v | NAND2_X4  | 0.035 |   2.371 |    2.115 | 
     | _0                                                 |              |           |       |         |          | 
     | datapath/ALU_ALU_GEN[8].slice_i_bitAdder/FE_RC_106 | A1 v -> ZN ^ | NAND2_X4  | 0.044 |   2.415 |    2.159 | 
     | _0                                                 |              |           |       |         |          | 
     | datapath/ALU_ALU_GEN[9].slice_i_bitAdder/FE_RC_775 | A1 ^ -> ZN v | NAND2_X4  | 0.035 |   2.450 |    2.194 | 
     | _0                                                 |              |           |       |         |          | 
     | datapath/ALU_ALU_GEN[9].slice_i_bitAdder/FE_RC_774 | A1 v -> ZN ^ | NAND2_X4  | 0.046 |   2.496 |    2.240 | 
     | _0                                                 |              |           |       |         |          | 
     | datapath/ALU_ALU_GEN[10].slice_i_bitAdder/g149__55 | A1 ^ -> ZN v | NAND2_X4  | 0.037 |   2.533 |    2.277 | 
     | 26                                                 |              |           |       |         |          | 
     | datapath/ALU_ALU_GEN[10].slice_i_bitAdder/g147__43 | A1 v -> ZN ^ | NAND2_X4  | 0.044 |   2.577 |    2.321 | 
     | 19                                                 |              |           |       |         |          | 
     | datapath/ALU_ALU_GEN[11].slice_i_bitAdder/g158__70 | A1 ^ -> ZN v | NAND2_X4  | 0.035 |   2.613 |    2.357 | 
     | 98                                                 |              |           |       |         |          | 
     | datapath/ALU_ALU_GEN[11].slice_i_bitAdder/g156__51 | A1 v -> ZN ^ | NAND2_X4  | 0.045 |   2.658 |    2.402 | 
     | 22                                                 |              |           |       |         |          | 
     | datapath/ALU_ALU_GEN[12].slice_i_bitAdder/g158__99 | A1 ^ -> ZN v | NAND2_X4  | 0.036 |   2.694 |    2.438 | 
     | 45                                                 |              |           |       |         |          | 
     | datapath/ALU_ALU_GEN[12].slice_i_bitAdder/g156__61 | A1 v -> ZN ^ | NAND2_X4  | 0.044 |   2.738 |    2.482 | 
     | 61                                                 |              |           |       |         |          | 
     | datapath/ALU_ALU_GEN[13].slice_i_bitAdder/g158__51 | A1 ^ -> ZN v | NAND2_X4  | 0.035 |   2.774 |    2.517 | 
     | 07                                                 |              |           |       |         |          | 
     | datapath/ALU_ALU_GEN[13].slice_i_bitAdder/g156__54 | A1 v -> ZN ^ | NAND2_X4  | 0.044 |   2.818 |    2.562 | 
     | 77                                                 |              |           |       |         |          | 
     | datapath/ALU_ALU_GEN[14].slice_i_bitAdder/g155__28 | A1 ^ -> ZN v | NAND2_X4  | 0.036 |   2.854 |    2.597 | 
     | 02                                                 |              |           |       |         |          | 
     | datapath/ALU_ALU_GEN[14].slice_i_bitAdder/g153__36 | A1 v -> ZN ^ | NAND2_X4  | 0.046 |   2.900 |    2.644 | 
     | 80                                                 |              |           |       |         |          | 
     | datapath/ALU_ALU_GEN[15].slice_i_bitAdder/FE_RC_10 | A1 ^ -> ZN v | NAND2_X4  | 0.036 |   2.936 |    2.680 | 
     | 3_0                                                |              |           |       |         |          | 
     | datapath/ALU_ALU_GEN[15].slice_i_bitAdder/FE_RC_10 | A1 v -> ZN ^ | NAND2_X4  | 0.045 |   2.981 |    2.725 | 
     | 2_0                                                |              |           |       |         |          | 
     | datapath/ALU_ALU_GEN[16].slice_i_bitAdder/g158__16 | A1 ^ -> ZN v | NAND2_X4  | 0.035 |   3.016 |    2.760 | 
     | 66                                                 |              |           |       |         |          | 
     | datapath/ALU_ALU_GEN[16].slice_i_bitAdder/g156__23 | A1 v -> ZN ^ | NAND2_X4  | 0.050 |   3.067 |    2.811 | 
     | 46                                                 |              |           |       |         |          | 
     | datapath/ALU_ALU_GEN[17].slice_i_bitAdder/FE_RC_67 | A1 ^ -> ZN v | NAND2_X4  | 0.038 |   3.105 |    2.849 | 
     | 6_0                                                |              |           |       |         |          | 
     | datapath/ALU_ALU_GEN[17].slice_i_bitAdder/FE_RC_67 | A1 v -> ZN ^ | NAND2_X4  | 0.045 |   3.150 |    2.894 | 
     | 5_0                                                |              |           |       |         |          | 
     | datapath/ALU_ALU_GEN[18].slice_i_bitAdder/g155__61 | A1 ^ -> ZN v | NAND2_X4  | 0.035 |   3.185 |    2.929 | 
     | 31                                                 |              |           |       |         |          | 
     | datapath/ALU_ALU_GEN[18].slice_i_bitAdder/g153__70 | A1 v -> ZN ^ | NAND2_X4  | 0.046 |   3.231 |    2.975 | 
     | 98                                                 |              |           |       |         |          | 
     | datapath/ALU_ALU_GEN[19].slice_i_bitAdder/g158__23 | A1 ^ -> ZN v | NAND2_X4  | 0.036 |   3.267 |    3.010 | 
     | 46                                                 |              |           |       |         |          | 
     | datapath/ALU_ALU_GEN[19].slice_i_bitAdder/g156__28 | A1 v -> ZN ^ | NAND2_X4  | 0.045 |   3.312 |    3.056 | 
     | 83                                                 |              |           |       |         |          | 
     | datapath/ALU_ALU_GEN[20].slice_i_bitAdder/g158__84 | A1 ^ -> ZN v | NAND2_X4  | 0.035 |   3.347 |    3.091 | 
     | 28                                                 |              |           |       |         |          | 
     | datapath/ALU_ALU_GEN[20].slice_i_bitAdder/g156__43 | A1 v -> ZN ^ | NAND2_X4  | 0.051 |   3.398 |    3.142 | 
     | 19                                                 |              |           |       |         |          | 
     | datapath/ALU_ALU_GEN[21].slice_i_bitAdder/g158__70 | A1 ^ -> ZN v | NAND2_X4  | 0.038 |   3.436 |    3.180 | 
     | 98                                                 |              |           |       |         |          | 
     | datapath/ALU_ALU_GEN[21].slice_i_bitAdder/g156__82 | A1 v -> ZN ^ | NAND2_X4  | 0.047 |   3.484 |    3.227 | 
     | 46                                                 |              |           |       |         |          | 
     | datapath/ALU_ALU_GEN[22].slice_i_bitAdder/g155__99 | A1 ^ -> ZN v | NAND2_X4  | 0.036 |   3.520 |    3.264 | 
     | 45                                                 |              |           |       |         |          | 
     | datapath/ALU_ALU_GEN[22].slice_i_bitAdder/g153__93 | A1 v -> ZN ^ | NAND2_X4  | 0.044 |   3.565 |    3.308 | 
     | 15                                                 |              |           |       |         |          | 
     | datapath/ALU_ALU_GEN[23].slice_i_bitAdder/g158__51 | A1 ^ -> ZN v | NAND2_X4  | 0.035 |   3.600 |    3.344 | 
     | 07                                                 |              |           |       |         |          | 
     | datapath/ALU_ALU_GEN[23].slice_i_bitAdder/g156__23 | A1 v -> ZN ^ | NAND2_X4  | 0.046 |   3.646 |    3.390 | 
     | 98                                                 |              |           |       |         |          | 
     | datapath/ALU_ALU_GEN[24].slice_i_bitAdder/g158__17 | A1 ^ -> ZN v | NAND2_X4  | 0.036 |   3.682 |    3.426 | 
     | 05                                                 |              |           |       |         |          | 
     | datapath/ALU_ALU_GEN[24].slice_i_bitAdder/g156__16 | A1 v -> ZN ^ | NAND2_X4  | 0.050 |   3.732 |    3.476 | 
     | 17                                                 |              |           |       |         |          | 
     | datapath/ALU_ALU_GEN[25].slice_i_bitAdder/g158__74 | A1 ^ -> ZN v | NAND2_X4  | 0.038 |   3.771 |    3.514 | 
     | 82                                                 |              |           |       |         |          | 
     | datapath/ALU_ALU_GEN[25].slice_i_bitAdder/g156__51 | A1 v -> ZN ^ | NAND2_X4  | 0.045 |   3.815 |    3.559 | 
     | 15                                                 |              |           |       |         |          | 
     | datapath/ALU_ALU_GEN[26].slice_i_bitAdder/g158__64 | A1 ^ -> ZN v | NAND2_X4  | 0.036 |   3.852 |    3.595 | 
     | 17                                                 |              |           |       |         |          | 
     | datapath/ALU_ALU_GEN[26].slice_i_bitAdder/g156__16 | A1 v -> ZN ^ | NAND2_X4  | 0.046 |   3.898 |    3.641 | 
     | 66                                                 |              |           |       |         |          | 
     | datapath/ALU_ALU_GEN[27].slice_i_bitAdder/g158__67 | A1 ^ -> ZN v | NAND2_X4  | 0.036 |   3.934 |    3.678 | 
     | 83                                                 |              |           |       |         |          | 
     | datapath/ALU_ALU_GEN[27].slice_i_bitAdder/g156__84 | A1 v -> ZN ^ | NAND2_X4  | 0.045 |   3.979 |    3.723 | 
     | 28                                                 |              |           |       |         |          | 
     | datapath/ALU_ALU_GEN[28].slice_i_bitAdder/g158__51 | A1 ^ -> ZN v | NAND2_X4  | 0.036 |   4.015 |    3.758 | 
     | 15                                                 |              |           |       |         |          | 
     | datapath/ALU_ALU_GEN[28].slice_i_bitAdder/g156__61 | A1 v -> ZN ^ | NAND2_X4  | 0.048 |   4.063 |    3.806 | 
     | 31                                                 |              |           |       |         |          | 
     | datapath/ALU_ALU_GEN[29].slice_i_bitAdder/g158__64 | A1 ^ -> ZN v | NAND2_X4  | 0.037 |   4.100 |    3.843 | 
     | 17                                                 |              |           |       |         |          | 
     | datapath/ALU_ALU_GEN[29].slice_i_bitAdder/g156__16 | A1 v -> ZN ^ | NAND2_X4  | 0.047 |   4.146 |    3.890 | 
     | 66                                                 |              |           |       |         |          | 
     | datapath/ALU_ALU_GEN[30].slice_i_bitAdder/g158__16 | A1 ^ -> ZN v | NAND2_X4  | 0.036 |   4.182 |    3.926 | 
     | 17                                                 |              |           |       |         |          | 
     | datapath/ALU_ALU_GEN[30].slice_i_bitAdder/g156__67 | A1 v -> ZN ^ | NAND2_X4  | 0.057 |   4.240 |    3.983 | 
     | 83                                                 |              |           |       |         |          | 
     | datapath/FE_OCPC818_ALU_cout_31                    | A ^ -> Z ^   | BUF_X8    | 0.075 |   4.315 |    4.059 | 
     | datapath/ALU_msb_bitAdder/FE_RC_781_0              | A1 ^ -> ZN v | NAND2_X4  | 0.029 |   4.344 |    4.087 | 
     | datapath/ALU_msb_bitAdder/FE_RC_780_0              | A v -> ZN ^  | OAI21_X2  | 0.076 |   4.419 |    4.163 | 
     | datapath/FE_OCPC820_ALU_msb_aADDb                  | A ^ -> Z ^   | CLKBUF_X1 | 0.121 |   4.540 |    4.284 | 
     | datapath/ALU_msb_resultMux/FE_RC_210_0             | A1 ^ -> ZN v | NAND2_X1  | 0.035 |   4.575 |    4.318 | 
     | datapath/ALU_msb_resultMux/g151__9945              | A1 v -> ZN ^ | NAND2_X1  | 0.042 |   4.617 |    4.361 | 
     | datapath/EXMEM_aluResult_reg[31]                   | D ^          | DFFR_X1   | 0.000 |   4.617 |    4.361 | 
     +------------------------------------------------------------------------------------------------------------+ 
Path 6: VIOLATED Setup Check with Pin datapath/IF_pc_reg[29]/CK 
Endpoint:   datapath/IF_pc_reg[29]/D     (v) checked with  leading edge of 'clk'
Beginpoint: datapath/IFID_instr_reg[5]/Q (^) triggered by  leading edge of 'clk'
Path Groups: {reg2reg}
Analysis View: RPT_SLOW
Other End Arrival Time          0.753
- Setup                         0.137
+ Phase Shift                   3.400
+ CPPR Adjustment               0.000
- Uncertainty                   0.100
= Required Time                 3.916
- Arrival Time                  4.125
= Slack Time                   -0.209
     Clock Rise Edge                 0.000
     + Clock Network Latency (Prop)  0.665
     = Beginpoint Arrival Time       0.665
     +-----------------------------------------------------------------------------------------------------------+ 
     |                      Instance                      |     Arc      |   Cell   | Delay | Arrival | Required | 
     |                                                    |              |          |       |  Time   |   Time   | 
     |----------------------------------------------------+--------------+----------+-------+---------+----------| 
     | datapath/IFID_instr_reg[5]                         | CK ^         |          |       |   0.665 |    0.456 | 
     | datapath/IFID_instr_reg[5]                         | CK ^ -> Q ^  | DFFR_X1  | 0.388 |   1.053 |    0.844 | 
     | datapath/FE_OCPC578_FE_RN_2                        | A ^ -> Z ^   | BUF_X4   | 0.082 |   1.135 |    0.925 | 
     | datapath/immediate_generation/FE_OCPC343_IFID_opco | A ^ -> ZN v  | INV_X1   | 0.037 |   1.172 |    0.963 | 
     | de_5                                               |              |          |       |         |          | 
     | datapath/immediate_generation/FE_RC_653_0          | A2 v -> ZN ^ | NAND4_X4 | 0.062 |   1.234 |    1.025 | 
     | datapath/immediate_generation/g3418__1666          | A2 ^ -> ZN v | NAND2_X4 | 0.053 |   1.287 |    1.078 | 
     | datapath/immediate_generation/g3413__9315          | A1 v -> ZN ^ | NAND2_X2 | 0.061 |   1.349 |    1.140 | 
     | datapath/immediate_generation/g3399__2802          | A2 ^ -> ZN v | NAND2_X4 | 0.048 |   1.396 |    1.187 | 
     | datapath/pc_plus_imm/FA_GEN[2].fa_i/FE_RC_538_0    | A v -> ZN ^  | INV_X2   | 0.043 |   1.439 |    1.230 | 
     | datapath/pc_plus_imm/FA_GEN[2].fa_i/g157__2398     | A1 ^ -> ZN v | NAND2_X2 | 0.033 |   1.472 |    1.263 | 
     | datapath/pc_plus_imm/FA_GEN[2].fa_i/g155__6417     | A2 v -> ZN ^ | NAND2_X2 | 0.052 |   1.524 |    1.315 | 
     | datapath/pc_plus_imm/FA_GEN[2].fa_i/g153__1666     | A1 ^ -> ZN v | NAND2_X2 | 0.039 |   1.562 |    1.353 | 
     | datapath/pc_plus_imm/FA_GEN[3].fa_i/g155__8428     | A1 v -> ZN ^ | NAND2_X2 | 0.046 |   1.608 |    1.399 | 
     | datapath/pc_plus_imm/FA_GEN[3].fa_i/g153__6260     | A1 ^ -> ZN v | NAND2_X2 | 0.041 |   1.649 |    1.440 | 
     | datapath/pc_plus_imm/FA_GEN[4].fa_i/g155__1705     | A1 v -> ZN ^ | NAND2_X2 | 0.058 |   1.707 |    1.498 | 
     | datapath/pc_plus_imm/FA_GEN[4].fa_i/g153__1617     | A1 ^ -> ZN v | NAND2_X4 | 0.047 |   1.755 |    1.545 | 
     | datapath/pc_plus_imm/FA_GEN[5].fa_i/g155__5115     | A1 v -> ZN ^ | NAND2_X4 | 0.046 |   1.801 |    1.591 | 
     | datapath/pc_plus_imm/FA_GEN[5].fa_i/g153__6131     | A1 ^ -> ZN v | NAND2_X4 | 0.033 |   1.833 |    1.624 | 
     | datapath/pc_plus_imm/FA_GEN[6].fa_i/g155__2883     | A1 v -> ZN ^ | NAND2_X2 | 0.044 |   1.878 |    1.669 | 
     | datapath/pc_plus_imm/FA_GEN[6].fa_i/g153__9315     | A1 ^ -> ZN v | NAND2_X2 | 0.040 |   1.918 |    1.709 | 
     | datapath/pc_plus_imm/FA_GEN[7].fa_i/g155__2398     | A1 v -> ZN ^ | NAND2_X2 | 0.058 |   1.976 |    1.766 | 
     | datapath/pc_plus_imm/FA_GEN[7].fa_i/g153__6417     | A1 ^ -> ZN v | NAND2_X4 | 0.041 |   2.017 |    1.808 | 
     | datapath/pc_plus_imm/FA_GEN[8].fa_i/g155__6783     | A1 v -> ZN ^ | NAND2_X4 | 0.044 |   2.061 |    1.851 | 
     | datapath/pc_plus_imm/FA_GEN[8].fa_i/g153__8428     | A1 ^ -> ZN v | NAND2_X4 | 0.036 |   2.097 |    1.887 | 
     | datapath/pc_plus_imm/FA_GEN[9].fa_i/g155__5122     | A1 v -> ZN ^ | NAND2_X4 | 0.043 |   2.139 |    1.930 | 
     | datapath/pc_plus_imm/FA_GEN[9].fa_i/g153__2802     | A1 ^ -> ZN v | NAND2_X4 | 0.037 |   2.176 |    1.967 | 
     | datapath/pc_plus_imm/FA_GEN[10].fa_i/g137__5115    | A1 v -> ZN ^ | NAND2_X4 | 0.044 |   2.220 |    2.011 | 
     | datapath/pc_plus_imm/FA_GEN[10].fa_i/g135__6131    | A1 ^ -> ZN v | NAND2_X4 | 0.032 |   2.252 |    2.043 | 
     | datapath/pc_plus_imm/FA_GEN[11].fa_i/g137__9945    | A1 v -> ZN ^ | NAND2_X2 | 0.043 |   2.296 |    2.086 | 
     | datapath/pc_plus_imm/FA_GEN[11].fa_i/g135__6161    | A1 ^ -> ZN v | NAND2_X2 | 0.039 |   2.335 |    2.125 | 
     | datapath/pc_plus_imm/FA_GEN[12].fa_i/g137__6417    | A1 v -> ZN ^ | NAND2_X2 | 0.045 |   2.379 |    2.170 | 
     | datapath/pc_plus_imm/FA_GEN[12].fa_i/g135__1666    | A1 ^ -> ZN v | NAND2_X2 | 0.039 |   2.418 |    2.209 | 
     | datapath/pc_plus_imm/FA_GEN[13].fa_i/FE_RC_534_0   | A1 v -> ZN ^ | NAND2_X2 | 0.057 |   2.475 |    2.266 | 
     | datapath/pc_plus_imm/FA_GEN[13].fa_i/g135__5107    | A1 ^ -> ZN v | NAND2_X4 | 0.043 |   2.519 |    2.310 | 
     | datapath/pc_plus_imm/FA_GEN[14].fa_i/g155__1617    | A1 v -> ZN ^ | NAND2_X4 | 0.044 |   2.563 |    2.354 | 
     | datapath/pc_plus_imm/FA_GEN[14].fa_i/g153__6783    | A1 ^ -> ZN v | NAND2_X4 | 0.037 |   2.600 |    2.391 | 
     | datapath/pc_plus_imm/FA_GEN[15].fa_i/g155__7098    | A1 v -> ZN ^ | NAND2_X4 | 0.044 |   2.644 |    2.435 | 
     | datapath/pc_plus_imm/FA_GEN[15].fa_i/g153__5122    | A1 ^ -> ZN v | NAND2_X4 | 0.037 |   2.681 |    2.472 | 
     | datapath/pc_plus_imm/FA_GEN[16].fa_i/g155__4733    | A1 v -> ZN ^ | NAND2_X4 | 0.043 |   2.724 |    2.515 | 
     | datapath/pc_plus_imm/FA_GEN[16].fa_i/g153__5115    | A1 ^ -> ZN v | NAND2_X4 | 0.033 |   2.758 |    2.548 | 
     | datapath/pc_plus_imm/FA_GEN[17].fa_i/g155__2346    | A1 v -> ZN ^ | NAND2_X2 | 0.044 |   2.802 |    2.592 | 
     | datapath/pc_plus_imm/FA_GEN[17].fa_i/g153__9945    | A1 ^ -> ZN v | NAND2_X2 | 0.046 |   2.848 |    2.639 | 
     | datapath/pc_plus_imm/FA_GEN[18].fa_i/FE_RC_535_0   | A1 v -> ZN ^ | NAND2_X4 | 0.046 |   2.894 |    2.685 | 
     | datapath/pc_plus_imm/FA_GEN[18].fa_i/g153__6417    | A1 ^ -> ZN v | NAND2_X4 | 0.037 |   2.931 |    2.722 | 
     | datapath/pc_plus_imm/FA_GEN[19].fa_i/g155__5526    | A1 v -> ZN ^ | NAND2_X4 | 0.043 |   2.974 |    2.765 | 
     | datapath/pc_plus_imm/FA_GEN[19].fa_i/g153__4319    | A1 ^ -> ZN v | NAND2_X4 | 0.032 |   3.006 |    2.797 | 
     | datapath/pc_plus_imm/FA_GEN[20].fa_i/g155__2802    | A1 v -> ZN ^ | NAND2_X2 | 0.045 |   3.051 |    2.842 | 
     | datapath/pc_plus_imm/FA_GEN[20].fa_i/g153__1617    | A1 ^ -> ZN v | NAND2_X2 | 0.041 |   3.092 |    2.883 | 
     | datapath/pc_plus_imm/FA_GEN[21].fa_i/g155__1881    | A1 v -> ZN ^ | NAND2_X2 | 0.046 |   3.138 |    2.929 | 
     | datapath/pc_plus_imm/FA_GEN[21].fa_i/g153__7098    | A1 ^ -> ZN v | NAND2_X2 | 0.039 |   3.177 |    2.968 | 
     | datapath/pc_plus_imm/FA_GEN[22].fa_i/g155__6161    | A1 v -> ZN ^ | NAND2_X2 | 0.045 |   3.222 |    3.013 | 
     | datapath/pc_plus_imm/FA_GEN[22].fa_i/g153__4733    | A1 ^ -> ZN v | NAND2_X2 | 0.039 |   3.261 |    3.052 | 
     | datapath/pc_plus_imm/FA_GEN[23].fa_i/g155__1666    | A1 v -> ZN ^ | NAND2_X2 | 0.057 |   3.319 |    3.110 | 
     | datapath/pc_plus_imm/FA_GEN[23].fa_i/g153__2346    | A1 ^ -> ZN v | NAND2_X4 | 0.042 |   3.361 |    3.152 | 
     | datapath/pc_plus_imm/FA_GEN[24].fa_i/FE_RC_536_0   | A1 v -> ZN ^ | NAND2_X4 | 0.044 |   3.405 |    3.196 | 
     | datapath/pc_plus_imm/FA_GEN[24].fa_i/g153__2398    | A1 ^ -> ZN v | NAND2_X4 | 0.037 |   3.442 |    3.233 | 
     | datapath/pc_plus_imm/FA_GEN[25].fa_i/g155__6783    | A1 v -> ZN ^ | NAND2_X4 | 0.044 |   3.486 |    3.277 | 
     | datapath/pc_plus_imm/FA_GEN[25].fa_i/g153__5526    | A1 ^ -> ZN v | NAND2_X4 | 0.036 |   3.522 |    3.313 | 
     | datapath/pc_plus_imm/FA_GEN[26].fa_i/g155__5122    | A1 v -> ZN ^ | NAND2_X4 | 0.043 |   3.566 |    3.356 | 
     | datapath/pc_plus_imm/FA_GEN[26].fa_i/g153__1705    | A1 ^ -> ZN v | NAND2_X4 | 0.034 |   3.600 |    3.391 | 
     | datapath/pc_plus_imm/FA_GEN[27].fa_i/g155__5115    | A1 v -> ZN ^ | NAND2_X2 | 0.045 |   3.644 |    3.435 | 
     | datapath/pc_plus_imm/FA_GEN[27].fa_i/g153__1881    | A1 ^ -> ZN v | NAND2_X2 | 0.039 |   3.684 |    3.475 | 
     | datapath/pc_plus_imm/FA_GEN[28].fa_i/g155__9945    | A1 v -> ZN ^ | NAND2_X2 | 0.045 |   3.729 |    3.519 | 
     | datapath/pc_plus_imm/FA_GEN[28].fa_i/g153__9315    | A1 ^ -> ZN v | NAND2_X2 | 0.039 |   3.768 |    3.559 | 
     | datapath/pc_plus_imm/FE_OCPC551_cout_29            | A v -> Z v   | BUF_X1   | 0.095 |   3.863 |    3.653 | 
     | datapath/pc_plus_imm/FA_GEN[29].fa_i/FE_RC_524_0   | A1 v -> ZN ^ | NAND2_X1 | 0.046 |   3.909 |    3.700 | 
     | datapath/pc_plus_imm/FA_GEN[29].fa_i/FE_RC_541_0   | A ^ -> ZN v  | OAI21_X1 | 0.049 |   3.958 |    3.749 | 
     | datapath/branch_or_inc_4/g861__1881                | A1 v -> ZN ^ | NAND2_X1 | 0.047 |   4.005 |    3.796 | 
     | datapath/branch_or_inc_4/g834__5115                | A1 ^ -> ZN v | NAND2_X1 | 0.037 |   4.042 |    3.833 | 
     | datapath/FE_RC_549_0                               | A1 v -> ZN ^ | NAND2_X1 | 0.046 |   4.088 |    3.879 | 
     | datapath/FE_RC_546_0                               | A1 ^ -> ZN v | NAND2_X1 | 0.037 |   4.125 |    3.916 | 
     | datapath/IF_pc_reg[29]                             | D v          | DFFR_X1  | 0.000 |   4.125 |    3.916 | 
     +-----------------------------------------------------------------------------------------------------------+ 
Path 7: VIOLATED Setup Check with Pin datapath/EXMEM_aluResult_reg[26]/CK 
Endpoint:   datapath/EXMEM_aluResult_reg[26]/D (v) checked with  leading edge 
of 'clk'
Beginpoint: datapath/EXMEM_aluResult_reg[0]/Q  (^) triggered by  leading edge 
of 'clk'
Path Groups: {reg2reg}
Analysis View: RPT_SLOW
Other End Arrival Time          0.703
- Setup                         0.136
+ Phase Shift                   3.400
+ CPPR Adjustment               0.000
- Uncertainty                   0.100
= Required Time                 3.867
- Arrival Time                  4.063
= Slack Time                   -0.196
     Clock Rise Edge                 0.000
     + Clock Network Latency (Prop)  0.974
     = Beginpoint Arrival Time       0.974
     +------------------------------------------------------------------------------------------------------------+ 
     |                      Instance                      |     Arc      |   Cell    | Delay | Arrival | Required | 
     |                                                    |              |           |       |  Time   |   Time   | 
     |----------------------------------------------------+--------------+-----------+-------+---------+----------| 
     | datapath/EXMEM_aluResult_reg[0]                    | CK ^         |           |       |   0.974 |    0.778 | 
     | datapath/EXMEM_aluResult_reg[0]                    | CK ^ -> Q ^  | DFFR_X1   | 0.468 |   1.442 |    1.246 | 
     | datapath/FE_RC_759_0                               | A1 ^ -> ZN ^ | OR2_X4    | 0.109 |   1.551 |    1.355 | 
     | datapath/FE_RC_711_0                               | A1 ^ -> ZN v | NAND2_X4  | 0.036 |   1.587 |    1.391 | 
     | datapath/FE_RC_735_0                               | A1 v -> ZN ^ | NAND2_X4  | 0.044 |   1.632 |    1.435 | 
     | datapath/FE_RC_772_0                               | A2 ^ -> ZN v | NAND3_X4  | 0.059 |   1.690 |    1.494 | 
     | datapath/ALU_ALU_GEN[0].slice_i_bitAdder/FE_RC_451 | A1 v -> ZN ^ | NAND2_X4  | 0.049 |   1.739 |    1.543 | 
     | _0                                                 |              |           |       |         |          | 
     | datapath/ALU_ALU_GEN[0].slice_i_bitAdder/FE_RC_450 | A1 ^ -> ZN v | NAND2_X4  | 0.036 |   1.776 |    1.579 | 
     | _0                                                 |              |           |       |         |          | 
     | datapath/ALU_ALU_GEN[1].slice_i_bitAdder/FE_RC_767 | A1 v -> ZN ^ | NAND2_X4  | 0.044 |   1.820 |    1.623 | 
     | _0                                                 |              |           |       |         |          | 
     | datapath/ALU_ALU_GEN[1].slice_i_bitAdder/FE_RC_263 | A1 ^ -> ZN v | NAND2_X4  | 0.035 |   1.855 |    1.659 | 
     | _0                                                 |              |           |       |         |          | 
     | datapath/ALU_ALU_GEN[2].slice_i_bitAdder/FE_RC_278 | A1 v -> ZN ^ | NAND2_X4  | 0.042 |   1.897 |    1.701 | 
     | _0                                                 |              |           |       |         |          | 
     | datapath/ALU_ALU_GEN[2].slice_i_bitAdder/FE_RC_277 | A1 ^ -> ZN v | NAND2_X4  | 0.038 |   1.935 |    1.738 | 
     | _0                                                 |              |           |       |         |          | 
     | datapath/ALU_ALU_GEN[3].slice_i_bitAdder/FE_RC_119 | A1 v -> ZN ^ | NAND2_X4  | 0.043 |   1.978 |    1.781 | 
     | _0                                                 |              |           |       |         |          | 
     | datapath/ALU_ALU_GEN[3].slice_i_bitAdder/FE_RC_118 | A1 ^ -> ZN v | NAND2_X4  | 0.036 |   2.014 |    1.817 | 
     | _0                                                 |              |           |       |         |          | 
     | datapath/ALU_ALU_GEN[4].slice_i_bitAdder/g158__170 | A1 v -> ZN ^ | NAND2_X4  | 0.042 |   2.056 |    1.860 | 
     | 5                                                  |              |           |       |         |          | 
     | datapath/ALU_ALU_GEN[4].slice_i_bitAdder/g156__161 | A1 ^ -> ZN v | NAND2_X4  | 0.038 |   2.094 |    1.898 | 
     | 7                                                  |              |           |       |         |          | 
     | datapath/ALU_ALU_GEN[5].slice_i_bitAdder/g158__616 | A1 v -> ZN ^ | NAND2_X4  | 0.043 |   2.137 |    1.941 | 
     | 1                                                  |              |           |       |         |          | 
     | datapath/ALU_ALU_GEN[5].slice_i_bitAdder/g156__748 | A1 ^ -> ZN v | NAND2_X4  | 0.041 |   2.178 |    1.982 | 
     | 2                                                  |              |           |       |         |          | 
     | datapath/ALU_ALU_GEN[6].slice_i_bitAdder/FE_RC_113 | A1 v -> ZN ^ | NAND2_X4  | 0.046 |   2.224 |    2.027 | 
     | _0                                                 |              |           |       |         |          | 
     | datapath/ALU_ALU_GEN[6].slice_i_bitAdder/FE_RC_112 | A1 ^ -> ZN v | NAND2_X4  | 0.036 |   2.260 |    2.064 | 
     | _0                                                 |              |           |       |         |          | 
     | datapath/ALU_ALU_GEN[7].slice_i_bitAdder/FE_RC_683 | A1 v -> ZN ^ | NAND2_X4  | 0.042 |   2.303 |    2.106 | 
     | _0                                                 |              |           |       |         |          | 
     | datapath/ALU_ALU_GEN[7].slice_i_bitAdder/FE_RC_682 | A1 ^ -> ZN v | NAND2_X4  | 0.036 |   2.338 |    2.142 | 
     | _0                                                 |              |           |       |         |          | 
     | datapath/ALU_ALU_GEN[8].slice_i_bitAdder/FE_RC_107 | A1 v -> ZN ^ | NAND2_X4  | 0.042 |   2.380 |    2.184 | 
     | _0                                                 |              |           |       |         |          | 
     | datapath/ALU_ALU_GEN[8].slice_i_bitAdder/FE_RC_106 | A1 ^ -> ZN v | NAND2_X4  | 0.035 |   2.416 |    2.219 | 
     | _0                                                 |              |           |       |         |          | 
     | datapath/ALU_ALU_GEN[9].slice_i_bitAdder/FE_RC_775 | A1 v -> ZN ^ | NAND2_X4  | 0.042 |   2.458 |    2.261 | 
     | _0                                                 |              |           |       |         |          | 
     | datapath/ALU_ALU_GEN[9].slice_i_bitAdder/FE_RC_774 | A1 ^ -> ZN v | NAND2_X4  | 0.037 |   2.495 |    2.299 | 
     | _0                                                 |              |           |       |         |          | 
     | datapath/ALU_ALU_GEN[10].slice_i_bitAdder/g149__55 | A1 v -> ZN ^ | NAND2_X4  | 0.043 |   2.538 |    2.342 | 
     | 26                                                 |              |           |       |         |          | 
     | datapath/ALU_ALU_GEN[10].slice_i_bitAdder/g147__43 | A1 ^ -> ZN v | NAND2_X4  | 0.036 |   2.574 |    2.377 | 
     | 19                                                 |              |           |       |         |          | 
     | datapath/ALU_ALU_GEN[11].slice_i_bitAdder/g158__70 | A1 v -> ZN ^ | NAND2_X4  | 0.043 |   2.617 |    2.420 | 
     | 98                                                 |              |           |       |         |          | 
     | datapath/ALU_ALU_GEN[11].slice_i_bitAdder/g156__51 | A1 ^ -> ZN v | NAND2_X4  | 0.036 |   2.653 |    2.457 | 
     | 22                                                 |              |           |       |         |          | 
     | datapath/ALU_ALU_GEN[12].slice_i_bitAdder/g158__99 | A1 v -> ZN ^ | NAND2_X4  | 0.043 |   2.696 |    2.500 | 
     | 45                                                 |              |           |       |         |          | 
     | datapath/ALU_ALU_GEN[12].slice_i_bitAdder/g156__61 | A1 ^ -> ZN v | NAND2_X4  | 0.036 |   2.732 |    2.536 | 
     | 61                                                 |              |           |       |         |          | 
     | datapath/ALU_ALU_GEN[13].slice_i_bitAdder/g158__51 | A1 v -> ZN ^ | NAND2_X4  | 0.043 |   2.775 |    2.579 | 
     | 07                                                 |              |           |       |         |          | 
     | datapath/ALU_ALU_GEN[13].slice_i_bitAdder/g156__54 | A1 ^ -> ZN v | NAND2_X4  | 0.036 |   2.811 |    2.615 | 
     | 77                                                 |              |           |       |         |          | 
     | datapath/ALU_ALU_GEN[14].slice_i_bitAdder/g155__28 | A1 v -> ZN ^ | NAND2_X4  | 0.043 |   2.854 |    2.658 | 
     | 02                                                 |              |           |       |         |          | 
     | datapath/ALU_ALU_GEN[14].slice_i_bitAdder/g153__36 | A1 ^ -> ZN v | NAND2_X4  | 0.037 |   2.891 |    2.695 | 
     | 80                                                 |              |           |       |         |          | 
     | datapath/ALU_ALU_GEN[15].slice_i_bitAdder/FE_RC_10 | A1 v -> ZN ^ | NAND2_X4  | 0.043 |   2.934 |    2.738 | 
     | 3_0                                                |              |           |       |         |          | 
     | datapath/ALU_ALU_GEN[15].slice_i_bitAdder/FE_RC_10 | A1 ^ -> ZN v | NAND2_X4  | 0.036 |   2.970 |    2.774 | 
     | 2_0                                                |              |           |       |         |          | 
     | datapath/ALU_ALU_GEN[16].slice_i_bitAdder/g158__16 | A1 v -> ZN ^ | NAND2_X4  | 0.043 |   3.013 |    2.817 | 
     | 66                                                 |              |           |       |         |          | 
     | datapath/ALU_ALU_GEN[16].slice_i_bitAdder/g156__23 | A1 ^ -> ZN v | NAND2_X4  | 0.040 |   3.053 |    2.856 | 
     | 46                                                 |              |           |       |         |          | 
     | datapath/ALU_ALU_GEN[17].slice_i_bitAdder/FE_RC_67 | A1 v -> ZN ^ | NAND2_X4  | 0.045 |   3.098 |    2.901 | 
     | 6_0                                                |              |           |       |         |          | 
     | datapath/ALU_ALU_GEN[17].slice_i_bitAdder/FE_RC_67 | A1 ^ -> ZN v | NAND2_X4  | 0.036 |   3.134 |    2.937 | 
     | 5_0                                                |              |           |       |         |          | 
     | datapath/ALU_ALU_GEN[18].slice_i_bitAdder/g155__61 | A1 v -> ZN ^ | NAND2_X4  | 0.043 |   3.176 |    2.980 | 
     | 31                                                 |              |           |       |         |          | 
     | datapath/ALU_ALU_GEN[18].slice_i_bitAdder/g153__70 | A1 ^ -> ZN v | NAND2_X4  | 0.036 |   3.213 |    3.016 | 
     | 98                                                 |              |           |       |         |          | 
     | datapath/ALU_ALU_GEN[19].slice_i_bitAdder/g158__23 | A1 v -> ZN ^ | NAND2_X4  | 0.043 |   3.256 |    3.060 | 
     | 46                                                 |              |           |       |         |          | 
     | datapath/ALU_ALU_GEN[19].slice_i_bitAdder/g156__28 | A1 ^ -> ZN v | NAND2_X4  | 0.036 |   3.292 |    3.096 | 
     | 83                                                 |              |           |       |         |          | 
     | datapath/ALU_ALU_GEN[20].slice_i_bitAdder/g158__84 | A1 v -> ZN ^ | NAND2_X4  | 0.043 |   3.335 |    3.138 | 
     | 28                                                 |              |           |       |         |          | 
     | datapath/ALU_ALU_GEN[20].slice_i_bitAdder/g156__43 | A1 ^ -> ZN v | NAND2_X4  | 0.040 |   3.374 |    3.178 | 
     | 19                                                 |              |           |       |         |          | 
     | datapath/ALU_ALU_GEN[21].slice_i_bitAdder/g158__70 | A1 v -> ZN ^ | NAND2_X4  | 0.045 |   3.419 |    3.223 | 
     | 98                                                 |              |           |       |         |          | 
     | datapath/ALU_ALU_GEN[21].slice_i_bitAdder/g156__82 | A1 ^ -> ZN v | NAND2_X4  | 0.038 |   3.457 |    3.260 | 
     | 46                                                 |              |           |       |         |          | 
     | datapath/ALU_ALU_GEN[22].slice_i_bitAdder/g155__99 | A1 v -> ZN ^ | NAND2_X4  | 0.043 |   3.500 |    3.304 | 
     | 45                                                 |              |           |       |         |          | 
     | datapath/ALU_ALU_GEN[22].slice_i_bitAdder/g153__93 | A1 ^ -> ZN v | NAND2_X4  | 0.036 |   3.536 |    3.340 | 
     | 15                                                 |              |           |       |         |          | 
     | datapath/ALU_ALU_GEN[23].slice_i_bitAdder/g158__51 | A1 v -> ZN ^ | NAND2_X4  | 0.043 |   3.579 |    3.382 | 
     | 07                                                 |              |           |       |         |          | 
     | datapath/ALU_ALU_GEN[23].slice_i_bitAdder/g156__23 | A1 ^ -> ZN v | NAND2_X4  | 0.037 |   3.615 |    3.419 | 
     | 98                                                 |              |           |       |         |          | 
     | datapath/ALU_ALU_GEN[24].slice_i_bitAdder/g158__17 | A1 v -> ZN ^ | NAND2_X4  | 0.043 |   3.659 |    3.462 | 
     | 05                                                 |              |           |       |         |          | 
     | datapath/ALU_ALU_GEN[24].slice_i_bitAdder/g156__16 | A1 ^ -> ZN v | NAND2_X4  | 0.039 |   3.698 |    3.502 | 
     | 17                                                 |              |           |       |         |          | 
     | datapath/ALU_ALU_GEN[25].slice_i_bitAdder/g158__74 | A1 v -> ZN ^ | NAND2_X4  | 0.045 |   3.743 |    3.547 | 
     | 82                                                 |              |           |       |         |          | 
     | datapath/ALU_ALU_GEN[25].slice_i_bitAdder/g156__51 | A1 ^ -> ZN v | NAND2_X4  | 0.036 |   3.779 |    3.583 | 
     | 15                                                 |              |           |       |         |          | 
     | datapath/FE_OCPC376_ALU_cout_26                    | A v -> Z v   | CLKBUF_X1 | 0.100 |   3.879 |    3.683 | 
     | datapath/ALU_ALU_GEN[26].slice_i_bitAdder/FE_RC_59 | A1 v -> ZN ^ | NAND2_X1  | 0.050 |   3.929 |    3.733 | 
     | 2_0                                                |              |           |       |         |          | 
     | datapath/ALU_ALU_GEN[26].slice_i_bitAdder/FE_RC_59 | A ^ -> ZN v  | OAI21_X1  | 0.049 |   3.978 |    3.782 | 
     | 1_0                                                |              |           |       |         |          | 
     | datapath/ALU_ALU_GEN[26].slice_i_resultMux/FE_RC_6 | A1 v -> ZN ^ | NAND2_X1  | 0.047 |   4.025 |    3.829 | 
     | 01_0                                               |              |           |       |         |          | 
     | datapath/ALU_ALU_GEN[26].slice_i_resultMux/g145__5 | A1 ^ -> ZN v | NAND2_X1  | 0.038 |   4.063 |    3.867 | 
     | 107                                                |              |           |       |         |          | 
     | datapath/EXMEM_aluResult_reg[26]                   | D v          | DFFR_X1   | 0.000 |   4.063 |    3.867 | 
     +------------------------------------------------------------------------------------------------------------+ 
Path 8: VIOLATED Setup Check with Pin datapath/IF_pc_reg[28]/CK 
Endpoint:   datapath/IF_pc_reg[28]/D     (v) checked with  leading edge of 'clk'
Beginpoint: datapath/IFID_instr_reg[5]/Q (^) triggered by  leading edge of 'clk'
Path Groups: {reg2reg}
Analysis View: RPT_SLOW
Other End Arrival Time          0.698
- Setup                         0.133
+ Phase Shift                   3.400
+ CPPR Adjustment               0.000
- Uncertainty                   0.100
= Required Time                 3.865
- Arrival Time                  4.046
= Slack Time                   -0.181
     Clock Rise Edge                 0.000
     + Clock Network Latency (Prop)  0.665
     = Beginpoint Arrival Time       0.665
     +-----------------------------------------------------------------------------------------------------------+ 
     |                      Instance                      |     Arc      |   Cell   | Delay | Arrival | Required | 
     |                                                    |              |          |       |  Time   |   Time   | 
     |----------------------------------------------------+--------------+----------+-------+---------+----------| 
     | datapath/IFID_instr_reg[5]                         | CK ^         |          |       |   0.665 |    0.484 | 
     | datapath/IFID_instr_reg[5]                         | CK ^ -> Q ^  | DFFR_X1  | 0.388 |   1.053 |    0.872 | 
     | datapath/FE_OCPC578_FE_RN_2                        | A ^ -> Z ^   | BUF_X4   | 0.082 |   1.135 |    0.954 | 
     | datapath/immediate_generation/FE_OCPC343_IFID_opco | A ^ -> ZN v  | INV_X1   | 0.037 |   1.172 |    0.991 | 
     | de_5                                               |              |          |       |         |          | 
     | datapath/immediate_generation/FE_RC_653_0          | A2 v -> ZN ^ | NAND4_X4 | 0.062 |   1.234 |    1.053 | 
     | datapath/immediate_generation/g3418__1666          | A2 ^ -> ZN v | NAND2_X4 | 0.053 |   1.287 |    1.106 | 
     | datapath/immediate_generation/g3413__9315          | A1 v -> ZN ^ | NAND2_X2 | 0.061 |   1.349 |    1.168 | 
     | datapath/immediate_generation/g3399__2802          | A2 ^ -> ZN v | NAND2_X4 | 0.048 |   1.396 |    1.215 | 
     | datapath/pc_plus_imm/FA_GEN[2].fa_i/FE_RC_538_0    | A v -> ZN ^  | INV_X2   | 0.043 |   1.439 |    1.258 | 
     | datapath/pc_plus_imm/FA_GEN[2].fa_i/g157__2398     | A1 ^ -> ZN v | NAND2_X2 | 0.033 |   1.472 |    1.291 | 
     | datapath/pc_plus_imm/FA_GEN[2].fa_i/g155__6417     | A2 v -> ZN ^ | NAND2_X2 | 0.052 |   1.524 |    1.343 | 
     | datapath/pc_plus_imm/FA_GEN[2].fa_i/g153__1666     | A1 ^ -> ZN v | NAND2_X2 | 0.039 |   1.562 |    1.381 | 
     | datapath/pc_plus_imm/FA_GEN[3].fa_i/g155__8428     | A1 v -> ZN ^ | NAND2_X2 | 0.046 |   1.608 |    1.427 | 
     | datapath/pc_plus_imm/FA_GEN[3].fa_i/g153__6260     | A1 ^ -> ZN v | NAND2_X2 | 0.041 |   1.649 |    1.468 | 
     | datapath/pc_plus_imm/FA_GEN[4].fa_i/g155__1705     | A1 v -> ZN ^ | NAND2_X2 | 0.058 |   1.707 |    1.526 | 
     | datapath/pc_plus_imm/FA_GEN[4].fa_i/g153__1617     | A1 ^ -> ZN v | NAND2_X4 | 0.047 |   1.755 |    1.573 | 
     | datapath/pc_plus_imm/FA_GEN[5].fa_i/g155__5115     | A1 v -> ZN ^ | NAND2_X4 | 0.046 |   1.801 |    1.620 | 
     | datapath/pc_plus_imm/FA_GEN[5].fa_i/g153__6131     | A1 ^ -> ZN v | NAND2_X4 | 0.033 |   1.833 |    1.652 | 
     | datapath/pc_plus_imm/FA_GEN[6].fa_i/g155__2883     | A1 v -> ZN ^ | NAND2_X2 | 0.044 |   1.878 |    1.697 | 
     | datapath/pc_plus_imm/FA_GEN[6].fa_i/g153__9315     | A1 ^ -> ZN v | NAND2_X2 | 0.040 |   1.918 |    1.737 | 
     | datapath/pc_plus_imm/FA_GEN[7].fa_i/g155__2398     | A1 v -> ZN ^ | NAND2_X2 | 0.058 |   1.976 |    1.794 | 
     | datapath/pc_plus_imm/FA_GEN[7].fa_i/g153__6417     | A1 ^ -> ZN v | NAND2_X4 | 0.041 |   2.017 |    1.836 | 
     | datapath/pc_plus_imm/FA_GEN[8].fa_i/g155__6783     | A1 v -> ZN ^ | NAND2_X4 | 0.044 |   2.061 |    1.879 | 
     | datapath/pc_plus_imm/FA_GEN[8].fa_i/g153__8428     | A1 ^ -> ZN v | NAND2_X4 | 0.036 |   2.097 |    1.915 | 
     | datapath/pc_plus_imm/FA_GEN[9].fa_i/g155__5122     | A1 v -> ZN ^ | NAND2_X4 | 0.043 |   2.139 |    1.958 | 
     | datapath/pc_plus_imm/FA_GEN[9].fa_i/g153__2802     | A1 ^ -> ZN v | NAND2_X4 | 0.037 |   2.176 |    1.995 | 
     | datapath/pc_plus_imm/FA_GEN[10].fa_i/g137__5115    | A1 v -> ZN ^ | NAND2_X4 | 0.044 |   2.220 |    2.039 | 
     | datapath/pc_plus_imm/FA_GEN[10].fa_i/g135__6131    | A1 ^ -> ZN v | NAND2_X4 | 0.032 |   2.252 |    2.071 | 
     | datapath/pc_plus_imm/FA_GEN[11].fa_i/g137__9945    | A1 v -> ZN ^ | NAND2_X2 | 0.043 |   2.296 |    2.114 | 
     | datapath/pc_plus_imm/FA_GEN[11].fa_i/g135__6161    | A1 ^ -> ZN v | NAND2_X2 | 0.039 |   2.335 |    2.153 | 
     | datapath/pc_plus_imm/FA_GEN[12].fa_i/g137__6417    | A1 v -> ZN ^ | NAND2_X2 | 0.045 |   2.379 |    2.198 | 
     | datapath/pc_plus_imm/FA_GEN[12].fa_i/g135__1666    | A1 ^ -> ZN v | NAND2_X2 | 0.039 |   2.418 |    2.237 | 
     | datapath/pc_plus_imm/FA_GEN[13].fa_i/FE_RC_534_0   | A1 v -> ZN ^ | NAND2_X2 | 0.057 |   2.475 |    2.294 | 
     | datapath/pc_plus_imm/FA_GEN[13].fa_i/g135__5107    | A1 ^ -> ZN v | NAND2_X4 | 0.043 |   2.519 |    2.338 | 
     | datapath/pc_plus_imm/FA_GEN[14].fa_i/g155__1617    | A1 v -> ZN ^ | NAND2_X4 | 0.044 |   2.563 |    2.382 | 
     | datapath/pc_plus_imm/FA_GEN[14].fa_i/g153__6783    | A1 ^ -> ZN v | NAND2_X4 | 0.037 |   2.600 |    2.419 | 
     | datapath/pc_plus_imm/FA_GEN[15].fa_i/g155__7098    | A1 v -> ZN ^ | NAND2_X4 | 0.044 |   2.644 |    2.463 | 
     | datapath/pc_plus_imm/FA_GEN[15].fa_i/g153__5122    | A1 ^ -> ZN v | NAND2_X4 | 0.037 |   2.681 |    2.500 | 
     | datapath/pc_plus_imm/FA_GEN[16].fa_i/g155__4733    | A1 v -> ZN ^ | NAND2_X4 | 0.043 |   2.724 |    2.543 | 
     | datapath/pc_plus_imm/FA_GEN[16].fa_i/g153__5115    | A1 ^ -> ZN v | NAND2_X4 | 0.033 |   2.758 |    2.576 | 
     | datapath/pc_plus_imm/FA_GEN[17].fa_i/g155__2346    | A1 v -> ZN ^ | NAND2_X2 | 0.044 |   2.802 |    2.621 | 
     | datapath/pc_plus_imm/FA_GEN[17].fa_i/g153__9945    | A1 ^ -> ZN v | NAND2_X2 | 0.046 |   2.848 |    2.667 | 
     | datapath/pc_plus_imm/FA_GEN[18].fa_i/FE_RC_535_0   | A1 v -> ZN ^ | NAND2_X4 | 0.046 |   2.894 |    2.713 | 
     | datapath/pc_plus_imm/FA_GEN[18].fa_i/g153__6417    | A1 ^ -> ZN v | NAND2_X4 | 0.037 |   2.931 |    2.750 | 
     | datapath/pc_plus_imm/FA_GEN[19].fa_i/g155__5526    | A1 v -> ZN ^ | NAND2_X4 | 0.043 |   2.974 |    2.793 | 
     | datapath/pc_plus_imm/FA_GEN[19].fa_i/g153__4319    | A1 ^ -> ZN v | NAND2_X4 | 0.032 |   3.006 |    2.825 | 
     | datapath/pc_plus_imm/FA_GEN[20].fa_i/g155__2802    | A1 v -> ZN ^ | NAND2_X2 | 0.045 |   3.051 |    2.870 | 
     | datapath/pc_plus_imm/FA_GEN[20].fa_i/g153__1617    | A1 ^ -> ZN v | NAND2_X2 | 0.041 |   3.092 |    2.911 | 
     | datapath/pc_plus_imm/FA_GEN[21].fa_i/g155__1881    | A1 v -> ZN ^ | NAND2_X2 | 0.046 |   3.138 |    2.957 | 
     | datapath/pc_plus_imm/FA_GEN[21].fa_i/g153__7098    | A1 ^ -> ZN v | NAND2_X2 | 0.039 |   3.177 |    2.996 | 
     | datapath/pc_plus_imm/FA_GEN[22].fa_i/g155__6161    | A1 v -> ZN ^ | NAND2_X2 | 0.045 |   3.222 |    3.041 | 
     | datapath/pc_plus_imm/FA_GEN[22].fa_i/g153__4733    | A1 ^ -> ZN v | NAND2_X2 | 0.039 |   3.261 |    3.080 | 
     | datapath/pc_plus_imm/FA_GEN[23].fa_i/g155__1666    | A1 v -> ZN ^ | NAND2_X2 | 0.057 |   3.319 |    3.138 | 
     | datapath/pc_plus_imm/FA_GEN[23].fa_i/g153__2346    | A1 ^ -> ZN v | NAND2_X4 | 0.042 |   3.361 |    3.180 | 
     | datapath/pc_plus_imm/FA_GEN[24].fa_i/FE_RC_536_0   | A1 v -> ZN ^ | NAND2_X4 | 0.044 |   3.405 |    3.224 | 
     | datapath/pc_plus_imm/FA_GEN[24].fa_i/g153__2398    | A1 ^ -> ZN v | NAND2_X4 | 0.037 |   3.442 |    3.261 | 
     | datapath/pc_plus_imm/FA_GEN[25].fa_i/g155__6783    | A1 v -> ZN ^ | NAND2_X4 | 0.044 |   3.486 |    3.305 | 
     | datapath/pc_plus_imm/FA_GEN[25].fa_i/g153__5526    | A1 ^ -> ZN v | NAND2_X4 | 0.036 |   3.522 |    3.341 | 
     | datapath/pc_plus_imm/FA_GEN[26].fa_i/g155__5122    | A1 v -> ZN ^ | NAND2_X4 | 0.043 |   3.566 |    3.385 | 
     | datapath/pc_plus_imm/FA_GEN[26].fa_i/g153__1705    | A1 ^ -> ZN v | NAND2_X4 | 0.034 |   3.600 |    3.419 | 
     | datapath/pc_plus_imm/FA_GEN[27].fa_i/g155__5115    | A1 v -> ZN ^ | NAND2_X2 | 0.045 |   3.644 |    3.463 | 
     | datapath/pc_plus_imm/FA_GEN[27].fa_i/g153__1881    | A1 ^ -> ZN v | NAND2_X2 | 0.039 |   3.684 |    3.503 | 
     | datapath/pc_plus_imm/FE_OCPC550_cout_28            | A v -> Z v   | BUF_X1   | 0.095 |   3.779 |    3.598 | 
     | datapath/pc_plus_imm/FA_GEN[28].fa_i/FE_RC_543_0   | A1 v -> ZN ^ | NAND2_X1 | 0.048 |   3.827 |    3.646 | 
     | datapath/pc_plus_imm/FA_GEN[28].fa_i/FE_RC_542_0   | A ^ -> ZN v  | OAI21_X1 | 0.050 |   3.876 |    3.695 | 
     | datapath/branch_or_inc_4/g859__7098                | A1 v -> ZN ^ | NAND2_X1 | 0.048 |   3.925 |    3.744 | 
     | datapath/branch_or_inc_4/g816__6417                | A1 ^ -> ZN v | NAND2_X1 | 0.038 |   3.963 |    3.782 | 
     | datapath/FE_RC_559_0                               | A1 v -> ZN ^ | NAND2_X1 | 0.046 |   4.009 |    3.828 | 
     | datapath/FE_RC_556_0                               | A1 ^ -> ZN v | NAND2_X1 | 0.037 |   4.046 |    3.865 | 
     | datapath/IF_pc_reg[28]                             | D v          | DFFR_X1  | 0.000 |   4.046 |    3.865 | 
     +-----------------------------------------------------------------------------------------------------------+ 
Path 9: VIOLATED Setup Check with Pin datapath/EXMEM_aluResult_reg[24]/CK 
Endpoint:   datapath/EXMEM_aluResult_reg[24]/D (^) checked with  leading edge 
of 'clk'
Beginpoint: datapath/EXMEM_aluResult_reg[0]/Q  (^) triggered by  leading edge 
of 'clk'
Path Groups: {reg2reg}
Analysis View: RPT_SLOW
Other End Arrival Time          0.602
- Setup                         0.072
+ Phase Shift                   3.400
+ CPPR Adjustment               0.000
- Uncertainty                   0.100
= Required Time                 3.830
- Arrival Time                  3.974
= Slack Time                   -0.144
     Clock Rise Edge                 0.000
     + Clock Network Latency (Prop)  0.974
     = Beginpoint Arrival Time       0.974
     +------------------------------------------------------------------------------------------------------------+ 
     |                      Instance                      |     Arc      |   Cell    | Delay | Arrival | Required | 
     |                                                    |              |           |       |  Time   |   Time   | 
     |----------------------------------------------------+--------------+-----------+-------+---------+----------| 
     | datapath/EXMEM_aluResult_reg[0]                    | CK ^         |           |       |   0.974 |    0.830 | 
     | datapath/EXMEM_aluResult_reg[0]                    | CK ^ -> Q ^  | DFFR_X1   | 0.468 |   1.442 |    1.298 | 
     | datapath/FE_RC_756_0                               | A2 ^ -> ZN v | NAND2_X1  | 0.080 |   1.522 |    1.378 | 
     | datapath/FE_RC_727_0                               | A1 v -> ZN ^ | NAND2_X2  | 0.070 |   1.592 |    1.448 | 
     | datapath/ALU_ALU_GEN[0].slice_i_bitAdder/FE_RC_737 | A ^ -> ZN v  | INV_X2    | 0.036 |   1.628 |    1.484 | 
     | _0                                                 |              |           |       |         |          | 
     | datapath/ALU_ALU_GEN[0].slice_i_bitAdder/g221__626 | A1 v -> ZN ^ | NAND2_X4  | 0.042 |   1.670 |    1.526 | 
     | 0                                                  |              |           |       |         |          | 
     | datapath/ALU_ALU_GEN[0].slice_i_bitAdder/FE_RC_451 | A2 ^ -> ZN v | NAND2_X4  | 0.038 |   1.708 |    1.564 | 
     | _0                                                 |              |           |       |         |          | 
     | datapath/ALU_ALU_GEN[0].slice_i_bitAdder/FE_RC_450 | A1 v -> ZN ^ | NAND2_X4  | 0.046 |   1.754 |    1.610 | 
     | _0                                                 |              |           |       |         |          | 
     | datapath/ALU_ALU_GEN[1].slice_i_bitAdder/FE_RC_767 | A1 ^ -> ZN v | NAND2_X4  | 0.036 |   1.790 |    1.646 | 
     | _0                                                 |              |           |       |         |          | 
     | datapath/ALU_ALU_GEN[1].slice_i_bitAdder/FE_RC_263 | A1 v -> ZN ^ | NAND2_X4  | 0.044 |   1.834 |    1.690 | 
     | _0                                                 |              |           |       |         |          | 
     | datapath/ALU_ALU_GEN[2].slice_i_bitAdder/FE_RC_278 | A1 ^ -> ZN v | NAND2_X4  | 0.035 |   1.869 |    1.725 | 
     | _0                                                 |              |           |       |         |          | 
     | datapath/ALU_ALU_GEN[2].slice_i_bitAdder/FE_RC_277 | A1 v -> ZN ^ | NAND2_X4  | 0.047 |   1.916 |    1.772 | 
     | _0                                                 |              |           |       |         |          | 
     | datapath/ALU_ALU_GEN[3].slice_i_bitAdder/FE_RC_119 | A1 ^ -> ZN v | NAND2_X4  | 0.037 |   1.953 |    1.809 | 
     | _0                                                 |              |           |       |         |          | 
     | datapath/ALU_ALU_GEN[3].slice_i_bitAdder/FE_RC_118 | A1 v -> ZN ^ | NAND2_X4  | 0.045 |   1.997 |    1.853 | 
     | _0                                                 |              |           |       |         |          | 
     | datapath/ALU_ALU_GEN[4].slice_i_bitAdder/g158__170 | A1 ^ -> ZN v | NAND2_X4  | 0.036 |   2.033 |    1.889 | 
     | 5                                                  |              |           |       |         |          | 
     | datapath/ALU_ALU_GEN[4].slice_i_bitAdder/g156__161 | A1 v -> ZN ^ | NAND2_X4  | 0.047 |   2.080 |    1.936 | 
     | 7                                                  |              |           |       |         |          | 
     | datapath/ALU_ALU_GEN[5].slice_i_bitAdder/g158__616 | A1 ^ -> ZN v | NAND2_X4  | 0.037 |   2.117 |    1.973 | 
     | 1                                                  |              |           |       |         |          | 
     | datapath/ALU_ALU_GEN[5].slice_i_bitAdder/g156__748 | A1 v -> ZN ^ | NAND2_X4  | 0.053 |   2.170 |    2.026 | 
     | 2                                                  |              |           |       |         |          | 
     | datapath/ALU_ALU_GEN[6].slice_i_bitAdder/FE_RC_113 | A1 ^ -> ZN v | NAND2_X4  | 0.040 |   2.211 |    2.067 | 
     | _0                                                 |              |           |       |         |          | 
     | datapath/ALU_ALU_GEN[6].slice_i_bitAdder/FE_RC_112 | A1 v -> ZN ^ | NAND2_X4  | 0.046 |   2.256 |    2.112 | 
     | _0                                                 |              |           |       |         |          | 
     | datapath/ALU_ALU_GEN[7].slice_i_bitAdder/FE_RC_683 | A1 ^ -> ZN v | NAND2_X4  | 0.036 |   2.292 |    2.148 | 
     | _0                                                 |              |           |       |         |          | 
     | datapath/ALU_ALU_GEN[7].slice_i_bitAdder/FE_RC_682 | A1 v -> ZN ^ | NAND2_X4  | 0.044 |   2.336 |    2.192 | 
     | _0                                                 |              |           |       |         |          | 
     | datapath/ALU_ALU_GEN[8].slice_i_bitAdder/FE_RC_107 | A1 ^ -> ZN v | NAND2_X4  | 0.035 |   2.371 |    2.227 | 
     | _0                                                 |              |           |       |         |          | 
     | datapath/ALU_ALU_GEN[8].slice_i_bitAdder/FE_RC_106 | A1 v -> ZN ^ | NAND2_X4  | 0.044 |   2.415 |    2.271 | 
     | _0                                                 |              |           |       |         |          | 
     | datapath/ALU_ALU_GEN[9].slice_i_bitAdder/FE_RC_775 | A1 ^ -> ZN v | NAND2_X4  | 0.035 |   2.450 |    2.306 | 
     | _0                                                 |              |           |       |         |          | 
     | datapath/ALU_ALU_GEN[9].slice_i_bitAdder/FE_RC_774 | A1 v -> ZN ^ | NAND2_X4  | 0.046 |   2.496 |    2.352 | 
     | _0                                                 |              |           |       |         |          | 
     | datapath/ALU_ALU_GEN[10].slice_i_bitAdder/g149__55 | A1 ^ -> ZN v | NAND2_X4  | 0.037 |   2.533 |    2.389 | 
     | 26                                                 |              |           |       |         |          | 
     | datapath/ALU_ALU_GEN[10].slice_i_bitAdder/g147__43 | A1 v -> ZN ^ | NAND2_X4  | 0.044 |   2.577 |    2.433 | 
     | 19                                                 |              |           |       |         |          | 
     | datapath/ALU_ALU_GEN[11].slice_i_bitAdder/g158__70 | A1 ^ -> ZN v | NAND2_X4  | 0.035 |   2.613 |    2.469 | 
     | 98                                                 |              |           |       |         |          | 
     | datapath/ALU_ALU_GEN[11].slice_i_bitAdder/g156__51 | A1 v -> ZN ^ | NAND2_X4  | 0.045 |   2.658 |    2.514 | 
     | 22                                                 |              |           |       |         |          | 
     | datapath/ALU_ALU_GEN[12].slice_i_bitAdder/g158__99 | A1 ^ -> ZN v | NAND2_X4  | 0.036 |   2.694 |    2.550 | 
     | 45                                                 |              |           |       |         |          | 
     | datapath/ALU_ALU_GEN[12].slice_i_bitAdder/g156__61 | A1 v -> ZN ^ | NAND2_X4  | 0.044 |   2.738 |    2.594 | 
     | 61                                                 |              |           |       |         |          | 
     | datapath/ALU_ALU_GEN[13].slice_i_bitAdder/g158__51 | A1 ^ -> ZN v | NAND2_X4  | 0.035 |   2.774 |    2.630 | 
     | 07                                                 |              |           |       |         |          | 
     | datapath/ALU_ALU_GEN[13].slice_i_bitAdder/g156__54 | A1 v -> ZN ^ | NAND2_X4  | 0.044 |   2.818 |    2.674 | 
     | 77                                                 |              |           |       |         |          | 
     | datapath/ALU_ALU_GEN[14].slice_i_bitAdder/g155__28 | A1 ^ -> ZN v | NAND2_X4  | 0.036 |   2.854 |    2.710 | 
     | 02                                                 |              |           |       |         |          | 
     | datapath/ALU_ALU_GEN[14].slice_i_bitAdder/g153__36 | A1 v -> ZN ^ | NAND2_X4  | 0.046 |   2.900 |    2.756 | 
     | 80                                                 |              |           |       |         |          | 
     | datapath/ALU_ALU_GEN[15].slice_i_bitAdder/FE_RC_10 | A1 ^ -> ZN v | NAND2_X4  | 0.036 |   2.936 |    2.792 | 
     | 3_0                                                |              |           |       |         |          | 
     | datapath/ALU_ALU_GEN[15].slice_i_bitAdder/FE_RC_10 | A1 v -> ZN ^ | NAND2_X4  | 0.045 |   2.981 |    2.837 | 
     | 2_0                                                |              |           |       |         |          | 
     | datapath/ALU_ALU_GEN[16].slice_i_bitAdder/g158__16 | A1 ^ -> ZN v | NAND2_X4  | 0.035 |   3.016 |    2.872 | 
     | 66                                                 |              |           |       |         |          | 
     | datapath/ALU_ALU_GEN[16].slice_i_bitAdder/g156__23 | A1 v -> ZN ^ | NAND2_X4  | 0.050 |   3.067 |    2.923 | 
     | 46                                                 |              |           |       |         |          | 
     | datapath/ALU_ALU_GEN[17].slice_i_bitAdder/FE_RC_67 | A1 ^ -> ZN v | NAND2_X4  | 0.038 |   3.105 |    2.961 | 
     | 6_0                                                |              |           |       |         |          | 
     | datapath/ALU_ALU_GEN[17].slice_i_bitAdder/FE_RC_67 | A1 v -> ZN ^ | NAND2_X4  | 0.045 |   3.150 |    3.006 | 
     | 5_0                                                |              |           |       |         |          | 
     | datapath/ALU_ALU_GEN[18].slice_i_bitAdder/g155__61 | A1 ^ -> ZN v | NAND2_X4  | 0.035 |   3.185 |    3.041 | 
     | 31                                                 |              |           |       |         |          | 
     | datapath/ALU_ALU_GEN[18].slice_i_bitAdder/g153__70 | A1 v -> ZN ^ | NAND2_X4  | 0.046 |   3.231 |    3.087 | 
     | 98                                                 |              |           |       |         |          | 
     | datapath/ALU_ALU_GEN[19].slice_i_bitAdder/g158__23 | A1 ^ -> ZN v | NAND2_X4  | 0.036 |   3.267 |    3.123 | 
     | 46                                                 |              |           |       |         |          | 
     | datapath/ALU_ALU_GEN[19].slice_i_bitAdder/g156__28 | A1 v -> ZN ^ | NAND2_X4  | 0.045 |   3.312 |    3.168 | 
     | 83                                                 |              |           |       |         |          | 
     | datapath/ALU_ALU_GEN[20].slice_i_bitAdder/g158__84 | A1 ^ -> ZN v | NAND2_X4  | 0.035 |   3.347 |    3.203 | 
     | 28                                                 |              |           |       |         |          | 
     | datapath/ALU_ALU_GEN[20].slice_i_bitAdder/g156__43 | A1 v -> ZN ^ | NAND2_X4  | 0.051 |   3.398 |    3.254 | 
     | 19                                                 |              |           |       |         |          | 
     | datapath/ALU_ALU_GEN[21].slice_i_bitAdder/g158__70 | A1 ^ -> ZN v | NAND2_X4  | 0.038 |   3.436 |    3.292 | 
     | 98                                                 |              |           |       |         |          | 
     | datapath/ALU_ALU_GEN[21].slice_i_bitAdder/g156__82 | A1 v -> ZN ^ | NAND2_X4  | 0.047 |   3.484 |    3.340 | 
     | 46                                                 |              |           |       |         |          | 
     | datapath/ALU_ALU_GEN[22].slice_i_bitAdder/g155__99 | A1 ^ -> ZN v | NAND2_X4  | 0.036 |   3.520 |    3.376 | 
     | 45                                                 |              |           |       |         |          | 
     | datapath/ALU_ALU_GEN[22].slice_i_bitAdder/g153__93 | A1 v -> ZN ^ | NAND2_X4  | 0.044 |   3.565 |    3.421 | 
     | 15                                                 |              |           |       |         |          | 
     | datapath/ALU_ALU_GEN[23].slice_i_bitAdder/g158__51 | A1 ^ -> ZN v | NAND2_X4  | 0.035 |   3.600 |    3.456 | 
     | 07                                                 |              |           |       |         |          | 
     | datapath/ALU_ALU_GEN[23].slice_i_bitAdder/g156__23 | A1 v -> ZN ^ | NAND2_X4  | 0.046 |   3.646 |    3.502 | 
     | 98                                                 |              |           |       |         |          | 
     | datapath/FE_OCPC814_ALU_cout_24                    | A ^ -> Z ^   | CLKBUF_X1 | 0.105 |   3.751 |    3.607 | 
     | datapath/ALU_ALU_GEN[24].slice_i_bitAdder/FE_RC_80 | A1 ^ -> ZN v | NAND2_X1  | 0.041 |   3.791 |    3.648 | 
     | 3_0                                                |              |           |       |         |          | 
     | datapath/ALU_ALU_GEN[24].slice_i_bitAdder/FE_RC_80 | A v -> ZN ^  | OAI21_X1  | 0.079 |   3.871 |    3.727 | 
     | 2_0                                                |              |           |       |         |          | 
     | datapath/ALU_ALU_GEN[24].slice_i_resultMux/FE_RC_9 | A1 ^ -> ZN v | NAND2_X2  | 0.049 |   3.920 |    3.776 | 
     | 22_0                                               |              |           |       |         |          | 
     | datapath/ALU_ALU_GEN[24].slice_i_resultMux/FE_RC_9 | A1 v -> ZN ^ | NAND2_X1  | 0.054 |   3.974 |    3.830 | 
     | 21_0                                               |              |           |       |         |          | 
     | datapath/EXMEM_aluResult_reg[24]                   | D ^          | DFFR_X1   | 0.000 |   3.974 |    3.830 | 
     +------------------------------------------------------------------------------------------------------------+ 
Path 10: VIOLATED Setup Check with Pin datapath/EXMEM_aluResult_reg[25]/CK 
Endpoint:   datapath/EXMEM_aluResult_reg[25]/D (v) checked with  leading edge 
of 'clk'
Beginpoint: datapath/EXMEM_aluResult_reg[0]/Q  (^) triggered by  leading edge 
of 'clk'
Path Groups: {reg2reg}
Analysis View: RPT_SLOW
Other End Arrival Time          0.703
- Setup                         0.135
+ Phase Shift                   3.400
+ CPPR Adjustment               0.000
- Uncertainty                   0.100
= Required Time                 3.868
- Arrival Time                  3.983
= Slack Time                   -0.115
     Clock Rise Edge                 0.000
     + Clock Network Latency (Prop)  0.974
     = Beginpoint Arrival Time       0.974
     +------------------------------------------------------------------------------------------------------------+ 
     |                      Instance                      |     Arc      |   Cell    | Delay | Arrival | Required | 
     |                                                    |              |           |       |  Time   |   Time   | 
     |----------------------------------------------------+--------------+-----------+-------+---------+----------| 
     | datapath/EXMEM_aluResult_reg[0]                    | CK ^         |           |       |   0.974 |    0.859 | 
     | datapath/EXMEM_aluResult_reg[0]                    | CK ^ -> Q ^  | DFFR_X1   | 0.468 |   1.442 |    1.327 | 
     | datapath/FE_RC_759_0                               | A1 ^ -> ZN ^ | OR2_X4    | 0.109 |   1.551 |    1.436 | 
     | datapath/FE_RC_711_0                               | A1 ^ -> ZN v | NAND2_X4  | 0.036 |   1.587 |    1.473 | 
     | datapath/FE_RC_735_0                               | A1 v -> ZN ^ | NAND2_X4  | 0.044 |   1.632 |    1.517 | 
     | datapath/FE_RC_772_0                               | A2 ^ -> ZN v | NAND3_X4  | 0.059 |   1.690 |    1.575 | 
     | datapath/ALU_ALU_GEN[0].slice_i_bitAdder/FE_RC_451 | A1 v -> ZN ^ | NAND2_X4  | 0.049 |   1.739 |    1.625 | 
     | _0                                                 |              |           |       |         |          | 
     | datapath/ALU_ALU_GEN[0].slice_i_bitAdder/FE_RC_450 | A1 ^ -> ZN v | NAND2_X4  | 0.036 |   1.776 |    1.661 | 
     | _0                                                 |              |           |       |         |          | 
     | datapath/ALU_ALU_GEN[1].slice_i_bitAdder/FE_RC_767 | A1 v -> ZN ^ | NAND2_X4  | 0.044 |   1.820 |    1.705 | 
     | _0                                                 |              |           |       |         |          | 
     | datapath/ALU_ALU_GEN[1].slice_i_bitAdder/FE_RC_263 | A1 ^ -> ZN v | NAND2_X4  | 0.035 |   1.855 |    1.740 | 
     | _0                                                 |              |           |       |         |          | 
     | datapath/ALU_ALU_GEN[2].slice_i_bitAdder/FE_RC_278 | A1 v -> ZN ^ | NAND2_X4  | 0.042 |   1.897 |    1.782 | 
     | _0                                                 |              |           |       |         |          | 
     | datapath/ALU_ALU_GEN[2].slice_i_bitAdder/FE_RC_277 | A1 ^ -> ZN v | NAND2_X4  | 0.038 |   1.935 |    1.820 | 
     | _0                                                 |              |           |       |         |          | 
     | datapath/ALU_ALU_GEN[3].slice_i_bitAdder/FE_RC_119 | A1 v -> ZN ^ | NAND2_X4  | 0.043 |   1.978 |    1.863 | 
     | _0                                                 |              |           |       |         |          | 
     | datapath/ALU_ALU_GEN[3].slice_i_bitAdder/FE_RC_118 | A1 ^ -> ZN v | NAND2_X4  | 0.036 |   2.014 |    1.899 | 
     | _0                                                 |              |           |       |         |          | 
     | datapath/ALU_ALU_GEN[4].slice_i_bitAdder/g158__170 | A1 v -> ZN ^ | NAND2_X4  | 0.042 |   2.056 |    1.941 | 
     | 5                                                  |              |           |       |         |          | 
     | datapath/ALU_ALU_GEN[4].slice_i_bitAdder/g156__161 | A1 ^ -> ZN v | NAND2_X4  | 0.038 |   2.094 |    1.979 | 
     | 7                                                  |              |           |       |         |          | 
     | datapath/ALU_ALU_GEN[5].slice_i_bitAdder/g158__616 | A1 v -> ZN ^ | NAND2_X4  | 0.043 |   2.137 |    2.022 | 
     | 1                                                  |              |           |       |         |          | 
     | datapath/ALU_ALU_GEN[5].slice_i_bitAdder/g156__748 | A1 ^ -> ZN v | NAND2_X4  | 0.041 |   2.178 |    2.063 | 
     | 2                                                  |              |           |       |         |          | 
     | datapath/ALU_ALU_GEN[6].slice_i_bitAdder/FE_RC_113 | A1 v -> ZN ^ | NAND2_X4  | 0.046 |   2.224 |    2.109 | 
     | _0                                                 |              |           |       |         |          | 
     | datapath/ALU_ALU_GEN[6].slice_i_bitAdder/FE_RC_112 | A1 ^ -> ZN v | NAND2_X4  | 0.036 |   2.260 |    2.145 | 
     | _0                                                 |              |           |       |         |          | 
     | datapath/ALU_ALU_GEN[7].slice_i_bitAdder/FE_RC_683 | A1 v -> ZN ^ | NAND2_X4  | 0.042 |   2.303 |    2.188 | 
     | _0                                                 |              |           |       |         |          | 
     | datapath/ALU_ALU_GEN[7].slice_i_bitAdder/FE_RC_682 | A1 ^ -> ZN v | NAND2_X4  | 0.036 |   2.338 |    2.224 | 
     | _0                                                 |              |           |       |         |          | 
     | datapath/ALU_ALU_GEN[8].slice_i_bitAdder/FE_RC_107 | A1 v -> ZN ^ | NAND2_X4  | 0.042 |   2.380 |    2.265 | 
     | _0                                                 |              |           |       |         |          | 
     | datapath/ALU_ALU_GEN[8].slice_i_bitAdder/FE_RC_106 | A1 ^ -> ZN v | NAND2_X4  | 0.035 |   2.416 |    2.301 | 
     | _0                                                 |              |           |       |         |          | 
     | datapath/ALU_ALU_GEN[9].slice_i_bitAdder/FE_RC_775 | A1 v -> ZN ^ | NAND2_X4  | 0.042 |   2.458 |    2.343 | 
     | _0                                                 |              |           |       |         |          | 
     | datapath/ALU_ALU_GEN[9].slice_i_bitAdder/FE_RC_774 | A1 ^ -> ZN v | NAND2_X4  | 0.037 |   2.495 |    2.380 | 
     | _0                                                 |              |           |       |         |          | 
     | datapath/ALU_ALU_GEN[10].slice_i_bitAdder/g149__55 | A1 v -> ZN ^ | NAND2_X4  | 0.043 |   2.538 |    2.423 | 
     | 26                                                 |              |           |       |         |          | 
     | datapath/ALU_ALU_GEN[10].slice_i_bitAdder/g147__43 | A1 ^ -> ZN v | NAND2_X4  | 0.036 |   2.574 |    2.459 | 
     | 19                                                 |              |           |       |         |          | 
     | datapath/ALU_ALU_GEN[11].slice_i_bitAdder/g158__70 | A1 v -> ZN ^ | NAND2_X4  | 0.043 |   2.617 |    2.502 | 
     | 98                                                 |              |           |       |         |          | 
     | datapath/ALU_ALU_GEN[11].slice_i_bitAdder/g156__51 | A1 ^ -> ZN v | NAND2_X4  | 0.036 |   2.653 |    2.538 | 
     | 22                                                 |              |           |       |         |          | 
     | datapath/ALU_ALU_GEN[12].slice_i_bitAdder/g158__99 | A1 v -> ZN ^ | NAND2_X4  | 0.043 |   2.696 |    2.581 | 
     | 45                                                 |              |           |       |         |          | 
     | datapath/ALU_ALU_GEN[12].slice_i_bitAdder/g156__61 | A1 ^ -> ZN v | NAND2_X4  | 0.036 |   2.732 |    2.617 | 
     | 61                                                 |              |           |       |         |          | 
     | datapath/ALU_ALU_GEN[13].slice_i_bitAdder/g158__51 | A1 v -> ZN ^ | NAND2_X4  | 0.043 |   2.775 |    2.660 | 
     | 07                                                 |              |           |       |         |          | 
     | datapath/ALU_ALU_GEN[13].slice_i_bitAdder/g156__54 | A1 ^ -> ZN v | NAND2_X4  | 0.036 |   2.811 |    2.696 | 
     | 77                                                 |              |           |       |         |          | 
     | datapath/ALU_ALU_GEN[14].slice_i_bitAdder/g155__28 | A1 v -> ZN ^ | NAND2_X4  | 0.043 |   2.854 |    2.739 | 
     | 02                                                 |              |           |       |         |          | 
     | datapath/ALU_ALU_GEN[14].slice_i_bitAdder/g153__36 | A1 ^ -> ZN v | NAND2_X4  | 0.037 |   2.891 |    2.776 | 
     | 80                                                 |              |           |       |         |          | 
     | datapath/ALU_ALU_GEN[15].slice_i_bitAdder/FE_RC_10 | A1 v -> ZN ^ | NAND2_X4  | 0.043 |   2.934 |    2.819 | 
     | 3_0                                                |              |           |       |         |          | 
     | datapath/ALU_ALU_GEN[15].slice_i_bitAdder/FE_RC_10 | A1 ^ -> ZN v | NAND2_X4  | 0.036 |   2.970 |    2.855 | 
     | 2_0                                                |              |           |       |         |          | 
     | datapath/ALU_ALU_GEN[16].slice_i_bitAdder/g158__16 | A1 v -> ZN ^ | NAND2_X4  | 0.043 |   3.013 |    2.898 | 
     | 66                                                 |              |           |       |         |          | 
     | datapath/ALU_ALU_GEN[16].slice_i_bitAdder/g156__23 | A1 ^ -> ZN v | NAND2_X4  | 0.040 |   3.053 |    2.938 | 
     | 46                                                 |              |           |       |         |          | 
     | datapath/ALU_ALU_GEN[17].slice_i_bitAdder/FE_RC_67 | A1 v -> ZN ^ | NAND2_X4  | 0.045 |   3.098 |    2.983 | 
     | 6_0                                                |              |           |       |         |          | 
     | datapath/ALU_ALU_GEN[17].slice_i_bitAdder/FE_RC_67 | A1 ^ -> ZN v | NAND2_X4  | 0.036 |   3.134 |    3.019 | 
     | 5_0                                                |              |           |       |         |          | 
     | datapath/ALU_ALU_GEN[18].slice_i_bitAdder/g155__61 | A1 v -> ZN ^ | NAND2_X4  | 0.043 |   3.176 |    3.061 | 
     | 31                                                 |              |           |       |         |          | 
     | datapath/ALU_ALU_GEN[18].slice_i_bitAdder/g153__70 | A1 ^ -> ZN v | NAND2_X4  | 0.036 |   3.213 |    3.098 | 
     | 98                                                 |              |           |       |         |          | 
     | datapath/ALU_ALU_GEN[19].slice_i_bitAdder/g158__23 | A1 v -> ZN ^ | NAND2_X4  | 0.043 |   3.256 |    3.141 | 
     | 46                                                 |              |           |       |         |          | 
     | datapath/ALU_ALU_GEN[19].slice_i_bitAdder/g156__28 | A1 ^ -> ZN v | NAND2_X4  | 0.036 |   3.292 |    3.177 | 
     | 83                                                 |              |           |       |         |          | 
     | datapath/ALU_ALU_GEN[20].slice_i_bitAdder/g158__84 | A1 v -> ZN ^ | NAND2_X4  | 0.043 |   3.335 |    3.220 | 
     | 28                                                 |              |           |       |         |          | 
     | datapath/ALU_ALU_GEN[20].slice_i_bitAdder/g156__43 | A1 ^ -> ZN v | NAND2_X4  | 0.040 |   3.374 |    3.260 | 
     | 19                                                 |              |           |       |         |          | 
     | datapath/ALU_ALU_GEN[21].slice_i_bitAdder/g158__70 | A1 v -> ZN ^ | NAND2_X4  | 0.045 |   3.419 |    3.304 | 
     | 98                                                 |              |           |       |         |          | 
     | datapath/ALU_ALU_GEN[21].slice_i_bitAdder/g156__82 | A1 ^ -> ZN v | NAND2_X4  | 0.038 |   3.457 |    3.342 | 
     | 46                                                 |              |           |       |         |          | 
     | datapath/ALU_ALU_GEN[22].slice_i_bitAdder/g155__99 | A1 v -> ZN ^ | NAND2_X4  | 0.043 |   3.500 |    3.385 | 
     | 45                                                 |              |           |       |         |          | 
     | datapath/ALU_ALU_GEN[22].slice_i_bitAdder/g153__93 | A1 ^ -> ZN v | NAND2_X4  | 0.036 |   3.536 |    3.421 | 
     | 15                                                 |              |           |       |         |          | 
     | datapath/ALU_ALU_GEN[23].slice_i_bitAdder/g158__51 | A1 v -> ZN ^ | NAND2_X4  | 0.043 |   3.579 |    3.464 | 
     | 07                                                 |              |           |       |         |          | 
     | datapath/ALU_ALU_GEN[23].slice_i_bitAdder/g156__23 | A1 ^ -> ZN v | NAND2_X4  | 0.037 |   3.615 |    3.500 | 
     | 98                                                 |              |           |       |         |          | 
     | datapath/ALU_ALU_GEN[24].slice_i_bitAdder/g158__17 | A1 v -> ZN ^ | NAND2_X4  | 0.043 |   3.659 |    3.544 | 
     | 05                                                 |              |           |       |         |          | 
     | datapath/ALU_ALU_GEN[24].slice_i_bitAdder/g156__16 | A1 ^ -> ZN v | NAND2_X4  | 0.039 |   3.698 |    3.583 | 
     | 17                                                 |              |           |       |         |          | 
     | datapath/FE_OCPC363_ALU_cout_25                    | A v -> Z v   | CLKBUF_X1 | 0.101 |   3.799 |    3.684 | 
     | datapath/ALU_ALU_GEN[25].slice_i_bitAdder/FE_RC_58 | A1 v -> ZN ^ | NAND2_X1  | 0.050 |   3.849 |    3.734 | 
     | 4_0                                                |              |           |       |         |          | 
     | datapath/ALU_ALU_GEN[25].slice_i_bitAdder/FE_RC_58 | A ^ -> ZN v  | OAI21_X1  | 0.051 |   3.899 |    3.785 | 
     | 3_0                                                |              |           |       |         |          | 
     | datapath/ALU_ALU_GEN[25].slice_i_resultMux/FE_RC_6 | A1 v -> ZN ^ | NAND2_X1  | 0.048 |   3.948 |    3.833 | 
     | 43_0                                               |              |           |       |         |          | 
     | datapath/ALU_ALU_GEN[25].slice_i_resultMux/g145__9 | A1 ^ -> ZN v | NAND2_X1  | 0.035 |   3.983 |    3.868 | 
     | 945                                                |              |           |       |         |          | 
     | datapath/EXMEM_aluResult_reg[25]                   | D v          | DFFR_X1   | 0.000 |   3.983 |    3.868 | 
     +------------------------------------------------------------------------------------------------------------+ 
Path 11: VIOLATED Setup Check with Pin datapath/IF_pc_reg[27]/CK 
Endpoint:   datapath/IF_pc_reg[27]/D     (v) checked with  leading edge of 'clk'
Beginpoint: datapath/IFID_instr_reg[5]/Q (^) triggered by  leading edge of 'clk'
Path Groups: {reg2reg}
Analysis View: RPT_SLOW
Other End Arrival Time          0.699
- Setup                         0.134
+ Phase Shift                   3.400
+ CPPR Adjustment               0.000
- Uncertainty                   0.100
= Required Time                 3.865
- Arrival Time                  3.961
= Slack Time                   -0.096
     Clock Rise Edge                 0.000
     + Clock Network Latency (Prop)  0.665
     = Beginpoint Arrival Time       0.665
     +-----------------------------------------------------------------------------------------------------------+ 
     |                      Instance                      |     Arc      |   Cell   | Delay | Arrival | Required | 
     |                                                    |              |          |       |  Time   |   Time   | 
     |----------------------------------------------------+--------------+----------+-------+---------+----------| 
     | datapath/IFID_instr_reg[5]                         | CK ^         |          |       |   0.665 |    0.569 | 
     | datapath/IFID_instr_reg[5]                         | CK ^ -> Q ^  | DFFR_X1  | 0.388 |   1.053 |    0.957 | 
     | datapath/FE_OCPC578_FE_RN_2                        | A ^ -> Z ^   | BUF_X4   | 0.082 |   1.135 |    1.038 | 
     | datapath/immediate_generation/FE_OCPC343_IFID_opco | A ^ -> ZN v  | INV_X1   | 0.037 |   1.172 |    1.075 | 
     | de_5                                               |              |          |       |         |          | 
     | datapath/immediate_generation/FE_RC_653_0          | A2 v -> ZN ^ | NAND4_X4 | 0.062 |   1.234 |    1.138 | 
     | datapath/immediate_generation/g3418__1666          | A2 ^ -> ZN v | NAND2_X4 | 0.053 |   1.287 |    1.191 | 
     | datapath/immediate_generation/g3413__9315          | A1 v -> ZN ^ | NAND2_X2 | 0.061 |   1.349 |    1.252 | 
     | datapath/immediate_generation/g3399__2802          | A2 ^ -> ZN v | NAND2_X4 | 0.048 |   1.396 |    1.300 | 
     | datapath/pc_plus_imm/FA_GEN[2].fa_i/FE_RC_538_0    | A v -> ZN ^  | INV_X2   | 0.043 |   1.439 |    1.343 | 
     | datapath/pc_plus_imm/FA_GEN[2].fa_i/g157__2398     | A1 ^ -> ZN v | NAND2_X2 | 0.033 |   1.472 |    1.376 | 
     | datapath/pc_plus_imm/FA_GEN[2].fa_i/g155__6417     | A2 v -> ZN ^ | NAND2_X2 | 0.052 |   1.524 |    1.427 | 
     | datapath/pc_plus_imm/FA_GEN[2].fa_i/g153__1666     | A1 ^ -> ZN v | NAND2_X2 | 0.039 |   1.562 |    1.466 | 
     | datapath/pc_plus_imm/FA_GEN[3].fa_i/g155__8428     | A1 v -> ZN ^ | NAND2_X2 | 0.046 |   1.608 |    1.512 | 
     | datapath/pc_plus_imm/FA_GEN[3].fa_i/g153__6260     | A1 ^ -> ZN v | NAND2_X2 | 0.041 |   1.649 |    1.553 | 
     | datapath/pc_plus_imm/FA_GEN[4].fa_i/g155__1705     | A1 v -> ZN ^ | NAND2_X2 | 0.058 |   1.707 |    1.611 | 
     | datapath/pc_plus_imm/FA_GEN[4].fa_i/g153__1617     | A1 ^ -> ZN v | NAND2_X4 | 0.047 |   1.755 |    1.658 | 
     | datapath/pc_plus_imm/FA_GEN[5].fa_i/g155__5115     | A1 v -> ZN ^ | NAND2_X4 | 0.046 |   1.801 |    1.704 | 
     | datapath/pc_plus_imm/FA_GEN[5].fa_i/g153__6131     | A1 ^ -> ZN v | NAND2_X4 | 0.033 |   1.833 |    1.737 | 
     | datapath/pc_plus_imm/FA_GEN[6].fa_i/g155__2883     | A1 v -> ZN ^ | NAND2_X2 | 0.044 |   1.878 |    1.782 | 
     | datapath/pc_plus_imm/FA_GEN[6].fa_i/g153__9315     | A1 ^ -> ZN v | NAND2_X2 | 0.040 |   1.918 |    1.822 | 
     | datapath/pc_plus_imm/FA_GEN[7].fa_i/g155__2398     | A1 v -> ZN ^ | NAND2_X2 | 0.058 |   1.976 |    1.879 | 
     | datapath/pc_plus_imm/FA_GEN[7].fa_i/g153__6417     | A1 ^ -> ZN v | NAND2_X4 | 0.041 |   2.017 |    1.921 | 
     | datapath/pc_plus_imm/FA_GEN[8].fa_i/g155__6783     | A1 v -> ZN ^ | NAND2_X4 | 0.044 |   2.061 |    1.964 | 
     | datapath/pc_plus_imm/FA_GEN[8].fa_i/g153__8428     | A1 ^ -> ZN v | NAND2_X4 | 0.036 |   2.097 |    2.000 | 
     | datapath/pc_plus_imm/FA_GEN[9].fa_i/g155__5122     | A1 v -> ZN ^ | NAND2_X4 | 0.043 |   2.139 |    2.043 | 
     | datapath/pc_plus_imm/FA_GEN[9].fa_i/g153__2802     | A1 ^ -> ZN v | NAND2_X4 | 0.037 |   2.176 |    2.080 | 
     | datapath/pc_plus_imm/FA_GEN[10].fa_i/g137__5115    | A1 v -> ZN ^ | NAND2_X4 | 0.044 |   2.220 |    2.124 | 
     | datapath/pc_plus_imm/FA_GEN[10].fa_i/g135__6131    | A1 ^ -> ZN v | NAND2_X4 | 0.032 |   2.252 |    2.156 | 
     | datapath/pc_plus_imm/FA_GEN[11].fa_i/g137__9945    | A1 v -> ZN ^ | NAND2_X2 | 0.043 |   2.296 |    2.199 | 
     | datapath/pc_plus_imm/FA_GEN[11].fa_i/g135__6161    | A1 ^ -> ZN v | NAND2_X2 | 0.039 |   2.335 |    2.238 | 
     | datapath/pc_plus_imm/FA_GEN[12].fa_i/g137__6417    | A1 v -> ZN ^ | NAND2_X2 | 0.045 |   2.379 |    2.283 | 
     | datapath/pc_plus_imm/FA_GEN[12].fa_i/g135__1666    | A1 ^ -> ZN v | NAND2_X2 | 0.039 |   2.418 |    2.322 | 
     | datapath/pc_plus_imm/FA_GEN[13].fa_i/FE_RC_534_0   | A1 v -> ZN ^ | NAND2_X2 | 0.057 |   2.475 |    2.379 | 
     | datapath/pc_plus_imm/FA_GEN[13].fa_i/g135__5107    | A1 ^ -> ZN v | NAND2_X4 | 0.043 |   2.519 |    2.423 | 
     | datapath/pc_plus_imm/FA_GEN[14].fa_i/g155__1617    | A1 v -> ZN ^ | NAND2_X4 | 0.044 |   2.563 |    2.467 | 
     | datapath/pc_plus_imm/FA_GEN[14].fa_i/g153__6783    | A1 ^ -> ZN v | NAND2_X4 | 0.037 |   2.600 |    2.504 | 
     | datapath/pc_plus_imm/FA_GEN[15].fa_i/g155__7098    | A1 v -> ZN ^ | NAND2_X4 | 0.044 |   2.644 |    2.547 | 
     | datapath/pc_plus_imm/FA_GEN[15].fa_i/g153__5122    | A1 ^ -> ZN v | NAND2_X4 | 0.037 |   2.681 |    2.585 | 
     | datapath/pc_plus_imm/FA_GEN[16].fa_i/g155__4733    | A1 v -> ZN ^ | NAND2_X4 | 0.043 |   2.724 |    2.628 | 
     | datapath/pc_plus_imm/FA_GEN[16].fa_i/g153__5115    | A1 ^ -> ZN v | NAND2_X4 | 0.033 |   2.758 |    2.661 | 
     | datapath/pc_plus_imm/FA_GEN[17].fa_i/g155__2346    | A1 v -> ZN ^ | NAND2_X2 | 0.044 |   2.802 |    2.705 | 
     | datapath/pc_plus_imm/FA_GEN[17].fa_i/g153__9945    | A1 ^ -> ZN v | NAND2_X2 | 0.046 |   2.848 |    2.751 | 
     | datapath/pc_plus_imm/FA_GEN[18].fa_i/FE_RC_535_0   | A1 v -> ZN ^ | NAND2_X4 | 0.046 |   2.894 |    2.798 | 
     | datapath/pc_plus_imm/FA_GEN[18].fa_i/g153__6417    | A1 ^ -> ZN v | NAND2_X4 | 0.037 |   2.931 |    2.835 | 
     | datapath/pc_plus_imm/FA_GEN[19].fa_i/g155__5526    | A1 v -> ZN ^ | NAND2_X4 | 0.043 |   2.974 |    2.878 | 
     | datapath/pc_plus_imm/FA_GEN[19].fa_i/g153__4319    | A1 ^ -> ZN v | NAND2_X4 | 0.032 |   3.006 |    2.910 | 
     | datapath/pc_plus_imm/FA_GEN[20].fa_i/g155__2802    | A1 v -> ZN ^ | NAND2_X2 | 0.045 |   3.051 |    2.954 | 
     | datapath/pc_plus_imm/FA_GEN[20].fa_i/g153__1617    | A1 ^ -> ZN v | NAND2_X2 | 0.041 |   3.092 |    2.996 | 
     | datapath/pc_plus_imm/FA_GEN[21].fa_i/g155__1881    | A1 v -> ZN ^ | NAND2_X2 | 0.046 |   3.138 |    3.042 | 
     | datapath/pc_plus_imm/FA_GEN[21].fa_i/g153__7098    | A1 ^ -> ZN v | NAND2_X2 | 0.039 |   3.177 |    3.080 | 
     | datapath/pc_plus_imm/FA_GEN[22].fa_i/g155__6161    | A1 v -> ZN ^ | NAND2_X2 | 0.045 |   3.222 |    3.126 | 
     | datapath/pc_plus_imm/FA_GEN[22].fa_i/g153__4733    | A1 ^ -> ZN v | NAND2_X2 | 0.039 |   3.261 |    3.165 | 
     | datapath/pc_plus_imm/FA_GEN[23].fa_i/g155__1666    | A1 v -> ZN ^ | NAND2_X2 | 0.057 |   3.319 |    3.223 | 
     | datapath/pc_plus_imm/FA_GEN[23].fa_i/g153__2346    | A1 ^ -> ZN v | NAND2_X4 | 0.042 |   3.361 |    3.265 | 
     | datapath/pc_plus_imm/FA_GEN[24].fa_i/FE_RC_536_0   | A1 v -> ZN ^ | NAND2_X4 | 0.044 |   3.405 |    3.309 | 
     | datapath/pc_plus_imm/FA_GEN[24].fa_i/g153__2398    | A1 ^ -> ZN v | NAND2_X4 | 0.037 |   3.442 |    3.346 | 
     | datapath/pc_plus_imm/FA_GEN[25].fa_i/g155__6783    | A1 v -> ZN ^ | NAND2_X4 | 0.044 |   3.486 |    3.390 | 
     | datapath/pc_plus_imm/FA_GEN[25].fa_i/g153__5526    | A1 ^ -> ZN v | NAND2_X4 | 0.036 |   3.522 |    3.426 | 
     | datapath/pc_plus_imm/FA_GEN[26].fa_i/g155__5122    | A1 v -> ZN ^ | NAND2_X4 | 0.043 |   3.566 |    3.469 | 
     | datapath/pc_plus_imm/FA_GEN[26].fa_i/g153__1705    | A1 ^ -> ZN v | NAND2_X4 | 0.034 |   3.600 |    3.504 | 
     | datapath/pc_plus_imm/FE_OCPC561_cout_27            | A v -> Z v   | BUF_X1   | 0.093 |   3.693 |    3.597 | 
     | datapath/pc_plus_imm/FA_GEN[27].fa_i/FE_RC_551_0   | A1 v -> ZN ^ | NAND2_X1 | 0.046 |   3.740 |    3.643 | 
     | datapath/pc_plus_imm/FA_GEN[27].fa_i/FE_RC_550_0   | A ^ -> ZN v  | OAI21_X1 | 0.050 |   3.789 |    3.693 | 
     | datapath/branch_or_inc_4/g864__4733                | A1 v -> ZN ^ | NAND2_X1 | 0.050 |   3.839 |    3.743 | 
     | datapath/branch_or_inc_4/g827__2802                | A1 ^ -> ZN v | NAND2_X1 | 0.038 |   3.877 |    3.780 | 
     | datapath/FE_RC_579_0                               | A1 v -> ZN ^ | NAND2_X1 | 0.046 |   3.923 |    3.826 | 
     | datapath/FE_RC_572_0                               | A1 ^ -> ZN v | NAND2_X1 | 0.039 |   3.961 |    3.865 | 
     | datapath/IF_pc_reg[27]                             | D v          | DFFR_X1  | 0.000 |   3.961 |    3.865 | 
     +-----------------------------------------------------------------------------------------------------------+ 
Path 12: VIOLATED Setup Check with Pin datapath/EXMEM_aluResult_reg[23]/CK 
Endpoint:   datapath/EXMEM_aluResult_reg[23]/D (v) checked with  leading edge 
of 'clk'
Beginpoint: datapath/EXMEM_aluResult_reg[0]/Q  (^) triggered by  leading edge 
of 'clk'
Path Groups: {reg2reg}
Analysis View: RPT_SLOW
Other End Arrival Time          0.597
- Setup                         0.140
+ Phase Shift                   3.400
+ CPPR Adjustment               0.000
- Uncertainty                   0.100
= Required Time                 3.757
- Arrival Time                  3.828
= Slack Time                   -0.071
     Clock Rise Edge                 0.000
     + Clock Network Latency (Prop)  0.974
     = Beginpoint Arrival Time       0.974
     +------------------------------------------------------------------------------------------------------------+ 
     |                      Instance                      |     Arc      |   Cell    | Delay | Arrival | Required | 
     |                                                    |              |           |       |  Time   |   Time   | 
     |----------------------------------------------------+--------------+-----------+-------+---------+----------| 
     | datapath/EXMEM_aluResult_reg[0]                    | CK ^         |           |       |   0.974 |    0.903 | 
     | datapath/EXMEM_aluResult_reg[0]                    | CK ^ -> Q ^  | DFFR_X1   | 0.468 |   1.442 |    1.371 | 
     | datapath/FE_RC_759_0                               | A1 ^ -> ZN ^ | OR2_X4    | 0.109 |   1.551 |    1.480 | 
     | datapath/FE_RC_711_0                               | A1 ^ -> ZN v | NAND2_X4  | 0.036 |   1.587 |    1.516 | 
     | datapath/FE_RC_735_0                               | A1 v -> ZN ^ | NAND2_X4  | 0.044 |   1.632 |    1.560 | 
     | datapath/FE_RC_772_0                               | A2 ^ -> ZN v | NAND3_X4  | 0.059 |   1.690 |    1.619 | 
     | datapath/ALU_ALU_GEN[0].slice_i_bitAdder/FE_RC_451 | A1 v -> ZN ^ | NAND2_X4  | 0.049 |   1.739 |    1.668 | 
     | _0                                                 |              |           |       |         |          | 
     | datapath/ALU_ALU_GEN[0].slice_i_bitAdder/FE_RC_450 | A1 ^ -> ZN v | NAND2_X4  | 0.036 |   1.776 |    1.705 | 
     | _0                                                 |              |           |       |         |          | 
     | datapath/ALU_ALU_GEN[1].slice_i_bitAdder/FE_RC_767 | A1 v -> ZN ^ | NAND2_X4  | 0.044 |   1.820 |    1.748 | 
     | _0                                                 |              |           |       |         |          | 
     | datapath/ALU_ALU_GEN[1].slice_i_bitAdder/FE_RC_263 | A1 ^ -> ZN v | NAND2_X4  | 0.035 |   1.855 |    1.784 | 
     | _0                                                 |              |           |       |         |          | 
     | datapath/ALU_ALU_GEN[2].slice_i_bitAdder/FE_RC_278 | A1 v -> ZN ^ | NAND2_X4  | 0.042 |   1.897 |    1.826 | 
     | _0                                                 |              |           |       |         |          | 
     | datapath/ALU_ALU_GEN[2].slice_i_bitAdder/FE_RC_277 | A1 ^ -> ZN v | NAND2_X4  | 0.038 |   1.935 |    1.863 | 
     | _0                                                 |              |           |       |         |          | 
     | datapath/ALU_ALU_GEN[3].slice_i_bitAdder/FE_RC_119 | A1 v -> ZN ^ | NAND2_X4  | 0.043 |   1.978 |    1.907 | 
     | _0                                                 |              |           |       |         |          | 
     | datapath/ALU_ALU_GEN[3].slice_i_bitAdder/FE_RC_118 | A1 ^ -> ZN v | NAND2_X4  | 0.036 |   2.014 |    1.943 | 
     | _0                                                 |              |           |       |         |          | 
     | datapath/ALU_ALU_GEN[4].slice_i_bitAdder/g158__170 | A1 v -> ZN ^ | NAND2_X4  | 0.042 |   2.056 |    1.985 | 
     | 5                                                  |              |           |       |         |          | 
     | datapath/ALU_ALU_GEN[4].slice_i_bitAdder/g156__161 | A1 ^ -> ZN v | NAND2_X4  | 0.038 |   2.094 |    2.023 | 
     | 7                                                  |              |           |       |         |          | 
     | datapath/ALU_ALU_GEN[5].slice_i_bitAdder/g158__616 | A1 v -> ZN ^ | NAND2_X4  | 0.043 |   2.137 |    2.066 | 
     | 1                                                  |              |           |       |         |          | 
     | datapath/ALU_ALU_GEN[5].slice_i_bitAdder/g156__748 | A1 ^ -> ZN v | NAND2_X4  | 0.041 |   2.178 |    2.107 | 
     | 2                                                  |              |           |       |         |          | 
     | datapath/ALU_ALU_GEN[6].slice_i_bitAdder/FE_RC_113 | A1 v -> ZN ^ | NAND2_X4  | 0.046 |   2.224 |    2.153 | 
     | _0                                                 |              |           |       |         |          | 
     | datapath/ALU_ALU_GEN[6].slice_i_bitAdder/FE_RC_112 | A1 ^ -> ZN v | NAND2_X4  | 0.036 |   2.260 |    2.189 | 
     | _0                                                 |              |           |       |         |          | 
     | datapath/ALU_ALU_GEN[7].slice_i_bitAdder/FE_RC_683 | A1 v -> ZN ^ | NAND2_X4  | 0.042 |   2.303 |    2.231 | 
     | _0                                                 |              |           |       |         |          | 
     | datapath/ALU_ALU_GEN[7].slice_i_bitAdder/FE_RC_682 | A1 ^ -> ZN v | NAND2_X4  | 0.036 |   2.338 |    2.267 | 
     | _0                                                 |              |           |       |         |          | 
     | datapath/ALU_ALU_GEN[8].slice_i_bitAdder/FE_RC_107 | A1 v -> ZN ^ | NAND2_X4  | 0.042 |   2.380 |    2.309 | 
     | _0                                                 |              |           |       |         |          | 
     | datapath/ALU_ALU_GEN[8].slice_i_bitAdder/FE_RC_106 | A1 ^ -> ZN v | NAND2_X4  | 0.035 |   2.416 |    2.345 | 
     | _0                                                 |              |           |       |         |          | 
     | datapath/ALU_ALU_GEN[9].slice_i_bitAdder/FE_RC_775 | A1 v -> ZN ^ | NAND2_X4  | 0.042 |   2.458 |    2.386 | 
     | _0                                                 |              |           |       |         |          | 
     | datapath/ALU_ALU_GEN[9].slice_i_bitAdder/FE_RC_774 | A1 ^ -> ZN v | NAND2_X4  | 0.037 |   2.495 |    2.424 | 
     | _0                                                 |              |           |       |         |          | 
     | datapath/ALU_ALU_GEN[10].slice_i_bitAdder/g149__55 | A1 v -> ZN ^ | NAND2_X4  | 0.043 |   2.538 |    2.467 | 
     | 26                                                 |              |           |       |         |          | 
     | datapath/ALU_ALU_GEN[10].slice_i_bitAdder/g147__43 | A1 ^ -> ZN v | NAND2_X4  | 0.036 |   2.574 |    2.503 | 
     | 19                                                 |              |           |       |         |          | 
     | datapath/ALU_ALU_GEN[11].slice_i_bitAdder/g158__70 | A1 v -> ZN ^ | NAND2_X4  | 0.043 |   2.617 |    2.545 | 
     | 98                                                 |              |           |       |         |          | 
     | datapath/ALU_ALU_GEN[11].slice_i_bitAdder/g156__51 | A1 ^ -> ZN v | NAND2_X4  | 0.036 |   2.653 |    2.582 | 
     | 22                                                 |              |           |       |         |          | 
     | datapath/ALU_ALU_GEN[12].slice_i_bitAdder/g158__99 | A1 v -> ZN ^ | NAND2_X4  | 0.043 |   2.696 |    2.625 | 
     | 45                                                 |              |           |       |         |          | 
     | datapath/ALU_ALU_GEN[12].slice_i_bitAdder/g156__61 | A1 ^ -> ZN v | NAND2_X4  | 0.036 |   2.732 |    2.661 | 
     | 61                                                 |              |           |       |         |          | 
     | datapath/ALU_ALU_GEN[13].slice_i_bitAdder/g158__51 | A1 v -> ZN ^ | NAND2_X4  | 0.043 |   2.775 |    2.704 | 
     | 07                                                 |              |           |       |         |          | 
     | datapath/ALU_ALU_GEN[13].slice_i_bitAdder/g156__54 | A1 ^ -> ZN v | NAND2_X4  | 0.036 |   2.811 |    2.740 | 
     | 77                                                 |              |           |       |         |          | 
     | datapath/ALU_ALU_GEN[14].slice_i_bitAdder/g155__28 | A1 v -> ZN ^ | NAND2_X4  | 0.043 |   2.854 |    2.783 | 
     | 02                                                 |              |           |       |         |          | 
     | datapath/ALU_ALU_GEN[14].slice_i_bitAdder/g153__36 | A1 ^ -> ZN v | NAND2_X4  | 0.037 |   2.891 |    2.820 | 
     | 80                                                 |              |           |       |         |          | 
     | datapath/ALU_ALU_GEN[15].slice_i_bitAdder/FE_RC_10 | A1 v -> ZN ^ | NAND2_X4  | 0.043 |   2.934 |    2.863 | 
     | 3_0                                                |              |           |       |         |          | 
     | datapath/ALU_ALU_GEN[15].slice_i_bitAdder/FE_RC_10 | A1 ^ -> ZN v | NAND2_X4  | 0.036 |   2.970 |    2.899 | 
     | 2_0                                                |              |           |       |         |          | 
     | datapath/ALU_ALU_GEN[16].slice_i_bitAdder/g158__16 | A1 v -> ZN ^ | NAND2_X4  | 0.043 |   3.013 |    2.942 | 
     | 66                                                 |              |           |       |         |          | 
     | datapath/ALU_ALU_GEN[16].slice_i_bitAdder/g156__23 | A1 ^ -> ZN v | NAND2_X4  | 0.040 |   3.053 |    2.981 | 
     | 46                                                 |              |           |       |         |          | 
     | datapath/ALU_ALU_GEN[17].slice_i_bitAdder/FE_RC_67 | A1 v -> ZN ^ | NAND2_X4  | 0.045 |   3.098 |    3.026 | 
     | 6_0                                                |              |           |       |         |          | 
     | datapath/ALU_ALU_GEN[17].slice_i_bitAdder/FE_RC_67 | A1 ^ -> ZN v | NAND2_X4  | 0.036 |   3.134 |    3.062 | 
     | 5_0                                                |              |           |       |         |          | 
     | datapath/ALU_ALU_GEN[18].slice_i_bitAdder/g155__61 | A1 v -> ZN ^ | NAND2_X4  | 0.043 |   3.176 |    3.105 | 
     | 31                                                 |              |           |       |         |          | 
     | datapath/ALU_ALU_GEN[18].slice_i_bitAdder/g153__70 | A1 ^ -> ZN v | NAND2_X4  | 0.036 |   3.213 |    3.142 | 
     | 98                                                 |              |           |       |         |          | 
     | datapath/ALU_ALU_GEN[19].slice_i_bitAdder/g158__23 | A1 v -> ZN ^ | NAND2_X4  | 0.043 |   3.256 |    3.185 | 
     | 46                                                 |              |           |       |         |          | 
     | datapath/ALU_ALU_GEN[19].slice_i_bitAdder/g156__28 | A1 ^ -> ZN v | NAND2_X4  | 0.036 |   3.292 |    3.221 | 
     | 83                                                 |              |           |       |         |          | 
     | datapath/ALU_ALU_GEN[20].slice_i_bitAdder/g158__84 | A1 v -> ZN ^ | NAND2_X4  | 0.043 |   3.335 |    3.264 | 
     | 28                                                 |              |           |       |         |          | 
     | datapath/ALU_ALU_GEN[20].slice_i_bitAdder/g156__43 | A1 ^ -> ZN v | NAND2_X4  | 0.040 |   3.374 |    3.303 | 
     | 19                                                 |              |           |       |         |          | 
     | datapath/ALU_ALU_GEN[21].slice_i_bitAdder/g158__70 | A1 v -> ZN ^ | NAND2_X4  | 0.045 |   3.419 |    3.348 | 
     | 98                                                 |              |           |       |         |          | 
     | datapath/ALU_ALU_GEN[21].slice_i_bitAdder/g156__82 | A1 ^ -> ZN v | NAND2_X4  | 0.038 |   3.457 |    3.385 | 
     | 46                                                 |              |           |       |         |          | 
     | datapath/ALU_ALU_GEN[22].slice_i_bitAdder/g155__99 | A1 v -> ZN ^ | NAND2_X4  | 0.043 |   3.500 |    3.429 | 
     | 45                                                 |              |           |       |         |          | 
     | datapath/ALU_ALU_GEN[22].slice_i_bitAdder/g153__93 | A1 ^ -> ZN v | NAND2_X4  | 0.036 |   3.536 |    3.465 | 
     | 15                                                 |              |           |       |         |          | 
     | datapath/FE_OCPC374_ALU_cout_23                    | A v -> Z v   | CLKBUF_X1 | 0.101 |   3.637 |    3.566 | 
     | datapath/ALU_ALU_GEN[23].slice_i_bitAdder/FE_RC_82 | A1 v -> ZN ^ | NAND2_X1  | 0.051 |   3.688 |    3.617 | 
     | 0_0                                                |              |           |       |         |          | 
     | datapath/ALU_ALU_GEN[23].slice_i_bitAdder/FE_RC_81 | A ^ -> ZN v  | OAI21_X1  | 0.051 |   3.740 |    3.669 | 
     | 9_0                                                |              |           |       |         |          | 
     | datapath/ALU_ALU_GEN[23].slice_i_resultMux/FE_RC_9 | A1 v -> ZN ^ | NAND2_X1  | 0.049 |   3.789 |    3.718 | 
     | 24_0                                               |              |           |       |         |          | 
     | datapath/ALU_ALU_GEN[23].slice_i_resultMux/g145__5 | A1 ^ -> ZN v | NAND2_X1  | 0.039 |   3.828 |    3.757 | 
     | 526                                                |              |           |       |         |          | 
     | datapath/EXMEM_aluResult_reg[23]                   | D v          | DFFR_X1   | 0.000 |   3.828 |    3.757 | 
     +------------------------------------------------------------------------------------------------------------+ 
Path 13: VIOLATED Setup Check with Pin datapath/IF_pc_reg[26]/CK 
Endpoint:   datapath/IF_pc_reg[26]/D     (v) checked with  leading edge of 'clk'
Beginpoint: datapath/IFID_instr_reg[5]/Q (^) triggered by  leading edge of 'clk'
Path Groups: {reg2reg}
Analysis View: RPT_SLOW
Other End Arrival Time          0.662
- Setup                         0.150
+ Phase Shift                   3.400
+ CPPR Adjustment               0.000
- Uncertainty                   0.100
= Required Time                 3.813
- Arrival Time                  3.883
= Slack Time                   -0.070
     Clock Rise Edge                 0.000
     + Clock Network Latency (Prop)  0.665
     = Beginpoint Arrival Time       0.665
     +-----------------------------------------------------------------------------------------------------------+ 
     |                      Instance                      |     Arc      |   Cell   | Delay | Arrival | Required | 
     |                                                    |              |          |       |  Time   |   Time   | 
     |----------------------------------------------------+--------------+----------+-------+---------+----------| 
     | datapath/IFID_instr_reg[5]                         | CK ^         |          |       |   0.665 |    0.595 | 
     | datapath/IFID_instr_reg[5]                         | CK ^ -> Q ^  | DFFR_X1  | 0.388 |   1.053 |    0.983 | 
     | datapath/FE_OCPC578_FE_RN_2                        | A ^ -> Z ^   | BUF_X4   | 0.082 |   1.135 |    1.065 | 
     | datapath/immediate_generation/FE_OCPC343_IFID_opco | A ^ -> ZN v  | INV_X1   | 0.037 |   1.172 |    1.102 | 
     | de_5                                               |              |          |       |         |          | 
     | datapath/immediate_generation/FE_RC_653_0          | A2 v -> ZN ^ | NAND4_X4 | 0.062 |   1.234 |    1.164 | 
     | datapath/immediate_generation/g3418__1666          | A2 ^ -> ZN v | NAND2_X4 | 0.053 |   1.287 |    1.217 | 
     | datapath/immediate_generation/g3413__9315          | A1 v -> ZN ^ | NAND2_X2 | 0.061 |   1.349 |    1.279 | 
     | datapath/immediate_generation/g3399__2802          | A2 ^ -> ZN v | NAND2_X4 | 0.048 |   1.396 |    1.326 | 
     | datapath/pc_plus_imm/FA_GEN[2].fa_i/FE_RC_538_0    | A v -> ZN ^  | INV_X2   | 0.043 |   1.439 |    1.369 | 
     | datapath/pc_plus_imm/FA_GEN[2].fa_i/g157__2398     | A1 ^ -> ZN v | NAND2_X2 | 0.033 |   1.472 |    1.402 | 
     | datapath/pc_plus_imm/FA_GEN[2].fa_i/g155__6417     | A2 v -> ZN ^ | NAND2_X2 | 0.052 |   1.524 |    1.454 | 
     | datapath/pc_plus_imm/FA_GEN[2].fa_i/g153__1666     | A1 ^ -> ZN v | NAND2_X2 | 0.039 |   1.562 |    1.492 | 
     | datapath/pc_plus_imm/FA_GEN[3].fa_i/g155__8428     | A1 v -> ZN ^ | NAND2_X2 | 0.046 |   1.608 |    1.538 | 
     | datapath/pc_plus_imm/FA_GEN[3].fa_i/g153__6260     | A1 ^ -> ZN v | NAND2_X2 | 0.041 |   1.649 |    1.579 | 
     | datapath/pc_plus_imm/FA_GEN[4].fa_i/g155__1705     | A1 v -> ZN ^ | NAND2_X2 | 0.058 |   1.707 |    1.637 | 
     | datapath/pc_plus_imm/FA_GEN[4].fa_i/g153__1617     | A1 ^ -> ZN v | NAND2_X4 | 0.047 |   1.755 |    1.685 | 
     | datapath/pc_plus_imm/FA_GEN[5].fa_i/g155__5115     | A1 v -> ZN ^ | NAND2_X4 | 0.046 |   1.801 |    1.731 | 
     | datapath/pc_plus_imm/FA_GEN[5].fa_i/g153__6131     | A1 ^ -> ZN v | NAND2_X4 | 0.033 |   1.833 |    1.763 | 
     | datapath/pc_plus_imm/FA_GEN[6].fa_i/g155__2883     | A1 v -> ZN ^ | NAND2_X2 | 0.044 |   1.878 |    1.808 | 
     | datapath/pc_plus_imm/FA_GEN[6].fa_i/g153__9315     | A1 ^ -> ZN v | NAND2_X2 | 0.040 |   1.918 |    1.848 | 
     | datapath/pc_plus_imm/FA_GEN[7].fa_i/g155__2398     | A1 v -> ZN ^ | NAND2_X2 | 0.058 |   1.976 |    1.906 | 
     | datapath/pc_plus_imm/FA_GEN[7].fa_i/g153__6417     | A1 ^ -> ZN v | NAND2_X4 | 0.041 |   2.017 |    1.947 | 
     | datapath/pc_plus_imm/FA_GEN[8].fa_i/g155__6783     | A1 v -> ZN ^ | NAND2_X4 | 0.044 |   2.061 |    1.991 | 
     | datapath/pc_plus_imm/FA_GEN[8].fa_i/g153__8428     | A1 ^ -> ZN v | NAND2_X4 | 0.036 |   2.097 |    2.027 | 
     | datapath/pc_plus_imm/FA_GEN[9].fa_i/g155__5122     | A1 v -> ZN ^ | NAND2_X4 | 0.043 |   2.139 |    2.069 | 
     | datapath/pc_plus_imm/FA_GEN[9].fa_i/g153__2802     | A1 ^ -> ZN v | NAND2_X4 | 0.037 |   2.176 |    2.106 | 
     | datapath/pc_plus_imm/FA_GEN[10].fa_i/g137__5115    | A1 v -> ZN ^ | NAND2_X4 | 0.044 |   2.220 |    2.150 | 
     | datapath/pc_plus_imm/FA_GEN[10].fa_i/g135__6131    | A1 ^ -> ZN v | NAND2_X4 | 0.032 |   2.252 |    2.182 | 
     | datapath/pc_plus_imm/FA_GEN[11].fa_i/g137__9945    | A1 v -> ZN ^ | NAND2_X2 | 0.043 |   2.296 |    2.226 | 
     | datapath/pc_plus_imm/FA_GEN[11].fa_i/g135__6161    | A1 ^ -> ZN v | NAND2_X2 | 0.039 |   2.335 |    2.265 | 
     | datapath/pc_plus_imm/FA_GEN[12].fa_i/g137__6417    | A1 v -> ZN ^ | NAND2_X2 | 0.045 |   2.379 |    2.309 | 
     | datapath/pc_plus_imm/FA_GEN[12].fa_i/g135__1666    | A1 ^ -> ZN v | NAND2_X2 | 0.039 |   2.418 |    2.348 | 
     | datapath/pc_plus_imm/FA_GEN[13].fa_i/FE_RC_534_0   | A1 v -> ZN ^ | NAND2_X2 | 0.057 |   2.475 |    2.405 | 
     | datapath/pc_plus_imm/FA_GEN[13].fa_i/g135__5107    | A1 ^ -> ZN v | NAND2_X4 | 0.043 |   2.519 |    2.449 | 
     | datapath/pc_plus_imm/FA_GEN[14].fa_i/g155__1617    | A1 v -> ZN ^ | NAND2_X4 | 0.044 |   2.563 |    2.493 | 
     | datapath/pc_plus_imm/FA_GEN[14].fa_i/g153__6783    | A1 ^ -> ZN v | NAND2_X4 | 0.037 |   2.600 |    2.530 | 
     | datapath/pc_plus_imm/FA_GEN[15].fa_i/g155__7098    | A1 v -> ZN ^ | NAND2_X4 | 0.044 |   2.644 |    2.574 | 
     | datapath/pc_plus_imm/FA_GEN[15].fa_i/g153__5122    | A1 ^ -> ZN v | NAND2_X4 | 0.037 |   2.681 |    2.611 | 
     | datapath/pc_plus_imm/FA_GEN[16].fa_i/g155__4733    | A1 v -> ZN ^ | NAND2_X4 | 0.043 |   2.724 |    2.654 | 
     | datapath/pc_plus_imm/FA_GEN[16].fa_i/g153__5115    | A1 ^ -> ZN v | NAND2_X4 | 0.033 |   2.758 |    2.688 | 
     | datapath/pc_plus_imm/FA_GEN[17].fa_i/g155__2346    | A1 v -> ZN ^ | NAND2_X2 | 0.044 |   2.802 |    2.732 | 
     | datapath/pc_plus_imm/FA_GEN[17].fa_i/g153__9945    | A1 ^ -> ZN v | NAND2_X2 | 0.046 |   2.848 |    2.778 | 
     | datapath/pc_plus_imm/FA_GEN[18].fa_i/FE_RC_535_0   | A1 v -> ZN ^ | NAND2_X4 | 0.046 |   2.894 |    2.824 | 
     | datapath/pc_plus_imm/FA_GEN[18].fa_i/g153__6417    | A1 ^ -> ZN v | NAND2_X4 | 0.037 |   2.931 |    2.861 | 
     | datapath/pc_plus_imm/FA_GEN[19].fa_i/g155__5526    | A1 v -> ZN ^ | NAND2_X4 | 0.043 |   2.974 |    2.905 | 
     | datapath/pc_plus_imm/FA_GEN[19].fa_i/g153__4319    | A1 ^ -> ZN v | NAND2_X4 | 0.032 |   3.006 |    2.936 | 
     | datapath/pc_plus_imm/FA_GEN[20].fa_i/g155__2802    | A1 v -> ZN ^ | NAND2_X2 | 0.045 |   3.051 |    2.981 | 
     | datapath/pc_plus_imm/FA_GEN[20].fa_i/g153__1617    | A1 ^ -> ZN v | NAND2_X2 | 0.041 |   3.092 |    3.022 | 
     | datapath/pc_plus_imm/FA_GEN[21].fa_i/g155__1881    | A1 v -> ZN ^ | NAND2_X2 | 0.046 |   3.138 |    3.068 | 
     | datapath/pc_plus_imm/FA_GEN[21].fa_i/g153__7098    | A1 ^ -> ZN v | NAND2_X2 | 0.039 |   3.177 |    3.107 | 
     | datapath/pc_plus_imm/FA_GEN[22].fa_i/g155__6161    | A1 v -> ZN ^ | NAND2_X2 | 0.045 |   3.222 |    3.152 | 
     | datapath/pc_plus_imm/FA_GEN[22].fa_i/g153__4733    | A1 ^ -> ZN v | NAND2_X2 | 0.039 |   3.261 |    3.192 | 
     | datapath/pc_plus_imm/FA_GEN[23].fa_i/g155__1666    | A1 v -> ZN ^ | NAND2_X2 | 0.057 |   3.319 |    3.249 | 
     | datapath/pc_plus_imm/FA_GEN[23].fa_i/g153__2346    | A1 ^ -> ZN v | NAND2_X4 | 0.042 |   3.361 |    3.291 | 
     | datapath/pc_plus_imm/FA_GEN[24].fa_i/FE_RC_536_0   | A1 v -> ZN ^ | NAND2_X4 | 0.044 |   3.405 |    3.335 | 
     | datapath/pc_plus_imm/FA_GEN[24].fa_i/g153__2398    | A1 ^ -> ZN v | NAND2_X4 | 0.037 |   3.442 |    3.373 | 
     | datapath/pc_plus_imm/FA_GEN[25].fa_i/g155__6783    | A1 v -> ZN ^ | NAND2_X4 | 0.044 |   3.486 |    3.416 | 
     | datapath/pc_plus_imm/FA_GEN[25].fa_i/g153__5526    | A1 ^ -> ZN v | NAND2_X4 | 0.036 |   3.522 |    3.452 | 
     | datapath/pc_plus_imm/FE_OCPC510_cout_26            | A v -> Z v   | BUF_X1   | 0.093 |   3.616 |    3.546 | 
     | datapath/pc_plus_imm/FA_GEN[26].fa_i/FE_RC_567_0   | A1 v -> ZN ^ | NAND2_X1 | 0.047 |   3.662 |    3.592 | 
     | datapath/pc_plus_imm/FA_GEN[26].fa_i/FE_RC_566_0   | A ^ -> ZN v  | OAI21_X1 | 0.049 |   3.711 |    3.641 | 
     | datapath/branch_or_inc_4/g867__9945                | A1 v -> ZN ^ | NAND2_X1 | 0.047 |   3.758 |    3.689 | 
     | datapath/branch_or_inc_4/g837__6161                | A1 ^ -> ZN v | NAND2_X1 | 0.037 |   3.795 |    3.725 | 
     | datapath/g35871                                    | A v -> ZN ^  | INV_X1   | 0.051 |   3.846 |    3.776 | 
     | datapath/g35715                                    | B1 ^ -> ZN v | OAI21_X2 | 0.036 |   3.882 |    3.813 | 
     | datapath/IF_pc_reg[26]                             | D v          | DFFR_X1  | 0.000 |   3.883 |    3.813 | 
     +-----------------------------------------------------------------------------------------------------------+ 
Path 14: VIOLATED Setup Check with Pin datapath/IFID_instr_reg[1]/CK 
Endpoint:   datapath/IFID_instr_reg[1]/D   (^) checked with  leading edge of 
'clk'
Beginpoint: datapath/IFID_instr_reg[23]/QN (v) triggered by  leading edge of 
'clk'
Path Groups: {reg2reg}
Analysis View: RPT_SLOW
Other End Arrival Time          0.206
- Setup                         0.074
+ Phase Shift                   3.400
+ CPPR Adjustment               0.000
- Uncertainty                   0.100
= Required Time                 3.433
- Arrival Time                  3.477
= Slack Time                   -0.044
     Clock Rise Edge                 0.000
     + Clock Network Latency (Prop)  0.663
     = Beginpoint Arrival Time       0.663
     +---------------------------------------------------------------------------------------------------+ 
     |                 Instance                  |     Arc      |   Cell    | Delay | Arrival | Required | 
     |                                           |              |           |       |  Time   |   Time   | 
     |-------------------------------------------+--------------+-----------+-------+---------+----------| 
     | datapath/IFID_instr_reg[23]               | CK ^         |           |       |   0.663 |    0.619 | 
     | datapath/IFID_instr_reg[23]               | CK ^ -> QN v | DFFR_X1   | 0.263 |   0.926 |    0.883 | 
     | datapath/FE_OCPC970_n_490                 | A v -> Z v   | BUF_X4    | 0.100 |   1.026 |    0.982 | 
     | datapath/FE_OFC289_n_490                  | A v -> ZN ^  | INV_X2    | 0.051 |   1.077 |    1.034 | 
     | datapath/FE_OFC290_n_490                  | A ^ -> Z ^   | BUF_X2    | 0.109 |   1.186 |    1.142 | 
     | datapath/FE_OFC683_IFID_rs2_3             | A ^ -> ZN v  | INV_X1    | 0.056 |   1.242 |    1.198 | 
     | datapath/FE_OFC925_FE_OCPN2648_IFID_rs2_3 | A v -> ZN ^  | INV_X1    | 0.121 |   1.363 |    1.319 | 
     | branch_forward/g1294__6131                | A ^ -> ZN ^  | XNOR2_X1  | 0.147 |   1.510 |    1.466 | 
     | branch_forward/FE_RC_603_0                | A3 ^ -> ZN ^ | AND3_X2   | 0.190 |   1.700 |    1.657 | 
     | branch_forward/g1269__6161                | A1 ^ -> ZN v | NOR2_X2   | 0.041 |   1.741 |    1.698 | 
     | datapath/g26836                           | A1 v -> ZN ^ | NOR2_X2   | 0.084 |   1.825 |    1.781 | 
     | datapath/g26817                           | A1 ^ -> ZN v | NOR2_X2   | 0.049 |   1.874 |    1.831 | 
     | datapath/FE_OFC773_n_548                  | A v -> Z v   | BUF_X2    | 0.098 |   1.972 |    1.929 | 
     | datapath/g26694                           | A1 v -> ZN v | AND2_X1   | 0.095 |   2.067 |    2.024 | 
     | datapath/g26542                           | A v -> ZN ^  | AOI221_X1 | 0.328 |   2.395 |    2.352 | 
     | datapath/FE_OFC162_n_942                  | A ^ -> Z ^   | BUF_X1    | 0.142 |   2.537 |    2.493 | 
     | datapath/FE_OFC275_n_942                  | A ^ -> ZN v  | INV_X1    | 0.028 |   2.565 |    2.521 | 
     | datapath/FE_RC_608_0                      | A2 v -> ZN ^ | NAND2_X1  | 0.059 |   2.624 |    2.580 | 
     | datapath/FE_RC_607_0                      | A1 ^ -> ZN v | AOI22_X1  | 0.044 |   2.668 |    2.625 | 
     | datapath/LT_TC_OP_g787                    | A1 v -> ZN ^ | NOR2_X1   | 0.108 |   2.776 |    2.732 | 
     | datapath/LT_TC_OP_g776                    | A2 ^ -> ZN v | NOR2_X1   | 0.053 |   2.829 |    2.785 | 
     | datapath/LT_TC_OP_g774                    | B1 v -> ZN ^ | OAI21_X2  | 0.105 |   2.934 |    2.890 | 
     | datapath/LT_TC_OP_g773                    | A1 ^ -> ZN v | NAND2_X1  | 0.051 |   2.985 |    2.941 | 
     | datapath/FE_RC_23_0                       | A1 v -> ZN ^ | NAND3_X1  | 0.089 |   3.074 |    3.030 | 
     | datapath/FE_RC_854_0                      | A1 ^ -> ZN v | NAND3_X2  | 0.087 |   3.161 |    3.117 | 
     | datapath/FE_RC_824_0                      | A2 v -> ZN ^ | NAND3_X4  | 0.080 |   3.242 |    3.198 | 
     | datapath/FE_RC_816_0                      | A1 ^ -> ZN v | NAND2_X4  | 0.045 |   3.286 |    3.243 | 
     | g1054                                     | A1 v -> ZN v | AND2_X2   | 0.106 |   3.393 |    3.349 | 
     | datapath/FE_RC_570_0                      | A2 v -> ZN ^ | NOR2_X4   | 0.084 |   3.476 |    3.433 | 
     | datapath/IFID_instr_reg[1]                | D ^          | DFFR_X1   | 0.000 |   3.477 |    3.433 | 
     +---------------------------------------------------------------------------------------------------+ 
Path 15: VIOLATED Setup Check with Pin datapath/EXMEM_aluResult_reg[30]/CK 
Endpoint:   datapath/EXMEM_aluResult_reg[30]/D (v) checked with  leading edge 
of 'clk'
Beginpoint: datapath/EXMEM_aluResult_reg[0]/Q  (^) triggered by  leading edge 
of 'clk'
Path Groups: {reg2reg}
Analysis View: RPT_SLOW
Other End Arrival Time          1.221
- Setup                         0.139
+ Phase Shift                   3.400
+ CPPR Adjustment               0.000
- Uncertainty                   0.100
= Required Time                 4.382
- Arrival Time                  4.383
= Slack Time                   -0.001
     Clock Rise Edge                 0.000
     + Clock Network Latency (Prop)  0.974
     = Beginpoint Arrival Time       0.974
     +-----------------------------------------------------------------------------------------------------------+ 
     |                      Instance                      |     Arc      |   Cell   | Delay | Arrival | Required | 
     |                                                    |              |          |       |  Time   |   Time   | 
     |----------------------------------------------------+--------------+----------+-------+---------+----------| 
     | datapath/EXMEM_aluResult_reg[0]                    | CK ^         |          |       |   0.974 |    0.973 | 
     | datapath/EXMEM_aluResult_reg[0]                    | CK ^ -> Q ^  | DFFR_X1  | 0.468 |   1.442 |    1.441 | 
     | datapath/FE_RC_759_0                               | A1 ^ -> ZN ^ | OR2_X4   | 0.109 |   1.551 |    1.550 | 
     | datapath/FE_RC_711_0                               | A1 ^ -> ZN v | NAND2_X4 | 0.036 |   1.587 |    1.586 | 
     | datapath/FE_RC_735_0                               | A1 v -> ZN ^ | NAND2_X4 | 0.044 |   1.632 |    1.631 | 
     | datapath/FE_RC_772_0                               | A2 ^ -> ZN v | NAND3_X4 | 0.059 |   1.690 |    1.689 | 
     | datapath/ALU_ALU_GEN[0].slice_i_bitAdder/FE_RC_451 | A1 v -> ZN ^ | NAND2_X4 | 0.049 |   1.739 |    1.738 | 
     | _0                                                 |              |          |       |         |          | 
     | datapath/ALU_ALU_GEN[0].slice_i_bitAdder/FE_RC_450 | A1 ^ -> ZN v | NAND2_X4 | 0.036 |   1.776 |    1.775 | 
     | _0                                                 |              |          |       |         |          | 
     | datapath/ALU_ALU_GEN[1].slice_i_bitAdder/FE_RC_767 | A1 v -> ZN ^ | NAND2_X4 | 0.044 |   1.820 |    1.818 | 
     | _0                                                 |              |          |       |         |          | 
     | datapath/ALU_ALU_GEN[1].slice_i_bitAdder/FE_RC_263 | A1 ^ -> ZN v | NAND2_X4 | 0.035 |   1.855 |    1.854 | 
     | _0                                                 |              |          |       |         |          | 
     | datapath/ALU_ALU_GEN[2].slice_i_bitAdder/FE_RC_278 | A1 v -> ZN ^ | NAND2_X4 | 0.042 |   1.897 |    1.896 | 
     | _0                                                 |              |          |       |         |          | 
     | datapath/ALU_ALU_GEN[2].slice_i_bitAdder/FE_RC_277 | A1 ^ -> ZN v | NAND2_X4 | 0.038 |   1.935 |    1.933 | 
     | _0                                                 |              |          |       |         |          | 
     | datapath/ALU_ALU_GEN[3].slice_i_bitAdder/FE_RC_119 | A1 v -> ZN ^ | NAND2_X4 | 0.043 |   1.978 |    1.977 | 
     | _0                                                 |              |          |       |         |          | 
     | datapath/ALU_ALU_GEN[3].slice_i_bitAdder/FE_RC_118 | A1 ^ -> ZN v | NAND2_X4 | 0.036 |   2.014 |    2.013 | 
     | _0                                                 |              |          |       |         |          | 
     | datapath/ALU_ALU_GEN[4].slice_i_bitAdder/g158__170 | A1 v -> ZN ^ | NAND2_X4 | 0.042 |   2.056 |    2.055 | 
     | 5                                                  |              |          |       |         |          | 
     | datapath/ALU_ALU_GEN[4].slice_i_bitAdder/g156__161 | A1 ^ -> ZN v | NAND2_X4 | 0.038 |   2.094 |    2.093 | 
     | 7                                                  |              |          |       |         |          | 
     | datapath/ALU_ALU_GEN[5].slice_i_bitAdder/g158__616 | A1 v -> ZN ^ | NAND2_X4 | 0.043 |   2.137 |    2.136 | 
     | 1                                                  |              |          |       |         |          | 
     | datapath/ALU_ALU_GEN[5].slice_i_bitAdder/g156__748 | A1 ^ -> ZN v | NAND2_X4 | 0.041 |   2.178 |    2.177 | 
     | 2                                                  |              |          |       |         |          | 
     | datapath/ALU_ALU_GEN[6].slice_i_bitAdder/FE_RC_113 | A1 v -> ZN ^ | NAND2_X4 | 0.046 |   2.224 |    2.223 | 
     | _0                                                 |              |          |       |         |          | 
     | datapath/ALU_ALU_GEN[6].slice_i_bitAdder/FE_RC_112 | A1 ^ -> ZN v | NAND2_X4 | 0.036 |   2.260 |    2.259 | 
     | _0                                                 |              |          |       |         |          | 
     | datapath/ALU_ALU_GEN[7].slice_i_bitAdder/FE_RC_683 | A1 v -> ZN ^ | NAND2_X4 | 0.042 |   2.303 |    2.301 | 
     | _0                                                 |              |          |       |         |          | 
     | datapath/ALU_ALU_GEN[7].slice_i_bitAdder/FE_RC_682 | A1 ^ -> ZN v | NAND2_X4 | 0.036 |   2.338 |    2.337 | 
     | _0                                                 |              |          |       |         |          | 
     | datapath/ALU_ALU_GEN[8].slice_i_bitAdder/FE_RC_107 | A1 v -> ZN ^ | NAND2_X4 | 0.042 |   2.380 |    2.379 | 
     | _0                                                 |              |          |       |         |          | 
     | datapath/ALU_ALU_GEN[8].slice_i_bitAdder/FE_RC_106 | A1 ^ -> ZN v | NAND2_X4 | 0.035 |   2.416 |    2.415 | 
     | _0                                                 |              |          |       |         |          | 
     | datapath/ALU_ALU_GEN[9].slice_i_bitAdder/FE_RC_775 | A1 v -> ZN ^ | NAND2_X4 | 0.042 |   2.458 |    2.457 | 
     | _0                                                 |              |          |       |         |          | 
     | datapath/ALU_ALU_GEN[9].slice_i_bitAdder/FE_RC_774 | A1 ^ -> ZN v | NAND2_X4 | 0.037 |   2.495 |    2.494 | 
     | _0                                                 |              |          |       |         |          | 
     | datapath/ALU_ALU_GEN[10].slice_i_bitAdder/g149__55 | A1 v -> ZN ^ | NAND2_X4 | 0.043 |   2.538 |    2.537 | 
     | 26                                                 |              |          |       |         |          | 
     | datapath/ALU_ALU_GEN[10].slice_i_bitAdder/g147__43 | A1 ^ -> ZN v | NAND2_X4 | 0.036 |   2.574 |    2.573 | 
     | 19                                                 |              |          |       |         |          | 
     | datapath/ALU_ALU_GEN[11].slice_i_bitAdder/g158__70 | A1 v -> ZN ^ | NAND2_X4 | 0.043 |   2.617 |    2.616 | 
     | 98                                                 |              |          |       |         |          | 
     | datapath/ALU_ALU_GEN[11].slice_i_bitAdder/g156__51 | A1 ^ -> ZN v | NAND2_X4 | 0.036 |   2.653 |    2.652 | 
     | 22                                                 |              |          |       |         |          | 
     | datapath/ALU_ALU_GEN[12].slice_i_bitAdder/g158__99 | A1 v -> ZN ^ | NAND2_X4 | 0.043 |   2.696 |    2.695 | 
     | 45                                                 |              |          |       |         |          | 
     | datapath/ALU_ALU_GEN[12].slice_i_bitAdder/g156__61 | A1 ^ -> ZN v | NAND2_X4 | 0.036 |   2.732 |    2.731 | 
     | 61                                                 |              |          |       |         |          | 
     | datapath/ALU_ALU_GEN[13].slice_i_bitAdder/g158__51 | A1 v -> ZN ^ | NAND2_X4 | 0.043 |   2.775 |    2.774 | 
     | 07                                                 |              |          |       |         |          | 
     | datapath/ALU_ALU_GEN[13].slice_i_bitAdder/g156__54 | A1 ^ -> ZN v | NAND2_X4 | 0.036 |   2.811 |    2.810 | 
     | 77                                                 |              |          |       |         |          | 
     | datapath/ALU_ALU_GEN[14].slice_i_bitAdder/g155__28 | A1 v -> ZN ^ | NAND2_X4 | 0.043 |   2.854 |    2.853 | 
     | 02                                                 |              |          |       |         |          | 
     | datapath/ALU_ALU_GEN[14].slice_i_bitAdder/g153__36 | A1 ^ -> ZN v | NAND2_X4 | 0.037 |   2.891 |    2.890 | 
     | 80                                                 |              |          |       |         |          | 
     | datapath/ALU_ALU_GEN[15].slice_i_bitAdder/FE_RC_10 | A1 v -> ZN ^ | NAND2_X4 | 0.043 |   2.934 |    2.933 | 
     | 3_0                                                |              |          |       |         |          | 
     | datapath/ALU_ALU_GEN[15].slice_i_bitAdder/FE_RC_10 | A1 ^ -> ZN v | NAND2_X4 | 0.036 |   2.970 |    2.969 | 
     | 2_0                                                |              |          |       |         |          | 
     | datapath/ALU_ALU_GEN[16].slice_i_bitAdder/g158__16 | A1 v -> ZN ^ | NAND2_X4 | 0.043 |   3.013 |    3.012 | 
     | 66                                                 |              |          |       |         |          | 
     | datapath/ALU_ALU_GEN[16].slice_i_bitAdder/g156__23 | A1 ^ -> ZN v | NAND2_X4 | 0.040 |   3.053 |    3.052 | 
     | 46                                                 |              |          |       |         |          | 
     | datapath/ALU_ALU_GEN[17].slice_i_bitAdder/FE_RC_67 | A1 v -> ZN ^ | NAND2_X4 | 0.045 |   3.098 |    3.096 | 
     | 6_0                                                |              |          |       |         |          | 
     | datapath/ALU_ALU_GEN[17].slice_i_bitAdder/FE_RC_67 | A1 ^ -> ZN v | NAND2_X4 | 0.036 |   3.134 |    3.132 | 
     | 5_0                                                |              |          |       |         |          | 
     | datapath/ALU_ALU_GEN[18].slice_i_bitAdder/g155__61 | A1 v -> ZN ^ | NAND2_X4 | 0.043 |   3.176 |    3.175 | 
     | 31                                                 |              |          |       |         |          | 
     | datapath/ALU_ALU_GEN[18].slice_i_bitAdder/g153__70 | A1 ^ -> ZN v | NAND2_X4 | 0.036 |   3.213 |    3.212 | 
     | 98                                                 |              |          |       |         |          | 
     | datapath/ALU_ALU_GEN[19].slice_i_bitAdder/g158__23 | A1 v -> ZN ^ | NAND2_X4 | 0.043 |   3.256 |    3.255 | 
     | 46                                                 |              |          |       |         |          | 
     | datapath/ALU_ALU_GEN[19].slice_i_bitAdder/g156__28 | A1 ^ -> ZN v | NAND2_X4 | 0.036 |   3.292 |    3.291 | 
     | 83                                                 |              |          |       |         |          | 
     | datapath/ALU_ALU_GEN[20].slice_i_bitAdder/g158__84 | A1 v -> ZN ^ | NAND2_X4 | 0.043 |   3.335 |    3.334 | 
     | 28                                                 |              |          |       |         |          | 
     | datapath/ALU_ALU_GEN[20].slice_i_bitAdder/g156__43 | A1 ^ -> ZN v | NAND2_X4 | 0.040 |   3.374 |    3.373 | 
     | 19                                                 |              |          |       |         |          | 
     | datapath/ALU_ALU_GEN[21].slice_i_bitAdder/g158__70 | A1 v -> ZN ^ | NAND2_X4 | 0.045 |   3.419 |    3.418 | 
     | 98                                                 |              |          |       |         |          | 
     | datapath/ALU_ALU_GEN[21].slice_i_bitAdder/g156__82 | A1 ^ -> ZN v | NAND2_X4 | 0.038 |   3.457 |    3.456 | 
     | 46                                                 |              |          |       |         |          | 
     | datapath/ALU_ALU_GEN[22].slice_i_bitAdder/g155__99 | A1 v -> ZN ^ | NAND2_X4 | 0.043 |   3.500 |    3.499 | 
     | 45                                                 |              |          |       |         |          | 
     | datapath/ALU_ALU_GEN[22].slice_i_bitAdder/g153__93 | A1 ^ -> ZN v | NAND2_X4 | 0.036 |   3.536 |    3.535 | 
     | 15                                                 |              |          |       |         |          | 
     | datapath/ALU_ALU_GEN[23].slice_i_bitAdder/g158__51 | A1 v -> ZN ^ | NAND2_X4 | 0.043 |   3.579 |    3.577 | 
     | 07                                                 |              |          |       |         |          | 
     | datapath/ALU_ALU_GEN[23].slice_i_bitAdder/g156__23 | A1 ^ -> ZN v | NAND2_X4 | 0.037 |   3.615 |    3.614 | 
     | 98                                                 |              |          |       |         |          | 
     | datapath/ALU_ALU_GEN[24].slice_i_bitAdder/g158__17 | A1 v -> ZN ^ | NAND2_X4 | 0.043 |   3.659 |    3.657 | 
     | 05                                                 |              |          |       |         |          | 
     | datapath/ALU_ALU_GEN[24].slice_i_bitAdder/g156__16 | A1 ^ -> ZN v | NAND2_X4 | 0.039 |   3.698 |    3.697 | 
     | 17                                                 |              |          |       |         |          | 
     | datapath/ALU_ALU_GEN[25].slice_i_bitAdder/g158__74 | A1 v -> ZN ^ | NAND2_X4 | 0.045 |   3.743 |    3.742 | 
     | 82                                                 |              |          |       |         |          | 
     | datapath/ALU_ALU_GEN[25].slice_i_bitAdder/g156__51 | A1 ^ -> ZN v | NAND2_X4 | 0.036 |   3.779 |    3.778 | 
     | 15                                                 |              |          |       |         |          | 
     | datapath/ALU_ALU_GEN[26].slice_i_bitAdder/g158__64 | A1 v -> ZN ^ | NAND2_X4 | 0.044 |   3.823 |    3.822 | 
     | 17                                                 |              |          |       |         |          | 
     | datapath/ALU_ALU_GEN[26].slice_i_bitAdder/g156__16 | A1 ^ -> ZN v | NAND2_X4 | 0.037 |   3.860 |    3.859 | 
     | 66                                                 |              |          |       |         |          | 
     | datapath/ALU_ALU_GEN[27].slice_i_bitAdder/g158__67 | A1 v -> ZN ^ | NAND2_X4 | 0.044 |   3.904 |    3.903 | 
     | 83                                                 |              |          |       |         |          | 
     | datapath/ALU_ALU_GEN[27].slice_i_bitAdder/g156__84 | A1 ^ -> ZN v | NAND2_X4 | 0.036 |   3.940 |    3.939 | 
     | 28                                                 |              |          |       |         |          | 
     | datapath/ALU_ALU_GEN[28].slice_i_bitAdder/g158__51 | A1 v -> ZN ^ | NAND2_X4 | 0.043 |   3.983 |    3.982 | 
     | 15                                                 |              |          |       |         |          | 
     | datapath/ALU_ALU_GEN[28].slice_i_bitAdder/g156__61 | A1 ^ -> ZN v | NAND2_X4 | 0.038 |   4.021 |    4.020 | 
     | 31                                                 |              |          |       |         |          | 
     | datapath/ALU_ALU_GEN[29].slice_i_bitAdder/g158__64 | A1 v -> ZN ^ | NAND2_X4 | 0.044 |   4.065 |    4.064 | 
     | 17                                                 |              |          |       |         |          | 
     | datapath/ALU_ALU_GEN[29].slice_i_bitAdder/g156__16 | A1 ^ -> ZN v | NAND2_X4 | 0.037 |   4.102 |    4.101 | 
     | 66                                                 |              |          |       |         |          | 
     | datapath/FE_OCPC372_ALU_cout_30                    | A v -> Z v   | BUF_X1   | 0.094 |   4.196 |    4.195 | 
     | datapath/ALU_ALU_GEN[30].slice_i_bitAdder/FE_RC_52 | A1 v -> ZN ^ | NAND2_X1 | 0.048 |   4.244 |    4.243 | 
     | 8_0                                                |              |          |       |         |          | 
     | datapath/ALU_ALU_GEN[30].slice_i_bitAdder/FE_RC_52 | A ^ -> ZN v  | OAI21_X1 | 0.050 |   4.294 |    4.293 | 
     | 7_0                                                |              |          |       |         |          | 
     | datapath/ALU_ALU_GEN[30].slice_i_resultMux/g153__7 | A1 v -> ZN ^ | NAND2_X1 | 0.048 |   4.342 |    4.341 | 
     | 098                                                |              |          |       |         |          | 
     | datapath/ALU_ALU_GEN[30].slice_i_resultMux/g151__5 | A1 ^ -> ZN v | NAND2_X1 | 0.041 |   4.383 |    4.382 | 
     | 122                                                |              |          |       |         |          | 
     | datapath/EXMEM_aluResult_reg[30]                   | D v          | DFFR_X1  | 0.000 |   4.383 |    4.382 | 
     +-----------------------------------------------------------------------------------------------------------+ 
Path 16: MET Setup Check with Pin datapath/EXMEM_aluResult_reg[22]/CK 
Endpoint:   datapath/EXMEM_aluResult_reg[22]/D (v) checked with  leading edge 
of 'clk'
Beginpoint: datapath/EXMEM_aluResult_reg[0]/Q  (^) triggered by  leading edge 
of 'clk'
Path Groups: {reg2reg}
Analysis View: RPT_SLOW
Other End Arrival Time          0.597
- Setup                         0.140
+ Phase Shift                   3.400
+ CPPR Adjustment               0.000
- Uncertainty                   0.100
= Required Time                 3.756
- Arrival Time                  3.755
= Slack Time                    0.002
     Clock Rise Edge                 0.000
     + Clock Network Latency (Prop)  0.974
     = Beginpoint Arrival Time       0.974
     +------------------------------------------------------------------------------------------------------------+ 
     |                      Instance                      |     Arc      |   Cell    | Delay | Arrival | Required | 
     |                                                    |              |           |       |  Time   |   Time   | 
     |----------------------------------------------------+--------------+-----------+-------+---------+----------| 
     | datapath/EXMEM_aluResult_reg[0]                    | CK ^         |           |       |   0.974 |    0.976 | 
     | datapath/EXMEM_aluResult_reg[0]                    | CK ^ -> Q ^  | DFFR_X1   | 0.468 |   1.442 |    1.444 | 
     | datapath/FE_RC_759_0                               | A1 ^ -> ZN ^ | OR2_X4    | 0.109 |   1.551 |    1.553 | 
     | datapath/FE_RC_711_0                               | A1 ^ -> ZN v | NAND2_X4  | 0.036 |   1.587 |    1.589 | 
     | datapath/FE_RC_735_0                               | A1 v -> ZN ^ | NAND2_X4  | 0.044 |   1.632 |    1.633 | 
     | datapath/FE_RC_772_0                               | A2 ^ -> ZN v | NAND3_X4  | 0.059 |   1.690 |    1.692 | 
     | datapath/ALU_ALU_GEN[0].slice_i_bitAdder/FE_RC_451 | A1 v -> ZN ^ | NAND2_X4  | 0.049 |   1.739 |    1.741 | 
     | _0                                                 |              |           |       |         |          | 
     | datapath/ALU_ALU_GEN[0].slice_i_bitAdder/FE_RC_450 | A1 ^ -> ZN v | NAND2_X4  | 0.036 |   1.776 |    1.777 | 
     | _0                                                 |              |           |       |         |          | 
     | datapath/ALU_ALU_GEN[1].slice_i_bitAdder/FE_RC_767 | A1 v -> ZN ^ | NAND2_X4  | 0.044 |   1.820 |    1.821 | 
     | _0                                                 |              |           |       |         |          | 
     | datapath/ALU_ALU_GEN[1].slice_i_bitAdder/FE_RC_263 | A1 ^ -> ZN v | NAND2_X4  | 0.035 |   1.855 |    1.856 | 
     | _0                                                 |              |           |       |         |          | 
     | datapath/ALU_ALU_GEN[2].slice_i_bitAdder/FE_RC_278 | A1 v -> ZN ^ | NAND2_X4  | 0.042 |   1.897 |    1.898 | 
     | _0                                                 |              |           |       |         |          | 
     | datapath/ALU_ALU_GEN[2].slice_i_bitAdder/FE_RC_277 | A1 ^ -> ZN v | NAND2_X4  | 0.038 |   1.935 |    1.936 | 
     | _0                                                 |              |           |       |         |          | 
     | datapath/ALU_ALU_GEN[3].slice_i_bitAdder/FE_RC_119 | A1 v -> ZN ^ | NAND2_X4  | 0.043 |   1.978 |    1.979 | 
     | _0                                                 |              |           |       |         |          | 
     | datapath/ALU_ALU_GEN[3].slice_i_bitAdder/FE_RC_118 | A1 ^ -> ZN v | NAND2_X4  | 0.036 |   2.014 |    2.015 | 
     | _0                                                 |              |           |       |         |          | 
     | datapath/ALU_ALU_GEN[4].slice_i_bitAdder/g158__170 | A1 v -> ZN ^ | NAND2_X4  | 0.042 |   2.056 |    2.058 | 
     | 5                                                  |              |           |       |         |          | 
     | datapath/ALU_ALU_GEN[4].slice_i_bitAdder/g156__161 | A1 ^ -> ZN v | NAND2_X4  | 0.038 |   2.094 |    2.096 | 
     | 7                                                  |              |           |       |         |          | 
     | datapath/ALU_ALU_GEN[5].slice_i_bitAdder/g158__616 | A1 v -> ZN ^ | NAND2_X4  | 0.043 |   2.137 |    2.138 | 
     | 1                                                  |              |           |       |         |          | 
     | datapath/ALU_ALU_GEN[5].slice_i_bitAdder/g156__748 | A1 ^ -> ZN v | NAND2_X4  | 0.041 |   2.178 |    2.180 | 
     | 2                                                  |              |           |       |         |          | 
     | datapath/ALU_ALU_GEN[6].slice_i_bitAdder/FE_RC_113 | A1 v -> ZN ^ | NAND2_X4  | 0.046 |   2.224 |    2.225 | 
     | _0                                                 |              |           |       |         |          | 
     | datapath/ALU_ALU_GEN[6].slice_i_bitAdder/FE_RC_112 | A1 ^ -> ZN v | NAND2_X4  | 0.036 |   2.260 |    2.262 | 
     | _0                                                 |              |           |       |         |          | 
     | datapath/ALU_ALU_GEN[7].slice_i_bitAdder/FE_RC_683 | A1 v -> ZN ^ | NAND2_X4  | 0.042 |   2.303 |    2.304 | 
     | _0                                                 |              |           |       |         |          | 
     | datapath/ALU_ALU_GEN[7].slice_i_bitAdder/FE_RC_682 | A1 ^ -> ZN v | NAND2_X4  | 0.036 |   2.338 |    2.340 | 
     | _0                                                 |              |           |       |         |          | 
     | datapath/ALU_ALU_GEN[8].slice_i_bitAdder/FE_RC_107 | A1 v -> ZN ^ | NAND2_X4  | 0.042 |   2.380 |    2.382 | 
     | _0                                                 |              |           |       |         |          | 
     | datapath/ALU_ALU_GEN[8].slice_i_bitAdder/FE_RC_106 | A1 ^ -> ZN v | NAND2_X4  | 0.035 |   2.416 |    2.417 | 
     | _0                                                 |              |           |       |         |          | 
     | datapath/ALU_ALU_GEN[9].slice_i_bitAdder/FE_RC_775 | A1 v -> ZN ^ | NAND2_X4  | 0.042 |   2.458 |    2.459 | 
     | _0                                                 |              |           |       |         |          | 
     | datapath/ALU_ALU_GEN[9].slice_i_bitAdder/FE_RC_774 | A1 ^ -> ZN v | NAND2_X4  | 0.037 |   2.495 |    2.496 | 
     | _0                                                 |              |           |       |         |          | 
     | datapath/ALU_ALU_GEN[10].slice_i_bitAdder/g149__55 | A1 v -> ZN ^ | NAND2_X4  | 0.043 |   2.538 |    2.539 | 
     | 26                                                 |              |           |       |         |          | 
     | datapath/ALU_ALU_GEN[10].slice_i_bitAdder/g147__43 | A1 ^ -> ZN v | NAND2_X4  | 0.036 |   2.574 |    2.575 | 
     | 19                                                 |              |           |       |         |          | 
     | datapath/ALU_ALU_GEN[11].slice_i_bitAdder/g158__70 | A1 v -> ZN ^ | NAND2_X4  | 0.043 |   2.617 |    2.618 | 
     | 98                                                 |              |           |       |         |          | 
     | datapath/ALU_ALU_GEN[11].slice_i_bitAdder/g156__51 | A1 ^ -> ZN v | NAND2_X4  | 0.036 |   2.653 |    2.655 | 
     | 22                                                 |              |           |       |         |          | 
     | datapath/ALU_ALU_GEN[12].slice_i_bitAdder/g158__99 | A1 v -> ZN ^ | NAND2_X4  | 0.043 |   2.696 |    2.698 | 
     | 45                                                 |              |           |       |         |          | 
     | datapath/ALU_ALU_GEN[12].slice_i_bitAdder/g156__61 | A1 ^ -> ZN v | NAND2_X4  | 0.036 |   2.732 |    2.734 | 
     | 61                                                 |              |           |       |         |          | 
     | datapath/ALU_ALU_GEN[13].slice_i_bitAdder/g158__51 | A1 v -> ZN ^ | NAND2_X4  | 0.043 |   2.775 |    2.777 | 
     | 07                                                 |              |           |       |         |          | 
     | datapath/ALU_ALU_GEN[13].slice_i_bitAdder/g156__54 | A1 ^ -> ZN v | NAND2_X4  | 0.036 |   2.811 |    2.812 | 
     | 77                                                 |              |           |       |         |          | 
     | datapath/ALU_ALU_GEN[14].slice_i_bitAdder/g155__28 | A1 v -> ZN ^ | NAND2_X4  | 0.043 |   2.854 |    2.856 | 
     | 02                                                 |              |           |       |         |          | 
     | datapath/ALU_ALU_GEN[14].slice_i_bitAdder/g153__36 | A1 ^ -> ZN v | NAND2_X4  | 0.037 |   2.891 |    2.893 | 
     | 80                                                 |              |           |       |         |          | 
     | datapath/ALU_ALU_GEN[15].slice_i_bitAdder/FE_RC_10 | A1 v -> ZN ^ | NAND2_X4  | 0.043 |   2.934 |    2.936 | 
     | 3_0                                                |              |           |       |         |          | 
     | datapath/ALU_ALU_GEN[15].slice_i_bitAdder/FE_RC_10 | A1 ^ -> ZN v | NAND2_X4  | 0.036 |   2.970 |    2.972 | 
     | 2_0                                                |              |           |       |         |          | 
     | datapath/ALU_ALU_GEN[16].slice_i_bitAdder/g158__16 | A1 v -> ZN ^ | NAND2_X4  | 0.043 |   3.013 |    3.015 | 
     | 66                                                 |              |           |       |         |          | 
     | datapath/ALU_ALU_GEN[16].slice_i_bitAdder/g156__23 | A1 ^ -> ZN v | NAND2_X4  | 0.040 |   3.053 |    3.054 | 
     | 46                                                 |              |           |       |         |          | 
     | datapath/ALU_ALU_GEN[17].slice_i_bitAdder/FE_RC_67 | A1 v -> ZN ^ | NAND2_X4  | 0.045 |   3.098 |    3.099 | 
     | 6_0                                                |              |           |       |         |          | 
     | datapath/ALU_ALU_GEN[17].slice_i_bitAdder/FE_RC_67 | A1 ^ -> ZN v | NAND2_X4  | 0.036 |   3.134 |    3.135 | 
     | 5_0                                                |              |           |       |         |          | 
     | datapath/ALU_ALU_GEN[18].slice_i_bitAdder/g155__61 | A1 v -> ZN ^ | NAND2_X4  | 0.043 |   3.176 |    3.178 | 
     | 31                                                 |              |           |       |         |          | 
     | datapath/ALU_ALU_GEN[18].slice_i_bitAdder/g153__70 | A1 ^ -> ZN v | NAND2_X4  | 0.036 |   3.213 |    3.214 | 
     | 98                                                 |              |           |       |         |          | 
     | datapath/ALU_ALU_GEN[19].slice_i_bitAdder/g158__23 | A1 v -> ZN ^ | NAND2_X4  | 0.043 |   3.256 |    3.258 | 
     | 46                                                 |              |           |       |         |          | 
     | datapath/ALU_ALU_GEN[19].slice_i_bitAdder/g156__28 | A1 ^ -> ZN v | NAND2_X4  | 0.036 |   3.292 |    3.294 | 
     | 83                                                 |              |           |       |         |          | 
     | datapath/ALU_ALU_GEN[20].slice_i_bitAdder/g158__84 | A1 v -> ZN ^ | NAND2_X4  | 0.043 |   3.335 |    3.336 | 
     | 28                                                 |              |           |       |         |          | 
     | datapath/ALU_ALU_GEN[20].slice_i_bitAdder/g156__43 | A1 ^ -> ZN v | NAND2_X4  | 0.040 |   3.374 |    3.376 | 
     | 19                                                 |              |           |       |         |          | 
     | datapath/ALU_ALU_GEN[21].slice_i_bitAdder/g158__70 | A1 v -> ZN ^ | NAND2_X4  | 0.045 |   3.419 |    3.421 | 
     | 98                                                 |              |           |       |         |          | 
     | datapath/ALU_ALU_GEN[21].slice_i_bitAdder/g156__82 | A1 ^ -> ZN v | NAND2_X4  | 0.038 |   3.457 |    3.458 | 
     | 46                                                 |              |           |       |         |          | 
     | datapath/FE_OCPC373_ALU_cout_22                    | A v -> Z v   | CLKBUF_X1 | 0.102 |   3.559 |    3.560 | 
     | datapath/ALU_ALU_GEN[22].slice_i_bitAdder/FE_RC_83 | A1 v -> ZN ^ | NAND2_X1  | 0.050 |   3.609 |    3.611 | 
     | 3_0                                                |              |           |       |         |          | 
     | datapath/ALU_ALU_GEN[22].slice_i_bitAdder/FE_RC_83 | A ^ -> ZN v  | OAI21_X1  | 0.050 |   3.659 |    3.661 | 
     | 2_0                                                |              |           |       |         |          | 
     | datapath/ALU_ALU_GEN[22].slice_i_resultMux/g147__5 | A1 v -> ZN ^ | NAND3_X1  | 0.052 |   3.711 |    3.713 | 
     | 477                                                |              |           |       |         |          | 
     | datapath/ALU_ALU_GEN[22].slice_i_resultMux/g145__7 | A1 ^ -> ZN v | NAND2_X1  | 0.044 |   3.755 |    3.756 | 
     | 410                                                |              |           |       |         |          | 
     | datapath/EXMEM_aluResult_reg[22]                   | D v          | DFFR_X1   | 0.000 |   3.755 |    3.756 | 
     +------------------------------------------------------------------------------------------------------------+ 
Path 17: MET Setup Check with Pin datapath/IF_pc_reg[25]/CK 
Endpoint:   datapath/IF_pc_reg[25]/D     (v) checked with  leading edge of 'clk'
Beginpoint: datapath/IFID_instr_reg[5]/Q (^) triggered by  leading edge of 'clk'
Path Groups: {reg2reg}
Analysis View: RPT_SLOW
Other End Arrival Time          0.662
- Setup                         0.131
+ Phase Shift                   3.400
+ CPPR Adjustment               0.000
- Uncertainty                   0.100
= Required Time                 3.831
- Arrival Time                  3.811
= Slack Time                    0.020
     Clock Rise Edge                 0.000
     + Clock Network Latency (Prop)  0.665
     = Beginpoint Arrival Time       0.665
     +-----------------------------------------------------------------------------------------------------------+ 
     |                      Instance                      |     Arc      |   Cell   | Delay | Arrival | Required | 
     |                                                    |              |          |       |  Time   |   Time   | 
     |----------------------------------------------------+--------------+----------+-------+---------+----------| 
     | datapath/IFID_instr_reg[5]                         | CK ^         |          |       |   0.665 |    0.685 | 
     | datapath/IFID_instr_reg[5]                         | CK ^ -> Q ^  | DFFR_X1  | 0.388 |   1.053 |    1.073 | 
     | datapath/FE_OCPC578_FE_RN_2                        | A ^ -> Z ^   | BUF_X4   | 0.082 |   1.135 |    1.155 | 
     | datapath/immediate_generation/FE_OCPC343_IFID_opco | A ^ -> ZN v  | INV_X1   | 0.037 |   1.172 |    1.192 | 
     | de_5                                               |              |          |       |         |          | 
     | datapath/immediate_generation/FE_RC_653_0          | A2 v -> ZN ^ | NAND4_X4 | 0.062 |   1.234 |    1.254 | 
     | datapath/immediate_generation/g3418__1666          | A2 ^ -> ZN v | NAND2_X4 | 0.053 |   1.287 |    1.308 | 
     | datapath/immediate_generation/g3413__9315          | A1 v -> ZN ^ | NAND2_X2 | 0.061 |   1.349 |    1.369 | 
     | datapath/immediate_generation/g3399__2802          | A2 ^ -> ZN v | NAND2_X4 | 0.048 |   1.396 |    1.416 | 
     | datapath/pc_plus_imm/FA_GEN[2].fa_i/FE_RC_538_0    | A v -> ZN ^  | INV_X2   | 0.043 |   1.439 |    1.459 | 
     | datapath/pc_plus_imm/FA_GEN[2].fa_i/g157__2398     | A1 ^ -> ZN v | NAND2_X2 | 0.033 |   1.472 |    1.492 | 
     | datapath/pc_plus_imm/FA_GEN[2].fa_i/g155__6417     | A2 v -> ZN ^ | NAND2_X2 | 0.052 |   1.524 |    1.544 | 
     | datapath/pc_plus_imm/FA_GEN[2].fa_i/g153__1666     | A1 ^ -> ZN v | NAND2_X2 | 0.039 |   1.562 |    1.582 | 
     | datapath/pc_plus_imm/FA_GEN[3].fa_i/g155__8428     | A1 v -> ZN ^ | NAND2_X2 | 0.046 |   1.608 |    1.628 | 
     | datapath/pc_plus_imm/FA_GEN[3].fa_i/g153__6260     | A1 ^ -> ZN v | NAND2_X2 | 0.041 |   1.649 |    1.669 | 
     | datapath/pc_plus_imm/FA_GEN[4].fa_i/g155__1705     | A1 v -> ZN ^ | NAND2_X2 | 0.058 |   1.707 |    1.727 | 
     | datapath/pc_plus_imm/FA_GEN[4].fa_i/g153__1617     | A1 ^ -> ZN v | NAND2_X4 | 0.047 |   1.755 |    1.775 | 
     | datapath/pc_plus_imm/FA_GEN[5].fa_i/g155__5115     | A1 v -> ZN ^ | NAND2_X4 | 0.046 |   1.801 |    1.821 | 
     | datapath/pc_plus_imm/FA_GEN[5].fa_i/g153__6131     | A1 ^ -> ZN v | NAND2_X4 | 0.033 |   1.833 |    1.854 | 
     | datapath/pc_plus_imm/FA_GEN[6].fa_i/g155__2883     | A1 v -> ZN ^ | NAND2_X2 | 0.044 |   1.878 |    1.898 | 
     | datapath/pc_plus_imm/FA_GEN[6].fa_i/g153__9315     | A1 ^ -> ZN v | NAND2_X2 | 0.040 |   1.918 |    1.938 | 
     | datapath/pc_plus_imm/FA_GEN[7].fa_i/g155__2398     | A1 v -> ZN ^ | NAND2_X2 | 0.058 |   1.976 |    1.996 | 
     | datapath/pc_plus_imm/FA_GEN[7].fa_i/g153__6417     | A1 ^ -> ZN v | NAND2_X4 | 0.041 |   2.017 |    2.037 | 
     | datapath/pc_plus_imm/FA_GEN[8].fa_i/g155__6783     | A1 v -> ZN ^ | NAND2_X4 | 0.044 |   2.061 |    2.081 | 
     | datapath/pc_plus_imm/FA_GEN[8].fa_i/g153__8428     | A1 ^ -> ZN v | NAND2_X4 | 0.036 |   2.097 |    2.117 | 
     | datapath/pc_plus_imm/FA_GEN[9].fa_i/g155__5122     | A1 v -> ZN ^ | NAND2_X4 | 0.043 |   2.139 |    2.159 | 
     | datapath/pc_plus_imm/FA_GEN[9].fa_i/g153__2802     | A1 ^ -> ZN v | NAND2_X4 | 0.037 |   2.176 |    2.196 | 
     | datapath/pc_plus_imm/FA_GEN[10].fa_i/g137__5115    | A1 v -> ZN ^ | NAND2_X4 | 0.044 |   2.220 |    2.240 | 
     | datapath/pc_plus_imm/FA_GEN[10].fa_i/g135__6131    | A1 ^ -> ZN v | NAND2_X4 | 0.032 |   2.252 |    2.272 | 
     | datapath/pc_plus_imm/FA_GEN[11].fa_i/g137__9945    | A1 v -> ZN ^ | NAND2_X2 | 0.043 |   2.296 |    2.316 | 
     | datapath/pc_plus_imm/FA_GEN[11].fa_i/g135__6161    | A1 ^ -> ZN v | NAND2_X2 | 0.039 |   2.335 |    2.355 | 
     | datapath/pc_plus_imm/FA_GEN[12].fa_i/g137__6417    | A1 v -> ZN ^ | NAND2_X2 | 0.045 |   2.379 |    2.399 | 
     | datapath/pc_plus_imm/FA_GEN[12].fa_i/g135__1666    | A1 ^ -> ZN v | NAND2_X2 | 0.039 |   2.418 |    2.438 | 
     | datapath/pc_plus_imm/FA_GEN[13].fa_i/FE_RC_534_0   | A1 v -> ZN ^ | NAND2_X2 | 0.057 |   2.475 |    2.496 | 
     | datapath/pc_plus_imm/FA_GEN[13].fa_i/g135__5107    | A1 ^ -> ZN v | NAND2_X4 | 0.043 |   2.519 |    2.539 | 
     | datapath/pc_plus_imm/FA_GEN[14].fa_i/g155__1617    | A1 v -> ZN ^ | NAND2_X4 | 0.044 |   2.563 |    2.583 | 
     | datapath/pc_plus_imm/FA_GEN[14].fa_i/g153__6783    | A1 ^ -> ZN v | NAND2_X4 | 0.037 |   2.600 |    2.620 | 
     | datapath/pc_plus_imm/FA_GEN[15].fa_i/g155__7098    | A1 v -> ZN ^ | NAND2_X4 | 0.044 |   2.644 |    2.664 | 
     | datapath/pc_plus_imm/FA_GEN[15].fa_i/g153__5122    | A1 ^ -> ZN v | NAND2_X4 | 0.037 |   2.681 |    2.701 | 
     | datapath/pc_plus_imm/FA_GEN[16].fa_i/g155__4733    | A1 v -> ZN ^ | NAND2_X4 | 0.043 |   2.724 |    2.745 | 
     | datapath/pc_plus_imm/FA_GEN[16].fa_i/g153__5115    | A1 ^ -> ZN v | NAND2_X4 | 0.033 |   2.758 |    2.778 | 
     | datapath/pc_plus_imm/FA_GEN[17].fa_i/g155__2346    | A1 v -> ZN ^ | NAND2_X2 | 0.044 |   2.802 |    2.822 | 
     | datapath/pc_plus_imm/FA_GEN[17].fa_i/g153__9945    | A1 ^ -> ZN v | NAND2_X2 | 0.046 |   2.848 |    2.868 | 
     | datapath/pc_plus_imm/FA_GEN[18].fa_i/FE_RC_535_0   | A1 v -> ZN ^ | NAND2_X4 | 0.046 |   2.894 |    2.914 | 
     | datapath/pc_plus_imm/FA_GEN[18].fa_i/g153__6417    | A1 ^ -> ZN v | NAND2_X4 | 0.037 |   2.931 |    2.951 | 
     | datapath/pc_plus_imm/FA_GEN[19].fa_i/g155__5526    | A1 v -> ZN ^ | NAND2_X4 | 0.043 |   2.974 |    2.995 | 
     | datapath/pc_plus_imm/FA_GEN[19].fa_i/g153__4319    | A1 ^ -> ZN v | NAND2_X4 | 0.032 |   3.006 |    3.026 | 
     | datapath/pc_plus_imm/FA_GEN[20].fa_i/g155__2802    | A1 v -> ZN ^ | NAND2_X2 | 0.045 |   3.051 |    3.071 | 
     | datapath/pc_plus_imm/FA_GEN[20].fa_i/g153__1617    | A1 ^ -> ZN v | NAND2_X2 | 0.041 |   3.092 |    3.112 | 
     | datapath/pc_plus_imm/FA_GEN[21].fa_i/g155__1881    | A1 v -> ZN ^ | NAND2_X2 | 0.046 |   3.138 |    3.158 | 
     | datapath/pc_plus_imm/FA_GEN[21].fa_i/g153__7098    | A1 ^ -> ZN v | NAND2_X2 | 0.039 |   3.177 |    3.197 | 
     | datapath/pc_plus_imm/FA_GEN[22].fa_i/g155__6161    | A1 v -> ZN ^ | NAND2_X2 | 0.045 |   3.222 |    3.242 | 
     | datapath/pc_plus_imm/FA_GEN[22].fa_i/g153__4733    | A1 ^ -> ZN v | NAND2_X2 | 0.039 |   3.261 |    3.282 | 
     | datapath/pc_plus_imm/FA_GEN[23].fa_i/g155__1666    | A1 v -> ZN ^ | NAND2_X2 | 0.057 |   3.319 |    3.339 | 
     | datapath/pc_plus_imm/FA_GEN[23].fa_i/g153__2346    | A1 ^ -> ZN v | NAND2_X4 | 0.042 |   3.361 |    3.381 | 
     | datapath/pc_plus_imm/FA_GEN[24].fa_i/FE_RC_536_0   | A1 v -> ZN ^ | NAND2_X4 | 0.044 |   3.405 |    3.425 | 
     | datapath/pc_plus_imm/FA_GEN[24].fa_i/g153__2398    | A1 ^ -> ZN v | NAND2_X4 | 0.037 |   3.442 |    3.463 | 
     | datapath/pc_plus_imm/FE_OCPC499_cout_25            | A v -> Z v   | BUF_X1   | 0.095 |   3.537 |    3.558 | 
     | datapath/pc_plus_imm/FA_GEN[25].fa_i/FE_RC_588_0   | A1 v -> ZN ^ | NAND2_X1 | 0.047 |   3.584 |    3.604 | 
     | datapath/pc_plus_imm/FA_GEN[25].fa_i/FE_RC_587_0   | A ^ -> ZN v  | OAI21_X1 | 0.049 |   3.633 |    3.653 | 
     | datapath/branch_or_inc_4/g858__8246                | A1 v -> ZN ^ | NAND2_X1 | 0.049 |   3.682 |    3.702 | 
     | datapath/branch_or_inc_4/g817__5477                | A1 ^ -> ZN v | NAND2_X1 | 0.046 |   3.728 |    3.748 | 
     | datapath/FE_RC_852_0                               | A2 v -> ZN ^ | NAND2_X2 | 0.049 |   3.777 |    3.797 | 
     | datapath/FE_RC_851_0                               | A1 ^ -> ZN v | NAND2_X1 | 0.034 |   3.811 |    3.831 | 
     | datapath/IF_pc_reg[25]                             | D v          | DFFR_X1  | 0.000 |   3.811 |    3.831 | 
     +-----------------------------------------------------------------------------------------------------------+ 
Path 18: MET Setup Check with Pin datapath/IF_pc_reg[24]/CK 
Endpoint:   datapath/IF_pc_reg[24]/D     (^) checked with  leading edge of 'clk'
Beginpoint: datapath/IFID_instr_reg[5]/Q (^) triggered by  leading edge of 'clk'
Path Groups: {reg2reg}
Analysis View: RPT_SLOW
Other End Arrival Time          0.662
- Setup                         0.085
+ Phase Shift                   3.400
+ CPPR Adjustment               0.000
- Uncertainty                   0.100
= Required Time                 3.877
- Arrival Time                  3.837
= Slack Time                    0.041
     Clock Rise Edge                 0.000
     + Clock Network Latency (Prop)  0.665
     = Beginpoint Arrival Time       0.665
     +------------------------------------------------------------------------------------------------------------+ 
     |                      Instance                      |     Arc      |   Cell    | Delay | Arrival | Required | 
     |                                                    |              |           |       |  Time   |   Time   | 
     |----------------------------------------------------+--------------+-----------+-------+---------+----------| 
     | datapath/IFID_instr_reg[5]                         | CK ^         |           |       |   0.665 |    0.706 | 
     | datapath/IFID_instr_reg[5]                         | CK ^ -> Q ^  | DFFR_X1   | 0.388 |   1.053 |    1.094 | 
     | datapath/FE_OCPC578_FE_RN_2                        | A ^ -> Z ^   | BUF_X4    | 0.082 |   1.135 |    1.175 | 
     | datapath/immediate_generation/FE_RC_506_0          | A1 ^ -> ZN v | NAND2_X2  | 0.036 |   1.171 |    1.212 | 
     | datapath/immediate_generation/FE_RC_505_0          | A v -> ZN ^  | INV_X2    | 0.042 |   1.213 |    1.254 | 
     | datapath/immediate_generation/g3435__1617          | A1 ^ -> ZN v | NAND2_X2  | 0.041 |   1.254 |    1.295 | 
     | datapath/immediate_generation/g3418__1666          | A1 v -> ZN ^ | NAND2_X4  | 0.058 |   1.312 |    1.353 | 
     | datapath/immediate_generation/g3413__9315          | A1 ^ -> ZN v | NAND2_X2  | 0.050 |   1.362 |    1.402 | 
     | datapath/immediate_generation/g3399__2802          | A2 v -> ZN ^ | NAND2_X4  | 0.060 |   1.422 |    1.463 | 
     | datapath/pc_plus_imm/FA_GEN[2].fa_i/FE_RC_538_0    | A ^ -> ZN v  | INV_X2    | 0.025 |   1.447 |    1.488 | 
     | datapath/pc_plus_imm/FA_GEN[2].fa_i/g157__2398     | A1 v -> ZN ^ | NAND2_X2  | 0.043 |   1.490 |    1.531 | 
     | datapath/pc_plus_imm/FA_GEN[2].fa_i/g155__6417     | A2 ^ -> ZN v | NAND2_X2  | 0.040 |   1.530 |    1.571 | 
     | datapath/pc_plus_imm/FA_GEN[2].fa_i/g153__1666     | A1 v -> ZN ^ | NAND2_X2  | 0.047 |   1.577 |    1.618 | 
     | datapath/pc_plus_imm/FA_GEN[3].fa_i/g155__8428     | A1 ^ -> ZN v | NAND2_X2  | 0.038 |   1.616 |    1.656 | 
     | datapath/pc_plus_imm/FA_GEN[3].fa_i/g153__6260     | A1 v -> ZN ^ | NAND2_X2  | 0.052 |   1.668 |    1.708 | 
     | datapath/pc_plus_imm/FA_GEN[4].fa_i/g155__1705     | A1 ^ -> ZN v | NAND2_X2  | 0.047 |   1.715 |    1.755 | 
     | datapath/pc_plus_imm/FA_GEN[4].fa_i/g153__1617     | A1 v -> ZN ^ | NAND2_X4  | 0.056 |   1.771 |    1.811 | 
     | datapath/pc_plus_imm/FA_GEN[5].fa_i/g155__5115     | A1 ^ -> ZN v | NAND2_X4  | 0.040 |   1.810 |    1.851 | 
     | datapath/pc_plus_imm/FA_GEN[5].fa_i/g153__6131     | A1 v -> ZN ^ | NAND2_X4  | 0.040 |   1.850 |    1.891 | 
     | datapath/pc_plus_imm/FA_GEN[6].fa_i/g155__2883     | A1 ^ -> ZN v | NAND2_X2  | 0.035 |   1.885 |    1.925 | 
     | datapath/pc_plus_imm/FA_GEN[6].fa_i/g153__9315     | A1 v -> ZN ^ | NAND2_X2  | 0.050 |   1.935 |    1.975 | 
     | datapath/pc_plus_imm/FA_GEN[7].fa_i/g155__2398     | A1 ^ -> ZN v | NAND2_X2  | 0.046 |   1.981 |    2.022 | 
     | datapath/pc_plus_imm/FA_GEN[7].fa_i/g153__6417     | A1 v -> ZN ^ | NAND2_X4  | 0.047 |   2.028 |    2.068 | 
     | datapath/pc_plus_imm/FA_GEN[8].fa_i/g155__6783     | A1 ^ -> ZN v | NAND2_X4  | 0.035 |   2.063 |    2.104 | 
     | datapath/pc_plus_imm/FA_GEN[8].fa_i/g153__8428     | A1 v -> ZN ^ | NAND2_X4  | 0.045 |   2.108 |    2.149 | 
     | datapath/pc_plus_imm/FA_GEN[9].fa_i/g155__5122     | A1 ^ -> ZN v | NAND2_X4  | 0.035 |   2.144 |    2.184 | 
     | datapath/pc_plus_imm/FA_GEN[9].fa_i/g153__2802     | A1 v -> ZN ^ | NAND2_X4  | 0.046 |   2.190 |    2.231 | 
     | datapath/pc_plus_imm/FA_GEN[10].fa_i/g137__5115    | A1 ^ -> ZN v | NAND2_X4  | 0.037 |   2.227 |    2.267 | 
     | datapath/pc_plus_imm/FA_GEN[10].fa_i/g135__6131    | A1 v -> ZN ^ | NAND2_X4  | 0.038 |   2.265 |    2.306 | 
     | datapath/pc_plus_imm/FA_GEN[11].fa_i/g137__9945    | A1 ^ -> ZN v | NAND2_X2  | 0.034 |   2.299 |    2.339 | 
     | datapath/pc_plus_imm/FA_GEN[11].fa_i/g135__6161    | A1 v -> ZN ^ | NAND2_X2  | 0.048 |   2.347 |    2.388 | 
     | datapath/pc_plus_imm/FA_GEN[12].fa_i/g137__6417    | A1 ^ -> ZN v | NAND2_X2  | 0.038 |   2.385 |    2.426 | 
     | datapath/pc_plus_imm/FA_GEN[12].fa_i/g135__1666    | A1 v -> ZN ^ | NAND2_X2  | 0.049 |   2.434 |    2.475 | 
     | datapath/pc_plus_imm/FA_GEN[13].fa_i/FE_RC_534_0   | A1 ^ -> ZN v | NAND2_X2  | 0.046 |   2.480 |    2.520 | 
     | datapath/pc_plus_imm/FA_GEN[13].fa_i/g135__5107    | A1 v -> ZN ^ | NAND2_X4  | 0.050 |   2.530 |    2.570 | 
     | datapath/pc_plus_imm/FA_GEN[14].fa_i/g155__1617    | A1 ^ -> ZN v | NAND2_X4  | 0.037 |   2.566 |    2.607 | 
     | datapath/pc_plus_imm/FA_GEN[14].fa_i/g153__6783    | A1 v -> ZN ^ | NAND2_X4  | 0.046 |   2.613 |    2.653 | 
     | datapath/pc_plus_imm/FA_GEN[15].fa_i/g155__7098    | A1 ^ -> ZN v | NAND2_X4  | 0.036 |   2.649 |    2.690 | 
     | datapath/pc_plus_imm/FA_GEN[15].fa_i/g153__5122    | A1 v -> ZN ^ | NAND2_X4  | 0.046 |   2.695 |    2.736 | 
     | datapath/pc_plus_imm/FA_GEN[16].fa_i/g155__4733    | A1 ^ -> ZN v | NAND2_X4  | 0.036 |   2.732 |    2.772 | 
     | datapath/pc_plus_imm/FA_GEN[16].fa_i/g153__5115    | A1 v -> ZN ^ | NAND2_X4  | 0.040 |   2.772 |    2.812 | 
     | datapath/pc_plus_imm/FA_GEN[17].fa_i/g155__2346    | A1 ^ -> ZN v | NAND2_X2  | 0.035 |   2.807 |    2.847 | 
     | datapath/pc_plus_imm/FA_GEN[17].fa_i/g153__9945    | A1 v -> ZN ^ | NAND2_X2  | 0.061 |   2.868 |    2.908 | 
     | datapath/pc_plus_imm/FA_GEN[18].fa_i/FE_RC_535_0   | A1 ^ -> ZN v | NAND2_X4  | 0.042 |   2.910 |    2.950 | 
     | datapath/pc_plus_imm/FA_GEN[18].fa_i/g153__6417    | A1 v -> ZN ^ | NAND2_X4  | 0.047 |   2.957 |    2.998 | 
     | datapath/pc_plus_imm/FA_GEN[19].fa_i/g155__5526    | A1 ^ -> ZN v | NAND2_X4  | 0.036 |   2.993 |    3.034 | 
     | datapath/pc_plus_imm/FA_GEN[19].fa_i/g153__4319    | A1 v -> ZN ^ | NAND2_X4  | 0.038 |   3.031 |    3.072 | 
     | datapath/pc_plus_imm/FA_GEN[20].fa_i/g155__2802    | A1 ^ -> ZN v | NAND2_X2  | 0.034 |   3.066 |    3.107 | 
     | datapath/pc_plus_imm/FA_GEN[20].fa_i/g153__1617    | A1 v -> ZN ^ | NAND2_X2  | 0.051 |   3.117 |    3.158 | 
     | datapath/pc_plus_imm/FA_GEN[21].fa_i/g155__1881    | A1 ^ -> ZN v | NAND2_X2  | 0.040 |   3.157 |    3.198 | 
     | datapath/pc_plus_imm/FA_GEN[21].fa_i/g153__7098    | A1 v -> ZN ^ | NAND2_X2  | 0.048 |   3.206 |    3.246 | 
     | datapath/pc_plus_imm/FA_GEN[22].fa_i/g155__6161    | A1 ^ -> ZN v | NAND2_X2  | 0.038 |   3.244 |    3.284 | 
     | datapath/pc_plus_imm/FA_GEN[22].fa_i/g153__4733    | A1 v -> ZN ^ | NAND2_X2  | 0.050 |   3.293 |    3.334 | 
     | datapath/pc_plus_imm/FA_GEN[23].fa_i/g155__1666    | A1 ^ -> ZN v | NAND2_X2  | 0.046 |   3.339 |    3.380 | 
     | datapath/pc_plus_imm/FA_GEN[23].fa_i/g153__2346    | A1 v -> ZN ^ | NAND2_X4  | 0.048 |   3.387 |    3.428 | 
     | datapath/pc_plus_imm/FE_OCPC475_cout_24            | A ^ -> Z ^   | CLKBUF_X1 | 0.101 |   3.488 |    3.528 | 
     | datapath/pc_plus_imm/FA_GEN[24].fa_i/FE_OFC586_FE_ | A ^ -> ZN v  | INV_X1    | 0.026 |   3.514 |    3.554 | 
     | OCPN2873_cout_24                                   |              |           |       |         |          | 
     | datapath/pc_plus_imm/FA_GEN[24].fa_i/FE_RC_620_0   | A1 v -> ZN ^ | OAI22_X1  | 0.099 |   3.613 |    3.653 | 
     | datapath/branch_or_inc_4/g860__6131                | A2 ^ -> ZN v | NAND2_X1  | 0.062 |   3.675 |    3.715 | 
     | datapath/branch_or_inc_4/g815__7410                | A1 v -> ZN ^ | NAND2_X1  | 0.052 |   3.726 |    3.767 | 
     | datapath/g35858                                    | A ^ -> ZN v  | INV_X1    | 0.024 |   3.751 |    3.791 | 
     | datapath/g35712                                    | B1 v -> ZN ^ | OAI21_X1  | 0.086 |   3.837 |    3.877 | 
     | datapath/IF_pc_reg[24]                             | D ^          | DFFR_X1   | 0.000 |   3.837 |    3.877 | 
     +------------------------------------------------------------------------------------------------------------+ 
Path 19: MET Setup Check with Pin datapath/EXMEM_aluResult_reg[21]/CK 
Endpoint:   datapath/EXMEM_aluResult_reg[21]/D (^) checked with  leading edge 
of 'clk'
Beginpoint: datapath/EXMEM_aluResult_reg[0]/Q  (^) triggered by  leading edge 
of 'clk'
Path Groups: {reg2reg}
Analysis View: RPT_SLOW
Other End Arrival Time          0.602
- Setup                         0.072
+ Phase Shift                   3.400
+ CPPR Adjustment               0.000
- Uncertainty                   0.100
= Required Time                 3.831
- Arrival Time                  3.773
= Slack Time                    0.058
     Clock Rise Edge                 0.000
     + Clock Network Latency (Prop)  0.974
     = Beginpoint Arrival Time       0.974
     +------------------------------------------------------------------------------------------------------------+ 
     |                      Instance                      |     Arc      |   Cell    | Delay | Arrival | Required | 
     |                                                    |              |           |       |  Time   |   Time   | 
     |----------------------------------------------------+--------------+-----------+-------+---------+----------| 
     | datapath/EXMEM_aluResult_reg[0]                    | CK ^         |           |       |   0.974 |    1.032 | 
     | datapath/EXMEM_aluResult_reg[0]                    | CK ^ -> Q ^  | DFFR_X1   | 0.468 |   1.442 |    1.500 | 
     | datapath/FE_RC_756_0                               | A2 ^ -> ZN v | NAND2_X1  | 0.080 |   1.522 |    1.580 | 
     | datapath/FE_RC_727_0                               | A1 v -> ZN ^ | NAND2_X2  | 0.070 |   1.592 |    1.650 | 
     | datapath/ALU_ALU_GEN[0].slice_i_bitAdder/FE_RC_737 | A ^ -> ZN v  | INV_X2    | 0.036 |   1.628 |    1.686 | 
     | _0                                                 |              |           |       |         |          | 
     | datapath/ALU_ALU_GEN[0].slice_i_bitAdder/g221__626 | A1 v -> ZN ^ | NAND2_X4  | 0.042 |   1.670 |    1.728 | 
     | 0                                                  |              |           |       |         |          | 
     | datapath/ALU_ALU_GEN[0].slice_i_bitAdder/FE_RC_451 | A2 ^ -> ZN v | NAND2_X4  | 0.038 |   1.708 |    1.766 | 
     | _0                                                 |              |           |       |         |          | 
     | datapath/ALU_ALU_GEN[0].slice_i_bitAdder/FE_RC_450 | A1 v -> ZN ^ | NAND2_X4  | 0.046 |   1.754 |    1.812 | 
     | _0                                                 |              |           |       |         |          | 
     | datapath/ALU_ALU_GEN[1].slice_i_bitAdder/FE_RC_767 | A1 ^ -> ZN v | NAND2_X4  | 0.036 |   1.790 |    1.848 | 
     | _0                                                 |              |           |       |         |          | 
     | datapath/ALU_ALU_GEN[1].slice_i_bitAdder/FE_RC_263 | A1 v -> ZN ^ | NAND2_X4  | 0.044 |   1.834 |    1.891 | 
     | _0                                                 |              |           |       |         |          | 
     | datapath/ALU_ALU_GEN[2].slice_i_bitAdder/FE_RC_278 | A1 ^ -> ZN v | NAND2_X4  | 0.035 |   1.869 |    1.927 | 
     | _0                                                 |              |           |       |         |          | 
     | datapath/ALU_ALU_GEN[2].slice_i_bitAdder/FE_RC_277 | A1 v -> ZN ^ | NAND2_X4  | 0.047 |   1.916 |    1.974 | 
     | _0                                                 |              |           |       |         |          | 
     | datapath/ALU_ALU_GEN[3].slice_i_bitAdder/FE_RC_119 | A1 ^ -> ZN v | NAND2_X4  | 0.037 |   1.953 |    2.011 | 
     | _0                                                 |              |           |       |         |          | 
     | datapath/ALU_ALU_GEN[3].slice_i_bitAdder/FE_RC_118 | A1 v -> ZN ^ | NAND2_X4  | 0.045 |   1.997 |    2.055 | 
     | _0                                                 |              |           |       |         |          | 
     | datapath/ALU_ALU_GEN[4].slice_i_bitAdder/g158__170 | A1 ^ -> ZN v | NAND2_X4  | 0.036 |   2.033 |    2.091 | 
     | 5                                                  |              |           |       |         |          | 
     | datapath/ALU_ALU_GEN[4].slice_i_bitAdder/g156__161 | A1 v -> ZN ^ | NAND2_X4  | 0.047 |   2.080 |    2.138 | 
     | 7                                                  |              |           |       |         |          | 
     | datapath/ALU_ALU_GEN[5].slice_i_bitAdder/g158__616 | A1 ^ -> ZN v | NAND2_X4  | 0.037 |   2.117 |    2.175 | 
     | 1                                                  |              |           |       |         |          | 
     | datapath/ALU_ALU_GEN[5].slice_i_bitAdder/g156__748 | A1 v -> ZN ^ | NAND2_X4  | 0.053 |   2.170 |    2.228 | 
     | 2                                                  |              |           |       |         |          | 
     | datapath/ALU_ALU_GEN[6].slice_i_bitAdder/FE_RC_113 | A1 ^ -> ZN v | NAND2_X4  | 0.040 |   2.211 |    2.269 | 
     | _0                                                 |              |           |       |         |          | 
     | datapath/ALU_ALU_GEN[6].slice_i_bitAdder/FE_RC_112 | A1 v -> ZN ^ | NAND2_X4  | 0.046 |   2.256 |    2.314 | 
     | _0                                                 |              |           |       |         |          | 
     | datapath/ALU_ALU_GEN[7].slice_i_bitAdder/FE_RC_683 | A1 ^ -> ZN v | NAND2_X4  | 0.036 |   2.292 |    2.350 | 
     | _0                                                 |              |           |       |         |          | 
     | datapath/ALU_ALU_GEN[7].slice_i_bitAdder/FE_RC_682 | A1 v -> ZN ^ | NAND2_X4  | 0.044 |   2.336 |    2.394 | 
     | _0                                                 |              |           |       |         |          | 
     | datapath/ALU_ALU_GEN[8].slice_i_bitAdder/FE_RC_107 | A1 ^ -> ZN v | NAND2_X4  | 0.035 |   2.371 |    2.429 | 
     | _0                                                 |              |           |       |         |          | 
     | datapath/ALU_ALU_GEN[8].slice_i_bitAdder/FE_RC_106 | A1 v -> ZN ^ | NAND2_X4  | 0.044 |   2.415 |    2.473 | 
     | _0                                                 |              |           |       |         |          | 
     | datapath/ALU_ALU_GEN[9].slice_i_bitAdder/FE_RC_775 | A1 ^ -> ZN v | NAND2_X4  | 0.035 |   2.450 |    2.508 | 
     | _0                                                 |              |           |       |         |          | 
     | datapath/ALU_ALU_GEN[9].slice_i_bitAdder/FE_RC_774 | A1 v -> ZN ^ | NAND2_X4  | 0.046 |   2.496 |    2.554 | 
     | _0                                                 |              |           |       |         |          | 
     | datapath/ALU_ALU_GEN[10].slice_i_bitAdder/g149__55 | A1 ^ -> ZN v | NAND2_X4  | 0.037 |   2.533 |    2.591 | 
     | 26                                                 |              |           |       |         |          | 
     | datapath/ALU_ALU_GEN[10].slice_i_bitAdder/g147__43 | A1 v -> ZN ^ | NAND2_X4  | 0.044 |   2.577 |    2.635 | 
     | 19                                                 |              |           |       |         |          | 
     | datapath/ALU_ALU_GEN[11].slice_i_bitAdder/g158__70 | A1 ^ -> ZN v | NAND2_X4  | 0.035 |   2.613 |    2.671 | 
     | 98                                                 |              |           |       |         |          | 
     | datapath/ALU_ALU_GEN[11].slice_i_bitAdder/g156__51 | A1 v -> ZN ^ | NAND2_X4  | 0.045 |   2.658 |    2.716 | 
     | 22                                                 |              |           |       |         |          | 
     | datapath/ALU_ALU_GEN[12].slice_i_bitAdder/g158__99 | A1 ^ -> ZN v | NAND2_X4  | 0.036 |   2.694 |    2.752 | 
     | 45                                                 |              |           |       |         |          | 
     | datapath/ALU_ALU_GEN[12].slice_i_bitAdder/g156__61 | A1 v -> ZN ^ | NAND2_X4  | 0.044 |   2.738 |    2.796 | 
     | 61                                                 |              |           |       |         |          | 
     | datapath/ALU_ALU_GEN[13].slice_i_bitAdder/g158__51 | A1 ^ -> ZN v | NAND2_X4  | 0.035 |   2.774 |    2.832 | 
     | 07                                                 |              |           |       |         |          | 
     | datapath/ALU_ALU_GEN[13].slice_i_bitAdder/g156__54 | A1 v -> ZN ^ | NAND2_X4  | 0.044 |   2.818 |    2.876 | 
     | 77                                                 |              |           |       |         |          | 
     | datapath/ALU_ALU_GEN[14].slice_i_bitAdder/g155__28 | A1 ^ -> ZN v | NAND2_X4  | 0.036 |   2.854 |    2.912 | 
     | 02                                                 |              |           |       |         |          | 
     | datapath/ALU_ALU_GEN[14].slice_i_bitAdder/g153__36 | A1 v -> ZN ^ | NAND2_X4  | 0.046 |   2.900 |    2.958 | 
     | 80                                                 |              |           |       |         |          | 
     | datapath/ALU_ALU_GEN[15].slice_i_bitAdder/FE_RC_10 | A1 ^ -> ZN v | NAND2_X4  | 0.036 |   2.936 |    2.994 | 
     | 3_0                                                |              |           |       |         |          | 
     | datapath/ALU_ALU_GEN[15].slice_i_bitAdder/FE_RC_10 | A1 v -> ZN ^ | NAND2_X4  | 0.045 |   2.981 |    3.039 | 
     | 2_0                                                |              |           |       |         |          | 
     | datapath/ALU_ALU_GEN[16].slice_i_bitAdder/g158__16 | A1 ^ -> ZN v | NAND2_X4  | 0.035 |   3.016 |    3.074 | 
     | 66                                                 |              |           |       |         |          | 
     | datapath/ALU_ALU_GEN[16].slice_i_bitAdder/g156__23 | A1 v -> ZN ^ | NAND2_X4  | 0.050 |   3.067 |    3.125 | 
     | 46                                                 |              |           |       |         |          | 
     | datapath/ALU_ALU_GEN[17].slice_i_bitAdder/FE_RC_67 | A1 ^ -> ZN v | NAND2_X4  | 0.038 |   3.105 |    3.163 | 
     | 6_0                                                |              |           |       |         |          | 
     | datapath/ALU_ALU_GEN[17].slice_i_bitAdder/FE_RC_67 | A1 v -> ZN ^ | NAND2_X4  | 0.045 |   3.150 |    3.208 | 
     | 5_0                                                |              |           |       |         |          | 
     | datapath/ALU_ALU_GEN[18].slice_i_bitAdder/g155__61 | A1 ^ -> ZN v | NAND2_X4  | 0.035 |   3.185 |    3.243 | 
     | 31                                                 |              |           |       |         |          | 
     | datapath/ALU_ALU_GEN[18].slice_i_bitAdder/g153__70 | A1 v -> ZN ^ | NAND2_X4  | 0.046 |   3.231 |    3.289 | 
     | 98                                                 |              |           |       |         |          | 
     | datapath/ALU_ALU_GEN[19].slice_i_bitAdder/g158__23 | A1 ^ -> ZN v | NAND2_X4  | 0.036 |   3.267 |    3.325 | 
     | 46                                                 |              |           |       |         |          | 
     | datapath/ALU_ALU_GEN[19].slice_i_bitAdder/g156__28 | A1 v -> ZN ^ | NAND2_X4  | 0.045 |   3.312 |    3.370 | 
     | 83                                                 |              |           |       |         |          | 
     | datapath/ALU_ALU_GEN[20].slice_i_bitAdder/g158__84 | A1 ^ -> ZN v | NAND2_X4  | 0.035 |   3.347 |    3.405 | 
     | 28                                                 |              |           |       |         |          | 
     | datapath/ALU_ALU_GEN[20].slice_i_bitAdder/g156__43 | A1 v -> ZN ^ | NAND2_X4  | 0.051 |   3.398 |    3.456 | 
     | 19                                                 |              |           |       |         |          | 
     | datapath/FE_OCPC362_ALU_cout_21                    | A ^ -> Z ^   | CLKBUF_X1 | 0.109 |   3.507 |    3.565 | 
     | datapath/ALU_ALU_GEN[21].slice_i_bitAdder/FE_OFC83 | A ^ -> ZN v  | INV_X1    | 0.030 |   3.537 |    3.595 | 
     | 8_FE_OCPN2656_ALU_cout_21                          |              |           |       |         |          | 
     | datapath/ALU_ALU_GEN[21].slice_i_bitAdder/FE_RC_84 | A1 v -> ZN ^ | OAI22_X1  | 0.100 |   3.637 |    3.695 | 
     | 8_0                                                |              |           |       |         |          | 
     | datapath/ALU_ALU_GEN[21].slice_i_resultMux/g147__6 | A1 ^ -> ZN v | NAND3_X1  | 0.077 |   3.713 |    3.771 | 
     | 161                                                |              |           |       |         |          | 
     | datapath/ALU_ALU_GEN[21].slice_i_resultMux/g145__7 | A1 v -> ZN ^ | NAND2_X1  | 0.059 |   3.773 |    3.831 | 
     | 482                                                |              |           |       |         |          | 
     | datapath/EXMEM_aluResult_reg[21]                   | D ^          | DFFR_X1   | 0.000 |   3.773 |    3.831 | 
     +------------------------------------------------------------------------------------------------------------+ 
Path 20: MET Setup Check with Pin datapath/IFID_instr_reg[24]/CK 
Endpoint:   datapath/IFID_instr_reg[24]/D  (v) checked with  leading edge of 
'clk'
Beginpoint: datapath/IFID_instr_reg[16]/QN (v) triggered by  leading edge of 
'clk'
Path Groups: {reg2reg}
Analysis View: RPT_SLOW
Other End Arrival Time          0.597
- Setup                         0.146
+ Phase Shift                   3.400
+ CPPR Adjustment               0.000
- Uncertainty                   0.100
= Required Time                 3.751
- Arrival Time                  3.690
= Slack Time                    0.061
     Clock Rise Edge                 0.000
     + Clock Network Latency (Prop)  0.658
     = Beginpoint Arrival Time       0.658
     +---------------------------------------------------------------------------------------------+ 
     |              Instance               |     Arc      |   Cell    | Delay | Arrival | Required | 
     |                                     |              |           |       |  Time   |   Time   | 
     |-------------------------------------+--------------+-----------+-------+---------+----------| 
     | datapath/IFID_instr_reg[16]         | CK ^         |           |       |   0.658 |    0.719 | 
     | datapath/IFID_instr_reg[16]         | CK ^ -> QN v | DFFR_X1   | 0.306 |   0.964 |    1.024 | 
     | datapath/FE_OFC187_n_493            | A v -> ZN ^  | INV_X4    | 0.107 |   1.071 |    1.131 | 
     | datapath/g520__1666                 | A2 ^ -> ZN v | NAND2_X1  | 0.071 |   1.142 |    1.202 | 
     | datapath/g505__1881                 | A2 v -> ZN ^ | NOR2_X2   | 0.239 |   1.381 |    1.441 | 
     | datapath/g470__2802                 | A1 ^ -> ZN ^ | AND2_X2   | 0.211 |   1.592 |    1.653 | 
     | datapath/FE_OFC792_registers_n_2529 | A ^ -> Z ^   | BUF_X4    | 0.193 |   1.786 |    1.846 | 
     | datapath/g3871                      | B1 ^ -> ZN v | AOI22_X1  | 0.099 |   1.884 |    1.945 | 
     | datapath/g3455__7410                | A3 v -> ZN v | AND3_X1   | 0.148 |   2.032 |    2.092 | 
     | datapath/g3408__6783                | A2 v -> ZN ^ | NAND4_X1  | 0.124 |   2.156 |    2.216 | 
     | datapath/g26652                     | A1 ^ -> ZN v | NAND2_X1  | 0.060 |   2.216 |    2.276 | 
     | datapath/FE_RC_805_0                | A1 v -> ZN ^ | NAND2_X1  | 0.082 |   2.298 |    2.358 | 
     | datapath/FE_OFC847_n_1174           | A ^ -> ZN v  | INV_X1    | 0.041 |   2.339 |    2.399 | 
     | datapath/LT_TC_OP_g834              | A2 v -> ZN ^ | NOR2_X1   | 0.142 |   2.480 |    2.541 | 
     | datapath/LT_TC_OP_g809              | A1 ^ -> ZN v | NOR3_X1   | 0.046 |   2.527 |    2.588 | 
     | datapath/LT_TC_OP_g777              | A v -> ZN ^  | AOI221_X1 | 0.338 |   2.865 |    2.925 | 
     | datapath/LT_TC_OP_g772              | A ^ -> ZN v  | OAI221_X1 | 0.162 |   3.027 |    3.088 | 
     | datapath/FE_RC_825_0                | A v -> ZN ^  | INV_X2    | 0.085 |   3.112 |    3.173 | 
     | datapath/FE_RC_824_0                | A1 ^ -> ZN v | NAND3_X4  | 0.061 |   3.173 |    3.233 | 
     | datapath/FE_RC_816_0                | A1 v -> ZN ^ | NAND2_X4  | 0.058 |   3.231 |    3.292 | 
     | g1054                               | A1 ^ -> ZN ^ | AND2_X2   | 0.132 |   3.363 |    3.423 | 
     | datapath/FE_OFC841_IFID_flush       | A ^ -> Z ^   | CLKBUF_X3 | 0.273 |   3.636 |    3.696 | 
     | datapath/g35567                     | A1 ^ -> ZN v | NOR2_X1   | 0.054 |   3.690 |    3.751 | 
     | datapath/IFID_instr_reg[24]         | D v          | DFFR_X1   | 0.000 |   3.690 |    3.751 | 
     +---------------------------------------------------------------------------------------------+ 
Path 21: MET Setup Check with Pin datapath/IFID_instr_reg[21]/CK 
Endpoint:   datapath/IFID_instr_reg[21]/D  (v) checked with  leading edge of 
'clk'
Beginpoint: datapath/IFID_instr_reg[16]/QN (v) triggered by  leading edge of 
'clk'
Path Groups: {reg2reg}
Analysis View: RPT_SLOW
Other End Arrival Time          0.597
- Setup                         0.146
+ Phase Shift                   3.400
+ CPPR Adjustment               0.000
- Uncertainty                   0.100
= Required Time                 3.751
- Arrival Time                  3.690
= Slack Time                    0.061
     Clock Rise Edge                 0.000
     + Clock Network Latency (Prop)  0.658
     = Beginpoint Arrival Time       0.658
     +---------------------------------------------------------------------------------------------+ 
     |              Instance               |     Arc      |   Cell    | Delay | Arrival | Required | 
     |                                     |              |           |       |  Time   |   Time   | 
     |-------------------------------------+--------------+-----------+-------+---------+----------| 
     | datapath/IFID_instr_reg[16]         | CK ^         |           |       |   0.658 |    0.719 | 
     | datapath/IFID_instr_reg[16]         | CK ^ -> QN v | DFFR_X1   | 0.306 |   0.964 |    1.025 | 
     | datapath/FE_OFC187_n_493            | A v -> ZN ^  | INV_X4    | 0.107 |   1.071 |    1.132 | 
     | datapath/g520__1666                 | A2 ^ -> ZN v | NAND2_X1  | 0.071 |   1.142 |    1.203 | 
     | datapath/g505__1881                 | A2 v -> ZN ^ | NOR2_X2   | 0.239 |   1.381 |    1.442 | 
     | datapath/g470__2802                 | A1 ^ -> ZN ^ | AND2_X2   | 0.211 |   1.592 |    1.653 | 
     | datapath/FE_OFC792_registers_n_2529 | A ^ -> Z ^   | BUF_X4    | 0.193 |   1.786 |    1.847 | 
     | datapath/g3871                      | B1 ^ -> ZN v | AOI22_X1  | 0.099 |   1.884 |    1.945 | 
     | datapath/g3455__7410                | A3 v -> ZN v | AND3_X1   | 0.148 |   2.032 |    2.093 | 
     | datapath/g3408__6783                | A2 v -> ZN ^ | NAND4_X1  | 0.124 |   2.156 |    2.217 | 
     | datapath/g26652                     | A1 ^ -> ZN v | NAND2_X1  | 0.060 |   2.216 |    2.277 | 
     | datapath/FE_RC_805_0                | A1 v -> ZN ^ | NAND2_X1  | 0.082 |   2.298 |    2.359 | 
     | datapath/FE_OFC847_n_1174           | A ^ -> ZN v  | INV_X1    | 0.041 |   2.339 |    2.400 | 
     | datapath/LT_TC_OP_g834              | A2 v -> ZN ^ | NOR2_X1   | 0.142 |   2.480 |    2.542 | 
     | datapath/LT_TC_OP_g809              | A1 ^ -> ZN v | NOR3_X1   | 0.046 |   2.527 |    2.588 | 
     | datapath/LT_TC_OP_g777              | A v -> ZN ^  | AOI221_X1 | 0.338 |   2.865 |    2.926 | 
     | datapath/LT_TC_OP_g772              | A ^ -> ZN v  | OAI221_X1 | 0.162 |   3.027 |    3.088 | 
     | datapath/FE_RC_825_0                | A v -> ZN ^  | INV_X2    | 0.085 |   3.112 |    3.173 | 
     | datapath/FE_RC_824_0                | A1 ^ -> ZN v | NAND3_X4  | 0.061 |   3.173 |    3.234 | 
     | datapath/FE_RC_816_0                | A1 v -> ZN ^ | NAND2_X4  | 0.058 |   3.231 |    3.292 | 
     | g1054                               | A1 ^ -> ZN ^ | AND2_X2   | 0.132 |   3.363 |    3.424 | 
     | datapath/FE_OFC841_IFID_flush       | A ^ -> Z ^   | CLKBUF_X3 | 0.273 |   3.636 |    3.697 | 
     | datapath/g35569                     | A1 ^ -> ZN v | NOR2_X1   | 0.054 |   3.690 |    3.751 | 
     | datapath/IFID_instr_reg[21]         | D v          | DFFR_X1   | 0.000 |   3.690 |    3.751 | 
     +---------------------------------------------------------------------------------------------+ 
Path 22: MET Setup Check with Pin datapath/IDEX_ALUsrc_reg/CK 
Endpoint:   datapath/IDEX_ALUsrc_reg/D   (v) checked with  leading edge of 'clk'
Beginpoint: datapath/IFID_instr_reg[5]/Q (^) triggered by  leading edge of 'clk'
Path Groups: {reg2reg}
Analysis View: RPT_SLOW
Other End Arrival Time          0.206
- Setup                         0.128
+ Phase Shift                   3.400
+ CPPR Adjustment               0.000
- Uncertainty                   0.100
= Required Time                 3.379
- Arrival Time                  3.310
= Slack Time                    0.069
     Clock Rise Edge                 0.000
     + Clock Network Latency (Prop)  0.665
     = Beginpoint Arrival Time       0.665
     +-------------------------------------------------------------------------------------------+ 
     |             Instance              |     Arc      |   Cell    | Delay | Arrival | Required | 
     |                                   |              |           |       |  Time   |   Time   | 
     |-----------------------------------+--------------+-----------+-------+---------+----------| 
     | datapath/IFID_instr_reg[5]        | CK ^         |           |       |   0.665 |    0.734 | 
     | datapath/IFID_instr_reg[5]        | CK ^ -> Q ^  | DFFR_X1   | 0.388 |   1.053 |    1.122 | 
     | datapath/FE_OCPC578_FE_RN_2       | A ^ -> Z ^   | BUF_X4    | 0.082 |   1.135 |    1.204 | 
     | datapath/FE_OCPC342_IFID_opcode_5 | A ^ -> Z ^   | BUF_X1    | 0.146 |   1.281 |    1.350 | 
     | FE_OCPC344_IFID_opcode_5          | A ^ -> ZN v  | INV_X1    | 0.037 |   1.318 |    1.386 | 
     | g1918                             | A1 v -> ZN ^ | NOR2_X1   | 0.116 |   1.434 |    1.502 | 
     | g1891                             | A2 ^ -> ZN v | NAND4_X1  | 0.129 |   1.563 |    1.632 | 
     | g1886                             | A v -> ZN ^  | AOI21_X1  | 0.248 |   1.811 |    1.880 | 
     | g1870                             | B2 ^ -> ZN v | AOI21_X1  | 0.079 |   1.891 |    1.959 | 
     | g1868                             | A v -> ZN ^  | AOI221_X1 | 0.283 |   2.174 |    2.242 | 
     | g1867                             | A1 ^ -> ZN ^ | OR2_X2    | 0.267 |   2.441 |    2.510 | 
     | FE_OFC28_IFID_stall               | A ^ -> Z ^   | CLKBUF_X2 | 0.338 |   2.779 |    2.847 | 
     | FE_DBTC0_IFID_stall               | A ^ -> ZN v  | INV_X2    | 0.162 |   2.940 |    3.009 | 
     | FE_OFC84_FE_DBTN0_IFID_stall      | A v -> Z v   | CLKBUF_X2 | 0.223 |   3.163 |    3.232 | 
     | datapath/g27266                   | A1 v -> ZN v | AND2_X1   | 0.146 |   3.310 |    3.378 | 
     | datapath/IDEX_ALUsrc_reg          | D v          | DFFR_X1   | 0.000 |   3.310 |    3.379 | 
     +-------------------------------------------------------------------------------------------+ 
Path 23: MET Setup Check with Pin datapath/IF_pc_reg[21]/CK 
Endpoint:   datapath/IF_pc_reg[21]/D       (^) checked with  leading edge of 
'clk'
Beginpoint: datapath/IFID_instr_reg[23]/QN (v) triggered by  leading edge of 
'clk'
Path Groups: {reg2reg}
Analysis View: RPT_SLOW
Other End Arrival Time          0.664
- Setup                         0.223
+ Phase Shift                   3.400
+ CPPR Adjustment               0.000
- Uncertainty                   0.100
= Required Time                 3.741
- Arrival Time                  3.646
= Slack Time                    0.095
     Clock Rise Edge                 0.000
     + Clock Network Latency (Prop)  0.663
     = Beginpoint Arrival Time       0.663
     +------------------------------------------------------------------------------------------------------------+ 
     |                      Instance                      |     Arc      |   Cell    | Delay | Arrival | Required | 
     |                                                    |              |           |       |  Time   |   Time   | 
     |----------------------------------------------------+--------------+-----------+-------+---------+----------| 
     | datapath/IFID_instr_reg[23]                        | CK ^         |           |       |   0.663 |    0.758 | 
     | datapath/IFID_instr_reg[23]                        | CK ^ -> QN v | DFFR_X1   | 0.263 |   0.926 |    1.022 | 
     | datapath/FE_OCPC970_n_490                          | A v -> Z v   | BUF_X4    | 0.100 |   1.026 |    1.121 | 
     | datapath/FE_OFC289_n_490                           | A v -> ZN ^  | INV_X2    | 0.051 |   1.077 |    1.173 | 
     | datapath/FE_OFC290_n_490                           | A ^ -> Z ^   | BUF_X2    | 0.109 |   1.186 |    1.281 | 
     | datapath/FE_OFC683_IFID_rs2_3                      | A ^ -> ZN v  | INV_X1    | 0.056 |   1.242 |    1.337 | 
     | datapath/FE_OFC925_FE_OCPN2648_IFID_rs2_3          | A v -> ZN ^  | INV_X1    | 0.121 |   1.363 |    1.458 | 
     | branch_forward/g1294__6131                         | A ^ -> ZN ^  | XNOR2_X1  | 0.147 |   1.510 |    1.605 | 
     | branch_forward/FE_RC_603_0                         | A3 ^ -> ZN ^ | AND3_X2   | 0.190 |   1.700 |    1.795 | 
     | branch_forward/g1269__6161                         | A1 ^ -> ZN v | NOR2_X2   | 0.041 |   1.741 |    1.837 | 
     | datapath/g26836                                    | A1 v -> ZN ^ | NOR2_X2   | 0.084 |   1.825 |    1.920 | 
     | datapath/g26817                                    | A1 ^ -> ZN v | NOR2_X2   | 0.049 |   1.874 |    1.969 | 
     | datapath/FE_OFC773_n_548                           | A v -> Z v   | BUF_X2    | 0.098 |   1.972 |    2.068 | 
     | datapath/g26694                                    | A1 v -> ZN v | AND2_X1   | 0.095 |   2.067 |    2.163 | 
     | datapath/g26542                                    | A v -> ZN ^  | AOI221_X1 | 0.328 |   2.395 |    2.491 | 
     | datapath/FE_OFC162_n_942                           | A ^ -> Z ^   | BUF_X1    | 0.142 |   2.537 |    2.632 | 
     | datapath/FE_OFC275_n_942                           | A ^ -> ZN v  | INV_X1    | 0.028 |   2.565 |    2.660 | 
     | datapath/FE_RC_608_0                               | A2 v -> ZN ^ | NAND2_X1  | 0.059 |   2.624 |    2.719 | 
     | datapath/FE_RC_607_0                               | A1 ^ -> ZN v | AOI22_X1  | 0.044 |   2.668 |    2.763 | 
     | datapath/LT_TC_OP_g787                             | A1 v -> ZN ^ | NOR2_X1   | 0.108 |   2.776 |    2.871 | 
     | datapath/LT_TC_OP_g776                             | A2 ^ -> ZN v | NOR2_X1   | 0.053 |   2.829 |    2.924 | 
     | datapath/LT_TC_OP_g774                             | B1 v -> ZN ^ | OAI21_X2  | 0.105 |   2.934 |    3.029 | 
     | datapath/LT_TC_OP_g773                             | A1 ^ -> ZN v | NAND2_X1  | 0.051 |   2.985 |    3.080 | 
     | datapath/FE_RC_23_0                                | A1 v -> ZN ^ | NAND3_X1  | 0.089 |   3.074 |    3.169 | 
     | datapath/FE_RC_854_0                               | A1 ^ -> ZN v | NAND3_X2  | 0.087 |   3.161 |    3.256 | 
     | datapath/FE_RC_824_0                               | A2 v -> ZN ^ | NAND3_X4  | 0.080 |   3.242 |    3.337 | 
     | datapath/FE_RC_816_0                               | A1 ^ -> ZN v | NAND2_X4  | 0.045 |   3.286 |    3.382 | 
     | datapath/branch_or_inc_4/FE_OFC589_IFID_takeBranch | A v -> Z v   | BUF_X8    | 0.103 |   3.390 |    3.485 | 
     | datapath/branch_or_inc_4/FE_OFC590_IFID_takeBranch | A v -> ZN ^  | INV_X2    | 0.131 |   3.521 |    3.616 | 
     | datapath/branch_or_inc_4/g854__1617                | A2 ^ -> ZN v | NAND2_X1  | 0.066 |   3.586 |    3.681 | 
     | datapath/branch_or_inc_4/g838__9315                | A2 v -> ZN ^ | NAND2_X1  | 0.060 |   3.646 |    3.741 | 
     | datapath/IF_pc_reg[21]                             | D ^          | SDFFRS_X1 | 0.000 |   3.646 |    3.741 | 
     +------------------------------------------------------------------------------------------------------------+ 
Path 24: MET Setup Check with Pin datapath/IF_pc_reg[23]/CK 
Endpoint:   datapath/IF_pc_reg[23]/D     (v) checked with  leading edge of 'clk'
Beginpoint: datapath/IFID_instr_reg[5]/Q (^) triggered by  leading edge of 'clk'
Path Groups: {reg2reg}
Analysis View: RPT_SLOW
Other End Arrival Time          0.664
- Setup                         0.150
+ Phase Shift                   3.400
+ CPPR Adjustment               0.000
- Uncertainty                   0.100
= Required Time                 3.814
- Arrival Time                  3.704
= Slack Time                    0.110
     Clock Rise Edge                 0.000
     + Clock Network Latency (Prop)  0.665
     = Beginpoint Arrival Time       0.665
     +------------------------------------------------------------------------------------------------------------+ 
     |                      Instance                      |     Arc      |   Cell    | Delay | Arrival | Required | 
     |                                                    |              |           |       |  Time   |   Time   | 
     |----------------------------------------------------+--------------+-----------+-------+---------+----------| 
     | datapath/IFID_instr_reg[5]                         | CK ^         |           |       |   0.665 |    0.775 | 
     | datapath/IFID_instr_reg[5]                         | CK ^ -> Q ^  | DFFR_X1   | 0.388 |   1.053 |    1.163 | 
     | datapath/FE_OCPC578_FE_RN_2                        | A ^ -> Z ^   | BUF_X4    | 0.082 |   1.135 |    1.244 | 
     | datapath/immediate_generation/FE_OCPC343_IFID_opco | A ^ -> ZN v  | INV_X1    | 0.037 |   1.172 |    1.281 | 
     | de_5                                               |              |           |       |         |          | 
     | datapath/immediate_generation/FE_RC_653_0          | A2 v -> ZN ^ | NAND4_X4  | 0.062 |   1.234 |    1.344 | 
     | datapath/immediate_generation/g3418__1666          | A2 ^ -> ZN v | NAND2_X4  | 0.053 |   1.287 |    1.397 | 
     | datapath/immediate_generation/g3413__9315          | A1 v -> ZN ^ | NAND2_X2  | 0.061 |   1.349 |    1.458 | 
     | datapath/immediate_generation/g3399__2802          | A2 ^ -> ZN v | NAND2_X4  | 0.048 |   1.396 |    1.506 | 
     | datapath/pc_plus_imm/FA_GEN[2].fa_i/FE_RC_538_0    | A v -> ZN ^  | INV_X2    | 0.043 |   1.439 |    1.549 | 
     | datapath/pc_plus_imm/FA_GEN[2].fa_i/g157__2398     | A1 ^ -> ZN v | NAND2_X2  | 0.033 |   1.472 |    1.582 | 
     | datapath/pc_plus_imm/FA_GEN[2].fa_i/g155__6417     | A2 v -> ZN ^ | NAND2_X2  | 0.052 |   1.524 |    1.633 | 
     | datapath/pc_plus_imm/FA_GEN[2].fa_i/g153__1666     | A1 ^ -> ZN v | NAND2_X2  | 0.039 |   1.562 |    1.672 | 
     | datapath/pc_plus_imm/FA_GEN[3].fa_i/g155__8428     | A1 v -> ZN ^ | NAND2_X2  | 0.046 |   1.608 |    1.718 | 
     | datapath/pc_plus_imm/FA_GEN[3].fa_i/g153__6260     | A1 ^ -> ZN v | NAND2_X2  | 0.041 |   1.649 |    1.759 | 
     | datapath/pc_plus_imm/FA_GEN[4].fa_i/g155__1705     | A1 v -> ZN ^ | NAND2_X2  | 0.058 |   1.707 |    1.817 | 
     | datapath/pc_plus_imm/FA_GEN[4].fa_i/g153__1617     | A1 ^ -> ZN v | NAND2_X4  | 0.047 |   1.755 |    1.864 | 
     | datapath/pc_plus_imm/FA_GEN[5].fa_i/g155__5115     | A1 v -> ZN ^ | NAND2_X4  | 0.046 |   1.801 |    1.910 | 
     | datapath/pc_plus_imm/FA_GEN[5].fa_i/g153__6131     | A1 ^ -> ZN v | NAND2_X4  | 0.033 |   1.833 |    1.943 | 
     | datapath/pc_plus_imm/FA_GEN[6].fa_i/g155__2883     | A1 v -> ZN ^ | NAND2_X2  | 0.044 |   1.878 |    1.988 | 
     | datapath/pc_plus_imm/FA_GEN[6].fa_i/g153__9315     | A1 ^ -> ZN v | NAND2_X2  | 0.040 |   1.918 |    2.028 | 
     | datapath/pc_plus_imm/FA_GEN[7].fa_i/g155__2398     | A1 v -> ZN ^ | NAND2_X2  | 0.058 |   1.976 |    2.085 | 
     | datapath/pc_plus_imm/FA_GEN[7].fa_i/g153__6417     | A1 ^ -> ZN v | NAND2_X4  | 0.041 |   2.017 |    2.127 | 
     | datapath/pc_plus_imm/FA_GEN[8].fa_i/g155__6783     | A1 v -> ZN ^ | NAND2_X4  | 0.044 |   2.061 |    2.170 | 
     | datapath/pc_plus_imm/FA_GEN[8].fa_i/g153__8428     | A1 ^ -> ZN v | NAND2_X4  | 0.036 |   2.097 |    2.206 | 
     | datapath/pc_plus_imm/FA_GEN[9].fa_i/g155__5122     | A1 v -> ZN ^ | NAND2_X4  | 0.043 |   2.139 |    2.249 | 
     | datapath/pc_plus_imm/FA_GEN[9].fa_i/g153__2802     | A1 ^ -> ZN v | NAND2_X4  | 0.037 |   2.176 |    2.286 | 
     | datapath/pc_plus_imm/FA_GEN[10].fa_i/g137__5115    | A1 v -> ZN ^ | NAND2_X4  | 0.044 |   2.220 |    2.330 | 
     | datapath/pc_plus_imm/FA_GEN[10].fa_i/g135__6131    | A1 ^ -> ZN v | NAND2_X4  | 0.032 |   2.252 |    2.362 | 
     | datapath/pc_plus_imm/FA_GEN[11].fa_i/g137__9945    | A1 v -> ZN ^ | NAND2_X2  | 0.043 |   2.296 |    2.405 | 
     | datapath/pc_plus_imm/FA_GEN[11].fa_i/g135__6161    | A1 ^ -> ZN v | NAND2_X2  | 0.039 |   2.335 |    2.444 | 
     | datapath/pc_plus_imm/FA_GEN[12].fa_i/g137__6417    | A1 v -> ZN ^ | NAND2_X2  | 0.045 |   2.379 |    2.489 | 
     | datapath/pc_plus_imm/FA_GEN[12].fa_i/g135__1666    | A1 ^ -> ZN v | NAND2_X2  | 0.039 |   2.418 |    2.528 | 
     | datapath/pc_plus_imm/FA_GEN[13].fa_i/FE_RC_534_0   | A1 v -> ZN ^ | NAND2_X2  | 0.057 |   2.475 |    2.585 | 
     | datapath/pc_plus_imm/FA_GEN[13].fa_i/g135__5107    | A1 ^ -> ZN v | NAND2_X4  | 0.043 |   2.519 |    2.629 | 
     | datapath/pc_plus_imm/FA_GEN[14].fa_i/g155__1617    | A1 v -> ZN ^ | NAND2_X4  | 0.044 |   2.563 |    2.673 | 
     | datapath/pc_plus_imm/FA_GEN[14].fa_i/g153__6783    | A1 ^ -> ZN v | NAND2_X4  | 0.037 |   2.600 |    2.710 | 
     | datapath/pc_plus_imm/FA_GEN[15].fa_i/g155__7098    | A1 v -> ZN ^ | NAND2_X4  | 0.044 |   2.644 |    2.753 | 
     | datapath/pc_plus_imm/FA_GEN[15].fa_i/g153__5122    | A1 ^ -> ZN v | NAND2_X4  | 0.037 |   2.681 |    2.791 | 
     | datapath/pc_plus_imm/FA_GEN[16].fa_i/g155__4733    | A1 v -> ZN ^ | NAND2_X4  | 0.043 |   2.724 |    2.834 | 
     | datapath/pc_plus_imm/FA_GEN[16].fa_i/g153__5115    | A1 ^ -> ZN v | NAND2_X4  | 0.033 |   2.758 |    2.867 | 
     | datapath/pc_plus_imm/FA_GEN[17].fa_i/g155__2346    | A1 v -> ZN ^ | NAND2_X2  | 0.044 |   2.802 |    2.911 | 
     | datapath/pc_plus_imm/FA_GEN[17].fa_i/g153__9945    | A1 ^ -> ZN v | NAND2_X2  | 0.046 |   2.848 |    2.957 | 
     | datapath/pc_plus_imm/FA_GEN[18].fa_i/FE_RC_535_0   | A1 v -> ZN ^ | NAND2_X4  | 0.046 |   2.894 |    3.004 | 
     | datapath/pc_plus_imm/FA_GEN[18].fa_i/g153__6417    | A1 ^ -> ZN v | NAND2_X4  | 0.037 |   2.931 |    3.041 | 
     | datapath/pc_plus_imm/FA_GEN[19].fa_i/g155__5526    | A1 v -> ZN ^ | NAND2_X4  | 0.043 |   2.974 |    3.084 | 
     | datapath/pc_plus_imm/FA_GEN[19].fa_i/g153__4319    | A1 ^ -> ZN v | NAND2_X4  | 0.032 |   3.006 |    3.116 | 
     | datapath/pc_plus_imm/FA_GEN[20].fa_i/g155__2802    | A1 v -> ZN ^ | NAND2_X2  | 0.045 |   3.051 |    3.160 | 
     | datapath/pc_plus_imm/FA_GEN[20].fa_i/g153__1617    | A1 ^ -> ZN v | NAND2_X2  | 0.041 |   3.092 |    3.202 | 
     | datapath/pc_plus_imm/FA_GEN[21].fa_i/g155__1881    | A1 v -> ZN ^ | NAND2_X2  | 0.046 |   3.138 |    3.248 | 
     | datapath/pc_plus_imm/FA_GEN[21].fa_i/g153__7098    | A1 ^ -> ZN v | NAND2_X2  | 0.039 |   3.177 |    3.286 | 
     | datapath/pc_plus_imm/FA_GEN[22].fa_i/g155__6161    | A1 v -> ZN ^ | NAND2_X2  | 0.045 |   3.222 |    3.332 | 
     | datapath/pc_plus_imm/FA_GEN[22].fa_i/g153__4733    | A1 ^ -> ZN v | NAND2_X2  | 0.039 |   3.261 |    3.371 | 
     | datapath/pc_plus_imm/FE_OCPC492_cout_23            | A v -> Z v   | CLKBUF_X1 | 0.094 |   3.355 |    3.465 | 
     | datapath/pc_plus_imm/FA_GEN[23].fa_i/g2__5477      | A v -> Z v   | XOR2_X1   | 0.179 |   3.534 |    3.644 | 
     | datapath/branch_or_inc_4/g863__7482                | A2 v -> ZN ^ | NAND2_X1  | 0.062 |   3.596 |    3.706 | 
     | datapath/branch_or_inc_4/g828__1705                | A1 ^ -> ZN v | NAND2_X1  | 0.037 |   3.632 |    3.742 | 
     | datapath/g35863                                    | A v -> ZN ^  | INV_X1    | 0.039 |   3.671 |    3.781 | 
     | datapath/g35778                                    | B1 ^ -> ZN v | OAI21_X1  | 0.033 |   3.704 |    3.814 | 
     | datapath/IF_pc_reg[23]                             | D v          | DFFR_X1   | 0.000 |   3.704 |    3.814 | 
     +------------------------------------------------------------------------------------------------------------+ 
Path 25: MET Setup Check with Pin datapath/IFID_instr_reg[18]/CK 
Endpoint:   datapath/IFID_instr_reg[18]/D  (v) checked with  leading edge of 
'clk'
Beginpoint: datapath/IFID_instr_reg[16]/QN (v) triggered by  leading edge of 
'clk'
Path Groups: {reg2reg}
Analysis View: RPT_SLOW
Other End Arrival Time          0.658
- Setup                         0.148
+ Phase Shift                   3.400
+ CPPR Adjustment               0.000
- Uncertainty                   0.100
= Required Time                 3.810
- Arrival Time                  3.695
= Slack Time                    0.115
     Clock Rise Edge                 0.000
     + Clock Network Latency (Prop)  0.658
     = Beginpoint Arrival Time       0.658
     +---------------------------------------------------------------------------------------------+ 
     |              Instance               |     Arc      |   Cell    | Delay | Arrival | Required | 
     |                                     |              |           |       |  Time   |   Time   | 
     |-------------------------------------+--------------+-----------+-------+---------+----------| 
     | datapath/IFID_instr_reg[16]         | CK ^         |           |       |   0.658 |    0.774 | 
     | datapath/IFID_instr_reg[16]         | CK ^ -> QN v | DFFR_X1   | 0.306 |   0.964 |    1.079 | 
     | datapath/FE_OFC187_n_493            | A v -> ZN ^  | INV_X4    | 0.107 |   1.071 |    1.186 | 
     | datapath/g520__1666                 | A2 ^ -> ZN v | NAND2_X1  | 0.071 |   1.142 |    1.257 | 
     | datapath/g505__1881                 | A2 v -> ZN ^ | NOR2_X2   | 0.239 |   1.381 |    1.496 | 
     | datapath/g470__2802                 | A1 ^ -> ZN ^ | AND2_X2   | 0.211 |   1.592 |    1.707 | 
     | datapath/FE_OFC792_registers_n_2529 | A ^ -> Z ^   | BUF_X4    | 0.193 |   1.786 |    1.901 | 
     | datapath/g3871                      | B1 ^ -> ZN v | AOI22_X1  | 0.099 |   1.884 |    1.999 | 
     | datapath/g3455__7410                | A3 v -> ZN v | AND3_X1   | 0.148 |   2.032 |    2.147 | 
     | datapath/g3408__6783                | A2 v -> ZN ^ | NAND4_X1  | 0.124 |   2.156 |    2.271 | 
     | datapath/g26652                     | A1 ^ -> ZN v | NAND2_X1  | 0.060 |   2.216 |    2.331 | 
     | datapath/FE_RC_805_0                | A1 v -> ZN ^ | NAND2_X1  | 0.082 |   2.298 |    2.413 | 
     | datapath/FE_OFC847_n_1174           | A ^ -> ZN v  | INV_X1    | 0.041 |   2.339 |    2.454 | 
     | datapath/LT_TC_OP_g834              | A2 v -> ZN ^ | NOR2_X1   | 0.142 |   2.480 |    2.596 | 
     | datapath/LT_TC_OP_g809              | A1 ^ -> ZN v | NOR3_X1   | 0.046 |   2.527 |    2.642 | 
     | datapath/LT_TC_OP_g777              | A v -> ZN ^  | AOI221_X1 | 0.338 |   2.865 |    2.980 | 
     | datapath/LT_TC_OP_g772              | A ^ -> ZN v  | OAI221_X1 | 0.162 |   3.027 |    3.142 | 
     | datapath/FE_RC_825_0                | A v -> ZN ^  | INV_X2    | 0.085 |   3.112 |    3.227 | 
     | datapath/FE_RC_824_0                | A1 ^ -> ZN v | NAND3_X4  | 0.061 |   3.173 |    3.288 | 
     | datapath/FE_RC_816_0                | A1 v -> ZN ^ | NAND2_X4  | 0.058 |   3.231 |    3.346 | 
     | g1054                               | A1 ^ -> ZN ^ | AND2_X2   | 0.132 |   3.363 |    3.478 | 
     | datapath/FE_OFC841_IFID_flush       | A ^ -> Z ^   | CLKBUF_X3 | 0.273 |   3.636 |    3.751 | 
     | datapath/g35572                     | A1 ^ -> ZN v | NOR2_X1   | 0.059 |   3.695 |    3.810 | 
     | datapath/IFID_instr_reg[18]         | D v          | DFFR_X1   | 0.000 |   3.695 |    3.810 | 
     +---------------------------------------------------------------------------------------------+ 
Path 26: MET Setup Check with Pin datapath/IFID_instr_reg[20]/CK 
Endpoint:   datapath/IFID_instr_reg[20]/D  (v) checked with  leading edge of 
'clk'
Beginpoint: datapath/IFID_instr_reg[16]/QN (v) triggered by  leading edge of 
'clk'
Path Groups: {reg2reg}
Analysis View: RPT_SLOW
Other End Arrival Time          0.657
- Setup                         0.146
+ Phase Shift                   3.400
+ CPPR Adjustment               0.000
- Uncertainty                   0.100
= Required Time                 3.811
- Arrival Time                  3.691
= Slack Time                    0.119
     Clock Rise Edge                 0.000
     + Clock Network Latency (Prop)  0.658
     = Beginpoint Arrival Time       0.658
     +---------------------------------------------------------------------------------------------+ 
     |              Instance               |     Arc      |   Cell    | Delay | Arrival | Required | 
     |                                     |              |           |       |  Time   |   Time   | 
     |-------------------------------------+--------------+-----------+-------+---------+----------| 
     | datapath/IFID_instr_reg[16]         | CK ^         |           |       |   0.658 |    0.778 | 
     | datapath/IFID_instr_reg[16]         | CK ^ -> QN v | DFFR_X1   | 0.306 |   0.964 |    1.083 | 
     | datapath/FE_OFC187_n_493            | A v -> ZN ^  | INV_X4    | 0.107 |   1.071 |    1.190 | 
     | datapath/g520__1666                 | A2 ^ -> ZN v | NAND2_X1  | 0.071 |   1.142 |    1.261 | 
     | datapath/g505__1881                 | A2 v -> ZN ^ | NOR2_X2   | 0.239 |   1.381 |    1.500 | 
     | datapath/g470__2802                 | A1 ^ -> ZN ^ | AND2_X2   | 0.211 |   1.592 |    1.712 | 
     | datapath/FE_OFC792_registers_n_2529 | A ^ -> Z ^   | BUF_X4    | 0.193 |   1.786 |    1.905 | 
     | datapath/g3871                      | B1 ^ -> ZN v | AOI22_X1  | 0.099 |   1.884 |    2.003 | 
     | datapath/g3455__7410                | A3 v -> ZN v | AND3_X1   | 0.148 |   2.032 |    2.151 | 
     | datapath/g3408__6783                | A2 v -> ZN ^ | NAND4_X1  | 0.124 |   2.156 |    2.275 | 
     | datapath/g26652                     | A1 ^ -> ZN v | NAND2_X1  | 0.060 |   2.216 |    2.335 | 
     | datapath/FE_RC_805_0                | A1 v -> ZN ^ | NAND2_X1  | 0.082 |   2.298 |    2.417 | 
     | datapath/FE_OFC847_n_1174           | A ^ -> ZN v  | INV_X1    | 0.041 |   2.339 |    2.458 | 
     | datapath/LT_TC_OP_g834              | A2 v -> ZN ^ | NOR2_X1   | 0.142 |   2.480 |    2.600 | 
     | datapath/LT_TC_OP_g809              | A1 ^ -> ZN v | NOR3_X1   | 0.046 |   2.527 |    2.646 | 
     | datapath/LT_TC_OP_g777              | A v -> ZN ^  | AOI221_X1 | 0.338 |   2.865 |    2.984 | 
     | datapath/LT_TC_OP_g772              | A ^ -> ZN v  | OAI221_X1 | 0.162 |   3.027 |    3.147 | 
     | datapath/FE_RC_825_0                | A v -> ZN ^  | INV_X2    | 0.085 |   3.112 |    3.232 | 
     | datapath/FE_RC_824_0                | A1 ^ -> ZN v | NAND3_X4  | 0.061 |   3.173 |    3.292 | 
     | datapath/FE_RC_816_0                | A1 v -> ZN ^ | NAND2_X4  | 0.058 |   3.231 |    3.350 | 
     | g1054                               | A1 ^ -> ZN ^ | AND2_X2   | 0.132 |   3.363 |    3.482 | 
     | datapath/FE_OFC841_IFID_flush       | A ^ -> Z ^   | CLKBUF_X3 | 0.273 |   3.636 |    3.755 | 
     | datapath/g35568                     | A1 ^ -> ZN v | NOR2_X1   | 0.056 |   3.691 |    3.811 | 
     | datapath/IFID_instr_reg[20]         | D v          | DFFR_X1   | 0.000 |   3.691 |    3.811 | 
     +---------------------------------------------------------------------------------------------+ 
Path 27: MET Setup Check with Pin datapath/IFID_instr_reg[17]/CK 
Endpoint:   datapath/IFID_instr_reg[17]/D  (v) checked with  leading edge of 
'clk'
Beginpoint: datapath/IFID_instr_reg[16]/QN (v) triggered by  leading edge of 
'clk'
Path Groups: {reg2reg}
Analysis View: RPT_SLOW
Other End Arrival Time          0.657
- Setup                         0.146
+ Phase Shift                   3.400
+ CPPR Adjustment               0.000
- Uncertainty                   0.100
= Required Time                 3.811
- Arrival Time                  3.691
= Slack Time                    0.120
     Clock Rise Edge                 0.000
     + Clock Network Latency (Prop)  0.658
     = Beginpoint Arrival Time       0.658
     +---------------------------------------------------------------------------------------------+ 
     |              Instance               |     Arc      |   Cell    | Delay | Arrival | Required | 
     |                                     |              |           |       |  Time   |   Time   | 
     |-------------------------------------+--------------+-----------+-------+---------+----------| 
     | datapath/IFID_instr_reg[16]         | CK ^         |           |       |   0.658 |    0.778 | 
     | datapath/IFID_instr_reg[16]         | CK ^ -> QN v | DFFR_X1   | 0.306 |   0.964 |    1.083 | 
     | datapath/FE_OFC187_n_493            | A v -> ZN ^  | INV_X4    | 0.107 |   1.071 |    1.190 | 
     | datapath/g520__1666                 | A2 ^ -> ZN v | NAND2_X1  | 0.071 |   1.142 |    1.261 | 
     | datapath/g505__1881                 | A2 v -> ZN ^ | NOR2_X2   | 0.239 |   1.381 |    1.500 | 
     | datapath/g470__2802                 | A1 ^ -> ZN ^ | AND2_X2   | 0.211 |   1.592 |    1.712 | 
     | datapath/FE_OFC792_registers_n_2529 | A ^ -> Z ^   | BUF_X4    | 0.193 |   1.785 |    1.905 | 
     | datapath/g3871                      | B1 ^ -> ZN v | AOI22_X1  | 0.099 |   1.884 |    2.004 | 
     | datapath/g3455__7410                | A3 v -> ZN v | AND3_X1   | 0.148 |   2.032 |    2.151 | 
     | datapath/g3408__6783                | A2 v -> ZN ^ | NAND4_X1  | 0.124 |   2.156 |    2.275 | 
     | datapath/g26652                     | A1 ^ -> ZN v | NAND2_X1  | 0.060 |   2.216 |    2.335 | 
     | datapath/FE_RC_805_0                | A1 v -> ZN ^ | NAND2_X1  | 0.082 |   2.298 |    2.417 | 
     | datapath/FE_OFC847_n_1174           | A ^ -> ZN v  | INV_X1    | 0.041 |   2.339 |    2.458 | 
     | datapath/LT_TC_OP_g834              | A2 v -> ZN ^ | NOR2_X1   | 0.142 |   2.480 |    2.600 | 
     | datapath/LT_TC_OP_g809              | A1 ^ -> ZN v | NOR3_X1   | 0.046 |   2.527 |    2.647 | 
     | datapath/LT_TC_OP_g777              | A v -> ZN ^  | AOI221_X1 | 0.338 |   2.865 |    2.984 | 
     | datapath/LT_TC_OP_g772              | A ^ -> ZN v  | OAI221_X1 | 0.162 |   3.027 |    3.147 | 
     | datapath/FE_RC_825_0                | A v -> ZN ^  | INV_X2    | 0.085 |   3.112 |    3.232 | 
     | datapath/FE_RC_824_0                | A1 ^ -> ZN v | NAND3_X4  | 0.061 |   3.173 |    3.292 | 
     | datapath/FE_RC_816_0                | A1 v -> ZN ^ | NAND2_X4  | 0.058 |   3.231 |    3.351 | 
     | g1054                               | A1 ^ -> ZN ^ | AND2_X2   | 0.132 |   3.363 |    3.482 | 
     | datapath/FE_OFC841_IFID_flush       | A ^ -> Z ^   | CLKBUF_X3 | 0.273 |   3.636 |    3.755 | 
     | datapath/g35585                     | A1 ^ -> ZN v | NOR2_X1   | 0.055 |   3.691 |    3.811 | 
     | datapath/IFID_instr_reg[17]         | D v          | DFFR_X1   | 0.000 |   3.691 |    3.811 | 
     +---------------------------------------------------------------------------------------------+ 
Path 28: MET Setup Check with Pin datapath/IF_pc_reg[19]/CK 
Endpoint:   datapath/IF_pc_reg[19]/D       (v) checked with  leading edge of 
'clk'
Beginpoint: datapath/IFID_instr_reg[16]/QN (v) triggered by  leading edge of 
'clk'
Path Groups: {reg2reg}
Analysis View: RPT_SLOW
Other End Arrival Time          0.662
- Setup                         0.244
+ Phase Shift                   3.400
+ CPPR Adjustment               0.000
- Uncertainty                   0.100
= Required Time                 3.718
- Arrival Time                  3.598
= Slack Time                    0.120
     Clock Rise Edge                 0.000
     + Clock Network Latency (Prop)  0.658
     = Beginpoint Arrival Time       0.658
     +------------------------------------------------------------------------------------------------------------+ 
     |                      Instance                      |     Arc      |   Cell    | Delay | Arrival | Required | 
     |                                                    |              |           |       |  Time   |   Time   | 
     |----------------------------------------------------+--------------+-----------+-------+---------+----------| 
     | datapath/IFID_instr_reg[16]                        | CK ^         |           |       |   0.658 |    0.778 | 
     | datapath/IFID_instr_reg[16]                        | CK ^ -> QN v | DFFR_X1   | 0.306 |   0.964 |    1.084 | 
     | datapath/FE_OFC187_n_493                           | A v -> ZN ^  | INV_X4    | 0.107 |   1.071 |    1.191 | 
     | datapath/g520__1666                                | A2 ^ -> ZN v | NAND2_X1  | 0.071 |   1.142 |    1.261 | 
     | datapath/g505__1881                                | A2 v -> ZN ^ | NOR2_X2   | 0.239 |   1.381 |    1.501 | 
     | datapath/g470__2802                                | A1 ^ -> ZN ^ | AND2_X2   | 0.211 |   1.592 |    1.712 | 
     | datapath/FE_OFC792_registers_n_2529                | A ^ -> Z ^   | BUF_X4    | 0.193 |   1.786 |    1.905 | 
     | datapath/g3871                                     | B1 ^ -> ZN v | AOI22_X1  | 0.099 |   1.884 |    2.004 | 
     | datapath/g3455__7410                               | A3 v -> ZN v | AND3_X1   | 0.148 |   2.032 |    2.152 | 
     | datapath/g3408__6783                               | A2 v -> ZN ^ | NAND4_X1  | 0.124 |   2.156 |    2.275 | 
     | datapath/g26652                                    | A1 ^ -> ZN v | NAND2_X1  | 0.060 |   2.216 |    2.336 | 
     | datapath/FE_RC_805_0                               | A1 v -> ZN ^ | NAND2_X1  | 0.082 |   2.298 |    2.418 | 
     | datapath/FE_OFC847_n_1174                          | A ^ -> ZN v  | INV_X1    | 0.041 |   2.339 |    2.459 | 
     | datapath/LT_TC_OP_g834                             | A2 v -> ZN ^ | NOR2_X1   | 0.142 |   2.480 |    2.600 | 
     | datapath/LT_TC_OP_g809                             | A1 ^ -> ZN v | NOR3_X1   | 0.046 |   2.527 |    2.647 | 
     | datapath/LT_TC_OP_g777                             | A v -> ZN ^  | AOI221_X1 | 0.338 |   2.865 |    2.985 | 
     | datapath/LT_TC_OP_g772                             | A ^ -> ZN v  | OAI221_X1 | 0.162 |   3.027 |    3.147 | 
     | datapath/FE_RC_825_0                               | A v -> ZN ^  | INV_X2    | 0.085 |   3.112 |    3.232 | 
     | datapath/FE_RC_824_0                               | A1 ^ -> ZN v | NAND3_X4  | 0.061 |   3.173 |    3.293 | 
     | datapath/FE_RC_816_0                               | A1 v -> ZN ^ | NAND2_X4  | 0.058 |   3.231 |    3.351 | 
     | datapath/branch_or_inc_4/FE_OFC589_IFID_takeBranch | A ^ -> Z ^   | BUF_X8    | 0.134 |   3.365 |    3.485 | 
     | datapath/branch_or_inc_4/g843__7410                | S ^ -> Z v   | MUX2_X1   | 0.234 |   3.598 |    3.718 | 
     | datapath/IF_pc_reg[19]                             | D v          | SDFFR_X1  | 0.000 |   3.598 |    3.718 | 
     +------------------------------------------------------------------------------------------------------------+ 
Path 29: MET Setup Check with Pin datapath/IFID_instr_reg[10]/CK 
Endpoint:   datapath/IFID_instr_reg[10]/D  (v) checked with  leading edge of 
'clk'
Beginpoint: datapath/IFID_instr_reg[16]/QN (v) triggered by  leading edge of 
'clk'
Path Groups: {reg2reg}
Analysis View: RPT_SLOW
Other End Arrival Time          0.657
- Setup                         0.146
+ Phase Shift                   3.400
+ CPPR Adjustment               0.000
- Uncertainty                   0.100
= Required Time                 3.811
- Arrival Time                  3.691
= Slack Time                    0.120
     Clock Rise Edge                 0.000
     + Clock Network Latency (Prop)  0.658
     = Beginpoint Arrival Time       0.658
     +---------------------------------------------------------------------------------------------+ 
     |              Instance               |     Arc      |   Cell    | Delay | Arrival | Required | 
     |                                     |              |           |       |  Time   |   Time   | 
     |-------------------------------------+--------------+-----------+-------+---------+----------| 
     | datapath/IFID_instr_reg[16]         | CK ^         |           |       |   0.658 |    0.778 | 
     | datapath/IFID_instr_reg[16]         | CK ^ -> QN v | DFFR_X1   | 0.306 |   0.964 |    1.084 | 
     | datapath/FE_OFC187_n_493            | A v -> ZN ^  | INV_X4    | 0.107 |   1.071 |    1.191 | 
     | datapath/g520__1666                 | A2 ^ -> ZN v | NAND2_X1  | 0.071 |   1.142 |    1.262 | 
     | datapath/g505__1881                 | A2 v -> ZN ^ | NOR2_X2   | 0.239 |   1.381 |    1.501 | 
     | datapath/g470__2802                 | A1 ^ -> ZN ^ | AND2_X2   | 0.211 |   1.592 |    1.712 | 
     | datapath/FE_OFC792_registers_n_2529 | A ^ -> Z ^   | BUF_X4    | 0.193 |   1.786 |    1.905 | 
     | datapath/g3871                      | B1 ^ -> ZN v | AOI22_X1  | 0.099 |   1.884 |    2.004 | 
     | datapath/g3455__7410                | A3 v -> ZN v | AND3_X1   | 0.148 |   2.032 |    2.152 | 
     | datapath/g3408__6783                | A2 v -> ZN ^ | NAND4_X1  | 0.124 |   2.156 |    2.276 | 
     | datapath/g26652                     | A1 ^ -> ZN v | NAND2_X1  | 0.060 |   2.216 |    2.336 | 
     | datapath/FE_RC_805_0                | A1 v -> ZN ^ | NAND2_X1  | 0.082 |   2.298 |    2.418 | 
     | datapath/FE_OFC847_n_1174           | A ^ -> ZN v  | INV_X1    | 0.041 |   2.339 |    2.459 | 
     | datapath/LT_TC_OP_g834              | A2 v -> ZN ^ | NOR2_X1   | 0.142 |   2.480 |    2.600 | 
     | datapath/LT_TC_OP_g809              | A1 ^ -> ZN v | NOR3_X1   | 0.046 |   2.527 |    2.647 | 
     | datapath/LT_TC_OP_g777              | A v -> ZN ^  | AOI221_X1 | 0.338 |   2.865 |    2.985 | 
     | datapath/LT_TC_OP_g772              | A ^ -> ZN v  | OAI221_X1 | 0.162 |   3.027 |    3.147 | 
     | datapath/FE_RC_825_0                | A v -> ZN ^  | INV_X2    | 0.085 |   3.112 |    3.232 | 
     | datapath/FE_RC_824_0                | A1 ^ -> ZN v | NAND3_X4  | 0.061 |   3.173 |    3.293 | 
     | datapath/FE_RC_816_0                | A1 v -> ZN ^ | NAND2_X4  | 0.058 |   3.231 |    3.351 | 
     | g1054                               | A1 ^ -> ZN ^ | AND2_X2   | 0.132 |   3.363 |    3.483 | 
     | datapath/FE_OFC841_IFID_flush       | A ^ -> Z ^   | CLKBUF_X3 | 0.273 |   3.636 |    3.756 | 
     | datapath/g35577                     | A1 ^ -> ZN v | NOR2_X1   | 0.055 |   3.691 |    3.811 | 
     | datapath/IFID_instr_reg[10]         | D v          | DFFR_X1   | 0.000 |   3.691 |    3.811 | 
     +---------------------------------------------------------------------------------------------+ 
Path 30: MET Setup Check with Pin datapath/IFID_instr_reg[9]/CK 
Endpoint:   datapath/IFID_instr_reg[9]/D   (v) checked with  leading edge of 
'clk'
Beginpoint: datapath/IFID_instr_reg[16]/QN (v) triggered by  leading edge of 
'clk'
Path Groups: {reg2reg}
Analysis View: RPT_SLOW
Other End Arrival Time          0.657
- Setup                         0.146
+ Phase Shift                   3.400
+ CPPR Adjustment               0.000
- Uncertainty                   0.100
= Required Time                 3.811
- Arrival Time                  3.691
= Slack Time                    0.120
     Clock Rise Edge                 0.000
     + Clock Network Latency (Prop)  0.658
     = Beginpoint Arrival Time       0.658
     +---------------------------------------------------------------------------------------------+ 
     |              Instance               |     Arc      |   Cell    | Delay | Arrival | Required | 
     |                                     |              |           |       |  Time   |   Time   | 
     |-------------------------------------+--------------+-----------+-------+---------+----------| 
     | datapath/IFID_instr_reg[16]         | CK ^         |           |       |   0.658 |    0.778 | 
     | datapath/IFID_instr_reg[16]         | CK ^ -> QN v | DFFR_X1   | 0.306 |   0.964 |    1.084 | 
     | datapath/FE_OFC187_n_493            | A v -> ZN ^  | INV_X4    | 0.107 |   1.071 |    1.191 | 
     | datapath/g520__1666                 | A2 ^ -> ZN v | NAND2_X1  | 0.071 |   1.142 |    1.262 | 
     | datapath/g505__1881                 | A2 v -> ZN ^ | NOR2_X2   | 0.239 |   1.381 |    1.501 | 
     | datapath/g470__2802                 | A1 ^ -> ZN ^ | AND2_X2   | 0.211 |   1.592 |    1.712 | 
     | datapath/FE_OFC792_registers_n_2529 | A ^ -> Z ^   | BUF_X4    | 0.193 |   1.786 |    1.906 | 
     | datapath/g3871                      | B1 ^ -> ZN v | AOI22_X1  | 0.099 |   1.884 |    2.004 | 
     | datapath/g3455__7410                | A3 v -> ZN v | AND3_X1   | 0.148 |   2.032 |    2.152 | 
     | datapath/g3408__6783                | A2 v -> ZN ^ | NAND4_X1  | 0.124 |   2.156 |    2.276 | 
     | datapath/g26652                     | A1 ^ -> ZN v | NAND2_X1  | 0.060 |   2.216 |    2.336 | 
     | datapath/FE_RC_805_0                | A1 v -> ZN ^ | NAND2_X1  | 0.082 |   2.298 |    2.418 | 
     | datapath/FE_OFC847_n_1174           | A ^ -> ZN v  | INV_X1    | 0.041 |   2.339 |    2.459 | 
     | datapath/LT_TC_OP_g834              | A2 v -> ZN ^ | NOR2_X1   | 0.142 |   2.480 |    2.601 | 
     | datapath/LT_TC_OP_g809              | A1 ^ -> ZN v | NOR3_X1   | 0.046 |   2.527 |    2.647 | 
     | datapath/LT_TC_OP_g777              | A v -> ZN ^  | AOI221_X1 | 0.338 |   2.865 |    2.985 | 
     | datapath/LT_TC_OP_g772              | A ^ -> ZN v  | OAI221_X1 | 0.162 |   3.027 |    3.147 | 
     | datapath/FE_RC_825_0                | A v -> ZN ^  | INV_X2    | 0.085 |   3.112 |    3.232 | 
     | datapath/FE_RC_824_0                | A1 ^ -> ZN v | NAND3_X4  | 0.061 |   3.173 |    3.293 | 
     | datapath/FE_RC_816_0                | A1 v -> ZN ^ | NAND2_X4  | 0.058 |   3.231 |    3.351 | 
     | g1054                               | A1 ^ -> ZN ^ | AND2_X2   | 0.132 |   3.363 |    3.483 | 
     | datapath/FE_OFC841_IFID_flush       | A ^ -> Z ^   | CLKBUF_X3 | 0.273 |   3.636 |    3.756 | 
     | datapath/g35571                     | A1 ^ -> ZN v | NOR2_X1   | 0.055 |   3.691 |    3.811 | 
     | datapath/IFID_instr_reg[9]          | D v          | DFFR_X1   | 0.000 |   3.691 |    3.811 | 
     +---------------------------------------------------------------------------------------------+ 
Path 31: MET Setup Check with Pin datapath/IFID_instr_reg[16]/CK 
Endpoint:   datapath/IFID_instr_reg[16]/D  (v) checked with  leading edge of 
'clk'
Beginpoint: datapath/IFID_instr_reg[16]/QN (v) triggered by  leading edge of 
'clk'
Path Groups: {reg2reg}
Analysis View: RPT_SLOW
Other End Arrival Time          0.658
- Setup                         0.147
+ Phase Shift                   3.400
+ CPPR Adjustment               0.000
- Uncertainty                   0.100
= Required Time                 3.811
- Arrival Time                  3.691
= Slack Time                    0.120
     Clock Rise Edge                 0.000
     + Clock Network Latency (Prop)  0.658
     = Beginpoint Arrival Time       0.658
     +---------------------------------------------------------------------------------------------+ 
     |              Instance               |     Arc      |   Cell    | Delay | Arrival | Required | 
     |                                     |              |           |       |  Time   |   Time   | 
     |-------------------------------------+--------------+-----------+-------+---------+----------| 
     | datapath/IFID_instr_reg[16]         | CK ^         |           |       |   0.658 |    0.779 | 
     | datapath/IFID_instr_reg[16]         | CK ^ -> QN v | DFFR_X1   | 0.306 |   0.964 |    1.084 | 
     | datapath/FE_OFC187_n_493            | A v -> ZN ^  | INV_X4    | 0.107 |   1.071 |    1.191 | 
     | datapath/g520__1666                 | A2 ^ -> ZN v | NAND2_X1  | 0.071 |   1.142 |    1.262 | 
     | datapath/g505__1881                 | A2 v -> ZN ^ | NOR2_X2   | 0.239 |   1.381 |    1.501 | 
     | datapath/g470__2802                 | A1 ^ -> ZN ^ | AND2_X2   | 0.211 |   1.592 |    1.712 | 
     | datapath/FE_OFC792_registers_n_2529 | A ^ -> Z ^   | BUF_X4    | 0.193 |   1.785 |    1.906 | 
     | datapath/g3871                      | B1 ^ -> ZN v | AOI22_X1  | 0.099 |   1.884 |    2.004 | 
     | datapath/g3455__7410                | A3 v -> ZN v | AND3_X1   | 0.148 |   2.032 |    2.152 | 
     | datapath/g3408__6783                | A2 v -> ZN ^ | NAND4_X1  | 0.124 |   2.156 |    2.276 | 
     | datapath/g26652                     | A1 ^ -> ZN v | NAND2_X1  | 0.060 |   2.216 |    2.336 | 
     | datapath/FE_RC_805_0                | A1 v -> ZN ^ | NAND2_X1  | 0.082 |   2.298 |    2.418 | 
     | datapath/FE_OFC847_n_1174           | A ^ -> ZN v  | INV_X1    | 0.041 |   2.339 |    2.459 | 
     | datapath/LT_TC_OP_g834              | A2 v -> ZN ^ | NOR2_X1   | 0.142 |   2.480 |    2.601 | 
     | datapath/LT_TC_OP_g809              | A1 ^ -> ZN v | NOR3_X1   | 0.046 |   2.527 |    2.647 | 
     | datapath/LT_TC_OP_g777              | A v -> ZN ^  | AOI221_X1 | 0.338 |   2.865 |    2.985 | 
     | datapath/LT_TC_OP_g772              | A ^ -> ZN v  | OAI221_X1 | 0.162 |   3.027 |    3.147 | 
     | datapath/FE_RC_825_0                | A v -> ZN ^  | INV_X2    | 0.085 |   3.112 |    3.232 | 
     | datapath/FE_RC_824_0                | A1 ^ -> ZN v | NAND3_X4  | 0.061 |   3.173 |    3.293 | 
     | datapath/FE_RC_816_0                | A1 v -> ZN ^ | NAND2_X4  | 0.058 |   3.231 |    3.351 | 
     | g1054                               | A1 ^ -> ZN ^ | AND2_X2   | 0.132 |   3.363 |    3.483 | 
     | datapath/FE_OFC841_IFID_flush       | A ^ -> Z ^   | CLKBUF_X3 | 0.273 |   3.636 |    3.756 | 
     | datapath/g35573                     | A1 ^ -> ZN v | NOR2_X1   | 0.055 |   3.691 |    3.811 | 
     | datapath/IFID_instr_reg[16]         | D v          | DFFR_X1   | 0.000 |   3.691 |    3.811 | 
     +---------------------------------------------------------------------------------------------+ 
Path 32: MET Setup Check with Pin datapath/IFID_pc_reg[1]/CK 
Endpoint:   datapath/IFID_pc_reg[1]/D      (v) checked with  leading edge of 
'clk'
Beginpoint: datapath/IFID_instr_reg[16]/QN (v) triggered by  leading edge of 
'clk'
Path Groups: {reg2reg}
Analysis View: RPT_SLOW
Other End Arrival Time          0.657
- Setup                         0.146
+ Phase Shift                   3.400
+ CPPR Adjustment               0.000
- Uncertainty                   0.100
= Required Time                 3.811
- Arrival Time                  3.690
= Slack Time                    0.121
     Clock Rise Edge                 0.000
     + Clock Network Latency (Prop)  0.658
     = Beginpoint Arrival Time       0.658
     +---------------------------------------------------------------------------------------------+ 
     |              Instance               |     Arc      |   Cell    | Delay | Arrival | Required | 
     |                                     |              |           |       |  Time   |   Time   | 
     |-------------------------------------+--------------+-----------+-------+---------+----------| 
     | datapath/IFID_instr_reg[16]         | CK ^         |           |       |   0.658 |    0.779 | 
     | datapath/IFID_instr_reg[16]         | CK ^ -> QN v | DFFR_X1   | 0.306 |   0.964 |    1.085 | 
     | datapath/FE_OFC187_n_493            | A v -> ZN ^  | INV_X4    | 0.107 |   1.071 |    1.192 | 
     | datapath/g520__1666                 | A2 ^ -> ZN v | NAND2_X1  | 0.071 |   1.142 |    1.263 | 
     | datapath/g505__1881                 | A2 v -> ZN ^ | NOR2_X2   | 0.239 |   1.381 |    1.502 | 
     | datapath/g470__2802                 | A1 ^ -> ZN ^ | AND2_X2   | 0.211 |   1.592 |    1.713 | 
     | datapath/FE_OFC792_registers_n_2529 | A ^ -> Z ^   | BUF_X4    | 0.193 |   1.785 |    1.906 | 
     | datapath/g3871                      | B1 ^ -> ZN v | AOI22_X1  | 0.099 |   1.884 |    2.005 | 
     | datapath/g3455__7410                | A3 v -> ZN v | AND3_X1   | 0.148 |   2.032 |    2.153 | 
     | datapath/g3408__6783                | A2 v -> ZN ^ | NAND4_X1  | 0.124 |   2.156 |    2.277 | 
     | datapath/g26652                     | A1 ^ -> ZN v | NAND2_X1  | 0.060 |   2.216 |    2.337 | 
     | datapath/FE_RC_805_0                | A1 v -> ZN ^ | NAND2_X1  | 0.082 |   2.298 |    2.419 | 
     | datapath/FE_OFC847_n_1174           | A ^ -> ZN v  | INV_X1    | 0.041 |   2.339 |    2.460 | 
     | datapath/LT_TC_OP_g834              | A2 v -> ZN ^ | NOR2_X1   | 0.142 |   2.480 |    2.601 | 
     | datapath/LT_TC_OP_g809              | A1 ^ -> ZN v | NOR3_X1   | 0.046 |   2.527 |    2.648 | 
     | datapath/LT_TC_OP_g777              | A v -> ZN ^  | AOI221_X1 | 0.338 |   2.865 |    2.986 | 
     | datapath/LT_TC_OP_g772              | A ^ -> ZN v  | OAI221_X1 | 0.162 |   3.027 |    3.148 | 
     | datapath/FE_RC_825_0                | A v -> ZN ^  | INV_X2    | 0.085 |   3.112 |    3.233 | 
     | datapath/FE_RC_824_0                | A1 ^ -> ZN v | NAND3_X4  | 0.061 |   3.173 |    3.294 | 
     | datapath/FE_RC_816_0                | A1 v -> ZN ^ | NAND2_X4  | 0.058 |   3.231 |    3.352 | 
     | g1054                               | A1 ^ -> ZN ^ | AND2_X2   | 0.132 |   3.363 |    3.484 | 
     | datapath/FE_OFC841_IFID_flush       | A ^ -> Z ^   | CLKBUF_X3 | 0.273 |   3.636 |    3.757 | 
     | datapath/g35596                     | A1 ^ -> ZN v | NOR2_X1   | 0.054 |   3.690 |    3.811 | 
     | datapath/IFID_pc_reg[1]             | D v          | DFFR_X1   | 0.000 |   3.690 |    3.811 | 
     +---------------------------------------------------------------------------------------------+ 
Path 33: MET Setup Check with Pin datapath/IFID_pc_reg[2]/CK 
Endpoint:   datapath/IFID_pc_reg[2]/D      (v) checked with  leading edge of 
'clk'
Beginpoint: datapath/IFID_instr_reg[16]/QN (v) triggered by  leading edge of 
'clk'
Path Groups: {reg2reg}
Analysis View: RPT_SLOW
Other End Arrival Time          0.657
- Setup                         0.146
+ Phase Shift                   3.400
+ CPPR Adjustment               0.000
- Uncertainty                   0.100
= Required Time                 3.811
- Arrival Time                  3.690
= Slack Time                    0.121
     Clock Rise Edge                 0.000
     + Clock Network Latency (Prop)  0.658
     = Beginpoint Arrival Time       0.658
     +---------------------------------------------------------------------------------------------+ 
     |              Instance               |     Arc      |   Cell    | Delay | Arrival | Required | 
     |                                     |              |           |       |  Time   |   Time   | 
     |-------------------------------------+--------------+-----------+-------+---------+----------| 
     | datapath/IFID_instr_reg[16]         | CK ^         |           |       |   0.658 |    0.780 | 
     | datapath/IFID_instr_reg[16]         | CK ^ -> QN v | DFFR_X1   | 0.306 |   0.964 |    1.085 | 
     | datapath/FE_OFC187_n_493            | A v -> ZN ^  | INV_X4    | 0.107 |   1.071 |    1.192 | 
     | datapath/g520__1666                 | A2 ^ -> ZN v | NAND2_X1  | 0.071 |   1.142 |    1.263 | 
     | datapath/g505__1881                 | A2 v -> ZN ^ | NOR2_X2   | 0.239 |   1.381 |    1.502 | 
     | datapath/g470__2802                 | A1 ^ -> ZN ^ | AND2_X2   | 0.211 |   1.592 |    1.714 | 
     | datapath/FE_OFC792_registers_n_2529 | A ^ -> Z ^   | BUF_X4    | 0.193 |   1.786 |    1.907 | 
     | datapath/g3871                      | B1 ^ -> ZN v | AOI22_X1  | 0.099 |   1.884 |    2.006 | 
     | datapath/g3455__7410                | A3 v -> ZN v | AND3_X1   | 0.148 |   2.032 |    2.153 | 
     | datapath/g3408__6783                | A2 v -> ZN ^ | NAND4_X1  | 0.124 |   2.156 |    2.277 | 
     | datapath/g26652                     | A1 ^ -> ZN v | NAND2_X1  | 0.060 |   2.216 |    2.337 | 
     | datapath/FE_RC_805_0                | A1 v -> ZN ^ | NAND2_X1  | 0.082 |   2.298 |    2.419 | 
     | datapath/FE_OFC847_n_1174           | A ^ -> ZN v  | INV_X1    | 0.041 |   2.339 |    2.460 | 
     | datapath/LT_TC_OP_g834              | A2 v -> ZN ^ | NOR2_X1   | 0.142 |   2.480 |    2.602 | 
     | datapath/LT_TC_OP_g809              | A1 ^ -> ZN v | NOR3_X1   | 0.046 |   2.527 |    2.648 | 
     | datapath/LT_TC_OP_g777              | A v -> ZN ^  | AOI221_X1 | 0.338 |   2.865 |    2.986 | 
     | datapath/LT_TC_OP_g772              | A ^ -> ZN v  | OAI221_X1 | 0.162 |   3.027 |    3.149 | 
     | datapath/FE_RC_825_0                | A v -> ZN ^  | INV_X2    | 0.085 |   3.112 |    3.234 | 
     | datapath/FE_RC_824_0                | A1 ^ -> ZN v | NAND3_X4  | 0.061 |   3.173 |    3.294 | 
     | datapath/FE_RC_816_0                | A1 v -> ZN ^ | NAND2_X4  | 0.058 |   3.231 |    3.353 | 
     | g1054                               | A1 ^ -> ZN ^ | AND2_X2   | 0.132 |   3.363 |    3.484 | 
     | datapath/FE_OFC841_IFID_flush       | A ^ -> Z ^   | CLKBUF_X3 | 0.273 |   3.636 |    3.757 | 
     | datapath/g35659                     | A1 ^ -> ZN v | NOR2_X1   | 0.054 |   3.690 |    3.811 | 
     | datapath/IFID_pc_reg[2]             | D v          | DFFR_X1   | 0.000 |   3.690 |    3.811 | 
     +---------------------------------------------------------------------------------------------+ 
Path 34: MET Setup Check with Pin datapath/IF_pc_reg[18]/CK 
Endpoint:   datapath/IF_pc_reg[18]/D       (v) checked with  leading edge of 
'clk'
Beginpoint: datapath/IFID_instr_reg[16]/QN (v) triggered by  leading edge of 
'clk'
Path Groups: {reg2reg}
Analysis View: RPT_SLOW
Other End Arrival Time          0.662
- Setup                         0.243
+ Phase Shift                   3.400
+ CPPR Adjustment               0.000
- Uncertainty                   0.100
= Required Time                 3.719
- Arrival Time                  3.597
= Slack Time                    0.122
     Clock Rise Edge                 0.000
     + Clock Network Latency (Prop)  0.658
     = Beginpoint Arrival Time       0.658
     +------------------------------------------------------------------------------------------------------------+ 
     |                      Instance                      |     Arc      |   Cell    | Delay | Arrival | Required | 
     |                                                    |              |           |       |  Time   |   Time   | 
     |----------------------------------------------------+--------------+-----------+-------+---------+----------| 
     | datapath/IFID_instr_reg[16]                        | CK ^         |           |       |   0.658 |    0.780 | 
     | datapath/IFID_instr_reg[16]                        | CK ^ -> QN v | DFFR_X1   | 0.306 |   0.964 |    1.086 | 
     | datapath/FE_OFC187_n_493                           | A v -> ZN ^  | INV_X4    | 0.107 |   1.071 |    1.193 | 
     | datapath/g520__1666                                | A2 ^ -> ZN v | NAND2_X1  | 0.071 |   1.142 |    1.264 | 
     | datapath/g505__1881                                | A2 v -> ZN ^ | NOR2_X2   | 0.239 |   1.381 |    1.503 | 
     | datapath/g470__2802                                | A1 ^ -> ZN ^ | AND2_X2   | 0.211 |   1.592 |    1.714 | 
     | datapath/FE_OFC792_registers_n_2529                | A ^ -> Z ^   | BUF_X4    | 0.193 |   1.785 |    1.908 | 
     | datapath/g3871                                     | B1 ^ -> ZN v | AOI22_X1  | 0.099 |   1.884 |    2.006 | 
     | datapath/g3455__7410                               | A3 v -> ZN v | AND3_X1   | 0.148 |   2.032 |    2.154 | 
     | datapath/g3408__6783                               | A2 v -> ZN ^ | NAND4_X1  | 0.124 |   2.156 |    2.278 | 
     | datapath/g26652                                    | A1 ^ -> ZN v | NAND2_X1  | 0.060 |   2.216 |    2.338 | 
     | datapath/FE_RC_805_0                               | A1 v -> ZN ^ | NAND2_X1  | 0.082 |   2.298 |    2.420 | 
     | datapath/FE_OFC847_n_1174                          | A ^ -> ZN v  | INV_X1    | 0.041 |   2.339 |    2.461 | 
     | datapath/LT_TC_OP_g834                             | A2 v -> ZN ^ | NOR2_X1   | 0.142 |   2.480 |    2.603 | 
     | datapath/LT_TC_OP_g809                             | A1 ^ -> ZN v | NOR3_X1   | 0.046 |   2.527 |    2.649 | 
     | datapath/LT_TC_OP_g777                             | A v -> ZN ^  | AOI221_X1 | 0.338 |   2.865 |    2.987 | 
     | datapath/LT_TC_OP_g772                             | A ^ -> ZN v  | OAI221_X1 | 0.162 |   3.027 |    3.149 | 
     | datapath/FE_RC_825_0                               | A v -> ZN ^  | INV_X2    | 0.085 |   3.112 |    3.234 | 
     | datapath/FE_RC_824_0                               | A1 ^ -> ZN v | NAND3_X4  | 0.061 |   3.173 |    3.295 | 
     | datapath/FE_RC_816_0                               | A1 v -> ZN ^ | NAND2_X4  | 0.058 |   3.231 |    3.353 | 
     | datapath/branch_or_inc_4/FE_OFC589_IFID_takeBranch | A ^ -> Z ^   | BUF_X8    | 0.134 |   3.365 |    3.487 | 
     | datapath/branch_or_inc_4/g818__2398                | S ^ -> Z v   | MUX2_X1   | 0.232 |   3.597 |    3.719 | 
     | datapath/IF_pc_reg[18]                             | D v          | SDFFR_X1  | 0.000 |   3.597 |    3.719 | 
     +------------------------------------------------------------------------------------------------------------+ 
Path 35: MET Setup Check with Pin datapath/IFID_instr_reg[19]/CK 
Endpoint:   datapath/IFID_instr_reg[19]/D  (v) checked with  leading edge of 
'clk'
Beginpoint: datapath/IFID_instr_reg[16]/QN (v) triggered by  leading edge of 
'clk'
Path Groups: {reg2reg}
Analysis View: RPT_SLOW
Other End Arrival Time          0.658
- Setup                         0.147
+ Phase Shift                   3.400
+ CPPR Adjustment               0.000
- Uncertainty                   0.100
= Required Time                 3.811
- Arrival Time                  3.689
= Slack Time                    0.122
     Clock Rise Edge                 0.000
     + Clock Network Latency (Prop)  0.658
     = Beginpoint Arrival Time       0.658
     +---------------------------------------------------------------------------------------------+ 
     |              Instance               |     Arc      |   Cell    | Delay | Arrival | Required | 
     |                                     |              |           |       |  Time   |   Time   | 
     |-------------------------------------+--------------+-----------+-------+---------+----------| 
     | datapath/IFID_instr_reg[16]         | CK ^         |           |       |   0.658 |    0.781 | 
     | datapath/IFID_instr_reg[16]         | CK ^ -> QN v | DFFR_X1   | 0.306 |   0.964 |    1.086 | 
     | datapath/FE_OFC187_n_493            | A v -> ZN ^  | INV_X4    | 0.107 |   1.071 |    1.193 | 
     | datapath/g520__1666                 | A2 ^ -> ZN v | NAND2_X1  | 0.071 |   1.142 |    1.264 | 
     | datapath/g505__1881                 | A2 v -> ZN ^ | NOR2_X2   | 0.239 |   1.381 |    1.503 | 
     | datapath/g470__2802                 | A1 ^ -> ZN ^ | AND2_X2   | 0.211 |   1.592 |    1.715 | 
     | datapath/FE_OFC792_registers_n_2529 | A ^ -> Z ^   | BUF_X4    | 0.193 |   1.786 |    1.908 | 
     | datapath/g3871                      | B1 ^ -> ZN v | AOI22_X1  | 0.099 |   1.884 |    2.007 | 
     | datapath/g3455__7410                | A3 v -> ZN v | AND3_X1   | 0.148 |   2.032 |    2.154 | 
     | datapath/g3408__6783                | A2 v -> ZN ^ | NAND4_X1  | 0.124 |   2.156 |    2.278 | 
     | datapath/g26652                     | A1 ^ -> ZN v | NAND2_X1  | 0.060 |   2.216 |    2.338 | 
     | datapath/FE_RC_805_0                | A1 v -> ZN ^ | NAND2_X1  | 0.082 |   2.298 |    2.420 | 
     | datapath/FE_OFC847_n_1174           | A ^ -> ZN v  | INV_X1    | 0.041 |   2.339 |    2.461 | 
     | datapath/LT_TC_OP_g834              | A2 v -> ZN ^ | NOR2_X1   | 0.142 |   2.480 |    2.603 | 
     | datapath/LT_TC_OP_g809              | A1 ^ -> ZN v | NOR3_X1   | 0.046 |   2.527 |    2.649 | 
     | datapath/LT_TC_OP_g777              | A v -> ZN ^  | AOI221_X1 | 0.338 |   2.865 |    2.987 | 
     | datapath/LT_TC_OP_g772              | A ^ -> ZN v  | OAI221_X1 | 0.162 |   3.027 |    3.150 | 
     | datapath/FE_RC_825_0                | A v -> ZN ^  | INV_X2    | 0.085 |   3.112 |    3.235 | 
     | datapath/FE_RC_824_0                | A1 ^ -> ZN v | NAND3_X4  | 0.061 |   3.173 |    3.295 | 
     | datapath/FE_RC_816_0                | A1 v -> ZN ^ | NAND2_X4  | 0.058 |   3.231 |    3.354 | 
     | g1054                               | A1 ^ -> ZN ^ | AND2_X2   | 0.132 |   3.363 |    3.485 | 
     | datapath/FE_OFC841_IFID_flush       | A ^ -> Z ^   | CLKBUF_X3 | 0.273 |   3.636 |    3.758 | 
     | datapath/g35648                     | A1 ^ -> ZN v | NOR2_X1   | 0.053 |   3.689 |    3.811 | 
     | datapath/IFID_instr_reg[19]         | D v          | DFFR_X1   | 0.000 |   3.689 |    3.811 | 
     +---------------------------------------------------------------------------------------------+ 
Path 36: MET Setup Check with Pin datapath/IF_pc_reg[20]/CK 
Endpoint:   datapath/IF_pc_reg[20]/D       (v) checked with  leading edge of 
'clk'
Beginpoint: datapath/IFID_instr_reg[16]/QN (v) triggered by  leading edge of 
'clk'
Path Groups: {reg2reg}
Analysis View: RPT_SLOW
Other End Arrival Time          0.664
- Setup                         0.243
+ Phase Shift                   3.400
+ CPPR Adjustment               0.000
- Uncertainty                   0.100
= Required Time                 3.721
- Arrival Time                  3.597
= Slack Time                    0.124
     Clock Rise Edge                 0.000
     + Clock Network Latency (Prop)  0.658
     = Beginpoint Arrival Time       0.658
     +------------------------------------------------------------------------------------------------------------+ 
     |                      Instance                      |     Arc      |   Cell    | Delay | Arrival | Required | 
     |                                                    |              |           |       |  Time   |   Time   | 
     |----------------------------------------------------+--------------+-----------+-------+---------+----------| 
     | datapath/IFID_instr_reg[16]                        | CK ^         |           |       |   0.658 |    0.782 | 
     | datapath/IFID_instr_reg[16]                        | CK ^ -> QN v | DFFR_X1   | 0.306 |   0.964 |    1.088 | 
     | datapath/FE_OFC187_n_493                           | A v -> ZN ^  | INV_X4    | 0.107 |   1.071 |    1.194 | 
     | datapath/g520__1666                                | A2 ^ -> ZN v | NAND2_X1  | 0.071 |   1.142 |    1.265 | 
     | datapath/g505__1881                                | A2 v -> ZN ^ | NOR2_X2   | 0.239 |   1.381 |    1.504 | 
     | datapath/g470__2802                                | A1 ^ -> ZN ^ | AND2_X2   | 0.211 |   1.592 |    1.716 | 
     | datapath/FE_OFC792_registers_n_2529                | A ^ -> Z ^   | BUF_X4    | 0.193 |   1.785 |    1.909 | 
     | datapath/g3871                                     | B1 ^ -> ZN v | AOI22_X1  | 0.099 |   1.884 |    2.008 | 
     | datapath/g3455__7410                               | A3 v -> ZN v | AND3_X1   | 0.148 |   2.032 |    2.156 | 
     | datapath/g3408__6783                               | A2 v -> ZN ^ | NAND4_X1  | 0.124 |   2.156 |    2.279 | 
     | datapath/g26652                                    | A1 ^ -> ZN v | NAND2_X1  | 0.060 |   2.216 |    2.339 | 
     | datapath/FE_RC_805_0                               | A1 v -> ZN ^ | NAND2_X1  | 0.082 |   2.298 |    2.422 | 
     | datapath/FE_OFC847_n_1174                          | A ^ -> ZN v  | INV_X1    | 0.041 |   2.339 |    2.462 | 
     | datapath/LT_TC_OP_g834                             | A2 v -> ZN ^ | NOR2_X1   | 0.142 |   2.480 |    2.604 | 
     | datapath/LT_TC_OP_g809                             | A1 ^ -> ZN v | NOR3_X1   | 0.046 |   2.527 |    2.651 | 
     | datapath/LT_TC_OP_g777                             | A v -> ZN ^  | AOI221_X1 | 0.338 |   2.865 |    2.989 | 
     | datapath/LT_TC_OP_g772                             | A ^ -> ZN v  | OAI221_X1 | 0.162 |   3.027 |    3.151 | 
     | datapath/FE_RC_825_0                               | A v -> ZN ^  | INV_X2    | 0.085 |   3.112 |    3.236 | 
     | datapath/FE_RC_824_0                               | A1 ^ -> ZN v | NAND3_X4  | 0.061 |   3.173 |    3.297 | 
     | datapath/FE_RC_816_0                               | A1 v -> ZN ^ | NAND2_X4  | 0.058 |   3.231 |    3.355 | 
     | datapath/branch_or_inc_4/FE_OFC589_IFID_takeBranch | A ^ -> Z ^   | BUF_X8    | 0.134 |   3.365 |    3.489 | 
     | datapath/branch_or_inc_4/g840__2883                | S ^ -> Z v   | MUX2_X1   | 0.232 |   3.597 |    3.721 | 
     | datapath/IF_pc_reg[20]                             | D v          | SDFFR_X1  | 0.000 |   3.597 |    3.721 | 
     +------------------------------------------------------------------------------------------------------------+ 
Path 37: MET Setup Check with Pin datapath/IF_pc_reg[22]/CK 
Endpoint:   datapath/IF_pc_reg[22]/D       (^) checked with  leading edge of 
'clk'
Beginpoint: datapath/IFID_instr_reg[23]/QN (v) triggered by  leading edge of 
'clk'
Path Groups: {reg2reg}
Analysis View: RPT_SLOW
Other End Arrival Time          0.664
- Setup                         0.085
+ Phase Shift                   3.400
+ CPPR Adjustment               0.000
- Uncertainty                   0.100
= Required Time                 3.879
- Arrival Time                  3.754
= Slack Time                    0.125
     Clock Rise Edge                 0.000
     + Clock Network Latency (Prop)  0.663
     = Beginpoint Arrival Time       0.663
     +------------------------------------------------------------------------------------------------------------+ 
     |                      Instance                      |     Arc      |   Cell    | Delay | Arrival | Required | 
     |                                                    |              |           |       |  Time   |   Time   | 
     |----------------------------------------------------+--------------+-----------+-------+---------+----------| 
     | datapath/IFID_instr_reg[23]                        | CK ^         |           |       |   0.663 |    0.788 | 
     | datapath/IFID_instr_reg[23]                        | CK ^ -> QN v | DFFR_X1   | 0.263 |   0.926 |    1.051 | 
     | datapath/FE_OCPC970_n_490                          | A v -> Z v   | BUF_X4    | 0.100 |   1.026 |    1.150 | 
     | datapath/FE_OFC289_n_490                           | A v -> ZN ^  | INV_X2    | 0.051 |   1.077 |    1.202 | 
     | datapath/FE_OFC290_n_490                           | A ^ -> Z ^   | BUF_X2    | 0.109 |   1.186 |    1.311 | 
     | datapath/FE_OFC683_IFID_rs2_3                      | A ^ -> ZN v  | INV_X1    | 0.056 |   1.242 |    1.367 | 
     | datapath/FE_OFC925_FE_OCPN2648_IFID_rs2_3          | A v -> ZN ^  | INV_X1    | 0.121 |   1.363 |    1.487 | 
     | branch_forward/g1294__6131                         | A ^ -> ZN ^  | XNOR2_X1  | 0.147 |   1.510 |    1.635 | 
     | branch_forward/FE_RC_603_0                         | A3 ^ -> ZN ^ | AND3_X2   | 0.190 |   1.700 |    1.825 | 
     | branch_forward/g1269__6161                         | A1 ^ -> ZN v | NOR2_X2   | 0.041 |   1.741 |    1.866 | 
     | datapath/g26836                                    | A1 v -> ZN ^ | NOR2_X2   | 0.084 |   1.825 |    1.949 | 
     | datapath/g26817                                    | A1 ^ -> ZN v | NOR2_X2   | 0.049 |   1.874 |    1.999 | 
     | datapath/FE_OFC773_n_548                           | A v -> Z v   | BUF_X2    | 0.098 |   1.972 |    2.097 | 
     | datapath/g26694                                    | A1 v -> ZN v | AND2_X1   | 0.095 |   2.067 |    2.192 | 
     | datapath/g26542                                    | A v -> ZN ^  | AOI221_X1 | 0.328 |   2.395 |    2.520 | 
     | datapath/FE_OFC162_n_942                           | A ^ -> Z ^   | BUF_X1    | 0.142 |   2.537 |    2.662 | 
     | datapath/FE_OFC275_n_942                           | A ^ -> ZN v  | INV_X1    | 0.028 |   2.565 |    2.690 | 
     | datapath/FE_RC_608_0                               | A2 v -> ZN ^ | NAND2_X1  | 0.059 |   2.624 |    2.748 | 
     | datapath/FE_RC_607_0                               | A1 ^ -> ZN v | AOI22_X1  | 0.044 |   2.668 |    2.793 | 
     | datapath/LT_TC_OP_g787                             | A1 v -> ZN ^ | NOR2_X1   | 0.108 |   2.776 |    2.900 | 
     | datapath/LT_TC_OP_g776                             | A2 ^ -> ZN v | NOR2_X1   | 0.053 |   2.829 |    2.953 | 
     | datapath/LT_TC_OP_g774                             | B1 v -> ZN ^ | OAI21_X2  | 0.105 |   2.934 |    3.059 | 
     | datapath/LT_TC_OP_g773                             | A1 ^ -> ZN v | NAND2_X1  | 0.051 |   2.985 |    3.109 | 
     | datapath/FE_RC_23_0                                | A1 v -> ZN ^ | NAND3_X1  | 0.089 |   3.074 |    3.198 | 
     | datapath/FE_RC_854_0                               | A1 ^ -> ZN v | NAND3_X2  | 0.087 |   3.161 |    3.286 | 
     | datapath/FE_RC_824_0                               | A2 v -> ZN ^ | NAND3_X4  | 0.080 |   3.242 |    3.366 | 
     | datapath/FE_RC_816_0                               | A1 ^ -> ZN v | NAND2_X4  | 0.045 |   3.286 |    3.411 | 
     | datapath/branch_or_inc_4/FE_OFC589_IFID_takeBranch | A v -> Z v   | BUF_X8    | 0.103 |   3.390 |    3.515 | 
     | datapath/branch_or_inc_4/FE_OFC590_IFID_takeBranch | A v -> ZN ^  | INV_X2    | 0.131 |   3.521 |    3.645 | 
     | datapath/branch_or_inc_4/g853__3680                | A2 ^ -> ZN v | NAND2_X1  | 0.064 |   3.584 |    3.709 | 
     | datapath/branch_or_inc_4/g831__7098                | A2 v -> ZN ^ | NAND2_X1  | 0.059 |   3.643 |    3.768 | 
     | datapath/g35964                                    | A ^ -> ZN v  | INV_X1    | 0.024 |   3.667 |    3.792 | 
     | datapath/g35711                                    | B1 v -> ZN ^ | OAI21_X1  | 0.087 |   3.754 |    3.879 | 
     | datapath/IF_pc_reg[22]                             | D ^          | DFFR_X1   | 0.000 |   3.754 |    3.879 | 
     +------------------------------------------------------------------------------------------------------------+ 
Path 38: MET Setup Check with Pin datapath/IF_pc_reg[1]/CK 
Endpoint:   datapath/IF_pc_reg[1]/D        (v) checked with  leading edge of 
'clk'
Beginpoint: datapath/IFID_instr_reg[16]/QN (v) triggered by  leading edge of 
'clk'
Path Groups: {reg2reg}
Analysis View: RPT_SLOW
Other End Arrival Time          0.665
- Setup                         0.241
+ Phase Shift                   3.400
+ CPPR Adjustment               0.000
- Uncertainty                   0.100
= Required Time                 3.724
- Arrival Time                  3.598
= Slack Time                    0.126
     Clock Rise Edge                 0.000
     + Clock Network Latency (Prop)  0.658
     = Beginpoint Arrival Time       0.658
     +------------------------------------------------------------------------------------------------------------+ 
     |                      Instance                      |     Arc      |   Cell    | Delay | Arrival | Required | 
     |                                                    |              |           |       |  Time   |   Time   | 
     |----------------------------------------------------+--------------+-----------+-------+---------+----------| 
     | datapath/IFID_instr_reg[16]                        | CK ^         |           |       |   0.658 |    0.784 | 
     | datapath/IFID_instr_reg[16]                        | CK ^ -> QN v | DFFR_X1   | 0.306 |   0.964 |    1.090 | 
     | datapath/FE_OFC187_n_493                           | A v -> ZN ^  | INV_X4    | 0.107 |   1.071 |    1.197 | 
     | datapath/g520__1666                                | A2 ^ -> ZN v | NAND2_X1  | 0.071 |   1.142 |    1.268 | 
     | datapath/g505__1881                                | A2 v -> ZN ^ | NOR2_X2   | 0.239 |   1.381 |    1.507 | 
     | datapath/g470__2802                                | A1 ^ -> ZN ^ | AND2_X2   | 0.211 |   1.592 |    1.718 | 
     | datapath/FE_OFC792_registers_n_2529                | A ^ -> Z ^   | BUF_X4    | 0.193 |   1.785 |    1.911 | 
     | datapath/g3871                                     | B1 ^ -> ZN v | AOI22_X1  | 0.099 |   1.884 |    2.010 | 
     | datapath/g3455__7410                               | A3 v -> ZN v | AND3_X1   | 0.148 |   2.032 |    2.158 | 
     | datapath/g3408__6783                               | A2 v -> ZN ^ | NAND4_X1  | 0.124 |   2.156 |    2.282 | 
     | datapath/g26652                                    | A1 ^ -> ZN v | NAND2_X1  | 0.060 |   2.216 |    2.342 | 
     | datapath/FE_RC_805_0                               | A1 v -> ZN ^ | NAND2_X1  | 0.082 |   2.298 |    2.424 | 
     | datapath/FE_OFC847_n_1174                          | A ^ -> ZN v  | INV_X1    | 0.041 |   2.339 |    2.465 | 
     | datapath/LT_TC_OP_g834                             | A2 v -> ZN ^ | NOR2_X1   | 0.142 |   2.480 |    2.606 | 
     | datapath/LT_TC_OP_g809                             | A1 ^ -> ZN v | NOR3_X1   | 0.046 |   2.527 |    2.653 | 
     | datapath/LT_TC_OP_g777                             | A v -> ZN ^  | AOI221_X1 | 0.338 |   2.865 |    2.991 | 
     | datapath/LT_TC_OP_g772                             | A ^ -> ZN v  | OAI221_X1 | 0.162 |   3.027 |    3.153 | 
     | datapath/FE_RC_825_0                               | A v -> ZN ^  | INV_X2    | 0.085 |   3.112 |    3.238 | 
     | datapath/FE_RC_824_0                               | A1 ^ -> ZN v | NAND3_X4  | 0.061 |   3.173 |    3.299 | 
     | datapath/FE_RC_816_0                               | A1 v -> ZN ^ | NAND2_X4  | 0.058 |   3.231 |    3.357 | 
     | datapath/branch_or_inc_4/FE_OFC589_IFID_takeBranch | A ^ -> Z ^   | BUF_X8    | 0.134 |   3.365 |    3.491 | 
     | datapath/branch_or_inc_4/g826__1617                | S ^ -> Z v   | MUX2_X1   | 0.234 |   3.598 |    3.724 | 
     | datapath/IF_pc_reg[1]                              | D v          | SDFFR_X1  | 0.000 |   3.598 |    3.724 | 
     +------------------------------------------------------------------------------------------------------------+ 
Path 39: MET Setup Check with Pin datapath/IFID_instr_reg[23]/CK 
Endpoint:   datapath/IFID_instr_reg[23]/D  (v) checked with  leading edge of 
'clk'
Beginpoint: datapath/IFID_instr_reg[16]/QN (v) triggered by  leading edge of 
'clk'
Path Groups: {reg2reg}
Analysis View: RPT_SLOW
Other End Arrival Time          0.663
- Setup                         0.144
+ Phase Shift                   3.400
+ CPPR Adjustment               0.000
- Uncertainty                   0.100
= Required Time                 3.819
- Arrival Time                  3.692
= Slack Time                    0.127
     Clock Rise Edge                 0.000
     + Clock Network Latency (Prop)  0.658
     = Beginpoint Arrival Time       0.658
     +---------------------------------------------------------------------------------------------+ 
     |              Instance               |     Arc      |   Cell    | Delay | Arrival | Required | 
     |                                     |              |           |       |  Time   |   Time   | 
     |-------------------------------------+--------------+-----------+-------+---------+----------| 
     | datapath/IFID_instr_reg[16]         | CK ^         |           |       |   0.658 |    0.786 | 
     | datapath/IFID_instr_reg[16]         | CK ^ -> QN v | DFFR_X1   | 0.306 |   0.964 |    1.091 | 
     | datapath/FE_OFC187_n_493            | A v -> ZN ^  | INV_X4    | 0.107 |   1.071 |    1.198 | 
     | datapath/g520__1666                 | A2 ^ -> ZN v | NAND2_X1  | 0.071 |   1.142 |    1.269 | 
     | datapath/g505__1881                 | A2 v -> ZN ^ | NOR2_X2   | 0.239 |   1.381 |    1.508 | 
     | datapath/g470__2802                 | A1 ^ -> ZN ^ | AND2_X2   | 0.211 |   1.592 |    1.720 | 
     | datapath/FE_OFC792_registers_n_2529 | A ^ -> Z ^   | BUF_X4    | 0.193 |   1.785 |    1.913 | 
     | datapath/g3871                      | B1 ^ -> ZN v | AOI22_X1  | 0.099 |   1.884 |    2.011 | 
     | datapath/g3455__7410                | A3 v -> ZN v | AND3_X1   | 0.148 |   2.032 |    2.159 | 
     | datapath/g3408__6783                | A2 v -> ZN ^ | NAND4_X1  | 0.124 |   2.156 |    2.283 | 
     | datapath/g26652                     | A1 ^ -> ZN v | NAND2_X1  | 0.060 |   2.216 |    2.343 | 
     | datapath/FE_RC_805_0                | A1 v -> ZN ^ | NAND2_X1  | 0.082 |   2.298 |    2.425 | 
     | datapath/FE_OFC847_n_1174           | A ^ -> ZN v  | INV_X1    | 0.041 |   2.339 |    2.466 | 
     | datapath/LT_TC_OP_g834              | A2 v -> ZN ^ | NOR2_X1   | 0.142 |   2.480 |    2.608 | 
     | datapath/LT_TC_OP_g809              | A1 ^ -> ZN v | NOR3_X1   | 0.046 |   2.527 |    2.654 | 
     | datapath/LT_TC_OP_g777              | A v -> ZN ^  | AOI221_X1 | 0.338 |   2.865 |    2.992 | 
     | datapath/LT_TC_OP_g772              | A ^ -> ZN v  | OAI221_X1 | 0.162 |   3.027 |    3.155 | 
     | datapath/FE_RC_825_0                | A v -> ZN ^  | INV_X2    | 0.085 |   3.112 |    3.240 | 
     | datapath/FE_RC_824_0                | A1 ^ -> ZN v | NAND3_X4  | 0.061 |   3.173 |    3.300 | 
     | datapath/FE_RC_816_0                | A1 v -> ZN ^ | NAND2_X4  | 0.058 |   3.231 |    3.358 | 
     | g1054                               | A1 ^ -> ZN ^ | AND2_X2   | 0.132 |   3.363 |    3.490 | 
     | datapath/FE_OFC841_IFID_flush       | A ^ -> Z ^   | CLKBUF_X3 | 0.273 |   3.636 |    3.763 | 
     | datapath/g35588                     | A1 ^ -> ZN v | NOR2_X1   | 0.056 |   3.692 |    3.819 | 
     | datapath/IFID_instr_reg[23]         | D v          | DFFR_X1   | 0.000 |   3.692 |    3.819 | 
     +---------------------------------------------------------------------------------------------+ 
Path 40: MET Setup Check with Pin datapath/IF_pc_reg[3]/CK 
Endpoint:   datapath/IF_pc_reg[3]/D        (v) checked with  leading edge of 
'clk'
Beginpoint: datapath/IFID_instr_reg[16]/QN (v) triggered by  leading edge of 
'clk'
Path Groups: {reg2reg}
Analysis View: RPT_SLOW
Other End Arrival Time          0.665
- Setup                         0.235
+ Phase Shift                   3.400
+ CPPR Adjustment               0.000
- Uncertainty                   0.100
= Required Time                 3.730
- Arrival Time                  3.601
= Slack Time                    0.129
     Clock Rise Edge                 0.000
     + Clock Network Latency (Prop)  0.658
     = Beginpoint Arrival Time       0.658
     +------------------------------------------------------------------------------------------------------------+ 
     |                      Instance                      |     Arc      |   Cell    | Delay | Arrival | Required | 
     |                                                    |              |           |       |  Time   |   Time   | 
     |----------------------------------------------------+--------------+-----------+-------+---------+----------| 
     | datapath/IFID_instr_reg[16]                        | CK ^         |           |       |   0.658 |    0.787 | 
     | datapath/IFID_instr_reg[16]                        | CK ^ -> QN v | DFFR_X1   | 0.306 |   0.964 |    1.093 | 
     | datapath/FE_OFC187_n_493                           | A v -> ZN ^  | INV_X4    | 0.107 |   1.071 |    1.200 | 
     | datapath/g520__1666                                | A2 ^ -> ZN v | NAND2_X1  | 0.071 |   1.142 |    1.270 | 
     | datapath/g505__1881                                | A2 v -> ZN ^ | NOR2_X2   | 0.239 |   1.381 |    1.510 | 
     | datapath/g470__2802                                | A1 ^ -> ZN ^ | AND2_X2   | 0.211 |   1.592 |    1.721 | 
     | datapath/FE_OFC792_registers_n_2529                | A ^ -> Z ^   | BUF_X4    | 0.193 |   1.786 |    1.914 | 
     | datapath/g3871                                     | B1 ^ -> ZN v | AOI22_X1  | 0.099 |   1.884 |    2.013 | 
     | datapath/g3455__7410                               | A3 v -> ZN v | AND3_X1   | 0.148 |   2.032 |    2.161 | 
     | datapath/g3408__6783                               | A2 v -> ZN ^ | NAND4_X1  | 0.124 |   2.156 |    2.284 | 
     | datapath/g26652                                    | A1 ^ -> ZN v | NAND2_X1  | 0.060 |   2.216 |    2.345 | 
     | datapath/FE_RC_805_0                               | A1 v -> ZN ^ | NAND2_X1  | 0.082 |   2.298 |    2.427 | 
     | datapath/FE_OFC847_n_1174                          | A ^ -> ZN v  | INV_X1    | 0.041 |   2.339 |    2.468 | 
     | datapath/LT_TC_OP_g834                             | A2 v -> ZN ^ | NOR2_X1   | 0.142 |   2.480 |    2.609 | 
     | datapath/LT_TC_OP_g809                             | A1 ^ -> ZN v | NOR3_X1   | 0.046 |   2.527 |    2.656 | 
     | datapath/LT_TC_OP_g777                             | A v -> ZN ^  | AOI221_X1 | 0.338 |   2.865 |    2.994 | 
     | datapath/LT_TC_OP_g772                             | A ^ -> ZN v  | OAI221_X1 | 0.162 |   3.027 |    3.156 | 
     | datapath/FE_RC_825_0                               | A v -> ZN ^  | INV_X2    | 0.085 |   3.112 |    3.241 | 
     | datapath/FE_RC_824_0                               | A1 ^ -> ZN v | NAND3_X4  | 0.061 |   3.173 |    3.302 | 
     | datapath/FE_RC_816_0                               | A1 v -> ZN ^ | NAND2_X4  | 0.058 |   3.231 |    3.360 | 
     | datapath/branch_or_inc_4/FE_OFC589_IFID_takeBranch | A ^ -> Z ^   | BUF_X8    | 0.134 |   3.365 |    3.494 | 
     | datapath/branch_or_inc_4/g821__4319                | S ^ -> Z v   | MUX2_X1   | 0.236 |   3.601 |    3.730 | 
     | datapath/IF_pc_reg[3]                              | D v          | SDFFR_X2  | 0.000 |   3.601 |    3.730 | 
     +------------------------------------------------------------------------------------------------------------+ 
Path 41: MET Setup Check with Pin datapath/IFID_instr_reg[12]/CK 
Endpoint:   datapath/IFID_instr_reg[12]/D  (^) checked with  leading edge of 
'clk'
Beginpoint: datapath/IFID_instr_reg[23]/QN (v) triggered by  leading edge of 
'clk'
Path Groups: {reg2reg}
Analysis View: RPT_SLOW
Other End Arrival Time          0.664
- Setup                         0.085
+ Phase Shift                   3.400
+ CPPR Adjustment               0.000
- Uncertainty                   0.100
= Required Time                 3.879
- Arrival Time                  3.749
= Slack Time                    0.130
     Clock Rise Edge                 0.000
     + Clock Network Latency (Prop)  0.663
     = Beginpoint Arrival Time       0.663
     +---------------------------------------------------------------------------------------------------+ 
     |                 Instance                  |     Arc      |   Cell    | Delay | Arrival | Required | 
     |                                           |              |           |       |  Time   |   Time   | 
     |-------------------------------------------+--------------+-----------+-------+---------+----------| 
     | datapath/IFID_instr_reg[23]               | CK ^         |           |       |   0.663 |    0.793 | 
     | datapath/IFID_instr_reg[23]               | CK ^ -> QN v | DFFR_X1   | 0.263 |   0.926 |    1.056 | 
     | datapath/FE_OCPC970_n_490                 | A v -> Z v   | BUF_X4    | 0.100 |   1.026 |    1.156 | 
     | datapath/FE_OFC289_n_490                  | A v -> ZN ^  | INV_X2    | 0.051 |   1.077 |    1.207 | 
     | datapath/FE_OFC290_n_490                  | A ^ -> Z ^   | BUF_X2    | 0.109 |   1.186 |    1.316 | 
     | datapath/FE_OFC683_IFID_rs2_3             | A ^ -> ZN v  | INV_X1    | 0.056 |   1.242 |    1.372 | 
     | datapath/FE_OFC925_FE_OCPN2648_IFID_rs2_3 | A v -> ZN ^  | INV_X1    | 0.121 |   1.363 |    1.493 | 
     | branch_forward/g1294__6131                | A ^ -> ZN ^  | XNOR2_X1  | 0.147 |   1.510 |    1.640 | 
     | branch_forward/FE_RC_603_0                | A3 ^ -> ZN ^ | AND3_X2   | 0.190 |   1.700 |    1.830 | 
     | branch_forward/g1269__6161                | A1 ^ -> ZN v | NOR2_X2   | 0.041 |   1.741 |    1.871 | 
     | datapath/g26836                           | A1 v -> ZN ^ | NOR2_X2   | 0.084 |   1.825 |    1.955 | 
     | datapath/g26817                           | A1 ^ -> ZN v | NOR2_X2   | 0.049 |   1.874 |    2.004 | 
     | datapath/FE_OFC773_n_548                  | A v -> Z v   | BUF_X2    | 0.098 |   1.972 |    2.102 | 
     | datapath/g26694                           | A1 v -> ZN v | AND2_X1   | 0.095 |   2.067 |    2.197 | 
     | datapath/g26542                           | A v -> ZN ^  | AOI221_X1 | 0.328 |   2.395 |    2.525 | 
     | datapath/FE_OFC162_n_942                  | A ^ -> Z ^   | BUF_X1    | 0.142 |   2.537 |    2.667 | 
     | datapath/FE_OFC275_n_942                  | A ^ -> ZN v  | INV_X1    | 0.028 |   2.565 |    2.695 | 
     | datapath/FE_RC_608_0                      | A2 v -> ZN ^ | NAND2_X1  | 0.059 |   2.624 |    2.754 | 
     | datapath/FE_RC_607_0                      | A1 ^ -> ZN v | AOI22_X1  | 0.044 |   2.668 |    2.798 | 
     | datapath/LT_TC_OP_g787                    | A1 v -> ZN ^ | NOR2_X1   | 0.108 |   2.776 |    2.906 | 
     | datapath/LT_TC_OP_g776                    | A2 ^ -> ZN v | NOR2_X1   | 0.053 |   2.829 |    2.959 | 
     | datapath/LT_TC_OP_g774                    | B1 v -> ZN ^ | OAI21_X2  | 0.105 |   2.934 |    3.064 | 
     | datapath/LT_TC_OP_g773                    | A1 ^ -> ZN v | NAND2_X1  | 0.051 |   2.985 |    3.115 | 
     | datapath/FE_RC_23_0                       | A1 v -> ZN ^ | NAND3_X1  | 0.089 |   3.074 |    3.204 | 
     | datapath/FE_RC_854_0                      | A1 ^ -> ZN v | NAND3_X2  | 0.087 |   3.161 |    3.291 | 
     | datapath/FE_RC_824_0                      | A2 v -> ZN ^ | NAND3_X4  | 0.080 |   3.242 |    3.372 | 
     | datapath/FE_RC_816_0                      | A1 ^ -> ZN v | NAND2_X4  | 0.045 |   3.286 |    3.417 | 
     | g1054                                     | A1 v -> ZN v | AND2_X2   | 0.106 |   3.393 |    3.523 | 
     | datapath/FE_OFC841_IFID_flush             | A v -> Z v   | CLKBUF_X3 | 0.213 |   3.606 |    3.736 | 
     | datapath/g35574                           | A1 v -> ZN ^ | NOR2_X1   | 0.143 |   3.749 |    3.879 | 
     | datapath/IFID_instr_reg[12]               | D ^          | DFFR_X1   | 0.000 |   3.749 |    3.879 | 
     +---------------------------------------------------------------------------------------------------+ 
Path 42: MET Setup Check with Pin datapath/IFID_instr_reg[5]/CK 
Endpoint:   datapath/IFID_instr_reg[5]/D   (^) checked with  leading edge of 
'clk'
Beginpoint: datapath/IFID_instr_reg[23]/QN (v) triggered by  leading edge of 
'clk'
Path Groups: {reg2reg}
Analysis View: RPT_SLOW
Other End Arrival Time          0.665
- Setup                         0.085
+ Phase Shift                   3.400
+ CPPR Adjustment               0.000
- Uncertainty                   0.100
= Required Time                 3.880
- Arrival Time                  3.748
= Slack Time                    0.132
     Clock Rise Edge                 0.000
     + Clock Network Latency (Prop)  0.663
     = Beginpoint Arrival Time       0.663
     +---------------------------------------------------------------------------------------------------+ 
     |                 Instance                  |     Arc      |   Cell    | Delay | Arrival | Required | 
     |                                           |              |           |       |  Time   |   Time   | 
     |-------------------------------------------+--------------+-----------+-------+---------+----------| 
     | datapath/IFID_instr_reg[23]               | CK ^         |           |       |   0.663 |    0.795 | 
     | datapath/IFID_instr_reg[23]               | CK ^ -> QN v | DFFR_X1   | 0.263 |   0.926 |    1.058 | 
     | datapath/FE_OCPC970_n_490                 | A v -> Z v   | BUF_X4    | 0.100 |   1.026 |    1.157 | 
     | datapath/FE_OFC289_n_490                  | A v -> ZN ^  | INV_X2    | 0.051 |   1.077 |    1.209 | 
     | datapath/FE_OFC290_n_490                  | A ^ -> Z ^   | BUF_X2    | 0.109 |   1.186 |    1.318 | 
     | datapath/FE_OFC683_IFID_rs2_3             | A ^ -> ZN v  | INV_X1    | 0.056 |   1.242 |    1.374 | 
     | datapath/FE_OFC925_FE_OCPN2648_IFID_rs2_3 | A v -> ZN ^  | INV_X1    | 0.121 |   1.363 |    1.494 | 
     | branch_forward/g1294__6131                | A ^ -> ZN ^  | XNOR2_X1  | 0.147 |   1.510 |    1.642 | 
     | branch_forward/FE_RC_603_0                | A3 ^ -> ZN ^ | AND3_X2   | 0.190 |   1.700 |    1.832 | 
     | branch_forward/g1269__6161                | A1 ^ -> ZN v | NOR2_X2   | 0.041 |   1.741 |    1.873 | 
     | datapath/g26836                           | A1 v -> ZN ^ | NOR2_X2   | 0.084 |   1.825 |    1.956 | 
     | datapath/g26817                           | A1 ^ -> ZN v | NOR2_X2   | 0.049 |   1.874 |    2.006 | 
     | datapath/FE_OFC773_n_548                  | A v -> Z v   | BUF_X2    | 0.098 |   1.972 |    2.104 | 
     | datapath/g26694                           | A1 v -> ZN v | AND2_X1   | 0.095 |   2.067 |    2.199 | 
     | datapath/g26542                           | A v -> ZN ^  | AOI221_X1 | 0.328 |   2.395 |    2.527 | 
     | datapath/FE_OFC162_n_942                  | A ^ -> Z ^   | BUF_X1    | 0.142 |   2.537 |    2.669 | 
     | datapath/FE_OFC275_n_942                  | A ^ -> ZN v  | INV_X1    | 0.028 |   2.565 |    2.697 | 
     | datapath/FE_RC_608_0                      | A2 v -> ZN ^ | NAND2_X1  | 0.059 |   2.624 |    2.755 | 
     | datapath/FE_RC_607_0                      | A1 ^ -> ZN v | AOI22_X1  | 0.044 |   2.668 |    2.800 | 
     | datapath/LT_TC_OP_g787                    | A1 v -> ZN ^ | NOR2_X1   | 0.108 |   2.776 |    2.907 | 
     | datapath/LT_TC_OP_g776                    | A2 ^ -> ZN v | NOR2_X1   | 0.053 |   2.829 |    2.960 | 
     | datapath/LT_TC_OP_g774                    | B1 v -> ZN ^ | OAI21_X2  | 0.105 |   2.934 |    3.066 | 
     | datapath/LT_TC_OP_g773                    | A1 ^ -> ZN v | NAND2_X1  | 0.051 |   2.985 |    3.116 | 
     | datapath/FE_RC_23_0                       | A1 v -> ZN ^ | NAND3_X1  | 0.089 |   3.074 |    3.205 | 
     | datapath/FE_RC_854_0                      | A1 ^ -> ZN v | NAND3_X2  | 0.087 |   3.161 |    3.293 | 
     | datapath/FE_RC_824_0                      | A2 v -> ZN ^ | NAND3_X4  | 0.080 |   3.242 |    3.373 | 
     | datapath/FE_RC_816_0                      | A1 ^ -> ZN v | NAND2_X4  | 0.045 |   3.286 |    3.418 | 
     | g1054                                     | A1 v -> ZN v | AND2_X2   | 0.106 |   3.393 |    3.524 | 
     | datapath/FE_OFC841_IFID_flush             | A v -> Z v   | CLKBUF_X3 | 0.213 |   3.606 |    3.737 | 
     | datapath/g35586                           | A1 v -> ZN ^ | NOR2_X1   | 0.142 |   3.748 |    3.880 | 
     | datapath/IFID_instr_reg[5]                | D ^          | DFFR_X1   | 0.000 |   3.748 |    3.880 | 
     +---------------------------------------------------------------------------------------------------+ 
Path 43: MET Setup Check with Pin datapath/IFID_instr_reg[22]/CK 
Endpoint:   datapath/IFID_instr_reg[22]/D  (v) checked with  leading edge of 
'clk'
Beginpoint: datapath/IFID_instr_reg[16]/QN (v) triggered by  leading edge of 
'clk'
Path Groups: {reg2reg}
Analysis View: RPT_SLOW
Other End Arrival Time          0.663
- Setup                         0.143
+ Phase Shift                   3.400
+ CPPR Adjustment               0.000
- Uncertainty                   0.100
= Required Time                 3.819
- Arrival Time                  3.688
= Slack Time                    0.132
     Clock Rise Edge                 0.000
     + Clock Network Latency (Prop)  0.658
     = Beginpoint Arrival Time       0.658
     +---------------------------------------------------------------------------------------------+ 
     |              Instance               |     Arc      |   Cell    | Delay | Arrival | Required | 
     |                                     |              |           |       |  Time   |   Time   | 
     |-------------------------------------+--------------+-----------+-------+---------+----------| 
     | datapath/IFID_instr_reg[16]         | CK ^         |           |       |   0.658 |    0.790 | 
     | datapath/IFID_instr_reg[16]         | CK ^ -> QN v | DFFR_X1   | 0.306 |   0.964 |    1.096 | 
     | datapath/FE_OFC187_n_493            | A v -> ZN ^  | INV_X4    | 0.107 |   1.071 |    1.203 | 
     | datapath/g520__1666                 | A2 ^ -> ZN v | NAND2_X1  | 0.071 |   1.142 |    1.273 | 
     | datapath/g505__1881                 | A2 v -> ZN ^ | NOR2_X2   | 0.239 |   1.381 |    1.513 | 
     | datapath/g470__2802                 | A1 ^ -> ZN ^ | AND2_X2   | 0.211 |   1.592 |    1.724 | 
     | datapath/FE_OFC792_registers_n_2529 | A ^ -> Z ^   | BUF_X4    | 0.193 |   1.786 |    1.917 | 
     | datapath/g3871                      | B1 ^ -> ZN v | AOI22_X1  | 0.099 |   1.884 |    2.016 | 
     | datapath/g3455__7410                | A3 v -> ZN v | AND3_X1   | 0.148 |   2.032 |    2.164 | 
     | datapath/g3408__6783                | A2 v -> ZN ^ | NAND4_X1  | 0.124 |   2.156 |    2.287 | 
     | datapath/g26652                     | A1 ^ -> ZN v | NAND2_X1  | 0.060 |   2.216 |    2.348 | 
     | datapath/FE_RC_805_0                | A1 v -> ZN ^ | NAND2_X1  | 0.082 |   2.298 |    2.430 | 
     | datapath/FE_OFC847_n_1174           | A ^ -> ZN v  | INV_X1    | 0.041 |   2.339 |    2.471 | 
     | datapath/LT_TC_OP_g834              | A2 v -> ZN ^ | NOR2_X1   | 0.142 |   2.480 |    2.612 | 
     | datapath/LT_TC_OP_g809              | A1 ^ -> ZN v | NOR3_X1   | 0.046 |   2.527 |    2.659 | 
     | datapath/LT_TC_OP_g777              | A v -> ZN ^  | AOI221_X1 | 0.338 |   2.865 |    2.997 | 
     | datapath/LT_TC_OP_g772              | A ^ -> ZN v  | OAI221_X1 | 0.162 |   3.027 |    3.159 | 
     | datapath/FE_RC_825_0                | A v -> ZN ^  | INV_X2    | 0.085 |   3.112 |    3.244 | 
     | datapath/FE_RC_824_0                | A1 ^ -> ZN v | NAND3_X4  | 0.061 |   3.173 |    3.305 | 
     | datapath/FE_RC_816_0                | A1 v -> ZN ^ | NAND2_X4  | 0.058 |   3.231 |    3.363 | 
     | g1054                               | A1 ^ -> ZN ^ | AND2_X2   | 0.132 |   3.363 |    3.494 | 
     | datapath/FE_OFC841_IFID_flush       | A ^ -> Z ^   | CLKBUF_X3 | 0.273 |   3.636 |    3.768 | 
     | datapath/g35570                     | A1 ^ -> ZN v | NOR2_X1   | 0.052 |   3.688 |    3.819 | 
     | datapath/IFID_instr_reg[22]         | D v          | DFFR_X1   | 0.000 |   3.688 |    3.819 | 
     +---------------------------------------------------------------------------------------------+ 
Path 44: MET Setup Check with Pin datapath/IFID_instr_reg[15]/CK 
Endpoint:   datapath/IFID_instr_reg[15]/D  (v) checked with  leading edge of 
'clk'
Beginpoint: datapath/IFID_instr_reg[16]/QN (v) triggered by  leading edge of 
'clk'
Path Groups: {reg2reg}
Analysis View: RPT_SLOW
Other End Arrival Time          0.663
- Setup                         0.143
+ Phase Shift                   3.400
+ CPPR Adjustment               0.000
- Uncertainty                   0.100
= Required Time                 3.820
- Arrival Time                  3.687
= Slack Time                    0.132
     Clock Rise Edge                 0.000
     + Clock Network Latency (Prop)  0.658
     = Beginpoint Arrival Time       0.658
     +---------------------------------------------------------------------------------------------+ 
     |              Instance               |     Arc      |   Cell    | Delay | Arrival | Required | 
     |                                     |              |           |       |  Time   |   Time   | 
     |-------------------------------------+--------------+-----------+-------+---------+----------| 
     | datapath/IFID_instr_reg[16]         | CK ^         |           |       |   0.658 |    0.790 | 
     | datapath/IFID_instr_reg[16]         | CK ^ -> QN v | DFFR_X1   | 0.306 |   0.964 |    1.096 | 
     | datapath/FE_OFC187_n_493            | A v -> ZN ^  | INV_X4    | 0.107 |   1.071 |    1.203 | 
     | datapath/g520__1666                 | A2 ^ -> ZN v | NAND2_X1  | 0.071 |   1.142 |    1.274 | 
     | datapath/g505__1881                 | A2 v -> ZN ^ | NOR2_X2   | 0.239 |   1.381 |    1.513 | 
     | datapath/g470__2802                 | A1 ^ -> ZN ^ | AND2_X2   | 0.211 |   1.592 |    1.724 | 
     | datapath/FE_OFC792_registers_n_2529 | A ^ -> Z ^   | BUF_X4    | 0.193 |   1.786 |    1.918 | 
     | datapath/g3871                      | B1 ^ -> ZN v | AOI22_X1  | 0.099 |   1.884 |    2.016 | 
     | datapath/g3455__7410                | A3 v -> ZN v | AND3_X1   | 0.148 |   2.032 |    2.164 | 
     | datapath/g3408__6783                | A2 v -> ZN ^ | NAND4_X1  | 0.124 |   2.156 |    2.288 | 
     | datapath/g26652                     | A1 ^ -> ZN v | NAND2_X1  | 0.060 |   2.216 |    2.348 | 
     | datapath/FE_RC_805_0                | A1 v -> ZN ^ | NAND2_X1  | 0.082 |   2.298 |    2.430 | 
     | datapath/FE_OFC847_n_1174           | A ^ -> ZN v  | INV_X1    | 0.041 |   2.339 |    2.471 | 
     | datapath/LT_TC_OP_g834              | A2 v -> ZN ^ | NOR2_X1   | 0.142 |   2.480 |    2.613 | 
     | datapath/LT_TC_OP_g809              | A1 ^ -> ZN v | NOR3_X1   | 0.046 |   2.527 |    2.659 | 
     | datapath/LT_TC_OP_g777              | A v -> ZN ^  | AOI221_X1 | 0.338 |   2.865 |    2.997 | 
     | datapath/LT_TC_OP_g772              | A ^ -> ZN v  | OAI221_X1 | 0.162 |   3.027 |    3.159 | 
     | datapath/FE_RC_825_0                | A v -> ZN ^  | INV_X2    | 0.085 |   3.112 |    3.244 | 
     | datapath/FE_RC_824_0                | A1 ^ -> ZN v | NAND3_X4  | 0.061 |   3.173 |    3.305 | 
     | datapath/FE_RC_816_0                | A1 v -> ZN ^ | NAND2_X4  | 0.058 |   3.231 |    3.363 | 
     | g1054                               | A1 ^ -> ZN ^ | AND2_X2   | 0.132 |   3.363 |    3.495 | 
     | datapath/FE_OFC841_IFID_flush       | A ^ -> Z ^   | CLKBUF_X3 | 0.273 |   3.636 |    3.768 | 
     | datapath/g35578                     | A1 ^ -> ZN v | NOR2_X1   | 0.052 |   3.687 |    3.820 | 
     | datapath/IFID_instr_reg[15]         | D v          | DFFR_X1   | 0.000 |   3.687 |    3.820 | 
     +---------------------------------------------------------------------------------------------+ 
Path 45: MET Setup Check with Pin datapath/IF_pc_reg[2]/CK 
Endpoint:   datapath/IF_pc_reg[2]/D        (v) checked with  leading edge of 
'clk'
Beginpoint: datapath/IFID_instr_reg[16]/QN (v) triggered by  leading edge of 
'clk'
Path Groups: {reg2reg}
Analysis View: RPT_SLOW
Other End Arrival Time          0.665
- Setup                         0.234
+ Phase Shift                   3.400
+ CPPR Adjustment               0.000
- Uncertainty                   0.100
= Required Time                 3.731
- Arrival Time                  3.598
= Slack Time                    0.133
     Clock Rise Edge                 0.000
     + Clock Network Latency (Prop)  0.658
     = Beginpoint Arrival Time       0.658
     +------------------------------------------------------------------------------------------------------------+ 
     |                      Instance                      |     Arc      |   Cell    | Delay | Arrival | Required | 
     |                                                    |              |           |       |  Time   |   Time   | 
     |----------------------------------------------------+--------------+-----------+-------+---------+----------| 
     | datapath/IFID_instr_reg[16]                        | CK ^         |           |       |   0.658 |    0.791 | 
     | datapath/IFID_instr_reg[16]                        | CK ^ -> QN v | DFFR_X1   | 0.306 |   0.964 |    1.096 | 
     | datapath/FE_OFC187_n_493                           | A v -> ZN ^  | INV_X4    | 0.107 |   1.071 |    1.203 | 
     | datapath/g520__1666                                | A2 ^ -> ZN v | NAND2_X1  | 0.071 |   1.142 |    1.274 | 
     | datapath/g505__1881                                | A2 v -> ZN ^ | NOR2_X2   | 0.239 |   1.381 |    1.513 | 
     | datapath/g470__2802                                | A1 ^ -> ZN ^ | AND2_X2   | 0.211 |   1.592 |    1.725 | 
     | datapath/FE_OFC792_registers_n_2529                | A ^ -> Z ^   | BUF_X4    | 0.193 |   1.786 |    1.918 | 
     | datapath/g3871                                     | B1 ^ -> ZN v | AOI22_X1  | 0.099 |   1.884 |    2.017 | 
     | datapath/g3455__7410                               | A3 v -> ZN v | AND3_X1   | 0.148 |   2.032 |    2.164 | 
     | datapath/g3408__6783                               | A2 v -> ZN ^ | NAND4_X1  | 0.124 |   2.156 |    2.288 | 
     | datapath/g26652                                    | A1 ^ -> ZN v | NAND2_X1  | 0.060 |   2.216 |    2.348 | 
     | datapath/FE_RC_805_0                               | A1 v -> ZN ^ | NAND2_X1  | 0.082 |   2.298 |    2.430 | 
     | datapath/FE_OFC847_n_1174                          | A ^ -> ZN v  | INV_X1    | 0.041 |   2.339 |    2.471 | 
     | datapath/LT_TC_OP_g834                             | A2 v -> ZN ^ | NOR2_X1   | 0.142 |   2.480 |    2.613 | 
     | datapath/LT_TC_OP_g809                             | A1 ^ -> ZN v | NOR3_X1   | 0.046 |   2.527 |    2.660 | 
     | datapath/LT_TC_OP_g777                             | A v -> ZN ^  | AOI221_X1 | 0.338 |   2.865 |    2.997 | 
     | datapath/LT_TC_OP_g772                             | A ^ -> ZN v  | OAI221_X1 | 0.162 |   3.027 |    3.160 | 
     | datapath/FE_RC_825_0                               | A v -> ZN ^  | INV_X2    | 0.085 |   3.112 |    3.245 | 
     | datapath/FE_RC_824_0                               | A1 ^ -> ZN v | NAND3_X4  | 0.061 |   3.173 |    3.305 | 
     | datapath/FE_RC_816_0                               | A1 v -> ZN ^ | NAND2_X4  | 0.058 |   3.231 |    3.364 | 
     | datapath/branch_or_inc_4/FE_OFC589_IFID_takeBranch | A ^ -> Z ^   | BUF_X8    | 0.134 |   3.365 |    3.497 | 
     | datapath/branch_or_inc_4/g824__6783                | S ^ -> Z v   | MUX2_X1   | 0.233 |   3.598 |    3.731 | 
     | datapath/IF_pc_reg[2]                              | D v          | SDFFR_X2  | 0.000 |   3.598 |    3.731 | 
     +------------------------------------------------------------------------------------------------------------+ 
Path 46: MET Setup Check with Pin datapath/IFID_instr_reg[11]/CK 
Endpoint:   datapath/IFID_instr_reg[11]/D  (v) checked with  leading edge of 
'clk'
Beginpoint: datapath/IFID_instr_reg[16]/QN (v) triggered by  leading edge of 
'clk'
Path Groups: {reg2reg}
Analysis View: RPT_SLOW
Other End Arrival Time          0.665
- Setup                         0.139
+ Phase Shift                   3.400
+ CPPR Adjustment               0.000
- Uncertainty                   0.100
= Required Time                 3.826
- Arrival Time                  3.693
= Slack Time                    0.133
     Clock Rise Edge                 0.000
     + Clock Network Latency (Prop)  0.658
     = Beginpoint Arrival Time       0.658
     +---------------------------------------------------------------------------------------------+ 
     |              Instance               |     Arc      |   Cell    | Delay | Arrival | Required | 
     |                                     |              |           |       |  Time   |   Time   | 
     |-------------------------------------+--------------+-----------+-------+---------+----------| 
     | datapath/IFID_instr_reg[16]         | CK ^         |           |       |   0.658 |    0.791 | 
     | datapath/IFID_instr_reg[16]         | CK ^ -> QN v | DFFR_X1   | 0.306 |   0.964 |    1.097 | 
     | datapath/FE_OFC187_n_493            | A v -> ZN ^  | INV_X4    | 0.107 |   1.071 |    1.204 | 
     | datapath/g520__1666                 | A2 ^ -> ZN v | NAND2_X1  | 0.071 |   1.142 |    1.274 | 
     | datapath/g505__1881                 | A2 v -> ZN ^ | NOR2_X2   | 0.239 |   1.381 |    1.514 | 
     | datapath/g470__2802                 | A1 ^ -> ZN ^ | AND2_X2   | 0.211 |   1.592 |    1.725 | 
     | datapath/FE_OFC792_registers_n_2529 | A ^ -> Z ^   | BUF_X4    | 0.193 |   1.785 |    1.918 | 
     | datapath/g3871                      | B1 ^ -> ZN v | AOI22_X1  | 0.099 |   1.884 |    2.017 | 
     | datapath/g3455__7410                | A3 v -> ZN v | AND3_X1   | 0.148 |   2.032 |    2.165 | 
     | datapath/g3408__6783                | A2 v -> ZN ^ | NAND4_X1  | 0.124 |   2.156 |    2.288 | 
     | datapath/g26652                     | A1 ^ -> ZN v | NAND2_X1  | 0.060 |   2.216 |    2.349 | 
     | datapath/FE_RC_805_0                | A1 v -> ZN ^ | NAND2_X1  | 0.082 |   2.298 |    2.431 | 
     | datapath/FE_OFC847_n_1174           | A ^ -> ZN v  | INV_X1    | 0.041 |   2.339 |    2.472 | 
     | datapath/LT_TC_OP_g834              | A2 v -> ZN ^ | NOR2_X1   | 0.142 |   2.480 |    2.613 | 
     | datapath/LT_TC_OP_g809              | A1 ^ -> ZN v | NOR3_X1   | 0.046 |   2.527 |    2.660 | 
     | datapath/LT_TC_OP_g777              | A v -> ZN ^  | AOI221_X1 | 0.338 |   2.865 |    2.998 | 
     | datapath/LT_TC_OP_g772              | A ^ -> ZN v  | OAI221_X1 | 0.162 |   3.027 |    3.160 | 
     | datapath/FE_RC_825_0                | A v -> ZN ^  | INV_X2    | 0.085 |   3.112 |    3.245 | 
     | datapath/FE_RC_824_0                | A1 ^ -> ZN v | NAND3_X4  | 0.061 |   3.173 |    3.306 | 
     | datapath/FE_RC_816_0                | A1 v -> ZN ^ | NAND2_X4  | 0.058 |   3.231 |    3.364 | 
     | g1054                               | A1 ^ -> ZN ^ | AND2_X2   | 0.132 |   3.363 |    3.495 | 
     | datapath/FE_OFC841_IFID_flush       | A ^ -> Z ^   | CLKBUF_X3 | 0.273 |   3.636 |    3.769 | 
     | datapath/g35575                     | A1 ^ -> ZN v | NOR2_X1   | 0.057 |   3.693 |    3.826 | 
     | datapath/IFID_instr_reg[11]         | D v          | DFFR_X1   | 0.000 |   3.693 |    3.826 | 
     +---------------------------------------------------------------------------------------------+ 
Path 47: MET Setup Check with Pin datapath/IF_pc_reg[4]/CK 
Endpoint:   datapath/IF_pc_reg[4]/D        (v) checked with  leading edge of 
'clk'
Beginpoint: datapath/IFID_instr_reg[16]/QN (v) triggered by  leading edge of 
'clk'
Path Groups: {reg2reg}
Analysis View: RPT_SLOW
Other End Arrival Time          0.665
- Setup                         0.236
+ Phase Shift                   3.400
+ CPPR Adjustment               0.000
- Uncertainty                   0.100
= Required Time                 3.729
- Arrival Time                  3.596
= Slack Time                    0.133
     Clock Rise Edge                 0.000
     + Clock Network Latency (Prop)  0.658
     = Beginpoint Arrival Time       0.658
     +------------------------------------------------------------------------------------------------------------+ 
     |                      Instance                      |     Arc      |   Cell    | Delay | Arrival | Required | 
     |                                                    |              |           |       |  Time   |   Time   | 
     |----------------------------------------------------+--------------+-----------+-------+---------+----------| 
     | datapath/IFID_instr_reg[16]                        | CK ^         |           |       |   0.658 |    0.791 | 
     | datapath/IFID_instr_reg[16]                        | CK ^ -> QN v | DFFR_X1   | 0.306 |   0.964 |    1.097 | 
     | datapath/FE_OFC187_n_493                           | A v -> ZN ^  | INV_X4    | 0.107 |   1.071 |    1.204 | 
     | datapath/g520__1666                                | A2 ^ -> ZN v | NAND2_X1  | 0.071 |   1.142 |    1.275 | 
     | datapath/g505__1881                                | A2 v -> ZN ^ | NOR2_X2   | 0.239 |   1.381 |    1.514 | 
     | datapath/g470__2802                                | A1 ^ -> ZN ^ | AND2_X2   | 0.211 |   1.592 |    1.725 | 
     | datapath/FE_OFC792_registers_n_2529                | A ^ -> Z ^   | BUF_X4    | 0.193 |   1.786 |    1.918 | 
     | datapath/g3871                                     | B1 ^ -> ZN v | AOI22_X1  | 0.099 |   1.884 |    2.017 | 
     | datapath/g3455__7410                               | A3 v -> ZN v | AND3_X1   | 0.148 |   2.032 |    2.165 | 
     | datapath/g3408__6783                               | A2 v -> ZN ^ | NAND4_X1  | 0.124 |   2.156 |    2.289 | 
     | datapath/g26652                                    | A1 ^ -> ZN v | NAND2_X1  | 0.060 |   2.216 |    2.349 | 
     | datapath/FE_RC_805_0                               | A1 v -> ZN ^ | NAND2_X1  | 0.082 |   2.298 |    2.431 | 
     | datapath/FE_OFC847_n_1174                          | A ^ -> ZN v  | INV_X1    | 0.041 |   2.339 |    2.472 | 
     | datapath/LT_TC_OP_g834                             | A2 v -> ZN ^ | NOR2_X1   | 0.142 |   2.480 |    2.613 | 
     | datapath/LT_TC_OP_g809                             | A1 ^ -> ZN v | NOR3_X1   | 0.046 |   2.527 |    2.660 | 
     | datapath/LT_TC_OP_g777                             | A v -> ZN ^  | AOI221_X1 | 0.338 |   2.865 |    2.998 | 
     | datapath/LT_TC_OP_g772                             | A ^ -> ZN v  | OAI221_X1 | 0.162 |   3.027 |    3.160 | 
     | datapath/FE_RC_825_0                               | A v -> ZN ^  | INV_X2    | 0.085 |   3.112 |    3.245 | 
     | datapath/FE_RC_824_0                               | A1 ^ -> ZN v | NAND3_X4  | 0.061 |   3.173 |    3.306 | 
     | datapath/FE_RC_816_0                               | A1 v -> ZN ^ | NAND2_X4  | 0.058 |   3.231 |    3.364 | 
     | datapath/branch_or_inc_4/FE_OFC589_IFID_takeBranch | A ^ -> Z ^   | BUF_X8    | 0.134 |   3.365 |    3.498 | 
     | datapath/branch_or_inc_4/g820__6260                | S ^ -> Z v   | MUX2_X1   | 0.231 |   3.596 |    3.729 | 
     | datapath/IF_pc_reg[4]                              | D v          | SDFFR_X2  | 0.000 |   3.596 |    3.729 | 
     +------------------------------------------------------------------------------------------------------------+ 
Path 48: MET Setup Check with Pin datapath/IFID_instr_reg[3]/CK 
Endpoint:   datapath/IFID_instr_reg[3]/D   (v) checked with  leading edge of 
'clk'
Beginpoint: datapath/IFID_instr_reg[16]/QN (v) triggered by  leading edge of 
'clk'
Path Groups: {reg2reg}
Analysis View: RPT_SLOW
Other End Arrival Time          0.665
- Setup                         0.143
+ Phase Shift                   3.400
+ CPPR Adjustment               0.000
- Uncertainty                   0.100
= Required Time                 3.822
- Arrival Time                  3.689
= Slack Time                    0.134
     Clock Rise Edge                 0.000
     + Clock Network Latency (Prop)  0.658
     = Beginpoint Arrival Time       0.658
     +---------------------------------------------------------------------------------------------+ 
     |              Instance               |     Arc      |   Cell    | Delay | Arrival | Required | 
     |                                     |              |           |       |  Time   |   Time   | 
     |-------------------------------------+--------------+-----------+-------+---------+----------| 
     | datapath/IFID_instr_reg[16]         | CK ^         |           |       |   0.658 |    0.792 | 
     | datapath/IFID_instr_reg[16]         | CK ^ -> QN v | DFFR_X1   | 0.306 |   0.964 |    1.098 | 
     | datapath/FE_OFC187_n_493            | A v -> ZN ^  | INV_X4    | 0.107 |   1.071 |    1.204 | 
     | datapath/g520__1666                 | A2 ^ -> ZN v | NAND2_X1  | 0.071 |   1.142 |    1.275 | 
     | datapath/g505__1881                 | A2 v -> ZN ^ | NOR2_X2   | 0.239 |   1.381 |    1.514 | 
     | datapath/g470__2802                 | A1 ^ -> ZN ^ | AND2_X2   | 0.211 |   1.592 |    1.726 | 
     | datapath/FE_OFC792_registers_n_2529 | A ^ -> Z ^   | BUF_X4    | 0.193 |   1.785 |    1.919 | 
     | datapath/g3871                      | B1 ^ -> ZN v | AOI22_X1  | 0.099 |   1.884 |    2.018 | 
     | datapath/g3455__7410                | A3 v -> ZN v | AND3_X1   | 0.148 |   2.032 |    2.166 | 
     | datapath/g3408__6783                | A2 v -> ZN ^ | NAND4_X1  | 0.124 |   2.156 |    2.289 | 
     | datapath/g26652                     | A1 ^ -> ZN v | NAND2_X1  | 0.060 |   2.216 |    2.349 | 
     | datapath/FE_RC_805_0                | A1 v -> ZN ^ | NAND2_X1  | 0.082 |   2.298 |    2.431 | 
     | datapath/FE_OFC847_n_1174           | A ^ -> ZN v  | INV_X1    | 0.041 |   2.339 |    2.472 | 
     | datapath/LT_TC_OP_g834              | A2 v -> ZN ^ | NOR2_X1   | 0.142 |   2.480 |    2.614 | 
     | datapath/LT_TC_OP_g809              | A1 ^ -> ZN v | NOR3_X1   | 0.046 |   2.527 |    2.661 | 
     | datapath/LT_TC_OP_g777              | A v -> ZN ^  | AOI221_X1 | 0.338 |   2.865 |    2.998 | 
     | datapath/LT_TC_OP_g772              | A ^ -> ZN v  | OAI221_X1 | 0.162 |   3.027 |    3.161 | 
     | datapath/FE_RC_825_0                | A v -> ZN ^  | INV_X2    | 0.085 |   3.112 |    3.246 | 
     | datapath/FE_RC_824_0                | A1 ^ -> ZN v | NAND3_X4  | 0.061 |   3.173 |    3.306 | 
     | datapath/FE_RC_816_0                | A1 v -> ZN ^ | NAND2_X4  | 0.058 |   3.231 |    3.365 | 
     | g1054                               | A1 ^ -> ZN ^ | AND2_X2   | 0.132 |   3.363 |    3.496 | 
     | datapath/FE_OFC841_IFID_flush       | A ^ -> Z ^   | CLKBUF_X3 | 0.273 |   3.636 |    3.769 | 
     | datapath/g35582                     | A1 ^ -> ZN v | NOR2_X1   | 0.053 |   3.689 |    3.822 | 
     | datapath/IFID_instr_reg[3]          | D v          | DFFR_X1   | 0.000 |   3.689 |    3.822 | 
     +---------------------------------------------------------------------------------------------+ 
Path 49: MET Setup Check with Pin datapath/IFID_instr_reg[0]/CK 
Endpoint:   datapath/IFID_instr_reg[0]/D   (v) checked with  leading edge of 
'clk'
Beginpoint: datapath/IFID_instr_reg[16]/QN (v) triggered by  leading edge of 
'clk'
Path Groups: {reg2reg}
Analysis View: RPT_SLOW
Other End Arrival Time          0.665
- Setup                         0.139
+ Phase Shift                   3.400
+ CPPR Adjustment               0.000
- Uncertainty                   0.100
= Required Time                 3.826
- Arrival Time                  3.691
= Slack Time                    0.135
     Clock Rise Edge                 0.000
     + Clock Network Latency (Prop)  0.658
     = Beginpoint Arrival Time       0.658
     +---------------------------------------------------------------------------------------------+ 
     |              Instance               |     Arc      |   Cell    | Delay | Arrival | Required | 
     |                                     |              |           |       |  Time   |   Time   | 
     |-------------------------------------+--------------+-----------+-------+---------+----------| 
     | datapath/IFID_instr_reg[16]         | CK ^         |           |       |   0.658 |    0.793 | 
     | datapath/IFID_instr_reg[16]         | CK ^ -> QN v | DFFR_X1   | 0.306 |   0.964 |    1.099 | 
     | datapath/FE_OFC187_n_493            | A v -> ZN ^  | INV_X4    | 0.107 |   1.071 |    1.205 | 
     | datapath/g520__1666                 | A2 ^ -> ZN v | NAND2_X1  | 0.071 |   1.142 |    1.276 | 
     | datapath/g505__1881                 | A2 v -> ZN ^ | NOR2_X2   | 0.239 |   1.381 |    1.515 | 
     | datapath/g470__2802                 | A1 ^ -> ZN ^ | AND2_X2   | 0.211 |   1.592 |    1.727 | 
     | datapath/FE_OFC792_registers_n_2529 | A ^ -> Z ^   | BUF_X4    | 0.193 |   1.785 |    1.920 | 
     | datapath/g3871                      | B1 ^ -> ZN v | AOI22_X1  | 0.099 |   1.884 |    2.019 | 
     | datapath/g3455__7410                | A3 v -> ZN v | AND3_X1   | 0.148 |   2.032 |    2.167 | 
     | datapath/g3408__6783                | A2 v -> ZN ^ | NAND4_X1  | 0.124 |   2.156 |    2.290 | 
     | datapath/g26652                     | A1 ^ -> ZN v | NAND2_X1  | 0.060 |   2.216 |    2.350 | 
     | datapath/FE_RC_805_0                | A1 v -> ZN ^ | NAND2_X1  | 0.082 |   2.298 |    2.433 | 
     | datapath/FE_OFC847_n_1174           | A ^ -> ZN v  | INV_X1    | 0.041 |   2.339 |    2.473 | 
     | datapath/LT_TC_OP_g834              | A2 v -> ZN ^ | NOR2_X1   | 0.142 |   2.480 |    2.615 | 
     | datapath/LT_TC_OP_g809              | A1 ^ -> ZN v | NOR3_X1   | 0.046 |   2.527 |    2.662 | 
     | datapath/LT_TC_OP_g777              | A v -> ZN ^  | AOI221_X1 | 0.338 |   2.865 |    3.000 | 
     | datapath/LT_TC_OP_g772              | A ^ -> ZN v  | OAI221_X1 | 0.162 |   3.027 |    3.162 | 
     | datapath/FE_RC_825_0                | A v -> ZN ^  | INV_X2    | 0.085 |   3.112 |    3.247 | 
     | datapath/FE_RC_824_0                | A1 ^ -> ZN v | NAND3_X4  | 0.061 |   3.173 |    3.308 | 
     | datapath/FE_RC_816_0                | A1 v -> ZN ^ | NAND2_X4  | 0.058 |   3.231 |    3.366 | 
     | g1054                               | A1 ^ -> ZN ^ | AND2_X2   | 0.132 |   3.363 |    3.497 | 
     | datapath/FE_OFC841_IFID_flush       | A ^ -> Z ^   | CLKBUF_X3 | 0.273 |   3.636 |    3.771 | 
     | datapath/g35583                     | A1 ^ -> ZN v | NOR2_X1   | 0.056 |   3.691 |    3.826 | 
     | datapath/IFID_instr_reg[0]          | D v          | DFFR_X1   | 0.000 |   3.691 |    3.826 | 
     +---------------------------------------------------------------------------------------------+ 
Path 50: MET Setup Check with Pin datapath/IFID_pc_reg[23]/CK 
Endpoint:   datapath/IFID_pc_reg[23]/D     (v) checked with  leading edge of 
'clk'
Beginpoint: datapath/IFID_instr_reg[16]/QN (v) triggered by  leading edge of 
'clk'
Path Groups: {reg2reg}
Analysis View: RPT_SLOW
Other End Arrival Time          0.665
- Setup                         0.143
+ Phase Shift                   3.400
+ CPPR Adjustment               0.000
- Uncertainty                   0.100
= Required Time                 3.822
- Arrival Time                  3.686
= Slack Time                    0.136
     Clock Rise Edge                 0.000
     + Clock Network Latency (Prop)  0.658
     = Beginpoint Arrival Time       0.658
     +---------------------------------------------------------------------------------------------+ 
     |              Instance               |     Arc      |   Cell    | Delay | Arrival | Required | 
     |                                     |              |           |       |  Time   |   Time   | 
     |-------------------------------------+--------------+-----------+-------+---------+----------| 
     | datapath/IFID_instr_reg[16]         | CK ^         |           |       |   0.658 |    0.794 | 
     | datapath/IFID_instr_reg[16]         | CK ^ -> QN v | DFFR_X1   | 0.306 |   0.964 |    1.099 | 
     | datapath/FE_OFC187_n_493            | A v -> ZN ^  | INV_X4    | 0.107 |   1.071 |    1.206 | 
     | datapath/g520__1666                 | A2 ^ -> ZN v | NAND2_X1  | 0.071 |   1.142 |    1.277 | 
     | datapath/g505__1881                 | A2 v -> ZN ^ | NOR2_X2   | 0.239 |   1.381 |    1.516 | 
     | datapath/g470__2802                 | A1 ^ -> ZN ^ | AND2_X2   | 0.211 |   1.592 |    1.728 | 
     | datapath/FE_OFC792_registers_n_2529 | A ^ -> Z ^   | BUF_X4    | 0.193 |   1.785 |    1.921 | 
     | datapath/g3871                      | B1 ^ -> ZN v | AOI22_X1  | 0.099 |   1.884 |    2.020 | 
     | datapath/g3455__7410                | A3 v -> ZN v | AND3_X1   | 0.148 |   2.032 |    2.167 | 
     | datapath/g3408__6783                | A2 v -> ZN ^ | NAND4_X1  | 0.124 |   2.156 |    2.291 | 
     | datapath/g26652                     | A1 ^ -> ZN v | NAND2_X1  | 0.060 |   2.216 |    2.351 | 
     | datapath/FE_RC_805_0                | A1 v -> ZN ^ | NAND2_X1  | 0.082 |   2.298 |    2.433 | 
     | datapath/FE_OFC847_n_1174           | A ^ -> ZN v  | INV_X1    | 0.041 |   2.339 |    2.474 | 
     | datapath/LT_TC_OP_g834              | A2 v -> ZN ^ | NOR2_X1   | 0.142 |   2.480 |    2.616 | 
     | datapath/LT_TC_OP_g809              | A1 ^ -> ZN v | NOR3_X1   | 0.046 |   2.527 |    2.663 | 
     | datapath/LT_TC_OP_g777              | A v -> ZN ^  | AOI221_X1 | 0.338 |   2.865 |    3.000 | 
     | datapath/LT_TC_OP_g772              | A ^ -> ZN v  | OAI221_X1 | 0.162 |   3.027 |    3.163 | 
     | datapath/FE_RC_825_0                | A v -> ZN ^  | INV_X2    | 0.085 |   3.112 |    3.248 | 
     | datapath/FE_RC_824_0                | A1 ^ -> ZN v | NAND3_X4  | 0.061 |   3.173 |    3.308 | 
     | datapath/FE_RC_816_0                | A1 v -> ZN ^ | NAND2_X4  | 0.058 |   3.231 |    3.367 | 
     | g1054                               | A1 ^ -> ZN ^ | AND2_X2   | 0.132 |   3.363 |    3.498 | 
     | datapath/FE_OFC841_IFID_flush       | A ^ -> Z ^   | CLKBUF_X3 | 0.273 |   3.636 |    3.771 | 
     | datapath/g35647                     | A1 ^ -> ZN v | NOR2_X1   | 0.050 |   3.686 |    3.822 | 
     | datapath/IFID_pc_reg[23]            | D v          | DFFR_X1   | 0.000 |   3.686 |    3.822 | 
     +---------------------------------------------------------------------------------------------+ 

